bank_txn_id,date,txn_type,amount_abs_rs,direction,channel,weekday,day_of_month,created_offline,amount_zscore,target_anomaly
BNK00001,2022-06-13,cash_deposit,13680.83,in,agency_banking_agent,0,13,0,-1.29,0
BNK00002,2022-06-13,qr_settlement,2528.0,in,LankaQR,0,13,0,-0.88,0
BNK00003,2022-06-13,card_settlement,432.0,in,POS_card,0,13,0,-1.16,0
BNK00004,2022-06-14,cash_deposit,18153.03,in,agency_banking_agent,1,14,0,-0.91,0
BNK00005,2022-06-14,qr_settlement,1666.0,in,LankaQR,1,14,0,-1.06,0
BNK00006,2022-06-14,card_settlement,383.0,in,POS_card,1,14,0,-1.18,0
BNK00007,2022-06-15,cash_deposit,12143.04,in,agency_banking_agent,2,15,0,-1.43,0
BNK00008,2022-06-15,qr_settlement,4964.0,in,LankaQR,2,15,0,-0.39,0
BNK00009,2022-06-15,card_settlement,1208.0,in,POS_card,2,15,0,-0.9,0
BNK00010,2022-06-16,supplier_payment,6923.07,out,bank_transfer,3,16,0,-0.64,0
BNK00011,2022-06-16,supplier_payment,3758.4,out,bank_transfer,3,16,0,-0.88,0
BNK00012,2022-06-16,cash_deposit,17148.14,in,agency_banking_agent,3,16,0,-1.0,0
BNK00013,2022-06-16,qr_settlement,544.0,in,LankaQR,3,16,0,-1.28,0
BNK00014,2022-06-17,cash_deposit,15603.17,in,agency_banking_agent,4,17,0,-1.13,0
BNK00015,2022-06-17,qr_settlement,4663.0,in,LankaQR,4,17,0,-0.45,0
BNK00016,2022-06-17,card_settlement,1478.0,in,POS_card,4,17,0,-0.81,0
BNK00017,2022-06-18,cash_deposit,27773.55,in,agency_banking_agent,5,18,0,-0.08,0
BNK00018,2022-06-18,qr_settlement,375.0,in,LankaQR,5,18,0,-1.32,0
BNK00019,2022-06-18,card_settlement,2703.0,in,POS_card,5,18,0,-0.4,0
BNK00020,2022-06-19,cash_deposit,22404.97,in,agency_banking_agent,6,19,0,-0.54,0
BNK00021,2022-06-19,qr_settlement,1542.0,in,LankaQR,6,19,0,-1.08,0
BNK00022,2022-06-20,supplier_payment,20222.84,out,bank_transfer,0,20,0,0.35,0
BNK00023,2022-06-20,supplier_payment,6443.22,out,bank_transfer,0,20,0,-0.68,0
BNK00024,2022-06-20,supplier_payment,3148.0,out,bank_transfer,0,20,0,-0.92,0
BNK00025,2022-06-20,supplier_payment,5660.32,out,bank_transfer,0,20,0,-0.74,1
BNK00026,2022-06-20,supplier_payment,3748.0,out,bank_transfer,0,20,0,-0.88,0
BNK00027,2022-06-20,cash_deposit,19774.25,in,agency_banking_agent,0,20,0,-0.77,0
BNK00028,2022-06-20,card_settlement,2510.0,in,POS_card,0,20,0,-0.46,0
BNK00029,2022-06-21,cash_deposit,18117.12,in,agency_banking_agent,1,21,0,-0.91,0
BNK00030,2022-06-21,card_settlement,950.0,in,POS_card,1,21,0,-0.99,0
BNK00031,2022-06-22,cash_deposit,22525.02,in,agency_banking_agent,2,22,0,-0.53,0
BNK00032,2022-06-22,qr_settlement,4784.0,in,LankaQR,2,22,0,-0.42,0
BNK00033,2022-06-22,card_settlement,1315.0,in,POS_card,2,22,0,-0.87,0
BNK00034,2022-06-23,supplier_payment,6771.66,out,bank_transfer,3,23,0,-0.65,0
BNK00035,2022-06-23,supplier_payment,3429.54,out,bank_transfer,3,23,0,-0.9,0
BNK00036,2022-06-23,cash_deposit,15082.45,in,agency_banking_agent,3,23,0,-1.17,0
BNK00037,2022-06-23,qr_settlement,427.0,in,LankaQR,3,23,0,-1.31,0
BNK00038,2022-06-24,cash_deposit,21528.25,in,agency_banking_agent,4,24,0,-0.62,0
BNK00039,2022-06-24,qr_settlement,1527.0,in,LankaQR,4,24,0,-1.08,0
BNK00040,2022-06-24,card_settlement,810.0,in,POS_card,4,24,0,-1.04,0
BNK00041,2022-06-25,cash_deposit,29035.91,in,agency_banking_agent,5,25,0,0.03,0
BNK00042,2022-06-25,qr_settlement,4582.0,in,LankaQR,5,25,0,-0.46,0
BNK00043,2022-06-26,cash_deposit,18068.29,in,agency_banking_agent,6,26,0,-0.92,0
BNK00044,2022-06-26,qr_settlement,1707.0,in,LankaQR,6,26,0,-1.05,0
BNK00045,2022-06-26,card_settlement,2697.0,in,POS_card,6,26,0,-0.4,0
BNK00046,2022-06-27,supplier_payment,28139.8,out,bank_transfer,0,27,0,0.95,0
BNK00047,2022-06-27,supplier_payment,15865.5,out,bank_transfer,0,27,0,0.03,0
BNK00048,2022-06-27,supplier_payment,12697.2,out,bank_transfer,0,27,0,-0.21,0
BNK00049,2022-06-27,supplier_payment,7487.34,out,bank_transfer,0,27,0,-0.6,0
BNK00050,2022-06-27,supplier_payment,4317.6,out,bank_transfer,0,27,0,-0.84,0
BNK00051,2022-06-27,supplier_payment,6174.0,out,bank_transfer,0,27,0,-0.7,0
BNK00052,2022-06-27,supplier_payment,2533.16,out,bank_transfer,0,27,0,-0.97,0
BNK00053,2022-06-27,supplier_payment,3834.0,out,bank_transfer,0,27,0,-0.87,0
BNK00054,2022-06-27,cash_deposit,14481.56,in,agency_banking_agent,0,27,0,-1.22,0
BNK00055,2022-06-27,qr_settlement,1751.0,in,LankaQR,0,27,0,-1.04,0
BNK00056,2022-06-27,card_settlement,1350.0,in,POS_card,0,27,0,-0.85,0
BNK00057,2022-06-28,cash_deposit,19068.33,in,agency_banking_agent,1,28,0,-0.83,0
BNK00058,2022-06-28,card_settlement,313.0,in,POS_card,1,28,0,-1.2,0
BNK00059,2022-06-29,cash_deposit,10884.05,in,agency_banking_agent,2,29,0,-1.53,0
BNK00060,2022-06-29,qr_settlement,842.0,in,LankaQR,2,29,0,-1.22,0
BNK00061,2022-06-29,card_settlement,2597.0,in,POS_card,2,29,0,-0.43,0
BNK00062,2022-06-30,supplier_payment,12240.0,out,bank_transfer,3,30,0,-0.24,0
BNK00063,2022-06-30,cash_deposit,19536.62,in,agency_banking_agent,3,30,0,-0.79,0
BNK00064,2022-07-01,cash_deposit,28434.15,in,agency_banking_agent,4,1,0,-0.02,0
BNK00065,2022-07-01,qr_settlement,3136.0,in,LankaQR,4,1,0,-0.76,0
BNK00066,2022-07-01,card_settlement,2335.0,in,POS_card,4,1,0,-0.52,0
BNK00067,2022-07-02,cash_deposit,25426.33,in,agency_banking_agent,5,2,0,-0.28,0
BNK00068,2022-07-02,qr_settlement,1136.0,in,LankaQR,5,2,0,-1.16,0
BNK00069,2022-07-02,card_settlement,2085.0,in,POS_card,5,2,0,-0.6,0
BNK00070,2022-07-03,cash_deposit,23854.82,in,agency_banking_agent,6,3,0,-0.42,0
BNK00071,2022-07-03,qr_settlement,3619.0,in,LankaQR,6,3,0,-0.66,0
BNK00072,2022-07-03,card_settlement,2489.0,in,POS_card,6,3,0,-0.47,0
BNK00073,2022-07-04,supplier_payment,37270.0,out,bank_transfer,0,4,0,1.63,0
BNK00074,2022-07-04,supplier_payment,20654.34,out,bank_transfer,0,4,0,0.39,0
BNK00075,2022-07-04,supplier_payment,27300.15,out,bank_transfer,0,4,0,0.88,0
BNK00076,2022-07-04,supplier_payment,7159.53,out,bank_transfer,0,4,0,-0.62,0
BNK00077,2022-07-04,supplier_payment,4136.4,out,bank_transfer,0,4,0,-0.85,0
BNK00078,2022-07-04,supplier_payment,9142.5,out,bank_transfer,0,4,0,-0.47,0
BNK00079,2022-07-04,supplier_payment,3862.6,out,bank_transfer,0,4,0,-0.87,0
BNK00080,2022-07-04,supplier_payment,2731.4,out,bank_transfer,0,4,0,-0.95,0
BNK00081,2022-07-04,cash_deposit,14234.74,in,agency_banking_agent,0,4,0,-1.25,0
BNK00082,2022-07-04,qr_settlement,402.0,in,LankaQR,0,4,0,-1.31,0
BNK00083,2022-07-04,card_settlement,3611.0,in,POS_card,0,4,0,-0.09,0
BNK00084,2022-07-05,cash_deposit,18246.03,in,agency_banking_agent,1,5,0,-0.9,0
BNK00085,2022-07-05,qr_settlement,594.0,in,LankaQR,1,5,0,-1.27,0
BNK00086,2022-07-05,card_settlement,988.0,in,POS_card,1,5,0,-0.98,0
BNK00087,2022-07-06,cash_deposit,20726.55,in,agency_banking_agent,2,6,0,-0.69,0
BNK00088,2022-07-06,qr_settlement,765.0,in,LankaQR,2,6,0,-1.24,0
BNK00089,2022-07-06,card_settlement,1306.0,in,POS_card,2,6,0,-0.87,0
BNK00090,2022-07-07,supplier_payment,12180.5,out,bank_transfer,3,7,0,-0.25,0
BNK00091,2022-07-07,supplier_payment,3504.9,out,bank_transfer,3,7,0,-0.9,0
BNK00092,2022-07-07,cash_deposit,22674.51,in,agency_banking_agent,3,7,0,-0.52,0
BNK00093,2022-07-07,qr_settlement,143.0,in,LankaQR,3,7,0,-1.36,0
BNK00094,2022-07-08,cash_deposit,19623.42,in,agency_banking_agent,4,8,0,-0.78,0
BNK00095,2022-07-08,qr_settlement,1267.0,in,LankaQR,4,8,0,-1.14,0
BNK00096,2022-07-08,card_settlement,4630.0,in,POS_card,4,8,0,0.26,0
BNK00097,2022-07-09,cash_deposit,16828.31,in,agency_banking_agent,5,9,0,-1.02,0
BNK00098,2022-07-09,qr_settlement,2889.0,in,LankaQR,5,9,0,-0.81,0
BNK00099,2022-07-09,card_settlement,2581.0,in,POS_card,5,9,0,-0.44,0
BNK00100,2022-07-10,cash_deposit,29742.28,in,agency_banking_agent,6,10,0,0.09,0
BNK00101,2022-07-10,qr_settlement,3462.0,in,LankaQR,6,10,0,-0.69,0
BNK00102,2022-07-10,card_settlement,1863.0,in,POS_card,6,10,0,-0.68,0
BNK00103,2022-07-11,supplier_payment,14602.5,out,bank_transfer,0,11,0,-0.07,0
BNK00104,2022-07-11,supplier_payment,19909.5,out,bank_transfer,0,11,0,0.33,0
BNK00105,2022-07-11,supplier_payment,11330.4,out,bank_transfer,0,11,0,-0.31,0
BNK00106,2022-07-11,supplier_payment,6767.2,out,bank_transfer,0,11,0,-0.65,0
BNK00107,2022-07-11,supplier_payment,13022.22,out,bank_transfer,0,11,0,-0.18,0
BNK00108,2022-07-11,supplier_payment,4123.8,out,bank_transfer,0,11,0,-0.85,0
BNK00109,2022-07-11,supplier_payment,3988.25,out,bank_transfer,0,11,0,-0.86,0
BNK00110,2022-07-11,supplier_payment,3194.1,out,bank_transfer,0,11,0,-0.92,0
BNK00111,2022-07-11,supplier_payment,6980.31,out,bank_transfer,0,11,0,-0.64,0
BNK00112,2022-07-11,supplier_payment,2647.96,out,bank_transfer,0,11,0,-0.96,0
BNK00113,2022-07-11,cash_deposit,21989.14,in,agency_banking_agent,0,11,0,-0.58,0
BNK00114,2022-07-11,qr_settlement,3035.0,in,LankaQR,0,11,0,-0.78,0
BNK00115,2022-07-11,card_settlement,5084.0,in,POS_card,0,11,0,0.41,0
BNK00116,2022-07-12,cash_deposit,16342.7,in,agency_banking_agent,1,12,0,-1.06,0
BNK00117,2022-07-12,qr_settlement,2306.0,in,LankaQR,1,12,0,-0.93,0
BNK00118,2022-07-12,card_settlement,806.0,in,POS_card,1,12,0,-1.04,0
BNK00119,2022-07-13,cash_deposit,23146.65,in,agency_banking_agent,2,13,0,-0.48,0
BNK00120,2022-07-13,qr_settlement,772.0,in,LankaQR,2,13,0,-1.24,0
BNK00121,2022-07-14,supplier_payment,30637.38,out,bank_transfer,3,14,0,1.13,0
BNK00122,2022-07-14,supplier_payment,9866.5,out,bank_transfer,3,14,0,-0.42,0
BNK00123,2022-07-14,supplier_payment,4234.0,out,bank_transfer,3,14,0,-0.84,0
BNK00124,2022-07-14,cash_deposit,24901.65,in,agency_banking_agent,3,14,0,-0.33,1
BNK00125,2022-07-14,qr_settlement,346.0,in,LankaQR,3,14,0,-1.32,0
BNK00126,2022-07-14,card_settlement,115.0,in,POS_card,3,14,0,-1.27,0
BNK00127,2022-07-15,cash_deposit,18733.3,in,agency_banking_agent,4,15,0,-0.86,0
BNK00128,2022-07-15,qr_settlement,531.0,in,LankaQR,4,15,0,-1.29,0
BNK00129,2022-07-15,card_settlement,611.0,in,POS_card,4,15,0,-1.1,0
BNK00130,2022-07-16,cash_deposit,21207.42,in,agency_banking_agent,5,16,0,-0.65,0
BNK00131,2022-07-16,qr_settlement,2158.0,in,LankaQR,5,16,0,-0.96,0
BNK00132,2022-07-16,card_settlement,4044.0,in,POS_card,5,16,0,0.06,0
BNK00133,2022-07-17,cash_deposit,12967.21,in,agency_banking_agent,6,17,0,-1.35,0
BNK00134,2022-07-17,qr_settlement,334.0,in,LankaQR,6,17,0,-1.33,0
BNK00135,2022-07-18,supplier_payment,22661.55,out,bank_transfer,0,18,0,0.54,0
BNK00136,2022-07-18,supplier_payment,16048.6,out,bank_transfer,0,18,0,0.04,0
BNK00137,2022-07-18,supplier_payment,8244.0,out,bank_transfer,0,18,0,-0.54,0
BNK00138,2022-07-18,supplier_payment,4138.2,out,bank_transfer,0,18,0,-0.85,0
BNK00139,2022-07-18,supplier_payment,7325.08,out,bank_transfer,0,18,0,-0.61,0
BNK00140,2022-07-18,supplier_payment,1750.2,out,bank_transfer,0,18,0,-1.03,0
BNK00141,2022-07-18,cash_deposit,22595.47,in,agency_banking_agent,0,18,0,-0.53,0
BNK00142,2022-07-18,qr_settlement,1741.0,in,LankaQR,0,18,0,-1.04,0
BNK00143,2022-07-18,card_settlement,3814.0,in,POS_card,0,18,0,-0.02,0
BNK00144,2022-07-19,cash_deposit,20753.21,in,agency_banking_agent,1,19,0,-0.69,0
BNK00145,2022-07-19,qr_settlement,301.0,in,LankaQR,1,19,0,-1.33,0
BNK00146,2022-07-19,card_settlement,481.0,in,POS_card,1,19,0,-1.15,0
BNK00147,2022-07-20,cash_deposit,19880.8,in,agency_banking_agent,2,20,0,-0.76,0
BNK00148,2022-07-20,card_settlement,1213.0,in,POS_card,2,20,0,-0.9,0
BNK00149,2022-07-21,supplier_payment,13335.63,out,bank_transfer,3,21,0,-0.16,0
BNK00150,2022-07-21,supplier_payment,10147.98,out,bank_transfer,3,21,0,-0.4,0
BNK00151,2022-07-21,supplier_payment,3372.0,out,bank_transfer,3,21,0,-0.91,0
BNK00152,2022-07-21,supplier_payment,5896.96,out,bank_transfer,3,21,0,-0.72,0
BNK00153,2022-07-21,supplier_payment,4374.5,out,bank_transfer,3,21,0,-0.83,0
BNK00154,2022-07-21,cash_deposit,17300.65,in,agency_banking_agent,3,21,0,-0.98,0
BNK00155,2022-07-21,qr_settlement,841.0,in,LankaQR,3,21,0,-1.22,0
BNK00156,2022-07-21,card_settlement,2429.0,in,POS_card,3,21,0,-0.49,0
BNK00157,2022-07-22,cash_deposit,23861.92,in,agency_banking_agent,4,22,0,-0.42,0
BNK00158,2022-07-22,qr_settlement,1946.0,in,LankaQR,4,22,0,-1.0,0
BNK00159,2022-07-22,card_settlement,3856.0,in,POS_card,4,22,0,-0.01,0
BNK00160,2022-07-23,cash_deposit,24276.52,in,agency_banking_agent,5,23,0,-0.38,0
BNK00161,2022-07-23,qr_settlement,4224.0,in,LankaQR,5,23,0,-0.54,0
BNK00162,2022-07-23,card_settlement,7486.0,in,POS_card,5,23,0,1.22,0
BNK00163,2022-07-24,cash_deposit,17196.05,in,agency_banking_agent,6,24,0,-0.99,0
BNK00164,2022-07-24,qr_settlement,5644.0,in,LankaQR,6,24,0,-0.25,0
BNK00165,2022-07-24,card_settlement,5117.0,in,POS_card,6,24,0,0.42,0
BNK00166,2022-07-25,supplier_payment,39270.0,out,bank_transfer,0,25,0,1.78,0
BNK00167,2022-07-25,supplier_payment,23787.45,out,bank_transfer,0,25,0,0.62,0
BNK00168,2022-07-25,supplier_payment,7812.0,out,bank_transfer,0,25,0,-0.57,0
BNK00169,2022-07-25,supplier_payment,14187.6,out,bank_transfer,0,25,0,-0.1,0
BNK00170,2022-07-25,supplier_payment,28062.45,out,bank_transfer,0,25,0,0.94,0
BNK00171,2022-07-25,supplier_payment,8460.0,out,bank_transfer,0,25,0,-0.53,0
BNK00172,2022-07-25,supplier_payment,4246.2,out,bank_transfer,0,25,0,-0.84,0
BNK00173,2022-07-25,supplier_payment,7248.64,out,bank_transfer,0,25,0,-0.62,0
BNK00174,2022-07-25,supplier_payment,2730.84,out,bank_transfer,0,25,0,-0.95,0
BNK00175,2022-07-25,cash_deposit,20065.69,in,agency_banking_agent,0,25,0,-0.74,0
BNK00176,2022-07-25,qr_settlement,3513.0,in,LankaQR,0,25,0,-0.68,0
BNK00177,2022-07-26,cash_deposit,23733.35,in,agency_banking_agent,1,26,0,-0.43,0
BNK00178,2022-07-26,qr_settlement,328.0,in,LankaQR,1,26,0,-1.33,0
BNK00179,2022-07-26,card_settlement,673.0,in,POS_card,1,26,0,-1.08,0
BNK00180,2022-07-27,cash_deposit,14113.95,in,agency_banking_agent,2,27,0,-1.26,0
BNK00181,2022-07-27,qr_settlement,984.0,in,LankaQR,2,27,0,-1.19,0
BNK00182,2022-07-27,card_settlement,5141.0,in,POS_card,2,27,0,0.43,0
BNK00183,2022-07-28,supplier_payment,20493.72,out,bank_transfer,3,28,0,0.37,0
BNK00184,2022-07-28,supplier_payment,3553.6,out,bank_transfer,3,28,0,-0.89,0
BNK00185,2022-07-28,supplier_payment,6808.2,out,bank_transfer,3,28,0,-0.65,0
BNK00186,2022-07-28,supplier_payment,2096.5,out,bank_transfer,3,28,0,-1.0,0
BNK00187,2022-07-28,supplier_payment,3984.68,out,bank_transfer,3,28,0,-0.86,0
BNK00188,2022-07-28,supplier_payment,4175.01,out,bank_transfer,3,28,0,-0.85,0
BNK00189,2022-07-28,cash_deposit,13367.08,in,agency_banking_agent,3,28,0,-1.32,0
BNK00190,2022-07-28,qr_settlement,1590.0,in,LankaQR,3,28,0,-1.07,0
BNK00191,2022-07-28,card_settlement,2223.0,in,POS_card,3,28,0,-0.56,0
BNK00192,2022-07-29,cash_deposit,20291.36,in,agency_banking_agent,4,29,0,-0.72,0
BNK00193,2022-07-29,card_settlement,3816.0,in,POS_card,4,29,0,-0.02,0
BNK00194,2022-07-30,cash_deposit,29991.8,in,agency_banking_agent,5,30,0,0.11,0
BNK00195,2022-07-30,card_settlement,4858.0,in,POS_card,5,30,0,0.33,0
BNK00196,2022-07-31,cash_deposit,26786.3,in,agency_banking_agent,6,31,0,-0.17,0
BNK00197,2022-07-31,qr_settlement,1346.0,in,LankaQR,6,31,0,-1.12,0
BNK00198,2022-07-31,card_settlement,601.0,in,POS_card,6,31,0,-1.11,0
BNK00199,2022-08-01,supplier_payment,15723.9,out,bank_transfer,0,1,0,0.02,0
BNK00200,2022-08-01,supplier_payment,21639.8,out,bank_transfer,0,1,0,0.46,0
BNK00201,2022-08-01,supplier_payment,15638.04,out,bank_transfer,0,1,0,0.01,0
BNK00202,2022-08-01,supplier_payment,8586.0,out,bank_transfer,0,1,0,-0.52,0
BNK00203,2022-08-01,supplier_payment,4422.6,out,bank_transfer,0,1,0,-0.83,0
BNK00204,2022-08-01,supplier_payment,10481.5,out,bank_transfer,0,1,0,-0.37,0
BNK00205,2022-08-01,supplier_payment,3694.25,out,bank_transfer,0,1,0,-0.88,0
BNK00206,2022-08-01,cash_deposit,17999.58,in,agency_banking_agent,0,1,0,-0.92,0
BNK00207,2022-08-01,card_settlement,5096.0,in,POS_card,0,1,0,0.41,0
BNK00208,2022-08-02,cash_deposit,8752.84,in,agency_banking_agent,1,2,0,-1.72,0
BNK00209,2022-08-02,qr_settlement,1812.0,in,LankaQR,1,2,0,-1.03,0
BNK00210,2022-08-02,card_settlement,680.0,in,POS_card,1,2,0,-1.08,0
BNK00211,2022-08-03,cash_deposit,17548.71,in,agency_banking_agent,2,3,0,-0.96,0
BNK00212,2022-08-03,qr_settlement,115.0,in,LankaQR,2,3,0,-1.37,0
BNK00213,2022-08-03,card_settlement,1583.0,in,POS_card,2,3,0,-0.77,0
BNK00214,2022-08-04,supplier_payment,32148.76,out,bank_transfer,3,4,0,1.25,0
BNK00215,2022-08-04,supplier_payment,10798.44,out,bank_transfer,3,4,0,-0.35,0
BNK00216,2022-08-04,supplier_payment,8062.2,out,bank_transfer,3,4,0,-0.56,0
BNK00217,2022-08-04,supplier_payment,3562.0,out,bank_transfer,3,4,0,-0.89,0
BNK00218,2022-08-04,supplier_payment,2123.45,out,bank_transfer,3,4,0,-1.0,0
BNK00219,2022-08-04,supplier_payment,4199.92,out,bank_transfer,3,4,0,-0.84,0
BNK00220,2022-08-04,cash_deposit,20561.0,in,agency_banking_agent,3,4,0,-0.7,0
BNK00221,2022-08-04,card_settlement,1672.0,in,POS_card,3,4,0,-0.74,0
BNK00222,2022-08-05,cash_deposit,18657.65,in,agency_banking_agent,4,5,0,-0.87,0
BNK00223,2022-08-05,qr_settlement,1647.0,in,LankaQR,4,5,0,-1.06,0
BNK00224,2022-08-05,card_settlement,1582.0,in,POS_card,4,5,0,-0.78,0
BNK00225,2022-08-06,cash_deposit,22126.49,in,agency_banking_agent,5,6,0,-0.57,0
BNK00226,2022-08-06,qr_settlement,2073.0,in,LankaQR,5,6,0,-0.97,0
BNK00227,2022-08-06,card_settlement,3701.0,in,POS_card,5,6,0,-0.06,0
BNK00228,2022-08-07,cash_deposit,27967.33,in,agency_banking_agent,6,7,0,-0.06,0
BNK00229,2022-08-07,qr_settlement,1747.0,in,LankaQR,6,7,0,-1.04,0
BNK00230,2022-08-07,card_settlement,2061.0,in,POS_card,6,7,0,-0.61,0
BNK00231,2022-08-08,supplier_payment,14425.56,out,bank_transfer,0,8,0,-0.08,0
BNK00232,2022-08-08,supplier_payment,8967.6,out,bank_transfer,0,8,0,-0.49,0
BNK00233,2022-08-08,supplier_payment,4446.0,out,bank_transfer,0,8,0,-0.83,0
BNK00234,2022-08-08,supplier_payment,6494.07,out,bank_transfer,0,8,0,-0.67,0
BNK00235,2022-08-08,supplier_payment,4136.72,out,bank_transfer,0,8,0,-0.85,0
BNK00236,2022-08-08,cash_deposit,15725.98,in,agency_banking_agent,0,8,0,-1.12,0
BNK00237,2022-08-08,qr_settlement,3233.0,in,LankaQR,0,8,0,-0.74,0
BNK00238,2022-08-08,card_settlement,478.0,in,POS_card,0,8,0,-1.15,0
BNK00239,2022-08-09,cash_deposit,17578.75,in,agency_banking_agent,1,9,1,-0.96,0
BNK00240,2022-08-09,qr_settlement,526.0,in,LankaQR,1,9,1,-1.29,1
BNK00241,2022-08-10,cash_deposit,20035.11,in,agency_banking_agent,2,10,0,-0.75,0
BNK00242,2022-08-11,supplier_payment,43551.0,out,bank_transfer,3,11,0,2.1,0
BNK00243,2022-08-11,supplier_payment,10700.5,out,bank_transfer,3,11,0,-0.36,0
BNK00244,2022-08-11,supplier_payment,3644.94,out,bank_transfer,3,11,0,-0.89,0
BNK00245,2022-08-11,supplier_payment,7588.28,out,bank_transfer,3,11,0,-0.59,0
BNK00246,2022-08-11,supplier_payment,3850.35,out,bank_transfer,3,11,0,-0.87,0
BNK00247,2022-08-11,supplier_payment,4291.57,out,bank_transfer,3,11,0,-0.84,0
BNK00248,2022-08-11,cash_deposit,24022.36,in,agency_banking_agent,3,11,0,-0.4,0
BNK00249,2022-08-11,qr_settlement,1860.0,in,LankaQR,3,11,0,-1.02,0
BNK00250,2022-08-11,card_settlement,188.0,in,POS_card,3,11,0,-1.25,0
BNK00251,2022-08-12,cash_deposit,27392.45,in,agency_banking_agent,4,12,0,-0.11,0
BNK00252,2022-08-12,qr_settlement,825.0,in,LankaQR,4,12,0,-1.23,0
BNK00253,2022-08-12,card_settlement,3192.0,in,POS_card,4,12,0,-0.23,0
BNK00254,2022-08-13,cash_deposit,26703.52,in,agency_banking_agent,5,13,0,-0.17,0
BNK00255,2022-08-13,qr_settlement,2326.0,in,LankaQR,5,13,0,-0.92,0
BNK00256,2022-08-13,card_settlement,2236.0,in,POS_card,5,13,0,-0.55,0
BNK00257,2022-08-14,cash_deposit,29225.4,in,agency_banking_agent,6,14,0,0.04,0
BNK00258,2022-08-14,qr_settlement,1142.0,in,LankaQR,6,14,0,-1.16,0
BNK00259,2022-08-14,card_settlement,826.0,in,POS_card,6,14,0,-1.03,0
BNK00260,2022-08-15,supplier_payment,35536.84,out,bank_transfer,0,15,0,1.5,0
BNK00261,2022-08-15,supplier_payment,16380.0,out,bank_transfer,0,15,0,0.07,0
BNK00262,2022-08-15,supplier_payment,26280.0,out,bank_transfer,0,15,0,0.81,0
BNK00263,2022-08-15,supplier_payment,4725.0,out,bank_transfer,0,15,0,-0.81,0
BNK00264,2022-08-15,supplier_payment,14400.5,out,bank_transfer,0,15,0,-0.08,0
BNK00265,2022-08-15,cash_deposit,25365.15,in,agency_banking_agent,0,15,0,-0.29,0
BNK00266,2022-08-15,qr_settlement,1619.0,in,LankaQR,0,15,0,-1.07,0
BNK00267,2022-08-15,card_settlement,1202.0,in,POS_card,0,15,0,-0.9,0
BNK00268,2022-08-16,cash_deposit,20874.77,in,agency_banking_agent,1,16,0,-0.67,0
BNK00269,2022-08-16,qr_settlement,936.0,in,LankaQR,1,16,0,-1.2,0
BNK00270,2022-08-16,card_settlement,1372.0,in,POS_card,1,16,0,-0.85,0
BNK00271,2022-08-17,cash_deposit,22686.48,in,agency_banking_agent,2,17,0,-0.52,0
BNK00272,2022-08-17,qr_settlement,1128.0,in,LankaQR,2,17,0,-1.16,0
BNK00273,2022-08-17,card_settlement,1399.0,in,POS_card,2,17,0,-0.84,0
BNK00274,2022-08-18,supplier_payment,12230.25,out,bank_transfer,3,18,0,-0.24,0
BNK00275,2022-08-18,supplier_payment,7807.24,out,bank_transfer,3,18,0,-0.57,0
BNK00276,2022-08-18,supplier_payment,4438.84,out,bank_transfer,3,18,0,-0.83,0
BNK00277,2022-08-18,cash_deposit,28753.62,in,agency_banking_agent,3,18,0,0.0,0
BNK00278,2022-08-18,qr_settlement,408.0,in,LankaQR,3,18,0,-1.31,0
BNK00279,2022-08-18,card_settlement,4433.0,in,POS_card,3,18,0,0.19,0
BNK00280,2022-08-19,cash_deposit,24291.45,in,agency_banking_agent,4,19,0,-0.38,0
BNK00281,2022-08-19,qr_settlement,1899.0,in,LankaQR,4,19,0,-1.01,0
BNK00282,2022-08-19,card_settlement,2861.0,in,POS_card,4,19,0,-0.34,0
BNK00283,2022-08-20,cash_deposit,30327.37,in,agency_banking_agent,5,20,0,0.14,0
BNK00284,2022-08-20,qr_settlement,1860.0,in,LankaQR,5,20,0,-1.02,0
BNK00285,2022-08-20,card_settlement,1901.0,in,POS_card,5,20,0,-0.67,0
BNK00286,2022-08-21,cash_deposit,16486.79,in,agency_banking_agent,6,21,0,-1.05,0
BNK00287,2022-08-21,qr_settlement,2722.0,in,LankaQR,6,21,0,-0.84,0
BNK00288,2022-08-22,supplier_payment,37423.26,out,bank_transfer,0,22,0,1.64,0
BNK00289,2022-08-22,supplier_payment,14864.31,out,bank_transfer,0,22,0,-0.05,0
BNK00290,2022-08-22,supplier_payment,19447.5,out,bank_transfer,0,22,0,0.3,0
BNK00291,2022-08-22,supplier_payment,31952.7,out,bank_transfer,0,22,0,1.23,0
BNK00292,2022-08-22,supplier_payment,5141.2,out,bank_transfer,0,22,0,-0.77,0
BNK00293,2022-08-22,cash_deposit,19065.55,in,agency_banking_agent,0,22,0,-0.83,0
BNK00294,2022-08-22,qr_settlement,3648.0,in,LankaQR,0,22,0,-0.65,0
BNK00295,2022-08-22,card_settlement,196.0,in,POS_card,0,22,0,-1.24,0
BNK00296,2022-08-23,cash_deposit,22189.43,in,agency_banking_agent,1,23,0,-0.56,0
BNK00297,2022-08-23,card_settlement,700.0,in,POS_card,1,23,0,-1.07,0
BNK00298,2022-08-24,cash_deposit,14678.23,in,agency_banking_agent,2,24,0,-1.21,0
BNK00299,2022-08-24,qr_settlement,3142.0,in,LankaQR,2,24,0,-0.76,0
BNK00300,2022-08-25,supplier_payment,8338.47,out,bank_transfer,3,25,0,-0.53,0
BNK00301,2022-08-25,supplier_payment,11208.5,out,bank_transfer,3,25,0,-0.32,0
BNK00302,2022-08-25,supplier_payment,3890.4,out,bank_transfer,3,25,0,-0.87,0
BNK00303,2022-08-25,supplier_payment,4072.25,out,bank_transfer,3,25,0,-0.85,0
BNK00304,2022-08-25,supplier_payment,2288.3,out,bank_transfer,3,25,0,-0.99,0
BNK00305,2022-08-25,supplier_payment,4849.5,out,bank_transfer,3,25,0,-0.8,0
BNK00306,2022-08-25,cash_deposit,24519.63,in,agency_banking_agent,3,25,0,-0.36,0
BNK00307,2022-08-25,qr_settlement,1137.0,in,LankaQR,3,25,0,-1.16,0
BNK00308,2022-08-25,card_settlement,2417.0,in,POS_card,3,25,0,-0.49,0
BNK00309,2022-08-26,cash_deposit,24114.24,in,agency_banking_agent,4,26,0,-0.4,0
BNK00310,2022-08-26,qr_settlement,1027.0,in,LankaQR,4,26,0,-1.19,0
BNK00311,2022-08-26,card_settlement,483.0,in,POS_card,4,26,0,-1.15,0
BNK00312,2022-08-27,cash_deposit,21996.79,in,agency_banking_agent,5,27,0,-0.58,0
BNK00313,2022-08-27,qr_settlement,4883.0,in,LankaQR,5,27,0,-0.4,0
BNK00314,2022-08-27,card_settlement,3736.0,in,POS_card,5,27,0,-0.05,0
BNK00315,2022-08-28,cash_deposit,34050.2,in,agency_banking_agent,6,28,0,0.46,0
BNK00316,2022-08-28,qr_settlement,1557.0,in,LankaQR,6,28,0,-1.08,0
BNK00317,2022-08-28,card_settlement,168.0,in,POS_card,6,28,0,-1.25,0
BNK00318,2022-08-29,supplier_payment,48781.2,out,bank_transfer,0,29,0,2.49,1
BNK00319,2022-08-29,supplier_payment,20995.28,out,bank_transfer,0,29,0,0.41,0
BNK00320,2022-08-29,supplier_payment,28110.6,out,bank_transfer,0,29,0,0.94,0
BNK00321,2022-08-29,supplier_payment,11320.73,out,bank_transfer,0,29,0,-0.31,0
BNK00322,2022-08-29,supplier_payment,9068.4,out,bank_transfer,0,29,0,-0.48,0
BNK00323,2022-08-29,supplier_payment,7473.9,out,bank_transfer,0,29,0,-0.6,0
BNK00324,2022-08-29,supplier_payment,1959.9,out,bank_transfer,0,29,0,-1.01,0
BNK00325,2022-08-29,supplier_payment,4507.72,out,bank_transfer,0,29,0,-0.82,0
BNK00326,2022-08-29,cash_deposit,21753.89,in,agency_banking_agent,0,29,0,-0.6,0
BNK00327,2022-08-29,qr_settlement,1786.0,in,LankaQR,0,29,0,-1.03,0
BNK00328,2022-08-29,card_settlement,4585.0,in,POS_card,0,29,0,0.24,0
BNK00329,2022-08-30,cash_deposit,11848.26,in,agency_banking_agent,1,30,0,-1.45,0
BNK00330,2022-08-30,card_settlement,3546.0,in,POS_card,1,30,0,-0.11,0
BNK00331,2022-08-31,cash_deposit,19717.06,in,agency_banking_agent,2,31,0,-0.77,0
BNK00332,2022-08-31,qr_settlement,3134.0,in,LankaQR,2,31,0,-0.76,0
BNK00333,2022-08-31,card_settlement,5820.0,in,POS_card,2,31,0,0.66,0
BNK00334,2022-09-01,supplier_payment,15826.44,out,bank_transfer,3,1,0,0.03,0
BNK00335,2022-09-01,supplier_payment,14191.38,out,bank_transfer,3,1,0,-0.1,0
BNK00336,2022-09-01,cash_deposit,20806.56,in,agency_banking_agent,3,1,0,-0.68,0
BNK00337,2022-09-01,qr_settlement,1905.0,in,LankaQR,3,1,0,-1.01,0
BNK00338,2022-09-02,cash_deposit,23796.85,in,agency_banking_agent,4,2,0,-0.42,0
BNK00339,2022-09-02,qr_settlement,1861.0,in,LankaQR,4,2,0,-1.02,0
BNK00340,2022-09-02,card_settlement,578.0,in,POS_card,4,2,0,-1.11,0
BNK00341,2022-09-03,cash_deposit,28466.63,in,agency_banking_agent,5,3,0,-0.02,0
BNK00342,2022-09-03,qr_settlement,3031.0,in,LankaQR,5,3,0,-0.78,0
BNK00343,2022-09-03,card_settlement,2223.0,in,POS_card,5,3,0,-0.56,0
BNK00344,2022-09-04,cash_deposit,18060.72,in,agency_banking_agent,6,4,0,-0.92,0
BNK00345,2022-09-04,qr_settlement,1214.0,in,LankaQR,6,4,0,-1.15,0
BNK00346,2022-09-04,card_settlement,5063.0,in,POS_card,6,4,0,0.4,0
BNK00347,2022-09-05,supplier_payment,8572.98,out,bank_transfer,0,5,0,-0.52,0
BNK00348,2022-09-05,supplier_payment,9576.0,out,bank_transfer,0,5,0,-0.44,0
BNK00349,2022-09-05,supplier_payment,5023.8,out,bank_transfer,0,5,0,-0.78,0
BNK00350,2022-09-05,supplier_payment,11567.0,out,bank_transfer,0,5,0,-0.29,0
BNK00351,2022-09-05,supplier_payment,7454.3,out,bank_transfer,0,5,0,-0.6,0
BNK00352,2022-09-05,supplier_payment,3192.0,out,bank_transfer,0,5,0,-0.92,0
BNK00353,2022-09-05,supplier_payment,4989.0,out,bank_transfer,0,5,0,-0.79,0
BNK00354,2022-09-05,cash_deposit,16603.33,in,agency_banking_agent,0,5,0,-1.04,0
BNK00355,2022-09-05,qr_settlement,6612.0,in,LankaQR,0,5,0,-0.05,0
BNK00356,2022-09-05,card_settlement,1415.0,in,POS_card,0,5,0,-0.83,0
BNK00357,2022-09-06,cash_deposit,26643.86,in,agency_banking_agent,1,6,0,-0.18,0
BNK00358,2022-09-06,qr_settlement,2880.0,in,LankaQR,1,6,0,-0.81,0
BNK00359,2022-09-06,card_settlement,303.0,in,POS_card,1,6,0,-1.21,0
BNK00360,2022-09-07,cash_deposit,19876.22,in,agency_banking_agent,2,7,0,-0.76,0
BNK00361,2022-09-07,qr_settlement,1653.0,in,LankaQR,2,7,0,-1.06,0
BNK00362,2022-09-07,card_settlement,981.0,in,POS_card,2,7,0,-0.98,0
BNK00363,2022-09-08,supplier_payment,18493.56,out,bank_transfer,3,8,0,0.22,0
BNK00364,2022-09-08,supplier_payment,12776.1,out,bank_transfer,3,8,0,-0.2,0
BNK00365,2022-09-08,supplier_payment,2246.64,out,bank_transfer,3,8,0,-0.99,0
BNK00366,2022-09-08,supplier_payment,4427.8,out,bank_transfer,3,8,0,-0.83,0
BNK00367,2022-09-08,cash_deposit,27040.86,in,agency_banking_agent,3,8,0,-0.14,0
BNK00368,2022-09-08,qr_settlement,2510.0,in,LankaQR,3,8,0,-0.88,0
BNK00369,2022-09-08,card_settlement,1608.0,in,POS_card,3,8,0,-0.77,0
BNK00370,2022-09-09,cash_deposit,40112.66,in,agency_banking_agent,4,9,0,0.98,0
BNK00371,2022-09-09,qr_settlement,2085.0,in,LankaQR,4,9,0,-0.97,0
BNK00372,2022-09-09,card_settlement,4723.0,in,POS_card,4,9,0,0.29,0
BNK00373,2022-09-10,cash_deposit,23136.68,in,agency_banking_agent,5,10,0,-0.48,0
BNK00374,2022-09-10,qr_settlement,154.0,in,LankaQR,5,10,0,-1.36,0
BNK00375,2022-09-10,card_settlement,630.0,in,POS_card,5,10,0,-1.1,0
BNK00376,2022-09-11,cash_deposit,22912.91,in,agency_banking_agent,6,11,0,-0.5,0
BNK00377,2022-09-11,qr_settlement,945.0,in,LankaQR,6,11,0,-1.2,0
BNK00378,2022-09-11,card_settlement,1578.0,in,POS_card,6,11,0,-0.78,0
BNK00379,2022-09-12,supplier_payment,40320.63,out,bank_transfer,0,12,0,1.86,0
BNK00380,2022-09-12,supplier_payment,23923.28,out,bank_transfer,0,12,0,0.63,0
BNK00381,2022-09-12,supplier_payment,31060.62,out,bank_transfer,0,12,0,1.16,0
BNK00382,2022-09-12,supplier_payment,4968.0,out,bank_transfer,0,12,0,-0.79,1
BNK00383,2022-09-12,supplier_payment,15744.0,out,bank_transfer,0,12,0,0.02,0
BNK00384,2022-09-12,supplier_payment,5516.4,out,bank_transfer,0,12,0,-0.75,0
BNK00385,2022-09-12,supplier_payment,7531.68,out,bank_transfer,0,12,0,-0.6,0
BNK00386,2022-09-12,supplier_payment,3140.2,out,bank_transfer,0,12,0,-0.92,0
BNK00387,2022-09-12,cash_deposit,27595.35,in,agency_banking_agent,0,12,0,-0.1,0
BNK00388,2022-09-12,qr_settlement,2052.0,in,LankaQR,0,12,0,-0.98,0
BNK00389,2022-09-13,cash_deposit,24775.13,in,agency_banking_agent,1,13,0,-0.34,0
BNK00390,2022-09-13,qr_settlement,385.0,in,LankaQR,1,13,0,-1.32,0
BNK00391,2022-09-14,cash_deposit,26931.18,in,agency_banking_agent,2,14,0,-0.15,0
BNK00392,2022-09-14,card_settlement,1809.0,in,POS_card,2,14,0,-0.7,0
BNK00393,2022-09-15,supplier_payment,25092.8,out,bank_transfer,3,15,0,0.72,0
BNK00394,2022-09-15,supplier_payment,7643.13,out,bank_transfer,3,15,0,-0.59,0
BNK00395,2022-09-15,supplier_payment,11834.5,out,bank_transfer,3,15,0,-0.27,0
BNK00396,2022-09-15,supplier_payment,2896.25,out,bank_transfer,3,15,0,-0.94,0
BNK00397,2022-09-15,supplier_payment,2226.51,out,bank_transfer,3,15,0,-0.99,0
BNK00398,2022-09-15,supplier_payment,4374.5,out,bank_transfer,3,15,0,-0.83,0
BNK00399,2022-09-15,cash_deposit,24160.15,in,agency_banking_agent,3,15,0,-0.39,0
BNK00400,2022-09-15,qr_settlement,2163.0,in,LankaQR,3,15,0,-0.95,0
BNK00401,2022-09-15,card_settlement,2741.0,in,POS_card,3,15,0,-0.38,0
BNK00402,2022-09-16,cash_deposit,21274.85,in,agency_banking_agent,4,16,0,-0.64,0
BNK00403,2022-09-16,qr_settlement,1767.0,in,LankaQR,4,16,0,-1.04,0
BNK00404,2022-09-16,card_settlement,737.0,in,POS_card,4,16,0,-1.06,0
BNK00405,2022-09-17,cash_deposit,25641.52,in,agency_banking_agent,5,17,0,-0.26,0
BNK00406,2022-09-17,qr_settlement,4266.0,in,LankaQR,5,17,0,-0.53,0
BNK00407,2022-09-17,card_settlement,2933.0,in,POS_card,5,17,0,-0.32,0
BNK00408,2022-09-18,cash_deposit,32267.79,in,agency_banking_agent,6,18,0,0.31,0
BNK00409,2022-09-18,qr_settlement,6178.0,in,LankaQR,6,18,0,-0.14,0
BNK00410,2022-09-18,card_settlement,3129.0,in,POS_card,6,18,0,-0.25,0
BNK00411,2022-09-19,supplier_payment,48048.0,out,bank_transfer,0,19,0,2.44,1
BNK00412,2022-09-19,supplier_payment,17423.12,out,bank_transfer,0,19,0,0.14,0
BNK00413,2022-09-19,supplier_payment,11842.94,out,bank_transfer,0,19,0,-0.27,0
BNK00414,2022-09-19,supplier_payment,5115.6,out,bank_transfer,0,19,0,-0.78,0
BNK00415,2022-09-19,supplier_payment,14123.38,out,bank_transfer,0,19,0,-0.1,0
BNK00416,2022-09-19,supplier_payment,5726.8,out,bank_transfer,0,19,0,-0.73,0
BNK00417,2022-09-19,supplier_payment,4056.8,out,bank_transfer,0,19,0,-0.86,0
BNK00418,2022-09-19,supplier_payment,7345.44,out,bank_transfer,0,19,0,-0.61,0
BNK00419,2022-09-19,supplier_payment,4305.7,out,bank_transfer,0,19,0,-0.84,0
BNK00420,2022-09-19,cash_deposit,22277.58,in,agency_banking_agent,0,19,0,-0.55,0
BNK00421,2022-09-19,qr_settlement,687.0,in,LankaQR,0,19,0,-1.25,0
BNK00422,2022-09-20,cash_deposit,22506.71,in,agency_banking_agent,1,20,0,-0.53,0
BNK00423,2022-09-20,qr_settlement,2972.0,in,LankaQR,1,20,0,-0.79,0
BNK00424,2022-09-20,card_settlement,698.0,in,POS_card,1,20,0,-1.07,0
BNK00425,2022-09-21,cash_deposit,15173.22,in,agency_banking_agent,2,21,0,-1.17,0
BNK00426,2022-09-21,qr_settlement,7206.0,in,LankaQR,2,21,0,0.07,0
BNK00427,2022-09-21,card_settlement,306.0,in,POS_card,2,21,0,-1.21,0
BNK00428,2022-09-22,supplier_payment,29051.0,out,bank_transfer,3,22,0,1.01,0
BNK00429,2022-09-22,supplier_payment,4926.35,out,bank_transfer,3,22,0,-0.79,0
BNK00430,2022-09-22,supplier_payment,2432.7,out,bank_transfer,3,22,0,-0.98,0
BNK00431,2022-09-22,cash_deposit,23384.79,in,agency_banking_agent,3,22,0,-0.46,0
BNK00432,2022-09-22,qr_settlement,5798.0,in,LankaQR,3,22,0,-0.22,0
BNK00433,2022-09-22,card_settlement,6582.0,in,POS_card,3,22,0,0.92,0
BNK00434,2022-09-23,cash_deposit,28208.51,in,agency_banking_agent,4,23,0,-0.04,0
BNK00435,2022-09-23,qr_settlement,2072.0,in,LankaQR,4,23,0,-0.97,0
BNK00436,2022-09-24,cash_deposit,39465.91,in,agency_banking_agent,5,24,0,0.92,0
BNK00437,2022-09-24,qr_settlement,2097.0,in,LankaQR,5,24,0,-0.97,0
BNK00438,2022-09-24,card_settlement,4491.0,in,POS_card,5,24,0,0.21,0
BNK00439,2022-09-25,cash_deposit,26513.68,in,agency_banking_agent,6,25,0,-0.19,0
BNK00440,2022-09-25,qr_settlement,808.0,in,LankaQR,6,25,0,-1.23,0
BNK00441,2022-09-25,card_settlement,3860.0,in,POS_card,6,25,0,-0.0,0
BNK00442,2022-09-26,supplier_payment,17368.9,out,bank_transfer,0,26,0,0.14,0
BNK00443,2022-09-26,supplier_payment,27319.05,out,bank_transfer,0,26,0,0.88,0
BNK00444,2022-09-26,supplier_payment,9267.6,out,bank_transfer,0,26,0,-0.47,0
BNK00445,2022-09-26,supplier_payment,9329.6,out,bank_transfer,0,26,0,-0.46,0
BNK00446,2022-09-26,supplier_payment,15933.0,out,bank_transfer,0,26,0,0.03,0
BNK00447,2022-09-26,supplier_payment,11562.0,out,bank_transfer,0,26,0,-0.29,0
BNK00448,2022-09-26,supplier_payment,5526.8,out,bank_transfer,0,26,0,-0.75,0
BNK00449,2022-09-26,supplier_payment,4122.4,out,bank_transfer,0,26,0,-0.85,0
BNK00450,2022-09-26,supplier_payment,4498.2,out,bank_transfer,0,26,0,-0.82,0
BNK00451,2022-09-26,supplier_payment,7898.8,out,bank_transfer,0,26,0,-0.57,0
BNK00452,2022-09-26,supplier_payment,3240.72,out,bank_transfer,0,26,0,-0.92,0
BNK00453,2022-09-26,supplier_payment,4765.6,out,bank_transfer,0,26,0,-0.8,0
BNK00454,2022-09-26,cash_deposit,28611.16,in,agency_banking_agent,0,26,0,-0.01,0
BNK00455,2022-09-26,qr_settlement,323.0,in,LankaQR,0,26,0,-1.33,0
BNK00456,2022-09-27,cash_deposit,17240.9,in,agency_banking_agent,1,27,0,-0.99,0
BNK00457,2022-09-27,qr_settlement,4904.0,in,LankaQR,1,27,0,-0.4,0
BNK00458,2022-09-27,card_settlement,953.0,in,POS_card,1,27,0,-0.99,0
BNK00459,2022-09-28,cash_deposit,22998.45,in,agency_banking_agent,2,28,0,-0.49,0
BNK00460,2022-09-28,qr_settlement,2601.0,in,LankaQR,2,28,0,-0.87,0
BNK00461,2022-09-28,card_settlement,3166.0,in,POS_card,2,28,0,-0.24,0
BNK00462,2022-09-29,supplier_payment,13068.0,out,bank_transfer,3,29,0,-0.18,0
BNK00463,2022-09-29,supplier_payment,15060.48,out,bank_transfer,3,29,0,-0.03,0
BNK00464,2022-09-29,supplier_payment,5194.08,out,bank_transfer,3,29,0,-0.77,0
BNK00465,2022-09-29,cash_deposit,19024.76,in,agency_banking_agent,3,29,0,-0.83,0
BNK00466,2022-09-29,qr_settlement,4192.0,in,LankaQR,3,29,0,-0.54,0
BNK00467,2022-09-30,cash_deposit,29867.74,in,agency_banking_agent,4,30,0,0.1,0
BNK00468,2022-09-30,qr_settlement,3057.0,in,LankaQR,4,30,0,-0.77,0
BNK00469,2022-09-30,card_settlement,1503.0,in,POS_card,4,30,0,-0.8,0
BNK00470,2022-10-01,cash_deposit,40261.36,in,agency_banking_agent,5,1,0,0.99,0
BNK00471,2022-10-01,qr_settlement,5292.0,in,LankaQR,5,1,0,-0.32,0
BNK00472,2022-10-01,card_settlement,4165.0,in,POS_card,5,1,0,0.1,0
BNK00473,2022-10-02,cash_deposit,24097.82,in,agency_banking_agent,6,2,0,-0.4,0
BNK00474,2022-10-02,qr_settlement,2225.0,in,LankaQR,6,2,0,-0.94,0
BNK00475,2022-10-02,card_settlement,3339.0,in,POS_card,6,2,0,-0.18,0
BNK00476,2022-10-03,supplier_payment,42110.64,out,bank_transfer,0,3,0,1.99,0
BNK00477,2022-10-03,supplier_payment,43900.1,out,bank_transfer,0,3,0,2.13,0
BNK00478,2022-10-03,supplier_payment,16191.24,out,bank_transfer,0,3,0,0.05,0
BNK00479,2022-10-03,supplier_payment,29948.4,out,bank_transfer,0,3,0,1.08,0
BNK00480,2022-10-03,supplier_payment,10184.4,out,bank_transfer,0,3,0,-0.4,0
BNK00481,2022-10-03,supplier_payment,11921.0,out,bank_transfer,0,3,0,-0.27,0
BNK00482,2022-10-03,supplier_payment,8338.4,out,bank_transfer,0,3,0,-0.53,0
BNK00483,2022-10-03,supplier_payment,3289.72,out,bank_transfer,0,3,0,-0.91,0
BNK00484,2022-10-03,supplier_payment,5247.5,out,bank_transfer,0,3,0,-0.77,0
BNK00485,2022-10-03,cash_deposit,19951.67,in,agency_banking_agent,0,3,0,-0.75,0
BNK00486,2022-10-03,qr_settlement,1393.0,in,LankaQR,0,3,0,-1.11,0
BNK00487,2022-10-03,card_settlement,2342.0,in,POS_card,0,3,0,-0.52,0
BNK00488,2022-10-04,cash_deposit,26528.01,in,agency_banking_agent,1,4,0,-0.19,0
BNK00489,2022-10-04,qr_settlement,940.0,in,LankaQR,1,4,0,-1.2,0
BNK00490,2022-10-04,card_settlement,891.0,in,POS_card,1,4,0,-1.01,0
BNK00491,2022-10-05,cash_deposit,31792.42,in,agency_banking_agent,2,5,0,0.26,0
BNK00492,2022-10-05,card_settlement,3603.0,in,POS_card,2,5,0,-0.09,0
BNK00493,2022-10-06,cash_deposit,21741.1,in,agency_banking_agent,3,6,0,-0.6,0
BNK00494,2022-10-06,qr_settlement,4732.0,in,LankaQR,3,6,0,-0.43,0
BNK00495,2022-10-06,card_settlement,5606.0,in,POS_card,3,6,0,0.59,0
BNK00496,2022-10-07,cash_deposit,21801.12,in,agency_banking_agent,4,7,0,-0.6,0
BNK00497,2022-10-07,qr_settlement,1588.0,in,LankaQR,4,7,0,-1.07,0
BNK00498,2022-10-07,card_settlement,1032.0,in,POS_card,4,7,0,-0.96,0
BNK00499,2022-10-08,cash_deposit,27370.99,in,agency_banking_agent,5,8,0,-0.12,0
BNK00500,2022-10-08,qr_settlement,3158.0,in,LankaQR,5,8,0,-0.75,0
BNK00501,2022-10-08,card_settlement,1139.0,in,POS_card,5,8,0,-0.92,0
BNK00502,2022-10-09,cash_deposit,26058.13,in,agency_banking_agent,6,9,0,-0.23,0
BNK00503,2022-10-09,qr_settlement,2385.0,in,LankaQR,6,9,0,-0.91,0
BNK00504,2022-10-09,card_settlement,429.0,in,POS_card,6,9,0,-1.17,0
BNK00505,2022-10-10,supplier_payment,19567.2,out,bank_transfer,0,10,0,0.3,0
BNK00506,2022-10-10,supplier_payment,8483.75,out,bank_transfer,0,10,0,-0.52,0
BNK00507,2022-10-10,supplier_payment,10573.2,out,bank_transfer,0,10,0,-0.37,0
BNK00508,2022-10-10,supplier_payment,5785.2,out,bank_transfer,0,10,0,-0.73,0
BNK00509,2022-10-10,supplier_payment,4147.6,out,bank_transfer,0,10,0,-0.85,0
BNK00510,2022-10-10,supplier_payment,3517.36,out,bank_transfer,0,10,0,-0.9,0
BNK00511,2022-10-10,supplier_payment,2493.75,out,bank_transfer,0,10,0,-0.97,0
BNK00512,2022-10-10,supplier_payment,5467.5,out,bank_transfer,0,10,0,-0.75,0
BNK00513,2022-10-10,cash_deposit,26582.09,in,agency_banking_agent,0,10,0,-0.18,0
BNK00514,2022-10-10,qr_settlement,1971.0,in,LankaQR,0,10,0,-0.99,0
BNK00515,2022-10-10,card_settlement,530.0,in,POS_card,0,10,0,-1.13,0
BNK00516,2022-10-11,cash_deposit,35546.41,in,agency_banking_agent,1,11,0,0.59,0
BNK00517,2022-10-11,qr_settlement,564.0,in,LankaQR,1,11,0,-1.28,0
BNK00518,2022-10-11,card_settlement,790.0,in,POS_card,1,11,0,-1.04,1
BNK00519,2022-10-12,cash_deposit,27795.75,in,agency_banking_agent,2,12,0,-0.08,0
BNK00520,2022-10-12,qr_settlement,2388.0,in,LankaQR,2,12,0,-0.91,0
BNK00521,2022-10-12,card_settlement,3549.0,in,POS_card,2,12,0,-0.11,0
BNK00522,2022-10-13,supplier_payment,51392.25,out,bank_transfer,3,13,0,2.69,1
BNK00523,2022-10-13,supplier_payment,24259.05,out,bank_transfer,3,13,0,0.66,0
BNK00524,2022-10-13,supplier_payment,29921.85,out,bank_transfer,3,13,0,1.08,0
BNK00525,2022-10-13,supplier_payment,20542.81,out,bank_transfer,3,13,0,0.38,0
BNK00526,2022-10-13,supplier_payment,31819.2,out,bank_transfer,3,13,0,1.22,0
BNK00527,2022-10-13,supplier_payment,14794.12,out,bank_transfer,3,13,0,-0.05,0
BNK00528,2022-10-13,supplier_payment,3128.0,out,bank_transfer,3,13,0,-0.92,0
BNK00529,2022-10-13,cash_deposit,34881.0,in,agency_banking_agent,3,13,0,0.53,0
BNK00530,2022-10-13,qr_settlement,4582.0,in,LankaQR,3,13,0,-0.46,0
BNK00531,2022-10-14,cash_deposit,30758.0,in,agency_banking_agent,4,14,0,0.18,0
BNK00532,2022-10-15,cash_deposit,19643.97,in,agency_banking_agent,5,15,0,-0.78,0
BNK00533,2022-10-15,qr_settlement,566.0,in,LankaQR,5,15,0,-1.28,0
BNK00534,2022-10-15,card_settlement,3363.0,in,POS_card,5,15,0,-0.17,0
BNK00535,2022-10-16,cash_deposit,27069.93,in,agency_banking_agent,6,16,0,-0.14,0
BNK00536,2022-10-16,card_settlement,819.0,in,POS_card,6,16,0,-1.03,0
BNK00537,2022-10-17,supplier_payment,19112.4,out,bank_transfer,0,17,0,0.27,0
BNK00538,2022-10-17,supplier_payment,27529.95,out,bank_transfer,0,17,0,0.9,0
BNK00539,2022-10-17,supplier_payment,5535.0,out,bank_transfer,0,17,0,-0.74,0
BNK00540,2022-10-17,supplier_payment,5323.68,out,bank_transfer,0,17,0,-0.76,0
BNK00541,2022-10-17,supplier_payment,9432.36,out,bank_transfer,0,17,0,-0.45,0
BNK00542,2022-10-17,supplier_payment,5424.0,out,bank_transfer,0,17,0,-0.75,0
BNK00543,2022-10-17,cash_deposit,25900.91,in,agency_banking_agent,0,17,0,-0.24,0
BNK00544,2022-10-17,qr_settlement,3700.0,in,LankaQR,0,17,0,-0.64,0
BNK00545,2022-10-18,cash_deposit,30467.95,in,agency_banking_agent,1,18,0,0.15,0
BNK00546,2022-10-18,qr_settlement,2444.0,in,LankaQR,1,18,0,-0.9,0
BNK00547,2022-10-18,card_settlement,791.0,in,POS_card,1,18,0,-1.04,0
BNK00548,2022-10-19,cash_deposit,23315.84,in,agency_banking_agent,2,19,0,-0.46,0
BNK00549,2022-10-19,qr_settlement,1406.0,in,LankaQR,2,19,0,-1.11,0
BNK00550,2022-10-19,card_settlement,9360.0,in,POS_card,2,19,0,1.86,0
BNK00551,2022-10-20,supplier_payment,24600.19,out,bank_transfer,3,20,0,0.68,0
BNK00552,2022-10-20,cash_deposit,15324.35,in,agency_banking_agent,3,20,0,-1.15,0
BNK00553,2022-10-20,qr_settlement,3730.0,in,LankaQR,3,20,0,-0.64,0
BNK00554,2022-10-21,cash_deposit,27419.32,in,agency_banking_agent,4,21,0,-0.11,0
BNK00555,2022-10-21,qr_settlement,938.0,in,LankaQR,4,21,0,-1.2,0
BNK00556,2022-10-22,cash_deposit,39295.47,in,agency_banking_agent,5,22,0,0.91,0
BNK00557,2022-10-22,qr_settlement,4791.0,in,LankaQR,5,22,0,-0.42,0
BNK00558,2022-10-22,card_settlement,8140.0,in,POS_card,5,22,0,1.44,0
BNK00559,2022-10-23,cash_deposit,24730.31,in,agency_banking_agent,6,23,0,-0.34,0
BNK00560,2022-10-23,qr_settlement,546.0,in,LankaQR,6,23,0,-1.28,0
BNK00561,2022-10-23,card_settlement,3209.0,in,POS_card,6,23,0,-0.22,0
BNK00562,2022-10-24,supplier_payment,42959.04,out,bank_transfer,0,24,0,2.05,0
BNK00563,2022-10-24,supplier_payment,16883.5,out,bank_transfer,0,24,0,0.1,0
BNK00564,2022-10-24,supplier_payment,12740.5,out,bank_transfer,0,24,0,-0.21,0
BNK00565,2022-10-24,supplier_payment,4208.5,out,bank_transfer,0,24,0,-0.84,0
BNK00566,2022-10-24,supplier_payment,8293.0,out,bank_transfer,0,24,0,-0.54,0
BNK00567,2022-10-24,supplier_payment,4577.43,out,bank_transfer,0,24,0,-0.82,0
BNK00568,2022-10-24,supplier_payment,8567.66,out,bank_transfer,0,24,0,-0.52,0
BNK00569,2022-10-24,cash_deposit,21090.72,in,agency_banking_agent,0,24,0,-0.66,0
BNK00570,2022-10-24,qr_settlement,3542.0,in,LankaQR,0,24,0,-0.68,0
BNK00571,2022-10-24,card_settlement,410.0,in,POS_card,0,24,0,-1.17,0
BNK00572,2022-10-25,cash_deposit,25779.17,in,agency_banking_agent,1,25,0,-0.25,0
BNK00573,2022-10-25,qr_settlement,2816.0,in,LankaQR,1,25,0,-0.82,0
BNK00574,2022-10-25,card_settlement,2765.0,in,POS_card,1,25,0,-0.37,0
BNK00575,2022-10-26,cash_deposit,20084.95,in,agency_banking_agent,2,26,0,-0.74,0
BNK00576,2022-10-26,qr_settlement,3839.0,in,LankaQR,2,26,0,-0.62,0
BNK00577,2022-10-26,card_settlement,825.0,in,POS_card,2,26,0,-1.03,0
BNK00578,2022-10-27,supplier_payment,46147.2,out,bank_transfer,3,27,0,2.29,0
BNK00579,2022-10-27,supplier_payment,2648.1,out,bank_transfer,3,27,0,-0.96,0
BNK00580,2022-10-27,cash_deposit,20753.46,in,agency_banking_agent,3,27,0,-0.69,0
BNK00581,2022-10-27,qr_settlement,1729.0,in,LankaQR,3,27,0,-1.04,0
BNK00582,2022-10-27,card_settlement,2194.0,in,POS_card,3,27,0,-0.57,0
BNK00583,2022-10-28,cash_deposit,18716.49,in,agency_banking_agent,4,28,0,-0.86,0
BNK00584,2022-10-28,qr_settlement,5373.0,in,LankaQR,4,28,0,-0.3,0
BNK00585,2022-10-28,card_settlement,3524.0,in,POS_card,4,28,0,-0.12,0
BNK00586,2022-10-29,cash_deposit,37069.24,in,agency_banking_agent,5,29,0,0.72,0
BNK00587,2022-10-29,qr_settlement,1366.0,in,LankaQR,5,29,0,-1.12,0
BNK00588,2022-10-29,card_settlement,948.0,in,POS_card,5,29,0,-0.99,0
BNK00589,2022-10-30,cash_deposit,30848.04,in,agency_banking_agent,6,30,0,0.18,0
BNK00590,2022-10-30,qr_settlement,7422.0,in,LankaQR,6,30,0,0.11,0
BNK00591,2022-10-30,card_settlement,531.0,in,POS_card,6,30,0,-1.13,0
BNK00592,2022-10-31,supplier_payment,18572.96,out,bank_transfer,0,31,0,0.23,0
BNK00593,2022-10-31,supplier_payment,21955.92,out,bank_transfer,0,31,0,0.48,0
BNK00594,2022-10-31,supplier_payment,13023.5,out,bank_transfer,0,31,0,-0.18,0
BNK00595,2022-10-31,supplier_payment,4930.8,out,bank_transfer,0,31,0,-0.79,0
BNK00596,2022-10-31,supplier_payment,3575.6,out,bank_transfer,0,31,0,-0.89,0
BNK00597,2022-10-31,cash_deposit,23902.05,in,agency_banking_agent,0,31,0,-0.41,0
BNK00598,2022-10-31,qr_settlement,7742.0,in,LankaQR,0,31,0,0.18,0
BNK00599,2022-10-31,card_settlement,5369.0,in,POS_card,0,31,0,0.51,0
BNK00600,2022-11-01,cash_deposit,14430.82,in,agency_banking_agent,1,1,0,-1.23,0
BNK00601,2022-11-01,qr_settlement,1752.0,in,LankaQR,1,1,0,-1.04,0
BNK00602,2022-11-01,card_settlement,2079.0,in,POS_card,1,1,0,-0.61,0
BNK00603,2022-11-02,cash_deposit,28983.6,in,agency_banking_agent,2,2,0,0.02,0
BNK00604,2022-11-02,qr_settlement,1933.0,in,LankaQR,2,2,0,-1.0,0
BNK00605,2022-11-02,card_settlement,1183.0,in,POS_card,2,2,0,-0.91,0
BNK00606,2022-11-03,supplier_payment,17707.06,out,bank_transfer,3,3,0,0.17,0
BNK00607,2022-11-03,supplier_payment,29418.48,out,bank_transfer,3,3,0,1.04,0
BNK00608,2022-11-03,supplier_payment,4793.49,out,bank_transfer,3,3,0,-0.8,0
BNK00609,2022-11-03,supplier_payment,6115.6,out,bank_transfer,3,3,0,-0.7,0
BNK00610,2022-11-03,supplier_payment,4568.4,out,bank_transfer,3,3,0,-0.82,0
BNK00611,2022-11-03,cash_deposit,16859.95,in,agency_banking_agent,3,3,0,-1.02,0
BNK00612,2022-11-03,qr_settlement,4400.0,in,LankaQR,3,3,0,-0.5,0
BNK00613,2022-11-03,card_settlement,1349.0,in,POS_card,3,3,0,-0.85,0
BNK00614,2022-11-04,cash_deposit,20061.18,in,agency_banking_agent,4,4,0,-0.74,0
BNK00615,2022-11-04,qr_settlement,2245.0,in,LankaQR,4,4,0,-0.94,0
BNK00616,2022-11-05,cash_deposit,29652.32,in,agency_banking_agent,5,5,0,0.08,0
BNK00617,2022-11-05,qr_settlement,7354.0,in,LankaQR,5,5,0,0.1,0
BNK00618,2022-11-05,card_settlement,4077.0,in,POS_card,5,5,0,0.07,0
BNK00619,2022-11-06,cash_deposit,33132.94,in,agency_banking_agent,6,6,0,0.38,0
BNK00620,2022-11-06,qr_settlement,672.0,in,LankaQR,6,6,0,-1.26,0
BNK00621,2022-11-06,card_settlement,2269.0,in,POS_card,6,6,0,-0.54,0
BNK00622,2022-11-07,supplier_payment,28363.2,out,bank_transfer,0,7,0,0.96,0
BNK00623,2022-11-07,supplier_payment,9833.53,out,bank_transfer,0,7,0,-0.42,0
BNK00624,2022-11-07,supplier_payment,16879.44,out,bank_transfer,0,7,0,0.1,0
BNK00625,2022-11-07,supplier_payment,11235.6,out,bank_transfer,0,7,0,-0.32,0
BNK00626,2022-11-07,supplier_payment,15192.76,out,bank_transfer,0,7,0,-0.02,0
BNK00627,2022-11-07,supplier_payment,4665.48,out,bank_transfer,0,7,0,-0.81,0
BNK00628,2022-11-07,cash_deposit,28263.36,in,agency_banking_agent,0,7,0,-0.04,0
BNK00629,2022-11-07,qr_settlement,1844.0,in,LankaQR,0,7,0,-1.02,0
BNK00630,2022-11-07,card_settlement,382.0,in,POS_card,0,7,0,-1.18,0
BNK00631,2022-11-08,cash_deposit,23761.69,in,agency_banking_agent,1,8,0,-0.43,0
BNK00632,2022-11-08,card_settlement,842.0,in,POS_card,1,8,0,-1.03,0
BNK00633,2022-11-09,cash_deposit,31758.09,in,agency_banking_agent,2,9,0,0.26,0
BNK00634,2022-11-09,qr_settlement,422.0,in,LankaQR,2,9,0,-1.31,0
BNK00635,2022-11-09,card_settlement,546.0,in,POS_card,2,9,0,-1.13,0
BNK00636,2022-11-10,supplier_payment,28203.84,out,bank_transfer,3,10,0,0.95,0
BNK00637,2022-11-10,supplier_payment,5382.2,out,bank_transfer,3,10,0,-0.76,0
BNK00638,2022-11-10,supplier_payment,8925.0,out,bank_transfer,3,10,0,-0.49,0
BNK00639,2022-11-10,supplier_payment,3709.72,out,bank_transfer,3,10,0,-0.88,0
BNK00640,2022-11-10,supplier_payment,5292.56,out,bank_transfer,3,10,0,-0.76,0
BNK00641,2022-11-10,supplier_payment,5595.5,out,bank_transfer,3,10,0,-0.74,0
BNK00642,2022-11-10,cash_deposit,22308.48,in,agency_banking_agent,3,10,0,-0.55,0
BNK00643,2022-11-10,qr_settlement,5546.0,in,LankaQR,3,10,0,-0.27,0
BNK00644,2022-11-10,card_settlement,548.0,in,POS_card,3,10,0,-1.12,0
BNK00645,2022-11-11,cash_deposit,22640.93,in,agency_banking_agent,4,11,0,-0.52,0
BNK00646,2022-11-11,qr_settlement,1758.0,in,LankaQR,4,11,0,-1.04,0
BNK00647,2022-11-11,card_settlement,2435.0,in,POS_card,4,11,0,-0.49,0
BNK00648,2022-11-12,cash_deposit,46190.85,in,agency_banking_agent,5,12,0,1.5,0
BNK00649,2022-11-12,qr_settlement,346.0,in,LankaQR,5,12,0,-1.32,0
BNK00650,2022-11-12,card_settlement,4330.0,in,POS_card,5,12,0,0.15,0
BNK00651,2022-11-13,cash_deposit,44882.92,in,agency_banking_agent,6,13,0,1.39,0
BNK00652,2022-11-13,qr_settlement,9208.0,in,LankaQR,6,13,0,0.47,0
BNK00653,2022-11-14,supplier_payment,45353.44,out,bank_transfer,0,14,0,2.23,0
BNK00654,2022-11-14,supplier_payment,9609.04,out,bank_transfer,0,14,0,-0.44,1
BNK00655,2022-11-14,supplier_payment,10918.8,out,bank_transfer,0,14,0,-0.34,0
BNK00656,2022-11-14,supplier_payment,17382.5,out,bank_transfer,0,14,0,0.14,0
BNK00657,2022-11-14,cash_deposit,31939.68,in,agency_banking_agent,0,14,0,0.28,0
BNK00658,2022-11-14,qr_settlement,3491.0,in,LankaQR,0,14,0,-0.69,0
BNK00659,2022-11-14,card_settlement,5451.0,in,POS_card,0,14,0,0.53,0
BNK00660,2022-11-15,cash_deposit,29334.47,in,agency_banking_agent,1,15,0,0.05,0
BNK00661,2022-11-15,qr_settlement,882.0,in,LankaQR,1,15,0,-1.21,0
BNK00662,2022-11-16,cash_deposit,25206.9,in,agency_banking_agent,2,16,0,-0.3,0
BNK00663,2022-11-16,qr_settlement,584.0,in,LankaQR,2,16,0,-1.28,0
BNK00664,2022-11-16,card_settlement,7127.0,in,POS_card,2,16,0,1.1,0
BNK00665,2022-11-17,supplier_payment,45290.07,out,bank_transfer,3,17,0,2.23,0
BNK00666,2022-11-17,supplier_payment,21757.08,out,bank_transfer,3,17,0,0.47,0
BNK00667,2022-11-17,supplier_payment,14843.05,out,bank_transfer,3,17,0,-0.05,0
BNK00668,2022-11-17,supplier_payment,5415.81,out,bank_transfer,3,17,0,-0.75,0
BNK00669,2022-11-17,supplier_payment,13171.0,out,bank_transfer,3,17,0,-0.17,0
BNK00670,2022-11-17,supplier_payment,8799.7,out,bank_transfer,3,17,0,-0.5,0
BNK00671,2022-11-17,supplier_payment,3724.56,out,bank_transfer,3,17,0,-0.88,0
BNK00672,2022-11-17,supplier_payment,5334.5,out,bank_transfer,3,17,0,-0.76,0
BNK00673,2022-11-17,cash_deposit,24681.11,in,agency_banking_agent,3,17,0,-0.35,0
BNK00674,2022-11-17,qr_settlement,7521.0,in,LankaQR,3,17,0,0.13,0
BNK00675,2022-11-17,card_settlement,1499.0,in,POS_card,3,17,0,-0.8,0
BNK00676,2022-11-18,cash_deposit,27804.54,in,agency_banking_agent,4,18,0,-0.08,0
BNK00677,2022-11-18,qr_settlement,3609.0,in,LankaQR,4,18,0,-0.66,0
BNK00678,2022-11-18,card_settlement,2390.0,in,POS_card,4,18,0,-0.5,0
BNK00679,2022-11-19,cash_deposit,31845.21,in,agency_banking_agent,5,19,0,0.27,0
BNK00680,2022-11-19,qr_settlement,4183.0,in,LankaQR,5,19,0,-0.55,0
BNK00681,2022-11-19,card_settlement,4166.0,in,POS_card,5,19,0,0.1,0
BNK00682,2022-11-20,cash_deposit,14813.65,in,agency_banking_agent,6,20,0,-1.2,0
BNK00683,2022-11-20,qr_settlement,4393.0,in,LankaQR,6,20,0,-0.5,0
BNK00684,2022-11-20,card_settlement,2769.0,in,POS_card,6,20,0,-0.37,0
BNK00685,2022-11-21,supplier_payment,33891.3,out,bank_transfer,0,21,0,1.38,0
BNK00686,2022-11-21,supplier_payment,32599.16,out,bank_transfer,0,21,0,1.28,0
BNK00687,2022-11-21,supplier_payment,19728.0,out,bank_transfer,0,21,0,0.32,0
BNK00688,2022-11-21,supplier_payment,9944.76,out,bank_transfer,0,21,0,-0.41,0
BNK00689,2022-11-21,supplier_payment,2713.88,out,bank_transfer,0,21,0,-0.96,0
BNK00690,2022-11-21,cash_deposit,26244.74,in,agency_banking_agent,0,21,0,-0.21,0
BNK00691,2022-11-21,qr_settlement,3535.0,in,LankaQR,0,21,0,-0.68,0
BNK00692,2022-11-22,cash_deposit,22016.85,in,agency_banking_agent,1,22,0,-0.58,0
BNK00693,2022-11-22,qr_settlement,5557.0,in,LankaQR,1,22,0,-0.27,0
BNK00694,2022-11-22,card_settlement,3253.0,in,POS_card,1,22,0,-0.21,1
BNK00695,2022-11-23,cash_deposit,19104.26,in,agency_banking_agent,2,23,0,-0.83,0
BNK00696,2022-11-23,qr_settlement,1591.0,in,LankaQR,2,23,0,-1.07,0
BNK00697,2022-11-23,card_settlement,1492.0,in,POS_card,2,23,0,-0.81,0
BNK00698,2022-11-24,supplier_payment,31619.25,out,bank_transfer,3,24,0,1.21,0
BNK00699,2022-11-24,supplier_payment,5792.4,out,bank_transfer,3,24,0,-0.73,0
BNK00700,2022-11-24,supplier_payment,17619.5,out,bank_transfer,3,24,0,0.16,0
BNK00701,2022-11-24,supplier_payment,6336.0,out,bank_transfer,3,24,0,-0.68,0
BNK00702,2022-11-24,supplier_payment,5177.2,out,bank_transfer,3,24,0,-0.77,0
BNK00703,2022-11-24,supplier_payment,5334.3,out,bank_transfer,3,24,0,-0.76,0
BNK00704,2022-11-24,cash_deposit,27807.25,in,agency_banking_agent,3,24,0,-0.08,0
BNK00705,2022-11-24,qr_settlement,3277.0,in,LankaQR,3,24,0,-0.73,0
BNK00706,2022-11-24,card_settlement,1304.0,in,POS_card,3,24,0,-0.87,0
BNK00707,2022-11-25,cash_deposit,34451.75,in,agency_banking_agent,4,25,0,0.49,0
BNK00708,2022-11-25,card_settlement,2246.0,in,POS_card,4,25,0,-0.55,0
BNK00709,2022-11-26,cash_deposit,27476.29,in,agency_banking_agent,5,26,0,-0.11,1
BNK00710,2022-11-26,qr_settlement,1726.0,in,LankaQR,5,26,0,-1.04,0
BNK00711,2022-11-26,card_settlement,888.0,in,POS_card,5,26,0,-1.01,0
BNK00712,2022-11-27,cash_deposit,32366.86,in,agency_banking_agent,6,27,0,0.31,0
BNK00713,2022-11-27,qr_settlement,1066.0,in,LankaQR,6,27,0,-1.18,0
BNK00714,2022-11-28,supplier_payment,20636.1,out,bank_transfer,0,28,0,0.38,0
BNK00715,2022-11-28,supplier_payment,15964.3,out,bank_transfer,0,28,0,0.04,0
BNK00716,2022-11-28,supplier_payment,10603.8,out,bank_transfer,0,28,0,-0.37,0
BNK00717,2022-11-28,supplier_payment,39644.1,out,bank_transfer,0,28,0,1.81,0
BNK00718,2022-11-28,supplier_payment,5913.0,out,bank_transfer,0,28,0,-0.72,0
BNK00719,2022-11-28,supplier_payment,8998.5,out,bank_transfer,0,28,0,-0.49,0
BNK00720,2022-11-28,cash_deposit,28635.54,in,agency_banking_agent,0,28,0,-0.01,0
BNK00721,2022-11-28,qr_settlement,1537.0,in,LankaQR,0,28,0,-1.08,0
BNK00722,2022-11-28,card_settlement,1590.0,in,POS_card,0,28,0,-0.77,0
BNK00723,2022-11-29,cash_deposit,25278.39,in,agency_banking_agent,1,29,0,-0.3,0
BNK00724,2022-11-29,qr_settlement,5894.0,in,LankaQR,1,29,0,-0.2,0
BNK00725,2022-11-29,card_settlement,2020.0,in,POS_card,1,29,0,-0.63,0
BNK00726,2022-11-30,cash_deposit,18416.31,in,agency_banking_agent,2,30,0,-0.89,0
BNK00727,2022-11-30,qr_settlement,1560.0,in,LankaQR,2,30,0,-1.08,0
BNK00728,2022-11-30,card_settlement,1738.0,in,POS_card,2,30,0,-0.72,0
BNK00729,2022-12-01,supplier_payment,5426.59,out,bank_transfer,3,1,0,-0.75,0
BNK00730,2022-12-01,supplier_payment,6009.84,out,bank_transfer,3,1,0,-0.71,0
BNK00731,2022-12-01,supplier_payment,4524.73,out,bank_transfer,3,1,0,-0.82,0
BNK00732,2022-12-01,supplier_payment,3900.96,out,bank_transfer,3,1,0,-0.87,0
BNK00733,2022-12-01,supplier_payment,5290.56,out,bank_transfer,3,1,0,-0.76,0
BNK00734,2022-12-01,cash_deposit,20465.71,in,agency_banking_agent,3,1,0,-0.71,0
BNK00735,2022-12-01,card_settlement,2784.0,in,POS_card,3,1,0,-0.37,0
BNK00736,2022-12-02,cash_deposit,25996.76,in,agency_banking_agent,4,2,0,-0.23,0
BNK00737,2022-12-02,qr_settlement,1782.0,in,LankaQR,4,2,0,-1.03,0
BNK00738,2022-12-02,card_settlement,3036.0,in,POS_card,4,2,0,-0.28,0
BNK00739,2022-12-03,cash_deposit,31335.7,in,agency_banking_agent,5,3,0,0.22,0
BNK00740,2022-12-03,qr_settlement,6884.0,in,LankaQR,5,3,0,0.0,0
BNK00741,2022-12-03,card_settlement,1090.0,in,POS_card,5,3,0,-0.94,0
BNK00742,2022-12-04,cash_deposit,31894.81,in,agency_banking_agent,6,4,0,0.27,0
BNK00743,2022-12-04,qr_settlement,2925.0,in,LankaQR,6,4,0,-0.8,0
BNK00744,2022-12-04,card_settlement,4807.0,in,POS_card,6,4,0,0.32,0
BNK00745,2022-12-05,supplier_payment,27325.98,out,bank_transfer,0,5,0,0.89,0
BNK00746,2022-12-05,supplier_payment,23781.0,out,bank_transfer,0,5,0,0.62,0
BNK00747,2022-12-05,supplier_payment,19904.4,out,bank_transfer,0,5,0,0.33,0
BNK00748,2022-12-05,supplier_payment,18323.0,out,bank_transfer,0,5,0,0.21,0
BNK00749,2022-12-05,supplier_payment,13616.5,out,bank_transfer,0,5,0,-0.14,0
BNK00750,2022-12-05,supplier_payment,10305.68,out,bank_transfer,0,5,0,-0.39,0
BNK00751,2022-12-05,supplier_payment,8914.46,out,bank_transfer,0,5,0,-0.49,0
BNK00752,2022-12-05,supplier_payment,5784.52,out,bank_transfer,0,5,0,-0.73,0
BNK00753,2022-12-05,cash_deposit,30951.96,in,agency_banking_agent,0,5,0,0.19,0
BNK00754,2022-12-05,qr_settlement,3748.0,in,LankaQR,0,5,0,-0.63,0
BNK00755,2022-12-05,card_settlement,630.0,in,POS_card,0,5,0,-1.1,0
BNK00756,2022-12-06,cash_deposit,17317.99,in,agency_banking_agent,1,6,0,-0.98,0
BNK00757,2022-12-06,qr_settlement,5809.0,in,LankaQR,1,6,0,-0.22,0
BNK00758,2022-12-06,card_settlement,2341.0,in,POS_card,1,6,0,-0.52,0
BNK00759,2022-12-07,cash_deposit,28547.18,in,agency_banking_agent,2,7,0,-0.01,0
BNK00760,2022-12-07,qr_settlement,5934.0,in,LankaQR,2,7,0,-0.19,0
BNK00761,2022-12-07,card_settlement,1855.0,in,POS_card,2,7,0,-0.68,0
BNK00762,2022-12-08,supplier_payment,20382.6,out,bank_transfer,3,8,0,0.37,0
BNK00763,2022-12-08,supplier_payment,31662.84,out,bank_transfer,3,8,0,1.21,0
BNK00764,2022-12-08,supplier_payment,38603.68,out,bank_transfer,3,8,0,1.73,0
BNK00765,2022-12-08,supplier_payment,5875.2,out,bank_transfer,3,8,0,-0.72,0
BNK00766,2022-12-08,supplier_payment,4164.3,out,bank_transfer,3,8,0,-0.85,0
BNK00767,2022-12-08,supplier_payment,5125.75,out,bank_transfer,3,8,0,-0.78,0
BNK00768,2022-12-08,supplier_payment,3298.08,out,bank_transfer,3,8,0,-0.91,0
BNK00769,2022-12-08,supplier_payment,6108.5,out,bank_transfer,3,8,0,-0.7,0
BNK00770,2022-12-08,cash_deposit,38486.99,in,agency_banking_agent,3,8,0,0.84,0
BNK00771,2022-12-08,qr_settlement,1535.0,in,LankaQR,3,8,0,-1.08,0
BNK00772,2022-12-08,card_settlement,820.0,in,POS_card,3,8,0,-1.03,0
BNK00773,2022-12-09,cash_deposit,26586.54,in,agency_banking_agent,4,9,0,-0.18,0
BNK00774,2022-12-09,qr_settlement,1696.0,in,LankaQR,4,9,0,-1.05,0
BNK00775,2022-12-09,card_settlement,1219.0,in,POS_card,4,9,0,-0.9,0
BNK00776,2022-12-10,cash_deposit,29844.87,in,agency_banking_agent,5,10,0,0.1,0
BNK00777,2022-12-10,qr_settlement,6176.0,in,LankaQR,5,10,0,-0.14,0
BNK00778,2022-12-10,card_settlement,8838.0,in,POS_card,5,10,0,1.68,0
BNK00779,2022-12-11,cash_deposit,27329.87,in,agency_banking_agent,6,11,0,-0.12,0
BNK00780,2022-12-11,qr_settlement,2519.0,in,LankaQR,6,11,0,-0.88,0
BNK00781,2022-12-11,card_settlement,6358.0,in,POS_card,6,11,0,0.84,0
BNK00782,2022-12-12,supplier_payment,53234.55,out,bank_transfer,0,12,0,2.82,1
BNK00783,2022-12-12,supplier_payment,23642.4,out,bank_transfer,0,12,0,0.61,0
BNK00784,2022-12-12,supplier_payment,28338.12,out,bank_transfer,0,12,0,0.96,0
BNK00785,2022-12-12,supplier_payment,6193.8,out,bank_transfer,0,12,0,-0.7,0
BNK00786,2022-12-12,supplier_payment,2890.65,out,bank_transfer,0,12,0,-0.94,0
BNK00787,2022-12-12,supplier_payment,5630.8,out,bank_transfer,0,12,0,-0.74,0
BNK00788,2022-12-12,cash_deposit,20806.07,in,agency_banking_agent,0,12,0,-0.68,0
BNK00789,2022-12-12,qr_settlement,2737.0,in,LankaQR,0,12,0,-0.84,0
BNK00790,2022-12-12,card_settlement,948.0,in,POS_card,0,12,0,-0.99,0
BNK00791,2022-12-13,cash_deposit,31524.75,in,agency_banking_agent,1,13,0,0.24,0
BNK00792,2022-12-13,qr_settlement,3927.0,in,LankaQR,1,13,0,-0.6,0
BNK00793,2022-12-13,card_settlement,1434.0,in,POS_card,1,13,0,-0.83,0
BNK00794,2022-12-14,cash_deposit,15827.82,in,agency_banking_agent,2,14,0,-1.11,0
BNK00795,2022-12-14,qr_settlement,6889.0,in,LankaQR,2,14,0,0.0,0
BNK00796,2022-12-14,card_settlement,719.0,in,POS_card,2,14,0,-1.07,0
BNK00797,2022-12-15,supplier_payment,56401.26,out,bank_transfer,3,15,0,3.06,1
BNK00798,2022-12-15,supplier_payment,18860.5,out,bank_transfer,3,15,0,0.25,0
BNK00799,2022-12-15,cash_deposit,25893.36,in,agency_banking_agent,3,15,0,-0.24,0
BNK00800,2022-12-15,qr_settlement,8257.0,in,LankaQR,3,15,0,0.28,0
BNK00801,2022-12-15,card_settlement,2628.0,in,POS_card,3,15,0,-0.42,0
BNK00802,2022-12-16,cash_deposit,42942.61,in,agency_banking_agent,4,16,0,1.22,0
BNK00803,2022-12-16,qr_settlement,9087.0,in,LankaQR,4,16,0,0.45,0
BNK00804,2022-12-17,cash_deposit,28930.76,in,agency_banking_agent,5,17,0,0.02,0
BNK00805,2022-12-17,qr_settlement,3485.0,in,LankaQR,5,17,0,-0.69,0
BNK00806,2022-12-17,card_settlement,2477.0,in,POS_card,5,17,0,-0.47,0
BNK00807,2022-12-18,cash_deposit,36927.77,in,agency_banking_agent,6,18,0,0.71,0
BNK00808,2022-12-18,qr_settlement,1174.0,in,LankaQR,6,18,0,-1.16,0
BNK00809,2022-12-18,card_settlement,1863.0,in,POS_card,6,18,0,-0.68,0
BNK00810,2022-12-19,supplier_payment,22040.1,out,bank_transfer,0,19,0,0.49,0
BNK00811,2022-12-19,supplier_payment,18346.65,out,bank_transfer,0,19,0,0.21,0
BNK00812,2022-12-19,supplier_payment,40960.8,out,bank_transfer,0,19,0,1.91,0
BNK00813,2022-12-19,supplier_payment,12056.4,out,bank_transfer,0,19,0,-0.26,0
BNK00814,2022-12-19,supplier_payment,5466.74,out,bank_transfer,0,19,0,-0.75,0
BNK00815,2022-12-19,supplier_payment,14183.0,out,bank_transfer,0,19,0,-0.1,0
BNK00816,2022-12-19,supplier_payment,6751.2,out,bank_transfer,0,19,0,-0.65,0
BNK00817,2022-12-19,supplier_payment,2623.04,out,bank_transfer,0,19,0,-0.96,0
BNK00818,2022-12-19,supplier_payment,5655.42,out,bank_transfer,0,19,0,-0.74,0
BNK00819,2022-12-19,cash_deposit,26126.45,in,agency_banking_agent,0,19,0,-0.22,0
BNK00820,2022-12-19,qr_settlement,2250.0,in,LankaQR,0,19,0,-0.94,0
BNK00821,2022-12-19,card_settlement,4704.0,in,POS_card,0,19,0,0.28,0
BNK00822,2022-12-20,cash_deposit,21278.13,in,agency_banking_agent,1,20,0,-0.64,0
BNK00823,2022-12-20,qr_settlement,5423.0,in,LankaQR,1,20,0,-0.29,0
BNK00824,2022-12-20,card_settlement,1311.0,in,POS_card,1,20,0,-0.87,0
BNK00825,2022-12-21,cash_deposit,31315.1,in,agency_banking_agent,2,21,0,0.22,0
BNK00826,2022-12-21,qr_settlement,3418.0,in,LankaQR,2,21,0,-0.7,0
BNK00827,2022-12-21,card_settlement,1420.0,in,POS_card,2,21,0,-0.83,0
BNK00828,2022-12-22,supplier_payment,31865.6,out,bank_transfer,3,22,0,1.22,0
BNK00829,2022-12-22,supplier_payment,11227.2,out,bank_transfer,3,22,0,-0.32,0
BNK00830,2022-12-22,cash_deposit,24943.63,in,agency_banking_agent,3,22,0,-0.32,0
BNK00831,2022-12-22,qr_settlement,1413.0,in,LankaQR,3,22,0,-1.11,0
BNK00832,2022-12-22,card_settlement,912.0,in,POS_card,3,22,0,-1.0,0
BNK00833,2022-12-23,cash_deposit,27409.23,in,agency_banking_agent,4,23,0,-0.11,0
BNK00834,2022-12-23,qr_settlement,6747.0,in,LankaQR,4,23,0,-0.03,0
BNK00835,2022-12-23,card_settlement,4255.0,in,POS_card,4,23,0,0.13,0
BNK00836,2022-12-24,cash_deposit,19203.34,in,agency_banking_agent,5,24,0,-0.82,0
BNK00837,2022-12-24,qr_settlement,2762.0,in,LankaQR,5,24,0,-0.83,0
BNK00838,2022-12-24,card_settlement,3116.0,in,POS_card,5,24,0,-0.26,0
BNK00839,2022-12-25,cash_deposit,20356.73,in,agency_banking_agent,6,25,0,-0.72,0
BNK00840,2022-12-25,qr_settlement,10804.0,in,LankaQR,6,25,0,0.8,0
BNK00841,2022-12-25,card_settlement,3060.0,in,POS_card,6,25,0,-0.28,0
BNK00842,2022-12-26,supplier_payment,12294.0,out,bank_transfer,0,26,0,-0.24,0
BNK00843,2022-12-26,supplier_payment,19822.0,out,bank_transfer,0,26,0,0.32,0
BNK00844,2022-12-26,supplier_payment,6535.23,out,bank_transfer,0,26,0,-0.67,0
BNK00845,2022-12-26,supplier_payment,5977.16,out,bank_transfer,0,26,0,-0.71,0
BNK00846,2022-12-26,supplier_payment,6467.0,out,bank_transfer,0,26,0,-0.67,0
BNK00847,2022-12-26,cash_deposit,41367.96,in,agency_banking_agent,0,26,0,1.09,1
BNK00848,2022-12-26,qr_settlement,1400.0,in,LankaQR,0,26,0,-1.11,0
BNK00849,2022-12-26,card_settlement,464.0,in,POS_card,0,26,0,-1.15,0
BNK00850,2022-12-27,cash_deposit,39946.51,in,agency_banking_agent,1,27,0,0.97,0
BNK00851,2022-12-27,qr_settlement,2033.0,in,LankaQR,1,27,0,-0.98,0
BNK00852,2022-12-27,card_settlement,893.0,in,POS_card,1,27,0,-1.01,0
BNK00853,2022-12-28,cash_deposit,28784.43,in,agency_banking_agent,2,28,0,0.01,0
BNK00854,2022-12-28,qr_settlement,2530.0,in,LankaQR,2,28,0,-0.88,0
BNK00855,2022-12-28,card_settlement,507.0,in,POS_card,2,28,0,-1.14,0
BNK00856,2022-12-29,supplier_payment,22867.65,out,bank_transfer,3,29,0,0.55,0
BNK00857,2022-12-29,supplier_payment,14276.0,out,bank_transfer,3,29,0,-0.09,0
BNK00858,2022-12-29,supplier_payment,4620.24,out,bank_transfer,3,29,0,-0.81,0
BNK00859,2022-12-29,supplier_payment,9867.9,out,bank_transfer,3,29,0,-0.42,0
BNK00860,2022-12-29,cash_deposit,26802.01,in,agency_banking_agent,3,29,0,-0.17,0
BNK00861,2022-12-29,qr_settlement,223.0,in,LankaQR,3,29,0,-1.35,0
BNK00862,2022-12-29,card_settlement,6339.0,in,POS_card,3,29,0,0.83,0
BNK00863,2022-12-30,cash_deposit,35219.18,in,agency_banking_agent,4,30,0,0.56,0
BNK00864,2022-12-30,qr_settlement,7469.0,in,LankaQR,4,30,0,0.12,0
BNK00865,2022-12-30,card_settlement,9877.0,in,POS_card,4,30,0,2.03,0
BNK00866,2022-12-31,cash_deposit,35575.26,in,agency_banking_agent,5,31,0,0.59,0
BNK00867,2022-12-31,qr_settlement,1576.0,in,LankaQR,5,31,0,-1.07,0
BNK00868,2022-12-31,card_settlement,3522.0,in,POS_card,5,31,0,-0.12,0
BNK00869,2023-01-01,cash_deposit,35844.32,in,agency_banking_agent,6,1,0,0.61,0
BNK00870,2023-01-01,qr_settlement,750.0,in,LankaQR,6,1,0,-1.24,0
BNK00871,2023-01-01,card_settlement,5554.0,in,POS_card,6,1,0,0.57,0
BNK00872,2023-01-02,supplier_payment,18682.92,out,bank_transfer,0,2,0,0.24,0
BNK00873,2023-01-02,supplier_payment,12276.0,out,bank_transfer,0,2,0,-0.24,0
BNK00874,2023-01-02,supplier_payment,6438.6,out,bank_transfer,0,2,0,-0.68,0
BNK00875,2023-01-02,supplier_payment,17658.45,out,bank_transfer,0,2,0,0.16,0
BNK00876,2023-01-02,supplier_payment,6528.5,out,bank_transfer,0,2,0,-0.67,0
BNK00877,2023-01-02,cash_deposit,19070.67,in,agency_banking_agent,0,2,0,-0.83,0
BNK00878,2023-01-02,qr_settlement,6905.0,in,LankaQR,0,2,0,0.01,0
BNK00879,2023-01-03,cash_deposit,25509.19,in,agency_banking_agent,1,3,0,-0.28,0
BNK00880,2023-01-03,qr_settlement,4410.0,in,LankaQR,1,3,0,-0.5,0
BNK00881,2023-01-03,card_settlement,2547.0,in,POS_card,1,3,0,-0.45,0
BNK00882,2023-01-04,cash_deposit,27026.22,in,agency_banking_agent,2,4,0,-0.15,0
BNK00883,2023-01-04,qr_settlement,5586.0,in,LankaQR,2,4,0,-0.26,1
BNK00884,2023-01-04,card_settlement,2589.0,in,POS_card,2,4,0,-0.43,0
BNK00885,2023-01-05,supplier_payment,63564.12,out,bank_transfer,3,5,0,3.6,1
BNK00886,2023-01-05,supplier_payment,48766.3,out,bank_transfer,3,5,0,2.49,1
BNK00887,2023-01-05,supplier_payment,16074.23,out,bank_transfer,3,5,0,0.04,0
BNK00888,2023-01-05,cash_deposit,33189.09,in,agency_banking_agent,3,5,0,0.38,0
BNK00889,2023-01-05,qr_settlement,3327.0,in,LankaQR,3,5,0,-0.72,0
BNK00890,2023-01-05,card_settlement,392.0,in,POS_card,3,5,0,-1.18,0
BNK00891,2023-01-06,cash_deposit,31706.66,in,agency_banking_agent,4,6,0,0.26,0
BNK00892,2023-01-06,qr_settlement,779.0,in,LankaQR,4,6,0,-1.24,0
BNK00893,2023-01-06,card_settlement,1035.0,in,POS_card,4,6,0,-0.96,0
BNK00894,2023-01-07,cash_deposit,32538.64,in,agency_banking_agent,5,7,0,0.33,0
BNK00895,2023-01-07,qr_settlement,6665.0,in,LankaQR,5,7,0,-0.04,0
BNK00896,2023-01-07,card_settlement,3361.0,in,POS_card,5,7,0,-0.17,0
BNK00897,2023-01-08,cash_deposit,22600.29,in,agency_banking_agent,6,8,0,-0.53,0
BNK00898,2023-01-08,qr_settlement,6138.0,in,LankaQR,6,8,0,-0.15,0
BNK00899,2023-01-09,supplier_payment,22839.3,out,bank_transfer,0,9,0,0.55,0
BNK00900,2023-01-09,supplier_payment,41398.65,out,bank_transfer,0,9,0,1.94,0
BNK00901,2023-01-09,supplier_payment,12373.2,out,bank_transfer,0,9,0,-0.23,0
BNK00902,2023-01-09,supplier_payment,6699.59,out,bank_transfer,0,9,0,-0.66,0
BNK00903,2023-01-09,supplier_payment,5055.57,out,bank_transfer,0,9,0,-0.78,0
BNK00904,2023-01-09,supplier_payment,4985.42,out,bank_transfer,0,9,0,-0.79,0
BNK00905,2023-01-09,supplier_payment,4163.32,out,bank_transfer,0,9,0,-0.85,0
BNK00906,2023-01-09,cash_deposit,23598.77,in,agency_banking_agent,0,9,0,-0.44,0
BNK00907,2023-01-09,qr_settlement,1940.0,in,LankaQR,0,9,0,-1.0,0
BNK00908,2023-01-09,card_settlement,4164.0,in,POS_card,0,9,0,0.1,0
BNK00909,2023-01-10,cash_deposit,20425.67,in,agency_banking_agent,1,10,0,-0.71,0
BNK00910,2023-01-10,qr_settlement,4139.0,in,LankaQR,1,10,0,-0.55,0
BNK00911,2023-01-10,card_settlement,2393.0,in,POS_card,1,10,0,-0.5,0
BNK00912,2023-01-11,cash_deposit,30269.53,in,agency_banking_agent,2,11,0,0.13,0
BNK00913,2023-01-11,qr_settlement,6008.0,in,LankaQR,2,11,0,-0.18,0
BNK00914,2023-01-11,card_settlement,4055.0,in,POS_card,2,11,0,0.06,0
BNK00915,2023-01-12,supplier_payment,32533.78,out,bank_transfer,3,12,0,1.27,0
BNK00916,2023-01-12,supplier_payment,10084.88,out,bank_transfer,3,12,0,-0.4,0
BNK00917,2023-01-12,supplier_payment,14485.87,out,bank_transfer,3,12,0,-0.08,0
BNK00918,2023-01-12,supplier_payment,10700.48,out,bank_transfer,3,12,0,-0.36,0
BNK00919,2023-01-12,supplier_payment,9997.4,out,bank_transfer,3,12,0,-0.41,0
BNK00920,2023-01-12,supplier_payment,6095.52,out,bank_transfer,3,12,0,-0.7,0
BNK00921,2023-01-12,cash_deposit,39005.2,in,agency_banking_agent,3,12,0,0.88,0
BNK00922,2023-01-12,qr_settlement,3225.0,in,LankaQR,3,12,0,-0.74,0
BNK00923,2023-01-12,card_settlement,815.0,in,POS_card,3,12,0,-1.03,0
BNK00924,2023-01-13,cash_deposit,41829.02,in,agency_banking_agent,4,13,0,1.13,0
BNK00925,2023-01-13,qr_settlement,2125.0,in,LankaQR,4,13,0,-0.96,0
BNK00926,2023-01-13,card_settlement,1086.0,in,POS_card,4,13,0,-0.94,0
BNK00927,2023-01-14,cash_deposit,50779.16,in,agency_banking_agent,5,14,0,1.9,0
BNK00928,2023-01-14,qr_settlement,3601.0,in,LankaQR,5,14,0,-0.66,0
BNK00929,2023-01-14,card_settlement,5294.0,in,POS_card,5,14,0,0.48,0
BNK00930,2023-01-15,cash_deposit,34275.35,in,agency_banking_agent,6,15,0,0.48,0
BNK00931,2023-01-15,qr_settlement,547.0,in,LankaQR,6,15,0,-1.28,0
BNK00932,2023-01-15,card_settlement,2274.0,in,POS_card,6,15,0,-0.54,0
BNK00933,2023-01-16,supplier_payment,35883.9,out,bank_transfer,0,16,0,1.53,0
BNK00934,2023-01-16,supplier_payment,16188.12,out,bank_transfer,0,16,0,0.05,0
BNK00935,2023-01-16,supplier_payment,21472.36,out,bank_transfer,0,16,0,0.45,0
BNK00936,2023-01-16,supplier_payment,12916.8,out,bank_transfer,0,16,0,-0.19,0
BNK00937,2023-01-16,supplier_payment,7316.8,out,bank_transfer,0,16,0,-0.61,0
BNK00938,2023-01-16,supplier_payment,4811.94,out,bank_transfer,0,16,0,-0.8,0
BNK00939,2023-01-16,supplier_payment,5476.8,out,bank_transfer,0,16,0,-0.75,0
BNK00940,2023-01-16,supplier_payment,5678.66,out,bank_transfer,0,16,0,-0.73,0
BNK00941,2023-01-16,cash_deposit,31690.79,in,agency_banking_agent,0,16,0,0.26,1
BNK00942,2023-01-16,qr_settlement,2473.0,in,LankaQR,0,16,0,-0.89,0
BNK00943,2023-01-16,card_settlement,5042.0,in,POS_card,0,16,0,0.4,0
BNK00944,2023-01-17,cash_deposit,26053.26,in,agency_banking_agent,1,17,0,-0.23,0
BNK00945,2023-01-17,qr_settlement,5768.0,in,LankaQR,1,17,0,-0.22,0
BNK00946,2023-01-17,card_settlement,4719.0,in,POS_card,1,17,0,0.29,0
BNK00947,2023-01-18,cash_deposit,22173.8,in,agency_banking_agent,2,18,0,-0.56,0
BNK00948,2023-01-18,qr_settlement,3882.0,in,LankaQR,2,18,0,-0.61,0
BNK00949,2023-01-18,card_settlement,2630.0,in,POS_card,2,18,0,-0.42,0
BNK00950,2023-01-19,supplier_payment,13659.7,out,bank_transfer,3,19,0,-0.14,0
BNK00951,2023-01-19,cash_deposit,33456.17,in,agency_banking_agent,3,19,0,0.41,0
BNK00952,2023-01-19,qr_settlement,4896.0,in,LankaQR,3,19,0,-0.4,0
BNK00953,2023-01-19,card_settlement,2826.0,in,POS_card,3,19,0,-0.35,0
BNK00954,2023-01-20,cash_deposit,28040.65,in,agency_banking_agent,4,20,0,-0.06,0
BNK00955,2023-01-20,qr_settlement,724.0,in,LankaQR,4,20,0,-1.25,0
BNK00956,2023-01-20,card_settlement,4938.0,in,POS_card,4,20,0,0.36,0
BNK00957,2023-01-21,cash_deposit,29281.77,in,agency_banking_agent,5,21,0,0.05,1
BNK00958,2023-01-21,qr_settlement,4689.0,in,LankaQR,5,21,0,-0.44,0
BNK00959,2023-01-21,card_settlement,1285.0,in,POS_card,5,21,0,-0.88,0
BNK00960,2023-01-22,cash_deposit,24867.45,in,agency_banking_agent,6,22,0,-0.33,0
BNK00961,2023-01-22,qr_settlement,5308.0,in,LankaQR,6,22,0,-0.32,0
BNK00962,2023-01-22,card_settlement,7915.0,in,POS_card,6,22,0,1.37,0
BNK00963,2023-01-23,supplier_payment,25086.0,out,bank_transfer,0,23,0,0.72,0
BNK00964,2023-01-23,supplier_payment,23958.0,out,bank_transfer,0,23,0,0.63,0
BNK00965,2023-01-23,supplier_payment,11577.0,out,bank_transfer,0,23,0,-0.29,0
BNK00966,2023-01-23,supplier_payment,13100.4,out,bank_transfer,0,23,0,-0.18,0
BNK00967,2023-01-23,supplier_payment,19758.0,out,bank_transfer,0,23,0,0.32,0
BNK00968,2023-01-23,supplier_payment,6410.88,out,bank_transfer,0,23,0,-0.68,0
BNK00969,2023-01-23,supplier_payment,5395.6,out,bank_transfer,0,23,0,-0.76,0
BNK00970,2023-01-23,supplier_payment,5497.45,out,bank_transfer,0,23,0,-0.75,0
BNK00971,2023-01-23,supplier_payment,10237.85,out,bank_transfer,0,23,0,-0.39,0
BNK00972,2023-01-23,supplier_payment,3132.15,out,bank_transfer,0,23,0,-0.92,0
BNK00973,2023-01-23,supplier_payment,5491.75,out,bank_transfer,0,23,0,-0.75,0
BNK00974,2023-01-23,cash_deposit,15722.34,in,agency_banking_agent,0,23,0,-1.12,0
BNK00975,2023-01-23,qr_settlement,10545.0,in,LankaQR,0,23,0,0.74,0
BNK00976,2023-01-23,card_settlement,380.0,in,POS_card,0,23,0,-1.18,0
BNK00977,2023-01-24,cash_deposit,34838.82,in,agency_banking_agent,1,24,0,0.53,0
BNK00978,2023-01-24,qr_settlement,4655.0,in,LankaQR,1,24,0,-0.45,0
BNK00979,2023-01-24,card_settlement,3217.0,in,POS_card,1,24,0,-0.22,0
BNK00980,2023-01-25,cash_deposit,32449.54,in,agency_banking_agent,2,25,0,0.32,0
BNK00981,2023-01-25,qr_settlement,3500.0,in,LankaQR,2,25,0,-0.68,0
BNK00982,2023-01-26,supplier_payment,6458.4,out,bank_transfer,3,26,0,-0.68,0
BNK00983,2023-01-26,supplier_payment,4267.2,out,bank_transfer,3,26,0,-0.84,0
BNK00984,2023-01-26,cash_deposit,33743.58,in,agency_banking_agent,3,26,0,0.43,0
BNK00985,2023-01-26,qr_settlement,3992.0,in,LankaQR,3,26,0,-0.58,0
BNK00986,2023-01-26,card_settlement,4618.0,in,POS_card,3,26,0,0.25,0
BNK00987,2023-01-27,cash_deposit,25768.31,in,agency_banking_agent,4,27,0,-0.25,0
BNK00988,2023-01-27,qr_settlement,4577.0,in,LankaQR,4,27,0,-0.47,0
BNK00989,2023-01-27,card_settlement,2401.0,in,POS_card,4,27,0,-0.5,0
BNK00990,2023-01-28,cash_deposit,40254.66,in,agency_banking_agent,5,28,0,0.99,0
BNK00991,2023-01-28,card_settlement,6922.0,in,POS_card,5,28,0,1.03,1
BNK00992,2023-01-29,cash_deposit,37504.43,in,agency_banking_agent,6,29,0,0.76,0
BNK00993,2023-01-29,qr_settlement,3668.0,in,LankaQR,6,29,0,-0.65,0
BNK00994,2023-01-29,card_settlement,7200.0,in,POS_card,6,29,0,1.13,0
BNK00995,2023-01-30,supplier_payment,56746.2,out,bank_transfer,0,30,0,3.09,1
BNK00996,2023-01-30,supplier_payment,32418.54,out,bank_transfer,0,30,0,1.27,0
BNK00997,2023-01-30,supplier_payment,18015.6,out,bank_transfer,0,30,0,0.19,0
BNK00998,2023-01-30,supplier_payment,20788.55,out,bank_transfer,0,30,0,0.4,0
BNK00999,2023-01-30,supplier_payment,42218.0,out,bank_transfer,0,30,0,2.0,0
BNK01000,2023-01-30,supplier_payment,13024.8,out,bank_transfer,0,30,0,-0.18,0
BNK01001,2023-01-30,supplier_payment,19353.58,out,bank_transfer,0,30,0,0.29,1
BNK01002,2023-01-30,supplier_payment,5172.56,out,bank_transfer,0,30,0,-0.77,0
BNK01003,2023-01-30,supplier_payment,10340.4,out,bank_transfer,0,30,0,-0.39,0
BNK01004,2023-01-30,cash_deposit,29847.61,in,agency_banking_agent,0,30,0,0.1,0
BNK01005,2023-01-30,qr_settlement,8462.0,in,LankaQR,0,30,0,0.32,0
BNK01006,2023-01-30,card_settlement,6054.0,in,POS_card,0,30,0,0.74,0
BNK01007,2023-01-31,cash_deposit,15633.11,in,agency_banking_agent,1,31,0,-1.13,0
BNK01008,2023-01-31,qr_settlement,5703.0,in,LankaQR,1,31,0,-0.24,0
BNK01009,2023-01-31,card_settlement,2635.0,in,POS_card,1,31,0,-0.42,0
BNK01010,2023-02-01,cash_deposit,29605.67,in,agency_banking_agent,2,1,0,0.08,0
BNK01011,2023-02-01,qr_settlement,6068.0,in,LankaQR,2,1,0,-0.16,0
BNK01012,2023-02-01,card_settlement,874.0,in,POS_card,2,1,0,-1.01,0
BNK01013,2023-02-02,supplier_payment,10860.85,out,bank_transfer,3,2,0,-0.35,0
BNK01014,2023-02-02,supplier_payment,15604.5,out,bank_transfer,3,2,0,0.01,1
BNK01015,2023-02-02,supplier_payment,5858.3,out,bank_transfer,3,2,0,-0.72,0
BNK01016,2023-02-02,supplier_payment,4304.44,out,bank_transfer,3,2,0,-0.84,0
BNK01017,2023-02-02,supplier_payment,5891.67,out,bank_transfer,3,2,0,-0.72,0
BNK01018,2023-02-02,cash_deposit,28453.16,in,agency_banking_agent,3,2,0,-0.02,0
BNK01019,2023-02-02,qr_settlement,10326.0,in,LankaQR,3,2,0,0.7,0
BNK01020,2023-02-02,card_settlement,217.0,in,POS_card,3,2,0,-1.24,0
BNK01021,2023-02-03,cash_deposit,32665.74,in,agency_banking_agent,4,3,0,0.34,0
BNK01022,2023-02-03,qr_settlement,5311.0,in,LankaQR,4,3,0,-0.32,0
BNK01023,2023-02-03,card_settlement,364.0,in,POS_card,4,3,0,-1.19,0
BNK01024,2023-02-04,cash_deposit,34682.1,in,agency_banking_agent,5,4,0,0.51,0
BNK01025,2023-02-04,qr_settlement,3960.0,in,LankaQR,5,4,0,-0.59,0
BNK01026,2023-02-04,card_settlement,8893.0,in,POS_card,5,4,0,1.7,0
BNK01027,2023-02-05,cash_deposit,31660.1,in,agency_banking_agent,6,5,0,0.25,0
BNK01028,2023-02-05,qr_settlement,2076.0,in,LankaQR,6,5,0,-0.97,0
BNK01029,2023-02-05,card_settlement,6958.0,in,POS_card,6,5,0,1.04,0
BNK01030,2023-02-06,supplier_payment,51967.74,out,bank_transfer,0,6,0,2.73,1
BNK01031,2023-02-06,supplier_payment,13395.6,out,bank_transfer,0,6,0,-0.16,0
BNK01032,2023-02-06,supplier_payment,6751.8,out,bank_transfer,0,6,0,-0.65,0
BNK01033,2023-02-06,supplier_payment,7438.8,out,bank_transfer,0,6,0,-0.6,0
BNK01034,2023-02-06,supplier_payment,5226.0,out,bank_transfer,0,6,0,-0.77,0
BNK01035,2023-02-06,supplier_payment,11679.92,out,bank_transfer,0,6,0,-0.29,0
BNK01036,2023-02-06,supplier_payment,9685.76,out,bank_transfer,0,6,0,-0.43,0
BNK01037,2023-02-06,supplier_payment,6959.0,out,bank_transfer,0,6,0,-0.64,0
BNK01038,2023-02-06,cash_deposit,39631.98,in,agency_banking_agent,0,6,0,0.94,0
BNK01039,2023-02-06,qr_settlement,4672.0,in,LankaQR,0,6,0,-0.45,0
BNK01040,2023-02-06,card_settlement,714.0,in,POS_card,0,6,0,-1.07,0
BNK01041,2023-02-07,cash_deposit,22157.73,in,agency_banking_agent,1,7,0,-0.56,0
BNK01042,2023-02-07,qr_settlement,2649.0,in,LankaQR,1,7,0,-0.86,0
BNK01043,2023-02-07,card_settlement,3222.0,in,POS_card,1,7,0,-0.22,0
BNK01044,2023-02-08,cash_deposit,29638.32,in,agency_banking_agent,2,8,0,0.08,0
BNK01045,2023-02-08,qr_settlement,5337.0,in,LankaQR,2,8,0,-0.31,0
BNK01046,2023-02-08,card_settlement,2518.0,in,POS_card,2,8,0,-0.46,0
BNK01047,2023-02-09,supplier_payment,10374.22,out,bank_transfer,3,9,0,-0.38,0
BNK01048,2023-02-09,supplier_payment,18132.4,out,bank_transfer,3,9,0,0.2,0
BNK01049,2023-02-09,supplier_payment,14669.64,out,bank_transfer,3,9,0,-0.06,0
BNK01050,2023-02-09,supplier_payment,3786.24,out,bank_transfer,3,9,0,-0.88,0
BNK01051,2023-02-09,cash_deposit,22315.41,in,agency_banking_agent,3,9,0,-0.55,0
BNK01052,2023-02-09,qr_settlement,2021.0,in,LankaQR,3,9,0,-0.98,0
BNK01053,2023-02-09,card_settlement,3630.0,in,POS_card,3,9,0,-0.08,0
BNK01054,2023-02-10,cash_deposit,38595.25,in,agency_banking_agent,4,10,0,0.85,0
BNK01055,2023-02-10,qr_settlement,3392.0,in,LankaQR,4,10,0,-0.71,0
BNK01056,2023-02-10,card_settlement,4209.0,in,POS_card,4,10,0,0.11,0
BNK01057,2023-02-11,cash_deposit,45025.13,in,agency_banking_agent,5,11,0,1.4,0
BNK01058,2023-02-11,qr_settlement,3372.0,in,LankaQR,5,11,0,-0.71,0
BNK01059,2023-02-11,card_settlement,3161.0,in,POS_card,5,11,0,-0.24,0
BNK01060,2023-02-12,cash_deposit,28844.17,in,agency_banking_agent,6,12,0,0.01,0
BNK01061,2023-02-12,qr_settlement,7642.0,in,LankaQR,6,12,0,0.16,0
BNK01062,2023-02-12,card_settlement,238.0,in,POS_card,6,12,0,-1.23,0
BNK01063,2023-02-13,supplier_payment,65181.74,out,bank_transfer,0,13,0,3.72,1
BNK01064,2023-02-13,supplier_payment,26180.4,out,bank_transfer,0,13,0,0.8,0
BNK01065,2023-02-13,supplier_payment,23897.7,out,bank_transfer,0,13,0,0.63,0
BNK01066,2023-02-13,supplier_payment,18380.4,out,bank_transfer,0,13,0,0.22,0
BNK01067,2023-02-13,supplier_payment,21033.0,out,bank_transfer,0,13,0,0.41,0
BNK01068,2023-02-13,supplier_payment,13474.8,out,bank_transfer,0,13,0,-0.15,0
BNK01069,2023-02-13,supplier_payment,6854.4,out,bank_transfer,0,13,0,-0.65,0
BNK01070,2023-02-13,supplier_payment,4899.91,out,bank_transfer,0,13,0,-0.79,0
BNK01071,2023-02-13,supplier_payment,5850.95,out,bank_transfer,0,13,0,-0.72,0
BNK01072,2023-02-13,supplier_payment,10192.05,out,bank_transfer,0,13,0,-0.4,0
BNK01073,2023-02-13,supplier_payment,5772.75,out,bank_transfer,0,13,0,-0.73,0
BNK01074,2023-02-13,cash_deposit,23358.48,in,agency_banking_agent,0,13,0,-0.46,0
BNK01075,2023-02-13,qr_settlement,4149.0,in,LankaQR,0,13,0,-0.55,0
BNK01076,2023-02-13,card_settlement,1977.0,in,POS_card,0,13,0,-0.64,0
BNK01077,2023-02-14,cash_deposit,35756.65,in,agency_banking_agent,1,14,0,0.61,0
BNK01078,2023-02-14,qr_settlement,4831.0,in,LankaQR,1,14,0,-0.41,0
BNK01079,2023-02-14,card_settlement,4208.0,in,POS_card,1,14,0,0.11,0
BNK01080,2023-02-15,cash_deposit,21517.94,in,agency_banking_agent,2,15,0,-0.62,0
BNK01081,2023-02-15,qr_settlement,7614.0,in,LankaQR,2,15,0,0.15,0
BNK01082,2023-02-15,card_settlement,1242.0,in,POS_card,2,15,0,-0.89,0
BNK01083,2023-02-16,supplier_payment,40713.0,out,bank_transfer,3,16,0,1.89,0
BNK01084,2023-02-16,supplier_payment,20434.0,out,bank_transfer,3,16,0,0.37,0
BNK01085,2023-02-16,supplier_payment,14219.06,out,bank_transfer,3,16,0,-0.1,1
BNK01086,2023-02-16,supplier_payment,7574.8,out,bank_transfer,3,16,0,-0.59,0
BNK01087,2023-02-16,supplier_payment,11958.52,out,bank_transfer,3,16,0,-0.26,0
BNK01088,2023-02-16,cash_deposit,32742.48,in,agency_banking_agent,3,16,0,0.35,0
BNK01089,2023-02-16,qr_settlement,4914.0,in,LankaQR,3,16,0,-0.4,0
BNK01090,2023-02-16,card_settlement,1377.0,in,POS_card,3,16,0,-0.84,0
BNK01091,2023-02-17,cash_deposit,49133.57,in,agency_banking_agent,4,17,1,1.76,1
BNK01092,2023-02-17,qr_settlement,2864.0,in,LankaQR,4,17,1,-0.81,0
BNK01093,2023-02-17,card_settlement,5339.0,in,POS_card,4,17,0,0.5,0
BNK01094,2023-02-18,cash_deposit,58744.92,in,agency_banking_agent,5,18,0,2.58,1
BNK01095,2023-02-18,qr_settlement,3207.0,in,LankaQR,5,18,0,-0.74,0
BNK01096,2023-02-18,card_settlement,1392.0,in,POS_card,5,18,0,-0.84,0
BNK01097,2023-02-19,cash_deposit,38337.76,in,agency_banking_agent,6,19,0,0.83,0
BNK01098,2023-02-19,qr_settlement,5676.0,in,LankaQR,6,19,0,-0.24,0
BNK01099,2023-02-19,card_settlement,3029.0,in,POS_card,6,19,0,-0.29,0
BNK01100,2023-02-20,supplier_payment,37840.5,out,bank_transfer,0,20,0,1.67,0
BNK01101,2023-02-20,supplier_payment,5579.64,out,bank_transfer,0,20,0,-0.74,0
BNK01102,2023-02-20,cash_deposit,39880.87,in,agency_banking_agent,0,20,0,0.96,0
BNK01103,2023-02-20,qr_settlement,1200.0,in,LankaQR,0,20,0,-1.15,0
BNK01104,2023-02-20,card_settlement,4796.0,in,POS_card,0,20,0,0.31,0
BNK01105,2023-02-21,cash_deposit,37142.9,in,agency_banking_agent,1,21,0,0.72,0
BNK01106,2023-02-21,qr_settlement,5316.0,in,LankaQR,1,21,0,-0.32,0
BNK01107,2023-02-21,card_settlement,2603.0,in,POS_card,1,21,0,-0.43,0
BNK01108,2023-02-22,cash_deposit,21575.54,in,agency_banking_agent,2,22,0,-0.61,0
BNK01109,2023-02-22,qr_settlement,4184.0,in,LankaQR,2,22,0,-0.55,0
BNK01110,2023-02-22,card_settlement,1578.0,in,POS_card,2,22,0,-0.78,0
BNK01111,2023-02-23,supplier_payment,21774.42,out,bank_transfer,3,23,0,0.47,0
BNK01112,2023-02-23,supplier_payment,16367.05,out,bank_transfer,3,23,0,0.07,0
BNK01113,2023-02-23,supplier_payment,20184.48,out,bank_transfer,3,23,0,0.35,0
BNK01114,2023-02-23,supplier_payment,21304.5,out,bank_transfer,3,23,0,0.43,0
BNK01115,2023-02-23,supplier_payment,16087.0,out,bank_transfer,3,23,0,0.04,0
BNK01116,2023-02-23,cash_deposit,34963.36,in,agency_banking_agent,3,23,0,0.54,1
BNK01117,2023-02-23,qr_settlement,2525.0,in,LankaQR,3,23,0,-0.88,0
BNK01118,2023-02-23,card_settlement,2007.0,in,POS_card,3,23,0,-0.63,0
BNK01119,2023-02-24,cash_deposit,19845.64,in,agency_banking_agent,4,24,0,-0.76,0
BNK01120,2023-02-24,qr_settlement,1030.0,in,LankaQR,4,24,0,-1.18,0
BNK01121,2023-02-25,cash_deposit,40692.68,in,agency_banking_agent,5,25,0,1.03,0
BNK01122,2023-02-25,qr_settlement,3346.0,in,LankaQR,5,25,0,-0.72,0
BNK01123,2023-02-25,card_settlement,2187.0,in,POS_card,5,25,0,-0.57,0
BNK01124,2023-02-26,cash_deposit,36036.62,in,agency_banking_agent,6,26,0,0.63,0
BNK01125,2023-02-26,qr_settlement,12757.0,in,LankaQR,6,26,0,1.19,0
BNK01126,2023-02-26,card_settlement,2120.0,in,POS_card,6,26,0,-0.59,0
BNK01127,2023-02-27,supplier_payment,33874.62,out,bank_transfer,0,27,0,1.38,0
BNK01128,2023-02-27,supplier_payment,6856.2,out,bank_transfer,0,27,0,-0.65,0
BNK01129,2023-02-27,supplier_payment,11516.68,out,bank_transfer,0,27,0,-0.3,0
BNK01130,2023-02-27,supplier_payment,4514.72,out,bank_transfer,0,27,0,-0.82,0
BNK01131,2023-02-27,cash_deposit,34467.67,in,agency_banking_agent,0,27,0,0.49,0
BNK01132,2023-02-27,qr_settlement,3454.0,in,LankaQR,0,27,0,-0.69,0
BNK01133,2023-02-27,card_settlement,1092.0,in,POS_card,0,27,0,-0.94,0
BNK01134,2023-02-28,cash_deposit,30668.49,in,agency_banking_agent,1,28,0,0.17,0
BNK01135,2023-02-28,qr_settlement,1981.0,in,LankaQR,1,28,0,-0.99,0
BNK01136,2023-03-01,cash_deposit,28626.69,in,agency_banking_agent,2,1,0,-0.01,0
BNK01137,2023-03-01,qr_settlement,3202.0,in,LankaQR,2,1,0,-0.74,0
BNK01138,2023-03-01,card_settlement,896.0,in,POS_card,2,1,0,-1.01,0
BNK01139,2023-03-02,supplier_payment,31229.54,out,bank_transfer,3,2,0,1.18,0
BNK01140,2023-03-02,supplier_payment,6814.8,out,bank_transfer,3,2,0,-0.65,0
BNK01141,2023-03-02,supplier_payment,6322.3,out,bank_transfer,3,2,0,-0.69,0
BNK01142,2023-03-02,supplier_payment,5724.48,out,bank_transfer,3,2,0,-0.73,0
BNK01143,2023-03-02,cash_deposit,22144.64,in,agency_banking_agent,3,2,0,-0.57,0
BNK01144,2023-03-02,qr_settlement,2623.0,in,LankaQR,3,2,0,-0.86,0
BNK01145,2023-03-02,card_settlement,3330.0,in,POS_card,3,2,0,-0.18,0
BNK01146,2023-03-03,cash_deposit,30108.04,in,agency_banking_agent,4,3,0,0.12,0
BNK01147,2023-03-03,qr_settlement,9651.0,in,LankaQR,4,3,0,0.56,0
BNK01148,2023-03-03,card_settlement,894.0,in,POS_card,4,3,0,-1.01,0
BNK01149,2023-03-04,cash_deposit,38186.24,in,agency_banking_agent,5,4,0,0.81,0
BNK01150,2023-03-04,qr_settlement,3380.0,in,LankaQR,5,4,0,-0.71,0
BNK01151,2023-03-04,card_settlement,2496.0,in,POS_card,5,4,0,-0.47,0
BNK01152,2023-03-05,cash_deposit,38171.58,in,agency_banking_agent,6,5,0,0.81,0
BNK01153,2023-03-05,qr_settlement,7224.0,in,LankaQR,6,5,0,0.07,0
BNK01154,2023-03-05,card_settlement,6235.0,in,POS_card,6,5,0,0.8,0
BNK01155,2023-03-06,supplier_payment,65539.44,out,bank_transfer,0,6,0,3.74,1
BNK01156,2023-03-06,supplier_payment,24657.3,out,bank_transfer,0,6,0,0.69,0
BNK01157,2023-03-06,supplier_payment,36840.31,out,bank_transfer,0,6,0,1.6,0
BNK01158,2023-03-06,supplier_payment,19630.8,out,bank_transfer,0,6,0,0.31,0
BNK01159,2023-03-06,supplier_payment,12162.0,out,bank_transfer,0,6,0,-0.25,0
BNK01160,2023-03-06,supplier_payment,6759.0,out,bank_transfer,0,6,0,-0.65,0
BNK01161,2023-03-06,supplier_payment,5914.3,out,bank_transfer,0,6,0,-0.72,0
BNK01162,2023-03-06,supplier_payment,4403.84,out,bank_transfer,0,6,0,-0.83,0
BNK01163,2023-03-06,supplier_payment,3328.5,out,bank_transfer,0,6,0,-0.91,0
BNK01164,2023-03-06,cash_deposit,40971.63,in,agency_banking_agent,0,6,0,1.05,0
BNK01165,2023-03-06,qr_settlement,3449.0,in,LankaQR,0,6,0,-0.69,0
BNK01166,2023-03-06,card_settlement,3581.0,in,POS_card,0,6,0,-0.1,0
BNK01167,2023-03-07,cash_deposit,25145.22,in,agency_banking_agent,1,7,0,-0.31,0
BNK01168,2023-03-07,qr_settlement,5310.0,in,LankaQR,1,7,0,-0.32,0
BNK01169,2023-03-07,card_settlement,1843.0,in,POS_card,1,7,0,-0.69,0
BNK01170,2023-03-08,cash_deposit,25932.65,in,agency_banking_agent,2,8,0,-0.24,0
BNK01171,2023-03-08,qr_settlement,528.0,in,LankaQR,2,8,0,-1.29,0
BNK01172,2023-03-08,card_settlement,2588.0,in,POS_card,2,8,0,-0.43,0
BNK01173,2023-03-09,supplier_payment,28545.0,out,bank_transfer,3,9,0,0.98,0
BNK01174,2023-03-09,supplier_payment,6522.9,out,bank_transfer,3,9,0,-0.67,0
BNK01175,2023-03-09,supplier_payment,5588.8,out,bank_transfer,3,9,0,-0.74,0
BNK01176,2023-03-09,supplier_payment,10312.08,out,bank_transfer,3,9,0,-0.39,0
BNK01177,2023-03-09,supplier_payment,10551.8,out,bank_transfer,3,9,0,-0.37,0
BNK01178,2023-03-09,cash_deposit,39517.08,in,agency_banking_agent,3,9,0,0.93,0
BNK01179,2023-03-09,qr_settlement,9624.0,in,LankaQR,3,9,0,0.56,0
BNK01180,2023-03-09,card_settlement,2882.0,in,POS_card,3,9,0,-0.34,0
BNK01181,2023-03-10,cash_deposit,23178.13,in,agency_banking_agent,4,10,0,-0.48,0
BNK01182,2023-03-10,qr_settlement,4052.0,in,LankaQR,4,10,0,-0.57,0
BNK01183,2023-03-10,card_settlement,2652.0,in,POS_card,4,10,0,-0.41,1
BNK01184,2023-03-11,cash_deposit,28187.14,in,agency_banking_agent,5,11,0,-0.05,0
BNK01185,2023-03-11,qr_settlement,7926.0,in,LankaQR,5,11,0,0.21,1
BNK01186,2023-03-11,card_settlement,3538.0,in,POS_card,5,11,0,-0.11,0
BNK01187,2023-03-12,cash_deposit,26424.28,in,agency_banking_agent,6,12,0,-0.2,0
BNK01188,2023-03-12,qr_settlement,3167.0,in,LankaQR,6,12,0,-0.75,0
BNK01189,2023-03-12,card_settlement,8567.0,in,POS_card,6,12,0,1.59,0
BNK01190,2023-03-13,supplier_payment,37945.8,out,bank_transfer,0,13,0,1.68,0
BNK01191,2023-03-13,supplier_payment,23084.4,out,bank_transfer,0,13,0,0.57,0
BNK01192,2023-03-13,supplier_payment,13262.4,out,bank_transfer,0,13,0,-0.17,0
BNK01193,2023-03-13,supplier_payment,21027.0,out,bank_transfer,0,13,0,0.41,0
BNK01194,2023-03-13,supplier_payment,6654.48,out,bank_transfer,0,13,0,-0.66,0
BNK01195,2023-03-13,supplier_payment,5950.56,out,bank_transfer,0,13,0,-0.71,0
BNK01196,2023-03-13,cash_deposit,23521.21,in,agency_banking_agent,0,13,0,-0.45,0
BNK01197,2023-03-13,qr_settlement,1615.0,in,LankaQR,0,13,0,-1.07,0
BNK01198,2023-03-14,cash_deposit,34032.23,in,agency_banking_agent,1,14,0,0.46,0
BNK01199,2023-03-14,qr_settlement,1180.0,in,LankaQR,1,14,0,-1.15,0
BNK01200,2023-03-14,card_settlement,2551.0,in,POS_card,1,14,0,-0.45,0
BNK01201,2023-03-15,cash_deposit,24120.05,in,agency_banking_agent,2,15,0,-0.4,0
BNK01202,2023-03-15,qr_settlement,928.0,in,LankaQR,2,15,0,-1.21,0
BNK01203,2023-03-15,card_settlement,3725.0,in,POS_card,2,15,0,-0.05,0
BNK01204,2023-03-16,supplier_payment,56566.8,out,bank_transfer,3,16,0,3.07,1
BNK01205,2023-03-16,supplier_payment,15475.18,out,bank_transfer,3,16,0,-0.0,0
BNK01206,2023-03-16,supplier_payment,5215.15,out,bank_transfer,3,16,0,-0.77,0
BNK01207,2023-03-16,supplier_payment,12031.88,out,bank_transfer,3,16,0,-0.26,0
BNK01208,2023-03-16,cash_deposit,36049.78,in,agency_banking_agent,3,16,0,0.63,0
BNK01209,2023-03-17,cash_deposit,29161.96,in,agency_banking_agent,4,17,0,0.04,0
BNK01210,2023-03-17,qr_settlement,4681.0,in,LankaQR,4,17,0,-0.44,0
BNK01211,2023-03-18,cash_deposit,47866.28,in,agency_banking_agent,5,18,0,1.65,0
BNK01212,2023-03-18,qr_settlement,5979.0,in,LankaQR,5,18,0,-0.18,0
BNK01213,2023-03-18,card_settlement,2558.0,in,POS_card,5,18,0,-0.44,0
BNK01214,2023-03-19,cash_deposit,25148.12,in,agency_banking_agent,6,19,0,-0.31,0
BNK01215,2023-03-19,qr_settlement,1128.0,in,LankaQR,6,19,0,-1.16,0
BNK01216,2023-03-19,card_settlement,7818.0,in,POS_card,6,19,0,1.33,0
BNK01217,2023-03-20,supplier_payment,37035.9,out,bank_transfer,0,20,0,1.61,0
BNK01218,2023-03-20,supplier_payment,18938.4,out,bank_transfer,0,20,0,0.26,0
BNK01219,2023-03-20,supplier_payment,46652.85,out,bank_transfer,0,20,0,2.33,1
BNK01220,2023-03-20,supplier_payment,7104.6,out,bank_transfer,0,20,0,-0.63,0
BNK01221,2023-03-20,supplier_payment,4715.12,out,bank_transfer,0,20,0,-0.81,0
BNK01222,2023-03-20,supplier_payment,4334.12,out,bank_transfer,0,20,0,-0.83,0
BNK01223,2023-03-20,supplier_payment,2959.36,out,bank_transfer,0,20,0,-0.94,0
BNK01224,2023-03-20,cash_deposit,35290.5,in,agency_banking_agent,0,20,0,0.57,0
BNK01225,2023-03-20,qr_settlement,2860.0,in,LankaQR,0,20,0,-0.81,0
BNK01226,2023-03-20,card_settlement,1181.0,in,POS_card,0,20,0,-0.91,0
BNK01227,2023-03-21,cash_deposit,31225.8,in,agency_banking_agent,1,21,0,0.22,0
BNK01228,2023-03-21,qr_settlement,5987.0,in,LankaQR,1,21,0,-0.18,0
BNK01229,2023-03-21,card_settlement,4177.0,in,POS_card,1,21,0,0.1,0
BNK01230,2023-03-22,cash_deposit,31754.39,in,agency_banking_agent,2,22,0,0.26,0
BNK01231,2023-03-22,qr_settlement,2370.0,in,LankaQR,2,22,0,-0.91,0
BNK01232,2023-03-22,card_settlement,4630.0,in,POS_card,2,22,0,0.26,0
BNK01233,2023-03-23,supplier_payment,53354.88,out,bank_transfer,3,23,0,2.83,1
BNK01234,2023-03-23,supplier_payment,33300.15,out,bank_transfer,3,23,0,1.33,0
BNK01235,2023-03-23,supplier_payment,25697.2,out,bank_transfer,3,23,0,0.76,0
BNK01236,2023-03-23,supplier_payment,18447.88,out,bank_transfer,3,23,0,0.22,0
BNK01237,2023-03-23,supplier_payment,14051.84,out,bank_transfer,3,23,0,-0.11,0
BNK01238,2023-03-23,supplier_payment,11870.32,out,bank_transfer,3,23,0,-0.27,0
BNK01239,2023-03-23,supplier_payment,5447.97,out,bank_transfer,3,23,0,-0.75,0
BNK01240,2023-03-23,supplier_payment,10891.3,out,bank_transfer,3,23,0,-0.34,0
BNK01241,2023-03-23,supplier_payment,6317.36,out,bank_transfer,3,23,0,-0.69,0
BNK01242,2023-03-23,cash_deposit,31340.99,in,agency_banking_agent,3,23,0,0.23,1
BNK01243,2023-03-23,qr_settlement,3938.0,in,LankaQR,3,23,0,-0.59,0
BNK01244,2023-03-23,card_settlement,4208.0,in,POS_card,3,23,0,0.11,0
BNK01245,2023-03-24,cash_deposit,29981.72,in,agency_banking_agent,4,24,0,0.11,0
BNK01246,2023-03-24,qr_settlement,2607.0,in,LankaQR,4,24,0,-0.86,0
BNK01247,2023-03-25,cash_deposit,28967.3,in,agency_banking_agent,5,25,0,0.02,0
BNK01248,2023-03-25,qr_settlement,2783.0,in,LankaQR,5,25,0,-0.83,0
BNK01249,2023-03-25,card_settlement,1067.0,in,POS_card,5,25,0,-0.95,0
BNK01250,2023-03-26,cash_deposit,49123.68,in,agency_banking_agent,6,26,0,1.75,0
BNK01251,2023-03-26,qr_settlement,5682.0,in,LankaQR,6,26,0,-0.24,0
BNK01252,2023-03-26,card_settlement,2628.0,in,POS_card,6,26,0,-0.42,0
BNK01253,2023-03-27,supplier_payment,11951.4,out,bank_transfer,0,27,0,-0.26,0
BNK01254,2023-03-27,supplier_payment,20737.92,out,bank_transfer,0,27,0,0.39,0
BNK01255,2023-03-27,supplier_payment,13143.6,out,bank_transfer,0,27,0,-0.18,0
BNK01256,2023-03-27,supplier_payment,6512.7,out,bank_transfer,0,27,0,-0.67,0
BNK01257,2023-03-27,cash_deposit,27227.82,in,agency_banking_agent,0,27,0,-0.13,0
BNK01258,2023-03-27,qr_settlement,4932.0,in,LankaQR,0,27,0,-0.39,0
BNK01259,2023-03-27,card_settlement,1941.0,in,POS_card,0,27,0,-0.65,0
BNK01260,2023-03-28,cash_deposit,31277.19,in,agency_banking_agent,1,28,0,0.22,0
BNK01261,2023-03-28,qr_settlement,10045.0,in,LankaQR,1,28,0,0.64,0
BNK01262,2023-03-28,card_settlement,2619.0,in,POS_card,1,28,0,-0.42,0
BNK01263,2023-03-29,cash_deposit,27224.83,in,agency_banking_agent,2,29,0,-0.13,0
BNK01264,2023-03-29,qr_settlement,248.0,in,LankaQR,2,29,0,-1.34,0
BNK01265,2023-03-29,card_settlement,4871.0,in,POS_card,2,29,0,0.34,0
BNK01266,2023-03-30,supplier_payment,16557.2,out,bank_transfer,3,30,0,0.08,0
BNK01267,2023-03-30,supplier_payment,7216.2,out,bank_transfer,3,30,0,-0.62,0
BNK01268,2023-03-30,supplier_payment,10582.25,out,bank_transfer,3,30,0,-0.37,0
BNK01269,2023-03-30,supplier_payment,4546.08,out,bank_transfer,3,30,0,-0.82,0
BNK01270,2023-03-30,supplier_payment,6165.9,out,bank_transfer,3,30,0,-0.7,0
BNK01271,2023-03-30,cash_deposit,32159.69,in,agency_banking_agent,3,30,0,0.3,0
BNK01272,2023-03-30,qr_settlement,8184.0,in,LankaQR,3,30,0,0.27,0
BNK01273,2023-03-30,card_settlement,8091.0,in,POS_card,3,30,0,1.43,0
BNK01274,2023-03-31,cash_deposit,23949.69,in,agency_banking_agent,4,31,0,-0.41,0
BNK01275,2023-03-31,qr_settlement,3802.0,in,LankaQR,4,31,0,-0.62,0
BNK01276,2023-03-31,card_settlement,9150.0,in,POS_card,4,31,0,1.79,0
BNK01277,2023-04-01,cash_deposit,39017.05,in,agency_banking_agent,5,1,0,0.89,0
BNK01278,2023-04-01,qr_settlement,1054.0,in,LankaQR,5,1,0,-1.18,0
BNK01279,2023-04-02,cash_deposit,27706.09,in,agency_banking_agent,6,2,0,-0.09,0
BNK01280,2023-04-02,qr_settlement,11373.0,in,LankaQR,6,2,0,0.91,0
BNK01281,2023-04-02,card_settlement,4389.0,in,POS_card,6,2,0,0.17,1
BNK01282,2023-04-03,supplier_payment,26632.8,out,bank_transfer,0,3,0,0.83,1
BNK01283,2023-04-03,supplier_payment,24220.8,out,bank_transfer,0,3,0,0.65,0
BNK01284,2023-04-03,supplier_payment,36912.96,out,bank_transfer,0,3,0,1.6,0
BNK01285,2023-04-03,supplier_payment,13647.6,out,bank_transfer,0,3,0,-0.14,0
BNK01286,2023-04-03,supplier_payment,6679.53,out,bank_transfer,0,3,0,-0.66,0
BNK01287,2023-04-03,supplier_payment,20915.0,out,bank_transfer,0,3,0,0.41,0
BNK01288,2023-04-03,supplier_payment,5366.4,out,bank_transfer,0,3,0,-0.76,0
BNK01289,2023-04-03,supplier_payment,6113.45,out,bank_transfer,0,3,0,-0.7,0
BNK01290,2023-04-03,supplier_payment,3850.56,out,bank_transfer,0,3,0,-0.87,0
BNK01291,2023-04-03,cash_deposit,46303.73,in,agency_banking_agent,0,3,0,1.51,0
BNK01292,2023-04-03,qr_settlement,5561.0,in,LankaQR,0,3,0,-0.27,0
BNK01293,2023-04-03,card_settlement,3487.0,in,POS_card,0,3,0,-0.13,0
BNK01294,2023-04-04,cash_deposit,54867.84,in,agency_banking_agent,1,4,0,2.25,0
BNK01295,2023-04-04,qr_settlement,9541.0,in,LankaQR,1,4,0,0.54,0
BNK01296,2023-04-04,card_settlement,3937.0,in,POS_card,1,4,0,0.02,0
BNK01297,2023-04-05,cash_deposit,41566.22,in,agency_banking_agent,2,5,0,1.1,0
BNK01298,2023-04-05,qr_settlement,7175.0,in,LankaQR,2,5,0,0.06,0
BNK01299,2023-04-05,card_settlement,4255.0,in,POS_card,2,5,0,0.13,0
BNK01300,2023-04-06,supplier_payment,64795.0,out,bank_transfer,3,6,0,3.69,1
BNK01301,2023-04-06,supplier_payment,12496.2,out,bank_transfer,3,6,0,-0.22,0
BNK01302,2023-04-06,supplier_payment,38897.73,out,bank_transfer,3,6,0,1.75,0
BNK01303,2023-04-06,supplier_payment,7797.6,out,bank_transfer,3,6,0,-0.58,0
BNK01304,2023-04-06,supplier_payment,10656.45,out,bank_transfer,3,6,0,-0.36,0
BNK01305,2023-04-06,supplier_payment,6524.56,out,bank_transfer,3,6,0,-0.67,0
BNK01306,2023-04-06,supplier_payment,6975.0,out,bank_transfer,3,6,0,-0.64,0
BNK01307,2023-04-06,cash_deposit,61842.57,in,agency_banking_agent,3,6,0,2.85,1
BNK01308,2023-04-06,qr_settlement,11964.0,in,LankaQR,3,6,0,1.03,0
BNK01309,2023-04-06,card_settlement,3594.0,in,POS_card,3,6,0,-0.09,0
BNK01310,2023-04-07,cash_deposit,76389.01,in,agency_banking_agent,4,7,0,4.1,1
BNK01311,2023-04-07,qr_settlement,2743.0,in,LankaQR,4,7,0,-0.84,0
BNK01312,2023-04-07,card_settlement,8299.0,in,POS_card,4,7,0,1.5,0
BNK01313,2023-04-08,cash_deposit,73487.91,in,agency_banking_agent,5,8,0,3.85,1
BNK01314,2023-04-08,qr_settlement,10079.0,in,LankaQR,5,8,0,0.65,0
BNK01315,2023-04-08,card_settlement,8465.0,in,POS_card,5,8,0,1.55,0
BNK01316,2023-04-09,cash_deposit,65114.06,in,agency_banking_agent,6,9,0,3.13,1
BNK01317,2023-04-09,qr_settlement,19026.0,in,LankaQR,6,9,0,2.47,1
BNK01318,2023-04-09,card_settlement,10532.0,in,POS_card,6,9,0,2.25,0
BNK01319,2023-04-10,supplier_payment,74585.0,out,bank_transfer,0,10,0,4.42,1
BNK01320,2023-04-10,supplier_payment,60531.0,out,bank_transfer,0,10,0,3.37,1
BNK01321,2023-04-10,supplier_payment,26523.9,out,bank_transfer,0,10,0,0.83,0
BNK01322,2023-04-10,supplier_payment,39276.9,out,bank_transfer,0,10,0,1.78,0
BNK01323,2023-04-10,supplier_payment,37981.04,out,bank_transfer,0,10,0,1.68,0
BNK01324,2023-04-10,supplier_payment,34607.36,out,bank_transfer,0,10,0,1.43,0
BNK01325,2023-04-10,supplier_payment,28479.0,out,bank_transfer,0,10,0,0.97,0
BNK01326,2023-04-10,supplier_payment,19738.8,out,bank_transfer,0,10,0,0.32,0
BNK01327,2023-04-10,supplier_payment,12396.0,out,bank_transfer,0,10,0,-0.23,0
BNK01328,2023-04-10,supplier_payment,23020.8,out,bank_transfer,0,10,0,0.56,0
BNK01329,2023-04-10,supplier_payment,14162.4,out,bank_transfer,0,10,0,-0.1,0
BNK01330,2023-04-10,supplier_payment,21837.5,out,bank_transfer,0,10,0,0.47,0
BNK01331,2023-04-10,supplier_payment,16613.5,out,bank_transfer,0,10,0,0.08,0
BNK01332,2023-04-10,supplier_payment,5615.2,out,bank_transfer,0,10,0,-0.74,0
BNK01333,2023-04-10,supplier_payment,5899.95,out,bank_transfer,0,10,0,-0.72,0
BNK01334,2023-04-10,supplier_payment,4655.28,out,bank_transfer,0,10,0,-0.81,0
BNK01335,2023-04-10,supplier_payment,3271.1,out,bank_transfer,0,10,0,-0.91,0
BNK01336,2023-04-10,supplier_payment,6347.97,out,bank_transfer,0,10,0,-0.68,0
BNK01337,2023-04-10,supplier_payment,7393.5,out,bank_transfer,0,10,0,-0.61,0
BNK01338,2023-04-10,cash_deposit,130127.64,in,agency_banking_agent,0,10,0,8.72,1
BNK01339,2023-04-10,qr_settlement,25309.0,in,LankaQR,0,10,0,3.74,1
BNK01340,2023-04-10,card_settlement,22345.0,in,POS_card,0,10,0,6.25,1
BNK01341,2023-04-11,cash_deposit,97762.59,in,agency_banking_agent,1,11,0,5.94,1
BNK01342,2023-04-11,qr_settlement,25098.0,in,LankaQR,1,11,0,3.7,1
BNK01343,2023-04-11,card_settlement,12101.0,in,POS_card,1,11,0,2.78,1
BNK01344,2023-04-12,cash_deposit,87146.16,in,agency_banking_agent,2,12,1,5.02,1
BNK01345,2023-04-12,qr_settlement,5956.0,in,LankaQR,2,12,1,-0.19,0
BNK01346,2023-04-12,card_settlement,8656.0,in,POS_card,2,12,0,1.62,0
BNK01347,2023-04-13,supplier_payment,27018.0,out,bank_transfer,3,13,1,0.86,0
BNK01348,2023-04-13,supplier_payment,25463.7,out,bank_transfer,3,13,1,0.75,0
BNK01349,2023-04-13,supplier_payment,38738.7,out,bank_transfer,3,13,1,1.74,1
BNK01350,2023-04-13,supplier_payment,18668.73,out,bank_transfer,3,13,1,0.24,0
BNK01351,2023-04-13,supplier_payment,13042.2,out,bank_transfer,3,13,1,-0.18,0
BNK01352,2023-04-13,supplier_payment,14302.8,out,bank_transfer,3,13,1,-0.09,0
BNK01353,2023-04-13,supplier_payment,18104.1,out,bank_transfer,3,13,1,0.2,0
BNK01354,2023-04-13,supplier_payment,7669.6,out,bank_transfer,3,13,1,-0.58,0
BNK01355,2023-04-13,supplier_payment,5584.0,out,bank_transfer,3,13,1,-0.74,0
BNK01356,2023-04-13,supplier_payment,11868.36,out,bank_transfer,3,13,1,-0.27,0
BNK01357,2023-04-13,supplier_payment,6235.95,out,bank_transfer,3,13,1,-0.69,0
BNK01358,2023-04-13,supplier_payment,10775.45,out,bank_transfer,3,13,1,-0.35,0
BNK01359,2023-04-13,supplier_payment,3313.45,out,bank_transfer,3,13,1,-0.91,0
BNK01360,2023-04-13,cash_deposit,112967.2,in,agency_banking_agent,3,13,1,7.25,1
BNK01361,2023-04-13,qr_settlement,18409.0,in,LankaQR,3,13,1,2.34,1
BNK01362,2023-04-13,card_settlement,10191.0,in,POS_card,3,13,0,2.14,0
BNK01363,2023-04-14,cash_deposit,133387.34,in,agency_banking_agent,4,14,0,9.0,1
BNK01364,2023-04-14,qr_settlement,20875.0,in,LankaQR,4,14,0,2.84,1
BNK01365,2023-04-14,card_settlement,14417.0,in,POS_card,4,14,0,3.57,1
BNK01366,2023-04-15,cash_deposit,18208.26,in,agency_banking_agent,5,15,0,-0.9,0
BNK01367,2023-04-15,qr_settlement,1221.0,in,LankaQR,5,15,0,-1.15,0
BNK01368,2023-04-15,card_settlement,330.0,in,POS_card,5,15,0,-1.2,0
BNK01369,2023-04-16,cash_deposit,9511.61,in,agency_banking_agent,6,16,0,-1.65,0
BNK01370,2023-04-16,qr_settlement,2567.0,in,LankaQR,6,16,0,-0.87,0
BNK01371,2023-04-17,supplier_payment,57084.0,out,bank_transfer,0,17,0,3.11,1
BNK01372,2023-04-17,supplier_payment,37990.8,out,bank_transfer,0,17,0,1.68,0
BNK01373,2023-04-17,supplier_payment,10648.56,out,bank_transfer,0,17,0,-0.36,0
BNK01374,2023-04-17,supplier_payment,40016.0,out,bank_transfer,0,17,0,1.83,0
BNK01375,2023-04-17,supplier_payment,13521.6,out,bank_transfer,0,17,0,-0.15,0
BNK01376,2023-04-17,supplier_payment,6946.2,out,bank_transfer,0,17,0,-0.64,0
BNK01377,2023-04-17,supplier_payment,21227.5,out,bank_transfer,0,17,0,0.43,0
BNK01378,2023-04-17,supplier_payment,16137.0,out,bank_transfer,0,17,0,0.05,0
BNK01379,2023-04-17,supplier_payment,5983.25,out,bank_transfer,0,17,0,-0.71,0
BNK01380,2023-04-17,supplier_payment,3162.72,out,bank_transfer,0,17,0,-0.92,0
BNK01381,2023-04-17,supplier_payment,6356.56,out,bank_transfer,0,17,0,-0.68,0
BNK01382,2023-04-17,supplier_payment,6732.5,out,bank_transfer,0,17,0,-0.66,0
BNK01383,2023-04-17,cash_deposit,42290.86,in,agency_banking_agent,0,17,0,1.17,0
BNK01384,2023-04-17,qr_settlement,3488.0,in,LankaQR,0,17,0,-0.69,1
BNK01385,2023-04-17,card_settlement,1040.0,in,POS_card,0,17,0,-0.96,0
BNK01386,2023-04-18,cash_deposit,38350.8,in,agency_banking_agent,1,18,0,0.83,0
BNK01387,2023-04-18,qr_settlement,3283.0,in,LankaQR,1,18,0,-0.73,0
BNK01388,2023-04-18,card_settlement,1070.0,in,POS_card,1,18,0,-0.95,0
BNK01389,2023-04-19,cash_deposit,21824.8,in,agency_banking_agent,2,19,0,-0.59,0
BNK01390,2023-04-19,qr_settlement,2242.0,in,LankaQR,2,19,0,-0.94,0
BNK01391,2023-04-19,card_settlement,6670.0,in,POS_card,2,19,0,0.95,0
BNK01392,2023-04-20,supplier_payment,19248.0,out,bank_transfer,3,20,0,0.28,0
BNK01393,2023-04-20,cash_deposit,22342.29,in,agency_banking_agent,3,20,0,-0.55,0
BNK01394,2023-04-20,qr_settlement,5266.0,in,LankaQR,3,20,0,-0.33,0
BNK01395,2023-04-20,card_settlement,7369.0,in,POS_card,3,20,0,1.18,0
BNK01396,2023-04-21,cash_deposit,36078.3,in,agency_banking_agent,4,21,0,0.63,0
BNK01397,2023-04-21,qr_settlement,4321.0,in,LankaQR,4,21,0,-0.52,0
BNK01398,2023-04-21,card_settlement,4611.0,in,POS_card,4,21,0,0.25,0
BNK01399,2023-04-22,cash_deposit,31577.27,in,agency_banking_agent,5,22,0,0.25,0
BNK01400,2023-04-22,qr_settlement,4506.0,in,LankaQR,5,22,0,-0.48,0
BNK01401,2023-04-22,card_settlement,6162.0,in,POS_card,5,22,0,0.77,0
BNK01402,2023-04-23,cash_deposit,33711.74,in,agency_banking_agent,6,23,0,0.43,0
BNK01403,2023-04-23,qr_settlement,6469.0,in,LankaQR,6,23,0,-0.08,0
BNK01404,2023-04-23,card_settlement,4417.0,in,POS_card,6,23,0,0.18,0
BNK01405,2023-04-24,supplier_payment,22379.76,out,bank_transfer,0,24,0,0.52,0
BNK01406,2023-04-24,supplier_payment,22874.04,out,bank_transfer,0,24,0,0.55,0
BNK01407,2023-04-24,supplier_payment,13345.2,out,bank_transfer,0,24,0,-0.16,0
BNK01408,2023-04-24,supplier_payment,6667.2,out,bank_transfer,0,24,0,-0.66,0
BNK01409,2023-04-24,supplier_payment,4692.34,out,bank_transfer,0,24,0,-0.81,0
BNK01410,2023-04-24,supplier_payment,5839.75,out,bank_transfer,0,24,0,-0.72,0
BNK01411,2023-04-24,supplier_payment,10442.25,out,bank_transfer,0,24,0,-0.38,0
BNK01412,2023-04-24,supplier_payment,4457.6,out,bank_transfer,0,24,0,-0.83,0
BNK01413,2023-04-24,supplier_payment,5505.12,out,bank_transfer,0,24,0,-0.75,0
BNK01414,2023-04-24,cash_deposit,25412.56,in,agency_banking_agent,0,24,0,-0.28,0
BNK01415,2023-04-24,qr_settlement,5523.0,in,LankaQR,0,24,0,-0.27,0
BNK01416,2023-04-25,cash_deposit,30952.52,in,agency_banking_agent,1,25,0,0.19,0
BNK01417,2023-04-25,qr_settlement,3106.0,in,LankaQR,1,25,0,-0.76,0
BNK01418,2023-04-25,card_settlement,2860.0,in,POS_card,1,25,0,-0.34,0
BNK01419,2023-04-26,cash_deposit,29504.77,in,agency_banking_agent,2,26,0,0.07,1
BNK01420,2023-04-26,qr_settlement,2715.0,in,LankaQR,2,26,0,-0.84,0
BNK01421,2023-04-26,card_settlement,2156.0,in,POS_card,2,26,0,-0.58,0
BNK01422,2023-04-27,supplier_payment,24075.0,out,bank_transfer,3,27,0,0.64,0
BNK01423,2023-04-27,supplier_payment,12100.8,out,bank_transfer,3,27,0,-0.25,0
BNK01424,2023-04-27,supplier_payment,36491.25,out,bank_transfer,3,27,0,1.57,0
BNK01425,2023-04-27,supplier_payment,6530.18,out,bank_transfer,3,27,0,-0.67,0
BNK01426,2023-04-27,cash_deposit,30643.61,in,agency_banking_agent,3,27,0,0.17,0
BNK01427,2023-04-27,qr_settlement,3343.0,in,LankaQR,3,27,0,-0.72,0
BNK01428,2023-04-27,card_settlement,4580.0,in,POS_card,3,27,0,0.24,0
BNK01429,2023-04-28,cash_deposit,30604.47,in,agency_banking_agent,4,28,0,0.16,0
BNK01430,2023-04-28,qr_settlement,2453.0,in,LankaQR,4,28,0,-0.9,0
BNK01431,2023-04-29,cash_deposit,32082.4,in,agency_banking_agent,5,29,0,0.29,0
BNK01432,2023-04-29,qr_settlement,3321.0,in,LankaQR,5,29,0,-0.72,0
BNK01433,2023-04-29,card_settlement,8684.0,in,POS_card,5,29,0,1.63,0
BNK01434,2023-04-30,cash_deposit,39639.5,in,agency_banking_agent,6,30,0,0.94,0
BNK01435,2023-04-30,qr_settlement,4364.0,in,LankaQR,6,30,0,-0.51,0
BNK01436,2023-04-30,card_settlement,1571.0,in,POS_card,6,30,0,-0.78,0
BNK01437,2023-05-01,supplier_payment,33894.42,out,bank_transfer,0,1,0,1.38,0
BNK01438,2023-05-01,supplier_payment,33060.0,out,bank_transfer,0,1,0,1.31,0
BNK01439,2023-05-01,supplier_payment,18175.2,out,bank_transfer,0,1,0,0.2,0
BNK01440,2023-05-01,supplier_payment,21449.1,out,bank_transfer,0,1,0,0.45,0
BNK01441,2023-05-01,supplier_payment,13320.0,out,bank_transfer,0,1,0,-0.16,0
BNK01442,2023-05-01,supplier_payment,6543.68,out,bank_transfer,0,1,0,-0.67,0
BNK01443,2023-05-01,supplier_payment,7548.8,out,bank_transfer,0,1,0,-0.59,0
BNK01444,2023-05-01,supplier_payment,11677.96,out,bank_transfer,0,1,0,-0.29,0
BNK01445,2023-05-01,supplier_payment,10343.9,out,bank_transfer,0,1,0,-0.38,0
BNK01446,2023-05-01,supplier_payment,4294.36,out,bank_transfer,0,1,0,-0.84,0
BNK01447,2023-05-01,cash_deposit,35606.66,in,agency_banking_agent,0,1,0,0.59,0
BNK01448,2023-05-01,qr_settlement,6557.0,in,LankaQR,0,1,0,-0.06,0
BNK01449,2023-05-01,card_settlement,1363.0,in,POS_card,0,1,0,-0.85,0
BNK01450,2023-05-02,cash_deposit,26318.06,in,agency_banking_agent,1,2,0,-0.21,0
BNK01451,2023-05-02,qr_settlement,3138.0,in,LankaQR,1,2,0,-0.76,0
BNK01452,2023-05-02,card_settlement,3717.0,in,POS_card,1,2,0,-0.05,0
BNK01453,2023-05-03,cash_deposit,37083.42,in,agency_banking_agent,2,3,0,0.72,0
BNK01454,2023-05-03,qr_settlement,4832.0,in,LankaQR,2,3,0,-0.41,0
BNK01455,2023-05-03,card_settlement,322.0,in,POS_card,2,3,0,-1.2,0
BNK01456,2023-05-04,supplier_payment,55154.0,out,bank_transfer,3,4,0,2.97,1
BNK01457,2023-05-04,supplier_payment,5814.55,out,bank_transfer,3,4,0,-0.72,0
BNK01458,2023-05-04,supplier_payment,6485.92,out,bank_transfer,3,4,0,-0.67,0
BNK01459,2023-05-04,cash_deposit,26414.91,in,agency_banking_agent,3,4,0,-0.2,0
BNK01460,2023-05-04,qr_settlement,4527.0,in,LankaQR,3,4,0,-0.48,0
BNK01461,2023-05-04,card_settlement,5301.0,in,POS_card,3,4,0,0.48,0
BNK01462,2023-05-05,cash_deposit,25511.4,in,agency_banking_agent,4,5,0,-0.28,0
BNK01463,2023-05-05,qr_settlement,8659.0,in,LankaQR,4,5,0,0.36,0
BNK01464,2023-05-05,card_settlement,642.0,in,POS_card,4,5,0,-1.09,0
BNK01465,2023-05-06,cash_deposit,41283.4,in,agency_banking_agent,5,6,0,1.08,0
BNK01466,2023-05-06,qr_settlement,4245.0,in,LankaQR,5,6,0,-0.53,0
BNK01467,2023-05-06,card_settlement,2028.0,in,POS_card,5,6,0,-0.62,0
BNK01468,2023-05-07,cash_deposit,29218.64,in,agency_banking_agent,6,7,0,0.04,0
BNK01469,2023-05-07,qr_settlement,3324.0,in,LankaQR,6,7,0,-0.72,0
BNK01470,2023-05-07,card_settlement,8051.0,in,POS_card,6,7,0,1.41,0
BNK01471,2023-05-08,supplier_payment,37360.8,out,bank_transfer,0,8,0,1.64,0
BNK01472,2023-05-08,supplier_payment,43888.05,out,bank_transfer,0,8,0,2.12,0
BNK01473,2023-05-08,supplier_payment,13230.0,out,bank_transfer,0,8,0,-0.17,0
BNK01474,2023-05-08,supplier_payment,19709.45,out,bank_transfer,0,8,0,0.32,0
BNK01475,2023-05-08,supplier_payment,10607.1,out,bank_transfer,0,8,0,-0.37,0
BNK01476,2023-05-08,supplier_payment,3265.15,out,bank_transfer,0,8,0,-0.91,0
BNK01477,2023-05-08,cash_deposit,25321.75,in,agency_banking_agent,0,8,0,-0.29,0
BNK01478,2023-05-08,qr_settlement,3995.0,in,LankaQR,0,8,0,-0.58,0
BNK01479,2023-05-08,card_settlement,5478.0,in,POS_card,0,8,0,0.54,0
BNK01480,2023-05-09,cash_deposit,31622.07,in,agency_banking_agent,1,9,0,0.25,0
BNK01481,2023-05-09,qr_settlement,4481.0,in,LankaQR,1,9,0,-0.48,0
BNK01482,2023-05-09,card_settlement,3760.0,in,POS_card,1,9,0,-0.04,0
BNK01483,2023-05-10,cash_deposit,17109.49,in,agency_banking_agent,2,10,0,-1.0,0
BNK01484,2023-05-10,qr_settlement,4286.0,in,LankaQR,2,10,0,-0.52,0
BNK01485,2023-05-10,card_settlement,3013.0,in,POS_card,2,10,0,-0.29,0
BNK01486,2023-05-11,supplier_payment,6851.5,out,bank_transfer,3,11,0,-0.65,1
BNK01487,2023-05-11,cash_deposit,26886.19,in,agency_banking_agent,3,11,0,-0.16,0
BNK01488,2023-05-11,qr_settlement,872.0,in,LankaQR,3,11,0,-1.22,0
BNK01489,2023-05-11,card_settlement,1218.0,in,POS_card,3,11,0,-0.9,0
BNK01490,2023-05-12,cash_deposit,40502.72,in,agency_banking_agent,4,12,0,1.01,0
BNK01491,2023-05-12,qr_settlement,8015.0,in,LankaQR,4,12,0,0.23,0
BNK01492,2023-05-12,card_settlement,4544.0,in,POS_card,4,12,0,0.23,0
BNK01493,2023-05-13,cash_deposit,43701.67,in,agency_banking_agent,5,13,0,1.29,0
BNK01494,2023-05-13,qr_settlement,812.0,in,LankaQR,5,13,0,-1.23,0
BNK01495,2023-05-13,card_settlement,7324.0,in,POS_card,5,13,0,1.17,0
BNK01496,2023-05-14,cash_deposit,24355.56,in,agency_banking_agent,6,14,0,-0.38,0
BNK01497,2023-05-14,qr_settlement,8552.0,in,LankaQR,6,14,0,0.34,0
BNK01498,2023-05-15,supplier_payment,25089.28,out,bank_transfer,0,15,0,0.72,0
BNK01499,2023-05-15,supplier_payment,19042.8,out,bank_transfer,0,15,0,0.27,0
BNK01500,2023-05-15,supplier_payment,10262.2,out,bank_transfer,0,15,0,-0.39,0
BNK01501,2023-05-15,supplier_payment,21807.6,out,bank_transfer,0,15,0,0.47,0
BNK01502,2023-05-15,supplier_payment,6877.8,out,bank_transfer,0,15,0,-0.64,0
BNK01503,2023-05-15,supplier_payment,15980.5,out,bank_transfer,0,15,0,0.04,0
BNK01504,2023-05-15,supplier_payment,5382.4,out,bank_transfer,0,15,0,-0.76,0
BNK01505,2023-05-15,supplier_payment,9444.48,out,bank_transfer,0,15,0,-0.45,0
BNK01506,2023-05-15,supplier_payment,3811.75,out,bank_transfer,0,15,0,-0.87,0
BNK01507,2023-05-15,supplier_payment,3284.05,out,bank_transfer,0,15,0,-0.91,0
BNK01508,2023-05-15,cash_deposit,31246.26,in,agency_banking_agent,0,15,0,0.22,0
BNK01509,2023-05-15,qr_settlement,1315.0,in,LankaQR,0,15,0,-1.13,0
BNK01510,2023-05-15,card_settlement,1205.0,in,POS_card,0,15,0,-0.9,0
BNK01511,2023-05-16,cash_deposit,25672.17,in,agency_banking_agent,1,16,0,-0.26,0
BNK01512,2023-05-16,qr_settlement,4014.0,in,LankaQR,1,16,0,-0.58,0
BNK01513,2023-05-16,card_settlement,4387.0,in,POS_card,1,16,0,0.17,0
BNK01514,2023-05-17,cash_deposit,33741.97,in,agency_banking_agent,2,17,0,0.43,0
BNK01515,2023-05-17,qr_settlement,6843.0,in,LankaQR,2,17,0,-0.01,0
BNK01516,2023-05-17,card_settlement,3437.0,in,POS_card,2,17,0,-0.15,0
BNK01517,2023-05-18,supplier_payment,21878.8,out,bank_transfer,3,18,0,0.48,0
BNK01518,2023-05-18,supplier_payment,44972.84,out,bank_transfer,3,18,0,2.21,0
BNK01519,2023-05-18,supplier_payment,18005.24,out,bank_transfer,3,18,0,0.19,0
BNK01520,2023-05-18,supplier_payment,6835.75,out,bank_transfer,3,18,0,-0.65,0
BNK01521,2023-05-18,supplier_payment,11739.0,out,bank_transfer,3,18,0,-0.28,0
BNK01522,2023-05-18,supplier_payment,5880.35,out,bank_transfer,3,18,0,-0.72,0
BNK01523,2023-05-18,supplier_payment,6356.56,out,bank_transfer,3,18,0,-0.68,0
BNK01524,2023-05-18,cash_deposit,38853.75,in,agency_banking_agent,3,18,0,0.87,0
BNK01525,2023-05-18,qr_settlement,4418.0,in,LankaQR,3,18,0,-0.5,0
BNK01526,2023-05-18,card_settlement,3152.0,in,POS_card,3,18,0,-0.24,0
BNK01527,2023-05-19,cash_deposit,28829.66,in,agency_banking_agent,4,19,0,0.01,0
BNK01528,2023-05-19,qr_settlement,11835.0,in,LankaQR,4,19,0,1.01,0
BNK01529,2023-05-19,card_settlement,220.0,in,POS_card,4,19,0,-1.24,0
BNK01530,2023-05-20,cash_deposit,42370.21,in,agency_banking_agent,5,20,0,1.17,0
BNK01531,2023-05-20,qr_settlement,6021.0,in,LankaQR,5,20,0,-0.17,0
BNK01532,2023-05-20,card_settlement,5062.0,in,POS_card,5,20,0,0.4,0
BNK01533,2023-05-21,cash_deposit,36082.84,in,agency_banking_agent,6,21,0,0.63,0
BNK01534,2023-05-21,qr_settlement,6932.0,in,LankaQR,6,21,0,0.01,0
BNK01535,2023-05-21,card_settlement,3615.0,in,POS_card,6,21,0,-0.09,0
BNK01536,2023-05-22,supplier_payment,13114.8,out,bank_transfer,0,22,0,-0.18,0
BNK01537,2023-05-22,supplier_payment,10268.65,out,bank_transfer,0,22,0,-0.39,0
BNK01538,2023-05-22,supplier_payment,3199.7,out,bank_transfer,0,22,0,-0.92,0
BNK01539,2023-05-22,cash_deposit,25336.04,in,agency_banking_agent,0,22,0,-0.29,0
BNK01540,2023-05-22,qr_settlement,1143.0,in,LankaQR,0,22,0,-1.16,0
BNK01541,2023-05-22,card_settlement,6173.0,in,POS_card,0,22,0,0.78,0
BNK01542,2023-05-23,cash_deposit,35506.37,in,agency_banking_agent,1,23,0,0.58,0
BNK01543,2023-05-23,qr_settlement,7453.0,in,LankaQR,1,23,0,0.12,0
BNK01544,2023-05-23,card_settlement,2663.0,in,POS_card,1,23,0,-0.41,0
BNK01545,2023-05-24,cash_deposit,26398.6,in,agency_banking_agent,2,24,0,-0.2,0
BNK01546,2023-05-24,qr_settlement,1634.0,in,LankaQR,2,24,0,-1.06,0
BNK01547,2023-05-24,card_settlement,2786.0,in,POS_card,2,24,0,-0.37,0
BNK01548,2023-05-25,supplier_payment,5671.75,out,bank_transfer,3,25,0,-0.73,0
BNK01549,2023-05-25,cash_deposit,20128.94,in,agency_banking_agent,3,25,0,-0.74,0
BNK01550,2023-05-25,qr_settlement,1181.0,in,LankaQR,3,25,0,-1.15,0
BNK01551,2023-05-25,card_settlement,6866.0,in,POS_card,3,25,0,1.01,0
BNK01552,2023-05-26,cash_deposit,29553.74,in,agency_banking_agent,4,26,0,0.07,0
BNK01553,2023-05-26,qr_settlement,5030.0,in,LankaQR,4,26,0,-0.37,0
BNK01554,2023-05-26,card_settlement,1826.0,in,POS_card,4,26,0,-0.69,0
BNK01555,2023-05-27,cash_deposit,36744.71,in,agency_banking_agent,5,27,0,0.69,0
BNK01556,2023-05-27,qr_settlement,6664.0,in,LankaQR,5,27,0,-0.04,0
BNK01557,2023-05-27,card_settlement,1507.0,in,POS_card,5,27,0,-0.8,0
BNK01558,2023-05-28,cash_deposit,25845.57,in,agency_banking_agent,6,28,0,-0.25,0
BNK01559,2023-05-28,qr_settlement,5606.0,in,LankaQR,6,28,0,-0.26,0
BNK01560,2023-05-28,card_settlement,919.0,in,POS_card,6,28,0,-1.0,0
BNK01561,2023-05-29,supplier_payment,22870.95,out,bank_transfer,0,29,0,0.55,0
BNK01562,2023-05-29,supplier_payment,37107.45,out,bank_transfer,0,29,0,1.62,0
BNK01563,2023-05-29,supplier_payment,32486.96,out,bank_transfer,0,29,0,1.27,0
BNK01564,2023-05-29,supplier_payment,18380.2,out,bank_transfer,0,29,0,0.22,0
BNK01565,2023-05-29,supplier_payment,11987.4,out,bank_transfer,0,29,0,-0.26,0
BNK01566,2023-05-29,supplier_payment,22050.0,out,bank_transfer,0,29,0,0.49,0
BNK01567,2023-05-29,supplier_payment,42393.12,out,bank_transfer,0,29,0,2.01,0
BNK01568,2023-05-29,supplier_payment,13075.2,out,bank_transfer,0,29,0,-0.18,0
BNK01569,2023-05-29,supplier_payment,6543.0,out,bank_transfer,0,29,0,-0.67,0
BNK01570,2023-05-29,supplier_payment,11340.28,out,bank_transfer,0,29,0,-0.31,0
BNK01571,2023-05-29,supplier_payment,4419.52,out,bank_transfer,0,29,0,-0.83,0
BNK01572,2023-05-29,supplier_payment,6933.0,out,bank_transfer,0,29,0,-0.64,0
BNK01573,2023-05-29,cash_deposit,28765.81,in,agency_banking_agent,0,29,0,0.0,0
BNK01574,2023-05-29,qr_settlement,3483.0,in,LankaQR,0,29,0,-0.69,0
BNK01575,2023-05-29,card_settlement,1022.0,in,POS_card,0,29,0,-0.96,0
BNK01576,2023-05-30,cash_deposit,26348.14,in,agency_banking_agent,1,30,0,-0.2,0
BNK01577,2023-05-30,qr_settlement,6044.0,in,LankaQR,1,30,0,-0.17,0
BNK01578,2023-05-30,card_settlement,5306.0,in,POS_card,1,30,0,0.48,0
BNK01579,2023-05-31,cash_deposit,39300.62,in,agency_banking_agent,2,31,0,0.91,0
BNK01580,2023-05-31,qr_settlement,6016.0,in,LankaQR,2,31,0,-0.17,0
BNK01581,2023-05-31,card_settlement,1818.0,in,POS_card,2,31,0,-0.7,0
BNK01582,2023-06-01,supplier_payment,23959.39,out,bank_transfer,3,1,0,0.63,0
BNK01583,2023-06-01,supplier_payment,26677.1,out,bank_transfer,3,1,0,0.84,0
BNK01584,2023-06-01,supplier_payment,6861.28,out,bank_transfer,3,1,0,-0.65,0
BNK01585,2023-06-01,supplier_payment,5353.6,out,bank_transfer,3,1,0,-0.76,1
BNK01586,2023-06-01,supplier_payment,4995.96,out,bank_transfer,3,1,0,-0.78,0
BNK01587,2023-06-01,supplier_payment,3230.5,out,bank_transfer,3,1,0,-0.92,0
BNK01588,2023-06-01,cash_deposit,28195.76,in,agency_banking_agent,3,1,0,-0.05,0
BNK01589,2023-06-01,qr_settlement,5008.0,in,LankaQR,3,1,0,-0.38,0
BNK01590,2023-06-01,card_settlement,5346.0,in,POS_card,3,1,0,0.5,0
BNK01591,2023-06-02,cash_deposit,38189.18,in,agency_banking_agent,4,2,0,0.81,0
BNK01592,2023-06-02,qr_settlement,5485.0,in,LankaQR,4,2,0,-0.28,0
BNK01593,2023-06-02,card_settlement,6596.0,in,POS_card,4,2,0,0.92,0
BNK01594,2023-06-03,cash_deposit,25534.72,in,agency_banking_agent,5,3,0,-0.27,0
BNK01595,2023-06-03,qr_settlement,4267.0,in,LankaQR,5,3,0,-0.53,0
BNK01596,2023-06-03,card_settlement,4017.0,in,POS_card,5,3,0,0.05,0
BNK01597,2023-06-04,cash_deposit,36898.44,in,agency_banking_agent,6,4,0,0.7,0
BNK01598,2023-06-04,card_settlement,2503.0,in,POS_card,6,4,0,-0.46,0
BNK01599,2023-06-05,supplier_payment,6856.2,out,bank_transfer,0,5,0,-0.65,0
BNK01600,2023-06-05,supplier_payment,4322.64,out,bank_transfer,0,5,0,-0.84,0
BNK01601,2023-06-05,supplier_payment,6603.0,out,bank_transfer,0,5,0,-0.66,0
BNK01602,2023-06-05,cash_deposit,23641.1,in,agency_banking_agent,0,5,0,-0.44,0
BNK01603,2023-06-05,qr_settlement,4336.0,in,LankaQR,0,5,0,-0.51,0
BNK01604,2023-06-05,card_settlement,8019.0,in,POS_card,0,5,0,1.4,0
BNK01605,2023-06-06,cash_deposit,23844.12,in,agency_banking_agent,1,6,0,-0.42,0
BNK01606,2023-06-06,qr_settlement,2038.0,in,LankaQR,1,6,0,-0.98,0
BNK01607,2023-06-07,cash_deposit,19238.66,in,agency_banking_agent,2,7,0,-0.82,0
BNK01608,2023-06-07,qr_settlement,3305.0,in,LankaQR,2,7,0,-0.72,0
BNK01609,2023-06-07,card_settlement,6565.0,in,POS_card,2,7,0,0.91,0
BNK01610,2023-06-08,supplier_payment,22052.26,out,bank_transfer,3,8,0,0.49,0
BNK01611,2023-06-08,supplier_payment,14473.44,out,bank_transfer,3,8,0,-0.08,0
BNK01612,2023-06-08,supplier_payment,11568.2,out,bank_transfer,3,8,0,-0.29,0
BNK01613,2023-06-08,cash_deposit,47271.57,in,agency_banking_agent,3,8,0,1.6,0
BNK01614,2023-06-08,qr_settlement,6823.0,in,LankaQR,3,8,0,-0.01,0
BNK01615,2023-06-08,card_settlement,2321.0,in,POS_card,3,8,0,-0.53,0
BNK01616,2023-06-09,cash_deposit,36741.39,in,agency_banking_agent,4,9,0,0.69,0
BNK01617,2023-06-09,qr_settlement,4062.0,in,LankaQR,4,9,0,-0.57,0
BNK01618,2023-06-09,card_settlement,1651.0,in,POS_card,4,9,0,-0.75,0
BNK01619,2023-06-10,cash_deposit,31511.16,in,agency_banking_agent,5,10,0,0.24,0
BNK01620,2023-06-10,qr_settlement,4669.0,in,LankaQR,5,10,0,-0.45,0
BNK01621,2023-06-10,card_settlement,1715.0,in,POS_card,5,10,0,-0.73,0
BNK01622,2023-06-11,cash_deposit,34568.57,in,agency_banking_agent,6,11,0,0.5,0
BNK01623,2023-06-11,qr_settlement,3865.0,in,LankaQR,6,11,0,-0.61,0
BNK01624,2023-06-11,card_settlement,3464.0,in,POS_card,6,11,0,-0.14,0
BNK01625,2023-06-12,supplier_payment,51114.24,out,bank_transfer,0,12,0,2.66,1
BNK01626,2023-06-12,supplier_payment,35999.55,out,bank_transfer,0,12,0,1.53,0
BNK01627,2023-06-12,supplier_payment,18612.79,out,bank_transfer,0,12,0,0.23,0
BNK01628,2023-06-12,supplier_payment,11823.0,out,bank_transfer,0,12,0,-0.27,0
BNK01629,2023-06-12,supplier_payment,20142.12,out,bank_transfer,0,12,0,0.35,0
BNK01630,2023-06-12,supplier_payment,12675.6,out,bank_transfer,0,12,0,-0.21,0
BNK01631,2023-06-12,supplier_payment,7267.6,out,bank_transfer,0,12,0,-0.62,0
BNK01632,2023-06-12,supplier_payment,5847.1,out,bank_transfer,0,12,0,-0.72,0
BNK01633,2023-06-12,supplier_payment,10517.85,out,bank_transfer,0,12,0,-0.37,0
BNK01634,2023-06-12,supplier_payment,4245.08,out,bank_transfer,0,12,0,-0.84,0
BNK01635,2023-06-12,supplier_payment,3267.95,out,bank_transfer,0,12,0,-0.91,0
BNK01636,2023-06-12,cash_deposit,32631.11,in,agency_banking_agent,0,12,0,0.34,0
BNK01637,2023-06-12,qr_settlement,4748.0,in,LankaQR,0,12,0,-0.43,0
BNK01638,2023-06-12,card_settlement,1690.0,in,POS_card,0,12,0,-0.74,0
BNK01639,2023-06-13,cash_deposit,36722.31,in,agency_banking_agent,1,13,0,0.69,0
BNK01640,2023-06-13,qr_settlement,2199.0,in,LankaQR,1,13,0,-0.95,0
BNK01641,2023-06-13,card_settlement,2176.0,in,POS_card,1,13,0,-0.57,0
BNK01642,2023-06-14,cash_deposit,15066.72,in,agency_banking_agent,2,14,0,-1.17,0
BNK01643,2023-06-14,qr_settlement,4516.0,in,LankaQR,2,14,0,-0.48,0
BNK01644,2023-06-14,card_settlement,1968.0,in,POS_card,2,14,0,-0.64,0
BNK01645,2023-06-15,supplier_payment,33663.48,out,bank_transfer,3,15,0,1.36,0
BNK01646,2023-06-15,supplier_payment,5825.6,out,bank_transfer,3,15,0,-0.72,0
BNK01647,2023-06-15,supplier_payment,9973.2,out,bank_transfer,3,15,0,-0.41,0
BNK01648,2023-06-15,supplier_payment,6838.0,out,bank_transfer,3,15,0,-0.65,0
BNK01649,2023-06-15,cash_deposit,30896.98,in,agency_banking_agent,3,15,0,0.19,0
BNK01650,2023-06-15,qr_settlement,7043.0,in,LankaQR,3,15,0,0.03,0
BNK01651,2023-06-15,card_settlement,1816.0,in,POS_card,3,15,0,-0.7,0
BNK01652,2023-06-16,cash_deposit,28029.0,in,agency_banking_agent,4,16,0,-0.06,0
BNK01653,2023-06-16,qr_settlement,6630.0,in,LankaQR,4,16,0,-0.05,0
BNK01654,2023-06-16,card_settlement,3073.0,in,POS_card,4,16,0,-0.27,0
BNK01655,2023-06-17,cash_deposit,26020.35,in,agency_banking_agent,5,17,0,-0.23,0
BNK01656,2023-06-17,qr_settlement,13372.0,in,LankaQR,5,17,0,1.32,0
BNK01657,2023-06-17,card_settlement,6357.0,in,POS_card,5,17,0,0.84,0
BNK01658,2023-06-18,cash_deposit,47392.18,in,agency_banking_agent,6,18,0,1.61,0
BNK01659,2023-06-18,qr_settlement,3456.0,in,LankaQR,6,18,0,-0.69,0
BNK01660,2023-06-18,card_settlement,1790.0,in,POS_card,6,18,0,-0.7,0
BNK01661,2023-06-19,supplier_payment,58809.34,out,bank_transfer,0,19,0,3.24,1
BNK01662,2023-06-19,supplier_payment,60664.45,out,bank_transfer,0,19,0,3.38,1
BNK01663,2023-06-19,supplier_payment,24255.45,out,bank_transfer,0,19,0,0.66,0
BNK01664,2023-06-19,supplier_payment,24634.8,out,bank_transfer,0,19,0,0.68,0
BNK01665,2023-06-19,supplier_payment,15468.5,out,bank_transfer,0,19,0,-0.0,0
BNK01666,2023-06-19,supplier_payment,4666.68,out,bank_transfer,0,19,0,-0.81,0
BNK01667,2023-06-19,supplier_payment,5205.44,out,bank_transfer,0,19,0,-0.77,0
BNK01668,2023-06-19,supplier_payment,6018.3,out,bank_transfer,0,19,0,-0.71,0
BNK01669,2023-06-19,cash_deposit,18852.78,in,agency_banking_agent,0,19,0,-0.85,0
BNK01670,2023-06-19,qr_settlement,3156.0,in,LankaQR,0,19,0,-0.75,0
BNK01671,2023-06-19,card_settlement,1027.0,in,POS_card,0,19,0,-0.96,0
BNK01672,2023-06-20,cash_deposit,19635.01,in,agency_banking_agent,1,20,0,-0.78,0
BNK01673,2023-06-20,qr_settlement,3870.0,in,LankaQR,1,20,0,-0.61,0
BNK01674,2023-06-20,card_settlement,4640.0,in,POS_card,1,20,0,0.26,0
BNK01675,2023-06-21,cash_deposit,36517.1,in,agency_banking_agent,2,21,0,0.67,0
BNK01676,2023-06-21,qr_settlement,5373.0,in,LankaQR,2,21,0,-0.3,0
BNK01677,2023-06-21,card_settlement,5539.0,in,POS_card,2,21,0,0.56,0
BNK01678,2023-06-22,supplier_payment,6820.2,out,bank_transfer,3,22,0,-0.65,0
BNK01679,2023-06-22,supplier_payment,20849.5,out,bank_transfer,3,22,0,0.4,0
BNK01680,2023-06-22,supplier_payment,6824.5,out,bank_transfer,3,22,0,-0.65,0
BNK01681,2023-06-22,cash_deposit,28016.36,in,agency_banking_agent,3,22,0,-0.06,0
BNK01682,2023-06-22,qr_settlement,1715.0,in,LankaQR,3,22,0,-1.05,0
BNK01683,2023-06-22,card_settlement,5787.0,in,POS_card,3,22,0,0.65,0
BNK01684,2023-06-23,cash_deposit,35957.04,in,agency_banking_agent,4,23,0,0.62,0
BNK01685,2023-06-23,qr_settlement,10215.0,in,LankaQR,4,23,0,0.68,0
BNK01686,2023-06-23,card_settlement,2290.0,in,POS_card,4,23,0,-0.54,0
BNK01687,2023-06-24,cash_deposit,47831.03,in,agency_banking_agent,5,24,0,1.64,0
BNK01688,2023-06-24,qr_settlement,3748.0,in,LankaQR,5,24,0,-0.63,0
BNK01689,2023-06-24,card_settlement,3149.0,in,POS_card,5,24,0,-0.24,0
BNK01690,2023-06-25,cash_deposit,34142.34,in,agency_banking_agent,6,25,0,0.47,0
BNK01691,2023-06-25,qr_settlement,6900.0,in,LankaQR,6,25,0,0.01,0
BNK01692,2023-06-25,card_settlement,4471.0,in,POS_card,6,25,0,0.2,0
BNK01693,2023-06-26,supplier_payment,38312.55,out,bank_transfer,0,26,0,1.71,0
BNK01694,2023-06-26,supplier_payment,18282.0,out,bank_transfer,0,26,0,0.21,0
BNK01695,2023-06-26,supplier_payment,20162.52,out,bank_transfer,0,26,0,0.35,0
BNK01696,2023-06-26,supplier_payment,35553.67,out,bank_transfer,0,26,0,1.5,0
BNK01697,2023-06-26,supplier_payment,6386.76,out,bank_transfer,0,26,0,-0.68,0
BNK01698,2023-06-26,supplier_payment,10102.4,out,bank_transfer,0,26,0,-0.4,0
BNK01699,2023-06-26,supplier_payment,4270.56,out,bank_transfer,0,26,0,-0.84,0
BNK01700,2023-06-26,supplier_payment,6315.96,out,bank_transfer,0,26,0,-0.69,0
BNK01701,2023-06-26,cash_deposit,31109.05,in,agency_banking_agent,0,26,0,0.21,0
BNK01702,2023-06-26,card_settlement,1654.0,in,POS_card,0,26,0,-0.75,0
BNK01703,2023-06-27,cash_deposit,41334.85,in,agency_banking_agent,1,27,0,1.08,0
BNK01704,2023-06-27,qr_settlement,4714.0,in,LankaQR,1,27,0,-0.44,0
BNK01705,2023-06-27,card_settlement,6586.0,in,POS_card,1,27,0,0.92,0
BNK01706,2023-06-28,cash_deposit,28434.24,in,agency_banking_agent,2,28,0,-0.02,0
BNK01707,2023-06-28,qr_settlement,3305.0,in,LankaQR,2,28,0,-0.72,0
BNK01708,2023-06-28,card_settlement,476.0,in,POS_card,2,28,0,-1.15,0
BNK01709,2023-06-29,supplier_payment,15300.0,out,bank_transfer,3,29,0,-0.01,0
BNK01710,2023-06-29,supplier_payment,5613.65,out,bank_transfer,3,29,0,-0.74,0
BNK01711,2023-06-29,cash_deposit,28555.05,in,agency_banking_agent,3,29,0,-0.01,0
BNK01712,2023-06-29,qr_settlement,2868.0,in,LankaQR,3,29,0,-0.81,0
BNK01713,2023-06-29,card_settlement,8704.0,in,POS_card,3,29,0,1.63,0
BNK01714,2023-06-30,cash_deposit,46367.78,in,agency_banking_agent,4,30,0,1.52,0
BNK01715,2023-06-30,qr_settlement,3993.0,in,LankaQR,4,30,0,-0.58,0
BNK01716,2023-06-30,card_settlement,2762.0,in,POS_card,4,30,0,-0.38,0
BNK01717,2023-07-01,cash_deposit,34456.53,in,agency_banking_agent,5,1,0,0.49,0
BNK01718,2023-07-01,qr_settlement,1353.0,in,LankaQR,5,1,0,-1.12,0
BNK01719,2023-07-01,card_settlement,1494.0,in,POS_card,5,1,0,-0.8,0
BNK01720,2023-07-02,cash_deposit,21395.99,in,agency_banking_agent,6,2,0,-0.63,0
BNK01721,2023-07-02,qr_settlement,6656.0,in,LankaQR,6,2,0,-0.04,0
BNK01722,2023-07-02,card_settlement,2141.0,in,POS_card,6,2,0,-0.59,0
BNK01723,2023-07-03,supplier_payment,28968.41,out,bank_transfer,0,3,0,1.01,0
BNK01724,2023-07-03,supplier_payment,38349.0,out,bank_transfer,0,3,0,1.71,0
BNK01725,2023-07-03,supplier_payment,11878.8,out,bank_transfer,0,3,0,-0.27,0
BNK01726,2023-07-03,supplier_payment,12956.4,out,bank_transfer,0,3,0,-0.19,0
BNK01727,2023-07-03,supplier_payment,11534.04,out,bank_transfer,0,3,0,-0.3,0
BNK01728,2023-07-03,supplier_payment,10393.6,out,bank_transfer,0,3,0,-0.38,0
BNK01729,2023-07-03,supplier_payment,4364.08,out,bank_transfer,0,3,0,-0.83,0
BNK01730,2023-07-03,supplier_payment,3231.9,out,bank_transfer,0,3,0,-0.92,0
BNK01731,2023-07-03,supplier_payment,6378.4,out,bank_transfer,0,3,0,-0.68,0
BNK01732,2023-07-03,cash_deposit,32460.31,in,agency_banking_agent,0,3,0,0.32,0
BNK01733,2023-07-03,qr_settlement,7973.0,in,LankaQR,0,3,0,0.22,0
BNK01734,2023-07-03,card_settlement,814.0,in,POS_card,0,3,0,-1.03,0
BNK01735,2023-07-04,cash_deposit,40216.12,in,agency_banking_agent,1,4,0,0.99,0
BNK01736,2023-07-04,qr_settlement,4991.0,in,LankaQR,1,4,0,-0.38,0
BNK01737,2023-07-04,card_settlement,1148.0,in,POS_card,1,4,0,-0.92,0
BNK01738,2023-07-05,cash_deposit,33327.85,in,agency_banking_agent,2,5,0,0.4,0
BNK01739,2023-07-05,qr_settlement,1430.0,in,LankaQR,2,5,0,-1.1,0
BNK01740,2023-07-05,card_settlement,1532.0,in,POS_card,2,5,0,-0.79,0
BNK01741,2023-07-06,supplier_payment,48197.04,out,bank_transfer,3,6,0,2.45,1
BNK01742,2023-07-06,supplier_payment,24254.88,out,bank_transfer,3,6,0,0.66,0
BNK01743,2023-07-06,supplier_payment,40510.46,out,bank_transfer,3,6,0,1.87,0
BNK01744,2023-07-06,supplier_payment,15174.5,out,bank_transfer,3,6,0,-0.02,0
BNK01745,2023-07-06,supplier_payment,6665.47,out,bank_transfer,3,6,0,-0.66,0
BNK01746,2023-07-06,cash_deposit,37991.93,in,agency_banking_agent,3,6,0,0.8,0
BNK01747,2023-07-06,qr_settlement,3663.0,in,LankaQR,3,6,0,-0.65,0
BNK01748,2023-07-07,cash_deposit,19805.55,in,agency_banking_agent,4,7,0,-0.77,0
BNK01749,2023-07-07,qr_settlement,3745.0,in,LankaQR,4,7,0,-0.63,0
BNK01750,2023-07-07,card_settlement,3199.0,in,POS_card,4,7,0,-0.23,0
BNK01751,2023-07-08,cash_deposit,30152.69,in,agency_banking_agent,5,8,0,0.12,0
BNK01752,2023-07-08,qr_settlement,6727.0,in,LankaQR,5,8,0,-0.03,0
BNK01753,2023-07-08,card_settlement,1217.0,in,POS_card,5,8,0,-0.9,0
BNK01754,2023-07-09,cash_deposit,28839.86,in,agency_banking_agent,6,9,0,0.01,0
BNK01755,2023-07-09,qr_settlement,2537.0,in,LankaQR,6,9,0,-0.88,0
BNK01756,2023-07-09,card_settlement,2677.0,in,POS_card,6,9,0,-0.4,0
BNK01757,2023-07-10,supplier_payment,62662.5,out,bank_transfer,0,10,0,3.53,1
BNK01758,2023-07-10,supplier_payment,23306.4,out,bank_transfer,0,10,0,0.58,0
BNK01759,2023-07-10,supplier_payment,17748.0,out,bank_transfer,0,10,0,0.17,0
BNK01760,2023-07-10,supplier_payment,20135.36,out,bank_transfer,0,10,0,0.35,0
BNK01761,2023-07-10,supplier_payment,6444.0,out,bank_transfer,0,10,0,-0.68,0
BNK01762,2023-07-10,supplier_payment,4252.36,out,bank_transfer,0,10,0,-0.84,0
BNK01763,2023-07-10,supplier_payment,3067.4,out,bank_transfer,0,10,0,-0.93,0
BNK01764,2023-07-10,cash_deposit,25716.58,in,agency_banking_agent,0,10,0,-0.26,0
BNK01765,2023-07-10,qr_settlement,3664.0,in,LankaQR,0,10,0,-0.65,0
BNK01766,2023-07-10,card_settlement,8974.0,in,POS_card,0,10,0,1.73,0
BNK01767,2023-07-11,cash_deposit,22153.05,in,agency_banking_agent,1,11,0,-0.56,0
BNK01768,2023-07-11,qr_settlement,5791.0,in,LankaQR,1,11,0,-0.22,0
BNK01769,2023-07-12,cash_deposit,21254.1,in,agency_banking_agent,2,12,0,-0.64,0
BNK01770,2023-07-12,qr_settlement,3772.0,in,LankaQR,2,12,0,-0.63,0
BNK01771,2023-07-12,card_settlement,9091.0,in,POS_card,2,12,0,1.77,0
BNK01772,2023-07-13,supplier_payment,11633.62,out,bank_transfer,3,13,0,-0.29,0
BNK01773,2023-07-13,supplier_payment,6050.55,out,bank_transfer,3,13,0,-0.71,0
BNK01774,2023-07-13,supplier_payment,6985.92,out,bank_transfer,3,13,0,-0.64,0
BNK01775,2023-07-13,cash_deposit,36789.41,in,agency_banking_agent,3,13,0,0.69,0
BNK01776,2023-07-13,qr_settlement,6307.0,in,LankaQR,3,13,0,-0.11,0
BNK01777,2023-07-13,card_settlement,5075.0,in,POS_card,3,13,0,0.41,0
BNK01778,2023-07-14,cash_deposit,28794.7,in,agency_banking_agent,4,14,0,0.01,0
BNK01779,2023-07-14,qr_settlement,6055.0,in,LankaQR,4,14,0,-0.17,0
BNK01780,2023-07-14,card_settlement,3500.0,in,POS_card,4,14,0,-0.13,0
BNK01781,2023-07-15,cash_deposit,36754.84,in,agency_banking_agent,5,15,0,0.69,0
BNK01782,2023-07-15,qr_settlement,6100.0,in,LankaQR,5,15,0,-0.16,0
BNK01783,2023-07-15,card_settlement,903.0,in,POS_card,5,15,0,-1.0,0
BNK01784,2023-07-16,cash_deposit,30003.5,in,agency_banking_agent,6,16,0,0.11,0
BNK01785,2023-07-16,qr_settlement,6713.0,in,LankaQR,6,16,0,-0.03,0
BNK01786,2023-07-16,card_settlement,1934.0,in,POS_card,6,16,0,-0.66,0
BNK01787,2023-07-17,supplier_payment,34959.78,out,bank_transfer,0,17,0,1.46,0
BNK01788,2023-07-17,supplier_payment,42593.4,out,bank_transfer,0,17,0,2.03,0
BNK01789,2023-07-17,supplier_payment,12974.4,out,bank_transfer,0,17,0,-0.19,0
BNK01790,2023-07-17,supplier_payment,5632.2,out,bank_transfer,0,17,0,-0.74,0
BNK01791,2023-07-17,supplier_payment,4313.12,out,bank_transfer,0,17,0,-0.84,0
BNK01792,2023-07-17,cash_deposit,33094.15,in,agency_banking_agent,0,17,0,0.38,0
BNK01793,2023-07-17,qr_settlement,3852.0,in,LankaQR,0,17,0,-0.61,0
BNK01794,2023-07-17,card_settlement,496.0,in,POS_card,0,17,0,-1.14,0
BNK01795,2023-07-18,cash_deposit,19186.95,in,agency_banking_agent,1,18,0,-0.82,0
BNK01796,2023-07-18,qr_settlement,5064.0,in,LankaQR,1,18,0,-0.37,0
BNK01797,2023-07-18,card_settlement,4140.0,in,POS_card,1,18,0,0.09,0
BNK01798,2023-07-19,cash_deposit,38407.9,in,agency_banking_agent,2,19,0,0.83,0
BNK01799,2023-07-19,qr_settlement,2561.0,in,LankaQR,2,19,0,-0.87,0
BNK01800,2023-07-20,supplier_payment,25766.57,out,bank_transfer,3,20,0,0.77,0
BNK01801,2023-07-20,supplier_payment,7124.8,out,bank_transfer,3,20,0,-0.63,0
BNK01802,2023-07-20,supplier_payment,3126.9,out,bank_transfer,3,20,0,-0.92,0
BNK01803,2023-07-20,cash_deposit,30677.82,in,agency_banking_agent,3,20,0,0.17,0
BNK01804,2023-07-20,qr_settlement,2060.0,in,LankaQR,3,20,0,-0.98,0
BNK01805,2023-07-20,card_settlement,2685.0,in,POS_card,3,20,0,-0.4,0
BNK01806,2023-07-21,cash_deposit,40026.27,in,agency_banking_agent,4,21,0,0.97,0
BNK01807,2023-07-21,qr_settlement,2336.0,in,LankaQR,4,21,0,-0.92,0
BNK01808,2023-07-21,card_settlement,1240.0,in,POS_card,4,21,0,-0.89,0
BNK01809,2023-07-22,cash_deposit,45506.01,in,agency_banking_agent,5,22,0,1.44,0
BNK01810,2023-07-22,qr_settlement,5478.0,in,LankaQR,5,22,0,-0.28,0
BNK01811,2023-07-22,card_settlement,206.0,in,POS_card,5,22,0,-1.24,0
BNK01812,2023-07-23,cash_deposit,29024.55,in,agency_banking_agent,6,23,0,0.03,0
BNK01813,2023-07-23,qr_settlement,7198.0,in,LankaQR,6,23,0,0.07,0
BNK01814,2023-07-23,card_settlement,2859.0,in,POS_card,6,23,0,-0.34,0
BNK01815,2023-07-24,supplier_payment,34134.96,out,bank_transfer,0,24,0,1.39,0
BNK01816,2023-07-24,supplier_payment,17581.2,out,bank_transfer,0,24,0,0.16,0
BNK01817,2023-07-24,supplier_payment,19632.8,out,bank_transfer,0,24,0,0.31,0
BNK01818,2023-07-24,supplier_payment,42355.8,out,bank_transfer,0,24,0,2.01,0
BNK01819,2023-07-24,supplier_payment,12646.8,out,bank_transfer,0,24,0,-0.21,0
BNK01820,2023-07-24,supplier_payment,6690.6,out,bank_transfer,0,24,0,-0.66,0
BNK01821,2023-07-24,supplier_payment,15616.0,out,bank_transfer,0,24,0,0.01,0
BNK01822,2023-07-24,supplier_payment,5208.0,out,bank_transfer,0,24,0,-0.77,0
BNK01823,2023-07-24,supplier_payment,11341.4,out,bank_transfer,0,24,0,-0.31,0
BNK01824,2023-07-24,supplier_payment,4348.4,out,bank_transfer,0,24,0,-0.83,0
BNK01825,2023-07-24,supplier_payment,6312.32,out,bank_transfer,0,24,0,-0.69,0
BNK01826,2023-07-24,supplier_payment,6671.5,out,bank_transfer,0,24,0,-0.66,0
BNK01827,2023-07-24,cash_deposit,24563.62,in,agency_banking_agent,0,24,0,-0.36,0
BNK01828,2023-07-24,qr_settlement,2100.0,in,LankaQR,0,24,0,-0.97,0
BNK01829,2023-07-24,card_settlement,5413.0,in,POS_card,0,24,0,0.52,0
BNK01830,2023-07-25,cash_deposit,28244.41,in,agency_banking_agent,1,25,0,-0.04,0
BNK01831,2023-07-25,qr_settlement,8596.0,in,LankaQR,1,25,0,0.35,0
BNK01832,2023-07-25,card_settlement,6460.0,in,POS_card,1,25,0,0.88,0
BNK01833,2023-07-26,cash_deposit,25335.11,in,agency_banking_agent,2,26,0,-0.29,0
BNK01834,2023-07-26,qr_settlement,7592.0,in,LankaQR,2,26,0,0.15,0
BNK01835,2023-07-26,card_settlement,5321.0,in,POS_card,2,26,0,0.49,0
BNK01836,2023-07-27,supplier_payment,51009.24,out,bank_transfer,3,27,0,2.66,1
BNK01837,2023-07-27,supplier_payment,20109.75,out,bank_transfer,3,27,0,0.35,0
BNK01838,2023-07-27,supplier_payment,7023.2,out,bank_transfer,3,27,0,-0.63,0
BNK01839,2023-07-27,cash_deposit,29106.69,in,agency_banking_agent,3,27,0,0.03,0
BNK01840,2023-07-27,qr_settlement,1271.0,in,LankaQR,3,27,0,-1.14,0
BNK01841,2023-07-27,card_settlement,1550.0,in,POS_card,3,27,0,-0.79,0
BNK01842,2023-07-28,cash_deposit,36076.49,in,agency_banking_agent,4,28,0,0.63,0
BNK01843,2023-07-28,qr_settlement,4684.0,in,LankaQR,4,28,0,-0.44,0
BNK01844,2023-07-28,card_settlement,2617.0,in,POS_card,4,28,0,-0.42,0
BNK01845,2023-07-29,cash_deposit,48956.87,in,agency_banking_agent,5,29,0,1.74,0
BNK01846,2023-07-29,qr_settlement,8716.0,in,LankaQR,5,29,0,0.37,0
BNK01847,2023-07-29,card_settlement,3931.0,in,POS_card,5,29,0,0.02,0
BNK01848,2023-07-30,cash_deposit,17313.18,in,agency_banking_agent,6,30,0,-0.98,0
BNK01849,2023-07-30,qr_settlement,5224.0,in,LankaQR,6,30,0,-0.33,0
BNK01850,2023-07-31,supplier_payment,61026.91,out,bank_transfer,0,31,0,3.41,1
BNK01851,2023-07-31,supplier_payment,22614.23,out,bank_transfer,0,31,0,0.53,0
BNK01852,2023-07-31,supplier_payment,31673.2,out,bank_transfer,0,31,0,1.21,0
BNK01853,2023-07-31,supplier_payment,20685.0,out,bank_transfer,0,31,0,0.39,0
BNK01854,2023-07-31,supplier_payment,5213.2,out,bank_transfer,0,31,0,-0.77,0
BNK01855,2023-07-31,supplier_payment,10139.5,out,bank_transfer,0,31,0,-0.4,0
BNK01856,2023-07-31,cash_deposit,28460.87,in,agency_banking_agent,0,31,0,-0.02,0
BNK01857,2023-07-31,qr_settlement,5079.0,in,LankaQR,0,31,0,-0.36,0
BNK01858,2023-07-31,card_settlement,3178.0,in,POS_card,0,31,0,-0.24,0
BNK01859,2023-08-01,cash_deposit,24625.45,in,agency_banking_agent,1,1,0,-0.35,0
BNK01860,2023-08-01,qr_settlement,13116.0,in,LankaQR,1,1,0,1.27,0
BNK01861,2023-08-01,card_settlement,1413.0,in,POS_card,1,1,0,-0.83,0
BNK01862,2023-08-02,cash_deposit,33251.71,in,agency_banking_agent,2,2,0,0.39,0
BNK01863,2023-08-02,qr_settlement,2748.0,in,LankaQR,2,2,0,-0.84,0
BNK01864,2023-08-02,card_settlement,4620.0,in,POS_card,2,2,0,0.25,0
BNK01865,2023-08-03,supplier_payment,36192.67,out,bank_transfer,3,3,0,1.55,0
BNK01866,2023-08-03,supplier_payment,35816.52,out,bank_transfer,3,3,0,1.52,0
BNK01867,2023-08-03,supplier_payment,13470.3,out,bank_transfer,3,3,0,-0.15,0
BNK01868,2023-08-03,supplier_payment,11406.92,out,bank_transfer,3,3,0,-0.31,0
BNK01869,2023-08-03,cash_deposit,27676.01,in,agency_banking_agent,3,3,0,-0.09,0
BNK01870,2023-08-03,qr_settlement,1341.0,in,LankaQR,3,3,0,-1.12,0
BNK01871,2023-08-03,card_settlement,1385.0,in,POS_card,3,3,0,-0.84,0
BNK01872,2023-08-04,cash_deposit,33291.51,in,agency_banking_agent,4,4,0,0.39,0
BNK01873,2023-08-04,qr_settlement,5663.0,in,LankaQR,4,4,0,-0.25,0
BNK01874,2023-08-04,card_settlement,1652.0,in,POS_card,4,4,0,-0.75,0
BNK01875,2023-08-05,cash_deposit,30647.44,in,agency_banking_agent,5,5,0,0.17,0
BNK01876,2023-08-05,qr_settlement,3008.0,in,LankaQR,5,5,0,-0.78,0
BNK01877,2023-08-05,card_settlement,1499.0,in,POS_card,5,5,0,-0.8,0
BNK01878,2023-08-06,cash_deposit,22370.73,in,agency_banking_agent,6,6,0,-0.55,0
BNK01879,2023-08-06,qr_settlement,5449.0,in,LankaQR,6,6,0,-0.29,0
BNK01880,2023-08-07,supplier_payment,56608.3,out,bank_transfer,0,7,0,3.08,1
BNK01881,2023-08-07,supplier_payment,20642.04,out,bank_transfer,0,7,0,0.39,0
BNK01882,2023-08-07,supplier_payment,26209.5,out,bank_transfer,0,7,0,0.8,0
BNK01883,2023-08-07,supplier_payment,21148.92,out,bank_transfer,0,7,0,0.42,0
BNK01884,2023-08-07,supplier_payment,12754.8,out,bank_transfer,0,7,0,-0.2,0
BNK01885,2023-08-07,supplier_payment,19770.5,out,bank_transfer,0,7,0,0.32,0
BNK01886,2023-08-07,supplier_payment,5218.0,out,bank_transfer,0,7,0,-0.77,0
BNK01887,2023-08-07,supplier_payment,10319.4,out,bank_transfer,0,7,0,-0.39,0
BNK01888,2023-08-07,supplier_payment,6729.5,out,bank_transfer,0,7,0,-0.66,0
BNK01889,2023-08-07,cash_deposit,47797.34,in,agency_banking_agent,0,7,0,1.64,0
BNK01890,2023-08-07,qr_settlement,6528.0,in,LankaQR,0,7,0,-0.07,0
BNK01891,2023-08-07,card_settlement,1175.0,in,POS_card,0,7,0,-0.91,0
BNK01892,2023-08-08,cash_deposit,21925.46,in,agency_banking_agent,1,8,0,-0.58,0
BNK01893,2023-08-08,qr_settlement,8125.0,in,LankaQR,1,8,0,0.25,0
BNK01894,2023-08-08,card_settlement,9946.0,in,POS_card,1,8,0,2.05,0
BNK01895,2023-08-09,cash_deposit,18093.21,in,agency_banking_agent,2,9,1,-0.91,0
BNK01896,2023-08-09,qr_settlement,12492.0,in,LankaQR,2,9,1,1.14,0
BNK01897,2023-08-09,card_settlement,4079.0,in,POS_card,2,9,0,0.07,0
BNK01898,2023-08-10,supplier_payment,29967.78,out,bank_transfer,3,10,0,1.08,0
BNK01899,2023-08-10,supplier_payment,14966.0,out,bank_transfer,3,10,0,-0.04,0
BNK01900,2023-08-10,supplier_payment,7055.2,out,bank_transfer,3,10,0,-0.63,0
BNK01901,2023-08-10,supplier_payment,5092.99,out,bank_transfer,3,10,0,-0.78,0
BNK01902,2023-08-10,supplier_payment,5550.25,out,bank_transfer,3,10,0,-0.74,0
BNK01903,2023-08-10,cash_deposit,28327.82,in,agency_banking_agent,3,10,0,-0.03,0
BNK01904,2023-08-10,qr_settlement,2322.0,in,LankaQR,3,10,0,-0.92,0
BNK01905,2023-08-10,card_settlement,4355.0,in,POS_card,3,10,0,0.16,0
BNK01906,2023-08-11,cash_deposit,33968.34,in,agency_banking_agent,4,11,0,0.45,0
BNK01907,2023-08-11,qr_settlement,3171.0,in,LankaQR,4,11,0,-0.75,0
BNK01908,2023-08-11,card_settlement,1086.0,in,POS_card,4,11,0,-0.94,0
BNK01909,2023-08-12,cash_deposit,20469.35,in,agency_banking_agent,5,12,0,-0.71,0
BNK01910,2023-08-12,qr_settlement,5496.0,in,LankaQR,5,12,0,-0.28,0
BNK01911,2023-08-12,card_settlement,187.0,in,POS_card,5,12,0,-1.25,0
BNK01912,2023-08-13,cash_deposit,25349.77,in,agency_banking_agent,6,13,0,-0.29,0
BNK01913,2023-08-13,qr_settlement,2691.0,in,LankaQR,6,13,0,-0.85,0
BNK01914,2023-08-13,card_settlement,488.0,in,POS_card,6,13,0,-1.15,0
BNK01915,2023-08-14,supplier_payment,12520.8,out,bank_transfer,0,14,0,-0.22,0
BNK01916,2023-08-14,supplier_payment,6364.8,out,bank_transfer,0,14,0,-0.68,0
BNK01917,2023-08-14,supplier_payment,17444.24,out,bank_transfer,0,14,0,0.15,0
BNK01918,2023-08-14,supplier_payment,11001.48,out,bank_transfer,0,14,0,-0.34,0
BNK01919,2023-08-14,supplier_payment,6461.0,out,bank_transfer,0,14,0,-0.68,0
BNK01920,2023-08-14,cash_deposit,38465.18,in,agency_banking_agent,0,14,0,0.84,0
BNK01921,2023-08-14,qr_settlement,1457.0,in,LankaQR,0,14,0,-1.1,0
BNK01922,2023-08-14,card_settlement,3735.0,in,POS_card,0,14,0,-0.05,0
BNK01923,2023-08-15,cash_deposit,19147.81,in,agency_banking_agent,1,15,0,-0.82,0
BNK01924,2023-08-15,qr_settlement,9250.0,in,LankaQR,1,15,0,0.48,0
BNK01925,2023-08-15,card_settlement,8702.0,in,POS_card,1,15,0,1.63,0
BNK01926,2023-08-16,cash_deposit,31321.26,in,agency_banking_agent,2,16,0,0.22,0
BNK01927,2023-08-16,qr_settlement,1469.0,in,LankaQR,2,16,0,-1.1,0
BNK01928,2023-08-16,card_settlement,1611.0,in,POS_card,2,16,0,-0.77,0
BNK01929,2023-08-17,supplier_payment,34084.53,out,bank_transfer,3,17,0,1.39,0
BNK01930,2023-08-17,supplier_payment,10519.3,out,bank_transfer,3,17,0,-0.37,0
BNK01931,2023-08-17,supplier_payment,7342.0,out,bank_transfer,3,17,0,-0.61,0
BNK01932,2023-08-17,supplier_payment,5114.8,out,bank_transfer,3,17,0,-0.78,0
BNK01933,2023-08-17,supplier_payment,5611.75,out,bank_transfer,3,17,0,-0.74,0
BNK01934,2023-08-17,cash_deposit,33902.08,in,agency_banking_agent,3,17,0,0.45,0
BNK01935,2023-08-17,qr_settlement,603.0,in,LankaQR,3,17,0,-1.27,0
BNK01936,2023-08-18,cash_deposit,42711.81,in,agency_banking_agent,4,18,0,1.2,0
BNK01937,2023-08-18,qr_settlement,5110.0,in,LankaQR,4,18,0,-0.36,0
BNK01938,2023-08-18,card_settlement,602.0,in,POS_card,4,18,0,-1.11,0
BNK01939,2023-08-19,cash_deposit,36469.48,in,agency_banking_agent,5,19,0,0.67,0
BNK01940,2023-08-19,qr_settlement,5039.0,in,LankaQR,5,19,0,-0.37,0
BNK01941,2023-08-19,card_settlement,1592.0,in,POS_card,5,19,0,-0.77,0
BNK01942,2023-08-20,cash_deposit,26558.82,in,agency_banking_agent,6,20,0,-0.19,0
BNK01943,2023-08-20,qr_settlement,261.0,in,LankaQR,6,20,0,-1.34,0
BNK01944,2023-08-20,card_settlement,381.0,in,POS_card,6,20,0,-1.18,0
BNK01945,2023-08-21,supplier_payment,69052.68,out,bank_transfer,0,21,0,4.01,1
BNK01946,2023-08-21,supplier_payment,33228.68,out,bank_transfer,0,21,0,1.33,0
BNK01947,2023-08-21,supplier_payment,18033.6,out,bank_transfer,0,21,0,0.19,0
BNK01948,2023-08-21,supplier_payment,19656.97,out,bank_transfer,0,21,0,0.31,0
BNK01949,2023-08-21,supplier_payment,6456.6,out,bank_transfer,0,21,0,-0.68,0
BNK01950,2023-08-21,supplier_payment,20504.0,out,bank_transfer,0,21,0,0.38,0
BNK01951,2023-08-21,supplier_payment,13842.32,out,bank_transfer,0,21,0,-0.12,0
BNK01952,2023-08-21,supplier_payment,6356.5,out,bank_transfer,0,21,0,-0.68,0
BNK01953,2023-08-21,cash_deposit,28287.6,in,agency_banking_agent,0,21,0,-0.04,0
BNK01954,2023-08-21,qr_settlement,3417.0,in,LankaQR,0,21,0,-0.7,0
BNK01955,2023-08-21,card_settlement,1965.0,in,POS_card,0,21,0,-0.65,0
BNK01956,2023-08-22,cash_deposit,21915.46,in,agency_banking_agent,1,22,0,-0.59,0
BNK01957,2023-08-22,qr_settlement,2272.0,in,LankaQR,1,22,0,-0.93,0
BNK01958,2023-08-22,card_settlement,2653.0,in,POS_card,1,22,0,-0.41,0
BNK01959,2023-08-23,cash_deposit,27012.04,in,agency_banking_agent,2,23,0,-0.15,0
BNK01960,2023-08-23,qr_settlement,6202.0,in,LankaQR,2,23,0,-0.14,0
BNK01961,2023-08-23,card_settlement,3277.0,in,POS_card,2,23,0,-0.2,0
BNK01962,2023-08-24,supplier_payment,38080.38,out,bank_transfer,3,24,0,1.69,0
BNK01963,2023-08-24,supplier_payment,10059.0,out,bank_transfer,3,24,0,-0.41,0
BNK01964,2023-08-24,supplier_payment,6082.16,out,bank_transfer,3,24,0,-0.7,0
BNK01965,2023-08-24,cash_deposit,32357.67,in,agency_banking_agent,3,24,0,0.31,0
BNK01966,2023-08-24,qr_settlement,7268.0,in,LankaQR,3,24,0,0.08,0
BNK01967,2023-08-25,cash_deposit,30078.32,in,agency_banking_agent,4,25,0,0.12,0
BNK01968,2023-08-25,qr_settlement,238.0,in,LankaQR,4,25,0,-1.35,0
BNK01969,2023-08-25,card_settlement,1048.0,in,POS_card,4,25,0,-0.96,0
BNK01970,2023-08-26,cash_deposit,42867.27,in,agency_banking_agent,5,26,0,1.22,0
BNK01971,2023-08-26,qr_settlement,4468.0,in,LankaQR,5,26,0,-0.49,0
BNK01972,2023-08-26,card_settlement,5604.0,in,POS_card,5,26,0,0.59,0
BNK01973,2023-08-27,cash_deposit,22390.8,in,agency_banking_agent,6,27,0,-0.54,0
BNK01974,2023-08-27,qr_settlement,6018.0,in,LankaQR,6,27,0,-0.17,0
BNK01975,2023-08-27,card_settlement,5637.0,in,POS_card,6,27,0,0.6,0
BNK01976,2023-08-28,supplier_payment,26235.0,out,bank_transfer,0,28,0,0.8,0
BNK01977,2023-08-28,supplier_payment,12337.2,out,bank_transfer,0,28,0,-0.24,0
BNK01978,2023-08-28,supplier_payment,5175.2,out,bank_transfer,0,28,0,-0.77,0
BNK01979,2023-08-28,supplier_payment,10266.55,out,bank_transfer,0,28,0,-0.39,0
BNK01980,2023-08-28,cash_deposit,26693.78,in,agency_banking_agent,0,28,0,-0.17,0
BNK01981,2023-08-28,qr_settlement,1545.0,in,LankaQR,0,28,0,-1.08,0
BNK01982,2023-08-28,card_settlement,6583.0,in,POS_card,0,28,0,0.92,0
BNK01983,2023-08-29,cash_deposit,25792.44,in,agency_banking_agent,1,29,0,-0.25,0
BNK01984,2023-08-29,qr_settlement,6105.0,in,LankaQR,1,29,0,-0.16,0
BNK01985,2023-08-29,card_settlement,3240.0,in,POS_card,1,29,0,-0.21,0
BNK01986,2023-08-30,cash_deposit,18460.28,in,agency_banking_agent,2,30,0,-0.88,0
BNK01987,2023-08-30,qr_settlement,5564.0,in,LankaQR,2,30,0,-0.27,0
BNK01988,2023-08-30,card_settlement,2645.0,in,POS_card,2,30,0,-0.42,0
BNK01989,2023-08-31,supplier_payment,23226.72,out,bank_transfer,3,31,0,0.58,0
BNK01990,2023-08-31,supplier_payment,16960.16,out,bank_transfer,3,31,0,0.11,0
BNK01991,2023-08-31,supplier_payment,15299.5,out,bank_transfer,3,31,0,-0.01,0
BNK01992,2023-08-31,supplier_payment,3161.2,out,bank_transfer,3,31,0,-0.92,0
BNK01993,2023-08-31,cash_deposit,28666.16,in,agency_banking_agent,3,31,0,-0.0,0
BNK01994,2023-08-31,qr_settlement,6175.0,in,LankaQR,3,31,0,-0.14,0
BNK01995,2023-09-01,cash_deposit,37637.67,in,agency_banking_agent,4,1,0,0.77,0
BNK01996,2023-09-01,qr_settlement,2717.0,in,LankaQR,4,1,0,-0.84,0
BNK01997,2023-09-01,card_settlement,1739.0,in,POS_card,4,1,0,-0.72,0
BNK01998,2023-09-02,cash_deposit,39219.18,in,agency_banking_agent,5,2,0,0.9,0
BNK01999,2023-09-02,qr_settlement,1452.0,in,LankaQR,5,2,0,-1.1,0
BNK02000,2023-09-02,card_settlement,2423.0,in,POS_card,5,2,0,-0.49,0
BNK02001,2023-09-03,cash_deposit,24517.41,in,agency_banking_agent,6,3,0,-0.36,0
BNK02002,2023-09-03,qr_settlement,2053.0,in,LankaQR,6,3,0,-0.98,0
BNK02003,2023-09-03,card_settlement,4734.0,in,POS_card,6,3,0,0.29,0
BNK02004,2023-09-04,supplier_payment,58208.52,out,bank_transfer,0,4,0,3.2,1
BNK02005,2023-09-04,supplier_payment,34971.3,out,bank_transfer,0,4,0,1.46,0
BNK02006,2023-09-04,supplier_payment,21921.6,out,bank_transfer,0,4,0,0.48,0
BNK02007,2023-09-04,supplier_payment,43788.15,out,bank_transfer,0,4,0,2.12,0
BNK02008,2023-09-04,supplier_payment,12610.8,out,bank_transfer,0,4,0,-0.22,0
BNK02009,2023-09-04,supplier_payment,6598.8,out,bank_transfer,0,4,0,-0.67,0
BNK02010,2023-09-04,supplier_payment,6181.2,out,bank_transfer,0,4,0,-0.7,0
BNK02011,2023-09-04,supplier_payment,5603.5,out,bank_transfer,0,4,0,-0.74,0
BNK02012,2023-09-04,supplier_payment,9900.1,out,bank_transfer,0,4,0,-0.42,0
BNK02013,2023-09-04,supplier_payment,4257.68,out,bank_transfer,0,4,0,-0.84,0
BNK02014,2023-09-04,supplier_payment,6020.0,out,bank_transfer,0,4,0,-0.71,0
BNK02015,2023-09-04,supplier_payment,6602.5,out,bank_transfer,0,4,0,-0.66,0
BNK02016,2023-09-04,cash_deposit,33708.16,in,agency_banking_agent,0,4,0,0.43,0
BNK02017,2023-09-04,qr_settlement,4199.0,in,LankaQR,0,4,0,-0.54,0
BNK02018,2023-09-04,card_settlement,1054.0,in,POS_card,0,4,0,-0.95,0
BNK02019,2023-09-05,cash_deposit,24671.7,in,agency_banking_agent,1,5,0,-0.35,0
BNK02020,2023-09-05,qr_settlement,661.0,in,LankaQR,1,5,0,-1.26,0
BNK02021,2023-09-05,card_settlement,2292.0,in,POS_card,1,5,0,-0.53,0
BNK02022,2023-09-06,cash_deposit,27114.16,in,agency_banking_agent,2,6,0,-0.14,0
BNK02023,2023-09-06,qr_settlement,6381.0,in,LankaQR,2,6,0,-0.1,0
BNK02024,2023-09-06,card_settlement,1367.0,in,POS_card,2,6,0,-0.85,0
BNK02025,2023-09-07,supplier_payment,20234.0,out,bank_transfer,3,7,0,0.35,0
BNK02026,2023-09-07,supplier_payment,15041.5,out,bank_transfer,3,7,0,-0.03,0
BNK02027,2023-09-07,supplier_payment,10769.64,out,bank_transfer,3,7,0,-0.35,0
BNK02028,2023-09-07,supplier_payment,3083.5,out,bank_transfer,3,7,0,-0.93,0
BNK02029,2023-09-07,cash_deposit,16860.68,in,agency_banking_agent,3,7,0,-1.02,0
BNK02030,2023-09-07,qr_settlement,5925.0,in,LankaQR,3,7,0,-0.19,0
BNK02031,2023-09-08,cash_deposit,22352.98,in,agency_banking_agent,4,8,0,-0.55,0
BNK02032,2023-09-08,qr_settlement,8973.0,in,LankaQR,4,8,0,0.43,0
BNK02033,2023-09-08,card_settlement,2961.0,in,POS_card,4,8,0,-0.31,0
BNK02034,2023-09-09,cash_deposit,44709.24,in,agency_banking_agent,5,9,0,1.38,1
BNK02035,2023-09-09,qr_settlement,4603.0,in,LankaQR,5,9,0,-0.46,0
BNK02036,2023-09-09,card_settlement,2042.0,in,POS_card,5,9,0,-0.62,0
BNK02037,2023-09-10,cash_deposit,35733.55,in,agency_banking_agent,6,10,0,0.6,0
BNK02038,2023-09-10,qr_settlement,14737.0,in,LankaQR,6,10,0,1.6,0
BNK02039,2023-09-11,supplier_payment,20166.4,out,bank_transfer,0,11,0,0.35,0
BNK02040,2023-09-11,supplier_payment,10214.6,out,bank_transfer,0,11,0,-0.39,0
BNK02041,2023-09-11,supplier_payment,12308.4,out,bank_transfer,0,11,0,-0.24,0
BNK02042,2023-09-11,supplier_payment,13586.56,out,bank_transfer,0,11,0,-0.14,0
BNK02043,2023-09-11,supplier_payment,7154.8,out,bank_transfer,0,11,0,-0.62,0
BNK02044,2023-09-11,supplier_payment,5137.6,out,bank_transfer,0,11,0,-0.77,0
BNK02045,2023-09-11,supplier_payment,9973.95,out,bank_transfer,0,11,0,-0.41,0
BNK02046,2023-09-11,supplier_payment,4251.24,out,bank_transfer,0,11,0,-0.84,0
BNK02047,2023-09-11,supplier_payment,5944.68,out,bank_transfer,0,11,0,-0.71,0
BNK02048,2023-09-11,cash_deposit,22244.98,in,agency_banking_agent,0,11,0,-0.56,0
BNK02049,2023-09-11,qr_settlement,2683.0,in,LankaQR,0,11,0,-0.85,0
BNK02050,2023-09-11,card_settlement,2877.0,in,POS_card,0,11,0,-0.34,0
BNK02051,2023-09-12,cash_deposit,47196.3,in,agency_banking_agent,1,12,0,1.59,0
BNK02052,2023-09-12,qr_settlement,6381.0,in,LankaQR,1,12,0,-0.1,0
BNK02053,2023-09-12,card_settlement,3358.0,in,POS_card,1,12,0,-0.17,0
BNK02054,2023-09-13,cash_deposit,21817.87,in,agency_banking_agent,2,13,0,-0.59,0
BNK02055,2023-09-13,qr_settlement,468.0,in,LankaQR,2,13,0,-1.3,0
BNK02056,2023-09-13,card_settlement,2279.0,in,POS_card,2,13,0,-0.54,0
BNK02057,2023-09-14,supplier_payment,25420.5,out,bank_transfer,3,14,0,0.74,0
BNK02058,2023-09-14,supplier_payment,17244.0,out,bank_transfer,3,14,0,0.13,0
BNK02059,2023-09-14,supplier_payment,4396.7,out,bank_transfer,3,14,0,-0.83,0
BNK02060,2023-09-14,cash_deposit,24068.67,in,agency_banking_agent,3,14,0,-0.4,0
BNK02061,2023-09-14,qr_settlement,3916.0,in,LankaQR,3,14,0,-0.6,0
BNK02062,2023-09-14,card_settlement,2728.0,in,POS_card,3,14,0,-0.39,0
BNK02063,2023-09-15,cash_deposit,22148.17,in,agency_banking_agent,4,15,0,-0.57,0
BNK02064,2023-09-15,qr_settlement,9273.0,in,LankaQR,4,15,0,0.49,0
BNK02065,2023-09-15,card_settlement,933.0,in,POS_card,4,15,0,-0.99,0
BNK02066,2023-09-16,cash_deposit,45509.54,in,agency_banking_agent,5,16,0,1.44,0
BNK02067,2023-09-16,qr_settlement,2643.0,in,LankaQR,5,16,0,-0.86,0
BNK02068,2023-09-16,card_settlement,1331.0,in,POS_card,5,16,0,-0.86,0
BNK02069,2023-09-17,cash_deposit,27158.17,in,agency_banking_agent,6,17,0,-0.13,0
BNK02070,2023-09-17,qr_settlement,2185.0,in,LankaQR,6,17,0,-0.95,0
BNK02071,2023-09-17,card_settlement,3283.0,in,POS_card,6,17,0,-0.2,0
BNK02072,2023-09-18,supplier_payment,34574.4,out,bank_transfer,0,18,0,1.43,0
BNK02073,2023-09-18,supplier_payment,34723.44,out,bank_transfer,0,18,0,1.44,0
BNK02074,2023-09-18,supplier_payment,12607.2,out,bank_transfer,0,18,0,-0.22,0
BNK02075,2023-09-18,supplier_payment,13046.4,out,bank_transfer,0,18,0,-0.18,0
BNK02076,2023-09-18,supplier_payment,11078.2,out,bank_transfer,0,18,0,-0.33,0
BNK02077,2023-09-18,supplier_payment,9842.7,out,bank_transfer,0,18,0,-0.42,0
BNK02078,2023-09-18,supplier_payment,2640.3,out,bank_transfer,0,18,0,-0.96,0
BNK02079,2023-09-18,supplier_payment,5852.56,out,bank_transfer,0,18,0,-0.72,0
BNK02080,2023-09-18,supplier_payment,6636.0,out,bank_transfer,0,18,0,-0.66,0
BNK02081,2023-09-18,cash_deposit,33208.59,in,agency_banking_agent,0,18,0,0.39,0
BNK02082,2023-09-18,qr_settlement,8727.0,in,LankaQR,0,18,0,0.38,0
BNK02083,2023-09-18,card_settlement,9401.0,in,POS_card,0,18,0,1.87,0
BNK02084,2023-09-19,cash_deposit,21291.3,in,agency_banking_agent,1,19,0,-0.64,0
BNK02085,2023-09-19,qr_settlement,1626.0,in,LankaQR,1,19,0,-1.06,0
BNK02086,2023-09-19,card_settlement,1786.0,in,POS_card,1,19,0,-0.71,0
BNK02087,2023-09-20,cash_deposit,40491.95,in,agency_banking_agent,2,20,0,1.01,0
BNK02088,2023-09-20,qr_settlement,3050.0,in,LankaQR,2,20,0,-0.78,0
BNK02089,2023-09-20,card_settlement,113.0,in,POS_card,2,20,0,-1.27,0
BNK02090,2023-09-21,supplier_payment,21426.12,out,bank_transfer,3,21,0,0.44,0
BNK02091,2023-09-21,supplier_payment,10760.4,out,bank_transfer,3,21,0,-0.35,0
BNK02092,2023-09-21,supplier_payment,6359.4,out,bank_transfer,3,21,0,-0.68,0
BNK02093,2023-09-21,supplier_payment,6965.2,out,bank_transfer,3,21,0,-0.64,0
BNK02094,2023-09-21,supplier_payment,4431.9,out,bank_transfer,3,21,0,-0.83,0
BNK02095,2023-09-21,supplier_payment,5612.95,out,bank_transfer,3,21,0,-0.74,0
BNK02096,2023-09-21,cash_deposit,31016.38,in,agency_banking_agent,3,21,0,0.2,0
BNK02097,2023-09-21,qr_settlement,3715.0,in,LankaQR,3,21,0,-0.64,0
BNK02098,2023-09-21,card_settlement,917.0,in,POS_card,3,21,0,-1.0,0
BNK02099,2023-09-22,cash_deposit,30722.59,in,agency_banking_agent,4,22,0,0.17,0
BNK02100,2023-09-22,qr_settlement,3859.0,in,LankaQR,4,22,0,-0.61,0
BNK02101,2023-09-22,card_settlement,1338.0,in,POS_card,4,22,0,-0.86,0
BNK02102,2023-09-23,cash_deposit,27068.95,in,agency_banking_agent,5,23,0,-0.14,0
BNK02103,2023-09-23,qr_settlement,2553.0,in,LankaQR,5,23,0,-0.88,0
BNK02104,2023-09-23,card_settlement,3081.0,in,POS_card,5,23,0,-0.27,0
BNK02105,2023-09-24,cash_deposit,35010.98,in,agency_banking_agent,6,24,0,0.54,0
BNK02106,2023-09-24,qr_settlement,6663.0,in,LankaQR,6,24,0,-0.04,0
BNK02107,2023-09-24,card_settlement,3540.0,in,POS_card,6,24,0,-0.11,0
BNK02108,2023-09-25,supplier_payment,48123.36,out,bank_transfer,0,25,0,2.44,1
BNK02109,2023-09-25,supplier_payment,52252.48,out,bank_transfer,0,25,0,2.75,1
BNK02110,2023-09-25,supplier_payment,23443.2,out,bank_transfer,0,25,0,0.59,0
BNK02111,2023-09-25,supplier_payment,32249.78,out,bank_transfer,0,25,0,1.25,0
BNK02112,2023-09-25,supplier_payment,41826.6,out,bank_transfer,0,25,0,1.97,0
BNK02113,2023-09-25,supplier_payment,12733.2,out,bank_transfer,0,25,0,-0.21,0
BNK02114,2023-09-25,supplier_payment,6227.82,out,bank_transfer,0,25,0,-0.69,0
BNK02115,2023-09-25,supplier_payment,12781.12,out,bank_transfer,0,25,0,-0.2,0
BNK02116,2023-09-25,supplier_payment,10682.0,out,bank_transfer,0,25,0,-0.36,0
BNK02117,2023-09-25,supplier_payment,4043.25,out,bank_transfer,0,25,0,-0.86,0
BNK02118,2023-09-25,supplier_payment,3100.3,out,bank_transfer,0,25,0,-0.93,0
BNK02119,2023-09-25,supplier_payment,6148.52,out,bank_transfer,0,25,0,-0.7,0
BNK02120,2023-09-25,cash_deposit,34813.51,in,agency_banking_agent,0,25,0,0.52,0
BNK02121,2023-09-25,qr_settlement,4242.0,in,LankaQR,0,25,0,-0.53,0
BNK02122,2023-09-25,card_settlement,7156.0,in,POS_card,0,25,0,1.11,0
BNK02123,2023-09-26,cash_deposit,26382.54,in,agency_banking_agent,1,26,0,-0.2,0
BNK02124,2023-09-26,qr_settlement,3709.0,in,LankaQR,1,26,0,-0.64,0
BNK02125,2023-09-26,card_settlement,3815.0,in,POS_card,1,26,0,-0.02,0
BNK02126,2023-09-27,cash_deposit,20371.57,in,agency_banking_agent,2,27,0,-0.72,0
BNK02127,2023-09-27,qr_settlement,5423.0,in,LankaQR,2,27,0,-0.29,0
BNK02128,2023-09-27,card_settlement,2765.0,in,POS_card,2,27,0,-0.37,0
BNK02129,2023-09-28,supplier_payment,4999.41,out,bank_transfer,3,28,0,-0.78,0
BNK02130,2023-09-28,supplier_payment,5160.21,out,bank_transfer,3,28,0,-0.77,0
BNK02131,2023-09-28,cash_deposit,32206.75,in,agency_banking_agent,3,28,0,0.3,0
BNK02132,2023-09-28,qr_settlement,6623.0,in,LankaQR,3,28,0,-0.05,0
BNK02133,2023-09-28,card_settlement,6717.0,in,POS_card,3,28,0,0.96,0
BNK02134,2023-09-29,cash_deposit,21516.82,in,agency_banking_agent,4,29,0,-0.62,0
BNK02135,2023-09-29,qr_settlement,6898.0,in,LankaQR,4,29,0,0.01,0
BNK02136,2023-09-29,card_settlement,5741.0,in,POS_card,4,29,0,0.63,0
BNK02137,2023-09-30,cash_deposit,30740.28,in,agency_banking_agent,5,30,0,0.17,0
BNK02138,2023-09-30,qr_settlement,2163.0,in,LankaQR,5,30,0,-0.95,0
BNK02139,2023-09-30,card_settlement,6096.0,in,POS_card,5,30,0,0.75,0
BNK02140,2023-10-01,cash_deposit,32544.75,in,agency_banking_agent,6,1,0,0.33,0
BNK02141,2023-10-01,qr_settlement,4210.0,in,LankaQR,6,1,0,-0.54,0
BNK02142,2023-10-01,card_settlement,678.0,in,POS_card,6,1,0,-1.08,0
BNK02143,2023-10-02,supplier_payment,65930.4,out,bank_transfer,0,2,0,3.77,1
BNK02144,2023-10-02,supplier_payment,20360.32,out,bank_transfer,0,2,0,0.36,0
BNK02145,2023-10-02,supplier_payment,12582.0,out,bank_transfer,0,2,0,-0.22,0
BNK02146,2023-10-02,supplier_payment,6505.2,out,bank_transfer,0,2,0,-0.67,0
BNK02147,2023-10-02,supplier_payment,20160.0,out,bank_transfer,0,2,0,0.35,0
BNK02148,2023-10-02,supplier_payment,7117.6,out,bank_transfer,0,2,0,-0.63,0
BNK02149,2023-10-02,supplier_payment,9800.35,out,bank_transfer,0,2,0,-0.43,0
BNK02150,2023-10-02,supplier_payment,4038.16,out,bank_transfer,0,2,0,-0.86,0
BNK02151,2023-10-02,supplier_payment,6292.5,out,bank_transfer,0,2,0,-0.69,0
BNK02152,2023-10-02,cash_deposit,34005.96,in,agency_banking_agent,0,2,0,0.45,0
BNK02153,2023-10-02,qr_settlement,2182.0,in,LankaQR,0,2,0,-0.95,0
BNK02154,2023-10-02,card_settlement,1251.0,in,POS_card,0,2,0,-0.89,0
BNK02155,2023-10-03,cash_deposit,30078.32,in,agency_banking_agent,1,3,0,0.12,0
BNK02156,2023-10-03,qr_settlement,5644.0,in,LankaQR,1,3,0,-0.25,0
BNK02157,2023-10-03,card_settlement,3461.0,in,POS_card,1,3,0,-0.14,0
BNK02158,2023-10-04,cash_deposit,28394.37,in,agency_banking_agent,2,4,0,-0.03,0
BNK02159,2023-10-04,qr_settlement,4359.0,in,LankaQR,2,4,0,-0.51,0
BNK02160,2023-10-04,card_settlement,3619.0,in,POS_card,2,4,0,-0.09,0
BNK02161,2023-10-05,supplier_payment,33963.6,out,bank_transfer,3,5,0,1.38,0
BNK02162,2023-10-05,supplier_payment,41031.45,out,bank_transfer,3,5,0,1.91,0
BNK02163,2023-10-05,supplier_payment,10556.84,out,bank_transfer,3,5,0,-0.37,0
BNK02164,2023-10-05,cash_deposit,18713.25,in,agency_banking_agent,3,5,0,-0.86,0
BNK02165,2023-10-05,qr_settlement,3205.0,in,LankaQR,3,5,0,-0.74,0
BNK02166,2023-10-05,card_settlement,3209.0,in,POS_card,3,5,0,-0.22,0
BNK02167,2023-10-06,cash_deposit,37989.15,in,agency_banking_agent,4,6,0,0.8,0
BNK02168,2023-10-06,qr_settlement,7637.0,in,LankaQR,4,6,0,0.16,0
BNK02169,2023-10-06,card_settlement,3226.0,in,POS_card,4,6,0,-0.22,0
BNK02170,2023-10-07,cash_deposit,36182.9,in,agency_banking_agent,5,7,0,0.64,0
BNK02171,2023-10-07,qr_settlement,4547.0,in,LankaQR,5,7,0,-0.47,0
BNK02172,2023-10-07,card_settlement,5239.0,in,POS_card,5,7,0,0.46,0
BNK02173,2023-10-08,cash_deposit,29067.2,in,agency_banking_agent,6,8,0,0.03,0
BNK02174,2023-10-08,qr_settlement,6279.0,in,LankaQR,6,8,0,-0.12,0
BNK02175,2023-10-08,card_settlement,2162.0,in,POS_card,6,8,0,-0.58,0
BNK02176,2023-10-09,supplier_payment,23417.1,out,bank_transfer,0,9,0,0.59,0
BNK02177,2023-10-09,supplier_payment,12492.0,out,bank_transfer,0,9,0,-0.22,0
BNK02178,2023-10-09,supplier_payment,6449.4,out,bank_transfer,0,9,0,-0.68,0
BNK02179,2023-10-09,supplier_payment,14395.5,out,bank_transfer,0,9,0,-0.08,0
BNK02180,2023-10-09,supplier_payment,6056.76,out,bank_transfer,0,9,0,-0.71,0
BNK02181,2023-10-09,supplier_payment,9761.4,out,bank_transfer,0,9,0,-0.43,0
BNK02182,2023-10-09,supplier_payment,4038.12,out,bank_transfer,0,9,0,-0.86,0
BNK02183,2023-10-09,cash_deposit,28613.53,in,agency_banking_agent,0,9,0,-0.01,0
BNK02184,2023-10-09,qr_settlement,2379.0,in,LankaQR,0,9,0,-0.91,0
BNK02185,2023-10-09,card_settlement,364.0,in,POS_card,0,9,0,-1.19,0
BNK02186,2023-10-10,cash_deposit,24490.87,in,agency_banking_agent,1,10,0,-0.36,0
BNK02187,2023-10-10,qr_settlement,8306.0,in,LankaQR,1,10,0,0.29,0
BNK02188,2023-10-10,card_settlement,4505.0,in,POS_card,1,10,0,0.21,0
BNK02189,2023-10-11,cash_deposit,29886.59,in,agency_banking_agent,2,11,0,0.1,0
BNK02190,2023-10-11,qr_settlement,3055.0,in,LankaQR,2,11,0,-0.77,0
BNK02191,2023-10-11,card_settlement,940.0,in,POS_card,2,11,0,-0.99,0
BNK02192,2023-10-12,supplier_payment,36701.73,out,bank_transfer,3,12,0,1.59,0
BNK02193,2023-10-12,supplier_payment,5910.24,out,bank_transfer,3,12,0,-0.72,0
BNK02194,2023-10-12,cash_deposit,29146.0,in,agency_banking_agent,3,12,0,0.04,0
BNK02195,2023-10-12,qr_settlement,3888.0,in,LankaQR,3,12,0,-0.61,0
BNK02196,2023-10-12,card_settlement,1903.0,in,POS_card,3,12,0,-0.67,0
BNK02197,2023-10-13,cash_deposit,22624.51,in,agency_banking_agent,4,13,0,-0.52,0
BNK02198,2023-10-13,qr_settlement,7138.0,in,LankaQR,4,13,0,0.05,1
BNK02199,2023-10-14,cash_deposit,44123.36,in,agency_banking_agent,5,14,0,1.32,0
BNK02200,2023-10-14,qr_settlement,11468.0,in,LankaQR,5,14,0,0.93,0
BNK02201,2023-10-14,card_settlement,1539.0,in,POS_card,5,14,0,-0.79,0
BNK02202,2023-10-15,cash_deposit,30231.07,in,agency_banking_agent,6,15,0,0.13,0
BNK02203,2023-10-15,qr_settlement,11202.0,in,LankaQR,6,15,0,0.88,0
BNK02204,2023-10-15,card_settlement,8816.0,in,POS_card,6,15,0,1.67,0
BNK02205,2023-10-16,supplier_payment,49893.9,out,bank_transfer,0,16,0,2.57,1
BNK02206,2023-10-16,supplier_payment,34116.75,out,bank_transfer,0,16,0,1.39,0
BNK02207,2023-10-16,supplier_payment,12171.6,out,bank_transfer,0,16,0,-0.25,0
BNK02208,2023-10-16,supplier_payment,12490.38,out,bank_transfer,0,16,0,-0.22,0
BNK02209,2023-10-16,supplier_payment,6842.0,out,bank_transfer,0,16,0,-0.65,0
BNK02210,2023-10-16,supplier_payment,5179.6,out,bank_transfer,0,16,0,-0.77,0
BNK02211,2023-10-16,supplier_payment,5466.65,out,bank_transfer,0,16,0,-0.75,0
BNK02212,2023-10-16,supplier_payment,3946.88,out,bank_transfer,0,16,0,-0.86,0
BNK02213,2023-10-16,supplier_payment,5124.72,out,bank_transfer,0,16,0,-0.78,0
BNK02214,2023-10-16,cash_deposit,33731.06,in,agency_banking_agent,0,16,0,0.43,0
BNK02215,2023-10-16,qr_settlement,1963.0,in,LankaQR,0,16,0,-1.0,0
BNK02216,2023-10-16,card_settlement,7510.0,in,POS_card,0,16,0,1.23,0
BNK02217,2023-10-17,cash_deposit,23573.38,in,agency_banking_agent,1,17,0,-0.44,0
BNK02218,2023-10-17,qr_settlement,8070.0,in,LankaQR,1,17,0,0.24,0
BNK02219,2023-10-17,card_settlement,480.0,in,POS_card,1,17,0,-1.15,0
BNK02220,2023-10-18,cash_deposit,25041.36,in,agency_banking_agent,2,18,0,-0.32,0
BNK02221,2023-10-18,qr_settlement,8199.0,in,LankaQR,2,18,0,0.27,0
BNK02222,2023-10-18,card_settlement,3253.0,in,POS_card,2,18,0,-0.21,0
BNK02223,2023-10-19,supplier_payment,20176.8,out,bank_transfer,3,19,0,0.35,0
BNK02224,2023-10-19,supplier_payment,10617.6,out,bank_transfer,3,19,0,-0.36,0
BNK02225,2023-10-19,cash_deposit,22818.86,in,agency_banking_agent,3,19,0,-0.51,0
BNK02226,2023-10-19,qr_settlement,3219.0,in,LankaQR,3,19,0,-0.74,0
BNK02227,2023-10-19,card_settlement,7145.0,in,POS_card,3,19,0,1.11,0
BNK02228,2023-10-20,cash_deposit,39864.24,in,agency_banking_agent,4,20,0,0.96,0
BNK02229,2023-10-20,qr_settlement,5369.0,in,LankaQR,4,20,0,-0.3,0
BNK02230,2023-10-20,card_settlement,962.0,in,POS_card,4,20,0,-0.98,0
BNK02231,2023-10-21,cash_deposit,40246.79,in,agency_banking_agent,5,21,0,0.99,0
BNK02232,2023-10-21,qr_settlement,9022.0,in,LankaQR,5,21,0,0.44,0
BNK02233,2023-10-21,card_settlement,3422.0,in,POS_card,5,21,0,-0.15,0
BNK02234,2023-10-22,cash_deposit,20642.46,in,agency_banking_agent,6,22,0,-0.69,0
BNK02235,2023-10-22,qr_settlement,14305.0,in,LankaQR,6,22,0,1.51,0
BNK02236,2023-10-23,supplier_payment,31721.29,out,bank_transfer,0,23,0,1.21,0
BNK02237,2023-10-23,supplier_payment,35146.8,out,bank_transfer,0,23,0,1.47,0
BNK02238,2023-10-23,supplier_payment,11890.8,out,bank_transfer,0,23,0,-0.27,0
BNK02239,2023-10-23,supplier_payment,6206.4,out,bank_transfer,0,23,0,-0.69,0
BNK02240,2023-10-23,supplier_payment,14773.5,out,bank_transfer,0,23,0,-0.05,0
BNK02241,2023-10-23,supplier_payment,4982.64,out,bank_transfer,0,23,0,-0.79,0
BNK02242,2023-10-23,cash_deposit,25413.3,in,agency_banking_agent,0,23,0,-0.28,0
BNK02243,2023-10-23,qr_settlement,5120.0,in,LankaQR,0,23,0,-0.36,0
BNK02244,2023-10-24,cash_deposit,24932.38,in,agency_banking_agent,1,24,0,-0.33,0
BNK02245,2023-10-24,qr_settlement,6666.0,in,LankaQR,1,24,0,-0.04,0
BNK02246,2023-10-24,card_settlement,3440.0,in,POS_card,1,24,0,-0.15,0
BNK02247,2023-10-25,cash_deposit,26272.43,in,agency_banking_agent,2,25,0,-0.21,0
BNK02248,2023-10-25,qr_settlement,3768.0,in,LankaQR,2,25,0,-0.63,0
BNK02249,2023-10-25,card_settlement,3723.0,in,POS_card,2,25,0,-0.05,0
BNK02250,2023-10-26,supplier_payment,59858.36,out,bank_transfer,3,26,0,3.32,1
BNK02251,2023-10-26,supplier_payment,20480.72,out,bank_transfer,3,26,0,0.37,0
BNK02252,2023-10-26,supplier_payment,19585.0,out,bank_transfer,3,26,0,0.31,0
BNK02253,2023-10-26,supplier_payment,9780.05,out,bank_transfer,3,26,0,-0.43,0
BNK02254,2023-10-26,supplier_payment,3998.68,out,bank_transfer,3,26,0,-0.86,0
BNK02255,2023-10-26,supplier_payment,5597.68,out,bank_transfer,3,26,0,-0.74,0
BNK02256,2023-10-26,cash_deposit,29790.57,in,agency_banking_agent,3,26,0,0.09,0
BNK02257,2023-10-26,qr_settlement,6058.0,in,LankaQR,3,26,0,-0.17,0
BNK02258,2023-10-26,card_settlement,3799.0,in,POS_card,3,26,0,-0.02,0
BNK02259,2023-10-27,cash_deposit,24420.41,in,agency_banking_agent,4,27,0,-0.37,0
BNK02260,2023-10-27,qr_settlement,13051.0,in,LankaQR,4,27,0,1.25,0
BNK02261,2023-10-27,card_settlement,2389.0,in,POS_card,4,27,0,-0.5,0
BNK02262,2023-10-28,cash_deposit,22454.73,in,agency_banking_agent,5,28,0,-0.54,0
BNK02263,2023-10-28,qr_settlement,7138.0,in,LankaQR,5,28,0,0.05,0
BNK02264,2023-10-28,card_settlement,3898.0,in,POS_card,5,28,0,0.01,0
BNK02265,2023-10-29,cash_deposit,25412.85,in,agency_banking_agent,6,29,0,-0.28,0
BNK02266,2023-10-29,qr_settlement,6187.0,in,LankaQR,6,29,0,-0.14,0
BNK02267,2023-10-29,card_settlement,5481.0,in,POS_card,6,29,0,0.54,0
BNK02268,2023-10-30,supplier_payment,22628.32,out,bank_transfer,0,30,0,0.53,0
BNK02269,2023-10-30,supplier_payment,33224.4,out,bank_transfer,0,30,0,1.33,0
BNK02270,2023-10-30,supplier_payment,10346.64,out,bank_transfer,0,30,0,-0.38,0
BNK02271,2023-10-30,supplier_payment,20822.4,out,bank_transfer,0,30,0,0.4,0
BNK02272,2023-10-30,supplier_payment,6391.8,out,bank_transfer,0,30,0,-0.68,0
BNK02273,2023-10-30,supplier_payment,12318.18,out,bank_transfer,0,30,0,-0.24,0
BNK02274,2023-10-30,supplier_payment,10565.52,out,bank_transfer,0,30,0,-0.37,0
BNK02275,2023-10-30,supplier_payment,4705.5,out,bank_transfer,0,30,0,-0.81,0
BNK02276,2023-10-30,supplier_payment,9485.19,out,bank_transfer,0,30,0,-0.45,0
BNK02277,2023-10-30,supplier_payment,5064.96,out,bank_transfer,0,30,0,-0.78,0
BNK02278,2023-10-30,cash_deposit,35736.99,in,agency_banking_agent,0,30,0,0.6,0
BNK02279,2023-10-30,qr_settlement,3399.0,in,LankaQR,0,30,0,-0.7,0
BNK02280,2023-10-30,card_settlement,4314.0,in,POS_card,0,30,0,0.15,0
BNK02281,2023-10-31,cash_deposit,35664.13,in,agency_banking_agent,1,31,0,0.6,0
BNK02282,2023-10-31,qr_settlement,1757.0,in,LankaQR,1,31,0,-1.04,0
BNK02283,2023-11-01,cash_deposit,22182.05,in,agency_banking_agent,2,1,0,-0.56,0
BNK02284,2023-11-01,qr_settlement,1477.0,in,LankaQR,2,1,0,-1.09,0
BNK02285,2023-11-01,card_settlement,5578.0,in,POS_card,2,1,0,0.58,0
BNK02286,2023-11-02,supplier_payment,17115.75,out,bank_transfer,3,2,0,0.12,0
BNK02287,2023-11-02,supplier_payment,5061.6,out,bank_transfer,3,2,0,-0.78,0
BNK02288,2023-11-02,supplier_payment,4034.8,out,bank_transfer,3,2,0,-0.86,0
BNK02289,2023-11-02,cash_deposit,26530.8,in,agency_banking_agent,3,2,0,-0.19,0
BNK02290,2023-11-02,qr_settlement,6981.0,in,LankaQR,3,2,0,0.02,0
BNK02291,2023-11-02,card_settlement,2749.0,in,POS_card,3,2,0,-0.38,0
BNK02292,2023-11-03,cash_deposit,23479.33,in,agency_banking_agent,4,3,0,-0.45,0
BNK02293,2023-11-03,qr_settlement,3180.0,in,LankaQR,4,3,0,-0.75,0
BNK02294,2023-11-03,card_settlement,3139.0,in,POS_card,4,3,0,-0.25,0
BNK02295,2023-11-04,cash_deposit,39202.67,in,agency_banking_agent,5,4,0,0.9,0
BNK02296,2023-11-04,qr_settlement,9605.0,in,LankaQR,5,4,0,0.55,0
BNK02297,2023-11-04,card_settlement,1689.0,in,POS_card,5,4,0,-0.74,0
BNK02298,2023-11-05,cash_deposit,34462.74,in,agency_banking_agent,6,5,0,0.49,0
BNK02299,2023-11-05,qr_settlement,2363.0,in,LankaQR,6,5,0,-0.91,0
BNK02300,2023-11-05,card_settlement,676.0,in,POS_card,6,5,0,-1.08,0
BNK02301,2023-11-06,supplier_payment,11141.4,out,bank_transfer,0,6,0,-0.33,0
BNK02302,2023-11-06,supplier_payment,11991.6,out,bank_transfer,0,6,0,-0.26,0
BNK02303,2023-11-06,supplier_payment,14640.0,out,bank_transfer,0,6,0,-0.06,0
BNK02304,2023-11-06,supplier_payment,7067.2,out,bank_transfer,0,6,0,-0.63,0
BNK02305,2023-11-06,supplier_payment,4474.75,out,bank_transfer,0,6,0,-0.82,0
BNK02306,2023-11-06,supplier_payment,10044.81,out,bank_transfer,0,6,0,-0.41,0
BNK02307,2023-11-06,supplier_payment,4954.24,out,bank_transfer,0,6,0,-0.79,0
BNK02308,2023-11-06,supplier_payment,9494.1,out,bank_transfer,0,6,0,-0.45,0
BNK02309,2023-11-06,supplier_payment,3017.35,out,bank_transfer,0,6,0,-0.93,0
BNK02310,2023-11-06,supplier_payment,5377.58,out,bank_transfer,0,6,0,-0.76,0
BNK02311,2023-11-06,supplier_payment,6291.5,out,bank_transfer,0,6,0,-0.69,0
BNK02312,2023-11-06,cash_deposit,22049.25,in,agency_banking_agent,0,6,0,-0.57,0
BNK02313,2023-11-06,qr_settlement,4246.0,in,LankaQR,0,6,0,-0.53,0
BNK02314,2023-11-06,card_settlement,4233.0,in,POS_card,0,6,0,0.12,0
BNK02315,2023-11-07,cash_deposit,36849.69,in,agency_banking_agent,1,7,0,0.7,0
BNK02316,2023-11-07,qr_settlement,3151.0,in,LankaQR,1,7,0,-0.75,0
BNK02317,2023-11-07,card_settlement,1331.0,in,POS_card,1,7,0,-0.86,0
BNK02318,2023-11-08,cash_deposit,29926.15,in,agency_banking_agent,2,8,0,0.1,0
BNK02319,2023-11-08,qr_settlement,2987.0,in,LankaQR,2,8,0,-0.79,0
BNK02320,2023-11-08,card_settlement,2683.0,in,POS_card,2,8,0,-0.4,0
BNK02321,2023-11-09,supplier_payment,19479.5,out,bank_transfer,3,9,0,0.3,0
BNK02322,2023-11-09,cash_deposit,23034.8,in,agency_banking_agent,3,9,0,-0.49,0
BNK02323,2023-11-09,qr_settlement,9923.0,in,LankaQR,3,9,0,0.62,0
BNK02324,2023-11-09,card_settlement,5997.0,in,POS_card,3,9,0,0.72,0
BNK02325,2023-11-10,cash_deposit,28170.26,in,agency_banking_agent,4,10,0,-0.05,0
BNK02326,2023-11-10,qr_settlement,4014.0,in,LankaQR,4,10,0,-0.58,0
BNK02327,2023-11-10,card_settlement,4951.0,in,POS_card,4,10,0,0.36,0
BNK02328,2023-11-11,cash_deposit,36601.9,in,agency_banking_agent,5,11,0,0.68,0
BNK02329,2023-11-11,qr_settlement,8043.0,in,LankaQR,5,11,0,0.24,0
BNK02330,2023-11-11,card_settlement,6227.0,in,POS_card,5,11,0,0.8,0
BNK02331,2023-11-12,cash_deposit,14438.14,in,agency_banking_agent,6,12,0,-1.23,0
BNK02332,2023-11-12,qr_settlement,6723.0,in,LankaQR,6,12,0,-0.03,0
BNK02333,2023-11-12,card_settlement,581.0,in,POS_card,6,12,0,-1.11,0
BNK02334,2023-11-13,supplier_payment,20655.16,out,bank_transfer,0,13,0,0.39,0
BNK02335,2023-11-13,supplier_payment,15402.2,out,bank_transfer,0,13,0,-0.01,0
BNK02336,2023-11-13,supplier_payment,9448.26,out,bank_transfer,0,13,0,-0.45,0
BNK02337,2023-11-13,supplier_payment,35003.28,out,bank_transfer,0,13,0,1.46,0
BNK02338,2023-11-13,supplier_payment,6775.6,out,bank_transfer,0,13,0,-0.65,0
BNK02339,2023-11-13,supplier_payment,4850.4,out,bank_transfer,0,13,0,-0.8,0
BNK02340,2023-11-13,supplier_payment,10718.96,out,bank_transfer,0,13,0,-0.36,0
BNK02341,2023-11-13,cash_deposit,26188.83,in,agency_banking_agent,0,13,0,-0.22,0
BNK02342,2023-11-13,qr_settlement,2516.0,in,LankaQR,0,13,0,-0.88,0
BNK02343,2023-11-13,card_settlement,3107.0,in,POS_card,0,13,0,-0.26,0
BNK02344,2023-11-14,cash_deposit,21477.54,in,agency_banking_agent,1,14,0,-0.62,0
BNK02345,2023-11-14,qr_settlement,4220.0,in,LankaQR,1,14,0,-0.54,0
BNK02346,2023-11-14,card_settlement,390.0,in,POS_card,1,14,0,-1.18,0
BNK02347,2023-11-15,cash_deposit,26363.12,in,agency_banking_agent,2,15,0,-0.2,0
BNK02348,2023-11-15,qr_settlement,985.0,in,LankaQR,2,15,0,-1.19,0
BNK02349,2023-11-15,card_settlement,456.0,in,POS_card,2,15,0,-1.16,0
BNK02350,2023-11-16,supplier_payment,55528.2,out,bank_transfer,3,16,0,2.99,1
BNK02351,2023-11-16,supplier_payment,31752.8,out,bank_transfer,3,16,0,1.22,0
BNK02352,2023-11-16,supplier_payment,2742.08,out,bank_transfer,3,16,0,-0.95,0
BNK02353,2023-11-16,cash_deposit,36735.44,in,agency_banking_agent,3,16,0,0.69,0
BNK02354,2023-11-16,qr_settlement,3744.0,in,LankaQR,3,16,0,-0.63,0
BNK02355,2023-11-16,card_settlement,2247.0,in,POS_card,3,16,0,-0.55,0
BNK02356,2023-11-17,cash_deposit,22798.46,in,agency_banking_agent,4,17,0,-0.51,0
BNK02357,2023-11-17,qr_settlement,4350.0,in,LankaQR,4,17,0,-0.51,0
BNK02358,2023-11-17,card_settlement,1388.0,in,POS_card,4,17,0,-0.84,0
BNK02359,2023-11-18,cash_deposit,51321.14,in,agency_banking_agent,5,18,0,1.94,0
BNK02360,2023-11-18,qr_settlement,9625.0,in,LankaQR,5,18,0,0.56,0
BNK02361,2023-11-18,card_settlement,3555.0,in,POS_card,5,18,0,-0.11,0
BNK02362,2023-11-19,cash_deposit,33249.94,in,agency_banking_agent,6,19,0,0.39,0
BNK02363,2023-11-19,qr_settlement,5223.0,in,LankaQR,6,19,0,-0.33,0
BNK02364,2023-11-19,card_settlement,4763.0,in,POS_card,6,19,0,0.3,0
BNK02365,2023-11-20,supplier_payment,11836.8,out,bank_transfer,0,20,0,-0.27,0
BNK02366,2023-11-20,supplier_payment,13214.05,out,bank_transfer,0,20,0,-0.17,0
BNK02367,2023-11-20,supplier_payment,7004.8,out,bank_transfer,0,20,0,-0.63,0
BNK02368,2023-11-20,supplier_payment,10597.72,out,bank_transfer,0,20,0,-0.37,0
BNK02369,2023-11-20,supplier_payment,9726.15,out,bank_transfer,0,20,0,-0.43,0
BNK02370,2023-11-20,cash_deposit,27134.3,in,agency_banking_agent,0,20,0,-0.14,0
BNK02371,2023-11-20,qr_settlement,806.0,in,LankaQR,0,20,0,-1.23,0
BNK02372,2023-11-20,card_settlement,1880.0,in,POS_card,0,20,0,-0.67,0
BNK02373,2023-11-21,cash_deposit,22722.54,in,agency_banking_agent,1,21,0,-0.52,0
BNK02374,2023-11-21,qr_settlement,7199.0,in,LankaQR,1,21,0,0.07,0
BNK02375,2023-11-21,card_settlement,3923.0,in,POS_card,1,21,0,0.02,0
BNK02376,2023-11-22,cash_deposit,15036.79,in,agency_banking_agent,2,22,0,-1.18,0
BNK02377,2023-11-22,qr_settlement,1488.0,in,LankaQR,2,22,0,-1.09,0
BNK02378,2023-11-22,card_settlement,2677.0,in,POS_card,2,22,0,-0.4,0
BNK02379,2023-11-23,supplier_payment,22558.5,out,bank_transfer,3,23,0,0.53,0
BNK02380,2023-11-23,supplier_payment,29051.0,out,bank_transfer,3,23,0,1.01,0
BNK02381,2023-11-23,supplier_payment,5449.5,out,bank_transfer,3,23,0,-0.75,0
BNK02382,2023-11-23,supplier_payment,6178.5,out,bank_transfer,3,23,0,-0.7,0
BNK02383,2023-11-23,cash_deposit,20977.33,in,agency_banking_agent,3,23,0,-0.67,0
BNK02384,2023-11-23,qr_settlement,6356.0,in,LankaQR,3,23,0,-0.1,0
BNK02385,2023-11-23,card_settlement,1672.0,in,POS_card,3,23,0,-0.74,0
BNK02386,2023-11-24,cash_deposit,21733.93,in,agency_banking_agent,4,24,0,-0.6,0
BNK02387,2023-11-24,qr_settlement,2764.0,in,LankaQR,4,24,0,-0.83,0
BNK02388,2023-11-25,cash_deposit,33816.4,in,agency_banking_agent,5,25,0,0.44,0
BNK02389,2023-11-25,qr_settlement,13243.0,in,LankaQR,5,25,0,1.29,0
BNK02390,2023-11-25,card_settlement,4037.0,in,POS_card,5,25,0,0.06,0
BNK02391,2023-11-26,cash_deposit,21773.71,in,agency_banking_agent,6,26,0,-0.6,0
BNK02392,2023-11-26,qr_settlement,2546.0,in,LankaQR,6,26,0,-0.88,0
BNK02393,2023-11-26,card_settlement,4672.0,in,POS_card,6,26,0,0.27,0
BNK02394,2023-11-27,supplier_payment,43897.1,out,bank_transfer,0,27,0,2.12,0
BNK02395,2023-11-27,supplier_payment,24569.28,out,bank_transfer,0,27,0,0.68,0
BNK02396,2023-11-27,supplier_payment,17172.0,out,bank_transfer,0,27,0,0.13,0
BNK02397,2023-11-27,supplier_payment,41552.1,out,bank_transfer,0,27,0,1.95,0
BNK02398,2023-11-27,supplier_payment,12081.6,out,bank_transfer,0,27,0,-0.25,0
BNK02399,2023-11-27,supplier_payment,5964.48,out,bank_transfer,0,27,0,-0.71,0
BNK02400,2023-11-27,supplier_payment,10276.28,out,bank_transfer,0,27,0,-0.39,0
BNK02401,2023-11-27,supplier_payment,9389.1,out,bank_transfer,0,27,0,-0.46,0
BNK02402,2023-11-27,cash_deposit,34286.42,in,agency_banking_agent,0,27,0,0.48,0
BNK02403,2023-11-27,qr_settlement,5073.0,in,LankaQR,0,27,0,-0.36,0
BNK02404,2023-11-27,card_settlement,2649.0,in,POS_card,0,27,0,-0.41,0
BNK02405,2023-11-28,cash_deposit,36014.07,in,agency_banking_agent,1,28,0,0.63,1
BNK02406,2023-11-28,qr_settlement,3172.0,in,LankaQR,1,28,0,-0.75,0
BNK02407,2023-11-29,cash_deposit,23398.1,in,agency_banking_agent,2,29,0,-0.46,0
BNK02408,2023-11-29,qr_settlement,4791.0,in,LankaQR,2,29,0,-0.42,0
BNK02409,2023-11-29,card_settlement,1071.0,in,POS_card,2,29,0,-0.95,0
BNK02410,2023-11-30,supplier_payment,19194.0,out,bank_transfer,3,30,0,0.28,0
BNK02411,2023-11-30,supplier_payment,14212.0,out,bank_transfer,3,30,0,-0.1,0
BNK02412,2023-11-30,supplier_payment,4880.4,out,bank_transfer,3,30,0,-0.79,0
BNK02413,2023-11-30,supplier_payment,5769.96,out,bank_transfer,3,30,0,-0.73,0
BNK02414,2023-11-30,supplier_payment,6307.0,out,bank_transfer,3,30,0,-0.69,0
BNK02415,2023-11-30,cash_deposit,35342.3,in,agency_banking_agent,3,30,0,0.57,0
BNK02416,2023-11-30,card_settlement,2279.0,in,POS_card,3,30,0,-0.54,0
BNK02417,2023-12-01,cash_deposit,27506.96,in,agency_banking_agent,4,1,0,-0.1,0
BNK02418,2023-12-01,qr_settlement,3392.0,in,LankaQR,4,1,0,-0.71,0
BNK02419,2023-12-01,card_settlement,4256.0,in,POS_card,4,1,0,0.13,0
BNK02420,2023-12-02,cash_deposit,55742.64,in,agency_banking_agent,5,2,0,2.32,1
BNK02421,2023-12-02,qr_settlement,1500.0,in,LankaQR,5,2,0,-1.09,0
BNK02422,2023-12-02,card_settlement,4648.0,in,POS_card,5,2,0,0.26,0
BNK02423,2023-12-03,cash_deposit,32141.12,in,agency_banking_agent,6,3,0,0.29,0
BNK02424,2023-12-03,qr_settlement,601.0,in,LankaQR,6,3,0,-1.27,0
BNK02425,2023-12-03,card_settlement,1077.0,in,POS_card,6,3,0,-0.95,0
BNK02426,2023-12-04,supplier_payment,21976.64,out,bank_transfer,0,4,0,0.49,0
BNK02427,2023-12-04,supplier_payment,33131.7,out,bank_transfer,0,4,0,1.32,0
BNK02428,2023-12-04,supplier_payment,10962.6,out,bank_transfer,0,4,0,-0.34,0
BNK02429,2023-12-04,supplier_payment,40842.45,out,bank_transfer,0,4,0,1.9,0
BNK02430,2023-12-04,supplier_payment,12240.0,out,bank_transfer,0,4,0,-0.24,0
BNK02431,2023-12-04,supplier_payment,8770.8,out,bank_transfer,0,4,0,-0.5,0
BNK02432,2023-12-04,supplier_payment,3963.12,out,bank_transfer,0,4,0,-0.86,0
BNK02433,2023-12-04,cash_deposit,29320.48,in,agency_banking_agent,0,4,0,0.05,0
BNK02434,2023-12-04,qr_settlement,414.0,in,LankaQR,0,4,0,-1.31,0
BNK02435,2023-12-04,card_settlement,2221.0,in,POS_card,0,4,0,-0.56,0
BNK02436,2023-12-05,cash_deposit,23775.49,in,agency_banking_agent,1,5,0,-0.43,0
BNK02437,2023-12-05,qr_settlement,2660.0,in,LankaQR,1,5,0,-0.85,0
BNK02438,2023-12-05,card_settlement,5200.0,in,POS_card,1,5,0,0.45,0
BNK02439,2023-12-06,cash_deposit,23874.26,in,agency_banking_agent,2,6,0,-0.42,0
BNK02440,2023-12-06,qr_settlement,2551.0,in,LankaQR,2,6,0,-0.88,0
BNK02441,2023-12-06,card_settlement,3074.0,in,POS_card,2,6,0,-0.27,0
BNK02442,2023-12-07,supplier_payment,58229.28,out,bank_transfer,3,7,0,3.2,1
BNK02443,2023-12-07,supplier_payment,18479.86,out,bank_transfer,3,7,0,0.22,0
BNK02444,2023-12-07,supplier_payment,14426.0,out,bank_transfer,3,7,0,-0.08,0
BNK02445,2023-12-07,supplier_payment,9716.35,out,bank_transfer,3,7,0,-0.43,0
BNK02446,2023-12-07,cash_deposit,24802.38,in,agency_banking_agent,3,7,0,-0.34,0
BNK02447,2023-12-07,qr_settlement,7129.0,in,LankaQR,3,7,0,0.05,0
BNK02448,2023-12-08,cash_deposit,22832.52,in,agency_banking_agent,4,8,0,-0.51,0
BNK02449,2023-12-08,qr_settlement,7694.0,in,LankaQR,4,8,0,0.17,0
BNK02450,2023-12-08,card_settlement,2295.0,in,POS_card,4,8,0,-0.53,0
BNK02451,2023-12-09,cash_deposit,27992.65,in,agency_banking_agent,5,9,0,-0.06,0
BNK02452,2023-12-09,qr_settlement,7184.0,in,LankaQR,5,9,0,0.06,0
BNK02453,2023-12-09,card_settlement,2362.0,in,POS_card,5,9,0,-0.51,0
BNK02454,2023-12-10,cash_deposit,32172.43,in,agency_banking_agent,6,10,0,0.3,0
BNK02455,2023-12-10,qr_settlement,9938.0,in,LankaQR,6,10,0,0.62,0
BNK02456,2023-12-10,card_settlement,6537.0,in,POS_card,6,10,0,0.9,0
BNK02457,2023-12-11,supplier_payment,6586.4,out,bank_transfer,0,11,0,-0.67,0
BNK02458,2023-12-11,supplier_payment,10257.8,out,bank_transfer,0,11,0,-0.39,0
BNK02459,2023-12-11,supplier_payment,4013.52,out,bank_transfer,0,11,0,-0.86,1
BNK02460,2023-12-11,supplier_payment,2867.55,out,bank_transfer,0,11,0,-0.94,0
BNK02461,2023-12-11,supplier_payment,5911.08,out,bank_transfer,0,11,0,-0.72,0
BNK02462,2023-12-11,cash_deposit,29831.99,in,agency_banking_agent,0,11,0,0.1,0
BNK02463,2023-12-11,qr_settlement,6726.0,in,LankaQR,0,11,0,-0.03,0
BNK02464,2023-12-12,cash_deposit,22052.66,in,agency_banking_agent,1,12,0,-0.57,0
BNK02465,2023-12-12,qr_settlement,6375.0,in,LankaQR,1,12,0,-0.1,0
BNK02466,2023-12-12,card_settlement,2790.0,in,POS_card,1,12,0,-0.37,0
BNK02467,2023-12-13,cash_deposit,28991.04,in,agency_banking_agent,2,13,0,0.02,0
BNK02468,2023-12-13,qr_settlement,3393.0,in,LankaQR,2,13,0,-0.71,0
BNK02469,2023-12-13,card_settlement,10016.0,in,POS_card,2,13,0,2.08,0
BNK02470,2023-12-14,supplier_payment,42719.04,out,bank_transfer,3,14,0,2.04,1
BNK02471,2023-12-14,supplier_payment,21492.0,out,bank_transfer,3,14,0,0.45,0
BNK02472,2023-12-14,supplier_payment,21524.1,out,bank_transfer,3,14,0,0.45,0
BNK02473,2023-12-14,supplier_payment,15558.06,out,bank_transfer,3,14,0,0.01,0
BNK02474,2023-12-14,supplier_payment,13743.84,out,bank_transfer,3,14,0,-0.13,0
BNK02475,2023-12-14,supplier_payment,9277.24,out,bank_transfer,3,14,0,-0.46,0
BNK02476,2023-12-14,supplier_payment,3858.12,out,bank_transfer,3,14,0,-0.87,0
BNK02477,2023-12-14,cash_deposit,23791.15,in,agency_banking_agent,3,14,0,-0.42,0
BNK02478,2023-12-14,qr_settlement,2877.0,in,LankaQR,3,14,0,-0.81,0
BNK02479,2023-12-14,card_settlement,6062.0,in,POS_card,3,14,0,0.74,0
BNK02480,2023-12-15,cash_deposit,35091.61,in,agency_banking_agent,4,15,0,0.55,0
BNK02481,2023-12-15,qr_settlement,7160.0,in,LankaQR,4,15,0,0.06,0
BNK02482,2023-12-15,card_settlement,3580.0,in,POS_card,4,15,0,-0.1,0
BNK02483,2023-12-16,cash_deposit,44130.84,in,agency_banking_agent,5,16,0,1.33,0
BNK02484,2023-12-16,qr_settlement,4868.0,in,LankaQR,5,16,0,-0.41,0
BNK02485,2023-12-17,cash_deposit,24733.53,in,agency_banking_agent,6,17,0,-0.34,0
BNK02486,2023-12-17,qr_settlement,13091.0,in,LankaQR,6,17,0,1.26,0
BNK02487,2023-12-17,card_settlement,1572.0,in,POS_card,6,17,0,-0.78,0
BNK02488,2023-12-18,supplier_payment,34254.0,out,bank_transfer,0,18,0,1.4,0
BNK02489,2023-12-18,supplier_payment,14780.88,out,bank_transfer,0,18,0,-0.05,0
BNK02490,2023-12-18,supplier_payment,10504.2,out,bank_transfer,0,18,0,-0.37,0
BNK02491,2023-12-18,supplier_payment,6211.8,out,bank_transfer,0,18,0,-0.69,0
BNK02492,2023-12-18,supplier_payment,6794.8,out,bank_transfer,0,18,0,-0.65,0
BNK02493,2023-12-18,supplier_payment,4922.0,out,bank_transfer,0,18,0,-0.79,0
BNK02494,2023-12-18,supplier_payment,5423.25,out,bank_transfer,0,18,0,-0.75,0
BNK02495,2023-12-18,supplier_payment,6340.5,out,bank_transfer,0,18,0,-0.68,0
BNK02496,2023-12-18,cash_deposit,19794.41,in,agency_banking_agent,0,18,0,-0.77,0
BNK02497,2023-12-18,qr_settlement,10911.0,in,LankaQR,0,18,0,0.82,0
BNK02498,2023-12-18,card_settlement,4476.0,in,POS_card,0,18,0,0.2,0
BNK02499,2023-12-19,cash_deposit,35114.55,in,agency_banking_agent,1,19,0,0.55,0
BNK02500,2023-12-19,qr_settlement,3225.0,in,LankaQR,1,19,0,-0.74,0
BNK02501,2023-12-19,card_settlement,163.0,in,POS_card,1,19,0,-1.26,0
BNK02502,2023-12-20,cash_deposit,14949.23,in,agency_banking_agent,2,20,0,-1.18,0
BNK02503,2023-12-20,qr_settlement,4940.0,in,LankaQR,2,20,0,-0.39,0
BNK02504,2023-12-20,card_settlement,522.0,in,POS_card,2,20,0,-1.13,0
BNK02505,2023-12-21,supplier_payment,20757.6,out,bank_transfer,3,21,0,0.39,0
BNK02506,2023-12-21,supplier_payment,6030.0,out,bank_transfer,3,21,0,-0.71,0
BNK02507,2023-12-21,supplier_payment,16321.94,out,bank_transfer,3,21,0,0.06,0
BNK02508,2023-12-21,supplier_payment,9351.3,out,bank_transfer,3,21,0,-0.46,0
BNK02509,2023-12-21,supplier_payment,2934.05,out,bank_transfer,3,21,0,-0.94,0
BNK02510,2023-12-21,cash_deposit,29176.64,in,agency_banking_agent,3,21,0,0.04,0
BNK02511,2023-12-21,qr_settlement,6976.0,in,LankaQR,3,21,0,0.02,0
BNK02512,2023-12-21,card_settlement,2728.0,in,POS_card,3,21,0,-0.39,0
BNK02513,2023-12-22,cash_deposit,39232.39,in,agency_banking_agent,4,22,0,0.9,0
BNK02514,2023-12-22,qr_settlement,8255.0,in,LankaQR,4,22,0,0.28,0
BNK02515,2023-12-22,card_settlement,2650.0,in,POS_card,4,22,0,-0.41,0
BNK02516,2023-12-23,cash_deposit,29614.23,in,agency_banking_agent,5,23,0,0.08,0
BNK02517,2023-12-23,qr_settlement,1564.0,in,LankaQR,5,23,0,-1.08,0
BNK02518,2023-12-23,card_settlement,828.0,in,POS_card,5,23,0,-1.03,0
BNK02519,2023-12-24,cash_deposit,23545.63,in,agency_banking_agent,6,24,0,-0.45,0
BNK02520,2023-12-24,qr_settlement,1918.0,in,LankaQR,6,24,0,-1.0,0
BNK02521,2023-12-24,card_settlement,1232.0,in,POS_card,6,24,0,-0.89,0
BNK02522,2023-12-25,supplier_payment,57202.5,out,bank_transfer,0,25,0,3.12,1
BNK02523,2023-12-25,supplier_payment,39753.9,out,bank_transfer,0,25,0,1.81,0
BNK02524,2023-12-25,supplier_payment,11786.4,out,bank_transfer,0,25,0,-0.28,0
BNK02525,2023-12-25,supplier_payment,4309.92,out,bank_transfer,0,25,0,-0.84,0
BNK02526,2023-12-25,supplier_payment,5112.45,out,bank_transfer,0,25,0,-0.78,0
BNK02527,2023-12-25,supplier_payment,5769.96,out,bank_transfer,0,25,0,-0.73,0
BNK02528,2023-12-25,supplier_payment,5847.17,out,bank_transfer,0,25,0,-0.72,0
BNK02529,2023-12-25,cash_deposit,20581.42,in,agency_banking_agent,0,25,0,-0.7,0
BNK02530,2023-12-25,qr_settlement,3863.0,in,LankaQR,0,25,0,-0.61,0
BNK02531,2023-12-25,card_settlement,1391.0,in,POS_card,0,25,0,-0.84,0
BNK02532,2023-12-26,cash_deposit,36019.77,in,agency_banking_agent,1,26,0,0.63,0
BNK02533,2023-12-26,qr_settlement,4439.0,in,LankaQR,1,26,0,-0.49,0
BNK02534,2023-12-26,card_settlement,7733.0,in,POS_card,1,26,0,1.31,0
BNK02535,2023-12-27,cash_deposit,21318.88,in,agency_banking_agent,2,27,0,-0.64,0
BNK02536,2023-12-27,qr_settlement,4981.0,in,LankaQR,2,27,0,-0.38,0
BNK02537,2023-12-27,card_settlement,3835.0,in,POS_card,2,27,0,-0.01,0
BNK02538,2023-12-28,supplier_payment,59641.89,out,bank_transfer,3,28,0,3.3,1
BNK02539,2023-12-28,supplier_payment,18644.5,out,bank_transfer,3,28,0,0.24,0
BNK02540,2023-12-28,supplier_payment,6599.2,out,bank_transfer,3,28,0,-0.67,0
BNK02541,2023-12-28,supplier_payment,10697.12,out,bank_transfer,3,28,0,-0.36,0
BNK02542,2023-12-28,supplier_payment,3928.96,out,bank_transfer,3,28,0,-0.86,0
BNK02543,2023-12-28,supplier_payment,2848.3,out,bank_transfer,3,28,0,-0.95,0
BNK02544,2023-12-28,cash_deposit,30856.08,in,agency_banking_agent,3,28,0,0.18,0
BNK02545,2023-12-28,qr_settlement,2564.0,in,LankaQR,3,28,0,-0.87,0
BNK02546,2023-12-28,card_settlement,3072.0,in,POS_card,3,28,0,-0.27,0
BNK02547,2023-12-29,cash_deposit,38152.8,in,agency_banking_agent,4,29,0,0.81,0
BNK02548,2023-12-29,qr_settlement,2895.0,in,LankaQR,4,29,0,-0.81,0
BNK02549,2023-12-29,card_settlement,3315.0,in,POS_card,4,29,0,-0.19,0
BNK02550,2023-12-30,cash_deposit,22600.22,in,agency_banking_agent,5,30,0,-0.53,0
BNK02551,2023-12-30,qr_settlement,13017.0,in,LankaQR,5,30,0,1.25,0
BNK02552,2023-12-30,card_settlement,6180.0,in,POS_card,5,30,0,0.78,0
BNK02553,2023-12-31,cash_deposit,27232.04,in,agency_banking_agent,6,31,0,-0.13,0
BNK02554,2023-12-31,qr_settlement,4305.0,in,LankaQR,6,31,0,-0.52,0
BNK02555,2023-12-31,card_settlement,5386.0,in,POS_card,6,31,0,0.51,0
BNK02556,2024-01-01,supplier_payment,35193.6,out,bank_transfer,0,1,0,1.47,0
BNK02557,2024-01-01,supplier_payment,25032.0,out,bank_transfer,0,1,0,0.71,0
BNK02558,2024-01-01,supplier_payment,16266.0,out,bank_transfer,0,1,0,0.06,0
BNK02559,2024-01-01,supplier_payment,10479.0,out,bank_transfer,0,1,0,-0.37,0
BNK02560,2024-01-01,supplier_payment,18255.27,out,bank_transfer,0,1,0,0.21,0
BNK02561,2024-01-01,supplier_payment,11473.2,out,bank_transfer,0,1,0,-0.3,0
BNK02562,2024-01-01,supplier_payment,14100.0,out,bank_transfer,0,1,0,-0.1,0
BNK02563,2024-01-01,supplier_payment,5323.5,out,bank_transfer,0,1,0,-0.76,0
BNK02564,2024-01-01,supplier_payment,4015.2,out,bank_transfer,0,1,0,-0.86,0
BNK02565,2024-01-01,supplier_payment,5660.2,out,bank_transfer,0,1,0,-0.74,0
BNK02566,2024-01-01,cash_deposit,25223.23,in,agency_banking_agent,0,1,0,-0.3,0
BNK02567,2024-01-01,qr_settlement,740.0,in,LankaQR,0,1,0,-1.24,0
BNK02568,2024-01-01,card_settlement,5919.0,in,POS_card,0,1,0,0.69,0
BNK02569,2024-01-02,cash_deposit,32788.78,in,agency_banking_agent,1,2,0,0.35,0
BNK02570,2024-01-02,qr_settlement,4031.0,in,LankaQR,1,2,0,-0.58,0
BNK02571,2024-01-02,card_settlement,3654.0,in,POS_card,1,2,0,-0.07,0
BNK02572,2024-01-03,cash_deposit,11974.93,in,agency_banking_agent,2,3,0,-1.44,0
BNK02573,2024-01-03,qr_settlement,3797.0,in,LankaQR,2,3,0,-0.62,0
BNK02574,2024-01-03,card_settlement,3587.0,in,POS_card,2,3,0,-0.1,0
BNK02575,2024-01-04,supplier_payment,22436.1,out,bank_transfer,3,4,0,0.52,0
BNK02576,2024-01-04,supplier_payment,5753.56,out,bank_transfer,3,4,0,-0.73,0
BNK02577,2024-01-04,supplier_payment,18277.98,out,bank_transfer,3,4,0,0.21,0
BNK02578,2024-01-04,supplier_payment,4981.6,out,bank_transfer,3,4,0,-0.79,0
BNK02579,2024-01-04,supplier_payment,10002.15,out,bank_transfer,3,4,0,-0.41,0
BNK02580,2024-01-04,supplier_payment,9592.1,out,bank_transfer,3,4,0,-0.44,0
BNK02581,2024-01-04,cash_deposit,22495.26,in,agency_banking_agent,3,4,0,-0.54,0
BNK02582,2024-01-04,qr_settlement,4902.0,in,LankaQR,3,4,0,-0.4,0
BNK02583,2024-01-04,card_settlement,2147.0,in,POS_card,3,4,0,-0.58,0
BNK02584,2024-01-05,cash_deposit,26769.58,in,agency_banking_agent,4,5,0,-0.17,0
BNK02585,2024-01-05,qr_settlement,6324.0,in,LankaQR,4,5,0,-0.11,0
BNK02586,2024-01-06,cash_deposit,35879.96,in,agency_banking_agent,5,6,0,0.62,0
BNK02587,2024-01-06,qr_settlement,9246.0,in,LankaQR,5,6,0,0.48,0
BNK02588,2024-01-06,card_settlement,2225.0,in,POS_card,5,6,0,-0.56,0
BNK02589,2024-01-07,cash_deposit,26212.53,in,agency_banking_agent,6,7,0,-0.22,0
BNK02590,2024-01-07,qr_settlement,5117.0,in,LankaQR,6,7,0,-0.36,0
BNK02591,2024-01-07,card_settlement,4313.0,in,POS_card,6,7,0,0.15,0
BNK02592,2024-01-08,supplier_payment,19089.0,out,bank_transfer,0,8,0,0.27,0
BNK02593,2024-01-08,supplier_payment,11782.8,out,bank_transfer,0,8,0,-0.28,0
BNK02594,2024-01-08,supplier_payment,5229.7,out,bank_transfer,0,8,0,-0.77,0
BNK02595,2024-01-08,supplier_payment,2851.1,out,bank_transfer,0,8,0,-0.95,0
BNK02596,2024-01-08,cash_deposit,43641.61,in,agency_banking_agent,0,8,0,1.28,0
BNK02597,2024-01-08,qr_settlement,8135.0,in,LankaQR,0,8,0,0.26,0
BNK02598,2024-01-08,card_settlement,1360.0,in,POS_card,0,8,0,-0.85,0
BNK02599,2024-01-09,cash_deposit,26792.44,in,agency_banking_agent,1,9,0,-0.17,0
BNK02600,2024-01-09,qr_settlement,4639.0,in,LankaQR,1,9,0,-0.45,0
BNK02601,2024-01-09,card_settlement,3410.0,in,POS_card,1,9,0,-0.16,0
BNK02602,2024-01-10,cash_deposit,15677.28,in,agency_banking_agent,2,10,0,-1.12,0
BNK02603,2024-01-10,qr_settlement,7557.0,in,LankaQR,2,10,0,0.14,0
BNK02604,2024-01-10,card_settlement,3452.0,in,POS_card,2,10,0,-0.14,0
BNK02605,2024-01-11,supplier_payment,4960.0,out,bank_transfer,3,11,0,-0.79,0
BNK02606,2024-01-11,supplier_payment,5787.32,out,bank_transfer,3,11,0,-0.73,0
BNK02607,2024-01-11,cash_deposit,32369.94,in,agency_banking_agent,3,11,0,0.31,0
BNK02608,2024-01-11,qr_settlement,802.0,in,LankaQR,3,11,0,-1.23,0
BNK02609,2024-01-11,card_settlement,2515.0,in,POS_card,3,11,0,-0.46,0
BNK02610,2024-01-12,cash_deposit,35695.94,in,agency_banking_agent,4,12,0,0.6,0
BNK02611,2024-01-12,qr_settlement,5038.0,in,LankaQR,4,12,0,-0.37,0
BNK02612,2024-01-12,card_settlement,3584.0,in,POS_card,4,12,0,-0.1,0
BNK02613,2024-01-13,cash_deposit,29466.86,in,agency_banking_agent,5,13,0,0.06,0
BNK02614,2024-01-13,qr_settlement,5005.0,in,LankaQR,5,13,0,-0.38,0
BNK02615,2024-01-13,card_settlement,2808.0,in,POS_card,5,13,0,-0.36,1
BNK02616,2024-01-14,cash_deposit,15732.47,in,agency_banking_agent,6,14,0,-1.12,0
BNK02617,2024-01-14,qr_settlement,1501.0,in,LankaQR,6,14,0,-1.09,0
BNK02618,2024-01-14,card_settlement,4057.0,in,POS_card,6,14,0,0.06,0
BNK02619,2024-01-15,supplier_payment,22083.3,out,bank_transfer,0,15,0,0.49,0
BNK02620,2024-01-15,supplier_payment,16372.8,out,bank_transfer,0,15,0,0.07,0
BNK02621,2024-01-15,supplier_payment,10294.91,out,bank_transfer,0,15,0,-0.39,0
BNK02622,2024-01-15,supplier_payment,20629.2,out,bank_transfer,0,15,0,0.38,0
BNK02623,2024-01-15,supplier_payment,11498.4,out,bank_transfer,0,15,0,-0.3,0
BNK02624,2024-01-15,supplier_payment,6255.0,out,bank_transfer,0,15,0,-0.69,0
BNK02625,2024-01-15,supplier_payment,14435.5,out,bank_transfer,0,15,0,-0.08,0
BNK02626,2024-01-15,supplier_payment,9652.65,out,bank_transfer,0,15,0,-0.44,0
BNK02627,2024-01-15,supplier_payment,3830.4,out,bank_transfer,0,15,0,-0.87,0
BNK02628,2024-01-15,cash_deposit,26338.25,in,agency_banking_agent,0,15,0,-0.2,0
BNK02629,2024-01-15,qr_settlement,1293.0,in,LankaQR,0,15,0,-1.13,0
BNK02630,2024-01-15,card_settlement,1734.0,in,POS_card,0,15,0,-0.72,0
BNK02631,2024-01-16,cash_deposit,31350.88,in,agency_banking_agent,1,16,0,0.23,0
BNK02632,2024-01-16,qr_settlement,5377.0,in,LankaQR,1,16,0,-0.3,0
BNK02633,2024-01-16,card_settlement,2143.0,in,POS_card,1,16,0,-0.59,0
BNK02634,2024-01-17,cash_deposit,39456.32,in,agency_banking_agent,2,17,0,0.92,0
BNK02635,2024-01-17,qr_settlement,3015.0,in,LankaQR,2,17,0,-0.78,0
BNK02636,2024-01-17,card_settlement,6863.0,in,POS_card,2,17,0,1.01,0
BNK02637,2024-01-18,supplier_payment,56418.96,out,bank_transfer,3,18,0,3.06,1
BNK02638,2024-01-18,supplier_payment,48779.02,out,bank_transfer,3,18,0,2.49,1
BNK02639,2024-01-18,supplier_payment,23987.46,out,bank_transfer,3,18,0,0.64,0
BNK02640,2024-01-18,supplier_payment,2901.85,out,bank_transfer,3,18,0,-0.94,0
BNK02641,2024-01-18,cash_deposit,34861.22,in,agency_banking_agent,3,18,0,0.53,0
BNK02642,2024-01-18,qr_settlement,8102.0,in,LankaQR,3,18,0,0.25,0
BNK02643,2024-01-18,card_settlement,3833.0,in,POS_card,3,18,0,-0.01,0
BNK02644,2024-01-19,cash_deposit,31161.77,in,agency_banking_agent,4,19,0,0.21,0
BNK02645,2024-01-19,qr_settlement,6579.0,in,LankaQR,4,19,0,-0.06,0
BNK02646,2024-01-19,card_settlement,6576.0,in,POS_card,4,19,0,0.91,0
BNK02647,2024-01-20,cash_deposit,35417.79,in,agency_banking_agent,5,20,0,0.58,0
BNK02648,2024-01-20,qr_settlement,1628.0,in,LankaQR,5,20,0,-1.06,0
BNK02649,2024-01-20,card_settlement,1811.0,in,POS_card,5,20,0,-0.7,0
BNK02650,2024-01-21,cash_deposit,25244.21,in,agency_banking_agent,6,21,0,-0.3,0
BNK02651,2024-01-21,qr_settlement,1656.0,in,LankaQR,6,21,0,-1.06,0
BNK02652,2024-01-22,supplier_payment,35208.0,out,bank_transfer,0,22,0,1.47,0
BNK02653,2024-01-22,supplier_payment,36284.8,out,bank_transfer,0,22,0,1.56,0
BNK02654,2024-01-22,supplier_payment,11750.4,out,bank_transfer,0,22,0,-0.28,0
BNK02655,2024-01-22,supplier_payment,6123.6,out,bank_transfer,0,22,0,-0.7,0
BNK02656,2024-01-22,supplier_payment,6242.27,out,bank_transfer,0,22,0,-0.69,0
BNK02657,2024-01-22,supplier_payment,10226.44,out,bank_transfer,0,22,0,-0.39,0
BNK02658,2024-01-22,supplier_payment,9310.0,out,bank_transfer,0,22,0,-0.46,0
BNK02659,2024-01-22,supplier_payment,3835.16,out,bank_transfer,0,22,0,-0.87,0
BNK02660,2024-01-22,supplier_payment,5869.64,out,bank_transfer,0,22,0,-0.72,0
BNK02661,2024-01-22,cash_deposit,31534.62,in,agency_banking_agent,0,22,0,0.24,0
BNK02662,2024-01-22,qr_settlement,11067.0,in,LankaQR,0,22,0,0.85,0
BNK02663,2024-01-22,card_settlement,5441.0,in,POS_card,0,22,0,0.53,0
BNK02664,2024-01-23,cash_deposit,19794.03,in,agency_banking_agent,1,23,0,-0.77,0
BNK02665,2024-01-23,qr_settlement,10147.0,in,LankaQR,1,23,0,0.66,0
BNK02666,2024-01-23,card_settlement,5357.0,in,POS_card,1,23,0,0.5,0
BNK02667,2024-01-24,cash_deposit,24381.52,in,agency_banking_agent,2,24,0,-0.37,0
BNK02668,2024-01-24,qr_settlement,2895.0,in,LankaQR,2,24,0,-0.81,0
BNK02669,2024-01-24,card_settlement,1366.0,in,POS_card,2,24,0,-0.85,0
BNK02670,2024-01-25,supplier_payment,22092.3,out,bank_transfer,3,25,0,0.49,0
BNK02671,2024-01-25,supplier_payment,10565.1,out,bank_transfer,3,25,0,-0.37,0
BNK02672,2024-01-25,cash_deposit,26638.55,in,agency_banking_agent,3,25,0,-0.18,0
BNK02673,2024-01-25,qr_settlement,1166.0,in,LankaQR,3,25,0,-1.16,0
BNK02674,2024-01-25,card_settlement,1009.0,in,POS_card,3,25,0,-0.97,0
BNK02675,2024-01-26,cash_deposit,26759.48,in,agency_banking_agent,4,26,0,-0.17,0
BNK02676,2024-01-26,qr_settlement,6496.0,in,LankaQR,4,26,0,-0.08,0
BNK02677,2024-01-26,card_settlement,987.0,in,POS_card,4,26,0,-0.98,0
BNK02678,2024-01-27,cash_deposit,34355.39,in,agency_banking_agent,5,27,0,0.48,0
BNK02679,2024-01-27,qr_settlement,6750.0,in,LankaQR,5,27,0,-0.02,0
BNK02680,2024-01-27,card_settlement,1684.0,in,POS_card,5,27,0,-0.74,0
BNK02681,2024-01-28,cash_deposit,26676.76,in,agency_banking_agent,6,28,0,-0.18,0
BNK02682,2024-01-28,qr_settlement,5588.0,in,LankaQR,6,28,0,-0.26,0
BNK02683,2024-01-28,card_settlement,2923.0,in,POS_card,6,28,0,-0.32,0
BNK02684,2024-01-29,supplier_payment,22952.4,out,bank_transfer,0,29,0,0.56,0
BNK02685,2024-01-29,supplier_payment,19274.41,out,bank_transfer,0,29,0,0.28,0
BNK02686,2024-01-29,supplier_payment,6111.0,out,bank_transfer,0,29,0,-0.7,0
BNK02687,2024-01-29,supplier_payment,18470.5,out,bank_transfer,0,29,0,0.22,0
BNK02688,2024-01-29,supplier_payment,6823.6,out,bank_transfer,0,29,0,-0.65,0
BNK02689,2024-01-29,supplier_payment,3935.4,out,bank_transfer,0,29,0,-0.86,0
BNK02690,2024-01-29,supplier_payment,2935.8,out,bank_transfer,0,29,0,-0.94,0
BNK02691,2024-01-29,cash_deposit,29867.38,in,agency_banking_agent,0,29,0,0.1,0
BNK02692,2024-01-29,qr_settlement,4175.0,in,LankaQR,0,29,0,-0.55,0
BNK02693,2024-01-29,card_settlement,2688.0,in,POS_card,0,29,0,-0.4,0
BNK02694,2024-01-30,cash_deposit,16265.0,in,agency_banking_agent,1,30,0,-1.07,0
BNK02695,2024-01-30,qr_settlement,6539.0,in,LankaQR,1,30,0,-0.07,0
BNK02696,2024-01-30,card_settlement,570.0,in,POS_card,1,30,0,-1.12,0
BNK02697,2024-01-31,cash_deposit,21293.64,in,agency_banking_agent,2,31,0,-0.64,0
BNK02698,2024-01-31,qr_settlement,3307.0,in,LankaQR,2,31,0,-0.72,0
BNK02699,2024-01-31,card_settlement,2451.0,in,POS_card,2,31,0,-0.48,0
BNK02700,2024-02-01,supplier_payment,41419.8,out,bank_transfer,3,1,0,1.94,0
BNK02701,2024-02-01,supplier_payment,12042.0,out,bank_transfer,3,1,0,-0.26,0
BNK02702,2024-02-01,supplier_payment,12416.4,out,bank_transfer,3,1,0,-0.23,0
BNK02703,2024-02-01,supplier_payment,4896.0,out,bank_transfer,3,1,0,-0.79,0
BNK02704,2024-02-01,supplier_payment,10275.93,out,bank_transfer,3,1,0,-0.39,0
BNK02705,2024-02-01,supplier_payment,5226.55,out,bank_transfer,3,1,0,-0.77,0
BNK02706,2024-02-01,cash_deposit,27645.04,in,agency_banking_agent,3,1,0,-0.09,0
BNK02707,2024-02-01,qr_settlement,4249.0,in,LankaQR,3,1,0,-0.53,0
BNK02708,2024-02-01,card_settlement,4638.0,in,POS_card,3,1,0,0.26,0
BNK02709,2024-02-02,cash_deposit,18101.89,in,agency_banking_agent,4,2,0,-0.91,0
BNK02710,2024-02-02,qr_settlement,13918.0,in,LankaQR,4,2,0,1.43,0
BNK02711,2024-02-02,card_settlement,5603.0,in,POS_card,4,2,0,0.59,0
BNK02712,2024-02-03,cash_deposit,31699.75,in,agency_banking_agent,5,3,0,0.26,0
BNK02713,2024-02-03,qr_settlement,8263.0,in,LankaQR,5,3,0,0.28,0
BNK02714,2024-02-03,card_settlement,1192.0,in,POS_card,5,3,0,-0.91,0
BNK02715,2024-02-04,cash_deposit,25659.11,in,agency_banking_agent,6,4,0,-0.26,0
BNK02716,2024-02-04,qr_settlement,4699.0,in,LankaQR,6,4,0,-0.44,0
BNK02717,2024-02-04,card_settlement,2119.0,in,POS_card,6,4,0,-0.59,0
BNK02718,2024-02-05,supplier_payment,56907.36,out,bank_transfer,0,5,0,3.1,1
BNK02719,2024-02-05,supplier_payment,21576.6,out,bank_transfer,0,5,0,0.46,0
BNK02720,2024-02-05,supplier_payment,33538.05,out,bank_transfer,0,5,0,1.35,0
BNK02721,2024-02-05,supplier_payment,22617.0,out,bank_transfer,0,5,0,0.53,0
BNK02722,2024-02-05,supplier_payment,9155.5,out,bank_transfer,0,5,0,-0.47,0
BNK02723,2024-02-05,supplier_payment,3834.6,out,bank_transfer,0,5,0,-0.87,0
BNK02724,2024-02-05,cash_deposit,17019.64,in,agency_banking_agent,0,5,0,-1.01,0
BNK02725,2024-02-05,qr_settlement,9211.0,in,LankaQR,0,5,0,0.47,0
BNK02726,2024-02-05,card_settlement,4563.0,in,POS_card,0,5,0,0.23,0
BNK02727,2024-02-06,cash_deposit,34903.63,in,agency_banking_agent,1,6,0,0.53,0
BNK02728,2024-02-06,qr_settlement,2941.0,in,LankaQR,1,6,0,-0.8,0
BNK02729,2024-02-06,card_settlement,4954.0,in,POS_card,1,6,0,0.37,0
BNK02730,2024-02-07,cash_deposit,18318.0,in,agency_banking_agent,2,7,0,-0.89,0
BNK02731,2024-02-07,qr_settlement,2208.0,in,LankaQR,2,7,0,-0.95,0
BNK02732,2024-02-07,card_settlement,1782.0,in,POS_card,2,7,0,-0.71,0
BNK02733,2024-02-08,supplier_payment,17095.2,out,bank_transfer,3,8,0,0.12,0
BNK02734,2024-02-08,supplier_payment,11901.6,out,bank_transfer,3,8,0,-0.27,0
BNK02735,2024-02-08,supplier_payment,12303.9,out,bank_transfer,3,8,0,-0.24,0
BNK02736,2024-02-08,supplier_payment,4769.6,out,bank_transfer,3,8,0,-0.8,0
BNK02737,2024-02-08,supplier_payment,10192.56,out,bank_transfer,3,8,0,-0.4,0
BNK02738,2024-02-08,cash_deposit,19196.83,in,agency_banking_agent,3,8,0,-0.82,0
BNK02739,2024-02-08,qr_settlement,7002.0,in,LankaQR,3,8,0,0.03,0
BNK02740,2024-02-08,card_settlement,3134.0,in,POS_card,3,8,0,-0.25,0
BNK02741,2024-02-09,cash_deposit,21834.56,in,agency_banking_agent,4,9,0,-0.59,0
BNK02742,2024-02-09,qr_settlement,10851.0,in,LankaQR,4,9,0,0.81,0
BNK02743,2024-02-09,card_settlement,1607.0,in,POS_card,4,9,0,-0.77,0
BNK02744,2024-02-10,cash_deposit,42223.38,in,agency_banking_agent,5,10,0,1.16,0
BNK02745,2024-02-10,qr_settlement,6977.0,in,LankaQR,5,10,0,0.02,0
BNK02746,2024-02-10,card_settlement,7376.0,in,POS_card,5,10,0,1.19,0
BNK02747,2024-02-11,cash_deposit,35122.31,in,agency_banking_agent,6,11,0,0.55,0
BNK02748,2024-02-11,qr_settlement,6297.0,in,LankaQR,6,11,0,-0.12,0
BNK02749,2024-02-11,card_settlement,5087.0,in,POS_card,6,11,0,0.41,0
BNK02750,2024-02-12,supplier_payment,49078.5,out,bank_transfer,0,12,0,2.51,1
BNK02751,2024-02-12,supplier_payment,20419.2,out,bank_transfer,0,12,0,0.37,0
BNK02752,2024-02-12,supplier_payment,39574.8,out,bank_transfer,0,12,0,1.8,0
BNK02753,2024-02-12,supplier_payment,2522.7,out,bank_transfer,0,12,0,-0.97,0
BNK02754,2024-02-12,supplier_payment,5827.64,out,bank_transfer,0,12,0,-0.72,0
BNK02755,2024-02-12,cash_deposit,34248.92,in,agency_banking_agent,0,12,0,0.48,0
BNK02756,2024-02-12,qr_settlement,4028.0,in,LankaQR,0,12,0,-0.58,0
BNK02757,2024-02-12,card_settlement,3025.0,in,POS_card,0,12,0,-0.29,0
BNK02758,2024-02-13,cash_deposit,26237.09,in,agency_banking_agent,1,13,0,-0.21,0
BNK02759,2024-02-13,qr_settlement,11387.0,in,LankaQR,1,13,0,0.92,0
BNK02760,2024-02-13,card_settlement,5318.0,in,POS_card,1,13,0,0.49,0
BNK02761,2024-02-14,cash_deposit,26497.68,in,agency_banking_agent,2,14,0,-0.19,0
BNK02762,2024-02-14,qr_settlement,4603.0,in,LankaQR,2,14,0,-0.46,1
BNK02763,2024-02-14,card_settlement,3342.0,in,POS_card,2,14,0,-0.18,1
BNK02764,2024-02-15,supplier_payment,15125.14,out,bank_transfer,3,15,0,-0.03,0
BNK02765,2024-02-15,supplier_payment,11966.4,out,bank_transfer,3,15,0,-0.26,0
BNK02766,2024-02-15,supplier_payment,6192.0,out,bank_transfer,3,15,0,-0.7,0
BNK02767,2024-02-15,supplier_payment,5127.5,out,bank_transfer,3,15,0,-0.78,0
BNK02768,2024-02-15,supplier_payment,9506.7,out,bank_transfer,3,15,0,-0.45,0
BNK02769,2024-02-15,supplier_payment,3875.76,out,bank_transfer,3,15,0,-0.87,0
BNK02770,2024-02-15,cash_deposit,27217.46,in,agency_banking_agent,3,15,0,-0.13,0
BNK02771,2024-02-15,qr_settlement,3962.0,in,LankaQR,3,15,0,-0.59,0
BNK02772,2024-02-15,card_settlement,4476.0,in,POS_card,3,15,0,0.2,0
BNK02773,2024-02-16,cash_deposit,31765.36,in,agency_banking_agent,4,16,0,0.26,0
BNK02774,2024-02-16,qr_settlement,4963.0,in,LankaQR,4,16,0,-0.39,0
BNK02775,2024-02-16,card_settlement,7790.0,in,POS_card,4,16,0,1.33,0
BNK02776,2024-02-17,cash_deposit,32735.24,in,agency_banking_agent,5,17,1,0.35,0
BNK02777,2024-02-17,qr_settlement,3436.0,in,LankaQR,5,17,1,-0.7,0
BNK02778,2024-02-17,card_settlement,2990.0,in,POS_card,5,17,0,-0.3,0
BNK02779,2024-02-18,cash_deposit,41762.37,in,agency_banking_agent,6,18,0,1.12,0
BNK02780,2024-02-18,qr_settlement,8994.0,in,LankaQR,6,18,0,0.43,0
BNK02781,2024-02-18,card_settlement,1750.0,in,POS_card,6,18,0,-0.72,0
BNK02782,2024-02-19,supplier_payment,21199.36,out,bank_transfer,0,19,0,0.43,0
BNK02783,2024-02-19,supplier_payment,32469.75,out,bank_transfer,0,19,0,1.27,0
BNK02784,2024-02-19,supplier_payment,10139.73,out,bank_transfer,0,19,0,-0.4,0
BNK02785,2024-02-19,supplier_payment,11480.4,out,bank_transfer,0,19,0,-0.3,0
BNK02786,2024-02-19,supplier_payment,6802.4,out,bank_transfer,0,19,0,-0.65,0
BNK02787,2024-02-19,supplier_payment,10480.4,out,bank_transfer,0,19,0,-0.37,0
BNK02788,2024-02-19,supplier_payment,4787.52,out,bank_transfer,0,19,0,-0.8,0
BNK02789,2024-02-19,supplier_payment,6114.5,out,bank_transfer,0,19,0,-0.7,0
BNK02790,2024-02-19,cash_deposit,29153.12,in,agency_banking_agent,0,19,0,0.04,0
BNK02791,2024-02-19,qr_settlement,3512.0,in,LankaQR,0,19,0,-0.68,0
BNK02792,2024-02-19,card_settlement,12434.0,in,POS_card,0,19,0,2.9,1
BNK02793,2024-02-20,cash_deposit,24034.63,in,agency_banking_agent,1,20,0,-0.4,0
BNK02794,2024-02-20,qr_settlement,4837.0,in,LankaQR,1,20,0,-0.41,0
BNK02795,2024-02-20,card_settlement,353.0,in,POS_card,1,20,0,-1.19,0
BNK02796,2024-02-21,cash_deposit,20450.25,in,agency_banking_agent,2,21,0,-0.71,0
BNK02797,2024-02-21,qr_settlement,3279.0,in,LankaQR,2,21,0,-0.73,0
BNK02798,2024-02-21,card_settlement,2725.0,in,POS_card,2,21,0,-0.39,0
BNK02799,2024-02-22,supplier_payment,18337.2,out,bank_transfer,3,22,0,0.21,0
BNK02800,2024-02-22,supplier_payment,6166.8,out,bank_transfer,3,22,0,-0.7,0
BNK02801,2024-02-22,supplier_payment,5371.45,out,bank_transfer,3,22,0,-0.76,0
BNK02802,2024-02-22,supplier_payment,2834.58,out,bank_transfer,3,22,0,-0.95,0
BNK02803,2024-02-22,cash_deposit,30942.82,in,agency_banking_agent,3,22,0,0.19,0
BNK02804,2024-02-22,qr_settlement,2548.0,in,LankaQR,3,22,0,-0.88,0
BNK02805,2024-02-22,card_settlement,1922.0,in,POS_card,3,22,0,-0.66,0
BNK02806,2024-02-23,cash_deposit,27373.6,in,agency_banking_agent,4,23,0,-0.12,0
BNK02807,2024-02-23,qr_settlement,3933.0,in,LankaQR,4,23,0,-0.6,0
BNK02808,2024-02-23,card_settlement,4718.0,in,POS_card,4,23,0,0.29,0
BNK02809,2024-02-24,cash_deposit,26241.07,in,agency_banking_agent,5,24,0,-0.21,0
BNK02810,2024-02-24,qr_settlement,6235.0,in,LankaQR,5,24,0,-0.13,0
BNK02811,2024-02-24,card_settlement,2169.0,in,POS_card,5,24,0,-0.58,0
BNK02812,2024-02-25,cash_deposit,26755.1,in,agency_banking_agent,6,25,0,-0.17,0
BNK02813,2024-02-25,qr_settlement,12572.0,in,LankaQR,6,25,0,1.16,0
BNK02814,2024-02-25,card_settlement,1121.0,in,POS_card,6,25,0,-0.93,0
BNK02815,2024-02-26,supplier_payment,57807.24,out,bank_transfer,0,26,0,3.17,1
BNK02816,2024-02-26,supplier_payment,33087.84,out,bank_transfer,0,26,0,1.32,0
BNK02817,2024-02-26,supplier_payment,22707.04,out,bank_transfer,0,26,0,0.54,0
BNK02818,2024-02-26,supplier_payment,16716.96,out,bank_transfer,0,26,0,0.09,0
BNK02819,2024-02-26,supplier_payment,11574.0,out,bank_transfer,0,26,0,-0.29,0
BNK02820,2024-02-26,supplier_payment,13727.5,out,bank_transfer,0,26,0,-0.13,0
BNK02821,2024-02-26,cash_deposit,27213.26,in,agency_banking_agent,0,26,0,-0.13,0
BNK02822,2024-02-26,qr_settlement,2750.0,in,LankaQR,0,26,0,-0.84,0
BNK02823,2024-02-26,card_settlement,3013.0,in,POS_card,0,26,0,-0.29,0
BNK02824,2024-02-27,cash_deposit,19251.81,in,agency_banking_agent,1,27,0,-0.81,0
BNK02825,2024-02-27,qr_settlement,4012.0,in,LankaQR,1,27,0,-0.58,0
BNK02826,2024-02-27,card_settlement,5361.0,in,POS_card,1,27,0,0.5,0
BNK02827,2024-02-28,cash_deposit,22308.19,in,agency_banking_agent,2,28,0,-0.55,0
BNK02828,2024-02-28,card_settlement,7709.0,in,POS_card,2,28,0,1.3,0
BNK02829,2024-02-29,supplier_payment,10659.0,out,bank_transfer,3,29,0,-0.36,0
BNK02830,2024-02-29,supplier_payment,10314.64,out,bank_transfer,3,29,0,-0.39,0
BNK02831,2024-02-29,supplier_payment,9298.8,out,bank_transfer,3,29,0,-0.46,0
BNK02832,2024-02-29,cash_deposit,23860.04,in,agency_banking_agent,3,29,0,-0.42,0
BNK02833,2024-02-29,qr_settlement,3305.0,in,LankaQR,3,29,0,-0.72,0
BNK02834,2024-02-29,card_settlement,5078.0,in,POS_card,3,29,0,0.41,0
BNK02835,2024-03-01,cash_deposit,32668.68,in,agency_banking_agent,4,1,0,0.34,0
BNK02836,2024-03-01,qr_settlement,4596.0,in,LankaQR,4,1,0,-0.46,0
BNK02837,2024-03-01,card_settlement,1215.0,in,POS_card,4,1,0,-0.9,0
BNK02838,2024-03-02,cash_deposit,41646.93,in,agency_banking_agent,5,2,0,1.11,0
BNK02839,2024-03-02,qr_settlement,1362.0,in,LankaQR,5,2,0,-1.12,0
BNK02840,2024-03-02,card_settlement,1834.0,in,POS_card,5,2,0,-0.69,0
BNK02841,2024-03-03,cash_deposit,24851.61,in,agency_banking_agent,6,3,0,-0.33,0
BNK02842,2024-03-03,qr_settlement,5455.0,in,LankaQR,6,3,0,-0.29,0
BNK02843,2024-03-03,card_settlement,488.0,in,POS_card,6,3,0,-1.15,0
BNK02844,2024-03-04,supplier_payment,21788.1,out,bank_transfer,0,4,0,0.47,0
BNK02845,2024-03-04,supplier_payment,33858.45,out,bank_transfer,0,4,0,1.37,0
BNK02846,2024-03-04,supplier_payment,11833.2,out,bank_transfer,0,4,0,-0.27,0
BNK02847,2024-03-04,supplier_payment,6051.6,out,bank_transfer,0,4,0,-0.71,0
BNK02848,2024-03-04,supplier_payment,18751.0,out,bank_transfer,0,4,0,0.24,0
BNK02849,2024-03-04,supplier_payment,13978.0,out,bank_transfer,0,4,0,-0.11,0
BNK02850,2024-03-04,supplier_payment,9576.35,out,bank_transfer,0,4,0,-0.44,0
BNK02851,2024-03-04,cash_deposit,28232.54,in,agency_banking_agent,0,4,0,-0.04,0
BNK02852,2024-03-04,qr_settlement,2775.0,in,LankaQR,0,4,0,-0.83,0
BNK02853,2024-03-04,card_settlement,4385.0,in,POS_card,0,4,0,0.17,0
BNK02854,2024-03-05,cash_deposit,18105.25,in,agency_banking_agent,1,5,0,-0.91,0
BNK02855,2024-03-05,qr_settlement,10275.0,in,LankaQR,1,5,0,0.69,0
BNK02856,2024-03-05,card_settlement,4349.0,in,POS_card,1,5,0,0.16,0
BNK02857,2024-03-06,cash_deposit,36854.45,in,agency_banking_agent,2,6,0,0.7,0
BNK02858,2024-03-06,qr_settlement,9066.0,in,LankaQR,2,6,0,0.45,0
BNK02859,2024-03-07,supplier_payment,46932.56,out,bank_transfer,3,7,0,2.35,1
BNK02860,2024-03-07,supplier_payment,18717.6,out,bank_transfer,3,7,0,0.24,0
BNK02861,2024-03-07,supplier_payment,6845.2,out,bank_transfer,3,7,0,-0.65,0
BNK02862,2024-03-07,supplier_payment,5811.96,out,bank_transfer,3,7,0,-0.72,0
BNK02863,2024-03-07,cash_deposit,20273.25,in,agency_banking_agent,3,7,0,-0.73,0
BNK02864,2024-03-07,qr_settlement,4849.0,in,LankaQR,3,7,0,-0.41,0
BNK02865,2024-03-07,card_settlement,5383.0,in,POS_card,3,7,0,0.51,0
BNK02866,2024-03-08,cash_deposit,35013.53,in,agency_banking_agent,4,8,0,0.54,0
BNK02867,2024-03-08,qr_settlement,7682.0,in,LankaQR,4,8,0,0.16,0
BNK02868,2024-03-08,card_settlement,7217.0,in,POS_card,4,8,0,1.13,0
BNK02869,2024-03-09,cash_deposit,44531.35,in,agency_banking_agent,5,9,0,1.36,0
BNK02870,2024-03-09,qr_settlement,3456.0,in,LankaQR,5,9,0,-0.69,0
BNK02871,2024-03-09,card_settlement,468.0,in,POS_card,5,9,0,-1.15,0
BNK02872,2024-03-10,cash_deposit,39214.86,in,agency_banking_agent,6,10,0,0.9,0
BNK02873,2024-03-10,qr_settlement,12959.0,in,LankaQR,6,10,0,1.23,0
BNK02874,2024-03-10,card_settlement,4488.0,in,POS_card,6,10,0,0.21,0
BNK02875,2024-03-11,supplier_payment,33991.76,out,bank_transfer,0,11,0,1.38,0
BNK02876,2024-03-11,supplier_payment,27903.72,out,bank_transfer,0,11,0,0.93,0
BNK02877,2024-03-11,supplier_payment,31956.6,out,bank_transfer,0,11,0,1.23,0
BNK02878,2024-03-11,supplier_payment,22558.32,out,bank_transfer,0,11,0,0.53,0
BNK02879,2024-03-11,supplier_payment,10795.8,out,bank_transfer,0,11,0,-0.35,0
BNK02880,2024-03-11,supplier_payment,34487.66,out,bank_transfer,0,11,0,1.42,0
BNK02881,2024-03-11,supplier_payment,16797.88,out,bank_transfer,0,11,0,0.1,0
BNK02882,2024-03-11,supplier_payment,13600.0,out,bank_transfer,0,11,0,-0.14,0
BNK02883,2024-03-11,supplier_payment,4753.23,out,bank_transfer,0,11,0,-0.8,0
BNK02884,2024-03-11,supplier_payment,2899.86,out,bank_transfer,0,11,0,-0.94,0
BNK02885,2024-03-11,supplier_payment,6022.5,out,bank_transfer,0,11,0,-0.71,0
BNK02886,2024-03-11,cash_deposit,21828.18,in,agency_banking_agent,0,11,0,-0.59,0
BNK02887,2024-03-11,qr_settlement,2862.0,in,LankaQR,0,11,0,-0.81,0
BNK02888,2024-03-11,card_settlement,5954.0,in,POS_card,0,11,0,0.7,0
BNK02889,2024-03-12,cash_deposit,17820.77,in,agency_banking_agent,1,12,0,-0.94,0
BNK02890,2024-03-12,qr_settlement,5314.0,in,LankaQR,1,12,0,-0.32,0
BNK02891,2024-03-12,card_settlement,1540.0,in,POS_card,1,12,0,-0.79,0
BNK02892,2024-03-13,cash_deposit,31484.46,in,agency_banking_agent,2,13,0,0.24,0
BNK02893,2024-03-13,qr_settlement,6020.0,in,LankaQR,2,13,0,-0.17,0
BNK02894,2024-03-13,card_settlement,4700.0,in,POS_card,2,13,0,0.28,0
BNK02895,2024-03-14,supplier_payment,6776.4,out,bank_transfer,3,14,0,-0.65,0
BNK02896,2024-03-14,supplier_payment,9226.5,out,bank_transfer,3,14,0,-0.47,0
BNK02897,2024-03-14,supplier_payment,3963.12,out,bank_transfer,3,14,0,-0.86,0
BNK02898,2024-03-14,supplier_payment,4933.5,out,bank_transfer,3,14,0,-0.79,0
BNK02899,2024-03-14,cash_deposit,20134.34,in,agency_banking_agent,3,14,0,-0.74,0
BNK02900,2024-03-14,qr_settlement,4990.0,in,LankaQR,3,14,0,-0.38,0
BNK02901,2024-03-14,card_settlement,2482.0,in,POS_card,3,14,0,-0.47,0
BNK02902,2024-03-15,cash_deposit,33554.39,in,agency_banking_agent,4,15,0,0.42,0
BNK02903,2024-03-15,qr_settlement,1630.0,in,LankaQR,4,15,0,-1.06,0
BNK02904,2024-03-15,card_settlement,1322.0,in,POS_card,4,15,0,-0.86,0
BNK02905,2024-03-16,cash_deposit,28935.92,in,agency_banking_agent,5,16,0,0.02,0
BNK02906,2024-03-16,qr_settlement,5095.0,in,LankaQR,5,16,0,-0.36,0
BNK02907,2024-03-16,card_settlement,785.0,in,POS_card,5,16,0,-1.04,0
BNK02908,2024-03-17,cash_deposit,32058.79,in,agency_banking_agent,6,17,0,0.29,0
BNK02909,2024-03-17,qr_settlement,7241.0,in,LankaQR,6,17,0,0.07,0
BNK02910,2024-03-17,card_settlement,1941.0,in,POS_card,6,17,0,-0.65,0
BNK02911,2024-03-18,supplier_payment,14153.23,out,bank_transfer,0,18,0,-0.1,0
BNK02912,2024-03-18,supplier_payment,18264.96,out,bank_transfer,0,18,0,0.21,0
BNK02913,2024-03-18,supplier_payment,6030.0,out,bank_transfer,0,18,0,-0.71,0
BNK02914,2024-03-18,supplier_payment,13841.0,out,bank_transfer,0,18,0,-0.12,1
BNK02915,2024-03-18,supplier_payment,5746.65,out,bank_transfer,0,18,0,-0.73,0
BNK02916,2024-03-18,supplier_payment,9526.65,out,bank_transfer,0,18,0,-0.45,0
BNK02917,2024-03-18,supplier_payment,6162.0,out,bank_transfer,0,18,0,-0.7,0
BNK02918,2024-03-18,cash_deposit,27971.96,in,agency_banking_agent,0,18,0,-0.06,0
BNK02919,2024-03-18,qr_settlement,3278.0,in,LankaQR,0,18,0,-0.73,0
BNK02920,2024-03-19,cash_deposit,21182.19,in,agency_banking_agent,1,19,0,-0.65,0
BNK02921,2024-03-19,qr_settlement,8580.0,in,LankaQR,1,19,0,0.35,0
BNK02922,2024-03-19,card_settlement,1168.0,in,POS_card,1,19,0,-0.92,0
BNK02923,2024-03-20,cash_deposit,26754.84,in,agency_banking_agent,2,20,0,-0.17,0
BNK02924,2024-03-20,qr_settlement,4114.0,in,LankaQR,2,20,0,-0.56,0
BNK02925,2024-03-20,card_settlement,8486.0,in,POS_card,2,20,0,1.56,0
BNK02926,2024-03-21,supplier_payment,9162.64,out,bank_transfer,3,21,0,-0.47,0
BNK02927,2024-03-21,supplier_payment,37063.74,out,bank_transfer,3,21,0,1.61,0
BNK02928,2024-03-21,supplier_payment,4745.6,out,bank_transfer,3,21,0,-0.8,0
BNK02929,2024-03-21,cash_deposit,27911.27,in,agency_banking_agent,3,21,0,-0.07,0
BNK02930,2024-03-21,qr_settlement,4843.0,in,LankaQR,3,21,0,-0.41,0
BNK02931,2024-03-21,card_settlement,3699.0,in,POS_card,3,21,0,-0.06,0
BNK02932,2024-03-22,cash_deposit,35346.03,in,agency_banking_agent,4,22,0,0.57,0
BNK02933,2024-03-22,qr_settlement,1071.0,in,LankaQR,4,22,0,-1.18,0
BNK02934,2024-03-22,card_settlement,1023.0,in,POS_card,4,22,0,-0.96,0
BNK02935,2024-03-23,cash_deposit,37170.53,in,agency_banking_agent,5,23,0,0.73,0
BNK02936,2024-03-23,qr_settlement,7793.0,in,LankaQR,5,23,0,0.19,0
BNK02937,2024-03-24,cash_deposit,25805.59,in,agency_banking_agent,6,24,0,-0.25,0
BNK02938,2024-03-24,qr_settlement,4900.0,in,LankaQR,6,24,0,-0.4,0
BNK02939,2024-03-24,card_settlement,4549.0,in,POS_card,6,24,0,0.23,0
BNK02940,2024-03-25,supplier_payment,21306.6,out,bank_transfer,0,25,0,0.44,0
BNK02941,2024-03-25,supplier_payment,29033.55,out,bank_transfer,0,25,0,1.01,0
BNK02942,2024-03-25,supplier_payment,12584.7,out,bank_transfer,0,25,0,-0.22,0
BNK02943,2024-03-25,supplier_payment,5663.03,out,bank_transfer,0,25,0,-0.74,0
BNK02944,2024-03-25,cash_deposit,31976.31,in,agency_banking_agent,0,25,0,0.28,0
BNK02945,2024-03-25,qr_settlement,1744.0,in,LankaQR,0,25,0,-1.04,0
BNK02946,2024-03-25,card_settlement,3039.0,in,POS_card,0,25,0,-0.28,0
BNK02947,2024-03-26,cash_deposit,19440.56,in,agency_banking_agent,1,26,0,-0.8,0
BNK02948,2024-03-26,qr_settlement,3019.0,in,LankaQR,1,26,0,-0.78,0
BNK02949,2024-03-26,card_settlement,292.0,in,POS_card,1,26,0,-1.21,0
BNK02950,2024-03-27,cash_deposit,24400.64,in,agency_banking_agent,2,27,0,-0.37,0
BNK02951,2024-03-27,qr_settlement,17820.0,in,LankaQR,2,27,0,2.22,0
BNK02952,2024-03-27,card_settlement,1262.0,in,POS_card,2,27,0,-0.88,0
BNK02953,2024-03-28,supplier_payment,48378.0,out,bank_transfer,3,28,0,2.46,1
BNK02954,2024-03-28,supplier_payment,31875.9,out,bank_transfer,3,28,0,1.23,0
BNK02955,2024-03-28,supplier_payment,32823.84,out,bank_transfer,3,28,0,1.3,0
BNK02956,2024-03-28,supplier_payment,9159.09,out,bank_transfer,3,28,0,-0.47,0
BNK02957,2024-03-28,supplier_payment,4965.6,out,bank_transfer,3,28,0,-0.79,0
BNK02958,2024-03-28,supplier_payment,9319.8,out,bank_transfer,3,28,0,-0.46,0
BNK02959,2024-03-28,supplier_payment,3818.36,out,bank_transfer,3,28,0,-0.87,0
BNK02960,2024-03-28,cash_deposit,27333.25,in,agency_banking_agent,3,28,0,-0.12,0
BNK02961,2024-03-28,qr_settlement,3419.0,in,LankaQR,3,28,0,-0.7,0
BNK02962,2024-03-28,card_settlement,5560.0,in,POS_card,3,28,0,0.57,0
BNK02963,2024-03-29,cash_deposit,15605.51,in,agency_banking_agent,4,29,0,-1.13,0
BNK02964,2024-03-29,qr_settlement,4945.0,in,LankaQR,4,29,0,-0.39,0
BNK02965,2024-03-29,card_settlement,3027.0,in,POS_card,4,29,0,-0.29,0
BNK02966,2024-03-30,cash_deposit,31900.47,in,agency_banking_agent,5,30,0,0.27,0
BNK02967,2024-03-30,qr_settlement,2934.0,in,LankaQR,5,30,0,-0.8,0
BNK02968,2024-03-30,card_settlement,1880.0,in,POS_card,5,30,0,-0.67,0
BNK02969,2024-03-31,cash_deposit,39508.63,in,agency_banking_agent,6,31,0,0.93,0
BNK02970,2024-03-31,qr_settlement,4151.0,in,LankaQR,6,31,0,-0.55,0
BNK02971,2024-03-31,card_settlement,2519.0,in,POS_card,6,31,0,-0.46,0
BNK02972,2024-04-01,supplier_payment,21050.7,out,bank_transfer,0,1,0,0.42,0
BNK02973,2024-04-01,supplier_payment,39402.45,out,bank_transfer,0,1,0,1.79,0
BNK02974,2024-04-01,supplier_payment,11685.6,out,bank_transfer,0,1,0,-0.28,0
BNK02975,2024-04-01,supplier_payment,6078.6,out,bank_transfer,0,1,0,-0.7,0
BNK02976,2024-04-01,supplier_payment,15944.83,out,bank_transfer,0,1,0,0.03,0
BNK02977,2024-04-01,supplier_payment,5112.1,out,bank_transfer,0,1,0,-0.78,0
BNK02978,2024-04-01,cash_deposit,25199.35,in,agency_banking_agent,0,1,0,-0.3,0
BNK02979,2024-04-01,qr_settlement,4969.0,in,LankaQR,0,1,0,-0.39,0
BNK02980,2024-04-01,card_settlement,3002.0,in,POS_card,0,1,0,-0.29,0
BNK02981,2024-04-02,cash_deposit,33285.06,in,agency_banking_agent,1,2,0,0.39,0
BNK02982,2024-04-02,qr_settlement,7659.0,in,LankaQR,1,2,0,0.16,0
BNK02983,2024-04-02,card_settlement,2471.0,in,POS_card,1,2,0,-0.47,0
BNK02984,2024-04-03,cash_deposit,33527.79,in,agency_banking_agent,2,3,0,0.41,0
BNK02985,2024-04-03,qr_settlement,7114.0,in,LankaQR,2,3,0,0.05,0
BNK02986,2024-04-03,card_settlement,2462.0,in,POS_card,2,3,0,-0.48,0
BNK02987,2024-04-04,supplier_payment,21324.56,out,bank_transfer,3,4,0,0.44,0
BNK02988,2024-04-04,supplier_payment,6799.2,out,bank_transfer,3,4,0,-0.65,0
BNK02989,2024-04-04,supplier_payment,4782.8,out,bank_transfer,3,4,0,-0.8,0
BNK02990,2024-04-04,supplier_payment,10484.88,out,bank_transfer,3,4,0,-0.37,0
BNK02991,2024-04-04,supplier_payment,9534.0,out,bank_transfer,3,4,0,-0.45,0
BNK02992,2024-04-04,supplier_payment,3943.8,out,bank_transfer,3,4,0,-0.86,0
BNK02993,2024-04-04,supplier_payment,2922.5,out,bank_transfer,3,4,0,-0.94,0
BNK02994,2024-04-04,cash_deposit,54628.63,in,agency_banking_agent,3,4,0,2.23,0
BNK02995,2024-04-04,qr_settlement,9150.0,in,LankaQR,3,4,0,0.46,0
BNK02996,2024-04-04,card_settlement,5988.0,in,POS_card,3,4,0,0.72,0
BNK02997,2024-04-05,cash_deposit,47482.14,in,agency_banking_agent,4,5,0,1.61,0
BNK02998,2024-04-05,qr_settlement,17785.0,in,LankaQR,4,5,0,2.21,0
BNK02999,2024-04-05,card_settlement,2967.0,in,POS_card,4,5,0,-0.31,0
BNK03000,2024-04-06,cash_deposit,44299.17,in,agency_banking_agent,5,6,0,1.34,0
BNK03001,2024-04-06,qr_settlement,8711.0,in,LankaQR,5,6,0,0.37,0
BNK03002,2024-04-06,card_settlement,10022.0,in,POS_card,5,6,0,2.08,0
BNK03003,2024-04-07,cash_deposit,31623.81,in,agency_banking_agent,6,7,0,0.25,0
BNK03004,2024-04-07,qr_settlement,10532.0,in,LankaQR,6,7,0,0.74,0
BNK03005,2024-04-07,card_settlement,935.0,in,POS_card,6,7,0,-0.99,0
BNK03006,2024-04-08,supplier_payment,50779.5,out,bank_transfer,0,8,0,2.64,1
BNK03007,2024-04-08,supplier_payment,35347.05,out,bank_transfer,0,8,0,1.49,0
BNK03008,2024-04-08,supplier_payment,24091.75,out,bank_transfer,0,8,0,0.64,0
BNK03009,2024-04-08,supplier_payment,17350.8,out,bank_transfer,0,8,0,0.14,0
BNK03010,2024-04-08,supplier_payment,17690.88,out,bank_transfer,0,8,0,0.16,0
BNK03011,2024-04-08,supplier_payment,41820.75,out,bank_transfer,0,8,0,1.97,0
BNK03012,2024-04-08,supplier_payment,12088.8,out,bank_transfer,0,8,0,-0.25,0
BNK03013,2024-04-08,supplier_payment,6296.4,out,bank_transfer,0,8,0,-0.69,0
BNK03014,2024-04-08,supplier_payment,5281.5,out,bank_transfer,0,8,0,-0.76,0
BNK03015,2024-04-08,supplier_payment,9931.6,out,bank_transfer,0,8,0,-0.42,0
BNK03016,2024-04-08,cash_deposit,54956.99,in,agency_banking_agent,0,8,0,2.26,0
BNK03017,2024-04-08,qr_settlement,32753.0,in,LankaQR,0,8,0,5.25,1
BNK03018,2024-04-08,card_settlement,5814.0,in,POS_card,0,8,0,0.66,0
BNK03019,2024-04-09,cash_deposit,66365.35,in,agency_banking_agent,1,9,0,3.24,1
BNK03020,2024-04-09,qr_settlement,30451.0,in,LankaQR,1,9,0,4.78,1
BNK03021,2024-04-09,card_settlement,13208.0,in,POS_card,1,9,0,3.16,1
BNK03022,2024-04-10,cash_deposit,69499.47,in,agency_banking_agent,2,10,0,3.51,1
BNK03023,2024-04-10,qr_settlement,27864.0,in,LankaQR,2,10,0,4.26,1
BNK03024,2024-04-10,card_settlement,9440.0,in,POS_card,2,10,0,1.88,0
BNK03025,2024-04-11,supplier_payment,36334.8,out,bank_transfer,3,11,0,1.56,0
BNK03026,2024-04-11,supplier_payment,10965.6,out,bank_transfer,3,11,0,-0.34,0
BNK03027,2024-04-11,supplier_payment,12268.8,out,bank_transfer,3,11,0,-0.24,0
BNK03028,2024-04-11,supplier_payment,6526.8,out,bank_transfer,3,11,0,-0.67,0
BNK03029,2024-04-11,supplier_payment,18623.5,out,bank_transfer,3,11,0,0.23,0
BNK03030,2024-04-11,supplier_payment,13997.5,out,bank_transfer,3,11,0,-0.11,0
BNK03031,2024-04-11,supplier_payment,6934.4,out,bank_transfer,3,11,0,-0.64,0
BNK03032,2024-04-11,supplier_payment,5062.8,out,bank_transfer,3,11,0,-0.78,0
BNK03033,2024-04-11,supplier_payment,10405.08,out,bank_transfer,3,11,0,-0.38,0
BNK03034,2024-04-11,supplier_payment,5222.0,out,bank_transfer,3,11,0,-0.77,0
BNK03035,2024-04-11,supplier_payment,2885.05,out,bank_transfer,3,11,0,-0.94,0
BNK03036,2024-04-11,supplier_payment,5094.24,out,bank_transfer,3,11,0,-0.78,0
BNK03037,2024-04-11,supplier_payment,6179.52,out,bank_transfer,3,11,0,-0.7,0
BNK03038,2024-04-11,cash_deposit,79527.64,in,agency_banking_agent,3,11,0,4.37,1
BNK03039,2024-04-11,qr_settlement,12868.0,in,LankaQR,3,11,0,1.22,0
BNK03040,2024-04-11,card_settlement,6654.0,in,POS_card,3,11,0,0.94,0
BNK03041,2024-04-12,cash_deposit,100033.55,in,agency_banking_agent,4,12,1,6.13,1
BNK03042,2024-04-12,qr_settlement,18265.0,in,LankaQR,4,12,1,2.31,1
BNK03043,2024-04-12,card_settlement,26720.0,in,POS_card,4,12,0,7.73,1
BNK03044,2024-04-13,cash_deposit,72704.67,in,agency_banking_agent,5,13,1,3.78,1
BNK03045,2024-04-13,qr_settlement,15598.0,in,LankaQR,5,13,1,1.77,1
BNK03046,2024-04-13,card_settlement,9119.0,in,POS_card,5,13,0,1.77,0
BNK03047,2024-04-14,cash_deposit,2488.32,in,agency_banking_agent,6,14,0,-2.26,0
BNK03048,2024-04-14,qr_settlement,624.0,in,LankaQR,6,14,0,-1.27,0
BNK03049,2024-04-14,card_settlement,510.0,in,POS_card,6,14,0,-1.14,0
BNK03050,2024-04-15,supplier_payment,63345.0,out,bank_transfer,0,15,0,3.58,1
BNK03051,2024-04-15,supplier_payment,49302.0,out,bank_transfer,0,15,0,2.53,1
BNK03052,2024-04-15,supplier_payment,22184.4,out,bank_transfer,0,15,0,0.5,0
BNK03053,2024-04-15,supplier_payment,21617.1,out,bank_transfer,0,15,0,0.46,0
BNK03054,2024-04-15,supplier_payment,31624.2,out,bank_transfer,0,15,0,1.21,0
BNK03055,2024-04-15,supplier_payment,23935.5,out,bank_transfer,0,15,0,0.63,0
BNK03056,2024-04-15,supplier_payment,16515.6,out,bank_transfer,0,15,0,0.08,0
BNK03057,2024-04-15,supplier_payment,10723.8,out,bank_transfer,0,15,0,-0.36,0
BNK03058,2024-04-15,supplier_payment,19867.2,out,bank_transfer,0,15,0,0.33,0
BNK03059,2024-04-15,supplier_payment,39583.35,out,bank_transfer,0,15,0,1.8,0
BNK03060,2024-04-15,supplier_payment,6123.6,out,bank_transfer,0,15,0,-0.7,0
BNK03061,2024-04-15,supplier_payment,18851.0,out,bank_transfer,0,15,0,0.25,0
BNK03062,2024-04-15,supplier_payment,14106.5,out,bank_transfer,0,15,0,-0.1,0
BNK03063,2024-04-15,supplier_payment,6769.2,out,bank_transfer,0,15,0,-0.65,0
BNK03064,2024-04-15,supplier_payment,5099.85,out,bank_transfer,0,15,0,-0.78,0
BNK03065,2024-04-15,supplier_payment,9056.95,out,bank_transfer,0,15,0,-0.48,0
BNK03066,2024-04-15,supplier_payment,2906.05,out,bank_transfer,0,15,0,-0.94,0
BNK03067,2024-04-15,cash_deposit,27412.08,in,agency_banking_agent,0,15,0,-0.11,0
BNK03068,2024-04-15,qr_settlement,1225.0,in,LankaQR,0,15,0,-1.15,0
BNK03069,2024-04-15,card_settlement,945.0,in,POS_card,0,15,0,-0.99,0
BNK03070,2024-04-16,cash_deposit,16121.39,in,agency_banking_agent,1,16,0,-1.08,0
BNK03071,2024-04-16,qr_settlement,3631.0,in,LankaQR,1,16,0,-0.66,0
BNK03072,2024-04-16,card_settlement,3533.0,in,POS_card,1,16,0,-0.11,0
BNK03073,2024-04-17,cash_deposit,20009.25,in,agency_banking_agent,2,17,0,-0.75,0
BNK03074,2024-04-17,qr_settlement,1640.0,in,LankaQR,2,17,0,-1.06,0
BNK03075,2024-04-17,card_settlement,946.0,in,POS_card,2,17,0,-0.99,0
BNK03076,2024-04-18,cash_deposit,26046.02,in,agency_banking_agent,3,18,0,-0.23,0
BNK03077,2024-04-18,qr_settlement,2182.0,in,LankaQR,3,18,0,-0.95,0
BNK03078,2024-04-18,card_settlement,3937.0,in,POS_card,3,18,0,0.02,0
BNK03079,2024-04-19,cash_deposit,28320.6,in,agency_banking_agent,4,19,0,-0.03,0
BNK03080,2024-04-19,qr_settlement,2311.0,in,LankaQR,4,19,0,-0.92,0
BNK03081,2024-04-19,card_settlement,1657.0,in,POS_card,4,19,0,-0.75,0
BNK03082,2024-04-20,cash_deposit,44903.81,in,agency_banking_agent,5,20,0,1.39,0
BNK03083,2024-04-20,qr_settlement,8728.0,in,LankaQR,5,20,0,0.38,0
BNK03084,2024-04-20,card_settlement,5603.0,in,POS_card,5,20,0,0.59,0
BNK03085,2024-04-21,cash_deposit,28451.28,in,agency_banking_agent,6,21,0,-0.02,0
BNK03086,2024-04-21,qr_settlement,885.0,in,LankaQR,6,21,0,-1.21,0
BNK03087,2024-04-21,card_settlement,3086.0,in,POS_card,6,21,0,-0.27,0
BNK03088,2024-04-22,supplier_payment,48037.0,out,bank_transfer,0,22,0,2.43,1
BNK03089,2024-04-22,supplier_payment,5274.65,out,bank_transfer,0,22,0,-0.76,0
BNK03090,2024-04-22,supplier_payment,18274.5,out,bank_transfer,0,22,0,0.21,0
BNK03091,2024-04-22,supplier_payment,14156.0,out,bank_transfer,0,22,0,-0.1,0
BNK03092,2024-04-22,supplier_payment,9311.4,out,bank_transfer,0,22,0,-0.46,0
BNK03093,2024-04-22,cash_deposit,32283.44,in,agency_banking_agent,0,22,0,0.31,0
BNK03094,2024-04-22,qr_settlement,5367.0,in,LankaQR,0,22,0,-0.31,0
BNK03095,2024-04-22,card_settlement,10964.0,in,POS_card,0,22,0,2.4,1
BNK03096,2024-04-23,cash_deposit,21198.5,in,agency_banking_agent,1,23,0,-0.65,0
BNK03097,2024-04-23,qr_settlement,1492.0,in,LankaQR,1,23,0,-1.09,0
BNK03098,2024-04-23,card_settlement,6083.0,in,POS_card,1,23,0,0.75,0
BNK03099,2024-04-24,cash_deposit,21264.4,in,agency_banking_agent,2,24,0,-0.64,0
BNK03100,2024-04-24,qr_settlement,2063.0,in,LankaQR,2,24,0,-0.98,0
BNK03101,2024-04-24,card_settlement,6155.0,in,POS_card,2,24,0,0.77,0
BNK03102,2024-04-25,supplier_payment,19095.75,out,bank_transfer,3,25,0,0.27,0
BNK03103,2024-04-25,supplier_payment,40803.75,out,bank_transfer,3,25,0,1.89,0
BNK03104,2024-04-25,supplier_payment,6821.2,out,bank_transfer,3,25,0,-0.65,0
BNK03105,2024-04-25,supplier_payment,4536.2,out,bank_transfer,3,25,0,-0.82,0
BNK03106,2024-04-25,supplier_payment,2808.05,out,bank_transfer,3,25,0,-0.95,0
BNK03107,2024-04-25,supplier_payment,5769.68,out,bank_transfer,3,25,0,-0.73,0
BNK03108,2024-04-25,cash_deposit,24224.67,in,agency_banking_agent,3,25,0,-0.39,0
BNK03109,2024-04-25,qr_settlement,7162.0,in,LankaQR,3,25,0,0.06,0
BNK03110,2024-04-25,card_settlement,3353.0,in,POS_card,3,25,0,-0.18,0
BNK03111,2024-04-26,cash_deposit,24961.26,in,agency_banking_agent,4,26,0,-0.32,0
BNK03112,2024-04-26,qr_settlement,9287.0,in,LankaQR,4,26,0,0.49,0
BNK03113,2024-04-26,card_settlement,6318.0,in,POS_card,4,26,0,0.83,0
BNK03114,2024-04-27,cash_deposit,38453.9,in,agency_banking_agent,5,27,0,0.84,0
BNK03115,2024-04-27,qr_settlement,7563.0,in,LankaQR,5,27,0,0.14,0
BNK03116,2024-04-27,card_settlement,5931.0,in,POS_card,5,27,0,0.7,0
BNK03117,2024-04-28,cash_deposit,18454.97,in,agency_banking_agent,6,28,0,-0.88,0
BNK03118,2024-04-28,qr_settlement,7290.0,in,LankaQR,6,28,0,0.08,0
BNK03119,2024-04-28,card_settlement,13596.0,in,POS_card,6,28,0,3.29,1
BNK03120,2024-04-29,supplier_payment,29657.16,out,bank_transfer,0,29,0,1.06,0
BNK03121,2024-04-29,supplier_payment,32016.6,out,bank_transfer,0,29,0,1.24,0
BNK03122,2024-04-29,supplier_payment,16542.0,out,bank_transfer,0,29,0,0.08,0
BNK03123,2024-04-29,supplier_payment,9796.08,out,bank_transfer,0,29,0,-0.43,0
BNK03124,2024-04-29,supplier_payment,11433.6,out,bank_transfer,0,29,0,-0.3,0
BNK03125,2024-04-29,supplier_payment,6181.2,out,bank_transfer,0,29,0,-0.7,0
BNK03126,2024-04-29,supplier_payment,17088.3,out,bank_transfer,0,29,0,0.12,0
BNK03127,2024-04-29,supplier_payment,13473.12,out,bank_transfer,0,29,0,-0.15,0
BNK03128,2024-04-29,supplier_payment,9097.0,out,bank_transfer,0,29,0,-0.48,0
BNK03129,2024-04-29,supplier_payment,5072.8,out,bank_transfer,0,29,0,-0.78,0
BNK03130,2024-04-29,supplier_payment,8285.68,out,bank_transfer,0,29,0,-0.54,0
BNK03131,2024-04-29,cash_deposit,19991.1,in,agency_banking_agent,0,29,0,-0.75,0
BNK03132,2024-04-29,qr_settlement,6775.0,in,LankaQR,0,29,0,-0.02,0
BNK03133,2024-04-29,card_settlement,6207.0,in,POS_card,0,29,0,0.79,0
BNK03134,2024-04-30,cash_deposit,27003.41,in,agency_banking_agent,1,30,0,-0.15,0
BNK03135,2024-04-30,qr_settlement,8881.0,in,LankaQR,1,30,0,0.41,0
BNK03136,2024-04-30,card_settlement,1177.0,in,POS_card,1,30,0,-0.91,0
BNK03137,2024-05-01,cash_deposit,23524.39,in,agency_banking_agent,2,1,0,-0.45,0
BNK03138,2024-05-01,qr_settlement,6194.0,in,LankaQR,2,1,0,-0.14,0
BNK03139,2024-05-01,card_settlement,4521.0,in,POS_card,2,1,0,0.22,0
BNK03140,2024-05-02,supplier_payment,33269.76,out,bank_transfer,3,2,0,1.33,0
BNK03141,2024-05-02,supplier_payment,6448.4,out,bank_transfer,3,2,0,-0.68,0
BNK03142,2024-05-02,supplier_payment,4791.54,out,bank_transfer,3,2,0,-0.8,0
BNK03143,2024-05-02,supplier_payment,2915.15,out,bank_transfer,3,2,0,-0.94,0
BNK03144,2024-05-02,supplier_payment,5970.5,out,bank_transfer,3,2,0,-0.71,0
BNK03145,2024-05-02,cash_deposit,22393.6,in,agency_banking_agent,3,2,0,-0.54,0
BNK03146,2024-05-02,qr_settlement,5779.0,in,LankaQR,3,2,0,-0.22,0
BNK03147,2024-05-02,card_settlement,3609.0,in,POS_card,3,2,0,-0.09,0
BNK03148,2024-05-03,cash_deposit,25387.26,in,agency_banking_agent,4,3,0,-0.29,0
BNK03149,2024-05-03,qr_settlement,8927.0,in,LankaQR,4,3,0,0.42,0
BNK03150,2024-05-03,card_settlement,6651.0,in,POS_card,4,3,0,0.94,0
BNK03151,2024-05-04,cash_deposit,42821.17,in,agency_banking_agent,5,4,0,1.21,0
BNK03152,2024-05-04,qr_settlement,9778.0,in,LankaQR,5,4,0,0.59,0
BNK03153,2024-05-04,card_settlement,1608.0,in,POS_card,5,4,0,-0.77,0
BNK03154,2024-05-05,cash_deposit,25212.47,in,agency_banking_agent,6,5,0,-0.3,0
BNK03155,2024-05-05,qr_settlement,9879.0,in,LankaQR,6,5,0,0.61,0
BNK03156,2024-05-05,card_settlement,564.0,in,POS_card,6,5,0,-1.12,0
BNK03157,2024-05-06,supplier_payment,49252.5,out,bank_transfer,0,6,0,2.53,1
BNK03158,2024-05-06,supplier_payment,39212.1,out,bank_transfer,0,6,0,1.77,0
BNK03159,2024-05-06,supplier_payment,11836.8,out,bank_transfer,0,6,0,-0.27,0
BNK03160,2024-05-06,supplier_payment,5900.4,out,bank_transfer,0,6,0,-0.72,0
BNK03161,2024-05-06,supplier_payment,12043.01,out,bank_transfer,0,6,0,-0.26,0
BNK03162,2024-05-06,supplier_payment,10046.12,out,bank_transfer,0,6,0,-0.41,0
BNK03163,2024-05-06,supplier_payment,5143.86,out,bank_transfer,0,6,0,-0.77,0
BNK03164,2024-05-06,supplier_payment,9404.5,out,bank_transfer,0,6,0,-0.46,0
BNK03165,2024-05-06,supplier_payment,3864.0,out,bank_transfer,0,6,0,-0.87,0
BNK03166,2024-05-06,cash_deposit,41537.98,in,agency_banking_agent,0,6,0,1.1,0
BNK03167,2024-05-06,qr_settlement,5318.0,in,LankaQR,0,6,0,-0.32,0
BNK03168,2024-05-06,card_settlement,6202.0,in,POS_card,0,6,0,0.79,0
BNK03169,2024-05-07,cash_deposit,23999.16,in,agency_banking_agent,1,7,0,-0.41,0
BNK03170,2024-05-07,qr_settlement,1687.0,in,LankaQR,1,7,0,-1.05,0
BNK03171,2024-05-07,card_settlement,3972.0,in,POS_card,1,7,0,0.03,0
BNK03172,2024-05-08,cash_deposit,32932.65,in,agency_banking_agent,2,8,0,0.36,0
BNK03173,2024-05-08,qr_settlement,9039.0,in,LankaQR,2,8,0,0.44,0
BNK03174,2024-05-08,card_settlement,1474.0,in,POS_card,2,8,0,-0.81,0
BNK03175,2024-05-09,supplier_payment,9070.0,out,bank_transfer,3,9,0,-0.48,0
BNK03176,2024-05-09,supplier_payment,2871.4,out,bank_transfer,3,9,0,-0.94,0
BNK03177,2024-05-09,cash_deposit,20397.78,in,agency_banking_agent,3,9,0,-0.72,0
BNK03178,2024-05-09,qr_settlement,2469.0,in,LankaQR,3,9,0,-0.89,0
BNK03179,2024-05-09,card_settlement,4366.0,in,POS_card,3,9,0,0.17,0
BNK03180,2024-05-10,cash_deposit,26260.12,in,agency_banking_agent,4,10,0,-0.21,0
BNK03181,2024-05-10,qr_settlement,12349.0,in,LankaQR,4,10,0,1.11,0
BNK03182,2024-05-10,card_settlement,884.0,in,POS_card,4,10,0,-1.01,0
BNK03183,2024-05-11,cash_deposit,31473.71,in,agency_banking_agent,5,11,0,0.24,0
BNK03184,2024-05-11,qr_settlement,17366.0,in,LankaQR,5,11,0,2.13,0
BNK03185,2024-05-11,card_settlement,688.0,in,POS_card,5,11,0,-1.08,0
BNK03186,2024-05-12,cash_deposit,20735.51,in,agency_banking_agent,6,12,0,-0.69,0
BNK03187,2024-05-12,qr_settlement,8754.0,in,LankaQR,6,12,0,0.38,0
BNK03188,2024-05-12,card_settlement,4306.0,in,POS_card,6,12,0,0.15,0
BNK03189,2024-05-13,supplier_payment,51580.68,out,bank_transfer,0,13,0,2.7,1
BNK03190,2024-05-13,supplier_payment,16563.6,out,bank_transfer,0,13,0,0.08,0
BNK03191,2024-05-13,supplier_payment,19046.15,out,bank_transfer,0,13,0,0.27,0
BNK03192,2024-05-13,supplier_payment,6073.2,out,bank_transfer,0,13,0,-0.7,0
BNK03193,2024-05-13,supplier_payment,13784.5,out,bank_transfer,0,13,0,-0.13,0
BNK03194,2024-05-13,supplier_payment,4872.0,out,bank_transfer,0,13,0,-0.79,0
BNK03195,2024-05-13,supplier_payment,5113.5,out,bank_transfer,0,13,0,-0.78,0
BNK03196,2024-05-13,supplier_payment,9406.95,out,bank_transfer,0,13,0,-0.46,0
BNK03197,2024-05-13,supplier_payment,3876.32,out,bank_transfer,0,13,0,-0.87,0
BNK03198,2024-05-13,cash_deposit,24441.69,in,agency_banking_agent,0,13,0,-0.37,0
BNK03199,2024-05-13,qr_settlement,5130.0,in,LankaQR,0,13,0,-0.35,0
BNK03200,2024-05-13,card_settlement,4202.0,in,POS_card,0,13,0,0.11,0
BNK03201,2024-05-14,cash_deposit,24291.38,in,agency_banking_agent,1,14,0,-0.38,0
BNK03202,2024-05-14,qr_settlement,10147.0,in,LankaQR,1,14,0,0.66,0
BNK03203,2024-05-14,card_settlement,5428.0,in,POS_card,1,14,0,0.53,0
BNK03204,2024-05-15,cash_deposit,18573.07,in,agency_banking_agent,2,15,0,-0.87,0
BNK03205,2024-05-15,qr_settlement,2565.0,in,LankaQR,2,15,0,-0.87,0
BNK03206,2024-05-15,card_settlement,2294.0,in,POS_card,2,15,0,-0.53,0
BNK03207,2024-05-16,supplier_payment,6637.2,out,bank_transfer,3,16,0,-0.66,0
BNK03208,2024-05-16,supplier_payment,10034.36,out,bank_transfer,3,16,0,-0.41,0
BNK03209,2024-05-16,supplier_payment,3930.08,out,bank_transfer,3,16,0,-0.86,0
BNK03210,2024-05-16,supplier_payment,2712.64,out,bank_transfer,3,16,0,-0.96,0
BNK03211,2024-05-16,cash_deposit,13164.22,in,agency_banking_agent,3,16,0,-1.34,0
BNK03212,2024-05-16,qr_settlement,3041.0,in,LankaQR,3,16,0,-0.78,0
BNK03213,2024-05-16,card_settlement,4200.0,in,POS_card,3,16,0,0.11,0
BNK03214,2024-05-17,cash_deposit,21428.28,in,agency_banking_agent,4,17,0,-0.63,0
BNK03215,2024-05-17,qr_settlement,9930.0,in,LankaQR,4,17,0,0.62,0
BNK03216,2024-05-17,card_settlement,5307.0,in,POS_card,4,17,0,0.49,0
BNK03217,2024-05-18,cash_deposit,19832.02,in,agency_banking_agent,5,18,0,-0.76,0
BNK03218,2024-05-18,qr_settlement,7363.0,in,LankaQR,5,18,0,0.1,0
BNK03219,2024-05-18,card_settlement,3198.0,in,POS_card,5,18,0,-0.23,0
BNK03220,2024-05-19,cash_deposit,35187.25,in,agency_banking_agent,6,19,0,0.56,0
BNK03221,2024-05-19,qr_settlement,7834.0,in,LankaQR,6,19,0,0.2,0
BNK03222,2024-05-19,card_settlement,1556.0,in,POS_card,6,19,0,-0.78,0
BNK03223,2024-05-20,supplier_payment,24111.0,out,bank_transfer,0,20,0,0.64,0
BNK03224,2024-05-20,supplier_payment,11772.0,out,bank_transfer,0,20,0,-0.28,0
BNK03225,2024-05-20,supplier_payment,18061.89,out,bank_transfer,0,20,0,0.19,0
BNK03226,2024-05-20,supplier_payment,4859.2,out,bank_transfer,0,20,0,-0.8,0
BNK03227,2024-05-20,cash_deposit,38973.69,in,agency_banking_agent,0,20,0,0.88,0
BNK03228,2024-05-20,qr_settlement,6165.0,in,LankaQR,0,20,0,-0.14,0
BNK03229,2024-05-20,card_settlement,1821.0,in,POS_card,0,20,0,-0.69,0
BNK03230,2024-05-21,cash_deposit,40191.22,in,agency_banking_agent,1,21,0,0.99,0
BNK03231,2024-05-21,qr_settlement,3995.0,in,LankaQR,1,21,0,-0.58,0
BNK03232,2024-05-21,card_settlement,578.0,in,POS_card,1,21,0,-1.11,0
BNK03233,2024-05-22,cash_deposit,25102.96,in,agency_banking_agent,2,22,0,-0.31,0
BNK03234,2024-05-22,qr_settlement,1767.0,in,LankaQR,2,22,0,-1.04,0
BNK03235,2024-05-22,card_settlement,1457.0,in,POS_card,2,22,0,-0.82,0
BNK03236,2024-05-23,supplier_payment,18503.7,out,bank_transfer,3,23,0,0.23,0
BNK03237,2024-05-23,supplier_payment,10179.4,out,bank_transfer,3,23,0,-0.4,0
BNK03238,2024-05-23,supplier_payment,5201.8,out,bank_transfer,3,23,0,-0.77,0
BNK03239,2024-05-23,supplier_payment,14221.0,out,bank_transfer,3,23,0,-0.09,0
BNK03240,2024-05-23,supplier_payment,9272.9,out,bank_transfer,3,23,0,-0.47,0
BNK03241,2024-05-23,supplier_payment,3904.32,out,bank_transfer,3,23,0,-0.87,0
BNK03242,2024-05-23,supplier_payment,2609.89,out,bank_transfer,3,23,0,-0.96,0
BNK03243,2024-05-23,cash_deposit,27354.33,in,agency_banking_agent,3,23,0,-0.12,0
BNK03244,2024-05-23,qr_settlement,2134.0,in,LankaQR,3,23,0,-0.96,0
BNK03245,2024-05-23,card_settlement,3131.0,in,POS_card,3,23,0,-0.25,0
BNK03246,2024-05-24,cash_deposit,33442.41,in,agency_banking_agent,4,24,0,0.41,0
BNK03247,2024-05-24,qr_settlement,10279.0,in,LankaQR,4,24,0,0.69,0
BNK03248,2024-05-24,card_settlement,942.0,in,POS_card,4,24,0,-0.99,0
BNK03249,2024-05-25,cash_deposit,31472.82,in,agency_banking_agent,5,25,0,0.24,0
BNK03250,2024-05-25,qr_settlement,6998.0,in,LankaQR,5,25,0,0.03,0
BNK03251,2024-05-25,card_settlement,3563.0,in,POS_card,5,25,0,-0.1,0
BNK03252,2024-05-26,cash_deposit,35758.87,in,agency_banking_agent,6,26,0,0.61,0
BNK03253,2024-05-26,qr_settlement,5006.0,in,LankaQR,6,26,0,-0.38,0
BNK03254,2024-05-26,card_settlement,2345.0,in,POS_card,6,26,0,-0.52,0
BNK03255,2024-05-27,supplier_payment,57209.37,out,bank_transfer,0,27,0,3.12,1
BNK03256,2024-05-27,supplier_payment,21577.29,out,bank_transfer,0,27,0,0.46,0
BNK03257,2024-05-27,supplier_payment,40107.6,out,bank_transfer,0,27,0,1.84,0
BNK03258,2024-05-27,supplier_payment,6094.8,out,bank_transfer,0,27,0,-0.7,0
BNK03259,2024-05-27,supplier_payment,18941.5,out,bank_transfer,0,27,0,0.26,0
BNK03260,2024-05-27,supplier_payment,4217.5,out,bank_transfer,0,27,0,-0.84,0
BNK03261,2024-05-27,supplier_payment,10063.2,out,bank_transfer,0,27,0,-0.41,0
BNK03262,2024-05-27,supplier_payment,5279.4,out,bank_transfer,0,27,0,-0.76,0
BNK03263,2024-05-27,supplier_payment,8669.1,out,bank_transfer,0,27,0,-0.51,0
BNK03264,2024-05-27,supplier_payment,2918.3,out,bank_transfer,0,27,0,-0.94,0
BNK03265,2024-05-27,supplier_payment,5669.61,out,bank_transfer,0,27,0,-0.73,0
BNK03266,2024-05-27,cash_deposit,21643.68,in,agency_banking_agent,0,27,0,-0.61,0
BNK03267,2024-05-27,qr_settlement,1817.0,in,LankaQR,0,27,0,-1.03,0
BNK03268,2024-05-27,card_settlement,2913.0,in,POS_card,0,27,0,-0.32,0
BNK03269,2024-05-28,cash_deposit,17786.18,in,agency_banking_agent,1,28,0,-0.94,0
BNK03270,2024-05-28,qr_settlement,6264.0,in,LankaQR,1,28,0,-0.12,0
BNK03271,2024-05-28,card_settlement,9493.0,in,POS_card,1,28,0,1.9,0
BNK03272,2024-05-29,cash_deposit,16876.05,in,agency_banking_agent,2,29,0,-1.02,0
BNK03273,2024-05-29,qr_settlement,5977.0,in,LankaQR,2,29,0,-0.18,0
BNK03274,2024-05-29,card_settlement,217.0,in,POS_card,2,29,0,-1.24,0
BNK03275,2024-05-30,supplier_payment,46928.28,out,bank_transfer,3,30,0,2.35,1
BNK03276,2024-05-30,supplier_payment,11372.4,out,bank_transfer,3,30,0,-0.31,0
BNK03277,2024-05-30,cash_deposit,38149.06,in,agency_banking_agent,3,30,0,0.81,0
BNK03278,2024-05-30,qr_settlement,4867.0,in,LankaQR,3,30,0,-0.41,0
BNK03279,2024-05-31,cash_deposit,35719.61,in,agency_banking_agent,4,31,0,0.6,0
BNK03280,2024-05-31,qr_settlement,4920.0,in,LankaQR,4,31,0,-0.4,0
BNK03281,2024-05-31,card_settlement,4876.0,in,POS_card,4,31,0,0.34,0
BNK03282,2024-06-01,cash_deposit,38855.55,in,agency_banking_agent,5,1,0,0.87,0
BNK03283,2024-06-01,qr_settlement,2614.0,in,LankaQR,5,1,0,-0.86,0
BNK03284,2024-06-01,card_settlement,2656.0,in,POS_card,5,1,0,-0.41,0
BNK03285,2024-06-02,cash_deposit,38454.92,in,agency_banking_agent,6,2,0,0.84,0
BNK03286,2024-06-02,qr_settlement,2746.0,in,LankaQR,6,2,0,-0.84,0
BNK03287,2024-06-02,card_settlement,7139.0,in,POS_card,6,2,0,1.11,0
BNK03288,2024-06-03,supplier_payment,48844.44,out,bank_transfer,0,3,0,2.49,1
BNK03289,2024-06-03,supplier_payment,10242.96,out,bank_transfer,0,3,0,-0.39,0
BNK03290,2024-06-03,supplier_payment,6102.0,out,bank_transfer,0,3,0,-0.7,0
BNK03291,2024-06-03,supplier_payment,16521.3,out,bank_transfer,0,3,0,0.08,0
BNK03292,2024-06-03,supplier_payment,4688.0,out,bank_transfer,0,3,0,-0.81,0
BNK03293,2024-06-03,supplier_payment,10577.0,out,bank_transfer,0,3,0,-0.37,0
BNK03294,2024-06-03,supplier_payment,4673.87,out,bank_transfer,0,3,0,-0.81,0
BNK03295,2024-06-03,supplier_payment,9376.5,out,bank_transfer,0,3,0,-0.46,0
BNK03296,2024-06-03,supplier_payment,3986.92,out,bank_transfer,0,3,0,-0.86,0
BNK03297,2024-06-03,supplier_payment,5019.25,out,bank_transfer,0,3,0,-0.78,0
BNK03298,2024-06-03,cash_deposit,30879.53,in,agency_banking_agent,0,3,0,0.19,0
BNK03299,2024-06-03,qr_settlement,3432.0,in,LankaQR,0,3,0,-0.7,0
BNK03300,2024-06-04,cash_deposit,21953.66,in,agency_banking_agent,1,4,0,-0.58,0
BNK03301,2024-06-04,qr_settlement,14268.0,in,LankaQR,1,4,0,1.5,0
BNK03302,2024-06-04,card_settlement,1978.0,in,POS_card,1,4,0,-0.64,0
BNK03303,2024-06-05,cash_deposit,21832.44,in,agency_banking_agent,2,5,0,-0.59,0
BNK03304,2024-06-05,qr_settlement,4982.0,in,LankaQR,2,5,0,-0.38,0
BNK03305,2024-06-05,card_settlement,4084.0,in,POS_card,2,5,0,0.07,0
BNK03306,2024-06-06,supplier_payment,39594.6,out,bank_transfer,3,6,0,1.8,0
BNK03307,2024-06-06,cash_deposit,30232.78,in,agency_banking_agent,3,6,0,0.13,0
BNK03308,2024-06-06,qr_settlement,7176.0,in,LankaQR,3,6,0,0.06,0
BNK03309,2024-06-06,card_settlement,1910.0,in,POS_card,3,6,0,-0.66,0
BNK03310,2024-06-07,cash_deposit,22617.7,in,agency_banking_agent,4,7,0,-0.52,0
BNK03311,2024-06-07,qr_settlement,2856.0,in,LankaQR,4,7,0,-0.81,0
BNK03312,2024-06-07,card_settlement,2663.0,in,POS_card,4,7,0,-0.41,0
BNK03313,2024-06-08,cash_deposit,25266.96,in,agency_banking_agent,5,8,0,-0.3,0
BNK03314,2024-06-08,qr_settlement,6279.0,in,LankaQR,5,8,0,-0.12,0
BNK03315,2024-06-08,card_settlement,4911.0,in,POS_card,5,8,0,0.35,0
BNK03316,2024-06-09,cash_deposit,19136.89,in,agency_banking_agent,6,9,0,-0.82,0
BNK03317,2024-06-09,qr_settlement,5491.0,in,LankaQR,6,9,0,-0.28,0
BNK03318,2024-06-09,card_settlement,4724.0,in,POS_card,6,9,0,0.29,0
BNK03319,2024-06-10,supplier_payment,23726.35,out,bank_transfer,0,10,0,0.62,0
BNK03320,2024-06-10,supplier_payment,11520.0,out,bank_transfer,0,10,0,-0.3,0
BNK03321,2024-06-10,supplier_payment,17217.51,out,bank_transfer,0,10,0,0.13,0
BNK03322,2024-06-10,supplier_payment,9163.35,out,bank_transfer,0,10,0,-0.47,0
BNK03323,2024-06-10,supplier_payment,2842.4,out,bank_transfer,0,10,0,-0.95,0
BNK03324,2024-06-10,cash_deposit,26351.11,in,agency_banking_agent,0,10,0,-0.2,0
BNK03325,2024-06-10,qr_settlement,1722.0,in,LankaQR,0,10,0,-1.04,0
BNK03326,2024-06-10,card_settlement,1945.0,in,POS_card,0,10,0,-0.65,0
BNK03327,2024-06-11,cash_deposit,34290.03,in,agency_banking_agent,1,11,0,0.48,0
BNK03328,2024-06-11,qr_settlement,1163.0,in,LankaQR,1,11,0,-1.16,0
BNK03329,2024-06-11,card_settlement,5262.0,in,POS_card,1,11,0,0.47,0
BNK03330,2024-06-12,cash_deposit,44221.35,in,agency_banking_agent,2,12,0,1.33,0
BNK03331,2024-06-12,qr_settlement,4865.0,in,LankaQR,2,12,0,-0.41,0
BNK03332,2024-06-12,card_settlement,7123.0,in,POS_card,2,12,0,1.1,0
BNK03333,2024-06-13,supplier_payment,4723.29,out,bank_transfer,3,13,0,-0.81,0
BNK03334,2024-06-13,cash_deposit,19039.79,in,agency_banking_agent,3,13,0,-0.83,0
BNK03335,2024-06-13,qr_settlement,6004.0,in,LankaQR,3,13,0,-0.18,0
BNK03336,2024-06-13,card_settlement,3022.0,in,POS_card,3,13,0,-0.29,0
BNK03337,2024-06-14,cash_deposit,27135.8,in,agency_banking_agent,4,14,0,-0.14,0
BNK03338,2024-06-14,qr_settlement,4005.0,in,LankaQR,4,14,0,-0.58,0
BNK03339,2024-06-14,card_settlement,7754.0,in,POS_card,4,14,0,1.31,0
BNK03340,2024-06-15,cash_deposit,36235.13,in,agency_banking_agent,5,15,0,0.65,0
BNK03341,2024-06-15,qr_settlement,6922.0,in,LankaQR,5,15,0,0.01,0
BNK03342,2024-06-15,card_settlement,4568.0,in,POS_card,5,15,0,0.24,1
BNK03343,2024-06-16,cash_deposit,30790.78,in,agency_banking_agent,6,16,0,0.18,0
BNK03344,2024-06-16,qr_settlement,2018.0,in,LankaQR,6,16,0,-0.98,0
BNK03345,2024-06-16,card_settlement,2656.0,in,POS_card,6,16,0,-0.41,0
BNK03346,2024-06-17,supplier_payment,21427.2,out,bank_transfer,0,17,0,0.44,0
BNK03347,2024-06-17,supplier_payment,32548.95,out,bank_transfer,0,17,0,1.28,0
BNK03348,2024-06-17,supplier_payment,39058.65,out,bank_transfer,0,17,0,1.76,0
BNK03349,2024-06-17,supplier_payment,11930.4,out,bank_transfer,0,17,0,-0.27,0
BNK03350,2024-06-17,supplier_payment,19071.5,out,bank_transfer,0,17,0,0.27,0
BNK03351,2024-06-17,supplier_payment,5967.85,out,bank_transfer,0,17,0,-0.71,0
BNK03352,2024-06-17,supplier_payment,9430.4,out,bank_transfer,0,17,0,-0.45,0
BNK03353,2024-06-17,supplier_payment,3920.56,out,bank_transfer,0,17,0,-0.87,0
BNK03354,2024-06-17,cash_deposit,19310.53,in,agency_banking_agent,0,17,0,-0.81,0
BNK03355,2024-06-17,qr_settlement,4016.0,in,LankaQR,0,17,0,-0.58,0
BNK03356,2024-06-17,card_settlement,4587.0,in,POS_card,0,17,0,0.24,0
BNK03357,2024-06-18,cash_deposit,23471.44,in,agency_banking_agent,1,18,0,-0.45,0
BNK03358,2024-06-18,qr_settlement,5474.0,in,LankaQR,1,18,0,-0.28,0
BNK03359,2024-06-18,card_settlement,1107.0,in,POS_card,1,18,0,-0.94,0
BNK03360,2024-06-19,cash_deposit,27735.22,in,agency_banking_agent,2,19,0,-0.08,0
BNK03361,2024-06-19,qr_settlement,5779.0,in,LankaQR,2,19,0,-0.22,0
BNK03362,2024-06-19,card_settlement,1888.0,in,POS_card,2,19,0,-0.67,0
BNK03363,2024-06-20,supplier_payment,31636.98,out,bank_transfer,3,20,0,1.21,0
BNK03364,2024-06-20,supplier_payment,5936.4,out,bank_transfer,3,20,0,-0.71,0
BNK03365,2024-06-20,supplier_payment,13698.5,out,bank_transfer,3,20,0,-0.13,0
BNK03366,2024-06-20,supplier_payment,4676.66,out,bank_transfer,3,20,0,-0.81,0
BNK03367,2024-06-20,cash_deposit,23101.87,in,agency_banking_agent,3,20,0,-0.48,0
BNK03368,2024-06-20,qr_settlement,4747.0,in,LankaQR,3,20,0,-0.43,0
BNK03369,2024-06-20,card_settlement,6238.0,in,POS_card,3,20,0,0.8,0
BNK03370,2024-06-21,cash_deposit,21675.18,in,agency_banking_agent,4,21,0,-0.61,0
BNK03371,2024-06-21,qr_settlement,3882.0,in,LankaQR,4,21,0,-0.61,0
BNK03372,2024-06-21,card_settlement,1486.0,in,POS_card,4,21,0,-0.81,0
BNK03373,2024-06-22,cash_deposit,39160.11,in,agency_banking_agent,5,22,0,0.9,0
BNK03374,2024-06-22,qr_settlement,12126.0,in,LankaQR,5,22,0,1.07,0
BNK03375,2024-06-22,card_settlement,4697.0,in,POS_card,5,22,0,0.28,0
BNK03376,2024-06-23,cash_deposit,40834.65,in,agency_banking_agent,6,23,0,1.04,0
BNK03377,2024-06-23,qr_settlement,4140.0,in,LankaQR,6,23,0,-0.55,0
BNK03378,2024-06-23,card_settlement,2846.0,in,POS_card,6,23,0,-0.35,0
BNK03379,2024-06-24,supplier_payment,11707.2,out,bank_transfer,0,24,0,-0.28,0
BNK03380,2024-06-24,supplier_payment,4746.0,out,bank_transfer,0,24,0,-0.8,0
BNK03381,2024-06-24,supplier_payment,9402.4,out,bank_transfer,0,24,0,-0.46,0
BNK03382,2024-06-24,cash_deposit,23449.45,in,agency_banking_agent,0,24,0,-0.45,0
BNK03383,2024-06-24,qr_settlement,9737.0,in,LankaQR,0,24,0,0.58,0
BNK03384,2024-06-24,card_settlement,6419.0,in,POS_card,0,24,0,0.86,0
BNK03385,2024-06-25,cash_deposit,20362.91,in,agency_banking_agent,1,25,0,-0.72,0
BNK03386,2024-06-25,qr_settlement,14643.0,in,LankaQR,1,25,0,1.58,0
BNK03387,2024-06-25,card_settlement,8472.0,in,POS_card,1,25,0,1.56,0
BNK03388,2024-06-26,cash_deposit,20551.01,in,agency_banking_agent,2,26,0,-0.7,0
BNK03389,2024-06-26,qr_settlement,13510.0,in,LankaQR,2,26,0,1.35,0
BNK03390,2024-06-26,card_settlement,1454.0,in,POS_card,2,26,0,-0.82,0
BNK03391,2024-06-27,supplier_payment,50253.26,out,bank_transfer,3,27,0,2.6,1
BNK03392,2024-06-27,supplier_payment,21908.7,out,bank_transfer,3,27,0,0.48,0
BNK03393,2024-06-27,supplier_payment,28889.23,out,bank_transfer,3,27,0,1.0,0
BNK03394,2024-06-27,supplier_payment,32245.7,out,bank_transfer,3,27,0,1.25,0
BNK03395,2024-06-27,supplier_payment,23184.59,out,bank_transfer,3,27,0,0.58,0
BNK03396,2024-06-27,supplier_payment,14288.8,out,bank_transfer,3,27,0,-0.09,0
BNK03397,2024-06-27,supplier_payment,13850.5,out,bank_transfer,3,27,0,-0.12,0
BNK03398,2024-06-27,supplier_payment,5724.32,out,bank_transfer,3,27,0,-0.73,0
BNK03399,2024-06-27,cash_deposit,20726.55,in,agency_banking_agent,3,27,0,-0.69,0
BNK03400,2024-06-27,qr_settlement,8745.0,in,LankaQR,3,27,0,0.38,0
BNK03401,2024-06-27,card_settlement,4942.0,in,POS_card,3,27,0,0.36,0
BNK03402,2024-06-28,cash_deposit,26070.4,in,agency_banking_agent,4,28,0,-0.23,0
BNK03403,2024-06-28,qr_settlement,3120.0,in,LankaQR,4,28,0,-0.76,0
BNK03404,2024-06-28,card_settlement,1823.0,in,POS_card,4,28,0,-0.69,0
BNK03405,2024-06-29,cash_deposit,38592.58,in,agency_banking_agent,5,29,0,0.85,0
BNK03406,2024-06-29,qr_settlement,10851.0,in,LankaQR,5,29,0,0.81,0
BNK03407,2024-06-29,card_settlement,6173.0,in,POS_card,5,29,0,0.78,0
BNK03408,2024-06-30,cash_deposit,26664.77,in,agency_banking_agent,6,30,0,-0.18,0
BNK03409,2024-06-30,qr_settlement,4601.0,in,LankaQR,6,30,0,-0.46,0
BNK03410,2024-06-30,card_settlement,1181.0,in,POS_card,6,30,0,-0.91,0
BNK03411,2024-07-01,supplier_payment,10965.0,out,bank_transfer,0,1,0,-0.34,0
BNK03412,2024-07-01,supplier_payment,4718.8,out,bank_transfer,0,1,0,-0.81,0
BNK03413,2024-07-01,supplier_payment,10233.16,out,bank_transfer,0,1,0,-0.39,0
BNK03414,2024-07-01,supplier_payment,3924.48,out,bank_transfer,0,1,0,-0.87,0
BNK03415,2024-07-01,supplier_payment,2876.3,out,bank_transfer,0,1,0,-0.94,0
BNK03416,2024-07-01,cash_deposit,21963.85,in,agency_banking_agent,0,1,0,-0.58,0
BNK03417,2024-07-01,qr_settlement,4660.0,in,LankaQR,0,1,0,-0.45,0
BNK03418,2024-07-01,card_settlement,1341.0,in,POS_card,0,1,0,-0.86,0
BNK03419,2024-07-02,cash_deposit,20595.0,in,agency_banking_agent,1,2,0,-0.7,0
BNK03420,2024-07-02,qr_settlement,4311.0,in,LankaQR,1,2,0,-0.52,0
BNK03421,2024-07-02,card_settlement,2832.0,in,POS_card,1,2,0,-0.35,0
BNK03422,2024-07-03,cash_deposit,16181.46,in,agency_banking_agent,2,3,0,-1.08,0
BNK03423,2024-07-03,qr_settlement,6789.0,in,LankaQR,2,3,0,-0.02,0
BNK03424,2024-07-03,card_settlement,370.0,in,POS_card,2,3,0,-1.19,0
BNK03425,2024-07-04,supplier_payment,19967.85,out,bank_transfer,3,4,0,0.33,0
BNK03426,2024-07-04,supplier_payment,28799.44,out,bank_transfer,3,4,0,1.0,0
BNK03427,2024-07-04,supplier_payment,6141.6,out,bank_transfer,3,4,0,-0.7,0
BNK03428,2024-07-04,cash_deposit,22480.66,in,agency_banking_agent,3,4,0,-0.54,0
BNK03429,2024-07-04,qr_settlement,7930.0,in,LankaQR,3,4,0,0.21,0
BNK03430,2024-07-04,card_settlement,1573.0,in,POS_card,3,4,0,-0.78,0
BNK03431,2024-07-05,cash_deposit,30469.92,in,agency_banking_agent,4,5,0,0.15,0
BNK03432,2024-07-05,qr_settlement,9709.0,in,LankaQR,4,5,0,0.58,0
BNK03433,2024-07-05,card_settlement,4061.0,in,POS_card,4,5,0,0.06,0
BNK03434,2024-07-06,cash_deposit,29014.52,in,agency_banking_agent,5,6,0,0.03,0
BNK03435,2024-07-06,qr_settlement,7009.0,in,LankaQR,5,6,0,0.03,0
BNK03436,2024-07-06,card_settlement,1256.0,in,POS_card,5,6,0,-0.89,0
BNK03437,2024-07-07,cash_deposit,30400.15,in,agency_banking_agent,6,7,0,0.14,0
BNK03438,2024-07-07,qr_settlement,1302.0,in,LankaQR,6,7,0,-1.13,0
BNK03439,2024-07-07,card_settlement,4531.0,in,POS_card,6,7,0,0.22,0
BNK03440,2024-07-08,supplier_payment,39801.15,out,bank_transfer,0,8,0,1.82,0
BNK03441,2024-07-08,supplier_payment,11862.0,out,bank_transfer,0,8,0,-0.27,0
BNK03442,2024-07-08,supplier_payment,6655.6,out,bank_transfer,0,8,0,-0.66,0
BNK03443,2024-07-08,supplier_payment,5270.65,out,bank_transfer,0,8,0,-0.76,0
BNK03444,2024-07-08,supplier_payment,9358.16,out,bank_transfer,0,8,0,-0.46,0
BNK03445,2024-07-08,supplier_payment,3865.68,out,bank_transfer,0,8,0,-0.87,0
BNK03446,2024-07-08,supplier_payment,4760.16,out,bank_transfer,0,8,0,-0.8,0
BNK03447,2024-07-08,cash_deposit,35061.22,in,agency_banking_agent,0,8,0,0.55,0
BNK03448,2024-07-08,qr_settlement,11595.0,in,LankaQR,0,8,0,0.96,0
BNK03449,2024-07-08,card_settlement,6905.0,in,POS_card,0,8,0,1.03,0
BNK03450,2024-07-09,cash_deposit,28301.68,in,agency_banking_agent,1,9,0,-0.04,0
BNK03451,2024-07-09,qr_settlement,8470.0,in,LankaQR,1,9,0,0.32,0
BNK03452,2024-07-09,card_settlement,563.0,in,POS_card,1,9,0,-1.12,0
BNK03453,2024-07-10,cash_deposit,16790.08,in,agency_banking_agent,2,10,0,-1.03,0
BNK03454,2024-07-10,qr_settlement,6314.0,in,LankaQR,2,10,0,-0.11,0
BNK03455,2024-07-10,card_settlement,6193.0,in,POS_card,2,10,0,0.78,0
BNK03456,2024-07-11,supplier_payment,58703.68,out,bank_transfer,3,11,0,3.23,1
BNK03457,2024-07-11,supplier_payment,5820.71,out,bank_transfer,3,11,0,-0.72,0
BNK03458,2024-07-11,cash_deposit,23588.76,in,agency_banking_agent,3,11,0,-0.44,0
BNK03459,2024-07-11,qr_settlement,1156.0,in,LankaQR,3,11,0,-1.16,0
BNK03460,2024-07-11,card_settlement,2935.0,in,POS_card,3,11,0,-0.32,0
BNK03461,2024-07-12,cash_deposit,29372.26,in,agency_banking_agent,4,12,0,0.06,0
BNK03462,2024-07-12,qr_settlement,4303.0,in,LankaQR,4,12,0,-0.52,1
BNK03463,2024-07-12,card_settlement,1095.0,in,POS_card,4,12,0,-0.94,0
BNK03464,2024-07-13,cash_deposit,27242.03,in,agency_banking_agent,5,13,0,-0.13,0
BNK03465,2024-07-13,qr_settlement,5355.0,in,LankaQR,5,13,0,-0.31,0
BNK03466,2024-07-13,card_settlement,2047.0,in,POS_card,5,13,0,-0.62,0
BNK03467,2024-07-14,cash_deposit,26294.54,in,agency_banking_agent,6,14,0,-0.21,0
BNK03468,2024-07-14,qr_settlement,5744.0,in,LankaQR,6,14,0,-0.23,0
BNK03469,2024-07-14,card_settlement,4078.0,in,POS_card,6,14,0,0.07,0
BNK03470,2024-07-15,supplier_payment,22601.6,out,bank_transfer,0,15,0,0.53,0
BNK03471,2024-07-15,supplier_payment,11905.2,out,bank_transfer,0,15,0,-0.27,0
BNK03472,2024-07-15,supplier_payment,5932.8,out,bank_transfer,0,15,0,-0.71,0
BNK03473,2024-07-15,supplier_payment,13745.5,out,bank_transfer,0,15,0,-0.13,0
BNK03474,2024-07-15,supplier_payment,9595.56,out,bank_transfer,0,15,0,-0.44,0
BNK03475,2024-07-15,supplier_payment,3822.84,out,bank_transfer,0,15,0,-0.87,0
BNK03476,2024-07-15,supplier_payment,5841.92,out,bank_transfer,0,15,0,-0.72,0
BNK03477,2024-07-15,cash_deposit,28654.51,in,agency_banking_agent,0,15,0,-0.01,0
BNK03478,2024-07-15,qr_settlement,8706.0,in,LankaQR,0,15,0,0.37,0
BNK03479,2024-07-15,card_settlement,1906.0,in,POS_card,0,15,0,-0.67,0
BNK03480,2024-07-16,cash_deposit,20741.12,in,agency_banking_agent,1,16,0,-0.69,0
BNK03481,2024-07-16,qr_settlement,8498.0,in,LankaQR,1,16,0,0.33,0
BNK03482,2024-07-16,card_settlement,1509.0,in,POS_card,1,16,0,-0.8,0
BNK03483,2024-07-17,cash_deposit,29692.16,in,agency_banking_agent,2,17,0,0.08,0
BNK03484,2024-07-17,qr_settlement,2973.0,in,LankaQR,2,17,0,-0.79,0
BNK03485,2024-07-17,card_settlement,2030.0,in,POS_card,2,17,0,-0.62,0
BNK03486,2024-07-18,supplier_payment,18925.24,out,bank_transfer,3,18,0,0.26,0
BNK03487,2024-07-18,supplier_payment,34025.16,out,bank_transfer,3,18,0,1.39,0
BNK03488,2024-07-18,supplier_payment,6452.0,out,bank_transfer,3,18,0,-0.68,0
BNK03489,2024-07-18,supplier_payment,5083.4,out,bank_transfer,3,18,0,-0.78,0
BNK03490,2024-07-18,supplier_payment,9182.25,out,bank_transfer,3,18,0,-0.47,0
BNK03491,2024-07-18,supplier_payment,3493.5,out,bank_transfer,3,18,0,-0.9,0
BNK03492,2024-07-18,supplier_payment,2456.4,out,bank_transfer,3,18,0,-0.97,0
BNK03493,2024-07-18,supplier_payment,5413.32,out,bank_transfer,3,18,0,-0.75,0
BNK03494,2024-07-18,cash_deposit,26315.67,in,agency_banking_agent,3,18,0,-0.21,0
BNK03495,2024-07-18,qr_settlement,5390.0,in,LankaQR,3,18,0,-0.3,0
BNK03496,2024-07-19,cash_deposit,34709.26,in,agency_banking_agent,4,19,0,0.52,0
BNK03497,2024-07-19,qr_settlement,556.0,in,LankaQR,4,19,0,-1.28,0
BNK03498,2024-07-20,cash_deposit,32336.79,in,agency_banking_agent,5,20,0,0.31,0
BNK03499,2024-07-20,qr_settlement,7089.0,in,LankaQR,5,20,0,0.04,0
BNK03500,2024-07-20,card_settlement,6058.0,in,POS_card,5,20,0,0.74,0
BNK03501,2024-07-21,cash_deposit,35285.91,in,agency_banking_agent,6,21,0,0.56,0
BNK03502,2024-07-21,qr_settlement,3090.0,in,LankaQR,6,21,0,-0.77,0
BNK03503,2024-07-21,card_settlement,4564.0,in,POS_card,6,21,0,0.23,0
BNK03504,2024-07-22,supplier_payment,19626.88,out,bank_transfer,0,22,0,0.31,0
BNK03505,2024-07-22,supplier_payment,33785.1,out,bank_transfer,0,22,0,1.37,0
BNK03506,2024-07-22,supplier_payment,10709.4,out,bank_transfer,0,22,0,-0.36,0
BNK03507,2024-07-22,supplier_payment,11980.8,out,bank_transfer,0,22,0,-0.26,0
BNK03508,2024-07-22,supplier_payment,6051.6,out,bank_transfer,0,22,0,-0.71,0
BNK03509,2024-07-22,supplier_payment,5062.05,out,bank_transfer,0,22,0,-0.78,0
BNK03510,2024-07-22,supplier_payment,4888.56,out,bank_transfer,0,22,0,-0.79,0
BNK03511,2024-07-22,cash_deposit,21681.89,in,agency_banking_agent,0,22,0,-0.61,0
BNK03512,2024-07-22,qr_settlement,6579.0,in,LankaQR,0,22,0,-0.06,0
BNK03513,2024-07-22,card_settlement,2574.0,in,POS_card,0,22,0,-0.44,0
BNK03514,2024-07-23,cash_deposit,22144.72,in,agency_banking_agent,1,23,0,-0.57,0
BNK03515,2024-07-23,qr_settlement,960.0,in,LankaQR,1,23,0,-1.2,0
BNK03516,2024-07-23,card_settlement,2269.0,in,POS_card,1,23,0,-0.54,0
BNK03517,2024-07-24,cash_deposit,29964.35,in,agency_banking_agent,2,24,0,0.11,0
BNK03518,2024-07-24,qr_settlement,3882.0,in,LankaQR,2,24,0,-0.61,0
BNK03519,2024-07-24,card_settlement,590.0,in,POS_card,2,24,0,-1.11,0
BNK03520,2024-07-25,supplier_payment,18779.04,out,bank_transfer,3,25,0,0.25,0
BNK03521,2024-07-25,supplier_payment,14352.5,out,bank_transfer,3,25,0,-0.09,0
BNK03522,2024-07-25,supplier_payment,6475.2,out,bank_transfer,3,25,0,-0.67,0
BNK03523,2024-07-25,supplier_payment,4809.09,out,bank_transfer,3,25,0,-0.8,0
BNK03524,2024-07-25,supplier_payment,10402.0,out,bank_transfer,3,25,0,-0.38,0
BNK03525,2024-07-25,supplier_payment,3679.56,out,bank_transfer,3,25,0,-0.88,0
BNK03526,2024-07-25,supplier_payment,2927.75,out,bank_transfer,3,25,0,-0.94,0
BNK03527,2024-07-25,supplier_payment,6008.0,out,bank_transfer,3,25,0,-0.71,0
BNK03528,2024-07-25,cash_deposit,34106.45,in,agency_banking_agent,3,25,0,0.46,0
BNK03529,2024-07-25,qr_settlement,10162.0,in,LankaQR,3,25,0,0.67,0
BNK03530,2024-07-25,card_settlement,10643.0,in,POS_card,3,25,0,2.29,0
BNK03531,2024-07-26,cash_deposit,29431.57,in,agency_banking_agent,4,26,0,0.06,0
BNK03532,2024-07-26,qr_settlement,5651.0,in,LankaQR,4,26,0,-0.25,0
BNK03533,2024-07-26,card_settlement,9444.0,in,POS_card,4,26,0,1.88,0
BNK03534,2024-07-27,cash_deposit,43587.37,in,agency_banking_agent,5,27,0,1.28,0
BNK03535,2024-07-27,qr_settlement,9868.0,in,LankaQR,5,27,0,0.61,0
BNK03536,2024-07-27,card_settlement,2167.0,in,POS_card,5,27,0,-0.58,0
BNK03537,2024-07-28,cash_deposit,31176.58,in,agency_banking_agent,6,28,0,0.21,0
BNK03538,2024-07-28,qr_settlement,6766.0,in,LankaQR,6,28,0,-0.02,0
BNK03539,2024-07-28,card_settlement,8188.0,in,POS_card,6,28,0,1.46,0
BNK03540,2024-07-29,supplier_payment,45466.86,out,bank_transfer,0,29,0,2.24,0
BNK03541,2024-07-29,supplier_payment,22118.4,out,bank_transfer,0,29,0,0.5,0
BNK03542,2024-07-29,supplier_payment,22134.6,out,bank_transfer,0,29,0,0.5,0
BNK03543,2024-07-29,supplier_payment,14359.8,out,bank_transfer,0,29,0,-0.08,0
BNK03544,2024-07-29,supplier_payment,37364.94,out,bank_transfer,0,29,0,1.64,0
BNK03545,2024-07-29,supplier_payment,11998.8,out,bank_transfer,0,29,0,-0.26,0
BNK03546,2024-07-29,supplier_payment,6123.6,out,bank_transfer,0,29,0,-0.7,0
BNK03547,2024-07-29,supplier_payment,5908.35,out,bank_transfer,0,29,0,-0.72,0
BNK03548,2024-07-29,supplier_payment,5082.7,out,bank_transfer,0,29,0,-0.78,0
BNK03549,2024-07-29,supplier_payment,5552.12,out,bank_transfer,0,29,0,-0.74,0
BNK03550,2024-07-29,cash_deposit,19985.87,in,agency_banking_agent,0,29,0,-0.75,0
BNK03551,2024-07-29,qr_settlement,4633.0,in,LankaQR,0,29,0,-0.45,0
BNK03552,2024-07-29,card_settlement,5885.0,in,POS_card,0,29,0,0.68,0
BNK03553,2024-07-30,cash_deposit,25485.54,in,agency_banking_agent,1,30,0,-0.28,0
BNK03554,2024-07-30,qr_settlement,6090.0,in,LankaQR,1,30,0,-0.16,0
BNK03555,2024-07-30,card_settlement,1166.0,in,POS_card,1,30,0,-0.92,0
BNK03556,2024-07-31,cash_deposit,29224.4,in,agency_banking_agent,2,31,0,0.04,0
BNK03557,2024-07-31,qr_settlement,8539.0,in,LankaQR,2,31,0,0.34,0
BNK03558,2024-07-31,card_settlement,4054.0,in,POS_card,2,31,0,0.06,0
BNK03559,2024-08-01,supplier_payment,9310.6,out,bank_transfer,3,1,0,-0.46,0
BNK03560,2024-08-01,supplier_payment,4941.6,out,bank_transfer,3,1,0,-0.79,0
BNK03561,2024-08-01,supplier_payment,9948.96,out,bank_transfer,3,1,0,-0.41,0
BNK03562,2024-08-01,supplier_payment,9424.8,out,bank_transfer,3,1,0,-0.45,0
BNK03563,2024-08-01,cash_deposit,36845.63,in,agency_banking_agent,3,1,0,0.7,0
BNK03564,2024-08-01,qr_settlement,2014.0,in,LankaQR,3,1,0,-0.99,0
BNK03565,2024-08-01,card_settlement,2785.0,in,POS_card,3,1,0,-0.37,0
BNK03566,2024-08-02,cash_deposit,25358.45,in,agency_banking_agent,4,2,0,-0.29,0
BNK03567,2024-08-02,qr_settlement,10157.0,in,LankaQR,4,2,0,0.67,0
BNK03568,2024-08-02,card_settlement,1110.0,in,POS_card,4,2,0,-0.93,0
BNK03569,2024-08-03,cash_deposit,38478.76,in,agency_banking_agent,5,3,0,0.84,0
BNK03570,2024-08-03,qr_settlement,9543.0,in,LankaQR,5,3,0,0.54,0
BNK03571,2024-08-03,card_settlement,1890.0,in,POS_card,5,3,0,-0.67,0
BNK03572,2024-08-04,cash_deposit,22718.99,in,agency_banking_agent,6,4,0,-0.52,0
BNK03573,2024-08-04,qr_settlement,18298.0,in,LankaQR,6,4,0,2.32,1
BNK03574,2024-08-04,card_settlement,3002.0,in,POS_card,6,4,0,-0.29,0
BNK03575,2024-08-05,supplier_payment,61894.53,out,bank_transfer,0,5,0,3.47,1
BNK03576,2024-08-05,supplier_payment,20021.04,out,bank_transfer,0,5,0,0.34,0
BNK03577,2024-08-05,supplier_payment,33651.0,out,bank_transfer,0,5,0,1.36,0
BNK03578,2024-08-05,supplier_payment,5970.6,out,bank_transfer,0,5,0,-0.71,0
BNK03579,2024-08-05,supplier_payment,6198.18,out,bank_transfer,0,5,0,-0.7,0
BNK03580,2024-08-05,supplier_payment,5476.68,out,bank_transfer,0,5,0,-0.75,0
BNK03581,2024-08-05,cash_deposit,23656.08,in,agency_banking_agent,0,5,0,-0.44,0
BNK03582,2024-08-05,qr_settlement,10318.0,in,LankaQR,0,5,0,0.7,0
BNK03583,2024-08-05,card_settlement,604.0,in,POS_card,0,5,0,-1.11,0
BNK03584,2024-08-06,cash_deposit,18828.24,in,agency_banking_agent,1,6,0,-0.85,0
BNK03585,2024-08-06,qr_settlement,1514.0,in,LankaQR,1,6,0,-1.09,0
BNK03586,2024-08-06,card_settlement,4123.0,in,POS_card,1,6,0,0.08,0
BNK03587,2024-08-07,cash_deposit,33741.99,in,agency_banking_agent,2,7,0,0.43,0
BNK03588,2024-08-07,qr_settlement,3121.0,in,LankaQR,2,7,0,-0.76,0
BNK03589,2024-08-07,card_settlement,7451.0,in,POS_card,2,7,0,1.21,0
BNK03590,2024-08-08,supplier_payment,11813.34,out,bank_transfer,3,8,0,-0.28,0
BNK03591,2024-08-08,supplier_payment,4525.04,out,bank_transfer,3,8,0,-0.82,0
BNK03592,2024-08-08,cash_deposit,23731.17,in,agency_banking_agent,3,8,0,-0.43,0
BNK03593,2024-08-08,qr_settlement,12886.0,in,LankaQR,3,8,0,1.22,0
BNK03594,2024-08-08,card_settlement,5045.0,in,POS_card,3,8,0,0.4,0
BNK03595,2024-08-09,cash_deposit,23198.73,in,agency_banking_agent,4,9,1,-0.47,0
BNK03596,2024-08-09,qr_settlement,3766.0,in,LankaQR,4,9,1,-0.63,0
BNK03597,2024-08-09,card_settlement,3648.0,in,POS_card,4,9,0,-0.08,0
BNK03598,2024-08-10,cash_deposit,21697.64,in,agency_banking_agent,5,10,0,-0.6,0
BNK03599,2024-08-10,qr_settlement,5054.0,in,LankaQR,5,10,0,-0.37,0
BNK03600,2024-08-10,card_settlement,1769.0,in,POS_card,5,10,0,-0.71,0
BNK03601,2024-08-11,cash_deposit,29684.11,in,agency_banking_agent,6,11,0,0.08,0
BNK03602,2024-08-11,qr_settlement,6195.0,in,LankaQR,6,11,0,-0.14,0
BNK03603,2024-08-11,card_settlement,5166.0,in,POS_card,6,11,0,0.44,0
BNK03604,2024-08-12,supplier_payment,52477.75,out,bank_transfer,0,12,0,2.77,1
BNK03605,2024-08-12,supplier_payment,33876.0,out,bank_transfer,0,12,0,1.38,0
BNK03606,2024-08-12,supplier_payment,15532.0,out,bank_transfer,0,12,0,0.0,0
BNK03607,2024-08-12,supplier_payment,6013.8,out,bank_transfer,0,12,0,-0.71,0
BNK03608,2024-08-12,supplier_payment,18118.0,out,bank_transfer,0,12,0,0.2,0
BNK03609,2024-08-12,supplier_payment,5512.42,out,bank_transfer,0,12,0,-0.75,0
BNK03610,2024-08-12,supplier_payment,6044.5,out,bank_transfer,0,12,0,-0.71,0
BNK03611,2024-08-12,cash_deposit,22221.87,in,agency_banking_agent,0,12,0,-0.56,0
BNK03612,2024-08-12,qr_settlement,2827.0,in,LankaQR,0,12,0,-0.82,0
BNK03613,2024-08-12,card_settlement,4766.0,in,POS_card,0,12,0,0.3,0
BNK03614,2024-08-13,cash_deposit,22169.15,in,agency_banking_agent,1,13,0,-0.56,0
BNK03615,2024-08-13,qr_settlement,5378.0,in,LankaQR,1,13,0,-0.3,0
BNK03616,2024-08-13,card_settlement,3345.0,in,POS_card,1,13,0,-0.18,0
BNK03617,2024-08-14,cash_deposit,17276.52,in,agency_banking_agent,2,14,0,-0.98,0
BNK03618,2024-08-14,qr_settlement,5389.0,in,LankaQR,2,14,0,-0.3,0
BNK03619,2024-08-14,card_settlement,2827.0,in,POS_card,2,14,0,-0.35,0
BNK03620,2024-08-15,supplier_payment,10516.8,out,bank_transfer,3,15,0,-0.37,0
BNK03621,2024-08-15,supplier_payment,4327.4,out,bank_transfer,3,15,0,-0.83,0
BNK03622,2024-08-15,supplier_payment,3906.56,out,bank_transfer,3,15,0,-0.87,0
BNK03623,2024-08-15,supplier_payment,5779.48,out,bank_transfer,3,15,0,-0.73,0
BNK03624,2024-08-15,cash_deposit,31740.8,in,agency_banking_agent,3,15,0,0.26,0
BNK03625,2024-08-15,qr_settlement,2497.0,in,LankaQR,3,15,0,-0.89,0
BNK03626,2024-08-15,card_settlement,468.0,in,POS_card,3,15,0,-1.15,0
BNK03627,2024-08-16,cash_deposit,31845.66,in,agency_banking_agent,4,16,0,0.27,0
BNK03628,2024-08-16,qr_settlement,1568.0,in,LankaQR,4,16,0,-1.08,0
BNK03629,2024-08-16,card_settlement,4719.0,in,POS_card,4,16,0,0.29,0
BNK03630,2024-08-17,cash_deposit,23572.57,in,agency_banking_agent,5,17,0,-0.44,0
BNK03631,2024-08-17,qr_settlement,11874.0,in,LankaQR,5,17,0,1.01,0
BNK03632,2024-08-17,card_settlement,6717.0,in,POS_card,5,17,0,0.96,0
BNK03633,2024-08-18,cash_deposit,22580.65,in,agency_banking_agent,6,18,0,-0.53,0
BNK03634,2024-08-18,qr_settlement,6019.0,in,LankaQR,6,18,0,-0.17,0
BNK03635,2024-08-18,card_settlement,4921.0,in,POS_card,6,18,0,0.35,0
BNK03636,2024-08-19,supplier_payment,49251.0,out,bank_transfer,0,19,0,2.53,1
BNK03637,2024-08-19,supplier_payment,22368.6,out,bank_transfer,0,19,0,0.51,0
BNK03638,2024-08-19,supplier_payment,29947.63,out,bank_transfer,0,19,0,1.08,0
BNK03639,2024-08-19,supplier_payment,18071.11,out,bank_transfer,0,19,0,0.19,0
BNK03640,2024-08-19,supplier_payment,6181.2,out,bank_transfer,0,19,0,-0.7,0
BNK03641,2024-08-19,supplier_payment,13936.5,out,bank_transfer,0,19,0,-0.12,0
BNK03642,2024-08-19,supplier_payment,6832.0,out,bank_transfer,0,19,0,-0.65,0
BNK03643,2024-08-19,supplier_payment,10543.12,out,bank_transfer,0,19,0,-0.37,0
BNK03644,2024-08-19,supplier_payment,9222.15,out,bank_transfer,0,19,0,-0.47,0
BNK03645,2024-08-19,supplier_payment,3547.75,out,bank_transfer,0,19,0,-0.89,1
BNK03646,2024-08-19,supplier_payment,5368.55,out,bank_transfer,0,19,0,-0.76,0
BNK03647,2024-08-19,cash_deposit,25881.22,in,agency_banking_agent,0,19,0,-0.24,0
BNK03648,2024-08-19,qr_settlement,3338.0,in,LankaQR,0,19,0,-0.72,0
BNK03649,2024-08-19,card_settlement,6048.0,in,POS_card,0,19,0,0.74,0
BNK03650,2024-08-20,cash_deposit,33486.13,in,agency_banking_agent,1,20,0,0.41,0
BNK03651,2024-08-20,qr_settlement,2986.0,in,LankaQR,1,20,0,-0.79,0
BNK03652,2024-08-20,card_settlement,2667.0,in,POS_card,1,20,0,-0.41,0
BNK03653,2024-08-21,cash_deposit,22071.08,in,agency_banking_agent,2,21,0,-0.57,0
BNK03654,2024-08-21,qr_settlement,7766.0,in,LankaQR,2,21,0,0.18,0
BNK03655,2024-08-21,card_settlement,3659.0,in,POS_card,2,21,0,-0.07,0
BNK03656,2024-08-22,supplier_payment,5351.94,out,bank_transfer,3,22,0,-0.76,0
BNK03657,2024-08-22,supplier_payment,5001.6,out,bank_transfer,3,22,0,-0.78,0
BNK03658,2024-08-22,supplier_payment,5598.18,out,bank_transfer,3,22,0,-0.74,0
BNK03659,2024-08-22,cash_deposit,29905.48,in,agency_banking_agent,3,22,0,0.1,0
BNK03660,2024-08-22,qr_settlement,240.0,in,LankaQR,3,22,0,-1.34,0
BNK03661,2024-08-22,card_settlement,1908.0,in,POS_card,3,22,0,-0.66,0
BNK03662,2024-08-23,cash_deposit,21848.83,in,agency_banking_agent,4,23,0,-0.59,0
BNK03663,2024-08-23,qr_settlement,11695.0,in,LankaQR,4,23,0,0.98,0
BNK03664,2024-08-23,card_settlement,1547.0,in,POS_card,4,23,0,-0.79,0
BNK03665,2024-08-24,cash_deposit,38640.14,in,agency_banking_agent,5,24,0,0.85,0
BNK03666,2024-08-24,qr_settlement,11064.0,in,LankaQR,5,24,0,0.85,0
BNK03667,2024-08-24,card_settlement,3421.0,in,POS_card,5,24,0,-0.15,0
BNK03668,2024-08-25,cash_deposit,27669.5,in,agency_banking_agent,6,25,0,-0.09,0
BNK03669,2024-08-25,qr_settlement,8737.0,in,LankaQR,6,25,0,0.38,0
BNK03670,2024-08-25,card_settlement,4263.0,in,POS_card,6,25,0,0.13,0
BNK03671,2024-08-26,supplier_payment,61082.4,out,bank_transfer,0,26,0,3.41,1
BNK03672,2024-08-26,supplier_payment,16502.4,out,bank_transfer,0,26,0,0.08,0
BNK03673,2024-08-26,supplier_payment,10774.58,out,bank_transfer,0,26,0,-0.35,0
BNK03674,2024-08-26,supplier_payment,39417.75,out,bank_transfer,0,26,0,1.79,0
BNK03675,2024-08-26,supplier_payment,12106.8,out,bank_transfer,0,26,0,-0.25,0
BNK03676,2024-08-26,supplier_payment,5949.0,out,bank_transfer,0,26,0,-0.71,0
BNK03677,2024-08-26,supplier_payment,5825.22,out,bank_transfer,0,26,0,-0.72,0
BNK03678,2024-08-26,supplier_payment,4703.01,out,bank_transfer,0,26,0,-0.81,0
BNK03679,2024-08-26,supplier_payment,9580.9,out,bank_transfer,0,26,0,-0.44,0
BNK03680,2024-08-26,supplier_payment,3853.08,out,bank_transfer,0,26,0,-0.87,0
BNK03681,2024-08-26,cash_deposit,29841.66,in,agency_banking_agent,0,26,0,0.1,0
BNK03682,2024-08-26,qr_settlement,4740.0,in,LankaQR,0,26,0,-0.43,0
BNK03683,2024-08-26,card_settlement,1671.0,in,POS_card,0,26,0,-0.74,0
BNK03684,2024-08-27,cash_deposit,38727.24,in,agency_banking_agent,1,27,0,0.86,0
BNK03685,2024-08-27,qr_settlement,5626.0,in,LankaQR,1,27,0,-0.25,0
BNK03686,2024-08-27,card_settlement,1074.0,in,POS_card,1,27,0,-0.95,0
BNK03687,2024-08-28,cash_deposit,17944.33,in,agency_banking_agent,2,28,0,-0.93,0
BNK03688,2024-08-28,qr_settlement,7571.0,in,LankaQR,2,28,0,0.14,0
BNK03689,2024-08-28,card_settlement,7474.0,in,POS_card,2,28,0,1.22,0
BNK03690,2024-08-29,supplier_payment,19119.87,out,bank_transfer,3,29,0,0.27,0
BNK03691,2024-08-29,supplier_payment,33063.56,out,bank_transfer,3,29,0,1.31,0
BNK03692,2024-08-29,supplier_payment,4802.4,out,bank_transfer,3,29,0,-0.8,0
BNK03693,2024-08-29,supplier_payment,2909.55,out,bank_transfer,3,29,0,-0.94,0
BNK03694,2024-08-29,cash_deposit,18300.73,in,agency_banking_agent,3,29,0,-0.9,0
BNK03695,2024-08-29,qr_settlement,11442.0,in,LankaQR,3,29,0,0.93,0
BNK03696,2024-08-29,card_settlement,559.0,in,POS_card,3,29,0,-1.12,0
BNK03697,2024-08-30,cash_deposit,34359.13,in,agency_banking_agent,4,30,0,0.48,0
BNK03698,2024-08-30,qr_settlement,10288.0,in,LankaQR,4,30,0,0.69,1
BNK03699,2024-08-30,card_settlement,5628.0,in,POS_card,4,30,0,0.59,0
BNK03700,2024-08-31,cash_deposit,24684.51,in,agency_banking_agent,5,31,0,-0.35,0
BNK03701,2024-08-31,qr_settlement,13471.0,in,LankaQR,5,31,0,1.34,0
BNK03702,2024-08-31,card_settlement,2904.0,in,POS_card,5,31,0,-0.33,0
BNK03703,2024-09-01,cash_deposit,30747.09,in,agency_banking_agent,6,1,0,0.17,0
BNK03704,2024-09-01,qr_settlement,8008.0,in,LankaQR,6,1,0,0.23,0
BNK03705,2024-09-02,supplier_payment,53352.52,out,bank_transfer,0,2,0,2.83,1
BNK03706,2024-09-02,supplier_payment,30482.0,out,bank_transfer,0,2,0,1.12,0
BNK03707,2024-09-02,supplier_payment,23352.42,out,bank_transfer,0,2,0,0.59,0
BNK03708,2024-09-02,supplier_payment,11800.8,out,bank_transfer,0,2,0,-0.28,0
BNK03709,2024-09-02,supplier_payment,5941.8,out,bank_transfer,0,2,0,-0.71,0
BNK03710,2024-09-02,supplier_payment,14389.5,out,bank_transfer,0,2,0,-0.08,0
BNK03711,2024-09-02,supplier_payment,6539.2,out,bank_transfer,0,2,0,-0.67,0
BNK03712,2024-09-02,supplier_payment,9567.95,out,bank_transfer,0,2,0,-0.44,0
BNK03713,2024-09-02,supplier_payment,5705.8,out,bank_transfer,0,2,0,-0.73,0
BNK03714,2024-09-02,cash_deposit,20222.86,in,agency_banking_agent,0,2,0,-0.73,0
BNK03715,2024-09-02,qr_settlement,5688.0,in,LankaQR,0,2,0,-0.24,0
BNK03716,2024-09-02,card_settlement,856.0,in,POS_card,0,2,0,-1.02,0
BNK03717,2024-09-03,cash_deposit,25726.66,in,agency_banking_agent,1,3,0,-0.26,0
BNK03718,2024-09-03,qr_settlement,3017.0,in,LankaQR,1,3,0,-0.78,0
BNK03719,2024-09-03,card_settlement,1343.0,in,POS_card,1,3,0,-0.86,0
BNK03720,2024-09-04,cash_deposit,27322.52,in,agency_banking_agent,2,4,0,-0.12,0
BNK03721,2024-09-04,qr_settlement,5457.0,in,LankaQR,2,4,0,-0.29,0
BNK03722,2024-09-04,card_settlement,1602.0,in,POS_card,2,4,0,-0.77,0
BNK03723,2024-09-05,supplier_payment,15110.54,out,bank_transfer,3,5,0,-0.03,0
BNK03724,2024-09-05,supplier_payment,9940.23,out,bank_transfer,3,5,0,-0.42,0
BNK03725,2024-09-05,supplier_payment,19058.0,out,bank_transfer,3,5,0,0.27,0
BNK03726,2024-09-05,supplier_payment,4334.4,out,bank_transfer,3,5,0,-0.83,0
BNK03727,2024-09-05,cash_deposit,18364.73,in,agency_banking_agent,3,5,0,-0.89,0
BNK03728,2024-09-05,qr_settlement,14348.0,in,LankaQR,3,5,0,1.52,0
BNK03729,2024-09-05,card_settlement,6186.0,in,POS_card,3,5,0,0.78,0
BNK03730,2024-09-06,cash_deposit,28457.91,in,agency_banking_agent,4,6,0,-0.02,0
BNK03731,2024-09-06,qr_settlement,10263.0,in,LankaQR,4,6,0,0.69,0
BNK03732,2024-09-06,card_settlement,744.0,in,POS_card,4,6,0,-1.06,0
BNK03733,2024-09-07,cash_deposit,35626.9,in,agency_banking_agent,5,7,0,0.59,0
BNK03734,2024-09-07,qr_settlement,4596.0,in,LankaQR,5,7,0,-0.46,0
BNK03735,2024-09-07,card_settlement,7834.0,in,POS_card,5,7,0,1.34,0
BNK03736,2024-09-08,cash_deposit,31114.29,in,agency_banking_agent,6,8,0,0.21,0
BNK03737,2024-09-08,qr_settlement,8382.0,in,LankaQR,6,8,0,0.31,0
BNK03738,2024-09-08,card_settlement,9415.0,in,POS_card,6,8,0,1.88,0
BNK03739,2024-09-09,supplier_payment,21638.7,out,bank_transfer,0,9,0,0.46,0
BNK03740,2024-09-09,supplier_payment,32567.85,out,bank_transfer,0,9,0,1.28,0
BNK03741,2024-09-09,supplier_payment,6075.0,out,bank_transfer,0,9,0,-0.7,0
BNK03742,2024-09-09,supplier_payment,17660.25,out,bank_transfer,0,9,0,0.16,0
BNK03743,2024-09-09,supplier_payment,13501.46,out,bank_transfer,0,9,0,-0.15,0
BNK03744,2024-09-09,supplier_payment,10634.96,out,bank_transfer,0,9,0,-0.36,0
BNK03745,2024-09-09,supplier_payment,3940.44,out,bank_transfer,0,9,0,-0.86,0
BNK03746,2024-09-09,supplier_payment,2896.95,out,bank_transfer,0,9,0,-0.94,0
BNK03747,2024-09-09,cash_deposit,29225.21,in,agency_banking_agent,0,9,0,0.04,0
BNK03748,2024-09-09,qr_settlement,4880.0,in,LankaQR,0,9,0,-0.4,0
BNK03749,2024-09-09,card_settlement,4416.0,in,POS_card,0,9,0,0.18,0
BNK03750,2024-09-10,cash_deposit,12674.11,in,agency_banking_agent,1,10,0,-1.38,0
BNK03751,2024-09-10,qr_settlement,3611.0,in,LankaQR,1,10,0,-0.66,0
BNK03752,2024-09-10,card_settlement,2227.0,in,POS_card,1,10,0,-0.56,0
BNK03753,2024-09-11,cash_deposit,19223.5,in,agency_banking_agent,2,11,0,-0.82,0
BNK03754,2024-09-11,qr_settlement,3610.0,in,LankaQR,2,11,0,-0.66,0
BNK03755,2024-09-11,card_settlement,377.0,in,POS_card,2,11,0,-1.18,0
BNK03756,2024-09-12,supplier_payment,9566.64,out,bank_transfer,3,12,0,-0.44,0
BNK03757,2024-09-12,supplier_payment,4928.4,out,bank_transfer,3,12,0,-0.79,0
BNK03758,2024-09-12,supplier_payment,5080.68,out,bank_transfer,3,12,0,-0.78,0
BNK03759,2024-09-12,supplier_payment,5898.5,out,bank_transfer,3,12,0,-0.72,0
BNK03760,2024-09-12,cash_deposit,26694.1,in,agency_banking_agent,3,12,0,-0.17,0
BNK03761,2024-09-12,qr_settlement,4845.0,in,LankaQR,3,12,0,-0.41,0
BNK03762,2024-09-12,card_settlement,10814.0,in,POS_card,3,12,0,2.35,1
BNK03763,2024-09-13,cash_deposit,33554.91,in,agency_banking_agent,4,13,0,0.42,0
BNK03764,2024-09-13,qr_settlement,8950.0,in,LankaQR,4,13,0,0.42,0
BNK03765,2024-09-13,card_settlement,6378.0,in,POS_card,4,13,0,0.85,0
BNK03766,2024-09-14,cash_deposit,25640.23,in,agency_banking_agent,5,14,0,-0.26,0
BNK03767,2024-09-14,qr_settlement,6247.0,in,LankaQR,5,14,0,-0.13,0
BNK03768,2024-09-14,card_settlement,5664.0,in,POS_card,5,14,0,0.61,0
BNK03769,2024-09-15,cash_deposit,34252.59,in,agency_banking_agent,6,15,0,0.48,0
BNK03770,2024-09-15,qr_settlement,7334.0,in,LankaQR,6,15,0,0.09,0
BNK03771,2024-09-15,card_settlement,4673.0,in,POS_card,6,15,0,0.27,0
BNK03772,2024-09-16,supplier_payment,58695.39,out,bank_transfer,0,16,0,3.23,1
BNK03773,2024-09-16,supplier_payment,23398.97,out,bank_transfer,0,16,0,0.59,0
BNK03774,2024-09-16,supplier_payment,34095.6,out,bank_transfer,0,16,0,1.39,0
BNK03775,2024-09-16,supplier_payment,30273.32,out,bank_transfer,0,16,0,1.11,0
BNK03776,2024-09-16,supplier_payment,16389.02,out,bank_transfer,0,16,0,0.07,0
BNK03777,2024-09-16,supplier_payment,19462.92,out,bank_transfer,0,16,0,0.3,0
BNK03778,2024-09-16,supplier_payment,35154.21,out,bank_transfer,0,16,0,1.47,0
BNK03779,2024-09-16,supplier_payment,11541.6,out,bank_transfer,0,16,0,-0.3,0
BNK03780,2024-09-16,supplier_payment,6240.6,out,bank_transfer,0,16,0,-0.69,0
BNK03781,2024-09-16,supplier_payment,15768.9,out,bank_transfer,0,16,0,0.02,0
BNK03782,2024-09-16,supplier_payment,10189.76,out,bank_transfer,0,16,0,-0.4,0
BNK03783,2024-09-16,supplier_payment,3982.72,out,bank_transfer,0,16,0,-0.86,0
BNK03784,2024-09-16,cash_deposit,21179.77,in,agency_banking_agent,0,16,0,-0.65,0
BNK03785,2024-09-16,qr_settlement,11463.0,in,LankaQR,0,16,0,0.93,0
BNK03786,2024-09-16,card_settlement,4229.0,in,POS_card,0,16,0,0.12,0
BNK03787,2024-09-17,cash_deposit,19972.92,in,agency_banking_agent,1,17,0,-0.75,0
BNK03788,2024-09-17,qr_settlement,7271.0,in,LankaQR,1,17,0,0.08,0
BNK03789,2024-09-17,card_settlement,7741.0,in,POS_card,1,17,0,1.31,0
BNK03790,2024-09-18,cash_deposit,20346.81,in,agency_banking_agent,2,18,0,-0.72,0
BNK03791,2024-09-18,qr_settlement,9796.0,in,LankaQR,2,18,0,0.59,0
BNK03792,2024-09-18,card_settlement,3827.0,in,POS_card,2,18,0,-0.02,0
BNK03793,2024-09-19,supplier_payment,30963.61,out,bank_transfer,3,19,0,1.16,0
BNK03794,2024-09-19,supplier_payment,6858.4,out,bank_transfer,3,19,0,-0.65,0
BNK03795,2024-09-19,supplier_payment,4886.4,out,bank_transfer,3,19,0,-0.79,0
BNK03796,2024-09-19,supplier_payment,4504.2,out,bank_transfer,3,19,0,-0.82,0
BNK03797,2024-09-19,cash_deposit,41293.55,in,agency_banking_agent,3,19,0,1.08,0
BNK03798,2024-09-19,qr_settlement,2999.0,in,LankaQR,3,19,0,-0.79,0
BNK03799,2024-09-19,card_settlement,3052.0,in,POS_card,3,19,0,-0.28,0
BNK03800,2024-09-20,cash_deposit,20955.49,in,agency_banking_agent,4,20,0,-0.67,0
BNK03801,2024-09-20,qr_settlement,17624.0,in,LankaQR,4,20,0,2.18,1
BNK03802,2024-09-20,card_settlement,7111.0,in,POS_card,4,20,0,1.1,0
BNK03803,2024-09-21,cash_deposit,34114.48,in,agency_banking_agent,5,21,0,0.46,0
BNK03804,2024-09-21,qr_settlement,8183.0,in,LankaQR,5,21,0,0.27,0
BNK03805,2024-09-21,card_settlement,3936.0,in,POS_card,5,21,0,0.02,0
BNK03806,2024-09-22,cash_deposit,36840.33,in,agency_banking_agent,6,22,0,0.7,0
BNK03807,2024-09-22,qr_settlement,4216.0,in,LankaQR,6,22,0,-0.54,0
BNK03808,2024-09-22,card_settlement,1379.0,in,POS_card,6,22,0,-0.84,0
BNK03809,2024-09-23,supplier_payment,11566.8,out,bank_transfer,0,23,0,-0.29,0
BNK03810,2024-09-23,supplier_payment,6091.2,out,bank_transfer,0,23,0,-0.7,0
BNK03811,2024-09-23,supplier_payment,9760.14,out,bank_transfer,0,23,0,-0.43,0
BNK03812,2024-09-23,supplier_payment,9415.35,out,bank_transfer,0,23,0,-0.45,0
BNK03813,2024-09-23,supplier_payment,3850.28,out,bank_transfer,0,23,0,-0.87,0
BNK03814,2024-09-23,cash_deposit,29820.41,in,agency_banking_agent,0,23,0,0.09,0
BNK03815,2024-09-23,qr_settlement,7842.0,in,LankaQR,0,23,0,0.2,0
BNK03816,2024-09-23,card_settlement,970.0,in,POS_card,0,23,0,-0.98,0
BNK03817,2024-09-24,cash_deposit,30211.32,in,agency_banking_agent,1,24,0,0.13,0
BNK03818,2024-09-24,qr_settlement,6962.0,in,LankaQR,1,24,0,0.02,0
BNK03819,2024-09-24,card_settlement,7974.0,in,POS_card,1,24,0,1.39,0
BNK03820,2024-09-25,cash_deposit,22951.43,in,agency_banking_agent,2,25,0,-0.5,0
BNK03821,2024-09-25,qr_settlement,3363.0,in,LankaQR,2,25,0,-0.71,0
BNK03822,2024-09-25,card_settlement,6219.0,in,POS_card,2,25,0,0.79,0
BNK03823,2024-09-26,supplier_payment,29130.47,out,bank_transfer,3,26,0,1.02,0
BNK03824,2024-09-26,supplier_payment,16456.5,out,bank_transfer,3,26,0,0.07,0
BNK03825,2024-09-26,supplier_payment,18278.64,out,bank_transfer,3,26,0,0.21,0
BNK03826,2024-09-26,supplier_payment,18771.41,out,bank_transfer,3,26,0,0.25,0
BNK03827,2024-09-26,cash_deposit,26962.78,in,agency_banking_agent,3,26,0,-0.15,0
BNK03828,2024-09-26,card_settlement,1444.0,in,POS_card,3,26,0,-0.82,0
BNK03829,2024-09-27,cash_deposit,29478.11,in,agency_banking_agent,4,27,0,0.07,0
BNK03830,2024-09-27,qr_settlement,9164.0,in,LankaQR,4,27,0,0.46,0
BNK03831,2024-09-27,card_settlement,623.0,in,POS_card,4,27,0,-1.1,0
BNK03832,2024-09-28,cash_deposit,26204.02,in,agency_banking_agent,5,28,0,-0.22,0
BNK03833,2024-09-28,qr_settlement,1961.0,in,LankaQR,5,28,0,-1.0,0
BNK03834,2024-09-28,card_settlement,831.0,in,POS_card,5,28,0,-1.03,0
BNK03835,2024-09-29,cash_deposit,25245.78,in,agency_banking_agent,6,29,0,-0.3,0
BNK03836,2024-09-29,qr_settlement,17116.0,in,LankaQR,6,29,0,2.08,0
BNK03837,2024-09-29,card_settlement,11160.0,in,POS_card,6,29,0,2.47,1
BNK03838,2024-09-30,supplier_payment,19300.14,out,bank_transfer,0,30,0,0.29,0
BNK03839,2024-09-30,supplier_payment,21891.6,out,bank_transfer,0,30,0,0.48,0
BNK03840,2024-09-30,supplier_payment,28752.32,out,bank_transfer,0,30,0,0.99,0
BNK03841,2024-09-30,supplier_payment,9216.5,out,bank_transfer,0,30,0,-0.47,0
BNK03842,2024-09-30,supplier_payment,6080.4,out,bank_transfer,0,30,0,-0.7,0
BNK03843,2024-09-30,supplier_payment,5331.55,out,bank_transfer,0,30,0,-0.76,0
BNK03844,2024-09-30,supplier_payment,3871.28,out,bank_transfer,0,30,0,-0.87,0
BNK03845,2024-09-30,supplier_payment,2880.15,out,bank_transfer,0,30,0,-0.94,0
BNK03846,2024-09-30,cash_deposit,33426.0,in,agency_banking_agent,0,30,0,0.4,0
BNK03847,2024-09-30,qr_settlement,7255.0,in,LankaQR,0,30,0,0.08,0
BNK03848,2024-09-30,card_settlement,1987.0,in,POS_card,0,30,0,-0.64,0
BNK03849,2024-10-01,cash_deposit,23754.57,in,agency_banking_agent,1,1,0,-0.43,0
BNK03850,2024-10-01,qr_settlement,9036.0,in,LankaQR,1,1,0,0.44,0
BNK03851,2024-10-01,card_settlement,1054.0,in,POS_card,1,1,0,-0.95,0
BNK03852,2024-10-02,cash_deposit,28595.44,in,agency_banking_agent,2,2,0,-0.01,0
BNK03853,2024-10-02,qr_settlement,5517.0,in,LankaQR,2,2,0,-0.27,0
BNK03854,2024-10-02,card_settlement,2228.0,in,POS_card,2,2,0,-0.56,0
BNK03855,2024-10-03,supplier_payment,34416.0,out,bank_transfer,3,3,0,1.42,0
BNK03856,2024-10-03,supplier_payment,41682.6,out,bank_transfer,3,3,0,1.96,0
BNK03857,2024-10-03,supplier_payment,4736.7,out,bank_transfer,3,3,0,-0.8,0
BNK03858,2024-10-03,cash_deposit,23164.5,in,agency_banking_agent,3,3,0,-0.48,0
BNK03859,2024-10-03,qr_settlement,4234.0,in,LankaQR,3,3,0,-0.53,0
BNK03860,2024-10-03,card_settlement,2019.0,in,POS_card,3,3,0,-0.63,0
BNK03861,2024-10-04,cash_deposit,21077.74,in,agency_banking_agent,4,4,0,-0.66,0
BNK03862,2024-10-04,qr_settlement,3570.0,in,LankaQR,4,4,0,-0.67,0
BNK03863,2024-10-04,card_settlement,1654.0,in,POS_card,4,4,0,-0.75,0
BNK03864,2024-10-05,cash_deposit,37136.08,in,agency_banking_agent,5,5,0,0.72,0
BNK03865,2024-10-05,qr_settlement,17123.0,in,LankaQR,5,5,0,2.08,0
BNK03866,2024-10-05,card_settlement,2774.0,in,POS_card,5,5,0,-0.37,0
BNK03867,2024-10-06,cash_deposit,29702.19,in,agency_banking_agent,6,6,0,0.08,0
BNK03868,2024-10-06,qr_settlement,4994.0,in,LankaQR,6,6,0,-0.38,0
BNK03869,2024-10-06,card_settlement,1228.0,in,POS_card,6,6,0,-0.89,0
BNK03870,2024-10-07,supplier_payment,14749.95,out,bank_transfer,0,7,0,-0.06,0
BNK03871,2024-10-07,supplier_payment,17839.6,out,bank_transfer,0,7,0,0.18,0
BNK03872,2024-10-07,supplier_payment,11649.6,out,bank_transfer,0,7,0,-0.29,0
BNK03873,2024-10-07,supplier_payment,13926.0,out,bank_transfer,0,7,0,-0.12,0
BNK03874,2024-10-07,supplier_payment,8739.84,out,bank_transfer,0,7,0,-0.5,0
BNK03875,2024-10-07,supplier_payment,9619.75,out,bank_transfer,0,7,0,-0.44,0
BNK03876,2024-10-07,supplier_payment,4018.84,out,bank_transfer,0,7,0,-0.86,0
BNK03877,2024-10-07,supplier_payment,6291.5,out,bank_transfer,0,7,0,-0.69,0
BNK03878,2024-10-07,cash_deposit,17948.95,in,agency_banking_agent,0,7,0,-0.93,0
BNK03879,2024-10-07,card_settlement,5483.0,in,POS_card,0,7,0,0.54,0
BNK03880,2024-10-08,cash_deposit,25421.78,in,agency_banking_agent,1,8,0,-0.28,0
BNK03881,2024-10-08,qr_settlement,1801.0,in,LankaQR,1,8,0,-1.03,0
BNK03882,2024-10-08,card_settlement,8608.0,in,POS_card,1,8,0,1.6,0
BNK03883,2024-10-09,cash_deposit,27858.52,in,agency_banking_agent,2,9,0,-0.07,0
BNK03884,2024-10-09,qr_settlement,8794.0,in,LankaQR,2,9,0,0.39,0
BNK03885,2024-10-09,card_settlement,1218.0,in,POS_card,2,9,0,-0.9,0
BNK03886,2024-10-10,supplier_payment,19426.62,out,bank_transfer,3,10,0,0.29,0
BNK03887,2024-10-10,supplier_payment,33496.2,out,bank_transfer,3,10,0,1.35,0
BNK03888,2024-10-10,supplier_payment,21093.43,out,bank_transfer,3,10,0,0.42,0
BNK03889,2024-10-10,supplier_payment,18980.5,out,bank_transfer,3,10,0,0.26,0
BNK03890,2024-10-10,supplier_payment,6668.22,out,bank_transfer,3,10,0,-0.66,0
BNK03891,2024-10-10,supplier_payment,4106.18,out,bank_transfer,3,10,0,-0.85,0
BNK03892,2024-10-10,cash_deposit,35480.96,in,agency_banking_agent,3,10,0,0.58,0
BNK03893,2024-10-10,qr_settlement,16862.0,in,LankaQR,3,10,0,2.03,0
BNK03894,2024-10-10,card_settlement,1562.0,in,POS_card,3,10,0,-0.78,0
BNK03895,2024-10-11,cash_deposit,28226.46,in,agency_banking_agent,4,11,0,-0.04,0
BNK03896,2024-10-11,qr_settlement,7910.0,in,LankaQR,4,11,0,0.21,0
BNK03897,2024-10-11,card_settlement,5256.0,in,POS_card,4,11,0,0.47,0
BNK03898,2024-10-12,cash_deposit,34608.76,in,agency_banking_agent,5,12,0,0.51,0
BNK03899,2024-10-12,qr_settlement,2180.0,in,LankaQR,5,12,0,-0.95,0
BNK03900,2024-10-12,card_settlement,4158.0,in,POS_card,5,12,0,0.1,0
BNK03901,2024-10-13,cash_deposit,24994.45,in,agency_banking_agent,6,13,0,-0.32,0
BNK03902,2024-10-13,qr_settlement,10982.0,in,LankaQR,6,13,0,0.83,0
BNK03903,2024-10-13,card_settlement,2489.0,in,POS_card,6,13,0,-0.47,0
BNK03904,2024-10-14,supplier_payment,11793.6,out,bank_transfer,0,14,0,-0.28,0
BNK03905,2024-10-14,supplier_payment,12372.36,out,bank_transfer,0,14,0,-0.23,0
BNK03906,2024-10-14,supplier_payment,10682.0,out,bank_transfer,0,14,0,-0.36,0
BNK03907,2024-10-14,supplier_payment,8847.68,out,bank_transfer,0,14,0,-0.5,0
BNK03908,2024-10-14,supplier_payment,6135.5,out,bank_transfer,0,14,0,-0.7,0
BNK03909,2024-10-14,cash_deposit,35439.33,in,agency_banking_agent,0,14,0,0.58,0
BNK03910,2024-10-14,qr_settlement,1753.0,in,LankaQR,0,14,0,-1.04,0
BNK03911,2024-10-14,card_settlement,4353.0,in,POS_card,0,14,0,0.16,0
BNK03912,2024-10-15,cash_deposit,24775.38,in,agency_banking_agent,1,15,0,-0.34,0
BNK03913,2024-10-15,qr_settlement,9487.0,in,LankaQR,1,15,0,0.53,0
BNK03914,2024-10-15,card_settlement,2063.0,in,POS_card,1,15,0,-0.61,0
BNK03915,2024-10-16,cash_deposit,25077.64,in,agency_banking_agent,2,16,0,-0.31,0
BNK03916,2024-10-16,qr_settlement,1352.0,in,LankaQR,2,16,0,-1.12,0
BNK03917,2024-10-16,card_settlement,1640.0,in,POS_card,2,16,0,-0.76,0
BNK03918,2024-10-17,supplier_payment,28860.0,out,bank_transfer,3,17,0,1.0,0
BNK03919,2024-10-17,supplier_payment,16130.16,out,bank_transfer,3,17,0,0.05,0
BNK03920,2024-10-17,supplier_payment,5226.9,out,bank_transfer,3,17,0,-0.77,0
BNK03921,2024-10-17,supplier_payment,2493.6,out,bank_transfer,3,17,0,-0.97,0
BNK03922,2024-10-17,cash_deposit,27250.09,in,agency_banking_agent,3,17,0,-0.13,0
BNK03923,2024-10-17,qr_settlement,14285.0,in,LankaQR,3,17,0,1.5,0
BNK03924,2024-10-17,card_settlement,4795.0,in,POS_card,3,17,0,0.31,0
BNK03925,2024-10-18,cash_deposit,29453.5,in,agency_banking_agent,4,18,0,0.06,0
BNK03926,2024-10-18,qr_settlement,13724.0,in,LankaQR,4,18,0,1.39,0
BNK03927,2024-10-18,card_settlement,5920.0,in,POS_card,4,18,0,0.69,0
BNK03928,2024-10-19,cash_deposit,26321.72,in,agency_banking_agent,5,19,0,-0.21,0
BNK03929,2024-10-19,qr_settlement,4754.0,in,LankaQR,5,19,0,-0.43,0
BNK03930,2024-10-19,card_settlement,13979.0,in,POS_card,5,19,0,3.42,1
BNK03931,2024-10-20,cash_deposit,20560.28,in,agency_banking_agent,6,20,0,-0.7,0
BNK03932,2024-10-20,qr_settlement,4835.0,in,LankaQR,6,20,0,-0.41,0
BNK03933,2024-10-20,card_settlement,3326.0,in,POS_card,6,20,0,-0.19,0
BNK03934,2024-10-21,supplier_payment,49516.95,out,bank_transfer,0,21,0,2.55,1
BNK03935,2024-10-21,supplier_payment,30787.68,out,bank_transfer,0,21,0,1.14,0
BNK03936,2024-10-21,supplier_payment,20770.8,out,bank_transfer,0,21,0,0.4,0
BNK03937,2024-10-21,supplier_payment,11714.4,out,bank_transfer,0,21,0,-0.28,0
BNK03938,2024-10-21,supplier_payment,4809.2,out,bank_transfer,0,21,0,-0.8,0
BNK03939,2024-10-21,supplier_payment,9150.5,out,bank_transfer,0,21,0,-0.47,0
BNK03940,2024-10-21,supplier_payment,9663.15,out,bank_transfer,0,21,0,-0.44,0
BNK03941,2024-10-21,supplier_payment,6297.5,out,bank_transfer,0,21,0,-0.69,0
BNK03942,2024-10-21,cash_deposit,33830.21,in,agency_banking_agent,0,21,0,0.44,0
BNK03943,2024-10-21,qr_settlement,3590.0,in,LankaQR,0,21,0,-0.67,0
BNK03944,2024-10-21,card_settlement,2399.0,in,POS_card,0,21,0,-0.5,0
BNK03945,2024-10-22,cash_deposit,20520.77,in,agency_banking_agent,1,22,0,-0.71,0
BNK03946,2024-10-22,qr_settlement,10856.0,in,LankaQR,1,22,0,0.81,0
BNK03947,2024-10-22,card_settlement,2963.0,in,POS_card,1,22,0,-0.31,0
BNK03948,2024-10-23,cash_deposit,18895.3,in,agency_banking_agent,2,23,0,-0.84,0
BNK03949,2024-10-23,qr_settlement,7123.0,in,LankaQR,2,23,0,0.05,0
BNK03950,2024-10-23,card_settlement,1447.0,in,POS_card,2,23,0,-0.82,0
BNK03951,2024-10-24,supplier_payment,55468.8,out,bank_transfer,3,24,0,2.99,1
BNK03952,2024-10-24,supplier_payment,19192.0,out,bank_transfer,3,24,0,0.28,0
BNK03953,2024-10-24,supplier_payment,13821.5,out,bank_transfer,3,24,0,-0.12,0
BNK03954,2024-10-24,supplier_payment,5605.92,out,bank_transfer,3,24,0,-0.74,0
BNK03955,2024-10-24,supplier_payment,4013.8,out,bank_transfer,3,24,0,-0.86,0
BNK03956,2024-10-24,supplier_payment,5039.76,out,bank_transfer,3,24,0,-0.78,0
BNK03957,2024-10-24,cash_deposit,41850.01,in,agency_banking_agent,3,24,0,1.13,0
BNK03958,2024-10-24,qr_settlement,3394.0,in,LankaQR,3,24,0,-0.71,0
BNK03959,2024-10-24,card_settlement,7066.0,in,POS_card,3,24,0,1.08,0
BNK03960,2024-10-25,cash_deposit,28265.21,in,agency_banking_agent,4,25,0,-0.04,0
BNK03961,2024-10-25,qr_settlement,6577.0,in,LankaQR,4,25,0,-0.06,0
BNK03962,2024-10-25,card_settlement,2088.0,in,POS_card,4,25,0,-0.6,0
BNK03963,2024-10-26,cash_deposit,44668.01,in,agency_banking_agent,5,26,0,1.37,0
BNK03964,2024-10-26,qr_settlement,5231.0,in,LankaQR,5,26,0,-0.33,0
BNK03965,2024-10-26,card_settlement,4532.0,in,POS_card,5,26,0,0.22,0
BNK03966,2024-10-27,cash_deposit,24808.02,in,agency_banking_agent,6,27,0,-0.34,0
BNK03967,2024-10-27,qr_settlement,10814.0,in,LankaQR,6,27,0,0.8,0
BNK03968,2024-10-27,card_settlement,2384.0,in,POS_card,6,27,0,-0.5,0
BNK03969,2024-10-28,supplier_payment,24306.08,out,bank_transfer,0,28,0,0.66,0
BNK03970,2024-10-28,supplier_payment,11566.8,out,bank_transfer,0,28,0,-0.29,0
BNK03971,2024-10-28,supplier_payment,5105.8,out,bank_transfer,0,28,0,-0.78,0
BNK03972,2024-10-28,supplier_payment,9290.4,out,bank_transfer,0,28,0,-0.46,0
BNK03973,2024-10-28,cash_deposit,32690.76,in,agency_banking_agent,0,28,0,0.34,0
BNK03974,2024-10-28,qr_settlement,9747.0,in,LankaQR,0,28,0,0.58,0
BNK03975,2024-10-28,card_settlement,4668.0,in,POS_card,0,28,0,0.27,0
BNK03976,2024-10-29,cash_deposit,25288.81,in,agency_banking_agent,1,29,0,-0.3,0
BNK03977,2024-10-29,qr_settlement,5147.0,in,LankaQR,1,29,0,-0.35,0
BNK03978,2024-10-29,card_settlement,2055.0,in,POS_card,1,29,0,-0.62,0
BNK03979,2024-10-30,cash_deposit,24646.03,in,agency_banking_agent,2,30,0,-0.35,0
BNK03980,2024-10-30,qr_settlement,5028.0,in,LankaQR,2,30,0,-0.37,0
BNK03981,2024-10-30,card_settlement,1656.0,in,POS_card,2,30,0,-0.75,0
BNK03982,2024-10-31,supplier_payment,21663.9,out,bank_transfer,3,31,0,0.46,0
BNK03983,2024-10-31,supplier_payment,32823.18,out,bank_transfer,3,31,0,1.3,0
BNK03984,2024-10-31,supplier_payment,14450.98,out,bank_transfer,3,31,0,-0.08,0
BNK03985,2024-10-31,supplier_payment,10645.37,out,bank_transfer,3,31,0,-0.36,0
BNK03986,2024-10-31,supplier_payment,17425.68,out,bank_transfer,3,31,0,0.14,0
BNK03987,2024-10-31,supplier_payment,5436.78,out,bank_transfer,3,31,0,-0.75,0
BNK03988,2024-10-31,supplier_payment,6856.4,out,bank_transfer,3,31,0,-0.65,0
BNK03989,2024-10-31,supplier_payment,3867.08,out,bank_transfer,3,31,0,-0.87,0
BNK03990,2024-10-31,supplier_payment,4839.84,out,bank_transfer,3,31,0,-0.8,0
BNK03991,2024-10-31,supplier_payment,6314.0,out,bank_transfer,3,31,0,-0.69,0
BNK03992,2024-10-31,cash_deposit,20223.55,in,agency_banking_agent,3,31,0,-0.73,0
BNK03993,2024-10-31,qr_settlement,9567.0,in,LankaQR,3,31,0,0.55,0
BNK03994,2024-10-31,card_settlement,1460.0,in,POS_card,3,31,0,-0.82,0
BNK03995,2024-11-01,cash_deposit,31677.08,in,agency_banking_agent,4,1,0,0.25,0
BNK03996,2024-11-01,qr_settlement,2515.0,in,LankaQR,4,1,0,-0.88,0
BNK03997,2024-11-01,card_settlement,1518.0,in,POS_card,4,1,0,-0.8,0
BNK03998,2024-11-02,cash_deposit,25910.82,in,agency_banking_agent,5,2,0,-0.24,0
BNK03999,2024-11-02,qr_settlement,3040.0,in,LankaQR,5,2,0,-0.78,0
BNK04000,2024-11-02,card_settlement,4953.0,in,POS_card,5,2,0,0.37,0
BNK04001,2024-11-03,cash_deposit,28860.87,in,agency_banking_agent,6,3,0,0.01,0
BNK04002,2024-11-03,qr_settlement,12342.0,in,LankaQR,6,3,0,1.11,0
BNK04003,2024-11-03,card_settlement,8632.0,in,POS_card,6,3,0,1.61,0
BNK04004,2024-11-04,supplier_payment,33592.05,out,bank_transfer,0,4,0,1.35,0
BNK04005,2024-11-04,supplier_payment,12056.4,out,bank_transfer,0,4,0,-0.26,0
BNK04006,2024-11-04,supplier_payment,6181.2,out,bank_transfer,0,4,0,-0.7,0
BNK04007,2024-11-04,supplier_payment,18267.5,out,bank_transfer,0,4,0,0.21,0
BNK04008,2024-11-04,supplier_payment,14097.5,out,bank_transfer,0,4,0,-0.1,0
BNK04009,2024-11-04,supplier_payment,9323.3,out,bank_transfer,0,4,0,-0.46,0
BNK04010,2024-11-04,supplier_payment,2504.4,out,bank_transfer,0,4,0,-0.97,0
BNK04011,2024-11-04,cash_deposit,23743.05,in,agency_banking_agent,0,4,0,-0.43,0
BNK04012,2024-11-04,qr_settlement,7891.0,in,LankaQR,0,4,0,0.21,0
BNK04013,2024-11-04,card_settlement,1256.0,in,POS_card,0,4,0,-0.89,0
BNK04014,2024-11-05,cash_deposit,26078.29,in,agency_banking_agent,1,5,0,-0.23,0
BNK04015,2024-11-05,qr_settlement,12760.0,in,LankaQR,1,5,0,1.19,0
BNK04016,2024-11-05,card_settlement,7616.0,in,POS_card,1,5,0,1.27,0
BNK04017,2024-11-06,cash_deposit,21012.09,in,agency_banking_agent,2,6,0,-0.66,0
BNK04018,2024-11-06,qr_settlement,1632.0,in,LankaQR,2,6,0,-1.06,0
BNK04019,2024-11-06,card_settlement,6142.0,in,POS_card,2,6,0,0.77,0
BNK04020,2024-11-07,cash_deposit,18756.15,in,agency_banking_agent,3,7,0,-0.86,0
BNK04021,2024-11-07,qr_settlement,2641.0,in,LankaQR,3,7,0,-0.86,0
BNK04022,2024-11-07,card_settlement,4618.0,in,POS_card,3,7,0,0.25,0
BNK04023,2024-11-08,cash_deposit,20512.46,in,agency_banking_agent,4,8,0,-0.71,0
BNK04024,2024-11-08,qr_settlement,8875.0,in,LankaQR,4,8,0,0.41,1
BNK04025,2024-11-08,card_settlement,3254.0,in,POS_card,4,8,0,-0.21,0
BNK04026,2024-11-09,cash_deposit,25876.54,in,agency_banking_agent,5,9,0,-0.24,0
BNK04027,2024-11-09,qr_settlement,9810.0,in,LankaQR,5,9,0,0.6,0
BNK04028,2024-11-09,card_settlement,915.0,in,POS_card,5,9,0,-1.0,0
BNK04029,2024-11-10,cash_deposit,25629.68,in,agency_banking_agent,6,10,0,-0.27,0
BNK04030,2024-11-10,qr_settlement,1984.0,in,LankaQR,6,10,0,-0.99,0
BNK04031,2024-11-10,card_settlement,6592.0,in,POS_card,6,10,0,0.92,0
BNK04032,2024-11-11,supplier_payment,43945.86,out,bank_transfer,0,11,0,2.13,0
BNK04033,2024-11-11,supplier_payment,52428.6,out,bank_transfer,0,11,0,2.76,1
BNK04034,2024-11-11,supplier_payment,20545.56,out,bank_transfer,0,11,0,0.38,0
BNK04035,2024-11-11,supplier_payment,23870.88,out,bank_transfer,0,11,0,0.63,0
BNK04036,2024-11-11,supplier_payment,14725.2,out,bank_transfer,0,11,0,-0.06,0
BNK04037,2024-11-11,supplier_payment,19616.7,out,bank_transfer,0,11,0,0.31,0
BNK04038,2024-11-11,supplier_payment,41580.0,out,bank_transfer,0,11,0,1.95,0
BNK04039,2024-11-11,supplier_payment,12128.4,out,bank_transfer,0,11,0,-0.25,0
BNK04040,2024-11-11,supplier_payment,6188.4,out,bank_transfer,0,11,0,-0.7,0
BNK04041,2024-11-11,supplier_payment,6736.0,out,bank_transfer,0,11,0,-0.65,0
BNK04042,2024-11-11,supplier_payment,10516.52,out,bank_transfer,0,11,0,-0.37,0
BNK04043,2024-11-11,supplier_payment,9288.3,out,bank_transfer,0,11,0,-0.46,0
BNK04044,2024-11-11,supplier_payment,2876.65,out,bank_transfer,0,11,0,-0.94,0
BNK04045,2024-11-11,supplier_payment,5774.88,out,bank_transfer,0,11,0,-0.73,0
BNK04046,2024-11-11,cash_deposit,19081.98,in,agency_banking_agent,0,11,0,-0.83,0
BNK04047,2024-11-11,qr_settlement,10284.0,in,LankaQR,0,11,0,0.69,0
BNK04048,2024-11-11,card_settlement,4080.0,in,POS_card,0,11,0,0.07,0
BNK04049,2024-11-12,cash_deposit,26872.85,in,agency_banking_agent,1,12,0,-0.16,0
BNK04050,2024-11-12,qr_settlement,5552.0,in,LankaQR,1,12,0,-0.27,0
BNK04051,2024-11-12,card_settlement,4119.0,in,POS_card,1,12,0,0.08,0
BNK04052,2024-11-13,cash_deposit,20403.21,in,agency_banking_agent,2,13,0,-0.72,0
BNK04053,2024-11-13,qr_settlement,9856.0,in,LankaQR,2,13,0,0.61,0
BNK04054,2024-11-13,card_settlement,3930.0,in,POS_card,2,13,0,0.02,0
BNK04055,2024-11-14,supplier_payment,55267.73,out,bank_transfer,3,14,0,2.98,1
BNK04056,2024-11-14,supplier_payment,4880.0,out,bank_transfer,3,14,0,-0.79,0
BNK04057,2024-11-14,supplier_payment,5419.4,out,bank_transfer,3,14,0,-0.75,0
BNK04058,2024-11-14,supplier_payment,3954.16,out,bank_transfer,3,14,0,-0.86,0
BNK04059,2024-11-14,cash_deposit,42285.14,in,agency_banking_agent,3,14,0,1.17,0
BNK04060,2024-11-14,qr_settlement,3854.0,in,LankaQR,3,14,0,-0.61,0
BNK04061,2024-11-14,card_settlement,8561.0,in,POS_card,3,14,0,1.59,0
BNK04062,2024-11-15,cash_deposit,27818.22,in,agency_banking_agent,4,15,0,-0.08,0
BNK04063,2024-11-15,qr_settlement,12152.0,in,LankaQR,4,15,0,1.07,0
BNK04064,2024-11-15,card_settlement,4167.0,in,POS_card,4,15,0,0.1,0
BNK04065,2024-11-16,cash_deposit,20774.89,in,agency_banking_agent,5,16,0,-0.68,0
BNK04066,2024-11-16,qr_settlement,10135.0,in,LankaQR,5,16,0,0.66,0
BNK04067,2024-11-16,card_settlement,3582.0,in,POS_card,5,16,0,-0.1,0
BNK04068,2024-11-17,cash_deposit,38249.75,in,agency_banking_agent,6,17,0,0.82,0
BNK04069,2024-11-17,qr_settlement,6987.0,in,LankaQR,6,17,0,0.02,0
BNK04070,2024-11-17,card_settlement,1078.0,in,POS_card,6,17,0,-0.95,0
BNK04071,2024-11-18,supplier_payment,22605.6,out,bank_transfer,0,18,0,0.53,0
BNK04072,2024-11-18,supplier_payment,19101.41,out,bank_transfer,0,18,0,0.27,0
BNK04073,2024-11-18,supplier_payment,30390.0,out,bank_transfer,0,18,0,1.11,0
BNK04074,2024-11-18,supplier_payment,6273.0,out,bank_transfer,0,18,0,-0.69,0
BNK04075,2024-11-18,supplier_payment,18902.5,out,bank_transfer,0,18,0,0.26,0
BNK04076,2024-11-18,supplier_payment,5874.86,out,bank_transfer,0,18,0,-0.72,0
BNK04077,2024-11-18,supplier_payment,3878.28,out,bank_transfer,0,18,0,-0.87,0
BNK04078,2024-11-18,supplier_payment,5665.68,out,bank_transfer,0,18,0,-0.73,0
BNK04079,2024-11-18,supplier_payment,6203.0,out,bank_transfer,0,18,0,-0.69,0
BNK04080,2024-11-18,cash_deposit,32644.32,in,agency_banking_agent,0,18,0,0.34,0
BNK04081,2024-11-18,qr_settlement,5166.0,in,LankaQR,0,18,0,-0.35,0
BNK04082,2024-11-18,card_settlement,2669.0,in,POS_card,0,18,0,-0.41,0
BNK04083,2024-11-19,cash_deposit,30569.71,in,agency_banking_agent,1,19,0,0.16,0
BNK04084,2024-11-19,qr_settlement,12101.0,in,LankaQR,1,19,0,1.06,0
BNK04085,2024-11-20,cash_deposit,23197.82,in,agency_banking_agent,2,20,0,-0.47,0
BNK04086,2024-11-20,qr_settlement,4305.0,in,LankaQR,2,20,0,-0.52,0
BNK04087,2024-11-20,card_settlement,300.0,in,POS_card,2,20,0,-1.21,0
BNK04088,2024-11-21,supplier_payment,10432.14,out,bank_transfer,3,21,0,-0.38,0
BNK04089,2024-11-21,supplier_payment,40160.7,out,bank_transfer,3,21,0,1.85,0
BNK04090,2024-11-21,supplier_payment,13918.5,out,bank_transfer,3,21,0,-0.12,0
BNK04091,2024-11-21,supplier_payment,4567.65,out,bank_transfer,3,21,0,-0.82,0
BNK04092,2024-11-21,supplier_payment,9789.26,out,bank_transfer,3,21,0,-0.43,0
BNK04093,2024-11-21,supplier_payment,5234.25,out,bank_transfer,3,21,0,-0.77,0
BNK04094,2024-11-21,supplier_payment,9522.1,out,bank_transfer,3,21,0,-0.45,0
BNK04095,2024-11-21,cash_deposit,20979.04,in,agency_banking_agent,3,21,0,-0.67,0
BNK04096,2024-11-21,qr_settlement,3955.0,in,LankaQR,3,21,0,-0.59,0
BNK04097,2024-11-21,card_settlement,5888.0,in,POS_card,3,21,0,0.68,0
BNK04098,2024-11-22,cash_deposit,23751.23,in,agency_banking_agent,4,22,0,-0.43,0
BNK04099,2024-11-22,qr_settlement,10014.0,in,LankaQR,4,22,0,0.64,0
BNK04100,2024-11-22,card_settlement,1192.0,in,POS_card,4,22,0,-0.91,0
BNK04101,2024-11-23,cash_deposit,32213.64,in,agency_banking_agent,5,23,0,0.3,0
BNK04102,2024-11-23,qr_settlement,6656.0,in,LankaQR,5,23,0,-0.04,0
BNK04103,2024-11-23,card_settlement,2010.0,in,POS_card,5,23,0,-0.63,0
BNK04104,2024-11-24,cash_deposit,32552.9,in,agency_banking_agent,6,24,0,0.33,0
BNK04105,2024-11-24,qr_settlement,6120.0,in,LankaQR,6,24,0,-0.15,0
BNK04106,2024-11-24,card_settlement,1977.0,in,POS_card,6,24,0,-0.64,0
BNK04107,2024-11-25,supplier_payment,33381.45,out,bank_transfer,0,25,0,1.34,0
BNK04108,2024-11-25,supplier_payment,11977.2,out,bank_transfer,0,25,0,-0.26,0
BNK04109,2024-11-25,supplier_payment,18325.44,out,bank_transfer,0,25,0,0.21,0
BNK04110,2024-11-25,supplier_payment,5216.62,out,bank_transfer,0,25,0,-0.77,0
BNK04111,2024-11-25,supplier_payment,3847.2,out,bank_transfer,0,25,0,-0.87,0
BNK04112,2024-11-25,supplier_payment,2884.0,out,bank_transfer,0,25,0,-0.94,0
BNK04113,2024-11-25,supplier_payment,5269.42,out,bank_transfer,0,25,0,-0.76,0
BNK04114,2024-11-25,supplier_payment,5821.89,out,bank_transfer,0,25,0,-0.72,0
BNK04115,2024-11-25,cash_deposit,22156.63,in,agency_banking_agent,0,25,0,-0.56,0
BNK04116,2024-11-25,qr_settlement,5662.0,in,LankaQR,0,25,0,-0.25,0
BNK04117,2024-11-25,card_settlement,9823.0,in,POS_card,0,25,0,2.01,0
BNK04118,2024-11-26,cash_deposit,20521.78,in,agency_banking_agent,1,26,0,-0.71,0
BNK04119,2024-11-26,qr_settlement,2253.0,in,LankaQR,1,26,0,-0.94,0
BNK04120,2024-11-26,card_settlement,1885.0,in,POS_card,1,26,0,-0.67,0
BNK04121,2024-11-27,cash_deposit,20653.75,in,agency_banking_agent,2,27,0,-0.69,0
BNK04122,2024-11-27,qr_settlement,6621.0,in,LankaQR,2,27,0,-0.05,0
BNK04123,2024-11-27,card_settlement,2236.0,in,POS_card,2,27,0,-0.55,0
BNK04124,2024-11-28,supplier_payment,43318.8,out,bank_transfer,3,28,0,2.08,0
BNK04125,2024-11-28,supplier_payment,21941.16,out,bank_transfer,3,28,0,0.48,0
BNK04126,2024-11-28,supplier_payment,6265.8,out,bank_transfer,3,28,0,-0.69,0
BNK04127,2024-11-28,supplier_payment,9376.85,out,bank_transfer,3,28,0,-0.46,0
BNK04128,2024-11-28,cash_deposit,22267.04,in,agency_banking_agent,3,28,0,-0.56,0
BNK04129,2024-11-28,qr_settlement,5879.0,in,LankaQR,3,28,0,-0.2,0
BNK04130,2024-11-28,card_settlement,2506.0,in,POS_card,3,28,0,-0.46,0
BNK04131,2024-11-29,cash_deposit,31398.97,in,agency_banking_agent,4,29,0,0.23,0
BNK04132,2024-11-29,qr_settlement,4230.0,in,LankaQR,4,29,0,-0.54,0
BNK04133,2024-11-29,card_settlement,6902.0,in,POS_card,4,29,0,1.02,0
BNK04134,2024-11-30,cash_deposit,24166.37,in,agency_banking_agent,5,30,0,-0.39,0
BNK04135,2024-11-30,qr_settlement,9295.0,in,LankaQR,5,30,0,0.49,0
BNK04136,2024-11-30,card_settlement,1620.0,in,POS_card,5,30,0,-0.76,0
BNK04137,2024-12-01,cash_deposit,27043.69,in,agency_banking_agent,6,1,0,-0.14,0
BNK04138,2024-12-01,qr_settlement,6247.0,in,LankaQR,6,1,0,-0.13,0
BNK04139,2024-12-01,card_settlement,2921.0,in,POS_card,6,1,0,-0.32,0
BNK04140,2024-12-02,supplier_payment,48050.31,out,bank_transfer,0,2,0,2.44,1
BNK04141,2024-12-02,supplier_payment,14066.71,out,bank_transfer,0,2,0,-0.11,0
BNK04142,2024-12-02,supplier_payment,10626.6,out,bank_transfer,0,2,0,-0.36,0
BNK04143,2024-12-02,supplier_payment,41141.7,out,bank_transfer,0,2,0,1.92,0
BNK04144,2024-12-02,supplier_payment,14524.0,out,bank_transfer,0,2,0,-0.07,0
BNK04145,2024-12-02,supplier_payment,6916.4,out,bank_transfer,0,2,0,-0.64,0
BNK04146,2024-12-02,supplier_payment,10616.2,out,bank_transfer,0,2,0,-0.36,0
BNK04147,2024-12-02,supplier_payment,5377.4,out,bank_transfer,0,2,0,-0.76,1
BNK04148,2024-12-02,supplier_payment,5701.95,out,bank_transfer,0,2,0,-0.73,0
BNK04149,2024-12-02,cash_deposit,29429.31,in,agency_banking_agent,0,2,0,0.06,0
BNK04150,2024-12-02,qr_settlement,6076.0,in,LankaQR,0,2,0,-0.16,0
BNK04151,2024-12-02,card_settlement,8644.0,in,POS_card,0,2,0,1.61,0
BNK04152,2024-12-03,cash_deposit,31450.95,in,agency_banking_agent,1,3,0,0.23,0
BNK04153,2024-12-03,qr_settlement,8355.0,in,LankaQR,1,3,0,0.3,0
BNK04154,2024-12-03,card_settlement,8643.0,in,POS_card,1,3,0,1.61,1
BNK04155,2024-12-04,cash_deposit,16419.81,in,agency_banking_agent,2,4,0,-1.06,0
BNK04156,2024-12-04,qr_settlement,7897.0,in,LankaQR,2,4,0,0.21,0
BNK04157,2024-12-04,card_settlement,1633.0,in,POS_card,2,4,0,-0.76,0
BNK04158,2024-12-05,supplier_payment,61857.98,out,bank_transfer,3,5,0,3.47,1
BNK04159,2024-12-05,supplier_payment,4962.8,out,bank_transfer,3,5,0,-0.79,0
BNK04160,2024-12-05,supplier_payment,9761.85,out,bank_transfer,3,5,0,-0.43,0
BNK04161,2024-12-05,supplier_payment,3396.24,out,bank_transfer,3,5,0,-0.9,0
BNK04162,2024-12-05,supplier_payment,2589.12,out,bank_transfer,3,5,0,-0.97,0
BNK04163,2024-12-05,cash_deposit,26183.0,in,agency_banking_agent,3,5,0,-0.22,0
BNK04164,2024-12-05,qr_settlement,9639.0,in,LankaQR,3,5,0,0.56,0
BNK04165,2024-12-05,card_settlement,1598.0,in,POS_card,3,5,0,-0.77,0
BNK04166,2024-12-06,cash_deposit,30569.16,in,agency_banking_agent,4,6,0,0.16,0
BNK04167,2024-12-06,qr_settlement,13634.0,in,LankaQR,4,6,0,1.37,0
BNK04168,2024-12-06,card_settlement,3535.0,in,POS_card,4,6,0,-0.11,0
BNK04169,2024-12-07,cash_deposit,34433.62,in,agency_banking_agent,5,7,0,0.49,0
BNK04170,2024-12-07,qr_settlement,5908.0,in,LankaQR,5,7,0,-0.2,0
BNK04171,2024-12-07,card_settlement,2089.0,in,POS_card,5,7,0,-0.6,0
BNK04172,2024-12-08,cash_deposit,24638.64,in,agency_banking_agent,6,8,0,-0.35,0
BNK04173,2024-12-08,qr_settlement,11729.0,in,LankaQR,6,8,0,0.99,0
BNK04174,2024-12-08,card_settlement,4661.0,in,POS_card,6,8,0,0.27,0
BNK04175,2024-12-09,supplier_payment,22248.72,out,bank_transfer,0,9,0,0.51,0
BNK04176,2024-12-09,supplier_payment,31365.6,out,bank_transfer,0,9,0,1.19,0
BNK04177,2024-12-09,supplier_payment,37737.22,out,bank_transfer,0,9,0,1.66,0
BNK04178,2024-12-09,supplier_payment,11674.8,out,bank_transfer,0,9,0,-0.29,0
BNK04179,2024-12-09,supplier_payment,5794.68,out,bank_transfer,0,9,0,-0.73,0
BNK04180,2024-12-09,supplier_payment,19172.0,out,bank_transfer,0,9,0,0.28,0
BNK04181,2024-12-09,supplier_payment,9170.88,out,bank_transfer,0,9,0,-0.47,0
BNK04182,2024-12-09,supplier_payment,4577.1,out,bank_transfer,0,9,0,-0.82,0
BNK04183,2024-12-09,cash_deposit,23806.6,in,agency_banking_agent,0,9,0,-0.42,0
BNK04184,2024-12-09,qr_settlement,3891.0,in,LankaQR,0,9,0,-0.6,0
BNK04185,2024-12-09,card_settlement,6184.0,in,POS_card,0,9,0,0.78,0
BNK04186,2024-12-10,cash_deposit,39648.71,in,agency_banking_agent,1,10,0,0.94,0
BNK04187,2024-12-10,qr_settlement,4145.0,in,LankaQR,1,10,0,-0.55,0
BNK04188,2024-12-10,card_settlement,2423.0,in,POS_card,1,10,0,-0.49,0
BNK04189,2024-12-11,cash_deposit,21902.98,in,agency_banking_agent,2,11,0,-0.59,0
BNK04190,2024-12-11,qr_settlement,11834.0,in,LankaQR,2,11,0,1.01,0
BNK04191,2024-12-11,card_settlement,2944.0,in,POS_card,2,11,0,-0.31,0
BNK04192,2024-12-12,supplier_payment,29481.27,out,bank_transfer,3,12,0,1.05,0
BNK04193,2024-12-12,supplier_payment,16536.78,out,bank_transfer,3,12,0,0.08,0
BNK04194,2024-12-12,supplier_payment,10503.6,out,bank_transfer,3,12,0,-0.37,0
BNK04195,2024-12-12,supplier_payment,10660.0,out,bank_transfer,3,12,0,-0.36,0
BNK04196,2024-12-12,supplier_payment,9817.15,out,bank_transfer,3,12,0,-0.42,0
BNK04197,2024-12-12,supplier_payment,2691.84,out,bank_transfer,3,12,0,-0.96,0
BNK04198,2024-12-12,cash_deposit,28252.59,in,agency_banking_agent,3,12,0,-0.04,0
BNK04199,2024-12-12,qr_settlement,10543.0,in,LankaQR,3,12,0,0.74,0
BNK04200,2024-12-12,card_settlement,2709.0,in,POS_card,3,12,0,-0.39,0
BNK04201,2024-12-13,cash_deposit,22938.5,in,agency_banking_agent,4,13,0,-0.5,0
BNK04202,2024-12-13,qr_settlement,10016.0,in,LankaQR,4,13,0,0.64,0
BNK04203,2024-12-13,card_settlement,7768.0,in,POS_card,4,13,0,1.32,0
BNK04204,2024-12-14,cash_deposit,39841.42,in,agency_banking_agent,5,14,0,0.96,0
BNK04205,2024-12-14,qr_settlement,12562.0,in,LankaQR,5,14,0,1.15,0
BNK04206,2024-12-14,card_settlement,715.0,in,POS_card,5,14,0,-1.07,0
BNK04207,2024-12-15,cash_deposit,37070.22,in,agency_banking_agent,6,15,0,0.72,0
BNK04208,2024-12-15,qr_settlement,6920.0,in,LankaQR,6,15,0,0.01,0
BNK04209,2024-12-15,card_settlement,4404.0,in,POS_card,6,15,0,0.18,0
BNK04210,2024-12-16,supplier_payment,47606.72,out,bank_transfer,0,16,0,2.4,1
BNK04211,2024-12-16,supplier_payment,22692.68,out,bank_transfer,0,16,0,0.54,0
BNK04212,2024-12-16,supplier_payment,36219.6,out,bank_transfer,0,16,0,1.55,0
BNK04213,2024-12-16,supplier_payment,6310.8,out,bank_transfer,0,16,0,-0.69,0
BNK04214,2024-12-16,supplier_payment,18682.5,out,bank_transfer,0,16,0,0.24,0
BNK04215,2024-12-16,supplier_payment,6658.0,out,bank_transfer,0,16,0,-0.66,0
BNK04216,2024-12-16,supplier_payment,4728.34,out,bank_transfer,0,16,0,-0.8,0
BNK04217,2024-12-16,supplier_payment,10213.84,out,bank_transfer,0,16,0,-0.39,0
BNK04218,2024-12-16,supplier_payment,9765.35,out,bank_transfer,0,16,0,-0.43,0
BNK04219,2024-12-16,cash_deposit,33570.16,in,agency_banking_agent,0,16,0,0.42,0
BNK04220,2024-12-16,qr_settlement,8457.0,in,LankaQR,0,16,0,0.32,0
BNK04221,2024-12-16,card_settlement,812.0,in,POS_card,0,16,0,-1.04,0
BNK04222,2024-12-17,cash_deposit,32883.54,in,agency_banking_agent,1,17,0,0.36,0
BNK04223,2024-12-17,qr_settlement,7285.0,in,LankaQR,1,17,0,0.08,0
BNK04224,2024-12-17,card_settlement,4824.0,in,POS_card,1,17,0,0.32,0
BNK04225,2024-12-18,cash_deposit,24689.64,in,agency_banking_agent,2,18,0,-0.35,0
BNK04226,2024-12-18,qr_settlement,4601.0,in,LankaQR,2,18,0,-0.46,0
BNK04227,2024-12-18,card_settlement,1894.0,in,POS_card,2,18,0,-0.67,0
BNK04228,2024-12-19,supplier_payment,42124.8,out,bank_transfer,3,19,0,1.99,0
BNK04229,2024-12-19,supplier_payment,22455.0,out,bank_transfer,3,19,0,0.52,0
BNK04230,2024-12-19,supplier_payment,30576.0,out,bank_transfer,3,19,0,1.13,0
BNK04231,2024-12-19,supplier_payment,6283.8,out,bank_transfer,3,19,0,-0.69,0
BNK04232,2024-12-19,supplier_payment,5411.0,out,bank_transfer,3,19,0,-0.75,0
BNK04233,2024-12-19,supplier_payment,3992.8,out,bank_transfer,3,19,0,-0.86,0
BNK04234,2024-12-19,cash_deposit,19157.77,in,agency_banking_agent,3,19,0,-0.82,0
BNK04235,2024-12-19,qr_settlement,12539.0,in,LankaQR,3,19,0,1.15,0
BNK04236,2024-12-19,card_settlement,7287.0,in,POS_card,3,19,0,1.16,0
BNK04237,2024-12-20,cash_deposit,28124.18,in,agency_banking_agent,4,20,0,-0.05,0
BNK04238,2024-12-20,qr_settlement,12550.0,in,LankaQR,4,20,0,1.15,0
BNK04239,2024-12-20,card_settlement,3367.0,in,POS_card,4,20,0,-0.17,0
BNK04240,2024-12-21,cash_deposit,23314.94,in,agency_banking_agent,5,21,0,-0.46,0
BNK04241,2024-12-21,qr_settlement,3715.0,in,LankaQR,5,21,0,-0.64,0
BNK04242,2024-12-21,card_settlement,5951.0,in,POS_card,5,21,0,0.7,0
BNK04243,2024-12-22,cash_deposit,25515.03,in,agency_banking_agent,6,22,0,-0.28,0
BNK04244,2024-12-22,qr_settlement,7585.0,in,LankaQR,6,22,0,0.14,0
BNK04245,2024-12-22,card_settlement,2702.0,in,POS_card,6,22,0,-0.4,0
BNK04246,2024-12-23,supplier_payment,16861.2,out,bank_transfer,0,23,0,0.1,0
BNK04247,2024-12-23,supplier_payment,20745.6,out,bank_transfer,0,23,0,0.39,0
BNK04248,2024-12-23,supplier_payment,11574.0,out,bank_transfer,0,23,0,-0.29,0
BNK04249,2024-12-23,supplier_payment,5920.92,out,bank_transfer,0,23,0,-0.72,0
BNK04250,2024-12-23,supplier_payment,5003.6,out,bank_transfer,0,23,0,-0.78,0
BNK04251,2024-12-23,supplier_payment,10712.8,out,bank_transfer,0,23,0,-0.36,0
BNK04252,2024-12-23,supplier_payment,5181.26,out,bank_transfer,0,23,0,-0.77,0
BNK04253,2024-12-23,supplier_payment,9709.0,out,bank_transfer,0,23,0,-0.43,0
BNK04254,2024-12-23,supplier_payment,2866.5,out,bank_transfer,0,23,0,-0.94,0
BNK04255,2024-12-23,cash_deposit,26914.51,in,agency_banking_agent,0,23,0,-0.16,0
BNK04256,2024-12-23,qr_settlement,5850.0,in,LankaQR,0,23,0,-0.21,0
BNK04257,2024-12-23,card_settlement,2101.0,in,POS_card,0,23,0,-0.6,0
BNK04258,2024-12-24,cash_deposit,28556.5,in,agency_banking_agent,1,24,0,-0.01,0
BNK04259,2024-12-24,qr_settlement,6406.0,in,LankaQR,1,24,0,-0.09,0
BNK04260,2024-12-24,card_settlement,6051.0,in,POS_card,1,24,0,0.74,0
BNK04261,2024-12-25,cash_deposit,32083.88,in,agency_banking_agent,2,25,0,0.29,0
BNK04262,2024-12-25,qr_settlement,4094.0,in,LankaQR,2,25,0,-0.56,0
BNK04263,2024-12-25,card_settlement,2860.0,in,POS_card,2,25,0,-0.34,0
BNK04264,2024-12-26,supplier_payment,61244.05,out,bank_transfer,3,26,0,3.42,1
BNK04265,2024-12-26,supplier_payment,20444.49,out,bank_transfer,3,26,0,0.37,0
BNK04266,2024-12-26,supplier_payment,41292.9,out,bank_transfer,3,26,0,1.93,0
BNK04267,2024-12-26,supplier_payment,14271.0,out,bank_transfer,3,26,0,-0.09,0
BNK04268,2024-12-26,supplier_payment,3899.0,out,bank_transfer,3,26,0,-0.87,0
BNK04269,2024-12-26,cash_deposit,27943.37,in,agency_banking_agent,3,26,0,-0.07,0
BNK04270,2024-12-26,qr_settlement,11493.0,in,LankaQR,3,26,0,0.94,0
BNK04271,2024-12-26,card_settlement,4862.0,in,POS_card,3,26,0,0.33,0
BNK04272,2024-12-27,cash_deposit,40909.25,in,agency_banking_agent,4,27,0,1.05,0
BNK04273,2024-12-27,qr_settlement,4069.0,in,LankaQR,4,27,0,-0.57,0
BNK04274,2024-12-27,card_settlement,4264.0,in,POS_card,4,27,0,0.13,0
BNK04275,2024-12-28,cash_deposit,36569.69,in,agency_banking_agent,5,28,0,0.68,0
BNK04276,2024-12-28,qr_settlement,9598.0,in,LankaQR,5,28,0,0.55,0
BNK04277,2024-12-28,card_settlement,6516.0,in,POS_card,5,28,0,0.89,0
BNK04278,2024-12-29,cash_deposit,24895.92,in,agency_banking_agent,6,29,0,-0.33,1
BNK04279,2024-12-29,qr_settlement,5577.0,in,LankaQR,6,29,0,-0.26,0
BNK04280,2024-12-29,card_settlement,1482.0,in,POS_card,6,29,0,-0.81,0
BNK04281,2024-12-30,supplier_payment,22251.6,out,bank_transfer,0,30,0,0.51,0
BNK04282,2024-12-30,supplier_payment,20853.0,out,bank_transfer,0,30,0,0.4,0
BNK04283,2024-12-30,supplier_payment,9311.64,out,bank_transfer,0,30,0,-0.46,0
BNK04284,2024-12-30,supplier_payment,12175.2,out,bank_transfer,0,30,0,-0.25,0
BNK04285,2024-12-30,supplier_payment,6213.6,out,bank_transfer,0,30,0,-0.69,0
BNK04286,2024-12-30,supplier_payment,6560.0,out,bank_transfer,0,30,0,-0.67,0
BNK04287,2024-12-30,supplier_payment,4252.04,out,bank_transfer,0,30,0,-0.84,0
BNK04288,2024-12-30,supplier_payment,9116.64,out,bank_transfer,0,30,0,-0.48,0
BNK04289,2024-12-30,supplier_payment,4589.86,out,bank_transfer,0,30,0,-0.82,0
BNK04290,2024-12-30,supplier_payment,9837.45,out,bank_transfer,0,30,0,-0.42,0
BNK04291,2024-12-30,cash_deposit,28409.72,in,agency_banking_agent,0,30,0,-0.03,0
BNK04292,2024-12-30,qr_settlement,7657.0,in,LankaQR,0,30,0,0.16,0
BNK04293,2024-12-30,card_settlement,4725.0,in,POS_card,0,30,0,0.29,0
BNK04294,2024-12-31,cash_deposit,15853.1,in,agency_banking_agent,1,31,0,-1.11,0
BNK04295,2024-12-31,qr_settlement,15135.0,in,LankaQR,1,31,0,1.68,0
BNK04296,2024-12-31,card_settlement,1885.0,in,POS_card,1,31,0,-0.67,0
BNK04297,2025-01-01,cash_deposit,25500.93,in,agency_banking_agent,2,1,0,-0.28,0
BNK04298,2025-01-01,qr_settlement,11873.0,in,LankaQR,2,1,0,1.01,0
BNK04299,2025-01-01,card_settlement,738.0,in,POS_card,2,1,0,-1.06,0
BNK04300,2025-01-02,supplier_payment,14575.8,out,bank_transfer,3,2,0,-0.07,0
BNK04301,2025-01-02,supplier_payment,13899.5,out,bank_transfer,3,2,0,-0.12,0
BNK04302,2025-01-02,supplier_payment,2975.35,out,bank_transfer,3,2,0,-0.94,0
BNK04303,2025-01-02,supplier_payment,5687.08,out,bank_transfer,3,2,0,-0.73,0
BNK04304,2025-01-02,supplier_payment,6043.5,out,bank_transfer,3,2,0,-0.71,0
BNK04305,2025-01-02,cash_deposit,21111.18,in,agency_banking_agent,3,2,0,-0.65,0
BNK04306,2025-01-02,qr_settlement,6638.0,in,LankaQR,3,2,0,-0.05,0
BNK04307,2025-01-02,card_settlement,3502.0,in,POS_card,3,2,0,-0.13,0
BNK04308,2025-01-03,cash_deposit,24187.71,in,agency_banking_agent,4,3,0,-0.39,0
BNK04309,2025-01-03,qr_settlement,9342.0,in,LankaQR,4,3,0,0.5,0
BNK04310,2025-01-03,card_settlement,4589.0,in,POS_card,4,3,0,0.24,0
BNK04311,2025-01-04,cash_deposit,28792.04,in,agency_banking_agent,5,4,0,0.01,0
BNK04312,2025-01-04,qr_settlement,6344.0,in,LankaQR,5,4,0,-0.11,0
BNK04313,2025-01-04,card_settlement,3405.0,in,POS_card,5,4,0,-0.16,0
BNK04314,2025-01-05,cash_deposit,22450.94,in,agency_banking_agent,6,5,0,-0.54,0
BNK04315,2025-01-05,qr_settlement,7984.0,in,LankaQR,6,5,0,0.23,0
BNK04316,2025-01-05,card_settlement,4247.0,in,POS_card,6,5,0,0.13,0
BNK04317,2025-01-06,supplier_payment,50728.5,out,bank_transfer,0,6,0,2.64,1
BNK04318,2025-01-06,supplier_payment,30631.77,out,bank_transfer,0,6,0,1.13,0
BNK04319,2025-01-06,supplier_payment,18671.7,out,bank_transfer,0,6,0,0.24,1
BNK04320,2025-01-06,supplier_payment,35261.07,out,bank_transfer,0,6,0,1.48,0
BNK04321,2025-01-06,supplier_payment,6174.0,out,bank_transfer,0,6,0,-0.7,0
BNK04322,2025-01-06,supplier_payment,6396.19,out,bank_transfer,0,6,0,-0.68,0
BNK04323,2025-01-06,supplier_payment,5170.2,out,bank_transfer,0,6,0,-0.77,0
BNK04324,2025-01-06,supplier_payment,3996.72,out,bank_transfer,0,6,0,-0.86,0
BNK04325,2025-01-06,cash_deposit,29619.63,in,agency_banking_agent,0,6,0,0.08,0
BNK04326,2025-01-06,qr_settlement,6337.0,in,LankaQR,0,6,0,-0.11,0
BNK04327,2025-01-06,card_settlement,4890.0,in,POS_card,0,6,0,0.34,0
BNK04328,2025-01-07,cash_deposit,28408.57,in,agency_banking_agent,1,7,0,-0.03,0
BNK04329,2025-01-07,qr_settlement,4239.0,in,LankaQR,1,7,0,-0.53,0
BNK04330,2025-01-07,card_settlement,3276.0,in,POS_card,1,7,0,-0.2,0
BNK04331,2025-01-08,cash_deposit,24135.28,in,agency_banking_agent,2,8,0,-0.39,0
BNK04332,2025-01-08,qr_settlement,4317.0,in,LankaQR,2,8,0,-0.52,0
BNK04333,2025-01-08,card_settlement,4229.0,in,POS_card,2,8,0,0.12,0
BNK04334,2025-01-09,supplier_payment,22724.1,out,bank_transfer,3,9,0,0.54,0
BNK04335,2025-01-09,supplier_payment,32939.4,out,bank_transfer,3,9,0,1.31,0
BNK04336,2025-01-09,supplier_payment,13971.84,out,bank_transfer,3,9,0,-0.11,0
BNK04337,2025-01-09,supplier_payment,4813.6,out,bank_transfer,3,9,0,-0.8,0
BNK04338,2025-01-09,supplier_payment,2616.96,out,bank_transfer,3,9,0,-0.96,0
BNK04339,2025-01-09,supplier_payment,6064.0,out,bank_transfer,3,9,0,-0.71,0
BNK04340,2025-01-09,cash_deposit,33748.2,in,agency_banking_agent,3,9,0,0.43,0
BNK04341,2025-01-09,qr_settlement,4745.0,in,LankaQR,3,9,0,-0.43,0
BNK04342,2025-01-09,card_settlement,2562.0,in,POS_card,3,9,0,-0.44,0
BNK04343,2025-01-10,cash_deposit,33319.68,in,agency_banking_agent,4,10,0,0.4,0
BNK04344,2025-01-10,qr_settlement,3389.0,in,LankaQR,4,10,0,-0.71,0
BNK04345,2025-01-10,card_settlement,2499.0,in,POS_card,4,10,0,-0.46,0
BNK04346,2025-01-11,cash_deposit,29026.08,in,agency_banking_agent,5,11,0,0.03,0
BNK04347,2025-01-11,qr_settlement,2923.0,in,LankaQR,5,11,0,-0.8,0
BNK04348,2025-01-11,card_settlement,3729.0,in,POS_card,5,11,0,-0.05,0
BNK04349,2025-01-12,cash_deposit,38050.4,in,agency_banking_agent,6,12,0,0.8,0
BNK04350,2025-01-12,qr_settlement,10956.0,in,LankaQR,6,12,0,0.83,0
BNK04351,2025-01-12,card_settlement,4862.0,in,POS_card,6,12,0,0.33,0
BNK04352,2025-01-13,supplier_payment,56206.94,out,bank_transfer,0,13,0,3.05,1
BNK04353,2025-01-13,supplier_payment,23660.4,out,bank_transfer,0,13,0,0.61,0
BNK04354,2025-01-13,supplier_payment,17334.0,out,bank_transfer,0,13,0,0.14,0
BNK04355,2025-01-13,supplier_payment,10394.72,out,bank_transfer,0,13,0,-0.38,0
BNK04356,2025-01-13,supplier_payment,6238.8,out,bank_transfer,0,13,0,-0.69,0
BNK04357,2025-01-13,supplier_payment,10227.84,out,bank_transfer,0,13,0,-0.39,0
BNK04358,2025-01-13,supplier_payment,5324.9,out,bank_transfer,0,13,0,-0.76,0
BNK04359,2025-01-13,supplier_payment,9595.95,out,bank_transfer,0,13,0,-0.44,0
BNK04360,2025-01-13,supplier_payment,5738.04,out,bank_transfer,0,13,0,-0.73,0
BNK04361,2025-01-13,cash_deposit,32423.93,in,agency_banking_agent,0,13,0,0.32,0
BNK04362,2025-01-13,qr_settlement,8172.0,in,LankaQR,0,13,0,0.26,0
BNK04363,2025-01-13,card_settlement,6120.0,in,POS_card,0,13,0,0.76,0
BNK04364,2025-01-14,cash_deposit,20784.24,in,agency_banking_agent,1,14,0,-0.68,0
BNK04365,2025-01-14,qr_settlement,5216.0,in,LankaQR,1,14,0,-0.34,0
BNK04366,2025-01-14,card_settlement,2075.0,in,POS_card,1,14,0,-0.61,0
BNK04367,2025-01-15,cash_deposit,30342.42,in,agency_banking_agent,2,15,0,0.14,0
BNK04368,2025-01-15,qr_settlement,3263.0,in,LankaQR,2,15,0,-0.73,0
BNK04369,2025-01-15,card_settlement,7888.0,in,POS_card,2,15,0,1.36,0
BNK04370,2025-01-16,supplier_payment,20941.45,out,bank_transfer,3,16,0,0.41,0
BNK04371,2025-01-16,supplier_payment,25471.5,out,bank_transfer,3,16,0,0.75,0
BNK04372,2025-01-16,supplier_payment,6623.6,out,bank_transfer,3,16,0,-0.66,0
BNK04373,2025-01-16,cash_deposit,22785.36,in,agency_banking_agent,3,16,0,-0.51,0
BNK04374,2025-01-16,qr_settlement,7469.0,in,LankaQR,3,16,0,0.12,0
BNK04375,2025-01-16,card_settlement,4947.0,in,POS_card,3,16,0,0.36,0
BNK04376,2025-01-17,cash_deposit,34896.01,in,agency_banking_agent,4,17,0,0.53,0
BNK04377,2025-01-17,qr_settlement,2653.0,in,LankaQR,4,17,0,-0.86,0
BNK04378,2025-01-17,card_settlement,2679.0,in,POS_card,4,17,0,-0.4,0
BNK04379,2025-01-18,cash_deposit,26259.47,in,agency_banking_agent,5,18,0,-0.21,0
BNK04380,2025-01-18,qr_settlement,16747.0,in,LankaQR,5,18,0,2.0,0
BNK04381,2025-01-18,card_settlement,2366.0,in,POS_card,5,18,0,-0.51,0
BNK04382,2025-01-19,cash_deposit,23927.04,in,agency_banking_agent,6,19,0,-0.41,0
BNK04383,2025-01-19,qr_settlement,7376.0,in,LankaQR,6,19,0,0.1,0
BNK04384,2025-01-19,card_settlement,3563.0,in,POS_card,6,19,0,-0.1,0
BNK04385,2025-01-20,supplier_payment,29265.6,out,bank_transfer,0,20,0,1.03,0
BNK04386,2025-01-20,supplier_payment,20758.8,out,bank_transfer,0,20,0,0.39,0
BNK04387,2025-01-20,supplier_payment,6130.8,out,bank_transfer,0,20,0,-0.7,0
BNK04388,2025-01-20,supplier_payment,5217.8,out,bank_transfer,0,20,0,-0.77,0
BNK04389,2025-01-20,supplier_payment,9673.65,out,bank_transfer,0,20,0,-0.44,0
BNK04390,2025-01-20,supplier_payment,2992.85,out,bank_transfer,0,20,0,-0.93,0
BNK04391,2025-01-20,cash_deposit,28060.52,in,agency_banking_agent,0,20,0,-0.06,0
BNK04392,2025-01-20,qr_settlement,8414.0,in,LankaQR,0,20,0,0.31,0
BNK04393,2025-01-20,card_settlement,5073.0,in,POS_card,0,20,0,0.41,0
BNK04394,2025-01-21,cash_deposit,20533.55,in,agency_banking_agent,1,21,0,-0.7,0
BNK04395,2025-01-21,qr_settlement,10510.0,in,LankaQR,1,21,0,0.74,0
BNK04396,2025-01-21,card_settlement,773.0,in,POS_card,1,21,0,-1.05,0
BNK04397,2025-01-22,cash_deposit,23364.57,in,agency_banking_agent,2,22,0,-0.46,0
BNK04398,2025-01-22,qr_settlement,2483.0,in,LankaQR,2,22,0,-0.89,0
BNK04399,2025-01-22,card_settlement,2610.0,in,POS_card,2,22,0,-0.43,0
BNK04400,2025-01-23,supplier_payment,29473.69,out,bank_transfer,3,23,0,1.05,0
BNK04401,2025-01-23,supplier_payment,15431.36,out,bank_transfer,3,23,0,-0.0,0
BNK04402,2025-01-23,supplier_payment,14037.5,out,bank_transfer,3,23,0,-0.11,0
BNK04403,2025-01-23,supplier_payment,3966.48,out,bank_transfer,3,23,0,-0.86,0
BNK04404,2025-01-23,cash_deposit,35878.77,in,agency_banking_agent,3,23,0,0.62,0
BNK04405,2025-01-23,qr_settlement,11467.0,in,LankaQR,3,23,0,0.93,0
BNK04406,2025-01-23,card_settlement,400.0,in,POS_card,3,23,0,-1.17,0
BNK04407,2025-01-24,cash_deposit,27560.43,in,agency_banking_agent,4,24,0,-0.1,0
BNK04408,2025-01-24,qr_settlement,6437.0,in,LankaQR,4,24,0,-0.09,0
BNK04409,2025-01-24,card_settlement,3471.0,in,POS_card,4,24,0,-0.14,0
BNK04410,2025-01-25,cash_deposit,34386.86,in,agency_banking_agent,5,25,0,0.49,0
BNK04411,2025-01-25,qr_settlement,14678.0,in,LankaQR,5,25,0,1.58,0
BNK04412,2025-01-25,card_settlement,6742.0,in,POS_card,5,25,0,0.97,0
BNK04413,2025-01-26,cash_deposit,27589.56,in,agency_banking_agent,6,26,0,-0.1,0
BNK04414,2025-01-26,qr_settlement,4704.0,in,LankaQR,6,26,0,-0.44,0
BNK04415,2025-01-26,card_settlement,6888.0,in,POS_card,6,26,0,1.02,0
BNK04416,2025-01-27,supplier_payment,51604.66,out,bank_transfer,0,27,0,2.7,1
BNK04417,2025-01-27,supplier_payment,48970.39,out,bank_transfer,0,27,0,2.5,1
BNK04418,2025-01-27,supplier_payment,41546.7,out,bank_transfer,0,27,0,1.95,0
BNK04419,2025-01-27,supplier_payment,6168.6,out,bank_transfer,0,27,0,-0.7,0
BNK04420,2025-01-27,supplier_payment,4757.22,out,bank_transfer,0,27,0,-0.8,0
BNK04421,2025-01-27,supplier_payment,9690.8,out,bank_transfer,0,27,0,-0.43,0
BNK04422,2025-01-27,supplier_payment,2621.67,out,bank_transfer,0,27,0,-0.96,0
BNK04423,2025-01-27,supplier_payment,5731.88,out,bank_transfer,0,27,0,-0.73,0
BNK04424,2025-01-27,supplier_payment,5892.25,out,bank_transfer,0,27,0,-0.72,0
BNK04425,2025-01-27,cash_deposit,15031.85,in,agency_banking_agent,0,27,0,-1.18,0
BNK04426,2025-01-27,qr_settlement,3932.0,in,LankaQR,0,27,0,-0.6,0
BNK04427,2025-01-27,card_settlement,5377.0,in,POS_card,0,27,0,0.51,0
BNK04428,2025-01-28,cash_deposit,33133.86,in,agency_banking_agent,1,28,0,0.38,0
BNK04429,2025-01-28,qr_settlement,13268.0,in,LankaQR,1,28,0,1.3,0
BNK04430,2025-01-28,card_settlement,4222.0,in,POS_card,1,28,0,0.12,0
BNK04431,2025-01-29,cash_deposit,31850.72,in,agency_banking_agent,2,29,0,0.27,0
BNK04432,2025-01-29,qr_settlement,4279.0,in,LankaQR,2,29,0,-0.53,0
BNK04433,2025-01-29,card_settlement,3452.0,in,POS_card,2,29,0,-0.14,0
BNK04434,2025-01-30,supplier_payment,59218.5,out,bank_transfer,3,30,0,3.27,1
BNK04435,2025-01-30,supplier_payment,23280.0,out,bank_transfer,3,30,0,0.58,0
BNK04436,2025-01-30,supplier_payment,29097.91,out,bank_transfer,3,30,0,1.02,0
BNK04437,2025-01-30,supplier_payment,10576.8,out,bank_transfer,3,30,0,-0.37,0
BNK04438,2025-01-30,supplier_payment,18304.49,out,bank_transfer,3,30,0,0.21,0
BNK04439,2025-01-30,supplier_payment,6660.4,out,bank_transfer,3,30,0,-0.66,0
BNK04440,2025-01-30,supplier_payment,5215.35,out,bank_transfer,3,30,0,-0.77,0
BNK04441,2025-01-30,supplier_payment,4007.92,out,bank_transfer,3,30,0,-0.86,0
BNK04442,2025-01-30,cash_deposit,28023.67,in,agency_banking_agent,3,30,0,-0.06,0
BNK04443,2025-01-30,qr_settlement,5957.0,in,LankaQR,3,30,0,-0.19,0
BNK04444,2025-01-30,card_settlement,3614.0,in,POS_card,3,30,0,-0.09,0
BNK04445,2025-01-31,cash_deposit,23041.03,in,agency_banking_agent,4,31,0,-0.49,0
BNK04446,2025-01-31,qr_settlement,4645.0,in,LankaQR,4,31,0,-0.45,0
BNK04447,2025-01-31,card_settlement,5561.0,in,POS_card,4,31,0,0.57,0
BNK04448,2025-02-01,cash_deposit,39538.72,in,agency_banking_agent,5,1,0,0.93,0
BNK04449,2025-02-01,qr_settlement,9131.0,in,LankaQR,5,1,0,0.46,0
BNK04450,2025-02-01,card_settlement,6988.0,in,POS_card,5,1,0,1.05,0
BNK04451,2025-02-02,cash_deposit,26884.64,in,agency_banking_agent,6,2,0,-0.16,0
BNK04452,2025-02-02,qr_settlement,7068.0,in,LankaQR,6,2,0,0.04,0
BNK04453,2025-02-02,card_settlement,3433.0,in,POS_card,6,2,0,-0.15,0
BNK04454,2025-02-03,supplier_payment,25392.0,out,bank_transfer,0,3,0,0.74,0
BNK04455,2025-02-03,supplier_payment,15034.57,out,bank_transfer,0,3,0,-0.03,0
BNK04456,2025-02-03,supplier_payment,19227.0,out,bank_transfer,0,3,0,0.28,0
BNK04457,2025-02-03,supplier_payment,6460.0,out,bank_transfer,0,3,0,-0.68,0
BNK04458,2025-02-03,supplier_payment,5004.0,out,bank_transfer,0,3,0,-0.78,0
BNK04459,2025-02-03,supplier_payment,3870.16,out,bank_transfer,0,3,0,-0.87,0
BNK04460,2025-02-03,supplier_payment,2871.05,out,bank_transfer,0,3,0,-0.94,0
BNK04461,2025-02-03,supplier_payment,5912.2,out,bank_transfer,0,3,0,-0.72,0
BNK04462,2025-02-03,cash_deposit,24543.9,in,agency_banking_agent,0,3,0,-0.36,0
BNK04463,2025-02-03,qr_settlement,2004.0,in,LankaQR,0,3,0,-0.99,0
BNK04464,2025-02-03,card_settlement,2260.0,in,POS_card,0,3,0,-0.55,0
BNK04465,2025-02-04,cash_deposit,23795.43,in,agency_banking_agent,1,4,0,-0.42,0
BNK04466,2025-02-04,qr_settlement,3623.0,in,LankaQR,1,4,0,-0.66,0
BNK04467,2025-02-04,card_settlement,5064.0,in,POS_card,1,4,0,0.4,0
BNK04468,2025-02-05,cash_deposit,27390.25,in,agency_banking_agent,2,5,0,-0.11,0
BNK04469,2025-02-05,qr_settlement,6520.0,in,LankaQR,2,5,0,-0.07,0
BNK04470,2025-02-05,card_settlement,2519.0,in,POS_card,2,5,0,-0.46,0
BNK04471,2025-02-06,supplier_payment,20140.65,out,bank_transfer,3,6,0,0.35,0
BNK04472,2025-02-06,supplier_payment,14311.5,out,bank_transfer,3,6,0,-0.09,0
BNK04473,2025-02-06,supplier_payment,10751.16,out,bank_transfer,3,6,0,-0.35,0
BNK04474,2025-02-06,cash_deposit,37696.58,in,agency_banking_agent,3,6,0,0.77,0
BNK04475,2025-02-06,qr_settlement,13190.0,in,LankaQR,3,6,0,1.28,0
BNK04476,2025-02-06,card_settlement,2577.0,in,POS_card,3,6,0,-0.44,0
BNK04477,2025-02-07,cash_deposit,37310.55,in,agency_banking_agent,4,7,0,0.74,0
BNK04478,2025-02-07,qr_settlement,3534.0,in,LankaQR,4,7,0,-0.68,0
BNK04479,2025-02-07,card_settlement,5500.0,in,POS_card,4,7,0,0.55,0
BNK04480,2025-02-08,cash_deposit,23618.34,in,agency_banking_agent,5,8,0,-0.44,0
BNK04481,2025-02-08,qr_settlement,8755.0,in,LankaQR,5,8,0,0.38,0
BNK04482,2025-02-08,card_settlement,890.0,in,POS_card,5,8,0,-1.01,0
BNK04483,2025-02-09,cash_deposit,14295.26,in,agency_banking_agent,6,9,0,-1.24,0
BNK04484,2025-02-09,qr_settlement,6776.0,in,LankaQR,6,9,0,-0.02,0
BNK04485,2025-02-09,card_settlement,3007.0,in,POS_card,6,9,0,-0.29,0
BNK04486,2025-02-10,supplier_payment,30539.73,out,bank_transfer,0,10,0,1.13,0
BNK04487,2025-02-10,supplier_payment,34759.8,out,bank_transfer,0,10,0,1.44,0
BNK04488,2025-02-10,supplier_payment,10933.2,out,bank_transfer,0,10,0,-0.34,0
BNK04489,2025-02-10,supplier_payment,11811.6,out,bank_transfer,0,10,0,-0.28,0
BNK04490,2025-02-10,supplier_payment,15809.64,out,bank_transfer,0,10,0,0.02,0
BNK04491,2025-02-10,supplier_payment,6267.34,out,bank_transfer,0,10,0,-0.69,0
BNK04492,2025-02-10,supplier_payment,9144.63,out,bank_transfer,0,10,0,-0.47,0
BNK04493,2025-02-10,supplier_payment,4052.72,out,bank_transfer,0,10,0,-0.86,0
BNK04494,2025-02-10,supplier_payment,2717.22,out,bank_transfer,0,10,0,-0.96,0
BNK04495,2025-02-10,supplier_payment,6076.0,out,bank_transfer,0,10,0,-0.7,0
BNK04496,2025-02-10,cash_deposit,24367.93,in,agency_banking_agent,0,10,0,-0.37,0
BNK04497,2025-02-10,qr_settlement,6707.0,in,LankaQR,0,10,0,-0.03,1
BNK04498,2025-02-10,card_settlement,6466.0,in,POS_card,0,10,0,0.88,0
BNK04499,2025-02-11,cash_deposit,19082.24,in,agency_banking_agent,1,11,0,-0.83,0
BNK04500,2025-02-11,qr_settlement,16569.0,in,LankaQR,1,11,0,1.97,0
BNK04501,2025-02-11,card_settlement,3390.0,in,POS_card,1,11,0,-0.16,0
BNK04502,2025-02-12,cash_deposit,22728.39,in,agency_banking_agent,2,12,0,-0.52,0
BNK04503,2025-02-12,qr_settlement,15396.0,in,LankaQR,2,12,0,1.73,0
BNK04504,2025-02-12,card_settlement,7120.0,in,POS_card,2,12,0,1.1,0
BNK04505,2025-02-13,supplier_payment,28473.02,out,bank_transfer,3,13,0,0.97,0
BNK04506,2025-02-13,supplier_payment,14151.0,out,bank_transfer,3,13,0,-0.1,0
BNK04507,2025-02-13,supplier_payment,10658.76,out,bank_transfer,3,13,0,-0.36,0
BNK04508,2025-02-13,cash_deposit,28251.41,in,agency_banking_agent,3,13,0,-0.04,0
BNK04509,2025-02-13,qr_settlement,7328.0,in,LankaQR,3,13,0,0.09,0
BNK04510,2025-02-13,card_settlement,8274.0,in,POS_card,3,13,0,1.49,0
BNK04511,2025-02-14,cash_deposit,26952.3,in,agency_banking_agent,4,14,0,-0.15,0
BNK04512,2025-02-14,qr_settlement,13174.0,in,LankaQR,4,14,0,1.28,0
BNK04513,2025-02-14,card_settlement,2922.0,in,POS_card,4,14,0,-0.32,0
BNK04514,2025-02-15,cash_deposit,25471.76,in,agency_banking_agent,5,15,0,-0.28,0
BNK04515,2025-02-15,qr_settlement,5597.0,in,LankaQR,5,15,0,-0.26,0
BNK04516,2025-02-15,card_settlement,2542.0,in,POS_card,5,15,0,-0.45,0
BNK04517,2025-02-16,cash_deposit,22313.34,in,agency_banking_agent,6,16,0,-0.55,0
BNK04518,2025-02-16,qr_settlement,15279.0,in,LankaQR,6,16,0,1.71,0
BNK04519,2025-02-16,card_settlement,2903.0,in,POS_card,6,16,0,-0.33,0
BNK04520,2025-02-17,supplier_payment,65958.88,out,bank_transfer,0,17,1,3.78,1
BNK04521,2025-02-17,supplier_payment,19415.7,out,bank_transfer,0,17,1,0.29,0
BNK04522,2025-02-17,supplier_payment,21591.0,out,bank_transfer,0,17,1,0.46,0
BNK04523,2025-02-17,supplier_payment,6195.6,out,bank_transfer,0,17,1,-0.7,0
BNK04524,2025-02-17,supplier_payment,19107.5,out,bank_transfer,0,17,1,0.27,0
BNK04525,2025-02-17,supplier_payment,6710.0,out,bank_transfer,0,17,1,-0.66,0
BNK04526,2025-02-17,supplier_payment,5008.4,out,bank_transfer,0,17,1,-0.78,0
BNK04527,2025-02-17,supplier_payment,3870.72,out,bank_transfer,0,17,1,-0.87,0
BNK04528,2025-02-17,cash_deposit,29886.08,in,agency_banking_agent,0,17,1,0.1,0
BNK04529,2025-02-17,qr_settlement,6660.0,in,LankaQR,0,17,1,-0.04,0
BNK04530,2025-02-17,card_settlement,3641.0,in,POS_card,0,17,0,-0.08,0
BNK04531,2025-02-18,cash_deposit,30660.6,in,agency_banking_agent,1,18,0,0.17,0
BNK04532,2025-02-18,qr_settlement,4999.0,in,LankaQR,1,18,0,-0.38,0
BNK04533,2025-02-18,card_settlement,1263.0,in,POS_card,1,18,0,-0.88,0
BNK04534,2025-02-19,cash_deposit,19966.82,in,agency_banking_agent,2,19,0,-0.75,0
BNK04535,2025-02-19,qr_settlement,1524.0,in,LankaQR,2,19,0,-1.08,0
BNK04536,2025-02-19,card_settlement,7566.0,in,POS_card,2,19,0,1.25,0
BNK04537,2025-02-20,supplier_payment,56437.03,out,bank_transfer,3,20,0,3.06,1
BNK04538,2025-02-20,supplier_payment,20500.0,out,bank_transfer,3,20,0,0.37,0
BNK04539,2025-02-20,supplier_payment,10755.0,out,bank_transfer,3,20,0,-0.35,0
BNK04540,2025-02-20,supplier_payment,6044.88,out,bank_transfer,3,20,0,-0.71,0
BNK04541,2025-02-20,supplier_payment,14540.5,out,bank_transfer,3,20,0,-0.07,0
BNK04542,2025-02-20,supplier_payment,5742.24,out,bank_transfer,3,20,0,-0.73,0
BNK04543,2025-02-20,cash_deposit,22126.22,in,agency_banking_agent,3,20,0,-0.57,0
BNK04544,2025-02-20,qr_settlement,746.0,in,LankaQR,3,20,0,-1.24,0
BNK04545,2025-02-20,card_settlement,8288.0,in,POS_card,3,20,0,1.49,0
BNK04546,2025-02-21,cash_deposit,22471.4,in,agency_banking_agent,4,21,0,-0.54,0
BNK04547,2025-02-21,qr_settlement,6705.0,in,LankaQR,4,21,0,-0.03,0
BNK04548,2025-02-21,card_settlement,2380.0,in,POS_card,4,21,0,-0.51,0
BNK04549,2025-02-22,cash_deposit,24271.38,in,agency_banking_agent,5,22,0,-0.38,0
BNK04550,2025-02-22,qr_settlement,7655.0,in,LankaQR,5,22,0,0.16,0
BNK04551,2025-02-22,card_settlement,5533.0,in,POS_card,5,22,0,0.56,0
BNK04552,2025-02-23,cash_deposit,24017.02,in,agency_banking_agent,6,23,0,-0.4,0
BNK04553,2025-02-23,qr_settlement,9036.0,in,LankaQR,6,23,0,0.44,0
BNK04554,2025-02-23,card_settlement,3438.0,in,POS_card,6,23,0,-0.15,0
BNK04555,2025-02-24,supplier_payment,34199.1,out,bank_transfer,0,24,0,1.4,0
BNK04556,2025-02-24,supplier_payment,19255.5,out,bank_transfer,0,24,0,0.28,0
BNK04557,2025-02-24,supplier_payment,6787.6,out,bank_transfer,0,24,0,-0.65,0
BNK04558,2025-02-24,supplier_payment,4417.8,out,bank_transfer,0,24,0,-0.83,0
BNK04559,2025-02-24,supplier_payment,8365.04,out,bank_transfer,0,24,0,-0.53,0
BNK04560,2025-02-24,supplier_payment,5658.8,out,bank_transfer,0,24,0,-0.74,0
BNK04561,2025-02-24,cash_deposit,39651.75,in,agency_banking_agent,0,24,0,0.94,0
BNK04562,2025-02-24,qr_settlement,744.0,in,LankaQR,0,24,0,-1.24,0
BNK04563,2025-02-24,card_settlement,5621.0,in,POS_card,0,24,0,0.59,0
BNK04564,2025-02-25,cash_deposit,26504.19,in,agency_banking_agent,1,25,0,-0.19,0
BNK04565,2025-02-25,qr_settlement,3134.0,in,LankaQR,1,25,0,-0.76,0
BNK04566,2025-02-25,card_settlement,4471.0,in,POS_card,1,25,0,0.2,0
BNK04567,2025-02-26,cash_deposit,20774.98,in,agency_banking_agent,2,26,0,-0.68,0
BNK04568,2025-02-26,qr_settlement,1974.0,in,LankaQR,2,26,0,-0.99,0
BNK04569,2025-02-26,card_settlement,1329.0,in,POS_card,2,26,0,-0.86,0
BNK04570,2025-02-27,supplier_payment,29825.44,out,bank_transfer,3,27,0,1.07,0
BNK04571,2025-02-27,supplier_payment,19419.56,out,bank_transfer,3,27,0,0.29,0
BNK04572,2025-02-27,supplier_payment,11708.34,out,bank_transfer,3,27,0,-0.28,0
BNK04573,2025-02-27,supplier_payment,3737.76,out,bank_transfer,3,27,0,-0.88,0
BNK04574,2025-02-27,supplier_payment,5130.0,out,bank_transfer,3,27,0,-0.77,0
BNK04575,2025-02-27,cash_deposit,18000.94,in,agency_banking_agent,3,27,0,-0.92,0
BNK04576,2025-02-27,qr_settlement,6124.0,in,LankaQR,3,27,0,-0.15,0
BNK04577,2025-02-27,card_settlement,6616.0,in,POS_card,3,27,0,0.93,0
BNK04578,2025-02-28,cash_deposit,29597.35,in,agency_banking_agent,4,28,0,0.08,0
BNK04579,2025-02-28,qr_settlement,4131.0,in,LankaQR,4,28,0,-0.56,0
BNK04580,2025-02-28,card_settlement,6022.0,in,POS_card,4,28,0,0.73,0
BNK04581,2025-03-01,cash_deposit,18825.68,in,agency_banking_agent,5,1,0,-0.85,0
BNK04582,2025-03-01,qr_settlement,6578.0,in,LankaQR,5,1,0,-0.06,0
BNK04583,2025-03-01,card_settlement,6447.0,in,POS_card,5,1,0,0.87,0
BNK04584,2025-03-02,cash_deposit,22976.03,in,agency_banking_agent,6,2,0,-0.49,0
BNK04585,2025-03-02,qr_settlement,6324.0,in,LankaQR,6,2,0,-0.11,0
BNK04586,2025-03-02,card_settlement,1089.0,in,POS_card,6,2,0,-0.94,0
BNK04587,2025-03-03,supplier_payment,20969.3,out,bank_transfer,0,3,0,0.41,0
BNK04588,2025-03-03,supplier_payment,22504.5,out,bank_transfer,0,3,0,0.52,0
BNK04589,2025-03-03,supplier_payment,17097.6,out,bank_transfer,0,3,0,0.12,0
BNK04590,2025-03-03,supplier_payment,9477.0,out,bank_transfer,0,3,0,-0.45,0
BNK04591,2025-03-03,supplier_payment,35373.2,out,bank_transfer,0,3,0,1.49,0
BNK04592,2025-03-03,supplier_payment,11905.2,out,bank_transfer,0,3,0,-0.27,0
BNK04593,2025-03-03,supplier_payment,6267.6,out,bank_transfer,0,3,0,-0.69,0
BNK04594,2025-03-03,supplier_payment,18689.5,out,bank_transfer,0,3,0,0.24,0
BNK04595,2025-03-03,supplier_payment,4917.2,out,bank_transfer,0,3,0,-0.79,0
BNK04596,2025-03-03,supplier_payment,3400.32,out,bank_transfer,0,3,0,-0.9,0
BNK04597,2025-03-03,supplier_payment,6062.0,out,bank_transfer,0,3,0,-0.71,0
BNK04598,2025-03-03,cash_deposit,26424.24,in,agency_banking_agent,0,3,0,-0.2,0
BNK04599,2025-03-03,qr_settlement,9830.0,in,LankaQR,0,3,0,0.6,0
BNK04600,2025-03-03,card_settlement,4591.0,in,POS_card,0,3,0,0.24,0
BNK04601,2025-03-04,cash_deposit,27689.63,in,agency_banking_agent,1,4,0,-0.09,0
BNK04602,2025-03-04,qr_settlement,9376.0,in,LankaQR,1,4,0,0.51,0
BNK04603,2025-03-04,card_settlement,12291.0,in,POS_card,1,4,0,2.85,1
BNK04604,2025-03-05,cash_deposit,19167.81,in,agency_banking_agent,2,5,0,-0.82,0
BNK04605,2025-03-05,qr_settlement,6857.0,in,LankaQR,2,5,0,-0.0,0
BNK04606,2025-03-05,card_settlement,4235.0,in,POS_card,2,5,0,0.12,0
BNK04607,2025-03-06,supplier_payment,3010.0,out,bank_transfer,3,6,0,-0.93,0
BNK04608,2025-03-06,cash_deposit,25875.8,in,agency_banking_agent,3,6,0,-0.24,0
BNK04609,2025-03-06,qr_settlement,4587.0,in,LankaQR,3,6,0,-0.46,0
BNK04610,2025-03-06,card_settlement,4766.0,in,POS_card,3,6,0,0.3,0
BNK04611,2025-03-07,cash_deposit,26808.32,in,agency_banking_agent,4,7,0,-0.16,0
BNK04612,2025-03-07,qr_settlement,2516.0,in,LankaQR,4,7,0,-0.88,0
BNK04613,2025-03-07,card_settlement,594.0,in,POS_card,4,7,0,-1.11,0
BNK04614,2025-03-08,cash_deposit,32450.28,in,agency_banking_agent,5,8,0,0.32,0
BNK04615,2025-03-08,qr_settlement,4030.0,in,LankaQR,5,8,0,-0.58,0
BNK04616,2025-03-08,card_settlement,10520.0,in,POS_card,5,8,0,2.25,0
BNK04617,2025-03-09,cash_deposit,26970.63,in,agency_banking_agent,6,9,0,-0.15,0
BNK04618,2025-03-09,qr_settlement,6268.0,in,LankaQR,6,9,0,-0.12,0
BNK04619,2025-03-09,card_settlement,5137.0,in,POS_card,6,9,0,0.43,0
BNK04620,2025-03-10,supplier_payment,22029.8,out,bank_transfer,0,10,0,0.49,0
BNK04621,2025-03-10,supplier_payment,8856.5,out,bank_transfer,0,10,0,-0.5,0
BNK04622,2025-03-10,supplier_payment,33888.67,out,bank_transfer,0,10,0,1.38,0
BNK04623,2025-03-10,supplier_payment,6051.6,out,bank_transfer,0,10,0,-0.71,0
BNK04624,2025-03-10,supplier_payment,6669.2,out,bank_transfer,0,10,0,-0.66,0
BNK04625,2025-03-10,supplier_payment,5005.6,out,bank_transfer,0,10,0,-0.78,0
BNK04626,2025-03-10,supplier_payment,9561.65,out,bank_transfer,0,10,0,-0.44,0
BNK04627,2025-03-10,supplier_payment,6043.0,out,bank_transfer,0,10,0,-0.71,0
BNK04628,2025-03-10,cash_deposit,34654.9,in,agency_banking_agent,0,10,0,0.51,0
BNK04629,2025-03-10,qr_settlement,6869.0,in,LankaQR,0,10,0,-0.0,0
BNK04630,2025-03-10,card_settlement,3684.0,in,POS_card,0,10,0,-0.06,0
BNK04631,2025-03-11,cash_deposit,16479.11,in,agency_banking_agent,1,11,0,-1.05,0
BNK04632,2025-03-11,qr_settlement,4935.0,in,LankaQR,1,11,0,-0.39,0
BNK04633,2025-03-11,card_settlement,4739.0,in,POS_card,1,11,0,0.29,0
BNK04634,2025-03-12,cash_deposit,31661.95,in,agency_banking_agent,2,12,0,0.25,0
BNK04635,2025-03-12,qr_settlement,4228.0,in,LankaQR,2,12,0,-0.54,0
BNK04636,2025-03-12,card_settlement,5995.0,in,POS_card,2,12,0,0.72,0
BNK04637,2025-03-13,supplier_payment,62688.6,out,bank_transfer,3,13,0,3.53,1
BNK04638,2025-03-13,supplier_payment,29145.62,out,bank_transfer,3,13,0,1.02,0
BNK04639,2025-03-13,supplier_payment,17302.8,out,bank_transfer,3,13,0,0.14,0
BNK04640,2025-03-13,supplier_payment,10395.28,out,bank_transfer,3,13,0,-0.38,0
BNK04641,2025-03-13,supplier_payment,2528.4,out,bank_transfer,3,13,0,-0.97,0
BNK04642,2025-03-13,cash_deposit,27683.14,in,agency_banking_agent,3,13,0,-0.09,0
BNK04643,2025-03-13,qr_settlement,5571.0,in,LankaQR,3,13,0,-0.26,0
BNK04644,2025-03-13,card_settlement,3303.0,in,POS_card,3,13,0,-0.19,0
BNK04645,2025-03-14,cash_deposit,17820.72,in,agency_banking_agent,4,14,0,-0.94,0
BNK04646,2025-03-14,qr_settlement,5914.0,in,LankaQR,4,14,0,-0.19,0
BNK04647,2025-03-14,card_settlement,1612.0,in,POS_card,4,14,0,-0.76,0
BNK04648,2025-03-15,cash_deposit,29470.5,in,agency_banking_agent,5,15,0,0.06,0
BNK04649,2025-03-15,qr_settlement,5752.0,in,LankaQR,5,15,0,-0.23,0
BNK04650,2025-03-15,card_settlement,3176.0,in,POS_card,5,15,0,-0.24,0
BNK04651,2025-03-16,cash_deposit,21183.03,in,agency_banking_agent,6,16,0,-0.65,0
BNK04652,2025-03-16,qr_settlement,6634.0,in,LankaQR,6,16,0,-0.05,0
BNK04653,2025-03-16,card_settlement,1232.0,in,POS_card,6,16,0,-0.89,0
BNK04654,2025-03-17,supplier_payment,52673.25,out,bank_transfer,0,17,0,2.78,1
BNK04655,2025-03-17,supplier_payment,33048.45,out,bank_transfer,0,17,0,1.31,0
BNK04656,2025-03-17,supplier_payment,33654.83,out,bank_transfer,0,17,0,1.36,0
BNK04657,2025-03-17,supplier_payment,11779.2,out,bank_transfer,0,17,0,-0.28,0
BNK04658,2025-03-17,supplier_payment,6895.6,out,bank_transfer,0,17,0,-0.64,0
BNK04659,2025-03-17,supplier_payment,3999.24,out,bank_transfer,0,17,0,-0.86,0
BNK04660,2025-03-17,supplier_payment,6050.0,out,bank_transfer,0,17,0,-0.71,0
BNK04661,2025-03-17,cash_deposit,34821.67,in,agency_banking_agent,0,17,0,0.52,0
BNK04662,2025-03-17,qr_settlement,9259.0,in,LankaQR,0,17,0,0.48,0
BNK04663,2025-03-17,card_settlement,2526.0,in,POS_card,0,17,0,-0.46,0
BNK04664,2025-03-18,cash_deposit,22029.48,in,agency_banking_agent,1,18,0,-0.58,0
BNK04665,2025-03-18,qr_settlement,8866.0,in,LankaQR,1,18,0,0.4,0
BNK04666,2025-03-18,card_settlement,2286.0,in,POS_card,1,18,0,-0.54,0
BNK04667,2025-03-19,cash_deposit,17391.9,in,agency_banking_agent,2,19,0,-0.97,0
BNK04668,2025-03-19,qr_settlement,3358.0,in,LankaQR,2,19,0,-0.71,0
BNK04669,2025-03-19,card_settlement,902.0,in,POS_card,2,19,0,-1.01,0
BNK04670,2025-03-20,supplier_payment,20247.62,out,bank_transfer,3,20,0,0.36,0
BNK04671,2025-03-20,cash_deposit,20787.54,in,agency_banking_agent,3,20,0,-0.68,0
BNK04672,2025-03-20,qr_settlement,7243.0,in,LankaQR,3,20,0,0.08,0
BNK04673,2025-03-20,card_settlement,1843.0,in,POS_card,3,20,0,-0.69,0
BNK04674,2025-03-21,cash_deposit,30327.09,in,agency_banking_agent,4,21,0,0.14,0
BNK04675,2025-03-21,qr_settlement,8178.0,in,LankaQR,4,21,0,0.26,0
BNK04676,2025-03-21,card_settlement,496.0,in,POS_card,4,21,0,-1.14,0
BNK04677,2025-03-22,cash_deposit,27928.76,in,agency_banking_agent,5,22,0,-0.07,0
BNK04678,2025-03-22,qr_settlement,12501.0,in,LankaQR,5,22,0,1.14,0
BNK04679,2025-03-22,card_settlement,2885.0,in,POS_card,5,22,0,-0.33,0
BNK04680,2025-03-23,cash_deposit,30815.31,in,agency_banking_agent,6,23,0,0.18,0
BNK04681,2025-03-23,qr_settlement,9104.0,in,LankaQR,6,23,0,0.45,0
BNK04682,2025-03-23,card_settlement,5608.0,in,POS_card,6,23,0,0.59,0
BNK04683,2025-03-24,supplier_payment,47652.78,out,bank_transfer,0,24,0,2.41,1
BNK04684,2025-03-24,supplier_payment,21916.8,out,bank_transfer,0,24,0,0.48,0
BNK04685,2025-03-24,supplier_payment,33758.12,out,bank_transfer,0,24,0,1.37,0
BNK04686,2025-03-24,supplier_payment,16438.5,out,bank_transfer,0,24,0,0.07,0
BNK04687,2025-03-24,supplier_payment,19446.5,out,bank_transfer,0,24,0,0.3,0
BNK04688,2025-03-24,supplier_payment,10468.36,out,bank_transfer,0,24,0,-0.38,0
BNK04689,2025-03-24,cash_deposit,23787.03,in,agency_banking_agent,0,24,0,-0.42,0
BNK04690,2025-03-24,qr_settlement,2179.0,in,LankaQR,0,24,0,-0.95,0
BNK04691,2025-03-24,card_settlement,4819.0,in,POS_card,0,24,0,0.32,0
BNK04692,2025-03-25,cash_deposit,33356.32,in,agency_banking_agent,1,25,0,0.4,0
BNK04693,2025-03-25,qr_settlement,1112.0,in,LankaQR,1,25,0,-1.17,0
BNK04694,2025-03-25,card_settlement,2958.0,in,POS_card,1,25,0,-0.31,0
BNK04695,2025-03-26,cash_deposit,29291.32,in,agency_banking_agent,2,26,0,0.05,0
BNK04696,2025-03-26,qr_settlement,3778.0,in,LankaQR,2,26,0,-0.63,0
BNK04697,2025-03-26,card_settlement,6958.0,in,POS_card,2,26,0,1.04,0
BNK04698,2025-03-27,supplier_payment,5392.1,out,bank_transfer,3,27,0,-0.76,0
BNK04699,2025-03-27,supplier_payment,5845.84,out,bank_transfer,3,27,0,-0.72,0
BNK04700,2025-03-27,cash_deposit,18237.51,in,agency_banking_agent,3,27,0,-0.9,0
BNK04701,2025-03-27,qr_settlement,7902.0,in,LankaQR,3,27,0,0.21,0
BNK04702,2025-03-27,card_settlement,2563.0,in,POS_card,3,27,0,-0.44,0
BNK04703,2025-03-28,cash_deposit,23545.73,in,agency_banking_agent,4,28,0,-0.45,0
BNK04704,2025-03-28,qr_settlement,4521.0,in,LankaQR,4,28,0,-0.48,0
BNK04705,2025-03-28,card_settlement,2314.0,in,POS_card,4,28,0,-0.53,0
BNK04706,2025-03-29,cash_deposit,24754.79,in,agency_banking_agent,5,29,0,-0.34,0
BNK04707,2025-03-29,qr_settlement,5925.0,in,LankaQR,5,29,0,-0.19,0
BNK04708,2025-03-29,card_settlement,6184.0,in,POS_card,5,29,0,0.78,0
BNK04709,2025-03-30,cash_deposit,32257.93,in,agency_banking_agent,6,30,0,0.3,0
BNK04710,2025-03-30,qr_settlement,14728.0,in,LankaQR,6,30,0,1.59,0
BNK04711,2025-03-30,card_settlement,3616.0,in,POS_card,6,30,0,-0.09,0
BNK04712,2025-03-31,supplier_payment,33203.89,out,bank_transfer,0,31,0,1.33,0
BNK04713,2025-03-31,supplier_payment,20435.24,out,bank_transfer,0,31,0,0.37,0
BNK04714,2025-03-31,supplier_payment,17537.58,out,bank_transfer,0,31,0,0.15,0
BNK04715,2025-03-31,supplier_payment,14165.0,out,bank_transfer,0,31,0,-0.1,0
BNK04716,2025-03-31,supplier_payment,3728.4,out,bank_transfer,0,31,0,-0.88,0
BNK04717,2025-03-31,cash_deposit,34990.44,in,agency_banking_agent,0,31,0,0.54,0
BNK04718,2025-03-31,qr_settlement,9732.0,in,LankaQR,0,31,0,0.58,0
BNK04719,2025-03-31,card_settlement,3207.0,in,POS_card,0,31,0,-0.23,0
BNK04720,2025-04-01,cash_deposit,23640.55,in,agency_banking_agent,1,1,0,-0.44,0
BNK04721,2025-04-01,qr_settlement,7377.0,in,LankaQR,1,1,0,0.1,0
BNK04722,2025-04-01,card_settlement,8576.0,in,POS_card,1,1,0,1.59,0
BNK04723,2025-04-02,cash_deposit,15676.52,in,agency_banking_agent,2,2,0,-1.12,0
BNK04724,2025-04-02,qr_settlement,11870.0,in,LankaQR,2,2,0,1.01,0
BNK04725,2025-04-02,card_settlement,2911.0,in,POS_card,2,2,0,-0.33,0
BNK04726,2025-04-03,supplier_payment,56660.78,out,bank_transfer,3,3,0,3.08,1
BNK04727,2025-04-03,supplier_payment,15793.12,out,bank_transfer,3,3,0,0.02,0
BNK04728,2025-04-03,supplier_payment,4699.5,out,bank_transfer,3,3,0,-0.81,0
BNK04729,2025-04-03,supplier_payment,10741.92,out,bank_transfer,3,3,0,-0.36,0
BNK04730,2025-04-03,supplier_payment,6093.5,out,bank_transfer,3,3,0,-0.7,0
BNK04731,2025-04-03,cash_deposit,26869.69,in,agency_banking_agent,3,3,0,-0.16,0
BNK04732,2025-04-03,qr_settlement,12978.0,in,LankaQR,3,3,0,1.24,0
BNK04733,2025-04-03,card_settlement,911.0,in,POS_card,3,3,0,-1.0,0
BNK04734,2025-04-04,cash_deposit,46970.53,in,agency_banking_agent,4,4,0,1.57,0
BNK04735,2025-04-04,qr_settlement,7817.0,in,LankaQR,4,4,0,0.19,0
BNK04736,2025-04-04,card_settlement,2067.0,in,POS_card,4,4,0,-0.61,0
BNK04737,2025-04-05,cash_deposit,42574.68,in,agency_banking_agent,5,5,0,1.19,0
BNK04738,2025-04-05,qr_settlement,12415.0,in,LankaQR,5,5,0,1.12,0
BNK04739,2025-04-05,card_settlement,5088.0,in,POS_card,5,5,0,0.41,0
BNK04740,2025-04-06,cash_deposit,45583.25,in,agency_banking_agent,6,6,0,1.45,0
BNK04741,2025-04-06,qr_settlement,20946.0,in,LankaQR,6,6,0,2.85,1
BNK04742,2025-04-06,card_settlement,2033.0,in,POS_card,6,6,0,-0.62,0
BNK04743,2025-04-07,supplier_payment,53793.61,out,bank_transfer,0,7,0,2.87,1
BNK04744,2025-04-07,supplier_payment,10300.95,out,bank_transfer,0,7,0,-0.39,0
BNK04745,2025-04-07,supplier_payment,17309.0,out,bank_transfer,0,7,0,0.14,0
BNK04746,2025-04-07,supplier_payment,12200.4,out,bank_transfer,0,7,0,-0.25,0
BNK04747,2025-04-07,supplier_payment,6202.8,out,bank_transfer,0,7,0,-0.69,0
BNK04748,2025-04-07,supplier_payment,6970.4,out,bank_transfer,0,7,0,-0.64,0
BNK04749,2025-04-07,supplier_payment,10758.16,out,bank_transfer,0,7,0,-0.35,0
BNK04750,2025-04-07,supplier_payment,9552.2,out,bank_transfer,0,7,0,-0.44,0
BNK04751,2025-04-07,supplier_payment,2851.92,out,bank_transfer,0,7,0,-0.95,0
BNK04752,2025-04-07,cash_deposit,66781.94,in,agency_banking_agent,0,7,0,3.27,1
BNK04753,2025-04-07,qr_settlement,17030.0,in,LankaQR,0,7,0,2.06,0
BNK04754,2025-04-07,card_settlement,7434.0,in,POS_card,0,7,0,1.2,0
BNK04755,2025-04-08,cash_deposit,78111.27,in,agency_banking_agent,1,8,0,4.25,1
BNK04756,2025-04-08,qr_settlement,17943.0,in,LankaQR,1,8,0,2.25,0
BNK04757,2025-04-08,card_settlement,4877.0,in,POS_card,1,8,0,0.34,0
BNK04758,2025-04-09,cash_deposit,81889.74,in,agency_banking_agent,2,9,0,4.57,1
BNK04759,2025-04-09,qr_settlement,11882.0,in,LankaQR,2,9,0,1.02,0
BNK04760,2025-04-09,card_settlement,10804.0,in,POS_card,2,9,0,2.34,1
BNK04761,2025-04-10,supplier_payment,57369.12,out,bank_transfer,3,10,0,3.13,1
BNK04762,2025-04-10,supplier_payment,20400.64,out,bank_transfer,3,10,0,0.37,0
BNK04763,2025-04-10,supplier_payment,37305.0,out,bank_transfer,3,10,0,1.63,0
BNK04764,2025-04-10,supplier_payment,26443.5,out,bank_transfer,3,10,0,0.82,0
BNK04765,2025-04-10,supplier_payment,10587.36,out,bank_transfer,3,10,0,-0.37,0
BNK04766,2025-04-10,supplier_payment,36058.58,out,bank_transfer,3,10,0,1.54,0
BNK04767,2025-04-10,supplier_payment,17600.06,out,bank_transfer,3,10,0,0.16,0
BNK04768,2025-04-10,supplier_payment,14688.5,out,bank_transfer,3,10,0,-0.06,0
BNK04769,2025-04-10,supplier_payment,5107.2,out,bank_transfer,3,10,0,-0.78,0
BNK04770,2025-04-10,supplier_payment,9835.18,out,bank_transfer,3,10,0,-0.42,0
BNK04771,2025-04-10,supplier_payment,6348.5,out,bank_transfer,3,10,0,-0.68,0
BNK04772,2025-04-10,cash_deposit,128869.11,in,agency_banking_agent,3,10,0,8.61,1
BNK04773,2025-04-10,qr_settlement,29876.0,in,LankaQR,3,10,0,4.67,1
BNK04774,2025-04-10,card_settlement,14797.0,in,POS_card,3,10,0,3.7,1
BNK04775,2025-04-11,cash_deposit,87211.13,in,agency_banking_agent,4,11,0,5.03,1
BNK04776,2025-04-11,qr_settlement,25552.0,in,LankaQR,4,11,0,3.79,1
BNK04777,2025-04-11,card_settlement,24767.0,in,POS_card,4,11,0,7.07,1
BNK04778,2025-04-12,cash_deposit,54450.01,in,agency_banking_agent,5,12,1,2.21,1
BNK04779,2025-04-12,qr_settlement,21356.0,in,LankaQR,5,12,1,2.94,1
BNK04780,2025-04-12,card_settlement,2982.0,in,POS_card,5,12,0,-0.3,0
BNK04781,2025-04-13,cash_deposit,38110.93,in,agency_banking_agent,6,13,1,0.81,0
BNK04782,2025-04-13,qr_settlement,4023.0,in,LankaQR,6,13,1,-0.58,0
BNK04783,2025-04-13,card_settlement,3893.0,in,POS_card,6,13,0,0.01,0
BNK04784,2025-04-14,supplier_payment,55618.5,out,bank_transfer,0,14,0,3.0,1
BNK04785,2025-04-14,supplier_payment,20408.06,out,bank_transfer,0,14,0,0.37,0
BNK04786,2025-04-14,supplier_payment,23944.5,out,bank_transfer,0,14,0,0.63,0
BNK04787,2025-04-14,supplier_payment,37079.55,out,bank_transfer,0,14,0,1.61,0
BNK04788,2025-04-14,supplier_payment,35257.95,out,bank_transfer,0,14,0,1.48,0
BNK04789,2025-04-14,supplier_payment,38845.8,out,bank_transfer,0,14,0,1.75,0
BNK04790,2025-04-14,supplier_payment,22463.75,out,bank_transfer,0,14,0,0.52,0
BNK04791,2025-04-14,supplier_payment,22005.6,out,bank_transfer,0,14,0,0.49,0
BNK04792,2025-04-14,supplier_payment,43131.6,out,bank_transfer,0,14,0,2.07,0
BNK04793,2025-04-14,supplier_payment,12816.0,out,bank_transfer,0,14,0,-0.2,0
BNK04794,2025-04-14,supplier_payment,6561.0,out,bank_transfer,0,14,0,-0.67,0
BNK04795,2025-04-14,supplier_payment,20179.5,out,bank_transfer,0,14,0,0.35,0
BNK04796,2025-04-14,supplier_payment,6878.8,out,bank_transfer,0,14,0,-0.64,0
BNK04797,2025-04-14,supplier_payment,5115.2,out,bank_transfer,0,14,0,-0.78,0
BNK04798,2025-04-14,supplier_payment,9890.65,out,bank_transfer,0,14,0,-0.42,0
BNK04799,2025-04-14,supplier_payment,3004.05,out,bank_transfer,0,14,0,-0.93,0
BNK04800,2025-04-14,supplier_payment,6657.0,out,bank_transfer,0,14,0,-0.66,0
BNK04801,2025-04-14,cash_deposit,154315.19,in,agency_banking_agent,0,14,0,10.8,1
BNK04802,2025-04-14,qr_settlement,43899.0,in,LankaQR,0,14,0,7.51,1
BNK04803,2025-04-14,card_settlement,31341.0,in,POS_card,0,14,0,9.29,1
BNK04804,2025-04-15,cash_deposit,19820.74,in,agency_banking_agent,1,15,0,-0.77,0
BNK04805,2025-04-15,qr_settlement,165.0,in,LankaQR,1,15,0,-1.36,0
BNK04806,2025-04-15,card_settlement,2353.0,in,POS_card,1,15,0,-0.51,0
BNK04807,2025-04-16,cash_deposit,20833.32,in,agency_banking_agent,2,16,0,-0.68,0
BNK04808,2025-04-16,qr_settlement,4479.0,in,LankaQR,2,16,0,-0.49,0
BNK04809,2025-04-16,card_settlement,1047.0,in,POS_card,2,16,0,-0.96,0
BNK04810,2025-04-17,supplier_payment,22322.7,out,bank_transfer,3,17,0,0.51,0
BNK04811,2025-04-17,supplier_payment,9658.19,out,bank_transfer,3,17,0,-0.44,0
BNK04812,2025-04-17,supplier_payment,12024.0,out,bank_transfer,3,17,0,-0.26,0
BNK04813,2025-04-17,supplier_payment,13895.0,out,bank_transfer,3,17,0,-0.12,0
BNK04814,2025-04-17,supplier_payment,6606.4,out,bank_transfer,3,17,0,-0.66,0
BNK04815,2025-04-17,supplier_payment,5056.0,out,bank_transfer,3,17,0,-0.78,0
BNK04816,2025-04-17,supplier_payment,5394.2,out,bank_transfer,3,17,0,-0.76,0
BNK04817,2025-04-17,supplier_payment,3751.8,out,bank_transfer,3,17,0,-0.88,0
BNK04818,2025-04-17,supplier_payment,3033.1,out,bank_transfer,3,17,0,-0.93,0
BNK04819,2025-04-17,cash_deposit,22654.75,in,agency_banking_agent,3,17,0,-0.52,0
BNK04820,2025-04-17,qr_settlement,11994.0,in,LankaQR,3,17,0,1.04,0
BNK04821,2025-04-17,card_settlement,1140.0,in,POS_card,3,17,0,-0.92,0
BNK04822,2025-04-18,cash_deposit,46452.95,in,agency_banking_agent,4,18,0,1.53,0
BNK04823,2025-04-18,qr_settlement,13754.0,in,LankaQR,4,18,0,1.4,0
BNK04824,2025-04-18,card_settlement,3784.0,in,POS_card,4,18,0,-0.03,0
BNK04825,2025-04-19,cash_deposit,22902.27,in,agency_banking_agent,5,19,0,-0.5,0
BNK04826,2025-04-19,qr_settlement,7226.0,in,LankaQR,5,19,0,0.07,0
BNK04827,2025-04-19,card_settlement,2508.0,in,POS_card,5,19,0,-0.46,0
BNK04828,2025-04-20,cash_deposit,22483.0,in,agency_banking_agent,6,20,0,-0.54,0
BNK04829,2025-04-20,qr_settlement,6176.0,in,LankaQR,6,20,0,-0.14,0
BNK04830,2025-04-20,card_settlement,6749.0,in,POS_card,6,20,0,0.97,0
BNK04831,2025-04-21,supplier_payment,34971.3,out,bank_transfer,0,21,0,1.46,0
BNK04832,2025-04-21,supplier_payment,31038.0,out,bank_transfer,0,21,0,1.16,0
BNK04833,2025-04-21,supplier_payment,16845.6,out,bank_transfer,0,21,0,0.1,0
BNK04834,2025-04-21,supplier_payment,37408.81,out,bank_transfer,0,21,0,1.64,0
BNK04835,2025-04-21,supplier_payment,11798.6,out,bank_transfer,0,21,0,-0.28,0
BNK04836,2025-04-21,supplier_payment,18883.0,out,bank_transfer,0,21,0,0.25,0
BNK04837,2025-04-21,supplier_payment,10842.72,out,bank_transfer,0,21,0,-0.35,0
BNK04838,2025-04-21,supplier_payment,5748.68,out,bank_transfer,0,21,0,-0.73,0
BNK04839,2025-04-21,cash_deposit,27031.87,in,agency_banking_agent,0,21,0,-0.15,0
BNK04840,2025-04-21,qr_settlement,5804.0,in,LankaQR,0,21,0,-0.22,0
BNK04841,2025-04-21,card_settlement,2124.0,in,POS_card,0,21,0,-0.59,0
BNK04842,2025-04-22,cash_deposit,27410.87,in,agency_banking_agent,1,22,0,-0.11,0
BNK04843,2025-04-22,qr_settlement,10665.0,in,LankaQR,1,22,0,0.77,0
BNK04844,2025-04-22,card_settlement,3935.0,in,POS_card,1,22,0,0.02,0
BNK04845,2025-04-23,cash_deposit,37423.7,in,agency_banking_agent,2,23,0,0.75,0
BNK04846,2025-04-23,qr_settlement,6598.0,in,LankaQR,2,23,0,-0.06,0
BNK04847,2025-04-23,card_settlement,3343.0,in,POS_card,2,23,0,-0.18,0
BNK04848,2025-04-24,supplier_payment,30973.8,out,bank_transfer,3,24,0,1.16,0
BNK04849,2025-04-24,supplier_payment,23624.64,out,bank_transfer,3,24,0,0.61,0
BNK04850,2025-04-24,supplier_payment,9235.5,out,bank_transfer,3,24,0,-0.47,0
BNK04851,2025-04-24,supplier_payment,18339.2,out,bank_transfer,3,24,0,0.21,0
BNK04852,2025-04-24,supplier_payment,10314.42,out,bank_transfer,3,24,0,-0.39,0
BNK04853,2025-04-24,supplier_payment,6624.4,out,bank_transfer,3,24,0,-0.66,0
BNK04854,2025-04-24,supplier_payment,4938.8,out,bank_transfer,3,24,0,-0.79,1
BNK04855,2025-04-24,cash_deposit,16997.97,in,agency_banking_agent,3,24,0,-1.01,0
BNK04856,2025-04-24,qr_settlement,8755.0,in,LankaQR,3,24,0,0.38,0
BNK04857,2025-04-24,card_settlement,4509.0,in,POS_card,3,24,0,0.22,0
BNK04858,2025-04-25,cash_deposit,25072.82,in,agency_banking_agent,4,25,0,-0.31,0
BNK04859,2025-04-25,qr_settlement,1532.0,in,LankaQR,4,25,0,-1.08,0
BNK04860,2025-04-25,card_settlement,2932.0,in,POS_card,4,25,0,-0.32,0
BNK04861,2025-04-26,cash_deposit,37055.92,in,agency_banking_agent,5,26,0,0.72,0
BNK04862,2025-04-26,qr_settlement,9453.0,in,LankaQR,5,26,0,0.52,0
BNK04863,2025-04-26,card_settlement,8522.0,in,POS_card,5,26,0,1.57,1
BNK04864,2025-04-27,cash_deposit,29107.47,in,agency_banking_agent,6,27,0,0.03,0
BNK04865,2025-04-27,qr_settlement,12284.0,in,LankaQR,6,27,0,1.1,0
BNK04866,2025-04-27,card_settlement,3023.0,in,POS_card,6,27,0,-0.29,0
BNK04867,2025-04-28,supplier_payment,57588.24,out,bank_transfer,0,28,0,3.15,1
BNK04868,2025-04-28,supplier_payment,22477.82,out,bank_transfer,0,28,0,0.52,0
BNK04869,2025-04-28,supplier_payment,22584.6,out,bank_transfer,0,28,0,0.53,0
BNK04870,2025-04-28,supplier_payment,5444.8,out,bank_transfer,0,28,0,-0.75,0
BNK04871,2025-04-28,supplier_payment,10261.72,out,bank_transfer,0,28,0,-0.39,0
BNK04872,2025-04-28,supplier_payment,9819.25,out,bank_transfer,0,28,0,-0.42,0
BNK04873,2025-04-28,supplier_payment,6340.0,out,bank_transfer,0,28,0,-0.68,0
BNK04874,2025-04-28,cash_deposit,22188.39,in,agency_banking_agent,0,28,0,-0.56,0
BNK04875,2025-04-28,qr_settlement,6357.0,in,LankaQR,0,28,0,-0.1,0
BNK04876,2025-04-28,card_settlement,3840.0,in,POS_card,0,28,0,-0.01,0
BNK04877,2025-04-29,cash_deposit,20370.57,in,agency_banking_agent,1,29,0,-0.72,0
BNK04878,2025-04-29,qr_settlement,9530.0,in,LankaQR,1,29,0,0.54,0
BNK04879,2025-04-29,card_settlement,7510.0,in,POS_card,1,29,0,1.23,0
BNK04880,2025-04-30,cash_deposit,19068.51,in,agency_banking_agent,2,30,0,-0.83,0
BNK04881,2025-04-30,qr_settlement,11158.0,in,LankaQR,2,30,0,0.87,0
BNK04882,2025-04-30,card_settlement,897.0,in,POS_card,2,30,0,-1.01,0
BNK04883,2025-05-01,supplier_payment,16480.62,out,bank_transfer,3,1,0,0.07,0
BNK04884,2025-05-01,supplier_payment,14049.5,out,bank_transfer,3,1,0,-0.11,0
BNK04885,2025-05-01,supplier_payment,3978.24,out,bank_transfer,3,1,0,-0.86,0
BNK04886,2025-05-01,cash_deposit,31479.31,in,agency_banking_agent,3,1,0,0.24,0
BNK04887,2025-05-01,qr_settlement,14482.0,in,LankaQR,3,1,0,1.54,0
BNK04888,2025-05-01,card_settlement,6376.0,in,POS_card,3,1,0,0.85,0
BNK04889,2025-05-02,cash_deposit,26886.57,in,agency_banking_agent,4,2,0,-0.16,0
BNK04890,2025-05-02,qr_settlement,7544.0,in,LankaQR,4,2,0,0.14,0
BNK04891,2025-05-02,card_settlement,1714.0,in,POS_card,4,2,0,-0.73,0
BNK04892,2025-05-03,cash_deposit,25074.02,in,agency_banking_agent,5,3,0,-0.31,0
BNK04893,2025-05-03,qr_settlement,11115.0,in,LankaQR,5,3,0,0.86,0
BNK04894,2025-05-03,card_settlement,651.0,in,POS_card,5,3,0,-1.09,0
BNK04895,2025-05-04,cash_deposit,18395.57,in,agency_banking_agent,6,4,0,-0.89,0
BNK04896,2025-05-04,qr_settlement,7150.0,in,LankaQR,6,4,0,0.06,0
BNK04897,2025-05-04,card_settlement,1978.0,in,POS_card,6,4,0,-0.64,0
BNK04898,2025-05-05,supplier_payment,19168.38,out,bank_transfer,0,5,0,0.28,0
BNK04899,2025-05-05,supplier_payment,35256.6,out,bank_transfer,0,5,0,1.48,0
BNK04900,2025-05-05,supplier_payment,32509.35,out,bank_transfer,0,5,0,1.27,0
BNK04901,2025-05-05,supplier_payment,10585.8,out,bank_transfer,0,5,0,-0.37,0
BNK04902,2025-05-05,supplier_payment,6035.4,out,bank_transfer,0,5,0,-0.71,0
BNK04903,2025-05-05,supplier_payment,18477.5,out,bank_transfer,0,5,0,0.22,0
BNK04904,2025-05-05,supplier_payment,4884.8,out,bank_transfer,0,5,0,-0.79,0
BNK04905,2025-05-05,supplier_payment,9397.85,out,bank_transfer,0,5,0,-0.46,0
BNK04906,2025-05-05,supplier_payment,4064.76,out,bank_transfer,0,5,0,-0.85,0
BNK04907,2025-05-05,cash_deposit,17803.3,in,agency_banking_agent,0,5,0,-0.94,0
BNK04908,2025-05-05,qr_settlement,8940.0,in,LankaQR,0,5,0,0.42,0
BNK04909,2025-05-05,card_settlement,10014.0,in,POS_card,0,5,0,2.08,0
BNK04910,2025-05-06,cash_deposit,36445.45,in,agency_banking_agent,1,6,0,0.66,0
BNK04911,2025-05-06,qr_settlement,6701.0,in,LankaQR,1,6,0,-0.03,0
BNK04912,2025-05-07,cash_deposit,23274.04,in,agency_banking_agent,2,7,0,-0.47,0
BNK04913,2025-05-07,card_settlement,2355.0,in,POS_card,2,7,0,-0.51,0
BNK04914,2025-05-08,supplier_payment,42447.45,out,bank_transfer,3,8,0,2.02,0
BNK04915,2025-05-08,supplier_payment,33873.0,out,bank_transfer,3,8,0,1.38,0
BNK04916,2025-05-08,supplier_payment,11883.6,out,bank_transfer,3,8,0,-0.27,0
BNK04917,2025-05-08,supplier_payment,5633.6,out,bank_transfer,3,8,0,-0.74,0
BNK04918,2025-05-08,cash_deposit,22199.05,in,agency_banking_agent,3,8,0,-0.56,0
BNK04919,2025-05-08,qr_settlement,8026.0,in,LankaQR,3,8,0,0.23,0
BNK04920,2025-05-08,card_settlement,4165.0,in,POS_card,3,8,0,0.1,0
BNK04921,2025-05-09,cash_deposit,24148.41,in,agency_banking_agent,4,9,0,-0.39,0
BNK04922,2025-05-09,qr_settlement,9891.0,in,LankaQR,4,9,0,0.61,0
BNK04923,2025-05-09,card_settlement,7500.0,in,POS_card,4,9,0,1.23,0
BNK04924,2025-05-10,cash_deposit,45098.52,in,agency_banking_agent,5,10,0,1.41,0
BNK04925,2025-05-10,qr_settlement,4596.0,in,LankaQR,5,10,0,-0.46,0
BNK04926,2025-05-10,card_settlement,5161.0,in,POS_card,5,10,0,0.44,0
BNK04927,2025-05-11,cash_deposit,32647.7,in,agency_banking_agent,6,11,0,0.34,0
BNK04928,2025-05-11,qr_settlement,5720.0,in,LankaQR,6,11,0,-0.23,0
BNK04929,2025-05-11,card_settlement,7227.0,in,POS_card,6,11,0,1.13,0
BNK04930,2025-05-12,supplier_payment,22962.15,out,bank_transfer,0,12,0,0.56,0
BNK04931,2025-05-12,supplier_payment,16623.6,out,bank_transfer,0,12,0,0.08,0
BNK04932,2025-05-12,supplier_payment,12003.2,out,bank_transfer,0,12,0,-0.26,0
BNK04933,2025-05-12,supplier_payment,17514.04,out,bank_transfer,0,12,0,0.15,0
BNK04934,2025-05-12,supplier_payment,14454.5,out,bank_transfer,0,12,0,-0.08,0
BNK04935,2025-05-12,supplier_payment,3961.44,out,bank_transfer,0,12,0,-0.86,0
BNK04936,2025-05-12,supplier_payment,2954.35,out,bank_transfer,0,12,0,-0.94,0
BNK04937,2025-05-12,cash_deposit,31847.08,in,agency_banking_agent,0,12,0,0.27,0
BNK04938,2025-05-12,qr_settlement,7912.0,in,LankaQR,0,12,0,0.21,0
BNK04939,2025-05-12,card_settlement,1264.0,in,POS_card,0,12,0,-0.88,0
BNK04940,2025-05-13,cash_deposit,27923.56,in,agency_banking_agent,1,13,0,-0.07,0
BNK04941,2025-05-13,qr_settlement,11977.0,in,LankaQR,1,13,0,1.04,0
BNK04942,2025-05-13,card_settlement,9319.0,in,POS_card,1,13,0,1.84,0
BNK04943,2025-05-14,cash_deposit,21705.45,in,agency_banking_agent,2,14,0,-0.6,0
BNK04944,2025-05-14,qr_settlement,9449.0,in,LankaQR,2,14,0,0.52,0
BNK04945,2025-05-14,card_settlement,3610.0,in,POS_card,2,14,0,-0.09,0
BNK04946,2025-05-15,supplier_payment,20378.5,out,bank_transfer,3,15,0,0.37,0
BNK04947,2025-05-15,supplier_payment,42041.25,out,bank_transfer,3,15,0,1.99,0
BNK04948,2025-05-15,supplier_payment,10821.44,out,bank_transfer,3,15,0,-0.35,0
BNK04949,2025-05-15,supplier_payment,5101.2,out,bank_transfer,3,15,0,-0.78,0
BNK04950,2025-05-15,cash_deposit,31188.94,in,agency_banking_agent,3,15,0,0.21,0
BNK04951,2025-05-15,qr_settlement,15385.0,in,LankaQR,3,15,0,1.73,0
BNK04952,2025-05-15,card_settlement,3040.0,in,POS_card,3,15,0,-0.28,0
BNK04953,2025-05-16,cash_deposit,26569.06,in,agency_banking_agent,4,16,0,-0.19,0
BNK04954,2025-05-16,qr_settlement,4425.0,in,LankaQR,4,16,0,-0.5,0
BNK04955,2025-05-16,card_settlement,8583.0,in,POS_card,4,16,0,1.59,0
BNK04956,2025-05-17,cash_deposit,38726.68,in,agency_banking_agent,5,17,0,0.86,0
BNK04957,2025-05-17,qr_settlement,7464.0,in,LankaQR,5,17,0,0.12,0
BNK04958,2025-05-17,card_settlement,969.0,in,POS_card,5,17,0,-0.98,0
BNK04959,2025-05-18,cash_deposit,30211.44,in,agency_banking_agent,6,18,0,0.13,0
BNK04960,2025-05-18,qr_settlement,13236.0,in,LankaQR,6,18,0,1.29,0
BNK04961,2025-05-18,card_settlement,4192.0,in,POS_card,6,18,0,0.11,0
BNK04962,2025-05-19,supplier_payment,65797.2,out,bank_transfer,0,19,0,3.76,1
BNK04963,2025-05-19,supplier_payment,35232.3,out,bank_transfer,0,19,0,1.48,0
BNK04964,2025-05-19,supplier_payment,32791.44,out,bank_transfer,0,19,0,1.29,0
BNK04965,2025-05-19,supplier_payment,20142.0,out,bank_transfer,0,19,0,0.35,0
BNK04966,2025-05-19,supplier_payment,11955.6,out,bank_transfer,0,19,0,-0.26,0
BNK04967,2025-05-19,supplier_payment,6096.6,out,bank_transfer,0,19,0,-0.7,0
BNK04968,2025-05-19,supplier_payment,19105.5,out,bank_transfer,0,19,0,0.27,0
BNK04969,2025-05-19,supplier_payment,6925.2,out,bank_transfer,0,19,0,-0.64,0
BNK04970,2025-05-19,supplier_payment,4900.0,out,bank_transfer,0,19,0,-0.79,0
BNK04971,2025-05-19,supplier_payment,9444.4,out,bank_transfer,0,19,0,-0.45,0
BNK04972,2025-05-19,supplier_payment,3880.24,out,bank_transfer,0,19,0,-0.87,0
BNK04973,2025-05-19,supplier_payment,6021.0,out,bank_transfer,0,19,0,-0.71,0
BNK04974,2025-05-19,cash_deposit,36914.82,in,agency_banking_agent,0,19,0,0.7,0
BNK04975,2025-05-19,qr_settlement,12152.0,in,LankaQR,0,19,0,1.07,0
BNK04976,2025-05-19,card_settlement,7788.0,in,POS_card,0,19,0,1.32,1
BNK04977,2025-05-20,cash_deposit,34795.09,in,agency_banking_agent,1,20,0,0.52,0
BNK04978,2025-05-20,qr_settlement,9472.0,in,LankaQR,1,20,0,0.53,0
BNK04979,2025-05-20,card_settlement,3783.0,in,POS_card,1,20,0,-0.03,0
BNK04980,2025-05-21,cash_deposit,18749.86,in,agency_banking_agent,2,21,0,-0.86,0
BNK04981,2025-05-21,qr_settlement,9408.0,in,LankaQR,2,21,0,0.51,0
BNK04982,2025-05-21,card_settlement,3181.0,in,POS_card,2,21,0,-0.23,0
BNK04983,2025-05-22,supplier_payment,43962.88,out,bank_transfer,3,22,0,2.13,0
BNK04984,2025-05-22,supplier_payment,21832.2,out,bank_transfer,3,22,0,0.47,0
BNK04985,2025-05-22,supplier_payment,35218.8,out,bank_transfer,3,22,0,1.48,0
BNK04986,2025-05-22,supplier_payment,15456.75,out,bank_transfer,3,22,0,-0.0,0
BNK04987,2025-05-22,supplier_payment,8809.0,out,bank_transfer,3,22,0,-0.5,0
BNK04988,2025-05-22,cash_deposit,22885.34,in,agency_banking_agent,3,22,0,-0.5,0
BNK04989,2025-05-22,qr_settlement,9042.0,in,LankaQR,3,22,0,0.44,0
BNK04990,2025-05-22,card_settlement,2262.0,in,POS_card,3,22,0,-0.55,0
BNK04991,2025-05-23,cash_deposit,19610.51,in,agency_banking_agent,4,23,0,-0.78,0
BNK04992,2025-05-23,qr_settlement,10853.0,in,LankaQR,4,23,0,0.81,0
BNK04993,2025-05-23,card_settlement,3567.0,in,POS_card,4,23,0,-0.1,0
BNK04994,2025-05-24,cash_deposit,23031.06,in,agency_banking_agent,5,24,0,-0.49,0
BNK04995,2025-05-24,qr_settlement,10441.0,in,LankaQR,5,24,0,0.72,0
BNK04996,2025-05-24,card_settlement,555.0,in,POS_card,5,24,0,-1.12,0
BNK04997,2025-05-25,cash_deposit,28194.43,in,agency_banking_agent,6,25,0,-0.05,0
BNK04998,2025-05-25,qr_settlement,5760.0,in,LankaQR,6,25,0,-0.23,0
BNK04999,2025-05-25,card_settlement,1641.0,in,POS_card,6,25,0,-0.76,0
BNK05000,2025-05-26,supplier_payment,41767.65,out,bank_transfer,0,26,0,1.97,0
BNK05001,2025-05-26,supplier_payment,4999.2,out,bank_transfer,0,26,0,-0.78,0
BNK05002,2025-05-26,supplier_payment,2894.15,out,bank_transfer,0,26,0,-0.94,0
BNK05003,2025-05-26,supplier_payment,6058.0,out,bank_transfer,0,26,0,-0.71,0
BNK05004,2025-05-26,cash_deposit,22834.35,in,agency_banking_agent,0,26,0,-0.51,0
BNK05005,2025-05-26,qr_settlement,5569.0,in,LankaQR,0,26,0,-0.26,0
BNK05006,2025-05-26,card_settlement,1406.0,in,POS_card,0,26,0,-0.83,0
BNK05007,2025-05-27,cash_deposit,25978.04,in,agency_banking_agent,1,27,0,-0.24,0
BNK05008,2025-05-27,qr_settlement,8211.0,in,LankaQR,1,27,0,0.27,0
BNK05009,2025-05-28,cash_deposit,29030.31,in,agency_banking_agent,2,28,0,0.03,0
BNK05010,2025-05-28,qr_settlement,12964.0,in,LankaQR,2,28,0,1.24,0
BNK05011,2025-05-28,card_settlement,6151.0,in,POS_card,2,28,0,0.77,0
BNK05012,2025-05-29,supplier_payment,19836.6,out,bank_transfer,3,29,0,0.33,0
BNK05013,2025-05-29,supplier_payment,30778.8,out,bank_transfer,3,29,0,1.14,0
BNK05014,2025-05-29,supplier_payment,21950.28,out,bank_transfer,3,29,0,0.48,0
BNK05015,2025-05-29,supplier_payment,10289.16,out,bank_transfer,3,29,0,-0.39,0
BNK05016,2025-05-29,supplier_payment,4636.8,out,bank_transfer,3,29,0,-0.81,0
BNK05017,2025-05-29,supplier_payment,9497.25,out,bank_transfer,3,29,0,-0.45,0
BNK05018,2025-05-29,supplier_payment,3887.24,out,bank_transfer,3,29,0,-0.87,0
BNK05019,2025-05-29,supplier_payment,5539.05,out,bank_transfer,3,29,0,-0.74,0
BNK05020,2025-05-29,cash_deposit,18263.94,in,agency_banking_agent,3,29,0,-0.9,0
BNK05021,2025-05-29,qr_settlement,6835.0,in,LankaQR,3,29,0,-0.01,0
BNK05022,2025-05-29,card_settlement,4653.0,in,POS_card,3,29,0,0.26,0
BNK05023,2025-05-30,cash_deposit,34513.57,in,agency_banking_agent,4,30,0,0.5,0
BNK05024,2025-05-30,qr_settlement,12260.0,in,LankaQR,4,30,0,1.09,0
BNK05025,2025-05-30,card_settlement,4066.0,in,POS_card,4,30,0,0.07,0
BNK05026,2025-05-31,cash_deposit,30011.95,in,agency_banking_agent,5,31,0,0.11,0
BNK05027,2025-05-31,qr_settlement,15247.0,in,LankaQR,5,31,0,1.7,0
BNK05028,2025-05-31,card_settlement,6991.0,in,POS_card,5,31,0,1.05,0
BNK05029,2025-06-01,cash_deposit,29818.09,in,agency_banking_agent,6,1,0,0.09,0
BNK05030,2025-06-01,qr_settlement,8426.0,in,LankaQR,6,1,0,0.32,1
BNK05031,2025-06-01,card_settlement,3224.0,in,POS_card,6,1,0,-0.22,0
BNK05032,2025-06-02,supplier_payment,16339.62,out,bank_transfer,0,2,0,0.06,0
BNK05033,2025-06-02,supplier_payment,10048.64,out,bank_transfer,0,2,0,-0.41,0
BNK05034,2025-06-02,supplier_payment,37232.1,out,bank_transfer,0,2,0,1.63,0
BNK05035,2025-06-02,supplier_payment,6336.0,out,bank_transfer,0,2,0,-0.68,0
BNK05036,2025-06-02,supplier_payment,13710.69,out,bank_transfer,0,2,0,-0.13,0
BNK05037,2025-06-02,supplier_payment,3485.5,out,bank_transfer,0,2,0,-0.9,0
BNK05038,2025-06-02,supplier_payment,3012.1,out,bank_transfer,0,2,0,-0.93,0
BNK05039,2025-06-02,supplier_payment,6146.5,out,bank_transfer,0,2,0,-0.7,0
BNK05040,2025-06-02,cash_deposit,26113.71,in,agency_banking_agent,0,2,0,-0.22,0
BNK05041,2025-06-02,qr_settlement,8440.0,in,LankaQR,0,2,0,0.32,0
BNK05042,2025-06-02,card_settlement,8986.0,in,POS_card,0,2,0,1.73,0
BNK05043,2025-06-03,cash_deposit,23001.37,in,agency_banking_agent,1,3,0,-0.49,0
BNK05044,2025-06-03,qr_settlement,4145.0,in,LankaQR,1,3,0,-0.55,0
BNK05045,2025-06-03,card_settlement,5714.0,in,POS_card,1,3,0,0.62,0
BNK05046,2025-06-04,cash_deposit,15970.72,in,agency_banking_agent,2,4,0,-1.1,0
BNK05047,2025-06-04,qr_settlement,17153.0,in,LankaQR,2,4,0,2.09,0
BNK05048,2025-06-04,card_settlement,918.0,in,POS_card,2,4,0,-1.0,0
BNK05049,2025-06-05,supplier_payment,34830.0,out,bank_transfer,3,5,0,1.45,0
BNK05050,2025-06-05,supplier_payment,6304.58,out,bank_transfer,3,5,0,-0.69,0
BNK05051,2025-06-05,supplier_payment,4958.0,out,bank_transfer,3,5,0,-0.79,0
BNK05052,2025-06-05,supplier_payment,10305.68,out,bank_transfer,3,5,0,-0.39,1
BNK05053,2025-06-05,supplier_payment,5178.54,out,bank_transfer,3,5,0,-0.77,0
BNK05054,2025-06-05,supplier_payment,9408.35,out,bank_transfer,3,5,0,-0.45,0
BNK05055,2025-06-05,supplier_payment,4892.88,out,bank_transfer,3,5,0,-0.79,0
BNK05056,2025-06-05,cash_deposit,17968.02,in,agency_banking_agent,3,5,0,-0.92,0
BNK05057,2025-06-05,qr_settlement,11570.0,in,LankaQR,3,5,0,0.95,0
BNK05058,2025-06-06,cash_deposit,24333.59,in,agency_banking_agent,4,6,0,-0.38,0
BNK05059,2025-06-06,qr_settlement,8584.0,in,LankaQR,4,6,0,0.35,0
BNK05060,2025-06-06,card_settlement,4910.0,in,POS_card,4,6,0,0.35,0
BNK05061,2025-06-07,cash_deposit,32241.86,in,agency_banking_agent,5,7,0,0.3,0
BNK05062,2025-06-07,qr_settlement,4333.0,in,LankaQR,5,7,0,-0.51,0
BNK05063,2025-06-07,card_settlement,10552.0,in,POS_card,5,7,0,2.26,0
BNK05064,2025-06-08,cash_deposit,29532.88,in,agency_banking_agent,6,8,0,0.07,0
BNK05065,2025-06-08,qr_settlement,11281.0,in,LankaQR,6,8,0,0.89,0
BNK05066,2025-06-08,card_settlement,2441.0,in,POS_card,6,8,0,-0.48,0
BNK05067,2025-06-09,supplier_payment,66502.28,out,bank_transfer,0,9,0,3.82,1
BNK05068,2025-06-09,supplier_payment,45358.3,out,bank_transfer,0,9,0,2.23,0
BNK05069,2025-06-09,supplier_payment,40808.7,out,bank_transfer,0,9,0,1.89,0
BNK05070,2025-06-09,supplier_payment,12027.6,out,bank_transfer,0,9,0,-0.26,0
BNK05071,2025-06-09,supplier_payment,6116.4,out,bank_transfer,0,9,0,-0.7,0
BNK05072,2025-06-09,supplier_payment,14336.0,out,bank_transfer,0,9,0,-0.09,0
BNK05073,2025-06-09,supplier_payment,6205.5,out,bank_transfer,0,9,0,-0.69,0
BNK05074,2025-06-09,cash_deposit,22932.19,in,agency_banking_agent,0,9,0,-0.5,0
BNK05075,2025-06-09,qr_settlement,7222.0,in,LankaQR,0,9,0,0.07,0
BNK05076,2025-06-09,card_settlement,4232.0,in,POS_card,0,9,0,0.12,0
BNK05077,2025-06-10,cash_deposit,20590.19,in,agency_banking_agent,1,10,0,-0.7,0
BNK05078,2025-06-10,qr_settlement,9320.0,in,LankaQR,1,10,0,0.5,0
BNK05079,2025-06-10,card_settlement,5483.0,in,POS_card,1,10,0,0.54,0
BNK05080,2025-06-11,cash_deposit,21132.73,in,agency_banking_agent,2,11,0,-0.65,0
BNK05081,2025-06-11,qr_settlement,11400.0,in,LankaQR,2,11,0,0.92,0
BNK05082,2025-06-11,card_settlement,3309.0,in,POS_card,2,11,0,-0.19,0
BNK05083,2025-06-12,supplier_payment,21699.9,out,bank_transfer,3,12,0,0.46,0
BNK05084,2025-06-12,supplier_payment,26911.21,out,bank_transfer,3,12,0,0.85,0
BNK05085,2025-06-12,supplier_payment,10605.0,out,bank_transfer,3,12,0,-0.37,0
BNK05086,2025-06-12,supplier_payment,19099.0,out,bank_transfer,3,12,0,0.27,0
BNK05087,2025-06-12,supplier_payment,6761.2,out,bank_transfer,3,12,0,-0.65,0
BNK05088,2025-06-12,supplier_payment,9654.4,out,bank_transfer,3,12,0,-0.44,0
BNK05089,2025-06-12,supplier_payment,2979.9,out,bank_transfer,3,12,0,-0.94,0
BNK05090,2025-06-12,cash_deposit,18015.67,in,agency_banking_agent,3,12,0,-0.92,0
BNK05091,2025-06-12,qr_settlement,6160.0,in,LankaQR,3,12,0,-0.14,0
BNK05092,2025-06-12,card_settlement,1939.0,in,POS_card,3,12,0,-0.65,0
BNK05093,2025-06-13,cash_deposit,36767.28,in,agency_banking_agent,4,13,0,0.69,0
BNK05094,2025-06-13,qr_settlement,9365.0,in,LankaQR,4,13,0,0.51,0
BNK05095,2025-06-13,card_settlement,7158.0,in,POS_card,4,13,0,1.11,0
BNK05096,2025-06-14,cash_deposit,33207.72,in,agency_banking_agent,5,14,0,0.39,0
BNK05097,2025-06-14,qr_settlement,11344.0,in,LankaQR,5,14,0,0.91,0
BNK05098,2025-06-15,cash_deposit,30170.37,in,agency_banking_agent,6,15,0,0.12,0
BNK05099,2025-06-15,qr_settlement,12941.0,in,LankaQR,6,15,0,1.23,0
BNK05100,2025-06-15,card_settlement,6448.0,in,POS_card,6,15,0,0.87,0
BNK05101,2025-06-16,supplier_payment,22202.64,out,bank_transfer,0,16,0,0.5,0
BNK05102,2025-06-16,supplier_payment,33949.8,out,bank_transfer,0,16,0,1.38,0
BNK05103,2025-06-16,supplier_payment,20179.36,out,bank_transfer,0,16,0,0.35,0
BNK05104,2025-06-16,supplier_payment,14417.0,out,bank_transfer,0,16,0,-0.08,0
BNK05105,2025-06-16,supplier_payment,6022.45,out,bank_transfer,0,16,0,-0.71,0
BNK05106,2025-06-16,supplier_payment,5148.0,out,bank_transfer,0,16,0,-0.77,0
BNK05107,2025-06-16,supplier_payment,2776.95,out,bank_transfer,0,16,0,-0.95,0
BNK05108,2025-06-16,supplier_payment,5935.44,out,bank_transfer,0,16,0,-0.71,0
BNK05109,2025-06-16,supplier_payment,5941.27,out,bank_transfer,0,16,0,-0.71,0
BNK05110,2025-06-16,cash_deposit,34368.56,in,agency_banking_agent,0,16,0,0.49,0
BNK05111,2025-06-16,qr_settlement,6570.0,in,LankaQR,0,16,0,-0.06,0
BNK05112,2025-06-16,card_settlement,6055.0,in,POS_card,0,16,0,0.74,0
BNK05113,2025-06-17,cash_deposit,26891.57,in,agency_banking_agent,1,17,0,-0.16,0
BNK05114,2025-06-17,qr_settlement,16560.0,in,LankaQR,1,17,0,1.96,0
BNK05115,2025-06-17,card_settlement,3341.0,in,POS_card,1,17,0,-0.18,0
BNK05116,2025-06-18,cash_deposit,23354.99,in,agency_banking_agent,2,18,0,-0.46,0
BNK05117,2025-06-18,qr_settlement,9136.0,in,LankaQR,2,18,0,0.46,0
BNK05118,2025-06-18,card_settlement,5986.0,in,POS_card,2,18,0,0.71,0
BNK05119,2025-06-19,supplier_payment,10260.6,out,bank_transfer,3,19,0,-0.39,0
BNK05120,2025-06-19,supplier_payment,9573.55,out,bank_transfer,3,19,0,-0.44,0
BNK05121,2025-06-19,supplier_payment,3925.32,out,bank_transfer,3,19,0,-0.87,0
BNK05122,2025-06-19,cash_deposit,34458.59,in,agency_banking_agent,3,19,0,0.49,0
BNK05123,2025-06-19,qr_settlement,11045.0,in,LankaQR,3,19,0,0.85,0
BNK05124,2025-06-19,card_settlement,4875.0,in,POS_card,3,19,0,0.34,0
BNK05125,2025-06-20,cash_deposit,30649.33,in,agency_banking_agent,4,20,0,0.17,0
BNK05126,2025-06-20,qr_settlement,12518.0,in,LankaQR,4,20,0,1.15,0
BNK05127,2025-06-20,card_settlement,7202.0,in,POS_card,4,20,0,1.13,0
BNK05128,2025-06-21,cash_deposit,17952.17,in,agency_banking_agent,5,21,0,-0.93,0
BNK05129,2025-06-21,qr_settlement,11121.0,in,LankaQR,5,21,0,0.86,0
BNK05130,2025-06-21,card_settlement,1377.0,in,POS_card,5,21,0,-0.84,0
BNK05131,2025-06-22,cash_deposit,21408.09,in,agency_banking_agent,6,22,0,-0.63,0
BNK05132,2025-06-22,qr_settlement,3315.0,in,LankaQR,6,22,0,-0.72,0
BNK05133,2025-06-22,card_settlement,4301.0,in,POS_card,6,22,0,0.14,0
BNK05134,2025-06-23,supplier_payment,34006.95,out,bank_transfer,0,23,0,1.39,0
BNK05135,2025-06-23,supplier_payment,10730.4,out,bank_transfer,0,23,0,-0.36,0
BNK05136,2025-06-23,supplier_payment,12193.2,out,bank_transfer,0,23,0,-0.25,0
BNK05137,2025-06-23,supplier_payment,5436.9,out,bank_transfer,0,23,0,-0.75,0
BNK05138,2025-06-23,supplier_payment,2897.65,out,bank_transfer,0,23,0,-0.94,0
BNK05139,2025-06-23,supplier_payment,5902.96,out,bank_transfer,0,23,0,-0.72,0
BNK05140,2025-06-23,supplier_payment,6392.0,out,bank_transfer,0,23,0,-0.68,0
BNK05141,2025-06-23,cash_deposit,26382.86,in,agency_banking_agent,0,23,0,-0.2,0
BNK05142,2025-06-23,qr_settlement,4317.0,in,LankaQR,0,23,0,-0.52,0
BNK05143,2025-06-23,card_settlement,2698.0,in,POS_card,0,23,0,-0.4,0
BNK05144,2025-06-24,cash_deposit,24816.77,in,agency_banking_agent,1,24,0,-0.34,0
BNK05145,2025-06-24,qr_settlement,10317.0,in,LankaQR,1,24,0,0.7,0
BNK05146,2025-06-24,card_settlement,3276.0,in,POS_card,1,24,0,-0.2,0
BNK05147,2025-06-25,cash_deposit,31016.06,in,agency_banking_agent,2,25,0,0.2,0
BNK05148,2025-06-25,qr_settlement,3443.0,in,LankaQR,2,25,0,-0.7,0
BNK05149,2025-06-26,supplier_payment,45414.13,out,bank_transfer,3,26,0,2.24,0
BNK05150,2025-06-26,supplier_payment,30196.4,out,bank_transfer,3,26,0,1.1,0
BNK05151,2025-06-26,supplier_payment,18930.0,out,bank_transfer,3,26,0,0.26,0
BNK05152,2025-06-26,supplier_payment,13998.5,out,bank_transfer,3,26,0,-0.11,0
BNK05153,2025-06-26,supplier_payment,5063.6,out,bank_transfer,3,26,0,-0.78,0
BNK05154,2025-06-26,supplier_payment,3858.68,out,bank_transfer,3,26,0,-0.87,0
BNK05155,2025-06-26,cash_deposit,15423.32,in,agency_banking_agent,3,26,0,-1.14,0
BNK05156,2025-06-26,qr_settlement,3017.0,in,LankaQR,3,26,0,-0.78,0
BNK05157,2025-06-26,card_settlement,6784.0,in,POS_card,3,26,0,0.98,0
BNK05158,2025-06-27,cash_deposit,36600.22,in,agency_banking_agent,4,27,0,0.68,0
BNK05159,2025-06-27,qr_settlement,11929.0,in,LankaQR,4,27,0,1.03,0
BNK05160,2025-06-28,cash_deposit,43824.69,in,agency_banking_agent,5,28,0,1.3,0
BNK05161,2025-06-28,qr_settlement,8000.0,in,LankaQR,5,28,0,0.23,0
BNK05162,2025-06-28,card_settlement,1175.0,in,POS_card,5,28,0,-0.91,0
BNK05163,2025-06-29,cash_deposit,37633.66,in,agency_banking_agent,6,29,0,0.77,0
BNK05164,2025-06-29,qr_settlement,1827.0,in,LankaQR,6,29,0,-1.02,0
BNK05165,2025-06-29,card_settlement,2825.0,in,POS_card,6,29,0,-0.35,0
BNK05166,2025-06-30,supplier_payment,65057.95,out,bank_transfer,0,30,0,3.71,1
BNK05167,2025-06-30,supplier_payment,16881.6,out,bank_transfer,0,30,0,0.1,0
BNK05168,2025-06-30,supplier_payment,9621.18,out,bank_transfer,0,30,0,-0.44,0
BNK05169,2025-06-30,supplier_payment,5186.7,out,bank_transfer,0,30,0,-0.77,0
BNK05170,2025-06-30,supplier_payment,5235.65,out,bank_transfer,0,30,0,-0.77,0
BNK05171,2025-06-30,supplier_payment,9354.8,out,bank_transfer,0,30,0,-0.46,0
BNK05172,2025-06-30,supplier_payment,6273.5,out,bank_transfer,0,30,0,-0.69,0
BNK05173,2025-06-30,cash_deposit,37927.62,in,agency_banking_agent,0,30,0,0.79,0
BNK05174,2025-06-30,qr_settlement,937.0,in,LankaQR,0,30,0,-1.2,0
BNK05175,2025-06-30,card_settlement,3308.0,in,POS_card,0,30,0,-0.19,0
BNK05176,2025-07-01,cash_deposit,27098.96,in,agency_banking_agent,1,1,0,-0.14,0
BNK05177,2025-07-01,qr_settlement,12206.0,in,LankaQR,1,1,0,1.08,0
BNK05178,2025-07-01,card_settlement,3515.0,in,POS_card,1,1,0,-0.12,0
BNK05179,2025-07-02,cash_deposit,31932.72,in,agency_banking_agent,2,2,0,0.28,0
BNK05180,2025-07-02,qr_settlement,6337.0,in,LankaQR,2,2,0,-0.11,0
BNK05181,2025-07-02,card_settlement,1288.0,in,POS_card,2,2,0,-0.87,0
BNK05182,2025-07-03,supplier_payment,31141.96,out,bank_transfer,3,3,0,1.17,0
BNK05183,2025-07-03,supplier_payment,13939.68,out,bank_transfer,3,3,0,-0.12,0
BNK05184,2025-07-03,supplier_payment,3887.24,out,bank_transfer,3,3,0,-0.87,0
BNK05185,2025-07-03,supplier_payment,2528.7,out,bank_transfer,3,3,0,-0.97,0
BNK05186,2025-07-03,cash_deposit,21076.6,in,agency_banking_agent,3,3,0,-0.66,0
BNK05187,2025-07-03,qr_settlement,10618.0,in,LankaQR,3,3,0,0.76,0
BNK05188,2025-07-03,card_settlement,4968.0,in,POS_card,3,3,0,0.37,0
BNK05189,2025-07-04,cash_deposit,17849.98,in,agency_banking_agent,4,4,0,-0.93,0
BNK05190,2025-07-04,qr_settlement,12357.0,in,LankaQR,4,4,0,1.11,0
BNK05191,2025-07-04,card_settlement,5335.0,in,POS_card,4,4,0,0.49,0
BNK05192,2025-07-05,cash_deposit,30240.88,in,agency_banking_agent,5,5,0,0.13,0
BNK05193,2025-07-05,qr_settlement,9872.0,in,LankaQR,5,5,0,0.61,0
BNK05194,2025-07-05,card_settlement,2651.0,in,POS_card,5,5,0,-0.41,0
BNK05195,2025-07-06,cash_deposit,24985.51,in,agency_banking_agent,6,6,0,-0.32,0
BNK05196,2025-07-06,qr_settlement,3171.0,in,LankaQR,6,6,0,-0.75,0
BNK05197,2025-07-06,card_settlement,1765.0,in,POS_card,6,6,0,-0.71,0
BNK05198,2025-07-07,supplier_payment,35119.35,out,bank_transfer,0,7,0,1.47,0
BNK05199,2025-07-07,supplier_payment,36147.93,out,bank_transfer,0,7,0,1.55,0
BNK05200,2025-07-07,supplier_payment,11646.0,out,bank_transfer,0,7,0,-0.29,0
BNK05201,2025-07-07,supplier_payment,6235.2,out,bank_transfer,0,7,0,-0.69,0
BNK05202,2025-07-07,supplier_payment,19083.0,out,bank_transfer,0,7,0,0.27,0
BNK05203,2025-07-07,supplier_payment,9369.5,out,bank_transfer,0,7,0,-0.46,0
BNK05204,2025-07-07,supplier_payment,5922.28,out,bank_transfer,0,7,0,-0.72,0
BNK05205,2025-07-07,cash_deposit,22914.76,in,agency_banking_agent,0,7,0,-0.5,0
BNK05206,2025-07-07,qr_settlement,5013.0,in,LankaQR,0,7,0,-0.38,0
BNK05207,2025-07-07,card_settlement,3767.0,in,POS_card,0,7,0,-0.04,0
BNK05208,2025-07-08,cash_deposit,34396.07,in,agency_banking_agent,1,8,0,0.49,0
BNK05209,2025-07-08,qr_settlement,4429.0,in,LankaQR,1,8,0,-0.5,0
BNK05210,2025-07-08,card_settlement,3128.0,in,POS_card,1,8,0,-0.25,0
BNK05211,2025-07-09,cash_deposit,26392.86,in,agency_banking_agent,2,9,0,-0.2,0
BNK05212,2025-07-09,qr_settlement,8005.0,in,LankaQR,2,9,0,0.23,0
BNK05213,2025-07-09,card_settlement,1779.0,in,POS_card,2,9,0,-0.71,0
BNK05214,2025-07-10,supplier_payment,19976.4,out,bank_transfer,3,10,0,0.34,0
BNK05215,2025-07-10,supplier_payment,14339.5,out,bank_transfer,3,10,0,-0.09,0
BNK05216,2025-07-10,supplier_payment,5368.3,out,bank_transfer,3,10,0,-0.76,0
BNK05217,2025-07-10,supplier_payment,3955.0,out,bank_transfer,3,10,0,-0.86,0
BNK05218,2025-07-10,supplier_payment,2936.5,out,bank_transfer,3,10,0,-0.94,0
BNK05219,2025-07-10,cash_deposit,30708.23,in,agency_banking_agent,3,10,0,0.17,0
BNK05220,2025-07-10,qr_settlement,7972.0,in,LankaQR,3,10,0,0.22,0
BNK05221,2025-07-10,card_settlement,7788.0,in,POS_card,3,10,0,1.32,0
BNK05222,2025-07-11,cash_deposit,22592.94,in,agency_banking_agent,4,11,0,-0.53,0
BNK05223,2025-07-11,qr_settlement,5113.0,in,LankaQR,4,11,0,-0.36,0
BNK05224,2025-07-11,card_settlement,5789.0,in,POS_card,4,11,0,0.65,0
BNK05225,2025-07-12,cash_deposit,37312.74,in,agency_banking_agent,5,12,0,0.74,0
BNK05226,2025-07-12,qr_settlement,4202.0,in,LankaQR,5,12,0,-0.54,0
BNK05227,2025-07-12,card_settlement,4563.0,in,POS_card,5,12,0,0.23,0
BNK05228,2025-07-13,cash_deposit,31498.24,in,agency_banking_agent,6,13,0,0.24,0
BNK05229,2025-07-13,qr_settlement,12207.0,in,LankaQR,6,13,0,1.08,0
BNK05230,2025-07-13,card_settlement,1660.0,in,POS_card,6,13,0,-0.75,0
BNK05231,2025-07-14,supplier_payment,27263.45,out,bank_transfer,0,14,0,0.88,0
BNK05232,2025-07-14,supplier_payment,16700.4,out,bank_transfer,0,14,0,0.09,0
BNK05233,2025-07-14,supplier_payment,10900.8,out,bank_transfer,0,14,0,-0.34,0
BNK05234,2025-07-14,supplier_payment,34568.04,out,bank_transfer,0,14,0,1.43,0
BNK05235,2025-07-14,supplier_payment,11833.2,out,bank_transfer,0,14,0,-0.27,0
BNK05236,2025-07-14,supplier_payment,6224.4,out,bank_transfer,0,14,0,-0.69,0
BNK05237,2025-07-14,supplier_payment,6574.38,out,bank_transfer,0,14,0,-0.67,0
BNK05238,2025-07-14,supplier_payment,4841.27,out,bank_transfer,0,14,0,-0.8,0
BNK05239,2025-07-14,supplier_payment,3383.76,out,bank_transfer,0,14,0,-0.91,0
BNK05240,2025-07-14,cash_deposit,27005.8,in,agency_banking_agent,0,14,0,-0.15,0
BNK05241,2025-07-14,qr_settlement,3325.0,in,LankaQR,0,14,0,-0.72,0
BNK05242,2025-07-14,card_settlement,2727.0,in,POS_card,0,14,0,-0.39,0
BNK05243,2025-07-15,cash_deposit,18558.89,in,agency_banking_agent,1,15,0,-0.87,0
BNK05244,2025-07-15,qr_settlement,10541.0,in,LankaQR,1,15,0,0.74,0
BNK05245,2025-07-15,card_settlement,1328.0,in,POS_card,1,15,0,-0.86,0
BNK05246,2025-07-16,cash_deposit,29141.53,in,agency_banking_agent,2,16,0,0.04,0
BNK05247,2025-07-16,qr_settlement,8292.0,in,LankaQR,2,16,0,0.29,0
BNK05248,2025-07-16,card_settlement,5507.0,in,POS_card,2,16,0,0.55,0
BNK05249,2025-07-17,supplier_payment,47170.14,out,bank_transfer,3,17,0,2.37,1
BNK05250,2025-07-17,supplier_payment,33528.39,out,bank_transfer,3,17,0,1.35,0
BNK05251,2025-07-17,supplier_payment,14185.5,out,bank_transfer,3,17,0,-0.1,0
BNK05252,2025-07-17,supplier_payment,2929.15,out,bank_transfer,3,17,0,-0.94,0
BNK05253,2025-07-17,cash_deposit,29464.24,in,agency_banking_agent,3,17,0,0.06,0
BNK05254,2025-07-17,qr_settlement,12735.0,in,LankaQR,3,17,0,1.19,0
BNK05255,2025-07-17,card_settlement,5068.0,in,POS_card,3,17,0,0.4,0
BNK05256,2025-07-18,cash_deposit,28467.81,in,agency_banking_agent,4,18,0,-0.02,0
BNK05257,2025-07-18,qr_settlement,9143.0,in,LankaQR,4,18,0,0.46,0
BNK05258,2025-07-18,card_settlement,3124.0,in,POS_card,4,18,0,-0.25,0
BNK05259,2025-07-19,cash_deposit,28000.6,in,agency_banking_agent,5,19,0,-0.06,0
BNK05260,2025-07-19,qr_settlement,12891.0,in,LankaQR,5,19,0,1.22,0
BNK05261,2025-07-19,card_settlement,5038.0,in,POS_card,5,19,0,0.39,0
BNK05262,2025-07-20,cash_deposit,34454.35,in,agency_banking_agent,6,20,0,0.49,0
BNK05263,2025-07-20,qr_settlement,12367.0,in,LankaQR,6,20,0,1.11,0
BNK05264,2025-07-20,card_settlement,7768.0,in,POS_card,6,20,0,1.32,0
BNK05265,2025-07-21,supplier_payment,20284.74,out,bank_transfer,0,21,0,0.36,0
BNK05266,2025-07-21,supplier_payment,18470.16,out,bank_transfer,0,21,0,0.22,0
BNK05267,2025-07-21,supplier_payment,12056.4,out,bank_transfer,0,21,0,-0.26,0
BNK05268,2025-07-21,supplier_payment,4529.17,out,bank_transfer,0,21,0,-0.82,0
BNK05269,2025-07-21,supplier_payment,5327.35,out,bank_transfer,0,21,0,-0.76,0
BNK05270,2025-07-21,supplier_payment,3919.16,out,bank_transfer,0,21,0,-0.87,0
BNK05271,2025-07-21,supplier_payment,6251.5,out,bank_transfer,0,21,0,-0.69,0
BNK05272,2025-07-21,cash_deposit,36928.68,in,agency_banking_agent,0,21,0,0.71,0
BNK05273,2025-07-21,qr_settlement,10924.0,in,LankaQR,0,21,0,0.82,0
BNK05274,2025-07-22,cash_deposit,37519.74,in,agency_banking_agent,1,22,0,0.76,0
BNK05275,2025-07-22,qr_settlement,13012.0,in,LankaQR,1,22,0,1.25,0
BNK05276,2025-07-22,card_settlement,6271.0,in,POS_card,1,22,0,0.81,0
BNK05277,2025-07-23,cash_deposit,16396.19,in,agency_banking_agent,2,23,0,-1.06,0
BNK05278,2025-07-23,qr_settlement,13646.0,in,LankaQR,2,23,0,1.37,0
BNK05279,2025-07-23,card_settlement,4211.0,in,POS_card,2,23,0,0.11,0
BNK05280,2025-07-24,supplier_payment,30953.52,out,bank_transfer,3,24,0,1.16,0
BNK05281,2025-07-24,supplier_payment,30697.38,out,bank_transfer,3,24,0,1.14,0
BNK05282,2025-07-24,supplier_payment,18747.5,out,bank_transfer,3,24,0,0.24,0
BNK05283,2025-07-24,supplier_payment,14387.38,out,bank_transfer,3,24,0,-0.08,0
BNK05284,2025-07-24,supplier_payment,9800.7,out,bank_transfer,3,24,0,-0.43,0
BNK05285,2025-07-24,supplier_payment,2996.35,out,bank_transfer,3,24,0,-0.93,0
BNK05286,2025-07-24,cash_deposit,24044.99,in,agency_banking_agent,3,24,0,-0.4,0
BNK05287,2025-07-24,qr_settlement,7327.0,in,LankaQR,3,24,0,0.09,0
BNK05288,2025-07-24,card_settlement,2228.0,in,POS_card,3,24,0,-0.56,0
BNK05289,2025-07-25,cash_deposit,21327.76,in,agency_banking_agent,4,25,0,-0.64,0
BNK05290,2025-07-25,qr_settlement,10383.0,in,LankaQR,4,25,0,0.71,0
BNK05291,2025-07-25,card_settlement,8533.0,in,POS_card,4,25,0,1.58,0
BNK05292,2025-07-26,cash_deposit,30192.01,in,agency_banking_agent,5,26,0,0.13,0
BNK05293,2025-07-26,qr_settlement,8537.0,in,LankaQR,5,26,0,0.34,0
BNK05294,2025-07-26,card_settlement,3808.0,in,POS_card,5,26,0,-0.02,0
BNK05295,2025-07-27,cash_deposit,19400.17,in,agency_banking_agent,6,27,0,-0.8,0
BNK05296,2025-07-27,qr_settlement,7246.0,in,LankaQR,6,27,0,0.08,0
BNK05297,2025-07-27,card_settlement,6494.0,in,POS_card,6,27,0,0.89,0
BNK05298,2025-07-28,supplier_payment,21870.9,out,bank_transfer,0,28,0,0.48,0
BNK05299,2025-07-28,supplier_payment,30064.32,out,bank_transfer,0,28,0,1.09,0
BNK05300,2025-07-28,supplier_payment,12222.0,out,bank_transfer,0,28,0,-0.24,0
BNK05301,2025-07-28,supplier_payment,6012.0,out,bank_transfer,0,28,0,-0.71,0
BNK05302,2025-07-28,supplier_payment,6958.8,out,bank_transfer,0,28,0,-0.64,0
BNK05303,2025-07-28,supplier_payment,5022.8,out,bank_transfer,0,28,0,-0.78,0
BNK05304,2025-07-28,supplier_payment,10235.4,out,bank_transfer,0,28,0,-0.39,0
BNK05305,2025-07-28,supplier_payment,5447.75,out,bank_transfer,0,28,0,-0.75,0
BNK05306,2025-07-28,supplier_payment,9388.76,out,bank_transfer,0,28,0,-0.46,0
BNK05307,2025-07-28,supplier_payment,6251.5,out,bank_transfer,0,28,0,-0.69,0
BNK05308,2025-07-28,cash_deposit,38811.36,in,agency_banking_agent,0,28,0,0.87,0
BNK05309,2025-07-28,qr_settlement,8784.0,in,LankaQR,0,28,0,0.39,0
BNK05310,2025-07-28,card_settlement,2977.0,in,POS_card,0,28,0,-0.3,0
BNK05311,2025-07-29,cash_deposit,24271.48,in,agency_banking_agent,1,29,0,-0.38,0
BNK05312,2025-07-29,qr_settlement,9376.0,in,LankaQR,1,29,0,0.51,0
BNK05313,2025-07-29,card_settlement,2217.0,in,POS_card,1,29,0,-0.56,0
BNK05314,2025-07-30,cash_deposit,33471.72,in,agency_banking_agent,2,30,0,0.41,0
BNK05315,2025-07-30,qr_settlement,8599.0,in,LankaQR,2,30,0,0.35,0
BNK05316,2025-07-30,card_settlement,5240.0,in,POS_card,2,30,0,0.46,0
BNK05317,2025-07-31,supplier_payment,9181.0,out,bank_transfer,3,31,0,-0.47,0
BNK05318,2025-07-31,supplier_payment,18626.32,out,bank_transfer,3,31,0,0.23,0
BNK05319,2025-07-31,cash_deposit,23336.24,in,agency_banking_agent,3,31,0,-0.46,0
BNK05320,2025-07-31,qr_settlement,9078.0,in,LankaQR,3,31,0,0.45,0
BNK05321,2025-07-31,card_settlement,7466.0,in,POS_card,3,31,0,1.22,0
BNK05322,2025-08-01,cash_deposit,24192.16,in,agency_banking_agent,4,1,0,-0.39,0
BNK05323,2025-08-01,qr_settlement,7952.0,in,LankaQR,4,1,0,0.22,0
BNK05324,2025-08-01,card_settlement,1649.0,in,POS_card,4,1,0,-0.75,0
BNK05325,2025-08-02,cash_deposit,35032.76,in,agency_banking_agent,5,2,0,0.54,0
BNK05326,2025-08-02,qr_settlement,4011.0,in,LankaQR,5,2,0,-0.58,0
BNK05327,2025-08-02,card_settlement,7833.0,in,POS_card,5,2,0,1.34,0
BNK05328,2025-08-03,cash_deposit,17511.76,in,agency_banking_agent,6,3,0,-0.96,0
BNK05329,2025-08-03,qr_settlement,6180.0,in,LankaQR,6,3,0,-0.14,0
BNK05330,2025-08-03,card_settlement,522.0,in,POS_card,6,3,0,-1.13,0
BNK05331,2025-08-04,supplier_payment,48136.32,out,bank_transfer,0,4,0,2.44,1
BNK05332,2025-08-04,supplier_payment,16504.8,out,bank_transfer,0,4,0,0.08,0
BNK05333,2025-08-04,supplier_payment,41986.35,out,bank_transfer,0,4,0,1.98,0
BNK05334,2025-08-04,supplier_payment,6199.2,out,bank_transfer,0,4,0,-0.69,0
BNK05335,2025-08-04,supplier_payment,19415.5,out,bank_transfer,0,4,0,0.29,0
BNK05336,2025-08-04,supplier_payment,6745.6,out,bank_transfer,0,4,0,-0.65,0
BNK05337,2025-08-04,supplier_payment,9422.7,out,bank_transfer,0,4,0,-0.45,0
BNK05338,2025-08-04,supplier_payment,4088.56,out,bank_transfer,0,4,0,-0.85,0
BNK05339,2025-08-04,supplier_payment,2993.9,out,bank_transfer,0,4,0,-0.93,0
BNK05340,2025-08-04,cash_deposit,28043.87,in,agency_banking_agent,0,4,0,-0.06,0
BNK05341,2025-08-04,qr_settlement,7594.0,in,LankaQR,0,4,0,0.15,0
BNK05342,2025-08-04,card_settlement,3413.0,in,POS_card,0,4,0,-0.16,0
BNK05343,2025-08-05,cash_deposit,20640.78,in,agency_banking_agent,1,5,0,-0.69,0
BNK05344,2025-08-05,qr_settlement,14588.0,in,LankaQR,1,5,0,1.56,0
BNK05345,2025-08-05,card_settlement,2217.0,in,POS_card,1,5,0,-0.56,0
BNK05346,2025-08-06,cash_deposit,20760.69,in,agency_banking_agent,2,6,0,-0.68,0
BNK05347,2025-08-06,qr_settlement,6761.0,in,LankaQR,2,6,0,-0.02,0
BNK05348,2025-08-06,card_settlement,2918.0,in,POS_card,2,6,0,-0.32,0
BNK05349,2025-08-07,supplier_payment,14461.5,out,bank_transfer,3,7,0,-0.08,1
BNK05350,2025-08-07,cash_deposit,29601.73,in,agency_banking_agent,3,7,0,0.08,0
BNK05351,2025-08-07,qr_settlement,5497.0,in,LankaQR,3,7,0,-0.28,0
BNK05352,2025-08-07,card_settlement,4156.0,in,POS_card,3,7,0,0.1,0
BNK05353,2025-08-08,cash_deposit,34770.97,in,agency_banking_agent,4,8,0,0.52,0
BNK05354,2025-08-08,qr_settlement,3715.0,in,LankaQR,4,8,0,-0.64,0
BNK05355,2025-08-08,card_settlement,3449.0,in,POS_card,4,8,0,-0.14,0
BNK05356,2025-08-09,cash_deposit,33552.28,in,agency_banking_agent,5,9,1,0.42,0
BNK05357,2025-08-09,qr_settlement,4093.0,in,LankaQR,5,9,1,-0.56,0
BNK05358,2025-08-09,card_settlement,5942.0,in,POS_card,5,9,0,0.7,0
BNK05359,2025-08-10,cash_deposit,27857.78,in,agency_banking_agent,6,10,0,-0.07,0
BNK05360,2025-08-10,qr_settlement,9998.0,in,LankaQR,6,10,0,0.63,0
BNK05361,2025-08-10,card_settlement,1565.0,in,POS_card,6,10,0,-0.78,0
BNK05362,2025-08-11,supplier_payment,59594.41,out,bank_transfer,0,11,0,3.3,1
BNK05363,2025-08-11,supplier_payment,10668.0,out,bank_transfer,0,11,0,-0.36,0
BNK05364,2025-08-11,supplier_payment,16824.0,out,bank_transfer,0,11,0,0.1,0
BNK05365,2025-08-11,supplier_payment,11937.6,out,bank_transfer,0,11,0,-0.27,0
BNK05366,2025-08-11,supplier_payment,4888.4,out,bank_transfer,0,11,0,-0.79,0
BNK05367,2025-08-11,supplier_payment,10567.76,out,bank_transfer,0,11,0,-0.37,0
BNK05368,2025-08-11,supplier_payment,9759.05,out,bank_transfer,0,11,0,-0.43,0
BNK05369,2025-08-11,supplier_payment,5979.68,out,bank_transfer,0,11,0,-0.71,0
BNK05370,2025-08-11,supplier_payment,6355.5,out,bank_transfer,0,11,0,-0.68,0
BNK05371,2025-08-11,cash_deposit,27587.8,in,agency_banking_agent,0,11,0,-0.1,0
BNK05372,2025-08-11,qr_settlement,6477.0,in,LankaQR,0,11,0,-0.08,0
BNK05373,2025-08-11,card_settlement,5431.0,in,POS_card,0,11,0,0.53,0
BNK05374,2025-08-12,cash_deposit,27771.63,in,agency_banking_agent,1,12,0,-0.08,0
BNK05375,2025-08-12,qr_settlement,9128.0,in,LankaQR,1,12,0,0.46,0
BNK05376,2025-08-12,card_settlement,6450.0,in,POS_card,1,12,0,0.87,0
BNK05377,2025-08-13,cash_deposit,21859.46,in,agency_banking_agent,2,13,0,-0.59,0
BNK05378,2025-08-13,qr_settlement,5903.0,in,LankaQR,2,13,0,-0.2,0
BNK05379,2025-08-13,card_settlement,6150.0,in,POS_card,2,13,0,0.77,0
BNK05380,2025-08-14,supplier_payment,33721.2,out,bank_transfer,3,14,0,1.36,0
BNK05381,2025-08-14,supplier_payment,37530.0,out,bank_transfer,3,14,0,1.65,0
BNK05382,2025-08-14,supplier_payment,11131.08,out,bank_transfer,3,14,0,-0.33,0
BNK05383,2025-08-14,supplier_payment,14502.0,out,bank_transfer,3,14,0,-0.07,0
BNK05384,2025-08-14,supplier_payment,6583.2,out,bank_transfer,3,14,0,-0.67,0
BNK05385,2025-08-14,cash_deposit,26979.86,in,agency_banking_agent,3,14,0,-0.15,0
BNK05386,2025-08-14,qr_settlement,10420.0,in,LankaQR,3,14,0,0.72,0
BNK05387,2025-08-14,card_settlement,2290.0,in,POS_card,3,14,0,-0.54,0
BNK05388,2025-08-15,cash_deposit,21064.91,in,agency_banking_agent,4,15,0,-0.66,0
BNK05389,2025-08-15,qr_settlement,10214.0,in,LankaQR,4,15,0,0.68,0
BNK05390,2025-08-15,card_settlement,2173.0,in,POS_card,4,15,0,-0.58,0
BNK05391,2025-08-16,cash_deposit,25390.2,in,agency_banking_agent,5,16,0,-0.29,0
BNK05392,2025-08-16,qr_settlement,14643.0,in,LankaQR,5,16,0,1.58,0
BNK05393,2025-08-16,card_settlement,6317.0,in,POS_card,5,16,0,0.83,0
BNK05394,2025-08-17,cash_deposit,21851.04,in,agency_banking_agent,6,17,0,-0.59,0
BNK05395,2025-08-17,qr_settlement,12055.0,in,LankaQR,6,17,0,1.05,0
BNK05396,2025-08-17,card_settlement,6262.0,in,POS_card,6,17,0,0.81,0
BNK05397,2025-08-18,supplier_payment,48595.41,out,bank_transfer,0,18,0,2.48,1
BNK05398,2025-08-18,supplier_payment,21775.5,out,bank_transfer,0,18,0,0.47,0
BNK05399,2025-08-18,supplier_payment,35874.9,out,bank_transfer,0,18,0,1.52,0
BNK05400,2025-08-18,supplier_payment,14593.04,out,bank_transfer,0,18,0,-0.07,0
BNK05401,2025-08-18,supplier_payment,9903.0,out,bank_transfer,0,18,0,-0.42,0
BNK05402,2025-08-18,supplier_payment,5614.12,out,bank_transfer,0,18,0,-0.74,0
BNK05403,2025-08-18,supplier_payment,5016.4,out,bank_transfer,0,18,0,-0.78,0
BNK05404,2025-08-18,supplier_payment,10708.88,out,bank_transfer,0,18,0,-0.36,0
BNK05405,2025-08-18,supplier_payment,9903.25,out,bank_transfer,0,18,0,-0.42,0
BNK05406,2025-08-18,supplier_payment,3391.92,out,bank_transfer,0,18,0,-0.9,0
BNK05407,2025-08-18,supplier_payment,2527.2,out,bank_transfer,0,18,0,-0.97,0
BNK05408,2025-08-18,supplier_payment,5497.98,out,bank_transfer,0,18,0,-0.75,0
BNK05409,2025-08-18,cash_deposit,37631.86,in,agency_banking_agent,0,18,0,0.77,0
BNK05410,2025-08-18,qr_settlement,13604.0,in,LankaQR,0,18,0,1.37,0
BNK05411,2025-08-18,card_settlement,1083.0,in,POS_card,0,18,0,-0.94,0
BNK05412,2025-08-19,cash_deposit,31425.75,in,agency_banking_agent,1,19,0,0.23,0
BNK05413,2025-08-19,qr_settlement,9614.0,in,LankaQR,1,19,0,0.56,0
BNK05414,2025-08-19,card_settlement,4290.0,in,POS_card,1,19,0,0.14,0
BNK05415,2025-08-20,cash_deposit,32009.69,in,agency_banking_agent,2,20,0,0.28,0
BNK05416,2025-08-20,qr_settlement,10745.0,in,LankaQR,2,20,0,0.79,0
BNK05417,2025-08-20,card_settlement,751.0,in,POS_card,2,20,0,-1.06,0
BNK05418,2025-08-21,supplier_payment,21893.13,out,bank_transfer,3,21,0,0.48,0
BNK05419,2025-08-21,supplier_payment,36207.6,out,bank_transfer,3,21,0,1.55,0
BNK05420,2025-08-21,supplier_payment,5191.34,out,bank_transfer,3,21,0,-0.77,0
BNK05421,2025-08-21,supplier_payment,5769.12,out,bank_transfer,3,21,0,-0.73,0
BNK05422,2025-08-21,cash_deposit,23808.34,in,agency_banking_agent,3,21,0,-0.42,0
BNK05423,2025-08-21,qr_settlement,12489.0,in,LankaQR,3,21,0,1.14,0
BNK05424,2025-08-21,card_settlement,1653.0,in,POS_card,3,21,0,-0.75,0
BNK05425,2025-08-22,cash_deposit,16561.65,in,agency_banking_agent,4,22,0,-1.05,0
BNK05426,2025-08-22,qr_settlement,6656.0,in,LankaQR,4,22,0,-0.04,0
BNK05427,2025-08-22,card_settlement,1232.0,in,POS_card,4,22,0,-0.89,0
BNK05428,2025-08-23,cash_deposit,26394.44,in,agency_banking_agent,5,23,0,-0.2,0
BNK05429,2025-08-23,qr_settlement,9690.0,in,LankaQR,5,23,0,0.57,0
BNK05430,2025-08-23,card_settlement,1939.0,in,POS_card,5,23,0,-0.65,0
BNK05431,2025-08-24,cash_deposit,20275.9,in,agency_banking_agent,6,24,0,-0.73,0
BNK05432,2025-08-24,qr_settlement,13547.0,in,LankaQR,6,24,0,1.35,0
BNK05433,2025-08-24,card_settlement,2212.0,in,POS_card,6,24,0,-0.56,0
BNK05434,2025-08-25,supplier_payment,20799.6,out,bank_transfer,0,25,0,0.4,0
BNK05435,2025-08-25,supplier_payment,5863.48,out,bank_transfer,0,25,0,-0.72,0
BNK05436,2025-08-25,supplier_payment,16408.98,out,bank_transfer,0,25,0,0.07,0
BNK05437,2025-08-25,supplier_payment,9141.33,out,bank_transfer,0,25,0,-0.47,0
BNK05438,2025-08-25,supplier_payment,6135.5,out,bank_transfer,0,25,0,-0.7,0
BNK05439,2025-08-25,cash_deposit,21866.08,in,agency_banking_agent,0,25,0,-0.59,0
BNK05440,2025-08-25,qr_settlement,7379.0,in,LankaQR,0,25,0,0.1,0
BNK05441,2025-08-25,card_settlement,1515.0,in,POS_card,0,25,0,-0.8,0
BNK05442,2025-08-26,cash_deposit,24436.59,in,agency_banking_agent,1,26,0,-0.37,0
BNK05443,2025-08-26,qr_settlement,12379.0,in,LankaQR,1,26,0,1.12,1
BNK05444,2025-08-26,card_settlement,3929.0,in,POS_card,1,26,0,0.02,0
BNK05445,2025-08-27,cash_deposit,19670.37,in,agency_banking_agent,2,27,0,-0.78,0
BNK05446,2025-08-27,qr_settlement,2271.0,in,LankaQR,2,27,0,-0.93,0
BNK05447,2025-08-27,card_settlement,4101.0,in,POS_card,2,27,0,0.08,0
BNK05448,2025-08-28,supplier_payment,30358.4,out,bank_transfer,3,28,0,1.11,0
BNK05449,2025-08-28,supplier_payment,17428.8,out,bank_transfer,3,28,0,0.15,0
BNK05450,2025-08-28,cash_deposit,23400.1,in,agency_banking_agent,3,28,0,-0.46,0
BNK05451,2025-08-28,qr_settlement,11262.0,in,LankaQR,3,28,0,0.89,0
BNK05452,2025-08-28,card_settlement,592.0,in,POS_card,3,28,0,-1.11,0
BNK05453,2025-08-29,cash_deposit,24432.81,in,agency_banking_agent,4,29,0,-0.37,0
BNK05454,2025-08-29,qr_settlement,9933.0,in,LankaQR,4,29,0,0.62,0
BNK05455,2025-08-29,card_settlement,10452.0,in,POS_card,4,29,0,2.23,0
BNK05456,2025-08-30,cash_deposit,36155.56,in,agency_banking_agent,5,30,0,0.64,0
BNK05457,2025-08-30,qr_settlement,13356.0,in,LankaQR,5,30,0,1.32,0
BNK05458,2025-08-30,card_settlement,5651.0,in,POS_card,5,30,0,0.6,0
BNK05459,2025-08-31,cash_deposit,25860.78,in,agency_banking_agent,6,31,0,-0.25,0
BNK05460,2025-08-31,qr_settlement,13866.0,in,LankaQR,6,31,0,1.42,0
BNK05461,2025-08-31,card_settlement,4183.0,in,POS_card,6,31,0,0.1,0
BNK05462,2025-09-01,supplier_payment,40656.6,out,bank_transfer,0,1,0,1.88,0
BNK05463,2025-09-01,supplier_payment,11815.2,out,bank_transfer,0,1,0,-0.27,0
BNK05464,2025-09-01,supplier_payment,14214.5,out,bank_transfer,0,1,0,-0.1,0
BNK05465,2025-09-01,supplier_payment,6584.0,out,bank_transfer,0,1,0,-0.67,0
BNK05466,2025-09-01,supplier_payment,5748.57,out,bank_transfer,0,1,0,-0.73,0
BNK05467,2025-09-01,supplier_payment,6327.5,out,bank_transfer,0,1,0,-0.69,0
BNK05468,2025-09-01,cash_deposit,34192.63,in,agency_banking_agent,0,1,0,0.47,0
BNK05469,2025-09-01,qr_settlement,15269.0,in,LankaQR,0,1,0,1.7,0
BNK05470,2025-09-01,card_settlement,4037.0,in,POS_card,0,1,0,0.06,0
BNK05471,2025-09-02,cash_deposit,26535.16,in,agency_banking_agent,1,2,0,-0.19,0
BNK05472,2025-09-02,qr_settlement,7737.0,in,LankaQR,1,2,0,0.18,0
BNK05473,2025-09-02,card_settlement,3117.0,in,POS_card,1,2,0,-0.26,0
BNK05474,2025-09-03,cash_deposit,19421.09,in,agency_banking_agent,2,3,0,-0.8,0
BNK05475,2025-09-03,qr_settlement,11812.0,in,LankaQR,2,3,0,1.0,0
BNK05476,2025-09-03,card_settlement,5384.0,in,POS_card,2,3,0,0.51,0
BNK05477,2025-09-04,supplier_payment,10934.4,out,bank_transfer,3,4,0,-0.34,0
BNK05478,2025-09-04,supplier_payment,19091.5,out,bank_transfer,3,4,0,0.27,0
BNK05479,2025-09-04,supplier_payment,9888.21,out,bank_transfer,3,4,0,-0.42,0
BNK05480,2025-09-04,cash_deposit,19288.34,in,agency_banking_agent,3,4,0,-0.81,0
BNK05481,2025-09-04,qr_settlement,2573.0,in,LankaQR,3,4,0,-0.87,0
BNK05482,2025-09-04,card_settlement,3739.0,in,POS_card,3,4,0,-0.05,0
BNK05483,2025-09-05,cash_deposit,29282.75,in,agency_banking_agent,4,5,0,0.05,0
BNK05484,2025-09-05,qr_settlement,15892.0,in,LankaQR,4,5,0,1.83,0
BNK05485,2025-09-06,cash_deposit,32246.09,in,agency_banking_agent,5,6,0,0.3,0
BNK05486,2025-09-06,qr_settlement,10515.0,in,LankaQR,5,6,0,0.74,0
BNK05487,2025-09-06,card_settlement,3460.0,in,POS_card,5,6,0,-0.14,0
BNK05488,2025-09-07,cash_deposit,33607.39,in,agency_banking_agent,6,7,0,0.42,0
BNK05489,2025-09-07,qr_settlement,6779.0,in,LankaQR,6,7,0,-0.02,0
BNK05490,2025-09-07,card_settlement,4908.0,in,POS_card,6,7,0,0.35,0
BNK05491,2025-09-08,supplier_payment,32347.14,out,bank_transfer,0,8,0,1.26,0
BNK05492,2025-09-08,supplier_payment,5283.0,out,bank_transfer,0,8,0,-0.76,0
BNK05493,2025-09-08,supplier_payment,13992.5,out,bank_transfer,0,8,0,-0.11,0
BNK05494,2025-09-08,supplier_payment,6979.2,out,bank_transfer,0,8,0,-0.64,0
BNK05495,2025-09-08,supplier_payment,4925.2,out,bank_transfer,0,8,0,-0.79,0
BNK05496,2025-09-08,supplier_payment,5109.18,out,bank_transfer,0,8,0,-0.78,0
BNK05497,2025-09-08,supplier_payment,9872.8,out,bank_transfer,0,8,0,-0.42,0
BNK05498,2025-09-08,supplier_payment,4029.2,out,bank_transfer,0,8,0,-0.86,0
BNK05499,2025-09-08,cash_deposit,13403.04,in,agency_banking_agent,0,8,0,-1.32,0
BNK05500,2025-09-08,qr_settlement,5934.0,in,LankaQR,0,8,0,-0.19,0
BNK05501,2025-09-08,card_settlement,6119.0,in,POS_card,0,8,0,0.76,0
BNK05502,2025-09-09,cash_deposit,20475.79,in,agency_banking_agent,1,9,0,-0.71,0
BNK05503,2025-09-09,qr_settlement,3160.0,in,LankaQR,1,9,0,-0.75,0
BNK05504,2025-09-09,card_settlement,1985.0,in,POS_card,1,9,0,-0.64,0
BNK05505,2025-09-10,cash_deposit,29236.65,in,agency_banking_agent,2,10,0,0.04,0
BNK05506,2025-09-10,qr_settlement,3138.0,in,LankaQR,2,10,0,-0.76,0
BNK05507,2025-09-10,card_settlement,7119.0,in,POS_card,2,10,0,1.1,0
BNK05508,2025-09-11,supplier_payment,20632.84,out,bank_transfer,3,11,0,0.38,0
BNK05509,2025-09-11,supplier_payment,24029.23,out,bank_transfer,3,11,0,0.64,0
BNK05510,2025-09-11,supplier_payment,14896.35,out,bank_transfer,3,11,0,-0.04,0
BNK05511,2025-09-11,supplier_payment,18078.55,out,bank_transfer,3,11,0,0.19,0
BNK05512,2025-09-11,supplier_payment,2839.32,out,bank_transfer,3,11,0,-0.95,0
BNK05513,2025-09-11,supplier_payment,4842.0,out,bank_transfer,3,11,0,-0.8,0
BNK05514,2025-09-11,cash_deposit,18130.98,in,agency_banking_agent,3,11,0,-0.91,0
BNK05515,2025-09-11,qr_settlement,13661.0,in,LankaQR,3,11,0,1.38,0
BNK05516,2025-09-11,card_settlement,2076.0,in,POS_card,3,11,0,-0.61,0
BNK05517,2025-09-12,cash_deposit,27316.04,in,agency_banking_agent,4,12,0,-0.12,0
BNK05518,2025-09-12,qr_settlement,6439.0,in,LankaQR,4,12,0,-0.09,0
BNK05519,2025-09-12,card_settlement,1218.0,in,POS_card,4,12,0,-0.9,0
BNK05520,2025-09-13,cash_deposit,19216.13,in,agency_banking_agent,5,13,0,-0.82,0
BNK05521,2025-09-13,qr_settlement,19567.0,in,LankaQR,5,13,0,2.57,1
BNK05522,2025-09-13,card_settlement,10528.0,in,POS_card,5,13,0,2.25,0
BNK05523,2025-09-14,cash_deposit,26498.85,in,agency_banking_agent,6,14,0,-0.19,0
BNK05524,2025-09-14,qr_settlement,7012.0,in,LankaQR,6,14,0,0.03,0
BNK05525,2025-09-14,card_settlement,2018.0,in,POS_card,6,14,0,-0.63,0
BNK05526,2025-09-15,supplier_payment,23980.8,out,bank_transfer,0,15,0,0.64,0
BNK05527,2025-09-15,supplier_payment,30708.56,out,bank_transfer,0,15,0,1.14,0
BNK05528,2025-09-15,supplier_payment,12189.6,out,bank_transfer,0,15,0,-0.25,0
BNK05529,2025-09-15,supplier_payment,6699.6,out,bank_transfer,0,15,0,-0.66,0
BNK05530,2025-09-15,supplier_payment,4995.2,out,bank_transfer,0,15,0,-0.79,0
BNK05531,2025-09-15,supplier_payment,10525.48,out,bank_transfer,0,15,0,-0.37,0
BNK05532,2025-09-15,supplier_payment,5260.14,out,bank_transfer,0,15,0,-0.77,0
BNK05533,2025-09-15,supplier_payment,6284.5,out,bank_transfer,0,15,0,-0.69,0
BNK05534,2025-09-15,cash_deposit,25177.19,in,agency_banking_agent,0,15,0,-0.3,0
BNK05535,2025-09-15,qr_settlement,8107.0,in,LankaQR,0,15,0,0.25,0
BNK05536,2025-09-15,card_settlement,875.0,in,POS_card,0,15,0,-1.01,0
BNK05537,2025-09-16,cash_deposit,25406.51,in,agency_banking_agent,1,16,0,-0.29,0
BNK05538,2025-09-16,qr_settlement,5428.0,in,LankaQR,1,16,0,-0.29,0
BNK05539,2025-09-16,card_settlement,2050.0,in,POS_card,1,16,0,-0.62,0
BNK05540,2025-09-17,cash_deposit,30547.74,in,agency_banking_agent,2,17,0,0.16,0
BNK05541,2025-09-17,qr_settlement,12188.0,in,LankaQR,2,17,0,1.08,0
BNK05542,2025-09-17,card_settlement,1281.0,in,POS_card,2,17,0,-0.88,0
BNK05543,2025-09-18,supplier_payment,57955.04,out,bank_transfer,3,18,0,3.18,1
BNK05544,2025-09-18,supplier_payment,34623.32,out,bank_transfer,3,18,0,1.43,0
BNK05545,2025-09-18,supplier_payment,5401.55,out,bank_transfer,3,18,0,-0.75,0
BNK05546,2025-09-18,supplier_payment,17146.04,out,bank_transfer,3,18,0,0.12,0
BNK05547,2025-09-18,supplier_payment,12508.65,out,bank_transfer,3,18,0,-0.22,0
BNK05548,2025-09-18,supplier_payment,2822.68,out,bank_transfer,3,18,0,-0.95,0
BNK05549,2025-09-18,cash_deposit,34579.22,in,agency_banking_agent,3,18,0,0.5,0
BNK05550,2025-09-18,qr_settlement,3193.0,in,LankaQR,3,18,0,-0.75,0
BNK05551,2025-09-18,card_settlement,8310.0,in,POS_card,3,18,0,1.5,0
BNK05552,2025-09-19,cash_deposit,34110.88,in,agency_banking_agent,4,19,0,0.46,0
BNK05553,2025-09-19,qr_settlement,7173.0,in,LankaQR,4,19,0,0.06,0
BNK05554,2025-09-19,card_settlement,6986.0,in,POS_card,4,19,0,1.05,0
BNK05555,2025-09-20,cash_deposit,27799.82,in,agency_banking_agent,5,20,0,-0.08,0
BNK05556,2025-09-20,qr_settlement,13076.0,in,LankaQR,5,20,0,1.26,0
BNK05557,2025-09-20,card_settlement,1596.0,in,POS_card,5,20,0,-0.77,0
BNK05558,2025-09-21,cash_deposit,39289.29,in,agency_banking_agent,6,21,0,0.91,0
BNK05559,2025-09-21,qr_settlement,15330.0,in,LankaQR,6,21,0,1.72,0
BNK05560,2025-09-21,card_settlement,2745.0,in,POS_card,6,21,0,-0.38,0
BNK05561,2025-09-22,supplier_payment,15415.4,out,bank_transfer,0,22,0,-0.01,0
BNK05562,2025-09-22,supplier_payment,9226.88,out,bank_transfer,0,22,0,-0.47,0
BNK05563,2025-09-22,supplier_payment,11991.6,out,bank_transfer,0,22,0,-0.26,0
BNK05564,2025-09-22,supplier_payment,6193.8,out,bank_transfer,0,22,0,-0.7,0
BNK05565,2025-09-22,supplier_payment,4634.86,out,bank_transfer,0,22,0,-0.81,0
BNK05566,2025-09-22,supplier_payment,10728.48,out,bank_transfer,0,22,0,-0.36,0
BNK05567,2025-09-22,supplier_payment,3777.57,out,bank_transfer,0,22,0,-0.88,0
BNK05568,2025-09-22,supplier_payment,5668.65,out,bank_transfer,0,22,0,-0.73,0
BNK05569,2025-09-22,cash_deposit,22541.04,in,agency_banking_agent,0,22,0,-0.53,0
BNK05570,2025-09-22,qr_settlement,5247.0,in,LankaQR,0,22,0,-0.33,1
BNK05571,2025-09-22,card_settlement,498.0,in,POS_card,0,22,0,-1.14,0
BNK05572,2025-09-23,cash_deposit,24803.1,in,agency_banking_agent,1,23,0,-0.34,0
BNK05573,2025-09-23,qr_settlement,7874.0,in,LankaQR,1,23,0,0.2,0
BNK05574,2025-09-23,card_settlement,410.0,in,POS_card,1,23,0,-1.17,0
BNK05575,2025-09-24,cash_deposit,13972.46,in,agency_banking_agent,2,24,0,-1.27,0
BNK05576,2025-09-24,qr_settlement,6554.0,in,LankaQR,2,24,0,-0.06,0
BNK05577,2025-09-24,card_settlement,11846.0,in,POS_card,2,24,0,2.7,1
BNK05578,2025-09-25,supplier_payment,29487.12,out,bank_transfer,3,25,0,1.05,0
BNK05579,2025-09-25,supplier_payment,35580.54,out,bank_transfer,3,25,0,1.5,0
BNK05580,2025-09-25,supplier_payment,14284.5,out,bank_transfer,3,25,0,-0.09,0
BNK05581,2025-09-25,supplier_payment,5432.0,out,bank_transfer,3,25,0,-0.75,0
BNK05582,2025-09-25,supplier_payment,9361.45,out,bank_transfer,3,25,0,-0.46,0
BNK05583,2025-09-25,cash_deposit,32499.24,in,agency_banking_agent,3,25,0,0.32,0
BNK05584,2025-09-25,qr_settlement,7917.0,in,LankaQR,3,25,0,0.21,0
BNK05585,2025-09-25,card_settlement,3167.0,in,POS_card,3,25,0,-0.24,0
BNK05586,2025-09-26,cash_deposit,40637.64,in,agency_banking_agent,4,26,0,1.02,0
BNK05587,2025-09-26,qr_settlement,5695.0,in,LankaQR,4,26,0,-0.24,0
BNK05588,2025-09-26,card_settlement,3572.0,in,POS_card,4,26,0,-0.1,0
BNK05589,2025-09-27,cash_deposit,38964.6,in,agency_banking_agent,5,27,0,0.88,0
BNK05590,2025-09-27,qr_settlement,17670.0,in,LankaQR,5,27,0,2.19,0
BNK05591,2025-09-27,card_settlement,362.0,in,POS_card,5,27,0,-1.19,0
BNK05592,2025-09-28,cash_deposit,40398.73,in,agency_banking_agent,6,28,0,1.0,0
BNK05593,2025-09-28,qr_settlement,16104.0,in,LankaQR,6,28,0,1.87,0
BNK05594,2025-09-28,card_settlement,1419.0,in,POS_card,6,28,0,-0.83,0
BNK05595,2025-09-29,supplier_payment,19682.85,out,bank_transfer,0,29,0,0.31,0
BNK05596,2025-09-29,supplier_payment,24921.72,out,bank_transfer,0,29,0,0.71,0
BNK05597,2025-09-29,supplier_payment,4806.8,out,bank_transfer,0,29,0,-0.8,0
BNK05598,2025-09-29,supplier_payment,4090.52,out,bank_transfer,0,29,0,-0.85,0
BNK05599,2025-09-29,cash_deposit,18954.96,in,agency_banking_agent,0,29,0,-0.84,0
BNK05600,2025-09-29,qr_settlement,6282.0,in,LankaQR,0,29,0,-0.12,0
BNK05601,2025-09-29,card_settlement,7262.0,in,POS_card,0,29,0,1.15,0
BNK05602,2025-09-30,cash_deposit,23059.57,in,agency_banking_agent,1,30,0,-0.49,0
BNK05603,2025-09-30,qr_settlement,5992.0,in,LankaQR,1,30,0,-0.18,0
BNK05604,2025-10-01,cash_deposit,31679.63,in,agency_banking_agent,2,1,0,0.25,0
BNK05605,2025-10-01,qr_settlement,5802.0,in,LankaQR,2,1,0,-0.22,0
BNK05606,2025-10-01,card_settlement,9450.0,in,POS_card,2,1,0,1.89,0
BNK05607,2025-10-02,supplier_payment,35439.75,out,bank_transfer,3,2,0,1.49,0
BNK05608,2025-10-02,supplier_payment,29607.24,out,bank_transfer,3,2,0,1.06,0
BNK05609,2025-10-02,supplier_payment,34521.48,out,bank_transfer,3,2,0,1.42,0
BNK05610,2025-10-02,supplier_payment,11223.0,out,bank_transfer,3,2,0,-0.32,0
BNK05611,2025-10-02,supplier_payment,8474.4,out,bank_transfer,3,2,0,-0.52,0
BNK05612,2025-10-02,cash_deposit,27482.17,in,agency_banking_agent,3,2,0,-0.11,0
BNK05613,2025-10-02,qr_settlement,6588.0,in,LankaQR,3,2,0,-0.06,0
BNK05614,2025-10-02,card_settlement,4336.0,in,POS_card,3,2,0,0.16,0
BNK05615,2025-10-03,cash_deposit,24737.6,in,agency_banking_agent,4,3,0,-0.34,0
BNK05616,2025-10-03,qr_settlement,10053.0,in,LankaQR,4,3,0,0.65,0
BNK05617,2025-10-03,card_settlement,3453.0,in,POS_card,4,3,0,-0.14,0
BNK05618,2025-10-04,cash_deposit,19560.52,in,agency_banking_agent,5,4,0,-0.79,0
BNK05619,2025-10-04,qr_settlement,4999.0,in,LankaQR,5,4,0,-0.38,0
BNK05620,2025-10-04,card_settlement,8212.0,in,POS_card,5,4,0,1.47,0
BNK05621,2025-10-05,cash_deposit,20744.09,in,agency_banking_agent,6,5,0,-0.69,0
BNK05622,2025-10-05,qr_settlement,16189.0,in,LankaQR,6,5,0,1.89,0
BNK05623,2025-10-05,card_settlement,2535.0,in,POS_card,6,5,0,-0.45,0
BNK05624,2025-10-06,supplier_payment,12171.6,out,bank_transfer,0,6,0,-0.25,0
BNK05625,2025-10-06,supplier_payment,6298.2,out,bank_transfer,0,6,0,-0.69,0
BNK05626,2025-10-06,supplier_payment,14666.5,out,bank_transfer,0,6,0,-0.06,0
BNK05627,2025-10-06,supplier_payment,10666.88,out,bank_transfer,0,6,0,-0.36,0
BNK05628,2025-10-06,supplier_payment,4006.52,out,bank_transfer,0,6,0,-0.86,0
BNK05629,2025-10-06,cash_deposit,22422.37,in,agency_banking_agent,0,6,0,-0.54,0
BNK05630,2025-10-06,qr_settlement,15923.0,in,LankaQR,0,6,0,1.84,0
BNK05631,2025-10-06,card_settlement,3163.0,in,POS_card,0,6,0,-0.24,0
BNK05632,2025-10-07,cash_deposit,18966.92,in,agency_banking_agent,1,7,0,-0.84,0
BNK05633,2025-10-07,qr_settlement,15329.0,in,LankaQR,1,7,0,1.72,0
BNK05634,2025-10-07,card_settlement,4988.0,in,POS_card,1,7,0,0.38,0
BNK05635,2025-10-08,cash_deposit,17468.1,in,agency_banking_agent,2,8,0,-0.97,0
BNK05636,2025-10-08,qr_settlement,10406.0,in,LankaQR,2,8,0,0.72,0
BNK05637,2025-10-08,card_settlement,8471.0,in,POS_card,2,8,0,1.56,0
BNK05638,2025-10-09,supplier_payment,20671.38,out,bank_transfer,3,9,0,0.39,0
BNK05639,2025-10-09,supplier_payment,4846.8,out,bank_transfer,3,9,0,-0.8,0
BNK05640,2025-10-09,supplier_payment,9467.5,out,bank_transfer,3,9,0,-0.45,0
BNK05641,2025-10-09,supplier_payment,3038.35,out,bank_transfer,3,9,0,-0.93,0
BNK05642,2025-10-09,supplier_payment,6372.5,out,bank_transfer,3,9,0,-0.68,0
BNK05643,2025-10-09,cash_deposit,30407.49,in,agency_banking_agent,3,9,0,0.15,0
BNK05644,2025-10-09,qr_settlement,6744.0,in,LankaQR,3,9,0,-0.03,0
BNK05645,2025-10-09,card_settlement,9596.0,in,POS_card,3,9,0,1.94,0
BNK05646,2025-10-10,cash_deposit,25980.38,in,agency_banking_agent,4,10,0,-0.24,0
BNK05647,2025-10-10,qr_settlement,13774.0,in,LankaQR,4,10,0,1.4,0
BNK05648,2025-10-10,card_settlement,2032.0,in,POS_card,4,10,0,-0.62,0
BNK05649,2025-10-11,cash_deposit,28962.71,in,agency_banking_agent,5,11,0,0.02,0
BNK05650,2025-10-11,qr_settlement,17907.0,in,LankaQR,5,11,0,2.24,0
BNK05651,2025-10-11,card_settlement,3708.0,in,POS_card,5,11,0,-0.06,0
BNK05652,2025-10-12,cash_deposit,27515.36,in,agency_banking_agent,6,12,0,-0.1,0
BNK05653,2025-10-12,qr_settlement,13358.0,in,LankaQR,6,12,0,1.32,0
BNK05654,2025-10-12,card_settlement,4829.0,in,POS_card,6,12,0,0.32,0
BNK05655,2025-10-13,supplier_payment,16244.48,out,bank_transfer,0,13,0,0.06,0
BNK05656,2025-10-13,supplier_payment,10773.0,out,bank_transfer,0,13,0,-0.35,0
BNK05657,2025-10-13,supplier_payment,20094.0,out,bank_transfer,0,13,0,0.34,0
BNK05658,2025-10-13,supplier_payment,12218.4,out,bank_transfer,0,13,0,-0.24,0
BNK05659,2025-10-13,supplier_payment,6734.8,out,bank_transfer,0,13,0,-0.65,0
BNK05660,2025-10-13,supplier_payment,10280.76,out,bank_transfer,0,13,0,-0.39,0
BNK05661,2025-10-13,supplier_payment,4079.6,out,bank_transfer,0,13,0,-0.85,0
BNK05662,2025-10-13,cash_deposit,25908.01,in,agency_banking_agent,0,13,0,-0.24,0
BNK05663,2025-10-13,qr_settlement,8085.0,in,LankaQR,0,13,0,0.25,0
BNK05664,2025-10-13,card_settlement,5712.0,in,POS_card,0,13,0,0.62,0
BNK05665,2025-10-14,cash_deposit,19969.51,in,agency_banking_agent,1,14,0,-0.75,0
BNK05666,2025-10-14,qr_settlement,7693.0,in,LankaQR,1,14,0,0.17,0
BNK05667,2025-10-14,card_settlement,4227.0,in,POS_card,1,14,0,0.12,0
BNK05668,2025-10-15,cash_deposit,21991.5,in,agency_banking_agent,2,15,0,-0.58,0
BNK05669,2025-10-15,qr_settlement,13629.0,in,LankaQR,2,15,0,1.37,0
BNK05670,2025-10-15,card_settlement,6711.0,in,POS_card,2,15,0,0.96,0
BNK05671,2025-10-16,supplier_payment,19445.4,out,bank_transfer,3,16,0,0.3,0
BNK05672,2025-10-16,cash_deposit,33987.43,in,agency_banking_agent,3,16,0,0.45,0
BNK05673,2025-10-16,qr_settlement,10310.0,in,LankaQR,3,16,0,0.7,0
BNK05674,2025-10-16,card_settlement,4221.0,in,POS_card,3,16,0,0.12,0
BNK05675,2025-10-17,cash_deposit,25471.83,in,agency_banking_agent,4,17,0,-0.28,0
BNK05676,2025-10-17,qr_settlement,13800.0,in,LankaQR,4,17,0,1.41,0
BNK05677,2025-10-17,card_settlement,2363.0,in,POS_card,4,17,0,-0.51,0
BNK05678,2025-10-18,cash_deposit,15034.71,in,agency_banking_agent,5,18,0,-1.18,0
BNK05679,2025-10-18,qr_settlement,6684.0,in,LankaQR,5,18,0,-0.04,0
BNK05680,2025-10-18,card_settlement,3064.0,in,POS_card,5,18,0,-0.27,0
BNK05681,2025-10-19,cash_deposit,17603.97,in,agency_banking_agent,6,19,0,-0.96,0
BNK05682,2025-10-19,qr_settlement,13591.0,in,LankaQR,6,19,0,1.36,0
BNK05683,2025-10-19,card_settlement,3507.0,in,POS_card,6,19,0,-0.12,0
BNK05684,2025-10-20,supplier_payment,50637.0,out,bank_transfer,0,20,0,2.63,1
BNK05685,2025-10-20,supplier_payment,19962.43,out,bank_transfer,0,20,0,0.33,0
BNK05686,2025-10-20,supplier_payment,6062.4,out,bank_transfer,0,20,0,-0.71,0
BNK05687,2025-10-20,supplier_payment,4895.6,out,bank_transfer,0,20,0,-0.79,0
BNK05688,2025-10-20,supplier_payment,5321.05,out,bank_transfer,0,20,0,-0.76,0
BNK05689,2025-10-20,cash_deposit,33112.35,in,agency_banking_agent,0,20,0,0.38,0
BNK05690,2025-10-20,qr_settlement,6579.0,in,LankaQR,0,20,0,-0.06,0
BNK05691,2025-10-20,card_settlement,3518.0,in,POS_card,0,20,0,-0.12,0
BNK05692,2025-10-21,cash_deposit,29736.04,in,agency_banking_agent,1,21,0,0.09,0
BNK05693,2025-10-21,qr_settlement,13413.0,in,LankaQR,1,21,0,1.33,0
BNK05694,2025-10-21,card_settlement,2574.0,in,POS_card,1,21,0,-0.44,0
BNK05695,2025-10-22,cash_deposit,26559.84,in,agency_banking_agent,2,22,0,-0.19,0
BNK05696,2025-10-22,qr_settlement,7290.0,in,LankaQR,2,22,0,0.08,0
BNK05697,2025-10-22,card_settlement,3655.0,in,POS_card,2,22,0,-0.07,0
BNK05698,2025-10-23,supplier_payment,57022.42,out,bank_transfer,3,23,0,3.11,1
BNK05699,2025-10-23,supplier_payment,17121.6,out,bank_transfer,3,23,0,0.12,0
BNK05700,2025-10-23,supplier_payment,18679.0,out,bank_transfer,3,23,0,0.24,0
BNK05701,2025-10-23,cash_deposit,27813.89,in,agency_banking_agent,3,23,0,-0.08,0
BNK05702,2025-10-23,qr_settlement,6631.0,in,LankaQR,3,23,0,-0.05,0
BNK05703,2025-10-23,card_settlement,5376.0,in,POS_card,3,23,0,0.51,0
BNK05704,2025-10-24,cash_deposit,30657.3,in,agency_banking_agent,4,24,0,0.17,0
BNK05705,2025-10-24,qr_settlement,12694.0,in,LankaQR,4,24,0,1.18,0
BNK05706,2025-10-24,card_settlement,2626.0,in,POS_card,4,24,0,-0.42,0
BNK05707,2025-10-25,cash_deposit,29631.05,in,agency_banking_agent,5,25,0,0.08,1
BNK05708,2025-10-25,qr_settlement,17132.0,in,LankaQR,5,25,0,2.08,0
BNK05709,2025-10-25,card_settlement,6370.0,in,POS_card,5,25,0,0.84,0
BNK05710,2025-10-26,cash_deposit,32021.01,in,agency_banking_agent,6,26,0,0.28,0
BNK05711,2025-10-26,qr_settlement,5815.0,in,LankaQR,6,26,0,-0.21,0
BNK05712,2025-10-26,card_settlement,376.0,in,POS_card,6,26,0,-1.18,0
BNK05713,2025-10-27,supplier_payment,50518.72,out,bank_transfer,0,27,0,2.62,1
BNK05714,2025-10-27,supplier_payment,22883.4,out,bank_transfer,0,27,0,0.55,0
BNK05715,2025-10-27,supplier_payment,34188.75,out,bank_transfer,0,27,0,1.4,0
BNK05716,2025-10-27,supplier_payment,10663.8,out,bank_transfer,0,27,0,-0.36,0
BNK05717,2025-10-27,supplier_payment,12052.8,out,bank_transfer,0,27,0,-0.26,0
BNK05718,2025-10-27,supplier_payment,6361.2,out,bank_transfer,0,27,0,-0.68,0
BNK05719,2025-10-27,supplier_payment,12026.24,out,bank_transfer,0,27,0,-0.26,0
BNK05720,2025-10-27,supplier_payment,6716.0,out,bank_transfer,0,27,0,-0.66,0
BNK05721,2025-10-27,supplier_payment,4761.9,out,bank_transfer,0,27,0,-0.8,0
BNK05722,2025-10-27,supplier_payment,9915.15,out,bank_transfer,0,27,0,-0.42,0
BNK05723,2025-10-27,supplier_payment,5675.32,out,bank_transfer,0,27,0,-0.73,0
BNK05724,2025-10-27,cash_deposit,31165.65,in,agency_banking_agent,0,27,0,0.21,0
BNK05725,2025-10-27,qr_settlement,6987.0,in,LankaQR,0,27,0,0.02,0
BNK05726,2025-10-27,card_settlement,5532.0,in,POS_card,0,27,0,0.56,0
BNK05727,2025-10-28,cash_deposit,23643.02,in,agency_banking_agent,1,28,0,-0.44,0
BNK05728,2025-10-28,qr_settlement,12144.0,in,LankaQR,1,28,0,1.07,0
BNK05729,2025-10-28,card_settlement,4237.0,in,POS_card,1,28,0,0.12,0
BNK05730,2025-10-29,cash_deposit,26012.35,in,agency_banking_agent,2,29,0,-0.23,0
BNK05731,2025-10-29,qr_settlement,11826.0,in,LankaQR,2,29,0,1.0,0
BNK05732,2025-10-29,card_settlement,1688.0,in,POS_card,2,29,0,-0.74,0
BNK05733,2025-10-30,supplier_payment,10735.66,out,bank_transfer,3,30,0,-0.36,1
BNK05734,2025-10-30,supplier_payment,10406.48,out,bank_transfer,3,30,0,-0.38,0
BNK05735,2025-10-30,supplier_payment,5482.75,out,bank_transfer,3,30,0,-0.75,0
BNK05736,2025-10-30,supplier_payment,6271.0,out,bank_transfer,3,30,0,-0.69,0
BNK05737,2025-10-30,cash_deposit,36807.87,in,agency_banking_agent,3,30,0,0.7,0
BNK05738,2025-10-30,qr_settlement,7460.0,in,LankaQR,3,30,0,0.12,0
BNK05739,2025-10-30,card_settlement,7177.0,in,POS_card,3,30,0,1.12,0
BNK05740,2025-10-31,cash_deposit,26864.05,in,agency_banking_agent,4,31,0,-0.16,0
BNK05741,2025-10-31,qr_settlement,12277.0,in,LankaQR,4,31,0,1.1,0
BNK05742,2025-10-31,card_settlement,1326.0,in,POS_card,4,31,0,-0.86,0
BNK05743,2025-11-01,cash_deposit,31875.86,in,agency_banking_agent,5,1,0,0.27,0
BNK05744,2025-11-01,qr_settlement,7297.0,in,LankaQR,5,1,0,0.09,0
BNK05745,2025-11-01,card_settlement,4634.0,in,POS_card,5,1,0,0.26,0
BNK05746,2025-11-02,cash_deposit,23837.08,in,agency_banking_agent,6,2,0,-0.42,0
BNK05747,2025-11-02,qr_settlement,19249.0,in,LankaQR,6,2,0,2.51,1
BNK05748,2025-11-02,card_settlement,3306.0,in,POS_card,6,2,0,-0.19,0
BNK05749,2025-11-03,supplier_payment,29826.96,out,bank_transfer,0,3,0,1.07,0
BNK05750,2025-11-03,supplier_payment,9445.13,out,bank_transfer,0,3,0,-0.45,0
BNK05751,2025-11-03,supplier_payment,17960.25,out,bank_transfer,0,3,0,0.18,0
BNK05752,2025-11-03,supplier_payment,39910.05,out,bank_transfer,0,3,0,1.83,0
BNK05753,2025-11-03,supplier_payment,6972.0,out,bank_transfer,0,3,0,-0.64,0
BNK05754,2025-11-03,supplier_payment,3446.88,out,bank_transfer,0,3,0,-0.9,0
BNK05755,2025-11-03,supplier_payment,2920.05,out,bank_transfer,0,3,0,-0.94,0
BNK05756,2025-11-03,supplier_payment,5927.17,out,bank_transfer,0,3,0,-0.72,0
BNK05757,2025-11-03,cash_deposit,23873.75,in,agency_banking_agent,0,3,0,-0.42,0
BNK05758,2025-11-03,qr_settlement,4371.0,in,LankaQR,0,3,0,-0.51,0
BNK05759,2025-11-03,card_settlement,7267.0,in,POS_card,0,3,0,1.15,0
BNK05760,2025-11-04,cash_deposit,36183.96,in,agency_banking_agent,1,4,0,0.64,0
BNK05761,2025-11-04,qr_settlement,6399.0,in,LankaQR,1,4,0,-0.1,0
BNK05762,2025-11-04,card_settlement,217.0,in,POS_card,1,4,0,-1.24,0
BNK05763,2025-11-05,cash_deposit,30752.89,in,agency_banking_agent,2,5,0,0.17,0
BNK05764,2025-11-05,qr_settlement,6118.0,in,LankaQR,2,5,0,-0.15,0
BNK05765,2025-11-05,card_settlement,1859.0,in,POS_card,2,5,0,-0.68,0
BNK05766,2025-11-06,supplier_payment,22159.28,out,bank_transfer,3,6,0,0.5,0
BNK05767,2025-11-06,supplier_payment,11970.0,out,bank_transfer,3,6,0,-0.26,0
BNK05768,2025-11-06,supplier_payment,19242.0,out,bank_transfer,3,6,0,0.28,0
BNK05769,2025-11-06,supplier_payment,4944.4,out,bank_transfer,3,6,0,-0.79,0
BNK05770,2025-11-06,cash_deposit,34271.4,in,agency_banking_agent,3,6,0,0.48,0
BNK05771,2025-11-06,qr_settlement,3518.0,in,LankaQR,3,6,0,-0.68,0
BNK05772,2025-11-06,card_settlement,6881.0,in,POS_card,3,6,0,1.02,0
BNK05773,2025-11-07,cash_deposit,27348.82,in,agency_banking_agent,4,7,0,-0.12,0
BNK05774,2025-11-07,qr_settlement,9200.0,in,LankaQR,4,7,0,0.47,0
BNK05775,2025-11-07,card_settlement,5187.0,in,POS_card,4,7,0,0.44,0
BNK05776,2025-11-08,cash_deposit,36008.42,in,agency_banking_agent,5,8,0,0.63,0
BNK05777,2025-11-08,qr_settlement,15418.0,in,LankaQR,5,8,0,1.73,0
BNK05778,2025-11-08,card_settlement,4203.0,in,POS_card,5,8,0,0.11,0
BNK05779,2025-11-09,cash_deposit,30208.58,in,agency_banking_agent,6,9,0,0.13,0
BNK05780,2025-11-09,qr_settlement,14107.0,in,LankaQR,6,9,0,1.47,0
BNK05781,2025-11-09,card_settlement,269.0,in,POS_card,6,9,0,-1.22,0
BNK05782,2025-11-10,supplier_payment,49755.09,out,bank_transfer,0,10,0,2.56,1
BNK05783,2025-11-10,supplier_payment,40067.55,out,bank_transfer,0,10,0,1.84,0
BNK05784,2025-11-10,supplier_payment,6363.0,out,bank_transfer,0,10,0,-0.68,0
BNK05785,2025-11-10,supplier_payment,14206.0,out,bank_transfer,0,10,0,-0.1,0
BNK05786,2025-11-10,supplier_payment,6722.8,out,bank_transfer,0,10,0,-0.66,0
BNK05787,2025-11-10,supplier_payment,5059.89,out,bank_transfer,0,10,0,-0.78,0
BNK05788,2025-11-10,supplier_payment,5912.76,out,bank_transfer,0,10,0,-0.72,0
BNK05789,2025-11-10,supplier_payment,6198.5,out,bank_transfer,0,10,0,-0.7,0
BNK05790,2025-11-10,cash_deposit,25769.93,in,agency_banking_agent,0,10,0,-0.25,0
BNK05791,2025-11-10,qr_settlement,9218.0,in,LankaQR,0,10,0,0.48,0
BNK05792,2025-11-10,card_settlement,3823.0,in,POS_card,0,10,0,-0.02,0
BNK05793,2025-11-11,cash_deposit,24778.15,in,agency_banking_agent,1,11,0,-0.34,0
BNK05794,2025-11-11,qr_settlement,5053.0,in,LankaQR,1,11,0,-0.37,0
BNK05795,2025-11-11,card_settlement,2443.0,in,POS_card,1,11,0,-0.48,0
BNK05796,2025-11-12,cash_deposit,28168.34,in,agency_banking_agent,2,12,0,-0.05,0
BNK05797,2025-11-12,qr_settlement,9636.0,in,LankaQR,2,12,0,0.56,0
BNK05798,2025-11-12,card_settlement,4212.0,in,POS_card,2,12,0,0.11,0
BNK05799,2025-11-13,supplier_payment,57686.72,out,bank_transfer,3,13,0,3.16,1
BNK05800,2025-11-13,supplier_payment,10122.0,out,bank_transfer,3,13,0,-0.4,0
BNK05801,2025-11-13,supplier_payment,3042.55,out,bank_transfer,3,13,0,-0.93,0
BNK05802,2025-11-13,cash_deposit,20444.26,in,agency_banking_agent,3,13,0,-0.71,0
BNK05803,2025-11-13,qr_settlement,10124.0,in,LankaQR,3,13,0,0.66,0
BNK05804,2025-11-13,card_settlement,2771.0,in,POS_card,3,13,0,-0.37,0
BNK05805,2025-11-14,cash_deposit,31973.86,in,agency_banking_agent,4,14,0,0.28,0
BNK05806,2025-11-14,qr_settlement,10406.0,in,LankaQR,4,14,0,0.72,0
BNK05807,2025-11-14,card_settlement,5307.0,in,POS_card,4,14,0,0.49,0
BNK05808,2025-11-15,cash_deposit,18606.54,in,agency_banking_agent,5,15,0,-0.87,0
BNK05809,2025-11-15,qr_settlement,11377.0,in,LankaQR,5,15,0,0.91,0
BNK05810,2025-11-15,card_settlement,4852.0,in,POS_card,5,15,0,0.33,0
BNK05811,2025-11-16,cash_deposit,15160.79,in,agency_banking_agent,6,16,0,-1.17,0
BNK05812,2025-11-16,qr_settlement,13192.0,in,LankaQR,6,16,0,1.28,0
BNK05813,2025-11-16,card_settlement,1338.0,in,POS_card,6,16,0,-0.86,0
BNK05814,2025-11-17,supplier_payment,21058.8,out,bank_transfer,0,17,0,0.42,0
BNK05815,2025-11-17,supplier_payment,22326.3,out,bank_transfer,0,17,0,0.51,0
BNK05816,2025-11-17,supplier_payment,24195.0,out,bank_transfer,0,17,0,0.65,0
BNK05817,2025-11-17,supplier_payment,17426.4,out,bank_transfer,0,17,0,0.14,0
BNK05818,2025-11-17,supplier_payment,21090.0,out,bank_transfer,0,17,0,0.42,0
BNK05819,2025-11-17,supplier_payment,11901.6,out,bank_transfer,0,17,0,-0.27,0
BNK05820,2025-11-17,supplier_payment,19032.0,out,bank_transfer,0,17,0,0.26,0
BNK05821,2025-11-17,supplier_payment,14276.5,out,bank_transfer,0,17,0,-0.09,0
BNK05822,2025-11-17,supplier_payment,9497.95,out,bank_transfer,0,17,0,-0.45,0
BNK05823,2025-11-17,supplier_payment,5254.5,out,bank_transfer,0,17,0,-0.77,0
BNK05824,2025-11-17,cash_deposit,25778.76,in,agency_banking_agent,0,17,0,-0.25,0
BNK05825,2025-11-17,qr_settlement,3867.0,in,LankaQR,0,17,0,-0.61,0
BNK05826,2025-11-17,card_settlement,7274.0,in,POS_card,0,17,0,1.15,0
BNK05827,2025-11-18,cash_deposit,22151.26,in,agency_banking_agent,1,18,0,-0.56,0
BNK05828,2025-11-18,qr_settlement,13397.0,in,LankaQR,1,18,0,1.32,0
BNK05829,2025-11-18,card_settlement,6266.0,in,POS_card,1,18,0,0.81,0
BNK05830,2025-11-19,cash_deposit,34341.6,in,agency_banking_agent,2,19,0,0.48,0
BNK05831,2025-11-19,qr_settlement,9373.0,in,LankaQR,2,19,0,0.51,0
BNK05832,2025-11-19,card_settlement,7930.0,in,POS_card,2,19,0,1.37,0
BNK05833,2025-11-20,supplier_payment,35238.6,out,bank_transfer,3,20,0,1.48,0
BNK05834,2025-11-20,supplier_payment,10638.32,out,bank_transfer,3,20,0,-0.36,0
BNK05835,2025-11-20,supplier_payment,5183.5,out,bank_transfer,3,20,0,-0.77,0
BNK05836,2025-11-20,cash_deposit,30648.28,in,agency_banking_agent,3,20,0,0.17,0
BNK05837,2025-11-20,qr_settlement,5521.0,in,LankaQR,3,20,0,-0.27,0
BNK05838,2025-11-20,card_settlement,5980.0,in,POS_card,3,20,0,0.71,0
BNK05839,2025-11-21,cash_deposit,31842.83,in,agency_banking_agent,4,21,0,0.27,0
BNK05840,2025-11-21,qr_settlement,7910.0,in,LankaQR,4,21,0,0.21,0
BNK05841,2025-11-21,card_settlement,3107.0,in,POS_card,4,21,0,-0.26,0
BNK05842,2025-11-22,cash_deposit,33407.93,in,agency_banking_agent,5,22,0,0.4,0
BNK05843,2025-11-22,qr_settlement,9505.0,in,LankaQR,5,22,0,0.53,0
BNK05844,2025-11-22,card_settlement,6022.0,in,POS_card,5,22,0,0.73,0
BNK05845,2025-11-23,cash_deposit,19567.03,in,agency_banking_agent,6,23,0,-0.79,0
BNK05846,2025-11-23,qr_settlement,8359.0,in,LankaQR,6,23,0,0.3,0
BNK05847,2025-11-23,card_settlement,3853.0,in,POS_card,6,23,0,-0.01,0
BNK05848,2025-11-24,supplier_payment,18933.72,out,bank_transfer,0,24,0,0.26,0
BNK05849,2025-11-24,supplier_payment,11653.2,out,bank_transfer,0,24,0,-0.29,0
BNK05850,2025-11-24,supplier_payment,6138.0,out,bank_transfer,0,24,0,-0.7,0
BNK05851,2025-11-24,supplier_payment,18900.0,out,bank_transfer,0,24,0,0.26,0
BNK05852,2025-11-24,supplier_payment,6592.8,out,bank_transfer,0,24,0,-0.67,0
BNK05853,2025-11-24,supplier_payment,4931.6,out,bank_transfer,0,24,0,-0.79,0
BNK05854,2025-11-24,supplier_payment,9938.95,out,bank_transfer,0,24,0,-0.42,0
BNK05855,2025-11-24,supplier_payment,4034.52,out,bank_transfer,0,24,0,-0.86,0
BNK05856,2025-11-24,cash_deposit,29305.11,in,agency_banking_agent,0,24,0,0.05,0
BNK05857,2025-11-24,qr_settlement,8138.0,in,LankaQR,0,24,0,0.26,0
BNK05858,2025-11-24,card_settlement,8174.0,in,POS_card,0,24,0,1.46,0
BNK05859,2025-11-25,cash_deposit,20867.04,in,agency_banking_agent,1,25,0,-0.68,0
BNK05860,2025-11-25,qr_settlement,8403.0,in,LankaQR,1,25,0,0.31,0
BNK05861,2025-11-25,card_settlement,3409.0,in,POS_card,1,25,0,-0.16,0
BNK05862,2025-11-26,cash_deposit,28057.39,in,agency_banking_agent,2,26,0,-0.06,0
BNK05863,2025-11-26,qr_settlement,3836.0,in,LankaQR,2,26,0,-0.62,0
BNK05864,2025-11-26,card_settlement,1811.0,in,POS_card,2,26,0,-0.7,0
BNK05865,2025-11-27,supplier_payment,31627.79,out,bank_transfer,3,27,0,1.21,0
BNK05866,2025-11-27,supplier_payment,20948.4,out,bank_transfer,3,27,0,0.41,0
BNK05867,2025-11-27,supplier_payment,6096.6,out,bank_transfer,3,27,0,-0.7,0
BNK05868,2025-11-27,supplier_payment,5403.3,out,bank_transfer,3,27,0,-0.75,0
BNK05869,2025-11-27,supplier_payment,2916.55,out,bank_transfer,3,27,0,-0.94,0
BNK05870,2025-11-27,supplier_payment,5838.84,out,bank_transfer,3,27,0,-0.72,0
BNK05871,2025-11-27,cash_deposit,25307.57,in,agency_banking_agent,3,27,0,-0.29,0
BNK05872,2025-11-27,qr_settlement,17019.0,in,LankaQR,3,27,0,2.06,0
BNK05873,2025-11-28,cash_deposit,22979.32,in,agency_banking_agent,4,28,0,-0.49,0
BNK05874,2025-11-28,qr_settlement,11361.0,in,LankaQR,4,28,0,0.91,0
BNK05875,2025-11-28,card_settlement,1450.0,in,POS_card,4,28,0,-0.82,0
BNK05876,2025-11-29,cash_deposit,22449.43,in,agency_banking_agent,5,29,0,-0.54,0
BNK05877,2025-11-29,qr_settlement,8535.0,in,LankaQR,5,29,0,0.34,0
BNK05878,2025-11-29,card_settlement,7694.0,in,POS_card,5,29,0,1.29,0
BNK05879,2025-11-30,cash_deposit,21235.96,in,agency_banking_agent,6,30,0,-0.64,0
BNK05880,2025-11-30,qr_settlement,12803.0,in,LankaQR,6,30,0,1.2,0
BNK05881,2025-11-30,card_settlement,1739.0,in,POS_card,6,30,0,-0.72,0
BNK05882,2025-12-01,supplier_payment,64801.32,out,bank_transfer,0,1,0,3.69,1
BNK05883,2025-12-01,supplier_payment,35947.35,out,bank_transfer,0,1,0,1.53,0
BNK05884,2025-12-01,supplier_payment,41751.9,out,bank_transfer,0,1,0,1.96,0
BNK05885,2025-12-01,supplier_payment,11808.0,out,bank_transfer,0,1,0,-0.28,0
BNK05886,2025-12-01,supplier_payment,9514.05,out,bank_transfer,0,1,0,-0.45,0
BNK05887,2025-12-01,supplier_payment,6408.0,out,bank_transfer,0,1,0,-0.68,0
BNK05888,2025-12-01,cash_deposit,28173.74,in,agency_banking_agent,0,1,0,-0.05,0
BNK05889,2025-12-01,qr_settlement,11271.0,in,LankaQR,0,1,0,0.89,0
BNK05890,2025-12-01,card_settlement,6262.0,in,POS_card,0,1,0,0.81,0
BNK05891,2025-12-02,cash_deposit,24892.39,in,agency_banking_agent,1,2,0,-0.33,0
BNK05892,2025-12-02,qr_settlement,7385.0,in,LankaQR,1,2,0,0.1,0
BNK05893,2025-12-02,card_settlement,4810.0,in,POS_card,1,2,0,0.32,0
BNK05894,2025-12-03,cash_deposit,23050.57,in,agency_banking_agent,2,3,0,-0.49,0
BNK05895,2025-12-03,qr_settlement,6415.0,in,LankaQR,2,3,0,-0.09,0
BNK05896,2025-12-03,card_settlement,1584.0,in,POS_card,2,3,0,-0.77,0
BNK05897,2025-12-04,supplier_payment,22579.2,out,bank_transfer,3,4,0,0.53,0
BNK05898,2025-12-04,supplier_payment,6325.2,out,bank_transfer,3,4,0,-0.69,0
BNK05899,2025-12-04,cash_deposit,19399.94,in,agency_banking_agent,3,4,0,-0.8,0
BNK05900,2025-12-04,qr_settlement,8735.0,in,LankaQR,3,4,0,0.38,0
BNK05901,2025-12-04,card_settlement,2684.0,in,POS_card,3,4,0,-0.4,0
BNK05902,2025-12-05,cash_deposit,23425.62,in,agency_banking_agent,4,5,0,-0.46,0
BNK05903,2025-12-05,qr_settlement,2917.0,in,LankaQR,4,5,0,-0.8,0
BNK05904,2025-12-05,card_settlement,8098.0,in,POS_card,4,5,0,1.43,0
BNK05905,2025-12-06,cash_deposit,33892.31,in,agency_banking_agent,5,6,0,0.44,0
BNK05906,2025-12-06,qr_settlement,11266.0,in,LankaQR,5,6,0,0.89,0
BNK05907,2025-12-06,card_settlement,4875.0,in,POS_card,5,6,0,0.34,0
BNK05908,2025-12-07,cash_deposit,37374.61,in,agency_banking_agent,6,7,0,0.74,0
BNK05909,2025-12-07,qr_settlement,18410.0,in,LankaQR,6,7,0,2.34,1
BNK05910,2025-12-07,card_settlement,4330.0,in,POS_card,6,7,0,0.15,0
BNK05911,2025-12-08,supplier_payment,21465.27,out,bank_transfer,0,8,0,0.45,0
BNK05912,2025-12-08,supplier_payment,31723.34,out,bank_transfer,0,8,0,1.21,0
BNK05913,2025-12-08,supplier_payment,30966.0,out,bank_transfer,0,8,0,1.16,0
BNK05914,2025-12-08,supplier_payment,12863.25,out,bank_transfer,0,8,0,-0.2,0
BNK05915,2025-12-08,supplier_payment,4830.0,out,bank_transfer,0,8,0,-0.8,0
BNK05916,2025-12-08,supplier_payment,9327.84,out,bank_transfer,0,8,0,-0.46,0
BNK05917,2025-12-08,supplier_payment,4793.6,out,bank_transfer,0,8,0,-0.8,0
BNK05918,2025-12-08,supplier_payment,9726.85,out,bank_transfer,0,8,0,-0.43,0
BNK05919,2025-12-08,supplier_payment,2953.58,out,bank_transfer,0,8,0,-0.94,0
BNK05920,2025-12-08,supplier_payment,5874.96,out,bank_transfer,0,8,0,-0.72,0
BNK05921,2025-12-08,supplier_payment,6246.5,out,bank_transfer,0,8,0,-0.69,0
BNK05922,2025-12-08,cash_deposit,27775.77,in,agency_banking_agent,0,8,0,-0.08,0
BNK05923,2025-12-08,qr_settlement,12624.0,in,LankaQR,0,8,0,1.17,0
BNK05924,2025-12-08,card_settlement,6039.0,in,POS_card,0,8,0,0.73,0
BNK05925,2025-12-09,cash_deposit,24136.28,in,agency_banking_agent,1,9,0,-0.39,0
BNK05926,2025-12-09,qr_settlement,9199.0,in,LankaQR,1,9,0,0.47,0
BNK05927,2025-12-09,card_settlement,6203.0,in,POS_card,1,9,0,0.79,0
BNK05928,2025-12-10,cash_deposit,26418.81,in,agency_banking_agent,2,10,0,-0.2,0
BNK05929,2025-12-10,qr_settlement,7870.0,in,LankaQR,2,10,0,0.2,0
BNK05930,2025-12-10,card_settlement,2432.0,in,POS_card,2,10,0,-0.49,0
BNK05931,2025-12-11,supplier_payment,53139.26,out,bank_transfer,3,11,0,2.82,1
BNK05932,2025-12-11,supplier_payment,20033.61,out,bank_transfer,3,11,0,0.34,0
BNK05933,2025-12-11,supplier_payment,33212.08,out,bank_transfer,3,11,0,1.33,0
BNK05934,2025-12-11,supplier_payment,40248.0,out,bank_transfer,3,11,0,1.85,0
BNK05935,2025-12-11,supplier_payment,6987.2,out,bank_transfer,3,11,0,-0.64,0
BNK05936,2025-12-11,cash_deposit,18690.79,in,agency_banking_agent,3,11,0,-0.86,0
BNK05937,2025-12-11,qr_settlement,11821.0,in,LankaQR,3,11,0,1.0,0
BNK05938,2025-12-11,card_settlement,6309.0,in,POS_card,3,11,0,0.82,0
BNK05939,2025-12-12,cash_deposit,27377.59,in,agency_banking_agent,4,12,0,-0.12,0
BNK05940,2025-12-12,qr_settlement,12339.0,in,LankaQR,4,12,0,1.11,0
BNK05941,2025-12-12,card_settlement,6132.0,in,POS_card,4,12,0,0.76,0
BNK05942,2025-12-13,cash_deposit,23728.29,in,agency_banking_agent,5,13,0,-0.43,0
BNK05943,2025-12-13,qr_settlement,9478.0,in,LankaQR,5,13,0,0.53,0
BNK05944,2025-12-13,card_settlement,2922.0,in,POS_card,5,13,0,-0.32,0
BNK05945,2025-12-14,cash_deposit,35610.87,in,agency_banking_agent,6,14,0,0.59,0
BNK05946,2025-12-14,qr_settlement,9006.0,in,LankaQR,6,14,0,0.43,0
BNK05947,2025-12-14,card_settlement,6449.0,in,POS_card,6,14,0,0.87,0
BNK05948,2025-12-15,supplier_payment,11818.8,out,bank_transfer,0,15,0,-0.27,0
BNK05949,2025-12-15,supplier_payment,6123.6,out,bank_transfer,0,15,0,-0.7,0
BNK05950,2025-12-15,supplier_payment,14053.5,out,bank_transfer,0,15,0,-0.11,0
BNK05951,2025-12-15,supplier_payment,6052.9,out,bank_transfer,0,15,0,-0.71,0
BNK05952,2025-12-15,supplier_payment,4213.28,out,bank_transfer,0,15,0,-0.84,0
BNK05953,2025-12-15,supplier_payment,10624.04,out,bank_transfer,0,15,0,-0.36,0
BNK05954,2025-12-15,supplier_payment,5477.5,out,bank_transfer,0,15,0,-0.75,0
BNK05955,2025-12-15,supplier_payment,3949.4,out,bank_transfer,0,15,0,-0.86,0
BNK05956,2025-12-15,supplier_payment,6249.5,out,bank_transfer,0,15,0,-0.69,0
BNK05957,2025-12-15,cash_deposit,38172.49,in,agency_banking_agent,0,15,0,0.81,0
BNK05958,2025-12-15,qr_settlement,13589.0,in,LankaQR,0,15,0,1.36,0
BNK05959,2025-12-15,card_settlement,4232.0,in,POS_card,0,15,0,0.12,0
BNK05960,2025-12-16,cash_deposit,20389.18,in,agency_banking_agent,1,16,0,-0.72,0
BNK05961,2025-12-16,qr_settlement,5412.0,in,LankaQR,1,16,0,-0.3,0
BNK05962,2025-12-16,card_settlement,4266.0,in,POS_card,1,16,0,0.13,0
BNK05963,2025-12-17,cash_deposit,24625.88,in,agency_banking_agent,2,17,0,-0.35,0
BNK05964,2025-12-17,qr_settlement,2486.0,in,LankaQR,2,17,0,-0.89,0
BNK05965,2025-12-17,card_settlement,17136.0,in,POS_card,2,17,0,4.49,1
BNK05966,2025-12-18,supplier_payment,58759.26,out,bank_transfer,3,18,0,3.24,1
BNK05967,2025-12-18,supplier_payment,28259.49,out,bank_transfer,3,18,0,0.96,0
BNK05968,2025-12-18,supplier_payment,15962.1,out,bank_transfer,3,18,0,0.04,0
BNK05969,2025-12-18,supplier_payment,16202.76,out,bank_transfer,3,18,0,0.05,0
BNK05970,2025-12-18,supplier_payment,2885.92,out,bank_transfer,3,18,0,-0.94,0
BNK05971,2025-12-18,cash_deposit,29669.89,in,agency_banking_agent,3,18,0,0.08,0
BNK05972,2025-12-18,qr_settlement,12633.0,in,LankaQR,3,18,0,1.17,0
BNK05973,2025-12-18,card_settlement,5033.0,in,POS_card,3,18,0,0.39,0
BNK05974,2025-12-19,cash_deposit,26223.05,in,agency_banking_agent,4,19,0,-0.21,0
BNK05975,2025-12-19,qr_settlement,14499.0,in,LankaQR,4,19,0,1.55,0
BNK05976,2025-12-19,card_settlement,5858.0,in,POS_card,4,19,0,0.67,0
BNK05977,2025-12-20,cash_deposit,24420.55,in,agency_banking_agent,5,20,0,-0.37,0
BNK05978,2025-12-20,qr_settlement,10966.0,in,LankaQR,5,20,0,0.83,0
BNK05979,2025-12-20,card_settlement,3845.0,in,POS_card,5,20,0,-0.01,0
BNK05980,2025-12-21,cash_deposit,9878.09,in,agency_banking_agent,6,21,0,-1.62,0
BNK05981,2025-12-21,qr_settlement,15001.0,in,LankaQR,6,21,0,1.65,0
BNK05982,2025-12-21,card_settlement,3609.0,in,POS_card,6,21,0,-0.09,0
BNK05983,2025-12-22,supplier_payment,33802.2,out,bank_transfer,0,22,0,1.37,0
BNK05984,2025-12-22,supplier_payment,41325.75,out,bank_transfer,0,22,0,1.93,0
BNK05985,2025-12-22,supplier_payment,12380.4,out,bank_transfer,0,22,0,-0.23,0
BNK05986,2025-12-22,supplier_payment,6316.2,out,bank_transfer,0,22,0,-0.69,0
BNK05987,2025-12-22,supplier_payment,14334.0,out,bank_transfer,0,22,0,-0.09,0
BNK05988,2025-12-22,supplier_payment,4941.6,out,bank_transfer,0,22,0,-0.79,0
BNK05989,2025-12-22,supplier_payment,10283.84,out,bank_transfer,0,22,0,-0.39,0
BNK05990,2025-12-22,supplier_payment,4647.9,out,bank_transfer,0,22,0,-0.81,0
BNK05991,2025-12-22,supplier_payment,9259.14,out,bank_transfer,0,22,0,-0.47,0
BNK05992,2025-12-22,supplier_payment,6072.5,out,bank_transfer,0,22,0,-0.7,0
BNK05993,2025-12-22,cash_deposit,24445.1,in,agency_banking_agent,0,22,0,-0.37,0
BNK05994,2025-12-22,qr_settlement,16500.0,in,LankaQR,0,22,0,1.95,0
BNK05995,2025-12-22,card_settlement,3424.0,in,POS_card,0,22,0,-0.15,0
BNK05996,2025-12-23,cash_deposit,33157.95,in,agency_banking_agent,1,23,0,0.38,0
BNK05997,2025-12-23,qr_settlement,10046.0,in,LankaQR,1,23,0,0.64,0
BNK05998,2025-12-23,card_settlement,2194.0,in,POS_card,1,23,0,-0.57,0
BNK05999,2025-12-24,cash_deposit,16648.06,in,agency_banking_agent,2,24,0,-1.04,0
BNK06000,2025-12-24,qr_settlement,5471.0,in,LankaQR,2,24,0,-0.28,0
BNK06001,2025-12-24,card_settlement,4285.0,in,POS_card,2,24,0,0.14,0
BNK06002,2025-12-25,supplier_payment,32414.25,out,bank_transfer,3,25,0,1.27,0
BNK06003,2025-12-25,supplier_payment,19347.5,out,bank_transfer,3,25,0,0.29,0
BNK06004,2025-12-25,supplier_payment,6822.4,out,bank_transfer,3,25,0,-0.65,0
BNK06005,2025-12-25,cash_deposit,23869.43,in,agency_banking_agent,3,25,0,-0.42,0
BNK06006,2025-12-25,qr_settlement,2507.0,in,LankaQR,3,25,0,-0.89,0
BNK06007,2025-12-25,card_settlement,1531.0,in,POS_card,3,25,0,-0.79,0
BNK06008,2025-12-26,cash_deposit,21389.47,in,agency_banking_agent,4,26,0,-0.63,0
BNK06009,2025-12-26,qr_settlement,7513.0,in,LankaQR,4,26,0,0.13,0
BNK06010,2025-12-26,card_settlement,1876.0,in,POS_card,4,26,0,-0.68,0
BNK06011,2025-12-27,cash_deposit,27041.15,in,agency_banking_agent,5,27,0,-0.14,1
BNK06012,2025-12-27,qr_settlement,6981.0,in,LankaQR,5,27,0,0.02,0
BNK06013,2025-12-27,card_settlement,7378.0,in,POS_card,5,27,0,1.19,0
BNK06014,2025-12-28,cash_deposit,23635.63,in,agency_banking_agent,6,28,0,-0.44,0
BNK06015,2025-12-28,qr_settlement,17438.0,in,LankaQR,6,28,0,2.14,0
BNK06016,2025-12-28,card_settlement,5928.0,in,POS_card,6,28,0,0.7,0
BNK06017,2025-12-29,supplier_payment,32324.88,out,bank_transfer,0,29,0,1.26,0
BNK06018,2025-12-29,supplier_payment,17290.8,out,bank_transfer,0,29,0,0.13,0
BNK06019,2025-12-29,supplier_payment,6076.8,out,bank_transfer,0,29,0,-0.7,0
BNK06020,2025-12-29,supplier_payment,4000.08,out,bank_transfer,0,29,0,-0.86,0
BNK06021,2025-12-29,supplier_payment,3046.4,out,bank_transfer,0,29,0,-0.93,0
BNK06022,2025-12-29,cash_deposit,26248.96,in,agency_banking_agent,0,29,0,-0.21,0
BNK06023,2025-12-29,qr_settlement,18029.0,in,LankaQR,0,29,0,2.26,0
BNK06024,2025-12-29,card_settlement,2230.0,in,POS_card,0,29,0,-0.56,0
BNK06025,2025-12-30,cash_deposit,24908.33,in,agency_banking_agent,1,30,0,-0.33,0
BNK06026,2025-12-30,qr_settlement,3580.0,in,LankaQR,1,30,0,-0.67,0
BNK06027,2025-12-30,card_settlement,6964.0,in,POS_card,1,30,0,1.05,0
BNK06028,2025-12-31,cash_deposit,15631.21,in,agency_banking_agent,2,31,0,-1.13,0
BNK06029,2025-12-31,qr_settlement,8165.0,in,LankaQR,2,31,0,0.26,0
BNK06030,2025-12-31,card_settlement,6190.0,in,POS_card,2,31,0,0.78,0
BNK06031,2026-01-01,supplier_payment,48821.11,out,bank_transfer,3,1,0,2.49,1
BNK06032,2026-01-01,supplier_payment,32733.9,out,bank_transfer,3,1,0,1.29,0
BNK06033,2026-01-01,supplier_payment,34286.26,out,bank_transfer,3,1,0,1.41,0
BNK06034,2026-01-01,supplier_payment,17216.32,out,bank_transfer,3,1,0,0.13,0
BNK06035,2026-01-01,cash_deposit,30322.97,in,agency_banking_agent,3,1,0,0.14,0
BNK06036,2026-01-01,qr_settlement,11294.0,in,LankaQR,3,1,0,0.9,0
BNK06037,2026-01-01,card_settlement,2874.0,in,POS_card,3,1,0,-0.34,0
BNK06038,2026-01-02,cash_deposit,26183.2,in,agency_banking_agent,4,2,0,-0.22,0
BNK06039,2026-01-02,qr_settlement,10292.0,in,LankaQR,4,2,0,0.69,0
BNK06040,2026-01-02,card_settlement,5615.0,in,POS_card,4,2,0,0.59,0
BNK06041,2026-01-03,cash_deposit,22858.24,in,agency_banking_agent,5,3,0,-0.5,0
BNK06042,2026-01-03,qr_settlement,4275.0,in,LankaQR,5,3,0,-0.53,0
BNK06043,2026-01-03,card_settlement,5290.0,in,POS_card,5,3,0,0.48,0
BNK06044,2026-01-04,cash_deposit,38874.66,in,agency_banking_agent,6,4,0,0.87,0
BNK06045,2026-01-04,qr_settlement,10398.0,in,LankaQR,6,4,0,0.72,0
BNK06046,2026-01-04,card_settlement,4554.0,in,POS_card,6,4,0,0.23,0
BNK06047,2026-01-05,supplier_payment,58447.98,out,bank_transfer,0,5,0,3.21,1
BNK06048,2026-01-05,supplier_payment,46796.82,out,bank_transfer,0,5,0,2.34,1
BNK06049,2026-01-05,supplier_payment,10987.57,out,bank_transfer,0,5,0,-0.34,0
BNK06050,2026-01-05,supplier_payment,20577.6,out,bank_transfer,0,5,0,0.38,0
BNK06051,2026-01-05,supplier_payment,6172.2,out,bank_transfer,0,5,0,-0.7,0
BNK06052,2026-01-05,supplier_payment,6716.0,out,bank_transfer,0,5,0,-0.66,0
BNK06053,2026-01-05,supplier_payment,4866.8,out,bank_transfer,0,5,0,-0.79,0
BNK06054,2026-01-05,supplier_payment,4666.2,out,bank_transfer,0,5,0,-0.81,0
BNK06055,2026-01-05,supplier_payment,9843.05,out,bank_transfer,0,5,0,-0.42,0
BNK06056,2026-01-05,supplier_payment,3048.85,out,bank_transfer,0,5,0,-0.93,0
BNK06057,2026-01-05,supplier_payment,5852.28,out,bank_transfer,0,5,0,-0.72,0
BNK06058,2026-01-05,supplier_payment,6230.5,out,bank_transfer,0,5,0,-0.69,0
BNK06059,2026-01-05,cash_deposit,26691.19,in,agency_banking_agent,0,5,0,-0.17,0
BNK06060,2026-01-05,qr_settlement,16501.0,in,LankaQR,0,5,0,1.95,0
BNK06061,2026-01-05,card_settlement,2707.0,in,POS_card,0,5,0,-0.39,0
BNK06062,2026-01-06,cash_deposit,16575.78,in,agency_banking_agent,1,6,0,-1.04,0
BNK06063,2026-01-06,qr_settlement,5915.0,in,LankaQR,1,6,0,-0.19,0
BNK06064,2026-01-06,card_settlement,5027.0,in,POS_card,1,6,0,0.39,0
BNK06065,2026-01-07,cash_deposit,25551.97,in,agency_banking_agent,2,7,0,-0.27,0
BNK06066,2026-01-07,qr_settlement,11618.0,in,LankaQR,2,7,0,0.96,0
BNK06067,2026-01-07,card_settlement,2662.0,in,POS_card,2,7,0,-0.41,0
BNK06068,2026-01-08,supplier_payment,41363.55,out,bank_transfer,3,8,0,1.94,0
BNK06069,2026-01-08,supplier_payment,18832.0,out,bank_transfer,3,8,0,0.25,0
BNK06070,2026-01-08,supplier_payment,9453.25,out,bank_transfer,3,8,0,-0.45,0
BNK06071,2026-01-08,cash_deposit,21254.55,in,agency_banking_agent,3,8,0,-0.64,0
BNK06072,2026-01-08,qr_settlement,7931.0,in,LankaQR,3,8,0,0.21,0
BNK06073,2026-01-08,card_settlement,7530.0,in,POS_card,3,8,0,1.24,0
BNK06074,2026-01-09,cash_deposit,18736.31,in,agency_banking_agent,4,9,0,-0.86,0
BNK06075,2026-01-09,qr_settlement,4708.0,in,LankaQR,4,9,0,-0.44,0
BNK06076,2026-01-09,card_settlement,3874.0,in,POS_card,4,9,0,0.0,0
BNK06077,2026-01-10,cash_deposit,27085.85,in,agency_banking_agent,5,10,0,-0.14,0
BNK06078,2026-01-10,qr_settlement,15619.0,in,LankaQR,5,10,0,1.77,0
BNK06079,2026-01-10,card_settlement,3244.0,in,POS_card,5,10,0,-0.21,0
BNK06080,2026-01-11,cash_deposit,28350.17,in,agency_banking_agent,6,11,0,-0.03,0
BNK06081,2026-01-11,qr_settlement,7890.0,in,LankaQR,6,11,0,0.21,0
BNK06082,2026-01-11,card_settlement,4839.0,in,POS_card,6,11,0,0.33,0
BNK06083,2026-01-12,supplier_payment,22218.85,out,bank_transfer,0,12,0,0.5,0
BNK06084,2026-01-12,supplier_payment,29580.02,out,bank_transfer,0,12,0,1.05,0
BNK06085,2026-01-12,supplier_payment,28705.58,out,bank_transfer,0,12,0,0.99,0
BNK06086,2026-01-12,supplier_payment,34551.0,out,bank_transfer,0,12,0,1.43,0
BNK06087,2026-01-12,supplier_payment,6109.2,out,bank_transfer,0,12,0,-0.7,0
BNK06088,2026-01-12,supplier_payment,6276.08,out,bank_transfer,0,12,0,-0.69,0
BNK06089,2026-01-12,supplier_payment,9779.35,out,bank_transfer,0,12,0,-0.43,0
BNK06090,2026-01-12,supplier_payment,3932.88,out,bank_transfer,0,12,0,-0.86,0
BNK06091,2026-01-12,supplier_payment,2976.75,out,bank_transfer,0,12,0,-0.94,0
BNK06092,2026-01-12,supplier_payment,5571.72,out,bank_transfer,0,12,0,-0.74,0
BNK06093,2026-01-12,supplier_payment,6052.0,out,bank_transfer,0,12,0,-0.71,0
BNK06094,2026-01-12,cash_deposit,23934.77,in,agency_banking_agent,0,12,0,-0.41,0
BNK06095,2026-01-12,qr_settlement,14144.0,in,LankaQR,0,12,0,1.47,0
BNK06096,2026-01-13,cash_deposit,29109.01,in,agency_banking_agent,1,13,0,0.03,0
BNK06097,2026-01-13,qr_settlement,6571.0,in,LankaQR,1,13,0,-0.06,0
BNK06098,2026-01-13,card_settlement,3754.0,in,POS_card,1,13,0,-0.04,0
BNK06099,2026-01-14,cash_deposit,18679.5,in,agency_banking_agent,2,14,0,-0.86,0
BNK06100,2026-01-14,qr_settlement,13711.0,in,LankaQR,2,14,0,1.39,0
BNK06101,2026-01-14,card_settlement,1190.0,in,POS_card,2,14,0,-0.91,0
BNK06102,2026-01-15,supplier_payment,23450.69,out,bank_transfer,3,15,0,0.6,0
BNK06103,2026-01-15,supplier_payment,9856.94,out,bank_transfer,3,15,0,-0.42,0
BNK06104,2026-01-15,supplier_payment,12669.75,out,bank_transfer,3,15,0,-0.21,0
BNK06105,2026-01-15,supplier_payment,4967.6,out,bank_transfer,3,15,0,-0.79,0
BNK06106,2026-01-15,supplier_payment,10385.55,out,bank_transfer,3,15,0,-0.38,0
BNK06107,2026-01-15,cash_deposit,14561.18,in,agency_banking_agent,3,15,0,-1.22,0
BNK06108,2026-01-15,qr_settlement,8634.0,in,LankaQR,3,15,0,0.36,0
BNK06109,2026-01-15,card_settlement,8348.0,in,POS_card,3,15,0,1.51,0
BNK06110,2026-01-16,cash_deposit,32780.86,in,agency_banking_agent,4,16,0,0.35,0
BNK06111,2026-01-16,qr_settlement,6043.0,in,LankaQR,4,16,0,-0.17,0
BNK06112,2026-01-16,card_settlement,2485.0,in,POS_card,4,16,0,-0.47,0
BNK06113,2026-01-17,cash_deposit,26473.04,in,agency_banking_agent,5,17,0,-0.19,0
BNK06114,2026-01-17,qr_settlement,18192.0,in,LankaQR,5,17,0,2.3,0
BNK06115,2026-01-17,card_settlement,8074.0,in,POS_card,5,17,0,1.42,1
BNK06116,2026-01-18,cash_deposit,30023.45,in,agency_banking_agent,6,18,0,0.11,0
BNK06117,2026-01-18,qr_settlement,9531.0,in,LankaQR,6,18,0,0.54,0
BNK06118,2026-01-18,card_settlement,4660.0,in,POS_card,6,18,0,0.27,0
BNK06119,2026-01-19,supplier_payment,22453.44,out,bank_transfer,0,19,0,0.52,0
BNK06120,2026-01-19,supplier_payment,17306.4,out,bank_transfer,0,19,0,0.14,0
BNK06121,2026-01-19,supplier_payment,21001.2,out,bank_transfer,0,19,0,0.41,0
BNK06122,2026-01-19,supplier_payment,41737.05,out,bank_transfer,0,19,0,1.96,0
BNK06123,2026-01-19,supplier_payment,6339.6,out,bank_transfer,0,19,0,-0.68,0
BNK06124,2026-01-19,supplier_payment,5321.05,out,bank_transfer,0,19,0,-0.76,0
BNK06125,2026-01-19,supplier_payment,9390.8,out,bank_transfer,0,19,0,-0.46,0
BNK06126,2026-01-19,supplier_payment,3916.08,out,bank_transfer,0,19,0,-0.87,0
BNK06127,2026-01-19,supplier_payment,6285.0,out,bank_transfer,0,19,0,-0.69,0
BNK06128,2026-01-19,cash_deposit,29660.6,in,agency_banking_agent,0,19,0,0.08,0
BNK06129,2026-01-19,qr_settlement,9429.0,in,LankaQR,0,19,0,0.52,0
BNK06130,2026-01-19,card_settlement,7287.0,in,POS_card,0,19,0,1.16,0
BNK06131,2026-01-20,cash_deposit,26755.67,in,agency_banking_agent,1,20,0,-0.17,0
BNK06132,2026-01-20,qr_settlement,3968.0,in,LankaQR,1,20,0,-0.59,0
BNK06133,2026-01-20,card_settlement,1747.0,in,POS_card,1,20,0,-0.72,0
BNK06134,2026-01-21,cash_deposit,19333.31,in,agency_banking_agent,2,21,0,-0.81,0
BNK06135,2026-01-21,qr_settlement,10749.0,in,LankaQR,2,21,0,0.79,0
BNK06136,2026-01-21,card_settlement,3565.0,in,POS_card,2,21,0,-0.1,0
BNK06137,2026-01-22,supplier_payment,51066.96,out,bank_transfer,3,22,0,2.66,1
BNK06138,2026-01-22,supplier_payment,21700.8,out,bank_transfer,3,22,0,0.46,0
BNK06139,2026-01-22,supplier_payment,16883.24,out,bank_transfer,3,22,0,0.1,0
BNK06140,2026-01-22,supplier_payment,12985.2,out,bank_transfer,3,22,0,-0.19,0
BNK06141,2026-01-22,supplier_payment,6932.8,out,bank_transfer,3,22,0,-0.64,0
BNK06142,2026-01-22,supplier_payment,4821.6,out,bank_transfer,3,22,0,-0.8,0
BNK06143,2026-01-22,supplier_payment,10856.72,out,bank_transfer,3,22,0,-0.35,0
BNK06144,2026-01-22,cash_deposit,35276.38,in,agency_banking_agent,3,22,0,0.56,0
BNK06145,2026-01-22,qr_settlement,4855.0,in,LankaQR,3,22,0,-0.41,0
BNK06146,2026-01-22,card_settlement,4403.0,in,POS_card,3,22,0,0.18,0
BNK06147,2026-01-23,cash_deposit,33787.95,in,agency_banking_agent,4,23,0,0.44,0
BNK06148,2026-01-23,qr_settlement,3301.0,in,LankaQR,4,23,0,-0.72,0
BNK06149,2026-01-23,card_settlement,3184.0,in,POS_card,4,23,0,-0.23,0
BNK06150,2026-01-24,cash_deposit,34712.58,in,agency_banking_agent,5,24,0,0.52,0
BNK06151,2026-01-24,qr_settlement,17485.0,in,LankaQR,5,24,0,2.15,0
BNK06152,2026-01-24,card_settlement,4043.0,in,POS_card,5,24,0,0.06,0
BNK06153,2026-01-25,cash_deposit,40521.1,in,agency_banking_agent,6,25,0,1.01,0
BNK06154,2026-01-25,qr_settlement,15070.0,in,LankaQR,6,25,0,1.66,0
BNK06155,2026-01-25,card_settlement,1705.0,in,POS_card,6,25,0,-0.73,0
BNK06156,2026-01-26,supplier_payment,63406.98,out,bank_transfer,0,26,0,3.58,1
BNK06157,2026-01-26,supplier_payment,10779.6,out,bank_transfer,0,26,0,-0.35,0
BNK06158,2026-01-26,supplier_payment,12376.8,out,bank_transfer,0,26,0,-0.23,1
BNK06159,2026-01-26,supplier_payment,6109.25,out,bank_transfer,0,26,0,-0.7,0
BNK06160,2026-01-26,supplier_payment,5362.7,out,bank_transfer,0,26,0,-0.76,0
BNK06161,2026-01-26,supplier_payment,4042.36,out,bank_transfer,0,26,0,-0.86,0
BNK06162,2026-01-26,supplier_payment,6375.0,out,bank_transfer,0,26,0,-0.68,0
BNK06163,2026-01-26,cash_deposit,35358.72,in,agency_banking_agent,0,26,0,0.57,0
BNK06164,2026-01-26,qr_settlement,12143.0,in,LankaQR,0,26,0,1.07,0
BNK06165,2026-01-26,card_settlement,1607.0,in,POS_card,0,26,0,-0.77,0
BNK06166,2026-01-27,cash_deposit,27822.74,in,agency_banking_agent,1,27,0,-0.08,0
BNK06167,2026-01-27,qr_settlement,4873.0,in,LankaQR,1,27,0,-0.41,0
BNK06168,2026-01-28,cash_deposit,32078.28,in,agency_banking_agent,2,28,0,0.29,0
BNK06169,2026-01-28,qr_settlement,4435.0,in,LankaQR,2,28,0,-0.49,0
BNK06170,2026-01-28,card_settlement,4413.0,in,POS_card,2,28,0,0.18,0
BNK06171,2026-01-29,supplier_payment,17989.91,out,bank_transfer,3,29,0,0.19,0
BNK06172,2026-01-29,supplier_payment,10104.12,out,bank_transfer,3,29,0,-0.4,0
BNK06173,2026-01-29,supplier_payment,6188.4,out,bank_transfer,3,29,0,-0.7,0
BNK06174,2026-01-29,supplier_payment,18701.5,out,bank_transfer,3,29,0,0.24,0
BNK06175,2026-01-29,supplier_payment,14335.0,out,bank_transfer,3,29,0,-0.09,0
BNK06176,2026-01-29,supplier_payment,5096.8,out,bank_transfer,3,29,0,-0.78,0
BNK06177,2026-01-29,supplier_payment,2979.55,out,bank_transfer,3,29,0,-0.94,0
BNK06178,2026-01-29,supplier_payment,5663.56,out,bank_transfer,3,29,0,-0.74,0
BNK06179,2026-01-29,cash_deposit,15138.46,in,agency_banking_agent,3,29,0,-1.17,0
BNK06180,2026-01-29,qr_settlement,7908.0,in,LankaQR,3,29,0,0.21,0
BNK06181,2026-01-29,card_settlement,12082.0,in,POS_card,3,29,0,2.78,1
BNK06182,2026-01-30,cash_deposit,22090.59,in,agency_banking_agent,4,30,0,-0.57,0
BNK06183,2026-01-30,qr_settlement,9509.0,in,LankaQR,4,30,0,0.53,0
BNK06184,2026-01-30,card_settlement,3026.0,in,POS_card,4,30,0,-0.29,0
BNK06185,2026-01-31,cash_deposit,33603.97,in,agency_banking_agent,5,31,0,0.42,0
BNK06186,2026-01-31,qr_settlement,10099.0,in,LankaQR,5,31,0,0.65,0
BNK06187,2026-01-31,card_settlement,1188.0,in,POS_card,5,31,0,-0.91,0
BNK06188,2026-02-01,cash_deposit,25970.23,in,agency_banking_agent,6,1,0,-0.24,0
BNK06189,2026-02-01,qr_settlement,9855.0,in,LankaQR,6,1,0,0.61,0
BNK06190,2026-02-01,card_settlement,12635.0,in,POS_card,6,1,0,2.96,1
BNK06191,2026-02-02,supplier_payment,22182.3,out,bank_transfer,0,2,0,0.5,0
BNK06192,2026-02-02,supplier_payment,24447.0,out,bank_transfer,0,2,0,0.67,0
BNK06193,2026-02-02,supplier_payment,9937.5,out,bank_transfer,0,2,0,-0.42,0
BNK06194,2026-02-02,supplier_payment,6201.0,out,bank_transfer,0,2,0,-0.69,0
BNK06195,2026-02-02,supplier_payment,6298.56,out,bank_transfer,0,2,0,-0.69,0
BNK06196,2026-02-02,supplier_payment,5391.4,out,bank_transfer,0,2,0,-0.76,0
BNK06197,2026-02-02,supplier_payment,9617.65,out,bank_transfer,0,2,0,-0.44,0
BNK06198,2026-02-02,supplier_payment,6415.0,out,bank_transfer,0,2,0,-0.68,0
BNK06199,2026-02-02,cash_deposit,33367.96,in,agency_banking_agent,0,2,0,0.4,0
BNK06200,2026-02-02,qr_settlement,14984.0,in,LankaQR,0,2,0,1.65,0
BNK06201,2026-02-02,card_settlement,9421.0,in,POS_card,0,2,0,1.88,0
BNK06202,2026-02-03,cash_deposit,29879.03,in,agency_banking_agent,1,3,0,0.1,0
BNK06203,2026-02-03,qr_settlement,8196.0,in,LankaQR,1,3,0,0.27,0
BNK06204,2026-02-03,card_settlement,4070.0,in,POS_card,1,3,0,0.07,0
BNK06205,2026-02-04,cash_deposit,15123.64,in,agency_banking_agent,2,4,0,-1.17,0
BNK06206,2026-02-04,qr_settlement,6504.0,in,LankaQR,2,4,0,-0.07,0
BNK06207,2026-02-04,card_settlement,935.0,in,POS_card,2,4,0,-0.99,0
BNK06208,2026-02-05,supplier_payment,47923.59,out,bank_transfer,3,5,0,2.43,1
BNK06209,2026-02-05,supplier_payment,23116.48,out,bank_transfer,3,5,0,0.57,0
BNK06210,2026-02-05,supplier_payment,27271.22,out,bank_transfer,3,5,0,0.88,0
BNK06211,2026-02-05,supplier_payment,40715.55,out,bank_transfer,3,5,0,1.89,0
BNK06212,2026-02-05,supplier_payment,12351.6,out,bank_transfer,3,5,0,-0.23,0
BNK06213,2026-02-05,supplier_payment,19609.0,out,bank_transfer,3,5,0,0.31,0
BNK06214,2026-02-05,supplier_payment,14284.0,out,bank_transfer,3,5,0,-0.09,0
BNK06215,2026-02-05,supplier_payment,2944.55,out,bank_transfer,3,5,0,-0.94,0
BNK06216,2026-02-05,supplier_payment,5815.04,out,bank_transfer,3,5,0,-0.72,0
BNK06217,2026-02-05,cash_deposit,14839.35,in,agency_banking_agent,3,5,0,-1.19,0
BNK06218,2026-02-05,qr_settlement,13842.0,in,LankaQR,3,5,0,1.41,0
BNK06219,2026-02-05,card_settlement,2596.0,in,POS_card,3,5,0,-0.43,0
BNK06220,2026-02-06,cash_deposit,31140.31,in,agency_banking_agent,4,6,0,0.21,0
BNK06221,2026-02-06,qr_settlement,10023.0,in,LankaQR,4,6,0,0.64,0
BNK06222,2026-02-06,card_settlement,314.0,in,POS_card,4,6,0,-1.2,0
BNK06223,2026-02-07,cash_deposit,29563.68,in,agency_banking_agent,5,7,0,0.07,0
BNK06224,2026-02-07,qr_settlement,18639.0,in,LankaQR,5,7,0,2.39,1
BNK06225,2026-02-07,card_settlement,8783.0,in,POS_card,5,7,0,1.66,0
BNK06226,2026-02-08,cash_deposit,32134.62,in,agency_banking_agent,6,8,0,0.29,0
BNK06227,2026-02-08,qr_settlement,10412.0,in,LankaQR,6,8,0,0.72,0
BNK06228,2026-02-08,card_settlement,5380.0,in,POS_card,6,8,0,0.51,0
BNK06229,2026-02-09,supplier_payment,29869.31,out,bank_transfer,0,9,0,1.08,0
BNK06230,2026-02-09,supplier_payment,14868.62,out,bank_transfer,0,9,0,-0.05,0
BNK06231,2026-02-09,supplier_payment,18727.2,out,bank_transfer,0,9,0,0.24,0
BNK06232,2026-02-09,supplier_payment,10819.2,out,bank_transfer,0,9,0,-0.35,0
BNK06233,2026-02-09,supplier_payment,5687.86,out,bank_transfer,0,9,0,-0.73,0
BNK06234,2026-02-09,supplier_payment,5003.6,out,bank_transfer,0,9,0,-0.78,0
BNK06235,2026-02-09,supplier_payment,10454.08,out,bank_transfer,0,9,0,-0.38,0
BNK06236,2026-02-09,supplier_payment,9390.15,out,bank_transfer,0,9,0,-0.46,0
BNK06237,2026-02-09,supplier_payment,3745.3,out,bank_transfer,0,9,0,-0.88,0
BNK06238,2026-02-09,supplier_payment,6202.5,out,bank_transfer,0,9,0,-0.69,0
BNK06239,2026-02-09,cash_deposit,19524.69,in,agency_banking_agent,0,9,0,-0.79,0
BNK06240,2026-02-09,qr_settlement,4123.0,in,LankaQR,0,9,0,-0.56,0
BNK06241,2026-02-09,card_settlement,5892.0,in,POS_card,0,9,0,0.68,0
BNK06242,2026-02-10,cash_deposit,21769.89,in,agency_banking_agent,1,10,0,-0.6,0
BNK06243,2026-02-10,qr_settlement,11058.0,in,LankaQR,1,10,0,0.85,0
BNK06244,2026-02-10,card_settlement,4519.0,in,POS_card,1,10,0,0.22,0
BNK06245,2026-02-11,cash_deposit,27900.54,in,agency_banking_agent,2,11,0,-0.07,0
BNK06246,2026-02-11,qr_settlement,11719.0,in,LankaQR,2,11,0,0.98,0
BNK06247,2026-02-11,card_settlement,2934.0,in,POS_card,2,11,0,-0.32,0
BNK06248,2026-02-12,supplier_payment,17475.07,out,bank_transfer,3,12,0,0.15,0
BNK06249,2026-02-12,supplier_payment,14223.0,out,bank_transfer,3,12,0,-0.09,0
BNK06250,2026-02-12,supplier_payment,2620.74,out,bank_transfer,3,12,0,-0.96,0
BNK06251,2026-02-12,cash_deposit,15912.95,in,agency_banking_agent,3,12,0,-1.1,0
BNK06252,2026-02-12,qr_settlement,12904.0,in,LankaQR,3,12,0,1.22,0
BNK06253,2026-02-12,card_settlement,847.0,in,POS_card,3,12,0,-1.02,0
BNK06254,2026-02-13,cash_deposit,21754.77,in,agency_banking_agent,4,13,0,-0.6,1
BNK06255,2026-02-13,qr_settlement,4044.0,in,LankaQR,4,13,0,-0.57,0
BNK06256,2026-02-13,card_settlement,7133.0,in,POS_card,4,13,0,1.1,0
BNK06257,2026-02-14,cash_deposit,41258.56,in,agency_banking_agent,5,14,0,1.08,0
BNK06258,2026-02-14,qr_settlement,17966.0,in,LankaQR,5,14,0,2.25,0
BNK06259,2026-02-14,card_settlement,3521.0,in,POS_card,5,14,0,-0.12,0
BNK06260,2026-02-15,cash_deposit,28442.68,in,agency_banking_agent,6,15,0,-0.02,0
BNK06261,2026-02-15,qr_settlement,13688.0,in,LankaQR,6,15,0,1.38,0
BNK06262,2026-02-15,card_settlement,3422.0,in,POS_card,6,15,0,-0.15,0
BNK06263,2026-02-16,supplier_payment,62426.23,out,bank_transfer,0,16,0,3.51,1
BNK06264,2026-02-16,supplier_payment,50902.48,out,bank_transfer,0,16,0,2.65,1
BNK06265,2026-02-16,supplier_payment,22374.9,out,bank_transfer,0,16,0,0.52,0
BNK06266,2026-02-16,supplier_payment,11869.2,out,bank_transfer,0,16,0,-0.27,0
BNK06267,2026-02-16,supplier_payment,6136.2,out,bank_transfer,0,16,0,-0.7,0
BNK06268,2026-02-16,supplier_payment,14362.88,out,bank_transfer,0,16,0,-0.08,0
BNK06269,2026-02-16,supplier_payment,4735.94,out,bank_transfer,0,16,0,-0.8,0
BNK06270,2026-02-16,supplier_payment,5331.9,out,bank_transfer,0,16,0,-0.76,0
BNK06271,2026-02-16,supplier_payment,9895.9,out,bank_transfer,0,16,0,-0.42,0
BNK06272,2026-02-16,supplier_payment,3709.68,out,bank_transfer,0,16,0,-0.88,0
BNK06273,2026-02-16,supplier_payment,6075.5,out,bank_transfer,0,16,0,-0.7,0
BNK06274,2026-02-16,cash_deposit,29046.55,in,agency_banking_agent,0,16,0,0.03,0
BNK06275,2026-02-16,qr_settlement,7711.0,in,LankaQR,0,16,0,0.17,0
BNK06276,2026-02-16,card_settlement,2746.0,in,POS_card,0,16,0,-0.38,0
BNK06277,2026-02-17,cash_deposit,25800.14,in,agency_banking_agent,1,17,1,-0.25,0
BNK06278,2026-02-17,qr_settlement,7873.0,in,LankaQR,1,17,1,0.2,0
BNK06279,2026-02-17,card_settlement,3005.0,in,POS_card,1,17,0,-0.29,0
BNK06280,2026-02-18,cash_deposit,32121.63,in,agency_banking_agent,2,18,0,0.29,0
BNK06281,2026-02-18,qr_settlement,15715.0,in,LankaQR,2,18,0,1.79,0
BNK06282,2026-02-18,card_settlement,7818.0,in,POS_card,2,18,0,1.33,0
BNK06283,2026-02-19,supplier_payment,19652.22,out,bank_transfer,3,19,0,0.31,0
BNK06284,2026-02-19,supplier_payment,15212.04,out,bank_transfer,3,19,0,-0.02,0
BNK06285,2026-02-19,supplier_payment,5916.69,out,bank_transfer,3,19,0,-0.72,0
BNK06286,2026-02-19,supplier_payment,19496.0,out,bank_transfer,3,19,0,0.3,0
BNK06287,2026-02-19,supplier_payment,2807.72,out,bank_transfer,3,19,0,-0.95,0
BNK06288,2026-02-19,cash_deposit,27110.5,in,agency_banking_agent,3,19,0,-0.14,0
BNK06289,2026-02-19,qr_settlement,19466.0,in,LankaQR,3,19,0,2.55,1
BNK06290,2026-02-19,card_settlement,299.0,in,POS_card,3,19,0,-1.21,0
BNK06291,2026-02-20,cash_deposit,24408.55,in,agency_banking_agent,4,20,0,-0.37,0
BNK06292,2026-02-20,qr_settlement,9545.0,in,LankaQR,4,20,0,0.54,0
BNK06293,2026-02-20,card_settlement,4885.0,in,POS_card,4,20,0,0.34,0
BNK06294,2026-02-21,cash_deposit,29400.27,in,agency_banking_agent,5,21,0,0.06,0
BNK06295,2026-02-21,qr_settlement,16133.0,in,LankaQR,5,21,0,1.88,0
BNK06296,2026-02-21,card_settlement,6907.0,in,POS_card,5,21,0,1.03,0
BNK06297,2026-02-22,cash_deposit,20067.76,in,agency_banking_agent,6,22,0,-0.74,1
BNK06298,2026-02-22,qr_settlement,17162.0,in,LankaQR,6,22,0,2.09,0
BNK06299,2026-02-22,card_settlement,3677.0,in,POS_card,6,22,0,-0.07,0
BNK06300,2026-02-23,supplier_payment,45955.28,out,bank_transfer,0,23,0,2.28,0
BNK06301,2026-02-23,supplier_payment,32089.6,out,bank_transfer,0,23,0,1.24,0
BNK06302,2026-02-23,supplier_payment,20910.0,out,bank_transfer,0,23,0,0.41,0
BNK06303,2026-02-23,supplier_payment,40417.08,out,bank_transfer,0,23,0,1.86,0
BNK06304,2026-02-23,supplier_payment,12121.2,out,bank_transfer,0,23,0,-0.25,0
BNK06305,2026-02-23,supplier_payment,6373.8,out,bank_transfer,0,23,0,-0.68,0
BNK06306,2026-02-23,supplier_payment,14144.5,out,bank_transfer,0,23,0,-0.1,0
BNK06307,2026-02-23,supplier_payment,4852.98,out,bank_transfer,0,23,0,-0.8,0
BNK06308,2026-02-23,supplier_payment,9234.96,out,bank_transfer,0,23,0,-0.47,0
BNK06309,2026-02-23,supplier_payment,5441.1,out,bank_transfer,0,23,0,-0.75,0
BNK06310,2026-02-23,supplier_payment,5842.48,out,bank_transfer,0,23,0,-0.72,0
BNK06311,2026-02-23,supplier_payment,6404.5,out,bank_transfer,0,23,0,-0.68,0
BNK06312,2026-02-23,cash_deposit,21920.4,in,agency_banking_agent,0,23,0,-0.58,0
BNK06313,2026-02-23,qr_settlement,8985.0,in,LankaQR,0,23,0,0.43,0
BNK06314,2026-02-23,card_settlement,12291.0,in,POS_card,0,23,0,2.85,1
BNK06315,2026-02-24,cash_deposit,25568.15,in,agency_banking_agent,1,24,0,-0.27,0
BNK06316,2026-02-24,qr_settlement,13527.0,in,LankaQR,1,24,0,1.35,0
BNK06317,2026-02-24,card_settlement,6684.0,in,POS_card,1,24,0,0.95,0
BNK06318,2026-02-25,cash_deposit,20800.9,in,agency_banking_agent,2,25,0,-0.68,0
BNK06319,2026-02-25,qr_settlement,6298.0,in,LankaQR,2,25,0,-0.12,0
BNK06320,2026-02-25,card_settlement,1620.0,in,POS_card,2,25,0,-0.76,0
BNK06321,2026-02-26,supplier_payment,22428.9,out,bank_transfer,3,26,0,0.52,0
BNK06322,2026-02-26,supplier_payment,29221.24,out,bank_transfer,3,26,0,1.03,0
BNK06323,2026-02-26,supplier_payment,10996.2,out,bank_transfer,3,26,0,-0.34,0
BNK06324,2026-02-26,cash_deposit,24100.04,in,agency_banking_agent,3,26,0,-0.4,0
BNK06325,2026-02-26,qr_settlement,17136.0,in,LankaQR,3,26,0,2.08,0
BNK06326,2026-02-26,card_settlement,2865.0,in,POS_card,3,26,0,-0.34,0
BNK06327,2026-02-27,cash_deposit,23576.5,in,agency_banking_agent,4,27,0,-0.44,0
BNK06328,2026-02-27,qr_settlement,8068.0,in,LankaQR,4,27,0,0.24,0
BNK06329,2026-02-27,card_settlement,2238.0,in,POS_card,4,27,0,-0.55,0
BNK06330,2026-02-28,cash_deposit,32721.89,in,agency_banking_agent,5,28,0,0.34,0
BNK06331,2026-02-28,qr_settlement,3872.0,in,LankaQR,5,28,0,-0.61,0
BNK06332,2026-02-28,card_settlement,5174.0,in,POS_card,5,28,0,0.44,0
BNK06333,2026-03-01,cash_deposit,26018.86,in,agency_banking_agent,6,1,0,-0.23,0
BNK06334,2026-03-01,qr_settlement,13748.0,in,LankaQR,6,1,0,1.39,0
BNK06335,2026-03-01,card_settlement,5760.0,in,POS_card,6,1,0,0.64,0
BNK06336,2026-03-02,supplier_payment,20837.88,out,bank_transfer,0,2,0,0.4,0
BNK06337,2026-03-02,supplier_payment,15381.3,out,bank_transfer,0,2,0,-0.01,0
BNK06338,2026-03-02,supplier_payment,12085.2,out,bank_transfer,0,2,0,-0.25,0
BNK06339,2026-03-02,supplier_payment,6067.8,out,bank_transfer,0,2,0,-0.7,0
BNK06340,2026-03-02,supplier_payment,14461.5,out,bank_transfer,0,2,0,-0.08,0
BNK06341,2026-03-02,supplier_payment,10487.68,out,bank_transfer,0,2,0,-0.37,0
BNK06342,2026-03-02,supplier_payment,4593.27,out,bank_transfer,0,2,0,-0.82,0
BNK06343,2026-03-02,supplier_payment,9428.3,out,bank_transfer,0,2,0,-0.45,0
BNK06344,2026-03-02,supplier_payment,3998.4,out,bank_transfer,0,2,0,-0.86,0
BNK06345,2026-03-02,cash_deposit,21019.19,in,agency_banking_agent,0,2,0,-0.66,0
BNK06346,2026-03-02,qr_settlement,10410.0,in,LankaQR,0,2,0,0.72,0
BNK06347,2026-03-02,card_settlement,2721.0,in,POS_card,0,2,0,-0.39,0
BNK06348,2026-03-03,cash_deposit,28924.34,in,agency_banking_agent,1,3,0,0.02,0
BNK06349,2026-03-03,qr_settlement,9993.0,in,LankaQR,1,3,0,0.63,0
BNK06350,2026-03-03,card_settlement,5750.0,in,POS_card,1,3,0,0.64,0
BNK06351,2026-03-04,cash_deposit,29366.05,in,agency_banking_agent,2,4,0,0.06,0
BNK06352,2026-03-04,qr_settlement,4193.0,in,LankaQR,2,4,0,-0.54,0
BNK06353,2026-03-04,card_settlement,4404.0,in,POS_card,2,4,0,0.18,0
BNK06354,2026-03-05,supplier_payment,20162.52,out,bank_transfer,3,5,0,0.35,0
BNK06355,2026-03-05,supplier_payment,39634.82,out,bank_transfer,3,5,0,1.81,0
BNK06356,2026-03-05,supplier_payment,17750.48,out,bank_transfer,3,5,0,0.17,0
BNK06357,2026-03-05,supplier_payment,4988.4,out,bank_transfer,3,5,0,-0.79,0
BNK06358,2026-03-05,supplier_payment,2998.45,out,bank_transfer,3,5,0,-0.93,0
BNK06359,2026-03-05,cash_deposit,21398.83,in,agency_banking_agent,3,5,0,-0.63,0
BNK06360,2026-03-05,qr_settlement,6794.0,in,LankaQR,3,5,0,-0.02,0
BNK06361,2026-03-05,card_settlement,4381.0,in,POS_card,3,5,0,0.17,0
BNK06362,2026-03-06,cash_deposit,26629.79,in,agency_banking_agent,4,6,0,-0.18,0
BNK06363,2026-03-06,qr_settlement,2480.0,in,LankaQR,4,6,0,-0.89,0
BNK06364,2026-03-06,card_settlement,3439.0,in,POS_card,4,6,0,-0.15,0
BNK06365,2026-03-07,cash_deposit,34169.29,in,agency_banking_agent,5,7,0,0.47,0
BNK06366,2026-03-07,qr_settlement,13950.0,in,LankaQR,5,7,0,1.44,0
BNK06367,2026-03-07,card_settlement,1625.0,in,POS_card,5,7,0,-0.76,0
BNK06368,2026-03-08,cash_deposit,33370.3,in,agency_banking_agent,6,8,0,0.4,0
BNK06369,2026-03-08,qr_settlement,8766.0,in,LankaQR,6,8,0,0.38,0
BNK06370,2026-03-08,card_settlement,3994.0,in,POS_card,6,8,0,0.04,0
BNK06371,2026-03-09,supplier_payment,52839.75,out,bank_transfer,0,9,0,2.79,1
BNK06372,2026-03-09,supplier_payment,34402.95,out,bank_transfer,0,9,0,1.41,0
BNK06373,2026-03-09,supplier_payment,27144.68,out,bank_transfer,0,9,0,0.87,0
BNK06374,2026-03-09,supplier_payment,11035.8,out,bank_transfer,0,9,0,-0.33,0
BNK06375,2026-03-09,supplier_payment,4822.36,out,bank_transfer,0,9,0,-0.8,0
BNK06376,2026-03-09,supplier_payment,9599.1,out,bank_transfer,0,9,0,-0.44,0
BNK06377,2026-03-09,supplier_payment,5677.28,out,bank_transfer,0,9,0,-0.73,0
BNK06378,2026-03-09,supplier_payment,6285.0,out,bank_transfer,0,9,0,-0.69,0
BNK06379,2026-03-09,cash_deposit,22151.57,in,agency_banking_agent,0,9,0,-0.56,0
BNK06380,2026-03-09,qr_settlement,9893.0,in,LankaQR,0,9,0,0.61,0
BNK06381,2026-03-09,card_settlement,4370.0,in,POS_card,0,9,0,0.17,0
BNK06382,2026-03-10,cash_deposit,19181.44,in,agency_banking_agent,1,10,0,-0.82,0
BNK06383,2026-03-10,qr_settlement,4159.0,in,LankaQR,1,10,0,-0.55,0
BNK06384,2026-03-10,card_settlement,5129.0,in,POS_card,1,10,0,0.42,0
BNK06385,2026-03-11,cash_deposit,21487.54,in,agency_banking_agent,2,11,0,-0.62,0
BNK06386,2026-03-11,qr_settlement,9323.0,in,LankaQR,2,11,0,0.5,0
BNK06387,2026-03-11,card_settlement,1190.0,in,POS_card,2,11,0,-0.91,0
BNK06388,2026-03-12,supplier_payment,49728.0,out,bank_transfer,3,12,0,2.56,1
BNK06389,2026-03-12,supplier_payment,40404.32,out,bank_transfer,3,12,0,1.86,0
BNK06390,2026-03-12,supplier_payment,19089.5,out,bank_transfer,3,12,0,0.27,0
BNK06391,2026-03-12,supplier_payment,14448.5,out,bank_transfer,3,12,0,-0.08,0
BNK06392,2026-03-12,supplier_payment,4856.0,out,bank_transfer,3,12,0,-0.8,0
BNK06393,2026-03-12,supplier_payment,10829.56,out,bank_transfer,3,12,0,-0.35,0
BNK06394,2026-03-12,cash_deposit,26788.71,in,agency_banking_agent,3,12,0,-0.17,0
BNK06395,2026-03-12,qr_settlement,11656.0,in,LankaQR,3,12,0,0.97,0
BNK06396,2026-03-12,card_settlement,1364.0,in,POS_card,3,12,0,-0.85,0
BNK06397,2026-03-13,cash_deposit,31509.38,in,agency_banking_agent,4,13,0,0.24,0
BNK06398,2026-03-13,qr_settlement,6096.0,in,LankaQR,4,13,0,-0.16,0
BNK06399,2026-03-13,card_settlement,5676.0,in,POS_card,4,13,0,0.61,0
BNK06400,2026-03-14,cash_deposit,22823.04,in,agency_banking_agent,5,14,0,-0.51,0
BNK06401,2026-03-14,qr_settlement,10284.0,in,LankaQR,5,14,0,0.69,0
BNK06402,2026-03-14,card_settlement,6816.0,in,POS_card,5,14,0,1.0,0
BNK06403,2026-03-15,cash_deposit,30679.54,in,agency_banking_agent,6,15,0,0.17,0
BNK06404,2026-03-15,qr_settlement,14742.0,in,LankaQR,6,15,0,1.6,1
BNK06405,2026-03-15,card_settlement,6426.0,in,POS_card,6,15,0,0.86,0
BNK06406,2026-03-16,supplier_payment,31364.18,out,bank_transfer,0,16,0,1.19,0
BNK06407,2026-03-16,supplier_payment,21389.28,out,bank_transfer,0,16,0,0.44,0
BNK06408,2026-03-16,supplier_payment,12294.0,out,bank_transfer,0,16,0,-0.24,0
BNK06409,2026-03-16,supplier_payment,6184.08,out,bank_transfer,0,16,0,-0.7,0
BNK06410,2026-03-16,supplier_payment,4829.12,out,bank_transfer,0,16,0,-0.8,0
BNK06411,2026-03-16,supplier_payment,9591.06,out,bank_transfer,0,16,0,-0.44,0
BNK06412,2026-03-16,supplier_payment,3992.8,out,bank_transfer,0,16,0,-0.86,0
BNK06413,2026-03-16,supplier_payment,2958.55,out,bank_transfer,0,16,0,-0.94,0
BNK06414,2026-03-16,supplier_payment,5100.24,out,bank_transfer,0,16,0,-0.78,0
BNK06415,2026-03-16,supplier_payment,6180.0,out,bank_transfer,0,16,0,-0.7,0
BNK06416,2026-03-16,cash_deposit,21268.41,in,agency_banking_agent,0,16,0,-0.64,0
BNK06417,2026-03-16,qr_settlement,11176.0,in,LankaQR,0,16,0,0.87,0
BNK06418,2026-03-16,card_settlement,8809.0,in,POS_card,0,16,0,1.67,0
BNK06419,2026-03-17,cash_deposit,23330.26,in,agency_banking_agent,1,17,0,-0.46,0
BNK06420,2026-03-17,qr_settlement,13006.0,in,LankaQR,1,17,0,1.24,0
BNK06421,2026-03-17,card_settlement,5993.0,in,POS_card,1,17,0,0.72,0
BNK06422,2026-03-18,cash_deposit,30873.57,in,agency_banking_agent,2,18,0,0.19,0
BNK06423,2026-03-18,qr_settlement,8855.0,in,LankaQR,2,18,0,0.4,0
BNK06424,2026-03-18,card_settlement,8162.0,in,POS_card,2,18,0,1.45,0
BNK06425,2026-03-19,supplier_payment,32004.0,out,bank_transfer,3,19,0,1.24,0
BNK06426,2026-03-19,supplier_payment,39774.57,out,bank_transfer,3,19,0,1.82,0
BNK06427,2026-03-19,supplier_payment,6255.0,out,bank_transfer,3,19,0,-0.69,0
BNK06428,2026-03-19,supplier_payment,14311.5,out,bank_transfer,3,19,0,-0.09,0
BNK06429,2026-03-19,supplier_payment,5025.2,out,bank_transfer,3,19,0,-0.78,0
BNK06430,2026-03-19,supplier_payment,10547.32,out,bank_transfer,3,19,0,-0.37,0
BNK06431,2026-03-19,cash_deposit,25720.94,in,agency_banking_agent,3,19,0,-0.26,0
BNK06432,2026-03-19,qr_settlement,4730.0,in,LankaQR,3,19,0,-0.43,0
BNK06433,2026-03-19,card_settlement,832.0,in,POS_card,3,19,0,-1.03,0
BNK06434,2026-03-20,cash_deposit,29328.08,in,agency_banking_agent,4,20,0,0.05,0
BNK06435,2026-03-20,qr_settlement,1323.0,in,LankaQR,4,20,0,-1.13,0
BNK06436,2026-03-20,card_settlement,4736.0,in,POS_card,4,20,0,0.29,0
BNK06437,2026-03-21,cash_deposit,34781.4,in,agency_banking_agent,5,21,0,0.52,0
BNK06438,2026-03-21,qr_settlement,15749.0,in,LankaQR,5,21,0,1.8,0
BNK06439,2026-03-21,card_settlement,8467.0,in,POS_card,5,21,0,1.55,0
BNK06440,2026-03-22,cash_deposit,40483.37,in,agency_banking_agent,6,22,0,1.01,0
BNK06441,2026-03-22,qr_settlement,12180.0,in,LankaQR,6,22,0,1.08,0
BNK06442,2026-03-22,card_settlement,7811.0,in,POS_card,6,22,0,1.33,0
BNK06443,2026-03-23,supplier_payment,21975.3,out,bank_transfer,0,23,0,0.49,0
BNK06444,2026-03-23,supplier_payment,11233.2,out,bank_transfer,0,23,0,-0.32,0
BNK06445,2026-03-23,supplier_payment,20518.8,out,bank_transfer,0,23,0,0.38,0
BNK06446,2026-03-23,supplier_payment,6269.4,out,bank_transfer,0,23,0,-0.69,0
BNK06447,2026-03-23,supplier_payment,10750.04,out,bank_transfer,0,23,0,-0.35,0
BNK06448,2026-03-23,supplier_payment,5458.6,out,bank_transfer,0,23,0,-0.75,0
BNK06449,2026-03-23,supplier_payment,3992.24,out,bank_transfer,0,23,0,-0.86,0
BNK06450,2026-03-23,cash_deposit,29625.93,in,agency_banking_agent,0,23,0,0.08,0
BNK06451,2026-03-23,qr_settlement,11391.0,in,LankaQR,0,23,0,0.92,0
BNK06452,2026-03-23,card_settlement,5536.0,in,POS_card,0,23,0,0.56,0
BNK06453,2026-03-24,cash_deposit,12824.49,in,agency_banking_agent,1,24,0,-1.37,0
BNK06454,2026-03-24,qr_settlement,5336.0,in,LankaQR,1,24,0,-0.31,0
BNK06455,2026-03-24,card_settlement,5378.0,in,POS_card,1,24,0,0.51,0
BNK06456,2026-03-25,cash_deposit,19584.15,in,agency_banking_agent,2,25,0,-0.79,0
BNK06457,2026-03-25,qr_settlement,15559.0,in,LankaQR,2,25,0,1.76,0
BNK06458,2026-03-25,card_settlement,528.0,in,POS_card,2,25,0,-1.13,0
BNK06459,2026-03-26,supplier_payment,59191.92,out,bank_transfer,3,26,0,3.27,1
BNK06460,2026-03-26,supplier_payment,32223.13,out,bank_transfer,3,26,0,1.25,0
BNK06461,2026-03-26,supplier_payment,19205.0,out,bank_transfer,3,26,0,0.28,0
BNK06462,2026-03-26,supplier_payment,5879.72,out,bank_transfer,3,26,0,-0.72,0
BNK06463,2026-03-26,cash_deposit,22719.46,in,agency_banking_agent,3,26,0,-0.52,0
BNK06464,2026-03-26,qr_settlement,13054.0,in,LankaQR,3,26,0,1.25,0
BNK06465,2026-03-26,card_settlement,2635.0,in,POS_card,3,26,0,-0.42,0
BNK06466,2026-03-27,cash_deposit,29145.96,in,agency_banking_agent,4,27,0,0.04,0
BNK06467,2026-03-27,qr_settlement,6053.0,in,LankaQR,4,27,0,-0.17,0
BNK06468,2026-03-28,cash_deposit,30074.81,in,agency_banking_agent,5,28,0,0.12,0
BNK06469,2026-03-28,qr_settlement,11775.0,in,LankaQR,5,28,0,0.99,0
BNK06470,2026-03-28,card_settlement,4855.0,in,POS_card,5,28,0,0.33,1
BNK06471,2026-03-29,cash_deposit,28644.54,in,agency_banking_agent,6,29,0,-0.01,0
BNK06472,2026-03-29,qr_settlement,5731.0,in,LankaQR,6,29,0,-0.23,0
BNK06473,2026-03-29,card_settlement,2385.0,in,POS_card,6,29,0,-0.5,0
BNK06474,2026-03-30,supplier_payment,46641.2,out,bank_transfer,0,30,0,2.33,1
BNK06475,2026-03-30,supplier_payment,9209.2,out,bank_transfer,0,30,0,-0.47,0
BNK06476,2026-03-30,supplier_payment,4956.4,out,bank_transfer,0,30,0,-0.79,0
BNK06477,2026-03-30,supplier_payment,10869.32,out,bank_transfer,0,30,0,-0.35,0
BNK06478,2026-03-30,supplier_payment,9732.1,out,bank_transfer,0,30,0,-0.43,0
BNK06479,2026-03-30,supplier_payment,2943.5,out,bank_transfer,0,30,0,-0.94,0
BNK06480,2026-03-30,supplier_payment,6369.5,out,bank_transfer,0,30,0,-0.68,0
BNK06481,2026-03-30,cash_deposit,19107.79,in,agency_banking_agent,0,30,0,-0.83,0
BNK06482,2026-03-30,qr_settlement,9722.0,in,LankaQR,0,30,0,0.58,0
BNK06483,2026-03-30,card_settlement,5949.0,in,POS_card,0,30,0,0.7,0
BNK06484,2026-03-31,cash_deposit,34109.83,in,agency_banking_agent,1,31,0,0.46,0
BNK06485,2026-03-31,qr_settlement,9373.0,in,LankaQR,1,31,0,0.51,0
BNK06486,2026-03-31,card_settlement,3035.0,in,POS_card,1,31,0,-0.28,0
BNK06487,2026-04-01,cash_deposit,23552.56,in,agency_banking_agent,2,1,0,-0.44,0
BNK06488,2026-04-01,qr_settlement,8419.0,in,LankaQR,2,1,0,0.31,0
BNK06489,2026-04-01,card_settlement,3410.0,in,POS_card,2,1,0,-0.16,0
BNK06490,2026-04-02,supplier_payment,21831.7,out,bank_transfer,3,2,0,0.47,0
BNK06491,2026-04-02,supplier_payment,21813.3,out,bank_transfer,3,2,0,0.47,0
BNK06492,2026-04-02,supplier_payment,27881.74,out,bank_transfer,3,2,0,0.93,0
BNK06493,2026-04-02,supplier_payment,15948.9,out,bank_transfer,3,2,0,0.03,0
BNK06494,2026-04-02,supplier_payment,19239.0,out,bank_transfer,3,2,0,0.28,0
BNK06495,2026-04-02,supplier_payment,14443.0,out,bank_transfer,3,2,0,-0.08,0
BNK06496,2026-04-02,supplier_payment,5338.55,out,bank_transfer,3,2,0,-0.76,0
BNK06497,2026-04-02,supplier_payment,4887.6,out,bank_transfer,3,2,0,-0.79,0
BNK06498,2026-04-02,cash_deposit,28444.89,in,agency_banking_agent,3,2,0,-0.02,0
BNK06499,2026-04-02,qr_settlement,8322.0,in,LankaQR,3,2,0,0.29,0
BNK06500,2026-04-02,card_settlement,5149.0,in,POS_card,3,2,0,0.43,0
BNK06501,2026-04-03,cash_deposit,37904.1,in,agency_banking_agent,4,3,0,0.79,0
BNK06502,2026-04-03,qr_settlement,16500.0,in,LankaQR,4,3,0,1.95,0
BNK06503,2026-04-03,card_settlement,5071.0,in,POS_card,4,3,0,0.41,0
BNK06504,2026-04-04,cash_deposit,49053.64,in,agency_banking_agent,5,4,0,1.75,0
BNK06505,2026-04-04,qr_settlement,13866.0,in,LankaQR,5,4,0,1.42,0
BNK06506,2026-04-04,card_settlement,8752.0,in,POS_card,5,4,0,1.65,0
BNK06507,2026-04-05,cash_deposit,56223.15,in,agency_banking_agent,6,5,0,2.37,1
BNK06508,2026-04-05,qr_settlement,15492.0,in,LankaQR,6,5,0,1.75,0
BNK06509,2026-04-05,card_settlement,3545.0,in,POS_card,6,5,0,-0.11,0
BNK06510,2026-04-06,supplier_payment,34979.62,out,bank_transfer,0,6,0,1.46,0
BNK06511,2026-04-06,supplier_payment,20577.6,out,bank_transfer,0,6,0,0.38,0
BNK06512,2026-04-06,supplier_payment,43310.25,out,bank_transfer,0,6,0,2.08,0
BNK06513,2026-04-06,supplier_payment,12301.2,out,bank_transfer,0,6,0,-0.24,0
BNK06514,2026-04-06,supplier_payment,6181.2,out,bank_transfer,0,6,0,-0.7,0
BNK06515,2026-04-06,supplier_payment,6935.6,out,bank_transfer,0,6,0,-0.64,0
BNK06516,2026-04-06,supplier_payment,5158.0,out,bank_transfer,0,6,0,-0.77,0
BNK06517,2026-04-06,supplier_payment,5475.75,out,bank_transfer,0,6,0,-0.75,0
BNK06518,2026-04-06,supplier_payment,10035.55,out,bank_transfer,0,6,0,-0.41,0
BNK06519,2026-04-06,supplier_payment,3073.7,out,bank_transfer,0,6,0,-0.93,0
BNK06520,2026-04-06,cash_deposit,58953.34,in,agency_banking_agent,0,6,0,2.6,1
BNK06521,2026-04-06,qr_settlement,15111.0,in,LankaQR,0,6,0,1.67,0
BNK06522,2026-04-06,card_settlement,20678.0,in,POS_card,0,6,0,5.69,1
BNK06523,2026-04-07,cash_deposit,47385.21,in,agency_banking_agent,1,7,0,1.61,0
BNK06524,2026-04-07,qr_settlement,17224.0,in,LankaQR,1,7,0,2.1,0
BNK06525,2026-04-07,card_settlement,11755.0,in,POS_card,1,7,0,2.67,1
BNK06526,2026-04-08,cash_deposit,45935.7,in,agency_banking_agent,2,8,0,1.48,0
BNK06527,2026-04-08,qr_settlement,20376.0,in,LankaQR,2,8,0,2.74,1
BNK06528,2026-04-08,card_settlement,17551.0,in,POS_card,2,8,0,4.63,1
BNK06529,2026-04-09,supplier_payment,70420.0,out,bank_transfer,3,9,0,4.11,1
BNK06530,2026-04-09,supplier_payment,22609.8,out,bank_transfer,3,9,0,0.53,0
BNK06531,2026-04-09,supplier_payment,35667.56,out,bank_transfer,3,9,0,1.51,0
BNK06532,2026-04-09,supplier_payment,6532.2,out,bank_transfer,3,9,0,-0.67,0
BNK06533,2026-04-09,supplier_payment,14293.5,out,bank_transfer,3,9,0,-0.09,1
BNK06534,2026-04-09,supplier_payment,4161.92,out,bank_transfer,3,9,0,-0.85,0
BNK06535,2026-04-09,supplier_payment,5759.1,out,bank_transfer,3,9,0,-0.73,0
BNK06536,2026-04-09,supplier_payment,6574.5,out,bank_transfer,3,9,0,-0.67,0
BNK06537,2026-04-09,cash_deposit,73990.27,in,agency_banking_agent,3,9,0,3.89,1
BNK06538,2026-04-09,qr_settlement,44160.0,in,LankaQR,3,9,0,7.56,1
BNK06539,2026-04-09,card_settlement,26611.0,in,POS_card,3,9,0,7.69,1
BNK06540,2026-04-10,cash_deposit,105334.91,in,agency_banking_agent,4,10,0,6.59,1
BNK06541,2026-04-10,qr_settlement,25479.0,in,LankaQR,4,10,0,3.77,1
BNK06542,2026-04-10,card_settlement,6468.0,in,POS_card,4,10,0,0.88,0
BNK06543,2026-04-11,cash_deposit,42625.88,in,agency_banking_agent,5,11,0,1.2,0
BNK06544,2026-04-11,qr_settlement,19040.0,in,LankaQR,5,11,0,2.47,1
BNK06545,2026-04-11,card_settlement,2095.0,in,POS_card,5,11,0,-0.6,0
BNK06546,2026-04-12,cash_deposit,11844.34,in,agency_banking_agent,6,12,1,-1.45,1
BNK06547,2026-04-12,qr_settlement,9162.0,in,LankaQR,6,12,1,0.46,0
BNK06548,2026-04-12,card_settlement,3190.0,in,POS_card,6,12,0,-0.23,0
BNK06549,2026-04-13,supplier_payment,54829.5,out,bank_transfer,0,13,1,2.94,1
BNK06550,2026-04-13,supplier_payment,60565.0,out,bank_transfer,0,13,1,3.37,1
BNK06551,2026-04-13,supplier_payment,24535.2,out,bank_transfer,0,13,1,0.68,0
BNK06552,2026-04-13,supplier_payment,37199.25,out,bank_transfer,0,13,1,1.62,1
BNK06553,2026-04-13,supplier_payment,38683.8,out,bank_transfer,0,13,1,1.73,1
BNK06554,2026-04-13,supplier_payment,43493.4,out,bank_transfer,0,13,1,2.09,1
BNK06555,2026-04-13,supplier_payment,12466.8,out,bank_transfer,0,13,1,-0.23,0
BNK06556,2026-04-13,supplier_payment,6753.6,out,bank_transfer,0,13,1,-0.65,0
BNK06557,2026-04-13,supplier_payment,20229.0,out,bank_transfer,0,13,1,0.35,0
BNK06558,2026-04-13,supplier_payment,14629.5,out,bank_transfer,0,13,1,-0.06,0
BNK06559,2026-04-13,supplier_payment,10781.4,out,bank_transfer,0,13,1,-0.35,0
BNK06560,2026-04-13,supplier_payment,5615.75,out,bank_transfer,0,13,1,-0.74,0
BNK06561,2026-04-13,supplier_payment,10186.4,out,bank_transfer,0,13,1,-0.4,0
BNK06562,2026-04-13,supplier_payment,4198.6,out,bank_transfer,0,13,1,-0.84,0
BNK06563,2026-04-13,supplier_payment,3090.5,out,bank_transfer,0,13,1,-0.93,0
BNK06564,2026-04-13,supplier_payment,6542.5,out,bank_transfer,0,13,1,-0.67,0
BNK06565,2026-04-13,cash_deposit,122071.34,in,agency_banking_agent,0,13,1,8.03,1
BNK06566,2026-04-13,qr_settlement,26947.0,in,LankaQR,0,13,1,4.07,1
BNK06567,2026-04-13,card_settlement,9591.0,in,POS_card,0,13,0,1.93,0
BNK06568,2026-04-14,cash_deposit,97666.11,in,agency_banking_agent,1,14,0,5.93,1
BNK06569,2026-04-14,qr_settlement,50688.0,in,LankaQR,1,14,0,8.89,1
BNK06570,2026-04-14,card_settlement,10950.0,in,POS_card,1,14,0,2.39,1
BNK06571,2026-04-15,cash_deposit,7324.74,in,agency_banking_agent,2,15,0,-1.84,0
BNK06572,2026-04-15,qr_settlement,4651.0,in,LankaQR,2,15,0,-0.45,0
BNK06573,2026-04-15,card_settlement,2651.0,in,POS_card,2,15,0,-0.41,0
BNK06574,2026-04-16,supplier_payment,25249.5,out,bank_transfer,3,16,0,0.73,0
BNK06575,2026-04-16,supplier_payment,10633.8,out,bank_transfer,3,16,0,-0.36,0
BNK06576,2026-04-16,supplier_payment,11678.4,out,bank_transfer,3,16,0,-0.29,0
BNK06577,2026-04-16,supplier_payment,13790.5,out,bank_transfer,3,16,0,-0.13,0
BNK06578,2026-04-16,supplier_payment,4780.0,out,bank_transfer,3,16,0,-0.8,0
BNK06579,2026-04-16,supplier_payment,9352.7,out,bank_transfer,3,16,0,-0.46,0
BNK06580,2026-04-16,cash_deposit,13832.93,in,agency_banking_agent,3,16,0,-1.28,1
BNK06581,2026-04-16,qr_settlement,6897.0,in,LankaQR,3,16,0,0.01,0
BNK06582,2026-04-16,card_settlement,6823.0,in,POS_card,3,16,0,1.0,0
BNK06583,2026-04-17,cash_deposit,22207.36,in,agency_banking_agent,4,17,0,-0.56,0
BNK06584,2026-04-17,qr_settlement,11668.0,in,LankaQR,4,17,0,0.97,0
BNK06585,2026-04-17,card_settlement,1474.0,in,POS_card,4,17,0,-0.81,0
BNK06586,2026-04-18,cash_deposit,30002.98,in,agency_banking_agent,5,18,0,0.11,0
BNK06587,2026-04-18,qr_settlement,15916.0,in,LankaQR,5,18,0,1.83,0
BNK06588,2026-04-18,card_settlement,1328.0,in,POS_card,5,18,0,-0.86,0
BNK06589,2026-04-19,cash_deposit,29290.52,in,agency_banking_agent,6,19,0,0.05,0
BNK06590,2026-04-19,qr_settlement,7039.0,in,LankaQR,6,19,0,0.03,0
BNK06591,2026-04-19,card_settlement,4415.0,in,POS_card,6,19,0,0.18,0
BNK06592,2026-04-20,supplier_payment,34416.9,out,bank_transfer,0,20,0,1.42,0
BNK06593,2026-04-20,supplier_payment,27051.07,out,bank_transfer,0,20,0,0.86,0
BNK06594,2026-04-20,supplier_payment,35164.8,out,bank_transfer,0,20,0,1.47,0
BNK06595,2026-04-20,supplier_payment,6157.8,out,bank_transfer,0,20,0,-0.7,0
BNK06596,2026-04-20,supplier_payment,6960.8,out,bank_transfer,0,20,0,-0.64,0
BNK06597,2026-04-20,cash_deposit,17122.51,in,agency_banking_agent,0,20,0,-1.0,0
BNK06598,2026-04-20,qr_settlement,14537.0,in,LankaQR,0,20,0,1.55,0
BNK06599,2026-04-20,card_settlement,3453.0,in,POS_card,0,20,0,-0.14,0
BNK06600,2026-04-21,cash_deposit,24623.67,in,agency_banking_agent,1,21,0,-0.35,0
BNK06601,2026-04-21,qr_settlement,7878.0,in,LankaQR,1,21,0,0.2,0
BNK06602,2026-04-21,card_settlement,11211.0,in,POS_card,1,21,0,2.48,1
BNK06603,2026-04-22,cash_deposit,31064.52,in,agency_banking_agent,2,22,0,0.2,0
BNK06604,2026-04-22,qr_settlement,7299.0,in,LankaQR,2,22,0,0.09,0
BNK06605,2026-04-22,card_settlement,8003.0,in,POS_card,2,22,0,1.4,0
BNK06606,2026-04-23,supplier_payment,10330.11,out,bank_transfer,3,23,0,-0.39,0
BNK06607,2026-04-23,supplier_payment,11696.4,out,bank_transfer,3,23,0,-0.28,0
BNK06608,2026-04-23,supplier_payment,14455.5,out,bank_transfer,3,23,0,-0.08,0
BNK06609,2026-04-23,supplier_payment,3984.4,out,bank_transfer,3,23,0,-0.86,0
BNK06610,2026-04-23,supplier_payment,2659.52,out,bank_transfer,3,23,0,-0.96,0
BNK06611,2026-04-23,supplier_payment,5393.06,out,bank_transfer,3,23,0,-0.76,0
BNK06612,2026-04-23,cash_deposit,24052.48,in,agency_banking_agent,3,23,0,-0.4,0
BNK06613,2026-04-23,qr_settlement,16185.0,in,LankaQR,3,23,0,1.89,0
BNK06614,2026-04-23,card_settlement,3789.0,in,POS_card,3,23,0,-0.03,0
BNK06615,2026-04-24,cash_deposit,17299.64,in,agency_banking_agent,4,24,0,-0.98,0
BNK06616,2026-04-24,qr_settlement,11418.0,in,LankaQR,4,24,0,0.92,0
BNK06617,2026-04-24,card_settlement,6466.0,in,POS_card,4,24,0,0.88,0
BNK06618,2026-04-25,cash_deposit,38968.0,in,agency_banking_agent,5,25,0,0.88,0
BNK06619,2026-04-25,qr_settlement,13391.0,in,LankaQR,5,25,0,1.32,0
BNK06620,2026-04-25,card_settlement,7030.0,in,POS_card,5,25,0,1.07,0
BNK06621,2026-04-26,cash_deposit,9453.42,in,agency_banking_agent,6,26,0,-1.66,0
BNK06622,2026-04-26,qr_settlement,4846.0,in,LankaQR,6,26,0,-0.41,0
BNK06623,2026-04-26,card_settlement,7533.0,in,POS_card,6,26,0,1.24,0
BNK06624,2026-04-27,supplier_payment,23173.65,out,bank_transfer,0,27,0,0.57,0
BNK06625,2026-04-27,supplier_payment,17508.0,out,bank_transfer,0,27,0,0.15,0
BNK06626,2026-04-27,supplier_payment,42160.5,out,bank_transfer,0,27,0,2.0,0
BNK06627,2026-04-27,supplier_payment,10671.64,out,bank_transfer,0,27,0,-0.36,0
BNK06628,2026-04-27,cash_deposit,21806.78,in,agency_banking_agent,0,27,0,-0.59,0
BNK06629,2026-04-27,qr_settlement,13315.0,in,LankaQR,0,27,0,1.31,0
BNK06630,2026-04-27,card_settlement,3590.0,in,POS_card,0,27,0,-0.1,0
BNK06631,2026-04-28,cash_deposit,21366.3,in,agency_banking_agent,1,28,0,-0.63,0
BNK06632,2026-04-28,qr_settlement,10385.0,in,LankaQR,1,28,0,0.71,0
BNK06633,2026-04-28,card_settlement,666.0,in,POS_card,1,28,0,-1.08,0
BNK06634,2026-04-29,cash_deposit,17932.17,in,agency_banking_agent,2,29,0,-0.93,0
BNK06635,2026-04-29,qr_settlement,7652.0,in,LankaQR,2,29,0,0.16,0
BNK06636,2026-04-29,card_settlement,2538.0,in,POS_card,2,29,0,-0.45,1
BNK06637,2026-04-30,supplier_payment,29778.84,out,bank_transfer,3,30,0,1.07,0
BNK06638,2026-04-30,supplier_payment,19085.34,out,bank_transfer,3,30,0,0.27,0
BNK06639,2026-04-30,supplier_payment,14242.0,out,bank_transfer,3,30,0,-0.09,0
BNK06640,2026-04-30,supplier_payment,6265.8,out,bank_transfer,3,30,0,-0.69,0
BNK06641,2026-04-30,supplier_payment,9445.8,out,bank_transfer,3,30,0,-0.45,0
BNK06642,2026-04-30,supplier_payment,2704.96,out,bank_transfer,3,30,0,-0.96,0
BNK06643,2026-04-30,supplier_payment,6008.24,out,bank_transfer,3,30,0,-0.71,0
BNK06644,2026-04-30,supplier_payment,5731.6,out,bank_transfer,3,30,0,-0.73,0
BNK06645,2026-04-30,cash_deposit,27634.95,in,agency_banking_agent,3,30,0,-0.09,0
BNK06646,2026-04-30,qr_settlement,17155.0,in,LankaQR,3,30,0,2.09,0
BNK06647,2026-04-30,card_settlement,3413.0,in,POS_card,3,30,0,-0.16,0
BNK06648,2026-05-01,cash_deposit,24031.53,in,agency_banking_agent,4,1,0,-0.4,0
BNK06649,2026-05-01,qr_settlement,9356.0,in,LankaQR,4,1,0,0.5,0
BNK06650,2026-05-01,card_settlement,1733.0,in,POS_card,4,1,0,-0.72,0
BNK06651,2026-05-02,cash_deposit,25989.82,in,agency_banking_agent,5,2,0,-0.23,0
BNK06652,2026-05-02,qr_settlement,6183.0,in,LankaQR,5,2,0,-0.14,0
BNK06653,2026-05-02,card_settlement,6080.0,in,POS_card,5,2,0,0.75,0
BNK06654,2026-05-03,cash_deposit,30770.46,in,agency_banking_agent,6,3,0,0.18,0
BNK06655,2026-05-03,qr_settlement,7354.0,in,LankaQR,6,3,0,0.1,0
BNK06656,2026-05-03,card_settlement,4048.0,in,POS_card,6,3,0,0.06,0
BNK06657,2026-05-04,supplier_payment,19304.0,out,bank_transfer,0,4,0,0.29,0
BNK06658,2026-05-04,supplier_payment,12362.4,out,bank_transfer,0,4,0,-0.23,0
BNK06659,2026-05-04,supplier_payment,6133.88,out,bank_transfer,0,4,0,-0.7,0
BNK06660,2026-05-04,supplier_payment,18626.0,out,bank_transfer,0,4,0,0.23,0
BNK06661,2026-05-04,supplier_payment,4265.1,out,bank_transfer,0,4,0,-0.84,0
BNK06662,2026-05-04,supplier_payment,9664.5,out,bank_transfer,0,4,0,-0.44,0
BNK06663,2026-05-04,cash_deposit,18753.28,in,agency_banking_agent,0,4,0,-0.86,0
BNK06664,2026-05-04,qr_settlement,16692.0,in,LankaQR,0,4,0,1.99,0
BNK06665,2026-05-04,card_settlement,1196.0,in,POS_card,0,4,0,-0.91,0
BNK06666,2026-05-05,cash_deposit,25302.07,in,agency_banking_agent,1,5,0,-0.29,0
BNK06667,2026-05-05,qr_settlement,2606.0,in,LankaQR,1,5,0,-0.87,0
BNK06668,2026-05-05,card_settlement,7180.0,in,POS_card,1,5,0,1.12,0
BNK06669,2026-05-06,cash_deposit,18221.89,in,agency_banking_agent,2,6,0,-0.9,0
BNK06670,2026-05-06,qr_settlement,3794.0,in,LankaQR,2,6,0,-0.62,0
BNK06671,2026-05-06,card_settlement,4544.0,in,POS_card,2,6,0,0.23,0
BNK06672,2026-05-07,supplier_payment,57921.54,out,bank_transfer,3,7,0,3.17,1
BNK06673,2026-05-07,supplier_payment,32016.6,out,bank_transfer,3,7,0,1.24,0
BNK06674,2026-05-07,supplier_payment,30600.1,out,bank_transfer,3,7,0,1.13,0
BNK06675,2026-05-07,supplier_payment,40153.96,out,bank_transfer,3,7,0,1.84,0
BNK06676,2026-05-07,supplier_payment,13439.18,out,bank_transfer,3,7,0,-0.15,0
BNK06677,2026-05-07,supplier_payment,6935.2,out,bank_transfer,3,7,0,-0.64,0
BNK06678,2026-05-07,supplier_payment,5199.25,out,bank_transfer,3,7,0,-0.77,0
BNK06679,2026-05-07,supplier_payment,4855.92,out,bank_transfer,3,7,0,-0.8,0
BNK06680,2026-05-07,supplier_payment,5429.61,out,bank_transfer,3,7,0,-0.75,0
BNK06681,2026-05-07,cash_deposit,18196.05,in,agency_banking_agent,3,7,0,-0.91,0
BNK06682,2026-05-07,qr_settlement,10315.0,in,LankaQR,3,7,0,0.7,0
BNK06683,2026-05-07,card_settlement,5225.0,in,POS_card,3,7,0,0.46,0
BNK06684,2026-05-08,cash_deposit,12718.2,in,agency_banking_agent,4,8,0,-1.38,0
BNK06685,2026-05-08,qr_settlement,6986.0,in,LankaQR,4,8,0,0.02,0
BNK06686,2026-05-08,card_settlement,10569.0,in,POS_card,4,8,0,2.27,0
BNK06687,2026-05-09,cash_deposit,27389.91,in,agency_banking_agent,5,9,0,-0.11,0
BNK06688,2026-05-09,qr_settlement,12335.0,in,LankaQR,5,9,0,1.11,0
BNK06689,2026-05-09,card_settlement,9785.0,in,POS_card,5,9,0,2.0,0
BNK06690,2026-05-10,cash_deposit,32704.6,in,agency_banking_agent,6,10,0,0.34,0
BNK06691,2026-05-10,qr_settlement,19116.0,in,LankaQR,6,10,0,2.48,1
BNK06692,2026-05-10,card_settlement,5443.0,in,POS_card,6,10,0,0.53,0
BNK06693,2026-05-11,supplier_payment,44831.8,out,bank_transfer,0,11,0,2.19,0
BNK06694,2026-05-11,supplier_payment,12412.8,out,bank_transfer,0,11,0,-0.23,0
BNK06695,2026-05-11,supplier_payment,6057.0,out,bank_transfer,0,11,0,-0.71,0
BNK06696,2026-05-11,supplier_payment,16436.7,out,bank_transfer,0,11,0,0.07,0
BNK06697,2026-05-11,supplier_payment,5993.75,out,bank_transfer,0,11,0,-0.71,0
BNK06698,2026-05-11,supplier_payment,3022.25,out,bank_transfer,0,11,0,-0.93,0
BNK06699,2026-05-11,cash_deposit,33519.47,in,agency_banking_agent,0,11,0,0.41,0
BNK06700,2026-05-11,qr_settlement,12593.0,in,LankaQR,0,11,0,1.16,0
BNK06701,2026-05-11,card_settlement,1079.0,in,POS_card,0,11,0,-0.95,0
BNK06702,2026-05-12,cash_deposit,26956.66,in,agency_banking_agent,1,12,0,-0.15,0
BNK06703,2026-05-12,qr_settlement,5737.0,in,LankaQR,1,12,0,-0.23,0
BNK06704,2026-05-12,card_settlement,1705.0,in,POS_card,1,12,0,-0.73,0
BNK06705,2026-05-13,cash_deposit,29946.68,in,agency_banking_agent,2,13,0,0.11,0
BNK06706,2026-05-13,qr_settlement,7143.0,in,LankaQR,2,13,0,0.06,0
BNK06707,2026-05-13,card_settlement,3491.0,in,POS_card,2,13,0,-0.13,0
BNK06708,2026-05-14,supplier_payment,20432.94,out,bank_transfer,3,14,0,0.37,1
BNK06709,2026-05-14,supplier_payment,20472.48,out,bank_transfer,3,14,0,0.37,0
BNK06710,2026-05-14,supplier_payment,12999.14,out,bank_transfer,3,14,0,-0.19,0
BNK06711,2026-05-14,supplier_payment,4896.0,out,bank_transfer,3,14,0,-0.79,0
BNK06712,2026-05-14,supplier_payment,3983.56,out,bank_transfer,3,14,0,-0.86,0
BNK06713,2026-05-14,cash_deposit,18905.16,in,agency_banking_agent,3,14,0,-0.84,0
BNK06714,2026-05-14,qr_settlement,11212.0,in,LankaQR,3,14,0,0.88,0
BNK06715,2026-05-14,card_settlement,9462.0,in,POS_card,3,14,0,1.89,1
BNK06716,2026-05-15,cash_deposit,40031.5,in,agency_banking_agent,4,15,0,0.97,0
BNK06717,2026-05-15,qr_settlement,6052.0,in,LankaQR,4,15,0,-0.17,0
BNK06718,2026-05-15,card_settlement,1931.0,in,POS_card,4,15,0,-0.66,0
BNK06719,2026-05-16,cash_deposit,23196.57,in,agency_banking_agent,5,16,0,-0.48,0
BNK06720,2026-05-16,qr_settlement,9755.0,in,LankaQR,5,16,0,0.58,0
BNK06721,2026-05-16,card_settlement,6381.0,in,POS_card,5,16,0,0.85,0
BNK06722,2026-05-17,cash_deposit,17041.5,in,agency_banking_agent,6,17,0,-1.0,0
BNK06723,2026-05-17,qr_settlement,7956.0,in,LankaQR,6,17,0,0.22,0
BNK06724,2026-05-17,card_settlement,2685.0,in,POS_card,6,17,0,-0.4,0
BNK06725,2026-05-18,supplier_payment,33070.84,out,bank_transfer,0,18,0,1.32,0
BNK06726,2026-05-18,supplier_payment,6382.8,out,bank_transfer,0,18,0,-0.68,0
BNK06727,2026-05-18,supplier_payment,6904.8,out,bank_transfer,0,18,0,-0.64,0
BNK06728,2026-05-18,supplier_payment,4376.16,out,bank_transfer,0,18,0,-0.83,0
BNK06729,2026-05-18,supplier_payment,8925.12,out,bank_transfer,0,18,0,-0.49,0
BNK06730,2026-05-18,cash_deposit,16031.07,in,agency_banking_agent,0,18,0,-1.09,0
BNK06731,2026-05-18,qr_settlement,7160.0,in,LankaQR,0,18,0,0.06,0
BNK06732,2026-05-18,card_settlement,4536.0,in,POS_card,0,18,0,0.22,0
BNK06733,2026-05-19,cash_deposit,25063.2,in,agency_banking_agent,1,19,0,-0.31,0
BNK06734,2026-05-19,qr_settlement,7423.0,in,LankaQR,1,19,0,0.11,0
BNK06735,2026-05-19,card_settlement,7112.0,in,POS_card,1,19,0,1.1,0
BNK06736,2026-05-20,cash_deposit,11931.92,in,agency_banking_agent,2,20,0,-1.44,0
BNK06737,2026-05-20,qr_settlement,14648.0,in,LankaQR,2,20,0,1.58,0
BNK06738,2026-05-20,card_settlement,4562.0,in,POS_card,2,20,0,0.23,0
BNK06739,2026-05-21,supplier_payment,14601.0,out,bank_transfer,3,21,0,-0.07,0
BNK06740,2026-05-21,supplier_payment,3767.92,out,bank_transfer,3,21,0,-0.88,0
BNK06741,2026-05-21,supplier_payment,5936.57,out,bank_transfer,3,21,0,-0.71,0
BNK06742,2026-05-21,cash_deposit,22711.9,in,agency_banking_agent,3,21,0,-0.52,0
BNK06743,2026-05-21,qr_settlement,5717.0,in,LankaQR,3,21,0,-0.23,0
BNK06744,2026-05-21,card_settlement,4702.0,in,POS_card,3,21,0,0.28,0
BNK06745,2026-05-22,cash_deposit,25571.05,in,agency_banking_agent,4,22,0,-0.27,0
BNK06746,2026-05-22,qr_settlement,15943.0,in,LankaQR,4,22,0,1.84,0
BNK06747,2026-05-22,card_settlement,3409.0,in,POS_card,4,22,0,-0.16,0
BNK06748,2026-05-23,cash_deposit,28922.93,in,agency_banking_agent,5,23,0,0.02,0
BNK06749,2026-05-23,qr_settlement,10735.0,in,LankaQR,5,23,0,0.78,0
BNK06750,2026-05-23,card_settlement,9321.0,in,POS_card,5,23,0,1.84,0
BNK06751,2026-05-24,cash_deposit,27085.37,in,agency_banking_agent,6,24,0,-0.14,0
BNK06752,2026-05-24,qr_settlement,9492.0,in,LankaQR,6,24,0,0.53,0
BNK06753,2026-05-24,card_settlement,3757.0,in,POS_card,6,24,0,-0.04,0
BNK06754,2026-05-25,supplier_payment,22864.5,out,bank_transfer,0,25,0,0.55,0
BNK06755,2026-05-25,supplier_payment,17179.2,out,bank_transfer,0,25,0,0.13,0
BNK06756,2026-05-25,supplier_payment,20521.2,out,bank_transfer,0,25,0,0.38,0
BNK06757,2026-05-25,supplier_payment,6346.8,out,bank_transfer,0,25,0,-0.68,0
BNK06758,2026-05-25,supplier_payment,6784.0,out,bank_transfer,0,25,0,-0.65,0
BNK06759,2026-05-25,supplier_payment,4908.15,out,bank_transfer,0,25,0,-0.79,0
BNK06760,2026-05-25,supplier_payment,5401.9,out,bank_transfer,0,25,0,-0.75,0
BNK06761,2026-05-25,supplier_payment,5680.8,out,bank_transfer,0,25,0,-0.73,0
BNK06762,2026-05-25,cash_deposit,28687.57,in,agency_banking_agent,0,25,0,-0.0,0
BNK06763,2026-05-25,qr_settlement,7610.0,in,LankaQR,0,25,0,0.15,0
BNK06764,2026-05-25,card_settlement,4332.0,in,POS_card,0,25,0,0.16,0
BNK06765,2026-05-26,cash_deposit,35284.01,in,agency_banking_agent,1,26,0,0.56,0
BNK06766,2026-05-26,qr_settlement,8803.0,in,LankaQR,1,26,0,0.39,0
BNK06767,2026-05-26,card_settlement,5203.0,in,POS_card,1,26,0,0.45,0
BNK06768,2026-05-27,cash_deposit,26006.04,in,agency_banking_agent,2,27,0,-0.23,1
BNK06769,2026-05-27,qr_settlement,9068.0,in,LankaQR,2,27,0,0.45,0
BNK06770,2026-05-27,card_settlement,2434.0,in,POS_card,2,27,0,-0.49,0
BNK06771,2026-05-28,supplier_payment,39320.06,out,bank_transfer,3,28,0,1.78,0
BNK06772,2026-05-28,supplier_payment,5743.28,out,bank_transfer,3,28,0,-0.73,0
BNK06773,2026-05-28,supplier_payment,18765.0,out,bank_transfer,3,28,0,0.24,0
BNK06774,2026-05-28,supplier_payment,14250.0,out,bank_transfer,3,28,0,-0.09,0
BNK06775,2026-05-28,supplier_payment,3864.51,out,bank_transfer,3,28,0,-0.87,0
BNK06776,2026-05-28,cash_deposit,16800.09,in,agency_banking_agent,3,28,0,-1.03,0
BNK06777,2026-05-28,qr_settlement,12359.0,in,LankaQR,3,28,0,1.11,0
BNK06778,2026-05-28,card_settlement,4991.0,in,POS_card,3,28,0,0.38,0
BNK06779,2026-05-29,cash_deposit,23882.2,in,agency_banking_agent,4,29,0,-0.42,0
BNK06780,2026-05-29,qr_settlement,4958.0,in,LankaQR,4,29,0,-0.39,0
BNK06781,2026-05-29,card_settlement,3038.0,in,POS_card,4,29,0,-0.28,0
BNK06782,2026-05-30,cash_deposit,26751.36,in,agency_banking_agent,5,30,0,-0.17,0
BNK06783,2026-05-30,qr_settlement,13464.0,in,LankaQR,5,30,0,1.34,0
BNK06784,2026-05-30,card_settlement,8197.0,in,POS_card,5,30,0,1.46,0
BNK06785,2026-05-31,cash_deposit,26599.45,in,agency_banking_agent,6,31,0,-0.18,0
BNK06786,2026-05-31,qr_settlement,19029.0,in,LankaQR,6,31,0,2.47,1
BNK06787,2026-05-31,card_settlement,9936.0,in,POS_card,6,31,0,2.05,0
BNK06788,2026-06-01,supplier_payment,52518.0,out,bank_transfer,0,1,0,2.77,1
BNK06789,2026-06-01,supplier_payment,20660.67,out,bank_transfer,0,1,0,0.39,0
BNK06790,2026-06-01,supplier_payment,33715.35,out,bank_transfer,0,1,0,1.36,0
BNK06791,2026-06-01,supplier_payment,24102.65,out,bank_transfer,0,1,0,0.64,0
BNK06792,2026-06-01,supplier_payment,6292.8,out,bank_transfer,0,1,0,-0.69,0
BNK06793,2026-06-01,supplier_payment,6055.56,out,bank_transfer,0,1,0,-0.71,0
BNK06794,2026-06-01,supplier_payment,9612.05,out,bank_transfer,0,1,0,-0.44,0
BNK06795,2026-06-01,supplier_payment,3505.0,out,bank_transfer,0,1,0,-0.9,0
BNK06796,2026-06-01,cash_deposit,15839.87,in,agency_banking_agent,0,1,0,-1.11,0
BNK06797,2026-06-01,qr_settlement,6860.0,in,LankaQR,0,1,0,-0.0,0
BNK06798,2026-06-01,card_settlement,7554.0,in,POS_card,0,1,0,1.25,0
BNK06799,2026-06-02,cash_deposit,34510.61,in,agency_banking_agent,1,2,0,0.5,0
BNK06800,2026-06-02,qr_settlement,11569.0,in,LankaQR,1,2,0,0.95,0
BNK06801,2026-06-02,card_settlement,3724.0,in,POS_card,1,2,0,-0.05,0
BNK06802,2026-06-03,cash_deposit,14990.04,in,agency_banking_agent,2,3,0,-1.18,0
BNK06803,2026-06-03,qr_settlement,6669.0,in,LankaQR,2,3,0,-0.04,0
BNK06804,2026-06-03,card_settlement,6194.0,in,POS_card,2,3,0,0.79,0
BNK06805,2026-06-04,supplier_payment,9944.92,out,bank_transfer,3,4,0,-0.41,0
BNK06806,2026-06-04,supplier_payment,19689.6,out,bank_transfer,3,4,0,0.31,0
BNK06807,2026-06-04,supplier_payment,6217.2,out,bank_transfer,3,4,0,-0.69,0
BNK06808,2026-06-04,supplier_payment,17530.53,out,bank_transfer,3,4,0,0.15,0
BNK06809,2026-06-04,supplier_payment,2792.46,out,bank_transfer,3,4,0,-0.95,0
BNK06810,2026-06-04,cash_deposit,25811.17,in,agency_banking_agent,3,4,0,-0.25,0
BNK06811,2026-06-04,qr_settlement,10704.0,in,LankaQR,3,4,0,0.78,0
BNK06812,2026-06-04,card_settlement,1314.0,in,POS_card,3,4,0,-0.87,0
BNK06813,2026-06-05,cash_deposit,38737.55,in,agency_banking_agent,4,5,0,0.86,0
BNK06814,2026-06-05,qr_settlement,10736.0,in,LankaQR,4,5,0,0.78,0
BNK06815,2026-06-06,cash_deposit,35910.26,in,agency_banking_agent,5,6,0,0.62,0
BNK06816,2026-06-06,qr_settlement,4581.0,in,LankaQR,5,6,0,-0.46,0
BNK06817,2026-06-06,card_settlement,5265.0,in,POS_card,5,6,0,0.47,0
BNK06818,2026-06-07,cash_deposit,14237.12,in,agency_banking_agent,6,7,0,-1.25,0
BNK06819,2026-06-07,qr_settlement,10934.0,in,LankaQR,6,7,0,0.82,0
BNK06820,2026-06-07,card_settlement,2856.0,in,POS_card,6,7,0,-0.34,0
BNK06821,2026-06-08,supplier_payment,32732.46,out,bank_transfer,0,8,0,1.29,0
BNK06822,2026-06-08,supplier_payment,40520.7,out,bank_transfer,0,8,0,1.87,0
BNK06823,2026-06-08,supplier_payment,12344.4,out,bank_transfer,0,8,0,-0.24,0
BNK06824,2026-06-08,supplier_payment,9654.05,out,bank_transfer,0,8,0,-0.44,0
BNK06825,2026-06-08,supplier_payment,3927.56,out,bank_transfer,0,8,0,-0.86,0
BNK06826,2026-06-08,cash_deposit,30704.28,in,agency_banking_agent,0,8,0,0.17,0
BNK06827,2026-06-08,qr_settlement,19196.0,in,LankaQR,0,8,0,2.5,1
BNK06828,2026-06-08,card_settlement,3904.0,in,POS_card,0,8,0,0.01,0
BNK06829,2026-06-09,cash_deposit,31443.15,in,agency_banking_agent,1,9,0,0.23,0
BNK06830,2026-06-09,qr_settlement,7876.0,in,LankaQR,1,9,0,0.2,0
BNK06831,2026-06-09,card_settlement,5955.0,in,POS_card,1,9,0,0.7,0
