item,category,iso_year,iso_week,current_price_rs,price_change_4wk_pct,price_vs_3mo_avg_pct,days_to_festival,festival_season,expected_price_next_4wk_rs,target_buy_now
Samba Rice (1),Grocery/Staple,2022,24,160.28,0.0,0.0,305,0,170.92,1
Samba Rice (1),Grocery/Staple,2022,25,163.6,0.0,1.03,298,0,174.99,1
Samba Rice (1),Grocery/Staple,2022,26,168.96,0.0,2.85,291,0,179.31,1
Samba Rice (1),Grocery/Staple,2022,27,174.32,0.0,4.51,284,0,182.97,1
Samba Rice (1),Grocery/Staple,2022,28,176.8,10.31,4.74,277,0,186.45,1
Samba Rice (1),Grocery/Staple,2022,29,179.89,9.95,5.42,270,0,191.52,1
Samba Rice (1),Grocery/Staple,2022,30,186.23,10.22,7.73,263,0,195.76,1
Samba Rice (1),Grocery/Staple,2022,31,188.97,8.4,8.05,256,0,200.04,1
Samba Rice (1),Grocery/Staple,2022,32,190.73,7.88,7.97,249,0,204.61,1
Samba Rice (1),Grocery/Staple,2022,33,200.17,11.28,11.83,242,0,208.12,1
Samba Rice (1),Grocery/Staple,2022,34,203.16,9.09,12.13,235,0,211.16,1
Samba Rice (1),Grocery/Staple,2022,35,206.1,9.07,12.46,228,0,214.75,1
Samba Rice (1),Grocery/Staple,2022,36,208.99,9.58,12.82,221,0,218.23,1
Samba Rice (1),Grocery/Staple,2022,37,214.24,7.03,13.12,214,0,221.42,1
Samba Rice (1),Grocery/Staple,2022,38,215.32,5.98,11.35,207,0,225.85,1
Samba Rice (1),Grocery/Staple,2022,39,220.45,6.96,11.71,200,0,229.01,1
Samba Rice (1),Grocery/Staple,2022,40,222.91,6.66,10.86,193,0,232.88,1
Samba Rice (1),Grocery/Staple,2022,41,226.99,5.95,10.76,186,0,236.2,1
Samba Rice (1),Grocery/Staple,2022,42,233.05,8.23,11.49,179,0,239.64,1
Samba Rice (1),Grocery/Staple,2022,43,233.11,5.74,9.63,172,0,243.99,1
Samba Rice (1),Grocery/Staple,2022,44,238.39,6.94,10.14,165,0,247.84,1
Samba Rice (1),Grocery/Staple,2022,45,240.25,5.84,9.09,158,0,252.4,1
Samba Rice (1),Grocery/Staple,2022,46,246.82,5.91,10.27,151,0,256.13,1
Samba Rice (1),Grocery/Staple,2022,47,250.49,7.46,10.12,144,0,258.74,1
Samba Rice (1),Grocery/Staple,2022,48,253.81,6.47,9.81,137,0,262.12,1
Samba Rice (1),Grocery/Staple,2022,49,258.49,7.59,10.02,130,0,266.26,1
Samba Rice (1),Grocery/Staple,2022,50,261.75,6.05,9.7,123,0,270.02,1
Samba Rice (1),Grocery/Staple,2022,51,260.91,4.16,7.77,116,0,274.49,1
Samba Rice (1),Grocery/Staple,2022,52,267.34,5.33,8.8,109,0,277.2,1
Samba Rice (1),Grocery/Staple,2023,1,275.04,6.4,10.14,102,0,279.83,1
Samba Rice (1),Grocery/Staple,2023,2,276.77,5.74,9.16,95,0,282.92,1
Samba Rice (1),Grocery/Staple,2023,3,278.79,6.85,8.45,88,0,286.19,1
Samba Rice (1),Grocery/Staple,2023,4,278.21,4.07,6.78,81,0,290.49,1
Samba Rice (1),Grocery/Staple,2023,5,285.56,3.82,8.1,74,0,293.26,1
Samba Rice (1),Grocery/Staple,2023,6,289.14,4.47,7.92,67,0,294.48,1
Samba Rice (1),Grocery/Staple,2023,7,291.85,4.68,7.54,60,0,294.58,1
Samba Rice (1),Grocery/Staple,2023,8,295.43,6.19,7.49,53,0,294.02,0
Samba Rice (1),Grocery/Staple,2023,9,296.64,3.88,6.65,46,0,292.99,0
Samba Rice (1),Grocery/Staple,2023,10,294.0,1.68,4.67,39,0,295.13,1
Samba Rice (1),Grocery/Staple,2023,11,292.26,0.14,3.19,32,0,298.36,1
Samba Rice (1),Grocery/Staple,2023,12,293.18,-0.76,2.62,25,0,297.48,1
Samba Rice (1),Grocery/Staple,2023,13,292.51,-1.39,1.69,18,1,295.88,1
Samba Rice (1),Grocery/Staple,2023,14,302.56,2.91,4.42,11,1,292.5,0
Samba Rice (1),Grocery/Staple,2023,15,305.17,4.42,4.53,4,1,287.67,0
Samba Rice (1),Grocery/Staple,2023,16,289.68,-1.19,-1.06,363,0,286.0,0
Samba Rice (1),Grocery/Staple,2023,17,286.11,-2.19,-2.48,356,0,285.91,0
Samba Rice (1),Grocery/Staple,2023,18,289.05,-4.47,-1.57,349,0,284.44,0
Samba Rice (1),Grocery/Staple,2023,19,285.84,-6.33,-2.58,342,0,283.65,0
Samba Rice (1),Grocery/Staple,2023,20,283.0,-2.31,-3.32,335,0,283.56,1
Samba Rice (1),Grocery/Staple,2023,21,285.73,-0.13,-2.14,328,0,282.68,0
Samba Rice (1),Grocery/Staple,2023,22,283.18,-2.03,-2.67,321,0,282.42,0
Samba Rice (1),Grocery/Staple,2023,23,282.71,-1.1,-2.54,314,0,282.31,0
Samba Rice (1),Grocery/Staple,2023,24,282.63,-0.13,-2.32,307,0,280.3,0
Samba Rice (1),Grocery/Staple,2023,25,282.22,-1.23,-2.17,300,0,279.62,0
Samba Rice (1),Grocery/Staple,2023,26,282.13,-0.37,-1.93,293,0,278.5,0
Samba Rice (1),Grocery/Staple,2023,27,282.26,-0.16,-1.35,286,0,277.7,0
Samba Rice (1),Grocery/Staple,2023,28,274.58,-2.85,-3.24,279,0,278.1,1
Samba Rice (1),Grocery/Staple,2023,29,279.48,-0.97,-1.24,272,0,277.85,0
Samba Rice (1),Grocery/Staple,2023,30,277.65,-1.59,-1.66,265,0,276.89,0
Samba Rice (1),Grocery/Staple,2023,31,279.1,-1.12,-0.88,258,0,275.77,0
Samba Rice (1),Grocery/Staple,2023,32,276.17,0.58,-1.66,251,0,274.89,0
Samba Rice (1),Grocery/Staple,2023,33,278.49,-0.36,-0.71,244,0,273.11,0
Samba Rice (1),Grocery/Staple,2023,34,273.82,-1.38,-2.06,237,0,272.02,0
Samba Rice (1),Grocery/Staple,2023,35,274.62,-1.6,-1.54,230,0,271.18,0
Samba Rice (1),Grocery/Staple,2023,36,272.65,-1.28,-1.97,223,0,270.54,0
Samba Rice (1),Grocery/Staple,2023,37,271.37,-2.55,-2.13,216,0,270.35,0
Samba Rice (1),Grocery/Staple,2023,38,269.42,-1.6,-2.49,209,0,270.27,1
Samba Rice (1),Grocery/Staple,2023,39,271.26,-1.22,-1.52,202,0,268.15,0
Samba Rice (1),Grocery/Staple,2023,40,270.08,-0.94,-1.61,195,0,267.8,0
Samba Rice (1),Grocery/Staple,2023,41,270.62,-0.28,-1.31,188,0,266.56,0
Samba Rice (1),Grocery/Staple,2023,42,269.13,-0.11,-1.57,181,0,265.51,0
Samba Rice (1),Grocery/Staple,2023,43,262.76,-3.13,-3.49,174,0,265.75,1
Samba Rice (1),Grocery/Staple,2023,44,268.7,-0.51,-1.02,167,0,264.73,0
Samba Rice (1),Grocery/Staple,2023,45,265.66,-1.83,-1.85,160,0,264.0,0
Samba Rice (1),Grocery/Staple,2023,46,264.94,-1.56,-1.74,153,0,263.05,0
Samba Rice (1),Grocery/Staple,2023,47,263.71,0.36,-1.91,146,0,262.72,0
Samba Rice (1),Grocery/Staple,2023,48,264.6,-1.52,-1.29,139,0,261.01,0
Samba Rice (1),Grocery/Staple,2023,49,262.76,-1.09,-1.7,132,0,259.9,0
Samba Rice (1),Grocery/Staple,2023,50,261.14,-1.43,-2.02,125,0,259.44,0
Samba Rice (1),Grocery/Staple,2023,51,262.36,-0.51,-1.36,118,0,258.75,0
Samba Rice (1),Grocery/Staple,2023,52,257.8,-2.57,-2.7,111,0,258.11,1
Samba Rice (1),Grocery/Staple,2024,1,258.3,-1.7,-2.17,104,0,257.83,0
Samba Rice (1),Grocery/Staple,2024,2,259.31,-0.7,-1.47,97,0,257.81,0
Samba Rice (1),Grocery/Staple,2024,3,259.59,-1.06,-1.08,90,0,256.44,0
Samba Rice (1),Grocery/Staple,2024,4,255.26,-0.98,-2.52,83,0,257.39,1
Samba Rice (1),Grocery/Staple,2024,5,257.18,-0.43,-1.45,76,0,257.35,1
Samba Rice (1),Grocery/Staple,2024,6,259.2,-0.04,-0.49,69,0,257.18,0
Samba Rice (1),Grocery/Staple,2024,7,254.12,-2.11,-2.13,62,0,258.2,1
Samba Rice (1),Grocery/Staple,2024,8,259.08,1.5,-0.08,55,0,257.38,0
Samba Rice (1),Grocery/Staple,2024,9,257.01,-0.06,-0.65,48,0,257.27,1
Samba Rice (1),Grocery/Staple,2024,10,258.5,-0.27,0.05,41,0,258.54,1
Samba Rice (1),Grocery/Staple,2024,11,258.21,1.61,0.03,34,0,261.22,1
Samba Rice (1),Grocery/Staple,2024,12,255.81,-1.26,-0.71,27,0,261.29,1
Samba Rice (1),Grocery/Staple,2024,13,256.54,-0.19,-0.39,20,1,261.29,1
Samba Rice (1),Grocery/Staple,2024,14,263.61,1.98,2.19,13,1,259.97,0
Samba Rice (1),Grocery/Staple,2024,15,268.91,4.14,3.95,6,1,256.42,0
Samba Rice (1),Grocery/Staple,2024,16,256.08,0.11,-0.91,364,0,256.23,1
Samba Rice (1),Grocery/Staple,2024,17,256.55,0.0,-0.76,357,0,255.28,0
Samba Rice (1),Grocery/Staple,2024,18,258.35,-2.0,-0.1,350,0,255.13,0
Samba Rice (1),Grocery/Staple,2024,19,254.7,-5.28,-1.38,343,0,255.92,1
Samba Rice (1),Grocery/Staple,2024,20,255.32,-0.3,-1.18,336,0,256.11,1
Samba Rice (1),Grocery/Staple,2024,21,252.74,-1.48,-1.99,329,0,257.47,1
Samba Rice (1),Grocery/Staple,2024,22,257.77,-0.23,-0.06,322,0,258.03,1
Samba Rice (1),Grocery/Staple,2024,23,257.85,1.24,-0.01,315,0,257.37,0
Samba Rice (1),Grocery/Staple,2024,24,256.07,0.3,-0.64,308,0,258.53,1
Samba Rice (1),Grocery/Staple,2024,25,258.17,2.15,0.11,301,0,257.94,0
Samba Rice (1),Grocery/Staple,2024,26,260.01,0.87,0.72,294,0,257.77,0
Samba Rice (1),Grocery/Staple,2024,27,255.22,-1.02,-0.89,287,0,258.38,1
Samba Rice (1),Grocery/Staple,2024,28,260.71,1.81,1.49,280,0,258.22,0
Samba Rice (1),Grocery/Staple,2024,29,255.83,-0.91,-0.41,273,0,258.61,1
Samba Rice (1),Grocery/Staple,2024,30,259.3,-0.27,0.86,266,0,258.34,0
Samba Rice (1),Grocery/Staple,2024,31,257.67,0.96,0.25,259,0,258.01,1
Samba Rice (1),Grocery/Staple,2024,32,260.07,-0.25,1.02,252,0,258.11,0
Samba Rice (1),Grocery/Staple,2024,33,257.38,0.61,-0.08,245,0,258.29,1
Samba Rice (1),Grocery/Staple,2024,34,258.22,-0.42,0.08,238,0,258.95,1
Samba Rice (1),Grocery/Staple,2024,35,256.38,-0.5,-0.6,231,0,259.41,1
Samba Rice (1),Grocery/Staple,2024,36,260.47,0.15,0.91,224,0,258.5,0
Samba Rice (1),Grocery/Staple,2024,37,258.09,0.28,-0.07,217,0,258.71,1
Samba Rice (1),Grocery/Staple,2024,38,260.87,1.03,0.92,210,0,258.31,0
Samba Rice (1),Grocery/Staple,2024,39,258.21,0.72,-0.05,203,0,258.14,0
Samba Rice (1),Grocery/Staple,2024,40,256.82,-1.4,-0.64,196,0,259.23,1
Samba Rice (1),Grocery/Staple,2024,41,258.93,0.32,0.23,189,0,259.46,1
Samba Rice (1),Grocery/Staple,2024,42,259.28,-0.61,0.27,182,0,259.12,0
Samba Rice (1),Grocery/Staple,2024,43,257.53,-0.27,-0.36,175,0,260.19,1
Samba Rice (1),Grocery/Staple,2024,44,261.18,1.7,0.95,168,0,259.98,0
Samba Rice (1),Grocery/Staple,2024,45,259.83,0.35,0.44,161,0,261.03,1
Samba Rice (1),Grocery/Staple,2024,46,257.94,-0.52,-0.31,154,0,262.31,1
Samba Rice (1),Grocery/Staple,2024,47,261.82,1.67,1.08,147,0,261.88,1
Samba Rice (1),Grocery/Staple,2024,48,260.33,-0.33,0.38,140,0,261.76,1
Samba Rice (1),Grocery/Staple,2024,49,264.05,1.62,1.71,133,0,261.55,0
Samba Rice (1),Grocery/Staple,2024,50,263.06,1.99,1.18,126,0,260.81,0
Samba Rice (1),Grocery/Staple,2024,51,260.09,-0.66,0.06,119,0,261.15,1
Samba Rice (1),Grocery/Staple,2024,52,259.84,-0.19,-0.08,112,0,261.83,1
Samba Rice (1),Grocery/Staple,2025,1,263.22,-0.31,1.02,105,0,262.09,0
Samba Rice (1),Grocery/Staple,2025,2,260.09,-1.13,-0.21,98,0,262.33,1
Samba Rice (1),Grocery/Staple,2025,3,261.44,0.52,0.24,91,0,261.96,1
Samba Rice (1),Grocery/Staple,2025,4,262.56,1.05,0.52,84,0,261.7,0
Samba Rice (1),Grocery/Staple,2025,5,264.29,0.41,1.09,77,0,261.39,0
Samba Rice (1),Grocery/Staple,2025,6,261.03,0.36,-0.19,70,0,260.83,0
Samba Rice (1),Grocery/Staple,2025,7,259.96,-0.56,-0.65,63,0,261.75,1
Samba Rice (1),Grocery/Staple,2025,8,261.54,-0.39,-0.04,56,0,261.31,0
Samba Rice (1),Grocery/Staple,2025,9,263.04,-0.47,0.45,49,0,261.5,0
Samba Rice (1),Grocery/Staple,2025,10,258.77,-0.87,-1.03,42,0,263.41,1
Samba Rice (1),Grocery/Staple,2025,11,263.67,1.42,0.83,35,0,265.7,1
Samba Rice (1),Grocery/Staple,2025,12,259.77,-0.68,-0.65,28,0,265.73,1
Samba Rice (1),Grocery/Staple,2025,13,263.79,0.28,0.77,21,1,265.03,1
Samba Rice (1),Grocery/Staple,2025,14,266.43,2.96,1.68,14,1,264.42,0
Samba Rice (1),Grocery/Staple,2025,15,272.83,3.48,3.73,7,1,261.46,0
Samba Rice (1),Grocery/Staple,2025,16,259.86,0.04,-1.15,0,1,261.98,1
Samba Rice (1),Grocery/Staple,2025,17,261.0,-1.06,-0.67,358,0,262.38,1
Samba Rice (1),Grocery/Staple,2025,18,264.0,-0.91,0.48,351,0,262.75,0
Samba Rice (1),Grocery/Staple,2025,19,260.99,-4.34,-0.67,344,0,262.91,1
Samba Rice (1),Grocery/Staple,2025,20,261.94,0.8,-0.36,337,0,263.35,1
Samba Rice (1),Grocery/Staple,2025,21,262.57,0.6,-0.15,330,0,263.23,1
Samba Rice (1),Grocery/Staple,2025,22,265.51,0.57,0.89,323,0,262.54,0
Samba Rice (1),Grocery/Staple,2025,23,261.63,0.24,-0.67,316,0,262.66,1
Samba Rice (1),Grocery/Staple,2025,24,263.69,0.67,0.12,309,0,261.78,0
Samba Rice (1),Grocery/Staple,2025,25,262.1,-0.18,-0.56,302,0,261.77,0
Samba Rice (1),Grocery/Staple,2025,26,262.76,-1.04,-0.28,295,0,262.57,0
Samba Rice (1),Grocery/Staple,2025,27,262.09,0.18,-0.4,288,0,262.28,1
Samba Rice (1),Grocery/Staple,2025,28,260.16,-1.34,-0.77,281,0,262.55,1
Samba Rice (1),Grocery/Staple,2025,29,262.08,-0.01,-0.1,274,0,262.17,1
Samba Rice (1),Grocery/Staple,2025,30,265.94,1.21,1.22,267,0,261.19,0
Samba Rice (1),Grocery/Staple,2025,31,260.94,-0.44,-0.59,260,0,261.04,1
Samba Rice (1),Grocery/Staple,2025,32,261.25,0.42,-0.48,253,0,260.99,0
Samba Rice (1),Grocery/Staple,2025,33,260.56,-0.58,-0.71,246,0,261.2,1
Samba Rice (1),Grocery/Staple,2025,34,262.01,-1.48,-0.14,239,0,262.07,1
Samba Rice (1),Grocery/Staple,2025,35,260.34,-0.23,-0.62,232,0,262.12,1
Samba Rice (1),Grocery/Staple,2025,36,261.06,-0.07,-0.33,225,0,262.26,1
Samba Rice (1),Grocery/Staple,2025,37,261.4,0.32,-0.13,218,0,262.91,1
Samba Rice (1),Grocery/Staple,2025,38,265.5,1.33,1.33,211,0,262.27,0
Samba Rice (1),Grocery/Staple,2025,39,260.53,0.07,-0.5,204,0,262.73,1
Samba Rice (1),Grocery/Staple,2025,40,261.6,0.21,-0.07,197,0,263.01,1
Samba Rice (1),Grocery/Staple,2025,41,264.02,1.0,0.73,190,0,263.76,0
Samba Rice (1),Grocery/Staple,2025,42,262.92,-0.97,0.29,183,0,263.59,1
Samba Rice (1),Grocery/Staple,2025,43,262.39,0.71,0.19,176,0,263.75,1
Samba Rice (1),Grocery/Staple,2025,44,262.7,0.42,0.26,169,0,264.07,1
Samba Rice (1),Grocery/Staple,2025,45,267.05,1.15,1.75,162,0,263.23,0
Samba Rice (1),Grocery/Staple,2025,46,262.24,-0.26,-0.13,155,0,263.6,1
Samba Rice (1),Grocery/Staple,2025,47,263.03,0.25,0.14,148,0,264.27,1
Samba Rice (1),Grocery/Staple,2025,48,263.97,0.49,0.39,141,0,264.12,1
Samba Rice (1),Grocery/Staple,2025,49,263.68,-1.26,0.2,134,0,264.27,1
Samba Rice (1),Grocery/Staple,2025,50,263.72,0.56,0.15,127,0,264.67,1
Samba Rice (1),Grocery/Staple,2025,51,265.7,1.01,0.89,120,0,263.91,0
Samba Rice (1),Grocery/Staple,2025,52,263.38,-0.22,-0.07,113,0,263.58,1
Samba Rice (1),Grocery/Staple,2026,1,264.29,0.23,0.19,106,0,263.73,0
Samba Rice (1),Grocery/Staple,2026,2,265.32,0.61,0.55,99,0,262.51,0
Samba Rice (1),Grocery/Staple,2026,3,262.66,-1.14,-0.45,92,0,263.38,1
Samba Rice (1),Grocery/Staple,2026,4,262.05,-0.51,-0.67,85,0,263.45,1
Samba Rice (1),Grocery/Staple,2026,5,264.89,0.23,0.34,78,0,263.37,0
Samba Rice (1),Grocery/Staple,2026,6,260.45,-1.84,-1.15,71,0,264.29,1
Samba Rice (1),Grocery/Staple,2026,7,266.16,1.33,0.9,64,0,263.34,0
Samba Rice (1),Grocery/Staple,2026,8,262.33,0.11,-0.53,57,0,263.81,1
Samba Rice (1),Grocery/Staple,2026,9,264.56,-0.12,0.29,50,0,264.05,0
Samba Rice (1),Grocery/Staple,2026,10,264.11,1.4,0.11,43,0,265.57,1
Samba Rice (1),Grocery/Staple,2026,11,262.38,-1.42,-0.5,36,0,269.03,1
Samba Rice (1),Grocery/Staple,2026,12,264.2,0.71,0.23,29,0,269.44,1
Samba Rice (1),Grocery/Staple,2026,13,265.51,0.36,0.66,22,0,268.68,1
Samba Rice (1),Grocery/Staple,2026,14,270.2,2.31,2.26,15,1,267.03,0
Samba Rice (1),Grocery/Staple,2026,15,276.22,5.27,4.21,8,1,263.6,0
Samba Rice (1),Grocery/Staple,2026,16,265.83,0.62,0.2,1,1,262.82,0
Samba Rice (1),Grocery/Staple,2026,17,262.46,-1.15,-1.08,359,0,263.32,1
Samba Rice (1),Grocery/Staple,2026,18,263.61,-2.44,-0.61,352,0,263.9,1
Samba Rice (1),Grocery/Staple,2026,19,262.49,-4.97,-1.09,345,0,263.14,1
Samba Rice (1),Grocery/Staple,2026,20,262.72,-1.17,-0.91,338,0,262.69,0
Keeri Samba Rice,Grocery/Staple,2022,24,205.33,0.0,0.0,305,0,220.24,1
Keeri Samba Rice,Grocery/Staple,2022,25,214.46,0.0,2.18,298,0,225.63,1
Keeri Samba Rice,Grocery/Staple,2022,26,217.66,0.0,2.44,291,0,231.06,1
Keeri Samba Rice,Grocery/Staple,2022,27,221.76,0.0,3.24,284,0,236.66,1
Keeri Samba Rice,Grocery/Staple,2022,28,227.07,10.59,4.52,277,0,242.23,1
Keeri Samba Rice,Grocery/Staple,2022,29,236.03,10.06,7.1,270,0,247.53,1
Keeri Samba Rice,Grocery/Staple,2022,30,239.37,9.97,7.29,263,0,252.54,1
Keeri Samba Rice,Grocery/Staple,2022,31,244.18,10.11,8.17,256,0,257.51,1
Keeri Samba Rice,Grocery/Staple,2022,32,249.34,9.81,9.19,249,0,262.94,1
Keeri Samba Rice,Grocery/Staple,2022,33,257.21,8.97,11.23,242,0,267.35,1
Keeri Samba Rice,Grocery/Staple,2022,34,259.43,8.38,10.96,235,0,272.62,1
Keeri Samba Rice,Grocery/Staple,2022,35,264.06,8.14,11.74,228,0,278.5,1
Keeri Samba Rice,Grocery/Staple,2022,36,271.06,8.71,13.41,221,0,283.55,1
Keeri Samba Rice,Grocery/Staple,2022,37,274.86,6.86,12.49,214,0,288.65,1
Keeri Samba Rice,Grocery/Staple,2022,38,280.52,8.13,12.46,207,0,292.42,1
Keeri Samba Rice,Grocery/Staple,2022,39,287.58,8.91,12.86,200,0,295.64,1
Keeri Samba Rice,Grocery/Staple,2022,40,291.26,7.45,11.96,193,0,299.81,1
Keeri Samba Rice,Grocery/Staple,2022,41,295.24,7.42,11.25,186,0,304.59,1
Keeri Samba Rice,Grocery/Staple,2022,42,295.61,5.38,9.49,179,0,310.29,1
Keeri Samba Rice,Grocery/Staple,2022,43,300.44,4.47,9.38,172,0,314.64,1
Keeri Samba Rice,Grocery/Staple,2022,44,307.95,5.73,10.15,165,0,319.71,1
Keeri Samba Rice,Grocery/Staple,2022,45,314.37,6.48,10.47,158,0,323.79,1
Keeri Samba Rice,Grocery/Staple,2022,46,318.4,7.71,10.06,151,0,328.99,1
Keeri Samba Rice,Grocery/Staple,2022,47,317.87,5.8,8.2,144,0,334.78,1
Keeri Samba Rice,Grocery/Staple,2022,48,328.23,6.59,9.88,137,0,339.2,1
Keeri Samba Rice,Grocery/Staple,2022,49,330.69,5.19,9.03,130,0,343.75,1
Keeri Samba Rice,Grocery/Staple,2022,50,339.17,6.53,10.03,123,0,348.02,1
Keeri Samba Rice,Grocery/Staple,2022,51,341.01,7.28,8.98,116,0,352.55,1
Keeri Samba Rice,Grocery/Staple,2022,52,345.92,5.39,8.99,109,0,356.89,1
Keeri Samba Rice,Grocery/Staple,2023,1,348.89,5.51,8.41,102,0,362.09,1
Keeri Samba Rice,Grocery/Staple,2023,2,356.26,5.04,9.11,95,0,365.39,1
Keeri Samba Rice,Grocery/Staple,2023,3,359.14,5.31,8.37,88,0,370.09,1
Keeri Samba Rice,Grocery/Staple,2023,4,363.27,5.02,8.04,81,0,372.91,1
Keeri Samba Rice,Grocery/Staple,2023,5,369.68,5.96,8.41,74,0,375.75,1
Keeri Samba Rice,Grocery/Staple,2023,6,369.48,3.71,7.02,67,0,378.74,1
Keeri Samba Rice,Grocery/Staple,2023,7,377.94,5.24,8.04,60,0,378.72,1
Keeri Samba Rice,Grocery/Staple,2023,8,374.53,3.1,5.75,53,0,379.25,1
Keeri Samba Rice,Grocery/Staple,2023,9,381.06,3.08,6.37,46,0,379.59,0
Keeri Samba Rice,Grocery/Staple,2023,10,381.43,3.23,5.33,39,0,382.19,1
Keeri Samba Rice,Grocery/Staple,2023,11,377.87,-0.02,3.49,32,0,385.03,1
Keeri Samba Rice,Grocery/Staple,2023,12,376.63,0.56,2.39,25,0,384.15,1
Keeri Samba Rice,Grocery/Staple,2023,13,382.44,0.36,3.18,18,1,381.95,0
Keeri Samba Rice,Grocery/Staple,2023,14,391.8,2.72,4.77,11,1,377.45,0
Keeri Samba Rice,Grocery/Staple,2023,15,389.26,3.01,3.39,4,1,373.01,0
Keeri Samba Rice,Grocery/Staple,2023,16,373.11,-0.94,-1.18,363,0,372.88,0
Keeri Samba Rice,Grocery/Staple,2023,17,373.64,-2.3,-1.25,356,0,372.15,0
Keeri Samba Rice,Grocery/Staple,2023,18,373.8,-4.59,-1.29,349,0,370.68,0
Keeri Samba Rice,Grocery/Staple,2023,19,371.5,-4.56,-1.94,342,0,368.91,0
Keeri Samba Rice,Grocery/Staple,2023,20,372.58,-0.14,-1.55,335,0,367.69,0
Keeri Samba Rice,Grocery/Staple,2023,21,370.72,-0.78,-1.96,328,0,367.3,0
Keeri Samba Rice,Grocery/Staple,2023,22,367.94,-1.57,-2.44,321,0,366.23,0
Keeri Samba Rice,Grocery/Staple,2023,23,364.39,-1.91,-3.04,314,0,365.72,1
Keeri Samba Rice,Grocery/Staple,2023,24,367.72,-1.3,-1.95,307,0,365.3,0
Keeri Samba Rice,Grocery/Staple,2023,25,369.15,-0.42,-1.42,300,0,363.67,0
Keeri Samba Rice,Grocery/Staple,2023,26,363.66,-1.16,-2.51,293,0,362.55,0
Keeri Samba Rice,Grocery/Staple,2023,27,362.34,-0.56,-2.27,286,0,362.6,1
Keeri Samba Rice,Grocery/Staple,2023,28,366.05,-0.46,-0.79,279,0,360.73,0
Keeri Samba Rice,Grocery/Staple,2023,29,362.63,-1.77,-1.5,272,0,359.96,0
Keeri Samba Rice,Grocery/Staple,2023,30,359.17,-1.23,-2.15,265,0,359.54,1
Keeri Samba Rice,Grocery/Staple,2023,31,362.53,0.05,-1.0,258,0,358.21,0
Keeri Samba Rice,Grocery/Staple,2023,32,358.58,-2.04,-1.81,251,0,357.1,0
Keeri Samba Rice,Grocery/Staple,2023,33,359.55,-0.85,-1.27,244,0,354.46,0
Keeri Samba Rice,Grocery/Staple,2023,34,357.48,-0.47,-1.57,237,0,353.27,0
Keeri Samba Rice,Grocery/Staple,2023,35,357.2,-1.47,-1.42,230,0,350.93,0
Keeri Samba Rice,Grocery/Staple,2023,36,354.15,-1.24,-2.05,223,0,350.93,0
Keeri Samba Rice,Grocery/Staple,2023,37,349.02,-2.93,-3.08,216,0,351.34,1
Keeri Samba Rice,Grocery/Staple,2023,38,352.71,-1.33,-1.71,209,0,349.49,0
Keeri Samba Rice,Grocery/Staple,2023,39,347.83,-2.62,-2.74,202,0,348.67,1
Keeri Samba Rice,Grocery/Staple,2023,40,354.13,-0.0,-0.8,195,0,345.19,0
Keeri Samba Rice,Grocery/Staple,2023,41,350.67,0.47,-1.45,188,0,343.61,0
Keeri Samba Rice,Grocery/Staple,2023,42,345.31,-2.1,-2.59,181,0,343.73,0
Keeri Samba Rice,Grocery/Staple,2023,43,344.56,-0.94,-2.49,174,0,342.59,0
Keeri Samba Rice,Grocery/Staple,2023,44,340.22,-3.93,-3.25,167,0,341.25,1
Keeri Samba Rice,Grocery/Staple,2023,45,344.35,-1.8,-1.77,160,0,340.14,0
Keeri Samba Rice,Grocery/Staple,2023,46,345.79,0.14,-1.06,153,0,338.88,0
Keeri Samba Rice,Grocery/Staple,2023,47,340.02,-1.32,-2.34,146,0,338.26,0
Keeri Samba Rice,Grocery/Staple,2023,48,334.86,-1.57,-3.34,139,0,337.36,1
Keeri Samba Rice,Grocery/Staple,2023,49,339.91,-1.29,-1.57,132,0,336.12,0
Keeri Samba Rice,Grocery/Staple,2023,50,340.74,-1.46,-1.15,125,0,334.77,0
Keeri Samba Rice,Grocery/Staple,2023,51,337.51,-0.74,-1.75,118,0,333.85,0
Keeri Samba Rice,Grocery/Staple,2023,52,331.27,-1.07,-3.21,111,0,333.98,1
Keeri Samba Rice,Grocery/Staple,2024,1,334.95,-1.46,-1.71,104,0,332.99,0
Keeri Samba Rice,Grocery/Staple,2024,2,335.34,-1.58,-1.25,97,0,332.52,0
Keeri Samba Rice,Grocery/Staple,2024,3,333.84,-1.09,-1.44,90,0,331.84,0
Keeri Samba Rice,Grocery/Staple,2024,4,331.81,0.16,-1.76,83,0,331.55,0
Keeri Samba Rice,Grocery/Staple,2024,5,330.96,-1.19,-1.8,76,0,331.74,1
Keeri Samba Rice,Grocery/Staple,2024,6,333.48,-0.56,-0.81,69,0,331.76,0
Keeri Samba Rice,Grocery/Staple,2024,7,331.12,-0.81,-1.18,62,0,331.34,1
Keeri Samba Rice,Grocery/Staple,2024,8,330.64,-0.35,-1.11,55,0,331.66,1
Keeri Samba Rice,Grocery/Staple,2024,9,331.7,0.22,-0.72,48,0,332.08,1
Keeri Samba Rice,Grocery/Staple,2024,10,333.59,0.03,-0.01,41,0,333.63,1
Keeri Samba Rice,Grocery/Staple,2024,11,329.43,-0.51,-0.99,34,0,339.9,1
Keeri Samba Rice,Grocery/Staple,2024,12,331.93,0.39,-0.11,27,0,339.28,1
Keeri Samba Rice,Grocery/Staple,2024,13,333.35,0.5,0.26,20,1,339.54,1
Keeri Samba Rice,Grocery/Staple,2024,14,339.8,1.86,2.09,13,1,337.08,0
Keeri Samba Rice,Grocery/Staple,2024,15,354.51,7.61,6.04,6,1,330.73,0
Keeri Samba Rice,Grocery/Staple,2024,16,329.45,-0.75,-1.36,364,0,330.68,1
Keeri Samba Rice,Grocery/Staple,2024,17,334.41,0.32,0.07,357,0,330.43,0
Keeri Samba Rice,Grocery/Staple,2024,18,329.94,-2.9,-1.25,350,0,330.72,1
Keeri Samba Rice,Grocery/Staple,2024,19,329.1,-7.17,-1.4,343,0,331.59,1
Keeri Samba Rice,Grocery/Staple,2024,20,329.28,-0.05,-1.3,336,0,332.41,1
Keeri Samba Rice,Grocery/Staple,2024,21,333.43,-0.3,-0.12,329,0,332.93,0
Keeri Samba Rice,Grocery/Staple,2024,22,331.09,0.35,-0.81,322,0,333.3,1
Keeri Samba Rice,Grocery/Staple,2024,23,332.55,1.05,-0.35,315,0,333.14,1
Keeri Samba Rice,Grocery/Staple,2024,24,332.58,1.0,-0.41,308,0,333.04,1
Keeri Samba Rice,Grocery/Staple,2024,25,335.48,0.62,0.37,301,0,332.15,0
Keeri Samba Rice,Grocery/Staple,2024,26,332.59,0.45,-0.47,294,0,332.01,0
Keeri Samba Rice,Grocery/Staple,2024,27,331.92,-0.19,-0.49,287,0,332.38,1
Keeri Samba Rice,Grocery/Staple,2024,28,332.19,-0.12,0.1,280,0,332.67,1
Keeri Samba Rice,Grocery/Staple,2024,29,331.92,-1.06,-0.04,273,0,334.05,1
Keeri Samba Rice,Grocery/Staple,2024,30,332.0,-0.18,0.04,266,0,333.83,1
Keeri Samba Rice,Grocery/Staple,2024,31,333.43,0.45,0.4,259,0,335.18,1
Keeri Samba Rice,Grocery/Staple,2024,32,333.32,0.34,0.26,252,0,335.16,1
Keeri Samba Rice,Grocery/Staple,2024,33,337.43,1.66,1.31,245,0,334.36,0
Keeri Samba Rice,Grocery/Staple,2024,34,331.14,-0.26,-0.53,238,0,336.23,1
Keeri Samba Rice,Grocery/Staple,2024,35,338.82,1.62,1.6,231,0,335.21,0
Keeri Samba Rice,Grocery/Staple,2024,36,333.22,-0.03,-0.1,224,0,335.23,1
Keeri Samba Rice,Grocery/Staple,2024,37,334.23,-0.95,0.17,217,0,334.91,1
Keeri Samba Rice,Grocery/Staple,2024,38,338.66,2.27,1.42,210,0,333.47,0
Keeri Samba Rice,Grocery/Staple,2024,39,334.71,-1.21,0.19,203,0,333.98,0
Keeri Samba Rice,Grocery/Staple,2024,40,333.31,0.03,-0.26,196,0,334.45,1
Keeri Samba Rice,Grocery/Staple,2024,41,332.96,-0.38,-0.38,189,0,336.31,1
Keeri Samba Rice,Grocery/Staple,2024,42,332.9,-1.7,-0.43,182,0,337.05,1
Keeri Samba Rice,Grocery/Staple,2024,43,336.74,0.61,0.61,175,0,337.09,1
Keeri Samba Rice,Grocery/Staple,2024,44,335.23,0.58,0.12,168,0,337.59,1
Keeri Samba Rice,Grocery/Staple,2024,45,340.38,2.23,1.49,161,0,336.13,0
Keeri Samba Rice,Grocery/Staple,2024,46,335.86,0.89,0.18,154,0,335.38,0
Keeri Samba Rice,Grocery/Staple,2024,47,336.9,0.05,0.36,147,0,335.46,0
Keeri Samba Rice,Grocery/Staple,2024,48,337.21,0.59,0.49,140,0,336.59,0
Keeri Samba Rice,Grocery/Staple,2024,49,334.54,-1.71,-0.33,133,0,338.7,1
Keeri Samba Rice,Grocery/Staple,2024,50,332.89,-0.89,-0.8,126,0,341.02,1
Keeri Samba Rice,Grocery/Staple,2024,51,337.2,0.09,0.52,119,0,341.28,1
Keeri Samba Rice,Grocery/Staple,2024,52,341.72,1.34,1.71,112,0,340.08,0
Keeri Samba Rice,Grocery/Staple,2025,1,342.98,2.52,1.86,105,0,338.98,0
Keeri Samba Rice,Grocery/Staple,2025,2,342.18,2.79,1.41,98,0,338.38,0
Keeri Samba Rice,Grocery/Staple,2025,3,338.21,0.3,0.11,91,0,338.08,0
Keeri Samba Rice,Grocery/Staple,2025,4,336.96,-1.39,-0.27,84,0,338.63,1
Keeri Samba Rice,Grocery/Staple,2025,5,338.56,-1.29,0.13,77,0,338.87,1
Keeri Samba Rice,Grocery/Staple,2025,6,339.79,-0.7,0.51,70,0,338.77,0
Keeri Samba Rice,Grocery/Staple,2025,7,337.02,-0.35,-0.34,63,0,339.44,1
Keeri Samba Rice,Grocery/Staple,2025,8,339.14,0.65,0.24,56,0,339.47,1
Keeri Samba Rice,Grocery/Staple,2025,9,339.54,0.29,0.3,49,0,338.33,0
Keeri Samba Rice,Grocery/Staple,2025,10,339.39,-0.12,0.15,42,0,339.21,0
Keeri Samba Rice,Grocery/Staple,2025,11,339.69,0.79,0.08,35,0,343.28,1
Keeri Samba Rice,Grocery/Staple,2025,12,339.24,0.03,-0.1,28,0,343.91,1
Keeri Samba Rice,Grocery/Staple,2025,13,334.99,-1.34,-1.2,21,1,344.1,1
Keeri Samba Rice,Grocery/Staple,2025,14,342.91,1.04,1.14,14,1,341.87,0
Keeri Samba Rice,Grocery/Staple,2025,15,355.99,4.8,4.67,7,1,337.09,0
Keeri Samba Rice,Grocery/Staple,2025,16,341.73,0.73,0.4,0,1,336.37,0
Keeri Samba Rice,Grocery/Staple,2025,17,335.75,0.23,-1.33,358,0,336.78,1
Keeri Samba Rice,Grocery/Staple,2025,18,334.01,-2.6,-1.74,351,0,338.17,1
Keeri Samba Rice,Grocery/Staple,2025,19,336.88,-5.37,-0.83,344,0,338.6,1
Keeri Samba Rice,Grocery/Staple,2025,20,338.84,-0.85,-0.3,337,0,339.78,1
Keeri Samba Rice,Grocery/Staple,2025,21,337.39,0.49,-0.68,330,0,341.26,1
Keeri Samba Rice,Grocery/Staple,2025,22,339.56,1.66,-0.05,323,0,340.19,1
Keeri Samba Rice,Grocery/Staple,2025,23,338.6,0.51,-0.31,316,0,340.85,1
Keeri Samba Rice,Grocery/Staple,2025,24,343.56,1.4,1.06,309,0,339.07,0
Keeri Samba Rice,Grocery/Staple,2025,25,343.33,1.76,0.9,302,0,338.43,0
Keeri Samba Rice,Grocery/Staple,2025,26,335.25,-1.27,-1.48,295,0,339.87,1
Keeri Samba Rice,Grocery/Staple,2025,27,341.24,0.78,0.32,288,0,339.31,0
Keeri Samba Rice,Grocery/Staple,2025,28,336.47,-2.06,-0.65,281,0,340.68,1
Keeri Samba Rice,Grocery/Staple,2025,29,340.77,-0.75,0.64,274,0,340.7,0
Keeri Samba Rice,Grocery/Staple,2025,30,341.0,1.71,0.59,267,0,341.16,1
Keeri Samba Rice,Grocery/Staple,2025,31,339.01,-0.65,-0.11,260,0,340.18,1
Keeri Samba Rice,Grocery/Staple,2025,32,341.93,1.62,0.64,253,0,340.52,0
Keeri Samba Rice,Grocery/Staple,2025,33,340.88,0.03,0.28,246,0,339.8,0
Keeri Samba Rice,Grocery/Staple,2025,34,342.84,0.54,0.73,239,0,338.73,0
Keeri Samba Rice,Grocery/Staple,2025,35,335.1,-1.16,-1.44,232,0,339.49,1
Keeri Samba Rice,Grocery/Staple,2025,36,343.29,0.4,0.86,225,0,338.42,0
Keeri Samba Rice,Grocery/Staple,2025,37,337.99,-0.85,-0.57,218,0,337.57,0
Keeri Samba Rice,Grocery/Staple,2025,38,338.55,-1.25,-0.3,211,0,337.47,0
Keeri Samba Rice,Grocery/Staple,2025,39,338.13,0.91,-0.49,204,0,337.55,0
Keeri Samba Rice,Grocery/Staple,2025,40,339.0,-1.25,-0.18,197,0,337.29,0
Keeri Samba Rice,Grocery/Staple,2025,41,334.59,-1.01,-1.44,190,0,338.29,1
Keeri Samba Rice,Grocery/Staple,2025,42,338.17,-0.11,-0.32,183,0,338.19,1
Keeri Samba Rice,Grocery/Staple,2025,43,338.43,0.09,-0.19,176,0,337.85,0
Keeri Samba Rice,Grocery/Staple,2025,44,337.98,-0.3,-0.3,169,0,337.67,0
Keeri Samba Rice,Grocery/Staple,2025,45,338.56,1.19,-0.05,162,0,337.82,0
Keeri Samba Rice,Grocery/Staple,2025,46,337.8,-0.11,-0.21,155,0,338.89,1
Keeri Samba Rice,Grocery/Staple,2025,47,337.04,-0.41,-0.3,148,0,340.3,1
Keeri Samba Rice,Grocery/Staple,2025,48,337.29,-0.2,-0.27,141,0,340.84,1
Keeri Samba Rice,Grocery/Staple,2025,49,339.14,0.17,0.37,134,0,341.17,1
Keeri Samba Rice,Grocery/Staple,2025,50,342.1,1.27,1.15,127,0,341.48,0
Keeri Samba Rice,Grocery/Staple,2025,51,342.69,1.67,1.23,120,0,341.33,0
Keeri Samba Rice,Grocery/Staple,2025,52,339.42,0.63,0.23,113,0,339.83,1
Keeri Samba Rice,Grocery/Staple,2026,1,340.47,0.39,0.51,106,0,341.32,1
Keeri Samba Rice,Grocery/Staple,2026,2,343.35,0.37,1.16,99,0,340.01,0
Keeri Samba Rice,Grocery/Staple,2026,3,342.07,-0.18,0.69,92,0,339.9,0
Keeri Samba Rice,Grocery/Staple,2026,4,333.41,-1.77,-1.74,85,0,342.58,1
Keeri Samba Rice,Grocery/Staple,2026,5,346.43,1.75,1.9,78,0,342.41,0
Keeri Samba Rice,Grocery/Staple,2026,6,338.11,-1.53,-0.54,71,0,342.84,1
Keeri Samba Rice,Grocery/Staple,2026,7,341.66,-0.12,0.42,64,0,342.2,1
Keeri Samba Rice,Grocery/Staple,2026,8,344.12,3.21,0.98,57,0,341.36,0
Keeri Samba Rice,Grocery/Staple,2026,9,345.74,-0.2,1.26,50,0,340.32,0
Keeri Samba Rice,Grocery/Staple,2026,10,339.83,0.51,-0.49,43,0,340.55,1
Keeri Samba Rice,Grocery/Staple,2026,11,339.09,-0.75,-0.64,36,0,344.9,1
Keeri Samba Rice,Grocery/Staple,2026,12,340.78,-0.97,-0.1,29,0,346.18,1
Keeri Samba Rice,Grocery/Staple,2026,13,341.57,-1.21,0.09,22,0,345.91,1
Keeri Samba Rice,Grocery/Staple,2026,14,340.76,0.27,-0.16,15,1,346.01,1
Keeri Samba Rice,Grocery/Staple,2026,15,356.48,5.13,4.14,8,1,342.2,0
Keeri Samba Rice,Grocery/Staple,2026,16,345.91,1.5,0.96,1,1,340.85,0
Keeri Samba Rice,Grocery/Staple,2026,17,340.49,-0.32,-0.78,359,0,340.98,1
Keeri Samba Rice,Grocery/Staple,2026,18,341.17,0.12,-0.46,352,0,341.18,1
Keeri Samba Rice,Grocery/Staple,2026,19,341.22,-4.28,-0.51,345,0,341.03,0
Keeri Samba Rice,Grocery/Staple,2026,20,340.52,-1.56,-0.69,338,0,341.56,1
Nadu Rice,Grocery/Staple,2022,24,137.53,0.0,0.0,305,0,146.74,1
Nadu Rice,Grocery/Staple,2022,25,141.0,0.0,1.25,298,0,150.52,1
Nadu Rice,Grocery/Staple,2022,26,145.2,0.0,2.8,291,0,153.6,1
Nadu Rice,Grocery/Staple,2022,27,149.23,0.0,4.18,284,0,157.0,1
Nadu Rice,Grocery/Staple,2022,28,151.5,10.16,4.56,277,0,161.37,1
Nadu Rice,Grocery/Staple,2022,29,156.13,10.73,6.38,270,0,164.36,1
Nadu Rice,Grocery/Staple,2022,30,157.55,8.5,6.23,263,0,168.69,1
Nadu Rice,Grocery/Staple,2022,31,162.83,9.11,8.47,256,0,172.55,1
Nadu Rice,Grocery/Staple,2022,32,168.97,11.53,11.01,249,0,175.19,1
Nadu Rice,Grocery/Staple,2022,33,168.07,7.65,9.28,242,0,179.14,1
Nadu Rice,Grocery/Staple,2022,34,174.88,11.0,12.31,235,0,181.84,1
Nadu Rice,Grocery/Staple,2022,35,178.29,9.49,13.13,228,0,184.83,1
Nadu Rice,Grocery/Staple,2022,36,179.51,6.24,12.7,221,0,187.84,1
Nadu Rice,Grocery/Staple,2022,37,183.87,9.4,12.91,214,0,190.58,1
Nadu Rice,Grocery/Staple,2022,38,185.7,6.19,11.67,207,0,193.45,1
Nadu Rice,Grocery/Staple,2022,39,190.21,6.69,12.05,200,0,196.46,1
Nadu Rice,Grocery/Staple,2022,40,191.58,6.72,10.73,193,0,199.91,1
Nadu Rice,Grocery/Staple,2022,41,194.82,5.95,10.48,186,0,203.05,1
Nadu Rice,Grocery/Staple,2022,42,197.18,6.18,9.85,179,0,206.13,1
Nadu Rice,Grocery/Staple,2022,43,202.27,6.34,10.57,172,0,208.93,1
Nadu Rice,Grocery/Staple,2022,44,205.37,7.2,10.29,165,0,212.48,1
Nadu Rice,Grocery/Staple,2022,45,207.37,6.44,9.63,158,0,214.99,1
Nadu Rice,Grocery/Staple,2022,46,209.52,6.26,8.93,151,0,218.87,1
Nadu Rice,Grocery/Staple,2022,47,213.45,5.53,9.28,144,0,222.82,1
Nadu Rice,Grocery/Staple,2022,48,219.59,6.92,10.62,137,0,225.81,1
Nadu Rice,Grocery/Staple,2022,49,217.39,4.83,7.93,130,0,229.12,1
Nadu Rice,Grocery/Staple,2022,50,225.05,7.41,10.01,123,0,232.0,1
Nadu Rice,Grocery/Staple,2022,51,229.24,7.4,10.25,116,0,234.64,1
Nadu Rice,Grocery/Staple,2022,52,231.58,5.46,9.7,109,0,237.04,1
Nadu Rice,Grocery/Staple,2023,1,230.61,6.08,7.71,102,0,240.07,1
Nadu Rice,Grocery/Staple,2023,2,236.56,5.11,8.85,95,0,242.59,1
Nadu Rice,Grocery/Staple,2023,3,239.81,4.61,8.71,88,0,244.9,1
Nadu Rice,Grocery/Staple,2023,4,241.2,4.15,7.87,81,0,247.51,1
Nadu Rice,Grocery/Staple,2023,5,242.73,5.25,7.18,74,0,250.45,1
Nadu Rice,Grocery/Staple,2023,6,246.64,4.26,7.47,67,0,252.11,1
Nadu Rice,Grocery/Staple,2023,7,249.03,3.85,7.1,60,0,253.69,1
Nadu Rice,Grocery/Staple,2023,8,251.66,4.34,6.88,53,0,253.46,1
Nadu Rice,Grocery/Staple,2023,9,254.46,4.83,6.85,46,0,252.77,0
Nadu Rice,Grocery/Staple,2023,10,253.28,2.69,5.13,39,0,253.27,0
Nadu Rice,Grocery/Staple,2023,11,255.35,2.54,4.98,32,0,254.08,0
Nadu Rice,Grocery/Staple,2023,12,250.77,-0.35,2.4,25,0,253.76,1
Nadu Rice,Grocery/Staple,2023,13,251.68,-1.09,2.12,18,1,253.11,1
Nadu Rice,Grocery/Staple,2023,14,255.28,0.79,2.8,11,1,251.41,0
Nadu Rice,Grocery/Staple,2023,15,258.61,1.28,3.43,4,1,248.74,0
Nadu Rice,Grocery/Staple,2023,16,249.48,-0.51,-0.52,363,0,247.6,0
Nadu Rice,Grocery/Staple,2023,17,249.07,-1.03,-0.92,356,0,246.32,0
Nadu Rice,Grocery/Staple,2023,18,248.49,-2.66,-1.33,349,0,245.93,0
Nadu Rice,Grocery/Staple,2023,19,247.9,-4.14,-1.6,342,0,246.0,0
Nadu Rice,Grocery/Staple,2023,20,244.94,-1.82,-2.65,335,0,245.63,1
Nadu Rice,Grocery/Staple,2023,21,243.93,-2.06,-2.82,328,0,246.03,1
Nadu Rice,Grocery/Staple,2023,22,246.95,-0.62,-1.39,321,0,244.75,0
Nadu Rice,Grocery/Staple,2023,23,248.16,0.1,-0.75,314,0,242.48,0
Nadu Rice,Grocery/Staple,2023,24,243.48,-0.6,-2.27,307,0,241.79,0
Nadu Rice,Grocery/Staple,2023,25,245.55,0.66,-1.28,300,0,240.67,0
Nadu Rice,Grocery/Staple,2023,26,241.83,-2.07,-2.48,293,0,240.41,0
Nadu Rice,Grocery/Staple,2023,27,239.08,-3.66,-3.1,286,0,240.73,1
Nadu Rice,Grocery/Staple,2023,28,240.72,-1.13,-1.89,279,0,239.55,0
Nadu Rice,Grocery/Staple,2023,29,241.05,-1.83,-1.49,272,0,238.59,0
Nadu Rice,Grocery/Staple,2023,30,240.8,-0.43,-1.34,265,0,237.7,0
Nadu Rice,Grocery/Staple,2023,31,240.35,0.53,-1.27,258,0,236.4,0
Nadu Rice,Grocery/Staple,2023,32,236.0,-1.96,-2.69,251,0,236.31,1
Nadu Rice,Grocery/Staple,2023,33,237.2,-1.6,-1.95,244,0,235.26,0
Nadu Rice,Grocery/Staple,2023,34,237.26,-1.47,-1.72,237,0,234.38,0
Nadu Rice,Grocery/Staple,2023,35,235.13,-2.17,-2.24,230,0,233.81,0
Nadu Rice,Grocery/Staple,2023,36,235.64,-0.15,-1.63,223,0,232.25,0
Nadu Rice,Grocery/Staple,2023,37,233.0,-1.77,-2.4,216,0,232.34,0
Nadu Rice,Grocery/Staple,2023,38,233.74,-1.48,-1.72,209,0,231.88,0
Nadu Rice,Grocery/Staple,2023,39,232.84,-0.97,-1.81,202,0,230.8,0
Nadu Rice,Grocery/Staple,2023,40,229.39,-2.65,-2.96,195,0,230.1,1
Nadu Rice,Grocery/Staple,2023,41,233.36,0.15,-1.05,188,0,228.45,0
Nadu Rice,Grocery/Staple,2023,42,231.94,-0.77,-1.36,181,0,226.64,0
Nadu Rice,Grocery/Staple,2023,43,228.51,-1.86,-2.42,174,0,226.81,0
Nadu Rice,Grocery/Staple,2023,44,226.59,-1.22,-2.8,167,0,226.36,0
Nadu Rice,Grocery/Staple,2023,45,226.76,-2.83,-2.43,160,0,226.5,0
Nadu Rice,Grocery/Staple,2023,46,224.69,-3.12,-2.92,153,0,226.25,1
Nadu Rice,Grocery/Staple,2023,47,229.19,0.3,-0.71,146,0,224.59,0
Nadu Rice,Grocery/Staple,2023,48,224.8,-0.79,-2.28,139,0,223.97,0
Nadu Rice,Grocery/Staple,2023,49,227.33,0.25,-0.9,132,0,222.75,0
Nadu Rice,Grocery/Staple,2023,50,223.69,-0.45,-2.18,125,0,222.02,0
Nadu Rice,Grocery/Staple,2023,51,222.56,-2.89,-2.31,118,0,221.96,0
Nadu Rice,Grocery/Staple,2023,52,222.31,-1.11,-2.07,111,0,221.65,0
Nadu Rice,Grocery/Staple,2024,1,222.43,-2.16,-1.79,104,0,221.76,0
Nadu Rice,Grocery/Staple,2024,2,220.77,-1.3,-2.1,97,0,222.43,1
Nadu Rice,Grocery/Staple,2024,3,222.35,-0.09,-1.08,90,0,222.36,1
Nadu Rice,Grocery/Staple,2024,4,221.06,-0.56,-1.4,83,0,222.5,1
Nadu Rice,Grocery/Staple,2024,5,222.85,0.19,-0.47,76,0,222.05,0
Nadu Rice,Grocery/Staple,2024,6,223.46,1.22,-0.09,69,0,221.35,0
Nadu Rice,Grocery/Staple,2024,7,222.06,-0.13,-0.62,62,0,220.73,0
Nadu Rice,Grocery/Staple,2024,8,221.62,0.25,-0.56,55,0,220.57,0
Nadu Rice,Grocery/Staple,2024,9,221.06,-0.8,-0.68,48,0,221.19,1
Nadu Rice,Grocery/Staple,2024,10,220.65,-1.25,-0.64,41,0,221.98,1
Nadu Rice,Grocery/Staple,2024,11,219.6,-1.11,-0.97,34,0,223.88,1
Nadu Rice,Grocery/Staple,2024,12,220.95,-0.3,-0.31,27,0,223.56,1
Nadu Rice,Grocery/Staple,2024,13,223.56,1.13,0.83,20,1,222.99,0
Nadu Rice,Grocery/Staple,2024,14,223.79,1.42,0.89,13,1,222.22,0
Nadu Rice,Grocery/Staple,2024,15,227.22,3.47,2.2,6,1,220.71,0
Nadu Rice,Grocery/Staple,2024,16,219.65,-0.59,-1.11,364,0,220.28,1
Nadu Rice,Grocery/Staple,2024,17,221.3,-1.01,-0.38,357,0,220.29,0
Nadu Rice,Grocery/Staple,2024,18,220.73,-1.37,-0.56,350,0,218.96,0
Nadu Rice,Grocery/Staple,2024,19,221.17,-2.67,-0.28,343,0,218.02,0
Nadu Rice,Grocery/Staple,2024,20,217.94,-0.78,-1.6,336,0,218.44,1
Nadu Rice,Grocery/Staple,2024,21,221.31,0.01,-0.07,329,0,218.39,0
Nadu Rice,Grocery/Staple,2024,22,215.43,-2.4,-2.53,322,0,219.72,1
Nadu Rice,Grocery/Staple,2024,23,217.38,-1.71,-1.53,315,0,220.84,1
Nadu Rice,Grocery/Staple,2024,24,219.62,0.77,-0.52,308,0,221.32,1
Nadu Rice,Grocery/Staple,2024,25,221.11,-0.09,0.14,301,0,221.12,1
Nadu Rice,Grocery/Staple,2024,26,220.78,2.48,0.1,294,0,221.49,1
Nadu Rice,Grocery/Staple,2024,27,221.85,2.05,0.65,287,0,221.32,0
Nadu Rice,Grocery/Staple,2024,28,221.53,0.87,0.7,280,0,221.47,0
Nadu Rice,Grocery/Staple,2024,29,220.34,-0.35,0.14,273,0,221.8,1
Nadu Rice,Grocery/Staple,2024,30,222.22,0.65,0.96,266,0,221.79,0
Nadu Rice,Grocery/Staple,2024,31,221.2,-0.3,0.48,259,0,221.92,1
Nadu Rice,Grocery/Staple,2024,32,222.11,0.26,0.86,252,0,222.0,0
Nadu Rice,Grocery/Staple,2024,33,221.67,0.6,0.53,245,0,222.49,1
Nadu Rice,Grocery/Staple,2024,34,222.21,-0.01,0.74,238,0,222.24,1
Nadu Rice,Grocery/Staple,2024,35,221.7,0.23,0.29,231,0,223.41,1
Nadu Rice,Grocery/Staple,2024,36,222.43,0.15,0.45,224,0,223.63,1
Nadu Rice,Grocery/Staple,2024,37,223.62,0.88,0.84,217,0,223.99,1
Nadu Rice,Grocery/Staple,2024,38,221.22,-0.44,-0.24,210,0,224.32,1
Nadu Rice,Grocery/Staple,2024,39,226.38,2.11,1.89,203,0,223.25,0
Nadu Rice,Grocery/Staple,2024,40,223.3,0.39,0.45,196,0,223.21,0
Nadu Rice,Grocery/Staple,2024,41,225.05,0.64,1.11,189,0,222.7,0
Nadu Rice,Grocery/Staple,2024,42,222.54,0.6,-0.09,182,0,223.61,1
Nadu Rice,Grocery/Staple,2024,43,222.11,-1.89,-0.28,175,0,224.04,1
Nadu Rice,Grocery/Staple,2024,44,223.14,-0.07,0.12,168,0,224.44,1
Nadu Rice,Grocery/Staple,2024,45,223.02,-0.9,0.03,161,0,224.18,1
Nadu Rice,Grocery/Staple,2024,46,226.16,1.63,1.28,154,0,223.7,0
Nadu Rice,Grocery/Staple,2024,47,223.82,0.77,0.18,147,0,224.45,1
Nadu Rice,Grocery/Staple,2024,48,224.77,0.73,0.5,140,0,223.62,0
Nadu Rice,Grocery/Staple,2024,49,221.97,-0.47,-0.74,133,0,224.92,1
Nadu Rice,Grocery/Staple,2024,50,224.23,-0.85,0.25,126,0,225.43,1
Nadu Rice,Grocery/Staple,2024,51,226.82,1.34,1.21,119,0,225.05,0
Nadu Rice,Grocery/Staple,2024,52,221.47,-1.47,-1.01,112,0,225.6,1
Nadu Rice,Grocery/Staple,2025,1,227.16,2.34,1.4,105,0,224.48,0
Nadu Rice,Grocery/Staple,2025,2,226.28,0.91,0.96,98,0,224.02,0
Nadu Rice,Grocery/Staple,2025,3,225.28,-0.68,0.43,91,0,224.1,0
Nadu Rice,Grocery/Staple,2025,4,223.69,1.0,-0.34,84,0,224.56,1
Nadu Rice,Grocery/Staple,2025,5,222.67,-1.98,-0.78,77,0,225.3,1
Nadu Rice,Grocery/Staple,2025,6,224.45,-0.81,-0.03,70,0,225.53,1
Nadu Rice,Grocery/Staple,2025,7,225.61,0.14,0.5,63,0,225.59,0
Nadu Rice,Grocery/Staple,2025,8,225.5,0.81,0.4,56,0,225.01,0
Nadu Rice,Grocery/Staple,2025,9,225.64,1.33,0.43,49,0,225.4,0
Nadu Rice,Grocery/Staple,2025,10,225.37,0.41,0.19,42,0,225.98,1
Nadu Rice,Grocery/Staple,2025,11,225.84,0.1,0.35,35,0,227.32,1
Nadu Rice,Grocery/Staple,2025,12,223.2,-1.02,-0.7,28,0,227.76,1
Nadu Rice,Grocery/Staple,2025,13,227.2,0.69,0.88,21,1,227.69,1
Nadu Rice,Grocery/Staple,2025,14,227.67,1.02,1.07,14,1,227.1,0
Nadu Rice,Grocery/Staple,2025,15,231.24,2.39,2.48,7,1,225.97,0
Nadu Rice,Grocery/Staple,2025,16,224.93,0.77,-0.3,0,1,225.37,1
Nadu Rice,Grocery/Staple,2025,17,226.92,-0.12,0.47,358,0,225.44,0
Nadu Rice,Grocery/Staple,2025,18,225.32,-1.03,-0.33,351,0,225.58,1
Nadu Rice,Grocery/Staple,2025,19,226.69,-1.97,0.2,344,0,225.39,0
Nadu Rice,Grocery/Staple,2025,20,222.54,-1.06,-1.53,337,0,226.37,1
Nadu Rice,Grocery/Staple,2025,21,227.2,0.12,0.47,330,0,225.98,0
Nadu Rice,Grocery/Staple,2025,22,225.9,0.25,-0.11,323,0,225.76,0
Nadu Rice,Grocery/Staple,2025,23,225.91,-0.34,-0.12,316,0,225.87,0
Nadu Rice,Grocery/Staple,2025,24,226.47,1.77,0.1,309,0,225.41,0
Nadu Rice,Grocery/Staple,2025,25,225.63,-0.69,-0.36,302,0,225.15,0
Nadu Rice,Grocery/Staple,2025,26,225.02,-0.39,-0.55,295,0,225.37,1
Nadu Rice,Grocery/Staple,2025,27,226.37,0.2,0.09,288,0,225.03,0
Nadu Rice,Grocery/Staple,2025,28,224.63,-0.82,-0.46,281,0,225.71,1
Nadu Rice,Grocery/Staple,2025,29,224.56,-0.47,-0.47,274,0,226.51,1
Nadu Rice,Grocery/Staple,2025,30,225.93,0.4,0.17,267,0,227.1,1
Nadu Rice,Grocery/Staple,2025,31,225.01,-0.6,-0.23,260,0,226.65,1
Nadu Rice,Grocery/Staple,2025,32,227.35,1.21,0.79,253,0,225.86,0
Nadu Rice,Grocery/Staple,2025,33,227.73,1.41,0.77,246,0,225.58,0
Nadu Rice,Grocery/Staple,2025,34,228.32,1.06,1.0,239,0,224.37,0
Nadu Rice,Grocery/Staple,2025,35,223.2,-0.81,-1.18,232,0,224.93,1
Nadu Rice,Grocery/Staple,2025,36,224.2,-1.39,-0.68,225,0,226.03,1
Nadu Rice,Grocery/Staple,2025,37,226.61,-0.49,0.39,218,0,225.81,0
Nadu Rice,Grocery/Staple,2025,38,223.47,-2.12,-0.93,211,0,226.5,1
Nadu Rice,Grocery/Staple,2025,39,225.44,1.01,-0.07,204,0,226.2,1
Nadu Rice,Grocery/Staple,2025,40,228.58,1.95,1.24,197,0,225.51,0
Nadu Rice,Grocery/Staple,2025,41,225.75,-0.38,-0.05,190,0,225.47,0
Nadu Rice,Grocery/Staple,2025,42,226.21,1.23,0.1,183,0,225.81,0
Nadu Rice,Grocery/Staple,2025,43,224.26,-0.52,-0.71,176,0,226.28,1
Nadu Rice,Grocery/Staple,2025,44,225.82,-1.21,-0.04,169,0,226.37,1
Nadu Rice,Grocery/Staple,2025,45,225.58,-0.07,-0.09,162,0,227.28,1
Nadu Rice,Grocery/Staple,2025,46,227.59,0.61,0.8,155,0,226.64,0
Nadu Rice,Grocery/Staple,2025,47,226.12,0.83,0.23,148,0,226.45,1
Nadu Rice,Grocery/Staple,2025,48,226.18,0.16,0.16,141,0,225.72,0
Nadu Rice,Grocery/Staple,2025,49,229.22,1.61,1.33,134,0,224.96,0
Nadu Rice,Grocery/Staple,2025,50,225.05,-1.12,-0.46,127,0,225.72,1
Nadu Rice,Grocery/Staple,2025,51,225.36,-0.34,-0.39,120,0,226.07,1
Nadu Rice,Grocery/Staple,2025,52,223.26,-1.29,-1.25,113,0,227.2,1
Nadu Rice,Grocery/Staple,2026,1,226.2,-1.32,0.14,106,0,227.15,1
Nadu Rice,Grocery/Staple,2026,2,228.06,1.34,0.88,99,0,226.95,0
Nadu Rice,Grocery/Staple,2026,3,226.78,0.63,0.29,92,0,227.26,1
Nadu Rice,Grocery/Staple,2026,4,227.74,2.01,0.6,85,0,226.87,0
Nadu Rice,Grocery/Staple,2026,5,226.0,-0.09,-0.18,78,0,226.59,1
Nadu Rice,Grocery/Staple,2026,6,227.28,-0.34,0.33,71,0,226.58,0
Nadu Rice,Grocery/Staple,2026,7,228.01,0.54,0.64,64,0,225.96,0
Nadu Rice,Grocery/Staple,2026,8,226.18,-0.69,-0.17,57,0,226.01,0
Nadu Rice,Grocery/Staple,2026,9,224.88,-0.49,-0.7,50,0,226.64,1
Nadu Rice,Grocery/Staple,2026,10,227.23,-0.02,0.41,43,0,226.51,0
Nadu Rice,Grocery/Staple,2026,11,225.53,-1.09,-0.36,36,0,229.13,1
Nadu Rice,Grocery/Staple,2026,12,226.38,0.09,-0.02,29,0,229.6,1
Nadu Rice,Grocery/Staple,2026,13,227.41,1.12,0.29,22,0,229.17,1
Nadu Rice,Grocery/Staple,2026,14,226.72,-0.23,-0.03,15,1,229.66,1
Nadu Rice,Grocery/Staple,2026,15,236.01,4.65,3.79,8,1,226.76,0
Nadu Rice,Grocery/Staple,2026,16,228.26,0.83,0.33,1,1,226.63,0
Nadu Rice,Grocery/Staple,2026,17,225.71,-0.75,-0.72,359,0,226.62,1
Nadu Rice,Grocery/Staple,2026,18,228.68,0.86,0.49,352,0,225.9,0
Nadu Rice,Grocery/Staple,2026,19,224.38,-4.93,-1.3,345,0,226.84,1
Nadu Rice,Grocery/Staple,2026,20,227.75,-0.22,0.19,338,0,225.81,0
Raw White Rice,Grocery/Staple,2022,24,119.64,0.0,0.0,305,0,126.33,1
Raw White Rice,Grocery/Staple,2022,25,122.18,0.0,1.05,298,0,129.14,1
Raw White Rice,Grocery/Staple,2022,26,123.5,0.0,1.42,291,0,132.31,1
Raw White Rice,Grocery/Staple,2022,27,128.75,0.0,4.24,284,0,135.37,1
Raw White Rice,Grocery/Staple,2022,28,130.88,9.4,4.71,277,0,138.76,1
Raw White Rice,Grocery/Staple,2022,29,133.43,9.21,5.56,270,0,142.09,1
Raw White Rice,Grocery/Staple,2022,30,136.2,10.28,6.57,263,0,145.15,1
Raw White Rice,Grocery/Staple,2022,31,140.97,9.49,8.9,256,0,147.83,1
Raw White Rice,Grocery/Staple,2022,32,144.43,10.36,10.16,249,0,150.48,1
Raw White Rice,Grocery/Staple,2022,33,146.78,10.01,10.63,242,0,153.25,1
Raw White Rice,Grocery/Staple,2022,34,148.43,8.98,10.68,235,0,156.38,1
Raw White Rice,Grocery/Staple,2022,35,151.69,7.61,11.89,228,0,158.94,1
Raw White Rice,Grocery/Staple,2022,36,155.04,7.34,13.11,221,0,162.27,1
Raw White Rice,Grocery/Staple,2022,37,157.86,7.55,12.75,214,0,165.29,1
Raw White Rice,Grocery/Staple,2022,38,160.91,8.41,12.53,207,0,168.07,1
Raw White Rice,Grocery/Staple,2022,39,161.96,6.77,10.97,200,0,171.33,1
Raw White Rice,Grocery/Staple,2022,40,168.34,8.57,12.98,193,0,173.35,1
Raw White Rice,Grocery/Staple,2022,41,169.96,7.66,11.81,186,0,175.37,1
Raw White Rice,Grocery/Staple,2022,42,172.01,6.9,11.0,179,0,177.36,1
Raw White Rice,Grocery/Staple,2022,43,175.03,8.07,10.81,172,0,180.34,1
Raw White Rice,Grocery/Staple,2022,44,176.39,4.78,9.78,165,0,183.64,1
Raw White Rice,Grocery/Staple,2022,45,178.05,4.76,9.06,158,0,186.31,1
Raw White Rice,Grocery/Staple,2022,46,179.99,4.64,8.54,151,0,189.68,1
Raw White Rice,Grocery/Staple,2022,47,186.93,6.8,10.75,144,0,191.22,1
Raw White Rice,Grocery/Staple,2022,48,189.58,7.48,10.42,137,0,193.5,1
Raw White Rice,Grocery/Staple,2022,49,188.76,6.02,8.3,130,0,196.74,1
Raw White Rice,Grocery/Staple,2022,50,193.43,7.47,9.26,123,0,198.86,1
Raw White Rice,Grocery/Staple,2022,51,193.09,3.3,7.57,116,0,201.51,1
Raw White Rice,Grocery/Staple,2022,52,198.71,4.82,8.99,109,0,204.09,1
Raw White Rice,Grocery/Staple,2023,1,201.72,6.86,9.1,102,0,205.73,1
Raw White Rice,Grocery/Staple,2023,2,201.91,4.39,7.77,95,0,208.59,1
Raw White Rice,Grocery/Staple,2023,3,203.7,5.5,7.33,88,0,212.02,1
Raw White Rice,Grocery/Staple,2023,4,209.01,5.18,8.63,81,0,213.75,1
Raw White Rice,Grocery/Staple,2023,5,208.28,3.25,6.89,74,0,216.84,1
Raw White Rice,Grocery/Staple,2023,6,213.36,5.67,7.99,67,0,217.98,1
Raw White Rice,Grocery/Staple,2023,7,217.42,6.74,8.47,60,0,218.68,1
Raw White Rice,Grocery/Staple,2023,8,215.95,3.32,6.54,53,0,218.33,1
Raw White Rice,Grocery/Staple,2023,9,220.63,5.93,7.59,46,0,217.63,0
Raw White Rice,Grocery/Staple,2023,10,217.91,2.13,5.11,39,0,218.02,1
Raw White Rice,Grocery/Staple,2023,11,220.21,1.28,5.17,32,0,217.81,0
Raw White Rice,Grocery/Staple,2023,12,214.57,-0.64,1.68,25,0,217.74,1
Raw White Rice,Grocery/Staple,2023,13,217.82,-1.28,2.5,18,1,217.14,0
Raw White Rice,Grocery/Staple,2023,14,219.49,0.72,2.63,11,1,215.84,0
Raw White Rice,Grocery/Staple,2023,15,219.38,-0.37,1.94,4,1,213.99,0
Raw White Rice,Grocery/Staple,2023,16,214.26,-0.14,-0.81,363,0,213.58,0
Raw White Rice,Grocery/Staple,2023,17,215.4,-1.11,-0.51,356,0,212.67,0
Raw White Rice,Grocery/Staple,2023,18,214.31,-2.36,-1.23,349,0,211.99,0
Raw White Rice,Grocery/Staple,2023,19,211.98,-3.38,-2.26,342,0,211.72,0
Raw White Rice,Grocery/Staple,2023,20,212.64,-0.76,-1.79,335,0,210.91,0
Raw White Rice,Grocery/Staple,2023,21,211.76,-1.69,-2.05,328,0,210.42,0
Raw White Rice,Grocery/Staple,2023,22,211.58,-1.28,-1.81,321,0,209.93,0
Raw White Rice,Grocery/Staple,2023,23,210.9,-0.51,-1.88,314,0,209.48,0
Raw White Rice,Grocery/Staple,2023,24,209.41,-1.52,-2.2,307,0,209.04,0
Raw White Rice,Grocery/Staple,2023,25,209.77,-0.94,-1.86,300,0,208.6,0
Raw White Rice,Grocery/Staple,2023,26,209.62,-0.93,-1.64,293,0,208.3,0
Raw White Rice,Grocery/Staple,2023,27,209.11,-0.85,-1.51,286,0,208.08,0
Raw White Rice,Grocery/Staple,2023,28,207.65,-0.84,-1.78,279,0,207.58,0
Raw White Rice,Grocery/Staple,2023,29,208.01,-0.84,-1.39,272,0,206.51,0
Raw White Rice,Grocery/Staple,2023,30,208.41,-0.57,-0.94,265,0,205.18,0
Raw White Rice,Grocery/Staple,2023,31,208.23,-0.42,-0.81,258,0,203.63,0
Raw White Rice,Grocery/Staple,2023,32,205.65,-0.96,-1.81,251,0,203.12,0
Raw White Rice,Grocery/Staple,2023,33,203.74,-2.05,-2.4,244,0,202.26,0
Raw White Rice,Grocery/Staple,2023,34,203.1,-2.55,-2.4,237,0,201.55,0
Raw White Rice,Grocery/Staple,2023,35,202.04,-2.98,-2.57,230,0,201.34,0
Raw White Rice,Grocery/Staple,2023,36,203.6,-1.0,-1.55,223,0,199.99,0
Raw White Rice,Grocery/Staple,2023,37,200.31,-1.69,-2.81,216,0,199.82,0
Raw White Rice,Grocery/Staple,2023,38,200.27,-1.4,-2.48,209,0,199.72,0
Raw White Rice,Grocery/Staple,2023,39,201.19,-0.42,-1.72,202,0,199.07,0
Raw White Rice,Grocery/Staple,2023,40,198.18,-2.66,-2.79,195,0,199.38,1
Raw White Rice,Grocery/Staple,2023,41,199.62,-0.34,-1.79,188,0,199.25,0
Raw White Rice,Grocery/Staple,2023,42,199.87,-0.2,-1.37,181,0,198.3,0
Raw White Rice,Grocery/Staple,2023,43,198.63,-1.27,-1.61,174,0,197.59,0
Raw White Rice,Grocery/Staple,2023,44,199.39,0.61,-0.9,167,0,196.27,0
Raw White Rice,Grocery/Staple,2023,45,199.11,-0.26,-0.79,160,0,194.81,0
Raw White Rice,Grocery/Staple,2023,46,196.08,-1.9,-2.01,153,0,194.33,0
Raw White Rice,Grocery/Staple,2023,47,195.8,-1.42,-1.88,146,0,193.45,0
Raw White Rice,Grocery/Staple,2023,48,194.08,-2.66,-2.44,139,0,193.28,0
Raw White Rice,Grocery/Staple,2023,49,193.26,-2.94,-2.46,132,0,193.01,0
Raw White Rice,Grocery/Staple,2023,50,194.18,-0.97,-1.76,125,0,192.37,0
Raw White Rice,Grocery/Staple,2023,51,192.29,-1.79,-2.42,118,0,192.18,0
Raw White Rice,Grocery/Staple,2023,52,193.37,-0.37,-1.57,111,0,191.8,0
Raw White Rice,Grocery/Staple,2024,1,192.19,-0.56,-1.94,104,0,191.62,0
Raw White Rice,Grocery/Staple,2024,2,191.61,-1.32,-1.92,97,0,191.24,0
Raw White Rice,Grocery/Staple,2024,3,191.54,-0.39,-1.64,90,0,191.04,0
Raw White Rice,Grocery/Staple,2024,4,191.88,-0.77,-1.2,83,0,190.76,0
Raw White Rice,Grocery/Staple,2024,5,191.45,-0.38,-1.11,76,0,190.35,0
Raw White Rice,Grocery/Staple,2024,6,190.09,-0.8,-1.46,69,0,190.64,1
Raw White Rice,Grocery/Staple,2024,7,190.76,-0.41,-0.91,62,0,190.13,0
Raw White Rice,Grocery/Staple,2024,8,190.74,-0.6,-0.72,55,0,190.49,0
Raw White Rice,Grocery/Staple,2024,9,189.81,-0.86,-1.03,48,0,190.39,1
Raw White Rice,Grocery/Staple,2024,10,191.26,0.62,-0.19,41,0,190.54,0
Raw White Rice,Grocery/Staple,2024,11,188.73,-1.06,-1.3,34,0,192.62,1
Raw White Rice,Grocery/Staple,2024,12,192.14,0.74,0.49,27,0,191.76,0
Raw White Rice,Grocery/Staple,2024,13,189.44,-0.19,-0.76,20,1,192.07,1
Raw White Rice,Grocery/Staple,2024,14,191.84,0.3,0.51,13,1,191.59,0
Raw White Rice,Grocery/Staple,2024,15,197.06,4.42,3.02,6,1,189.77,0
Raw White Rice,Grocery/Staple,2024,16,188.67,-1.8,-1.25,364,0,190.38,1
Raw White Rice,Grocery/Staple,2024,17,190.71,0.67,-0.14,357,0,190.01,0
Raw White Rice,Grocery/Staple,2024,18,189.91,-1.01,-0.5,350,0,190.12,1
Raw White Rice,Grocery/Staple,2024,19,189.79,-3.69,-0.55,343,0,190.32,1
Raw White Rice,Grocery/Staple,2024,20,191.1,1.29,0.13,336,0,190.58,0
Raw White Rice,Grocery/Staple,2024,21,189.26,-0.76,-0.78,329,0,190.31,1
Raw White Rice,Grocery/Staple,2024,22,190.32,0.21,-0.25,322,0,189.92,0
Raw White Rice,Grocery/Staple,2024,23,190.62,0.44,-0.06,315,0,189.89,0
Raw White Rice,Grocery/Staple,2024,24,192.11,0.53,0.58,308,0,189.53,0
Raw White Rice,Grocery/Staple,2024,25,188.21,-0.55,-1.3,301,0,190.47,1
Raw White Rice,Grocery/Staple,2024,26,188.72,-0.84,-1.01,294,0,190.29,1
Raw White Rice,Grocery/Staple,2024,27,190.53,-0.04,-0.0,287,0,190.25,0
Raw White Rice,Grocery/Staple,2024,28,190.63,-0.77,0.31,280,0,190.79,1
Raw White Rice,Grocery/Staple,2024,29,192.01,2.02,0.9,273,0,190.31,0
Raw White Rice,Grocery/Staple,2024,30,187.99,-0.39,-1.1,266,0,191.29,1
Raw White Rice,Grocery/Staple,2024,31,190.38,-0.08,0.13,259,0,191.64,1
Raw White Rice,Grocery/Staple,2024,32,192.77,1.12,1.27,252,0,191.37,0
Raw White Rice,Grocery/Staple,2024,33,190.09,-1.0,-0.1,245,0,191.6,1
Raw White Rice,Grocery/Staple,2024,34,191.93,2.09,0.76,238,0,191.67,0
Raw White Rice,Grocery/Staple,2024,35,191.75,0.72,0.61,231,0,192.16,1
Raw White Rice,Grocery/Staple,2024,36,191.71,-0.55,0.54,224,0,192.58,1
Raw White Rice,Grocery/Staple,2024,37,191.02,0.49,0.22,217,0,192.83,1
Raw White Rice,Grocery/Staple,2024,38,192.2,0.14,0.68,210,0,192.7,1
Raw White Rice,Grocery/Staple,2024,39,193.71,1.02,1.27,203,0,192.74,0
Raw White Rice,Grocery/Staple,2024,40,193.39,0.88,0.98,196,0,192.83,0
Raw White Rice,Grocery/Staple,2024,41,192.0,0.51,0.2,189,0,192.5,1
Raw White Rice,Grocery/Staple,2024,42,191.71,-0.26,0.06,182,0,192.58,1
Raw White Rice,Grocery/Staple,2024,43,193.85,0.07,0.94,175,0,191.89,0
Raw White Rice,Grocery/Staple,2024,44,193.78,0.2,0.77,168,0,191.56,0
Raw White Rice,Grocery/Staple,2024,45,190.69,-0.69,-0.76,161,0,192.12,1
Raw White Rice,Grocery/Staple,2024,46,192.0,0.16,-0.15,154,0,192.67,1
Raw White Rice,Grocery/Staple,2024,47,191.09,-1.42,-0.59,147,0,193.24,1
Raw White Rice,Grocery/Staple,2024,48,192.46,-0.68,0.09,140,0,193.64,1
Raw White Rice,Grocery/Staple,2024,49,192.91,1.17,0.28,133,0,194.11,1
Raw White Rice,Grocery/Staple,2024,50,194.23,1.16,0.84,126,0,194.03,0
Raw White Rice,Grocery/Staple,2024,51,193.36,1.19,0.34,119,0,195.02,1
Raw White Rice,Grocery/Staple,2024,52,194.06,0.83,0.69,112,0,195.51,1
Raw White Rice,Grocery/Staple,2025,1,194.79,0.97,1.01,105,0,194.87,1
Raw White Rice,Grocery/Staple,2025,2,193.89,-0.18,0.47,98,0,194.89,1
Raw White Rice,Grocery/Staple,2025,3,197.32,2.05,2.02,91,0,194.03,0
Raw White Rice,Grocery/Staple,2025,4,196.03,1.01,1.26,84,0,193.36,0
Raw White Rice,Grocery/Staple,2025,5,192.25,-1.3,-0.63,77,0,193.68,1
Raw White Rice,Grocery/Staple,2025,6,193.97,0.04,0.13,70,0,193.51,0
Raw White Rice,Grocery/Staple,2025,7,193.86,-1.75,-0.0,63,0,193.5,0
Raw White Rice,Grocery/Staple,2025,8,193.35,-1.36,-0.35,56,0,193.9,1
Raw White Rice,Grocery/Staple,2025,9,193.54,0.67,-0.3,49,0,193.6,1
Raw White Rice,Grocery/Staple,2025,10,193.29,-0.35,-0.44,42,0,193.67,1
Raw White Rice,Grocery/Staple,2025,11,193.81,-0.03,-0.16,35,0,195.29,1
Raw White Rice,Grocery/Staple,2025,12,194.96,0.83,0.37,28,0,195.85,1
Raw White Rice,Grocery/Staple,2025,13,192.32,-0.63,-0.92,21,1,197.04,1
Raw White Rice,Grocery/Staple,2025,14,193.59,0.16,-0.22,14,1,197.0,1
Raw White Rice,Grocery/Staple,2025,15,200.3,3.35,2.98,7,1,195.37,0
Raw White Rice,Grocery/Staple,2025,16,197.19,1.14,1.39,0,1,194.27,0
Raw White Rice,Grocery/Staple,2025,17,197.06,2.47,1.28,358,0,194.06,0
Raw White Rice,Grocery/Staple,2025,18,193.44,-0.08,-0.63,351,0,194.24,1
Raw White Rice,Grocery/Staple,2025,19,193.79,-3.25,-0.44,344,0,194.45,1
Raw White Rice,Grocery/Staple,2025,20,192.79,-2.23,-0.91,337,0,195.1,1
Raw White Rice,Grocery/Staple,2025,21,196.19,-0.44,0.72,330,0,194.45,0
Raw White Rice,Grocery/Staple,2025,22,194.19,0.39,-0.33,323,0,194.52,1
Raw White Rice,Grocery/Staple,2025,23,194.63,0.43,-0.16,316,0,194.43,0
Raw White Rice,Grocery/Staple,2025,24,195.38,1.34,0.16,309,0,194.42,0
Raw White Rice,Grocery/Staple,2025,25,193.61,-1.32,-0.69,302,0,194.14,1
Raw White Rice,Grocery/Staple,2025,26,194.48,0.15,-0.33,295,0,194.49,1
Raw White Rice,Grocery/Staple,2025,27,194.26,-0.19,-0.47,288,0,194.82,1
Raw White Rice,Grocery/Staple,2025,28,195.32,-0.03,0.27,281,0,194.3,0
Raw White Rice,Grocery/Staple,2025,29,192.5,-0.57,-1.0,274,0,195.12,1
Raw White Rice,Grocery/Staple,2025,30,195.88,0.72,0.79,267,0,194.64,0
Raw White Rice,Grocery/Staple,2025,31,195.6,0.69,0.56,260,0,194.73,0
Raw White Rice,Grocery/Staple,2025,32,193.21,-1.08,-0.65,253,0,194.97,1
Raw White Rice,Grocery/Staple,2025,33,195.79,1.71,0.56,246,0,194.71,0
Raw White Rice,Grocery/Staple,2025,34,193.98,-0.97,-0.28,239,0,195.34,1
Raw White Rice,Grocery/Staple,2025,35,195.96,0.19,0.67,232,0,195.25,0
Raw White Rice,Grocery/Staple,2025,36,194.15,0.49,-0.24,225,0,195.29,1
Raw White Rice,Grocery/Staple,2025,37,194.76,-0.53,0.09,218,0,195.04,1
Raw White Rice,Grocery/Staple,2025,38,196.51,1.3,0.88,211,0,194.94,0
Raw White Rice,Grocery/Staple,2025,39,195.6,-0.18,0.37,204,0,194.96,0
Raw White Rice,Grocery/Staple,2025,40,194.31,0.08,-0.3,197,0,195.14,1
Raw White Rice,Grocery/Staple,2025,41,193.76,-0.51,-0.52,190,0,194.96,1
Raw White Rice,Grocery/Staple,2025,42,196.09,-0.21,0.54,183,0,194.64,0
Raw White Rice,Grocery/Staple,2025,43,195.67,0.04,0.33,176,0,195.15,0
Raw White Rice,Grocery/Staple,2025,44,195.05,0.38,0.03,169,0,194.86,0
Raw White Rice,Grocery/Staple,2025,45,193.04,-0.37,-0.99,162,0,195.18,1
Raw White Rice,Grocery/Staple,2025,46,194.79,-0.66,-0.05,155,0,195.47,1
Raw White Rice,Grocery/Staple,2025,47,197.72,1.04,1.3,148,0,194.41,0
Raw White Rice,Grocery/Staple,2025,48,193.9,-0.59,-0.58,141,0,194.63,1
Raw White Rice,Grocery/Staple,2025,49,194.31,0.66,-0.37,134,0,194.65,1
Raw White Rice,Grocery/Staple,2025,50,195.94,0.59,0.42,127,0,194.24,0
Raw White Rice,Grocery/Staple,2025,51,193.5,-2.13,-0.72,120,0,194.53,1
Raw White Rice,Grocery/Staple,2025,52,194.78,0.45,-0.03,113,0,194.91,1
Raw White Rice,Grocery/Staple,2026,1,194.37,0.03,-0.24,106,0,195.05,1
Raw White Rice,Grocery/Staple,2026,2,194.33,-0.82,-0.29,99,0,195.6,1
Raw White Rice,Grocery/Staple,2026,3,194.66,0.6,-0.06,92,0,195.37,1
Raw White Rice,Grocery/Staple,2026,4,196.29,0.78,0.75,85,0,194.56,0
Raw White Rice,Grocery/Staple,2026,5,194.92,0.28,0.05,78,0,194.97,1
Raw White Rice,Grocery/Staple,2026,6,196.55,1.14,0.75,71,0,194.13,0
Raw White Rice,Grocery/Staple,2026,7,193.74,-0.47,-0.65,64,0,194.85,1
Raw White Rice,Grocery/Staple,2026,8,193.05,-1.65,-0.82,57,0,195.8,1
Raw White Rice,Grocery/Staple,2026,9,196.55,0.84,0.88,50,0,194.83,0
Raw White Rice,Grocery/Staple,2026,10,193.2,-1.71,-0.8,43,0,195.74,1
Raw White Rice,Grocery/Staple,2026,11,196.62,1.49,0.93,36,0,197.35,1
Raw White Rice,Grocery/Staple,2026,12,196.83,1.96,0.9,29,0,197.16,1
Raw White Rice,Grocery/Staple,2026,13,192.68,-1.97,-1.14,22,0,197.49,1
Raw White Rice,Grocery/Staple,2026,14,196.85,1.89,0.9,15,1,198.02,1
Raw White Rice,Grocery/Staple,2026,15,203.05,3.27,3.72,8,1,195.84,0
Raw White Rice,Grocery/Staple,2026,16,196.07,-0.38,0.1,1,1,195.89,0
Raw White Rice,Grocery/Staple,2026,17,193.99,0.68,-0.87,359,0,196.58,1
Raw White Rice,Grocery/Staple,2026,18,198.97,1.08,1.51,352,0,195.62,0
Raw White Rice,Grocery/Staple,2026,19,194.32,-4.3,-0.77,345,0,195.87,1
Raw White Rice,Grocery/Staple,2026,20,196.3,0.12,0.13,338,0,196.76,1
Red Dhal,Grocery/Staple,2022,24,150.21,0.0,0.0,305,0,160.54,1
Red Dhal,Grocery/Staple,2022,25,151.93,0.0,0.57,298,0,165.06,1
Red Dhal,Grocery/Staple,2022,26,160.39,0.0,4.03,291,0,168.39,1
Red Dhal,Grocery/Staple,2022,27,162.91,0.0,4.19,284,0,171.81,1
Red Dhal,Grocery/Staple,2022,28,166.92,11.13,5.33,277,0,175.16,1
Red Dhal,Grocery/Staple,2022,29,170.03,11.91,6.0,270,0,179.1,1
Red Dhal,Grocery/Staple,2022,30,173.7,8.3,7.03,263,0,182.41,1
Red Dhal,Grocery/Staple,2022,31,176.6,8.4,7.62,256,0,186.25,1
Red Dhal,Grocery/Staple,2022,32,180.3,8.01,8.69,249,0,190.54,1
Red Dhal,Grocery/Staple,2022,33,185.78,9.26,10.66,242,0,193.9,1
Red Dhal,Grocery/Staple,2022,34,186.96,7.63,10.23,235,0,198.0,1
Red Dhal,Grocery/Staple,2022,35,191.97,8.71,11.95,228,0,201.6,1
Red Dhal,Grocery/Staple,2022,36,197.44,9.51,13.82,221,0,204.83,1
Red Dhal,Grocery/Staple,2022,37,199.21,7.23,12.39,214,0,208.36,1
Red Dhal,Grocery/Staple,2022,38,203.37,8.78,12.24,207,0,211.75,1
Red Dhal,Grocery/Staple,2022,39,206.39,7.51,11.72,200,0,215.48,1
Red Dhal,Grocery/Staple,2022,40,210.36,6.54,11.66,193,0,218.27,1
Red Dhal,Grocery/Staple,2022,41,213.32,7.09,11.13,186,0,221.91,1
Red Dhal,Grocery/Staple,2022,42,216.92,6.66,10.92,179,0,225.07,1
Red Dhal,Grocery/Staple,2022,43,221.31,7.23,11.08,172,0,227.83,1
Red Dhal,Grocery/Staple,2022,44,221.52,5.3,9.29,165,0,231.5,1
Red Dhal,Grocery/Staple,2022,45,227.9,6.83,10.45,158,0,235.12,1
Red Dhal,Grocery/Staple,2022,46,229.55,5.82,9.46,151,0,239.52,1
Red Dhal,Grocery/Staple,2022,47,232.35,4.99,8.98,144,0,244.15,1
Red Dhal,Grocery/Staple,2022,48,236.19,6.62,9.04,137,0,248.17,1
Red Dhal,Grocery/Staple,2022,49,242.39,6.36,10.15,130,0,251.61,1
Red Dhal,Grocery/Staple,2022,50,247.16,7.67,10.46,123,0,254.81,1
Red Dhal,Grocery/Staple,2022,51,250.86,7.96,10.31,116,0,256.59,1
Red Dhal,Grocery/Staple,2022,52,252.26,6.81,9.24,109,0,260.01,1
Red Dhal,Grocery/Staple,2023,1,256.15,5.68,9.26,102,0,263.11,1
Red Dhal,Grocery/Staple,2023,2,259.95,5.18,9.2,95,0,265.74,1
Red Dhal,Grocery/Staple,2023,3,258.0,2.85,6.96,88,0,268.85,1
Red Dhal,Grocery/Staple,2023,4,265.95,5.43,8.72,81,0,271.35,1
Red Dhal,Grocery/Staple,2023,5,268.53,4.83,8.17,74,0,273.88,1
Red Dhal,Grocery/Staple,2023,6,270.5,4.06,7.54,67,0,275.85,1
Red Dhal,Grocery/Staple,2023,7,270.42,4.82,6.18,60,0,277.59,1
Red Dhal,Grocery/Staple,2023,8,275.95,3.76,6.95,53,0,276.98,1
Red Dhal,Grocery/Staple,2023,9,278.65,3.77,6.64,46,0,275.89,0
Red Dhal,Grocery/Staple,2023,10,278.36,2.91,5.42,39,0,275.75,0
Red Dhal,Grocery/Staple,2023,11,277.38,2.57,4.13,32,0,277.13,0
Red Dhal,Grocery/Staple,2023,12,273.51,-0.88,2.01,25,0,277.04,1
Red Dhal,Grocery/Staple,2023,13,274.3,-1.56,1.66,18,1,275.81,1
Red Dhal,Grocery/Staple,2023,14,277.82,-0.2,2.33,11,1,273.69,0
Red Dhal,Grocery/Staple,2023,15,282.88,1.98,3.52,4,1,270.21,0
Red Dhal,Grocery/Staple,2023,16,273.16,-0.13,-0.46,363,0,268.82,0
Red Dhal,Grocery/Staple,2023,17,269.37,-1.8,-1.93,356,0,267.81,0
Red Dhal,Grocery/Staple,2023,18,269.33,-3.05,-1.97,349,0,267.26,0
Red Dhal,Grocery/Staple,2023,19,268.99,-4.91,-2.05,342,0,266.87,0
Red Dhal,Grocery/Staple,2023,20,267.57,-2.04,-2.49,335,0,266.76,0
Red Dhal,Grocery/Staple,2023,21,265.36,-1.49,-3.01,328,0,266.63,1
Red Dhal,Grocery/Staple,2023,22,267.1,-0.83,-2.05,321,0,266.1,0
Red Dhal,Grocery/Staple,2023,23,267.43,-0.58,-1.63,314,0,265.36,0
Red Dhal,Grocery/Staple,2023,24,267.16,-0.15,-1.44,307,0,264.76,0
Red Dhal,Grocery/Staple,2023,25,264.81,-0.21,-2.07,300,0,264.29,0
Red Dhal,Grocery/Staple,2023,26,264.99,-0.79,-1.74,293,0,264.13,0
Red Dhal,Grocery/Staple,2023,27,264.49,-1.1,-1.55,286,0,263.56,0
Red Dhal,Grocery/Staple,2023,28,264.77,-0.9,-0.94,279,0,261.49,0
Red Dhal,Grocery/Staple,2023,29,262.91,-0.72,-1.34,272,0,261.15,0
Red Dhal,Grocery/Staple,2023,30,264.34,-0.24,-0.66,265,0,259.27,0
Red Dhal,Grocery/Staple,2023,31,262.22,-0.86,-1.25,258,0,258.69,0
Red Dhal,Grocery/Staple,2023,32,256.49,-3.13,-3.06,251,0,258.56,1
Red Dhal,Grocery/Staple,2023,33,261.55,-0.52,-0.97,244,0,257.7,0
Red Dhal,Grocery/Staple,2023,34,256.81,-2.85,-2.53,237,0,256.59,0
Red Dhal,Grocery/Staple,2023,35,259.88,-0.89,-1.15,230,0,255.57,0
Red Dhal,Grocery/Staple,2023,36,255.99,-0.19,-2.31,223,0,254.65,0
Red Dhal,Grocery/Staple,2023,37,258.1,-1.32,-1.24,216,0,253.67,0
Red Dhal,Grocery/Staple,2023,38,252.4,-1.72,-3.07,209,0,254.3,1
Red Dhal,Grocery/Staple,2023,39,255.79,-1.57,-1.49,202,0,252.66,0
Red Dhal,Grocery/Staple,2023,40,252.31,-1.44,-2.48,195,0,252.49,1
Red Dhal,Grocery/Staple,2023,41,254.17,-1.52,-1.45,188,0,251.41,0
Red Dhal,Grocery/Staple,2023,42,254.94,1.01,-0.92,181,0,250.69,0
Red Dhal,Grocery/Staple,2023,43,249.2,-2.58,-2.71,174,0,250.3,1
Red Dhal,Grocery/Staple,2023,44,251.64,-0.27,-1.45,167,0,248.88,0
Red Dhal,Grocery/Staple,2023,45,249.87,-1.69,-1.94,160,0,246.95,0
Red Dhal,Grocery/Staple,2023,46,252.06,-1.13,-0.8,153,0,244.85,0
Red Dhal,Grocery/Staple,2023,47,247.62,-0.64,-2.28,146,0,244.17,0
Red Dhal,Grocery/Staple,2023,48,246.0,-2.24,-2.5,139,0,244.08,0
Red Dhal,Grocery/Staple,2023,49,242.13,-3.1,-3.63,132,0,243.96,1
Red Dhal,Grocery/Staple,2023,50,243.67,-3.33,-2.59,125,0,243.73,1
Red Dhal,Grocery/Staple,2023,51,244.89,-1.1,-1.87,118,0,242.94,0
Red Dhal,Grocery/Staple,2023,52,245.64,-0.15,-1.26,111,0,242.65,0
Red Dhal,Grocery/Staple,2024,1,241.65,-0.2,-2.54,104,0,242.92,1
Red Dhal,Grocery/Staple,2024,2,242.73,-0.38,-1.76,97,0,242.86,1
Red Dhal,Grocery/Staple,2024,3,241.75,-1.28,-1.75,90,0,243.5,1
Red Dhal,Grocery/Staple,2024,4,244.45,-0.48,-0.51,83,0,243.38,0
Red Dhal,Grocery/Staple,2024,5,242.75,0.46,-0.92,76,0,242.79,1
Red Dhal,Grocery/Staple,2024,6,242.48,-0.11,-0.81,69,0,242.79,1
Red Dhal,Grocery/Staple,2024,7,244.31,1.06,0.19,62,0,241.95,0
Red Dhal,Grocery/Staple,2024,8,243.97,-0.2,0.16,55,0,241.29,0
Red Dhal,Grocery/Staple,2024,9,240.4,-0.97,-1.13,48,0,240.67,1
Red Dhal,Grocery/Staple,2024,10,242.49,0.01,-0.28,41,0,241.93,0
Red Dhal,Grocery/Staple,2024,11,240.94,-1.38,-0.83,34,0,245.63,1
Red Dhal,Grocery/Staple,2024,12,241.31,-1.09,-0.56,27,0,245.78,1
Red Dhal,Grocery/Staple,2024,13,237.93,-1.03,-1.72,20,1,246.11,1
Red Dhal,Grocery/Staple,2024,14,247.53,2.08,2.06,13,1,245.27,0
Red Dhal,Grocery/Staple,2024,15,255.75,6.14,5.01,6,1,241.31,0
Red Dhal,Grocery/Staple,2024,16,241.93,0.26,-0.67,364,0,240.92,0
Red Dhal,Grocery/Staple,2024,17,239.24,0.55,-1.61,357,0,240.98,1
Red Dhal,Grocery/Staple,2024,18,244.16,-1.36,0.37,350,0,239.4,0
Red Dhal,Grocery/Staple,2024,19,239.92,-6.19,-1.29,343,0,239.65,0
Red Dhal,Grocery/Staple,2024,20,240.35,-0.65,-0.99,336,0,239.62,0
Red Dhal,Grocery/Staple,2024,21,239.5,0.11,-1.2,329,0,239.71,1
Red Dhal,Grocery/Staple,2024,22,237.81,-2.6,-1.82,322,0,240.88,1
Red Dhal,Grocery/Staple,2024,23,240.93,0.42,-0.48,315,0,240.4,0
Red Dhal,Grocery/Staple,2024,24,240.22,-0.05,-0.75,308,0,241.01,1
Red Dhal,Grocery/Staple,2024,25,239.86,0.15,-0.86,301,0,241.41,1
Red Dhal,Grocery/Staple,2024,26,242.5,1.97,0.09,294,0,241.09,0
Red Dhal,Grocery/Staple,2024,27,239.01,-0.8,-1.08,287,0,241.47,1
Red Dhal,Grocery/Staple,2024,28,242.66,1.01,0.85,280,0,241.98,0
Red Dhal,Grocery/Staple,2024,29,241.46,0.67,0.36,273,0,242.12,1
Red Dhal,Grocery/Staple,2024,30,241.21,-0.53,0.2,266,0,242.62,1
Red Dhal,Grocery/Staple,2024,31,240.54,0.64,0.03,259,0,243.31,1
Red Dhal,Grocery/Staple,2024,32,244.71,0.85,1.61,252,0,242.93,0
Red Dhal,Grocery/Staple,2024,33,242.01,0.23,0.44,245,0,243.03,1
Red Dhal,Grocery/Staple,2024,34,243.22,0.83,0.82,238,0,243.32,1
Red Dhal,Grocery/Staple,2024,35,243.28,1.14,0.67,231,0,242.44,0
Red Dhal,Grocery/Staple,2024,36,243.19,-0.62,0.56,224,0,242.82,0
Red Dhal,Grocery/Staple,2024,37,242.42,0.17,0.17,217,0,243.04,1
Red Dhal,Grocery/Staple,2024,38,244.41,0.49,0.85,210,0,242.59,0
Red Dhal,Grocery/Staple,2024,39,239.75,-1.45,-0.99,203,0,243.98,1
Red Dhal,Grocery/Staple,2024,40,244.7,0.62,0.87,196,0,243.75,0
Red Dhal,Grocery/Staple,2024,41,243.31,0.36,0.28,189,0,243.93,1
Red Dhal,Grocery/Staple,2024,42,242.59,-0.74,-0.05,182,0,244.15,1
Red Dhal,Grocery/Staple,2024,43,245.31,2.32,0.94,175,0,243.97,0
Red Dhal,Grocery/Staple,2024,44,243.79,-0.37,0.21,168,0,244.8,1
Red Dhal,Grocery/Staple,2024,45,244.03,0.3,0.33,161,0,244.39,1
Red Dhal,Grocery/Staple,2024,46,243.48,0.37,0.06,154,0,245.12,1
Red Dhal,Grocery/Staple,2024,47,244.59,-0.29,0.47,147,0,245.55,1
Red Dhal,Grocery/Staple,2024,48,247.1,1.36,1.37,140,0,245.19,0
Red Dhal,Grocery/Staple,2024,49,242.38,-0.68,-0.53,133,0,245.7,1
Red Dhal,Grocery/Staple,2024,50,246.42,1.2,0.99,126,0,246.06,0
Red Dhal,Grocery/Staple,2024,51,246.32,0.7,0.89,119,0,246.49,1
Red Dhal,Grocery/Staple,2024,52,245.65,-0.58,0.43,112,0,246.66,1
Red Dhal,Grocery/Staple,2025,1,244.4,0.83,-0.07,105,0,245.96,1
Red Dhal,Grocery/Staple,2025,2,247.85,0.58,1.2,98,0,245.09,0
Red Dhal,Grocery/Staple,2025,3,248.06,0.71,1.11,91,0,244.37,0
Red Dhal,Grocery/Staple,2025,4,246.32,0.27,0.37,84,0,244.3,0
Red Dhal,Grocery/Staple,2025,5,241.62,-1.14,-1.48,77,0,244.42,1
Red Dhal,Grocery/Staple,2025,6,244.36,-1.41,-0.37,70,0,244.81,1
Red Dhal,Grocery/Staple,2025,7,245.18,-1.16,-0.09,63,0,244.46,0
Red Dhal,Grocery/Staple,2025,8,246.02,-0.12,0.21,56,0,244.66,0
Red Dhal,Grocery/Staple,2025,9,242.11,0.2,-1.23,49,0,245.31,1
Red Dhal,Grocery/Staple,2025,10,245.93,0.64,0.22,42,0,245.98,1
Red Dhal,Grocery/Staple,2025,11,243.75,-0.58,-0.59,35,0,249.73,1
Red Dhal,Grocery/Staple,2025,12,246.83,0.33,0.65,28,0,250.15,1
Red Dhal,Grocery/Staple,2025,13,244.74,1.09,-0.17,21,1,249.73,1
Red Dhal,Grocery/Staple,2025,14,248.61,1.09,1.27,14,1,249.59,1
Red Dhal,Grocery/Staple,2025,15,258.75,6.15,5.04,7,1,246.65,0
Red Dhal,Grocery/Staple,2025,16,248.48,0.67,0.86,0,1,246.37,0
Red Dhal,Grocery/Staple,2025,17,243.06,-0.69,-1.24,358,0,247.14,1
Red Dhal,Grocery/Staple,2025,18,248.06,-0.22,0.59,351,0,246.58,0
Red Dhal,Grocery/Staple,2025,19,247.0,-4.54,0.08,344,0,246.26,0
Red Dhal,Grocery/Staple,2025,20,247.36,-0.45,0.16,337,0,246.55,0
Red Dhal,Grocery/Staple,2025,21,246.12,1.26,-0.35,330,0,246.97,1
Red Dhal,Grocery/Staple,2025,22,245.84,-0.89,-0.58,323,0,246.74,1
Red Dhal,Grocery/Staple,2025,23,245.72,-0.52,-0.62,316,0,247.21,1
Red Dhal,Grocery/Staple,2025,24,248.51,0.46,0.36,309,0,246.61,0
Red Dhal,Grocery/Staple,2025,25,247.82,0.69,0.05,302,0,246.5,0
Red Dhal,Grocery/Staple,2025,26,244.9,-0.38,-1.13,295,0,246.61,1
Red Dhal,Grocery/Staple,2025,27,247.62,0.77,-0.01,288,0,246.21,0
Red Dhal,Grocery/Staple,2025,28,246.1,-0.97,-0.23,281,0,246.43,1
Red Dhal,Grocery/Staple,2025,29,247.38,-0.18,0.33,274,0,247.32,0
Red Dhal,Grocery/Staple,2025,30,245.33,0.18,-0.57,267,0,247.12,1
Red Dhal,Grocery/Staple,2025,31,246.02,-0.65,-0.23,260,0,247.5,1
Red Dhal,Grocery/Staple,2025,32,246.99,0.36,0.16,253,0,247.2,1
Red Dhal,Grocery/Staple,2025,33,250.95,1.44,1.65,246,0,246.91,0
Red Dhal,Grocery/Staple,2025,34,244.51,-0.33,-0.9,239,0,246.96,1
Red Dhal,Grocery/Staple,2025,35,247.56,0.63,0.27,232,0,247.24,0
Red Dhal,Grocery/Staple,2025,36,245.79,-0.49,-0.44,225,0,247.76,1
Red Dhal,Grocery/Staple,2025,37,249.78,-0.47,1.13,218,0,247.29,0
Red Dhal,Grocery/Staple,2025,38,244.7,0.08,-0.83,211,0,247.41,1
Red Dhal,Grocery/Staple,2025,39,248.69,0.46,0.67,204,0,246.65,0
Red Dhal,Grocery/Staple,2025,40,247.86,0.84,0.33,197,0,247.07,0
Red Dhal,Grocery/Staple,2025,41,247.9,-0.75,0.29,190,0,246.49,0
Red Dhal,Grocery/Staple,2025,42,245.21,0.21,-0.73,183,0,246.96,1
Red Dhal,Grocery/Staple,2025,43,245.63,-1.23,-0.57,176,0,247.38,1
Red Dhal,Grocery/Staple,2025,44,249.54,0.68,0.9,169,0,247.19,0
Red Dhal,Grocery/Staple,2025,45,245.59,-0.93,-0.65,162,0,247.47,1
Red Dhal,Grocery/Staple,2025,46,247.07,0.76,0.07,155,0,247.99,1
Red Dhal,Grocery/Staple,2025,47,247.29,0.68,0.07,148,0,248.11,1
Red Dhal,Grocery/Staple,2025,48,248.8,-0.3,0.64,141,0,247.67,0
Red Dhal,Grocery/Staple,2025,49,246.72,0.46,-0.23,134,0,248.35,1
Red Dhal,Grocery/Staple,2025,50,249.14,0.84,0.77,127,0,247.73,0
Red Dhal,Grocery/Staple,2025,51,247.78,0.2,0.12,120,0,247.93,1
Red Dhal,Grocery/Staple,2025,52,247.02,-0.72,-0.13,113,0,247.75,1
Red Dhal,Grocery/Staple,2026,1,249.45,1.11,0.8,106,0,247.26,0
Red Dhal,Grocery/Staple,2026,2,246.67,-0.99,-0.29,99,0,247.29,1
Red Dhal,Grocery/Staple,2026,3,248.58,0.32,0.38,92,0,247.38,0
Red Dhal,Grocery/Staple,2026,4,246.3,-0.29,-0.56,85,0,247.7,1
Red Dhal,Grocery/Staple,2026,5,247.49,-0.78,-0.02,78,0,247.46,0
Red Dhal,Grocery/Staple,2026,6,246.78,0.04,-0.34,71,0,247.91,1
Red Dhal,Grocery/Staple,2026,7,248.94,0.15,0.47,64,0,247.21,0
Red Dhal,Grocery/Staple,2026,8,247.58,0.52,-0.08,57,0,246.99,0
Red Dhal,Grocery/Staple,2026,9,246.53,-0.39,-0.44,50,0,247.0,1
Red Dhal,Grocery/Staple,2026,10,248.58,0.73,0.33,43,0,246.39,0
Red Dhal,Grocery/Staple,2026,11,246.13,-1.13,-0.57,36,0,249.61,1
Red Dhal,Grocery/Staple,2026,12,246.7,-0.35,-0.3,29,0,250.93,1
Red Dhal,Grocery/Staple,2026,13,246.58,0.02,-0.33,22,0,251.21,1
Red Dhal,Grocery/Staple,2026,14,246.13,-0.99,-0.41,15,1,251.48,1
Red Dhal,Grocery/Staple,2026,15,259.01,5.24,4.4,8,1,248.41,0
Red Dhal,Grocery/Staple,2026,16,251.97,2.14,1.45,1,1,247.04,0
Red Dhal,Grocery/Staple,2026,17,247.73,0.46,-0.3,359,0,246.83,0
Red Dhal,Grocery/Staple,2026,18,247.22,0.44,-0.5,352,0,247.3,1
Red Dhal,Grocery/Staple,2026,19,246.7,-4.75,-0.7,345,0,248.28,1
Red Dhal,Grocery/Staple,2026,20,246.49,-2.17,-0.71,338,0,249.51,1
Green Gram,Grocery/Staple,2022,24,471.57,0.0,0.0,305,0,505.48,1
Green Gram,Grocery/Staple,2022,25,483.16,0.0,1.21,298,0,518.74,1
Green Gram,Grocery/Staple,2022,26,500.2,0.0,3.14,291,0,530.0,1
Green Gram,Grocery/Staple,2022,27,509.62,0.0,3.76,284,0,544.25,1
Green Gram,Grocery/Staple,2022,28,528.94,12.17,6.06,277,0,554.73,1
Green Gram,Grocery/Staple,2022,29,536.19,10.97,6.19,270,0,565.6,1
Green Gram,Grocery/Staple,2022,30,545.23,9.0,6.76,263,0,577.08,1
Green Gram,Grocery/Staple,2022,31,566.63,11.19,9.45,256,0,588.8,1
Green Gram,Grocery/Staple,2022,32,570.85,7.92,9.02,249,0,599.96,1
Green Gram,Grocery/Staple,2022,33,579.68,8.11,9.54,242,0,613.2,1
Green Gram,Grocery/Staple,2022,34,591.18,8.43,10.53,235,0,627.25,1
Green Gram,Grocery/Staple,2022,35,613.48,8.27,13.31,228,0,638.39,1
Green Gram,Grocery/Staple,2022,36,615.52,7.82,12.51,221,0,649.67,1
Green Gram,Grocery/Staple,2022,37,632.62,9.13,13.07,214,0,660.59,1
Green Gram,Grocery/Staple,2022,38,647.4,9.51,13.16,207,0,669.06,1
Green Gram,Grocery/Staple,2022,39,658.02,7.26,12.63,200,0,679.65,1
Green Gram,Grocery/Staple,2022,40,660.64,7.33,10.87,193,0,689.32,1
Green Gram,Grocery/Staple,2022,41,676.3,6.91,11.38,186,0,699.15,1
Green Gram,Grocery/Staple,2022,42,681.26,5.23,10.17,179,0,709.9,1
Green Gram,Grocery/Staple,2022,43,700.39,6.44,11.12,172,0,718.93,1
Green Gram,Grocery/Staple,2022,44,699.31,5.85,9.18,165,0,731.23,1
Green Gram,Grocery/Staple,2022,45,715.65,5.82,9.82,158,0,740.15,1
Green Gram,Grocery/Staple,2022,46,724.24,6.31,9.27,151,0,751.12,1
Green Gram,Grocery/Staple,2022,47,736.53,5.16,9.29,144,0,763.4,1
Green Gram,Grocery/Staple,2022,48,748.5,7.03,9.38,137,0,775.59,1
Green Gram,Grocery/Staple,2022,49,751.33,4.98,8.14,130,0,786.67,1
Green Gram,Grocery/Staple,2022,50,768.12,6.06,8.92,123,0,796.1,1
Green Gram,Grocery/Staple,2022,51,785.65,6.67,9.75,116,0,805.17,1
Green Gram,Grocery/Staple,2022,52,797.24,6.51,9.73,109,0,811.67,1
Green Gram,Grocery/Staple,2023,1,795.67,5.9,7.97,102,0,823.61,1
Green Gram,Grocery/Staple,2023,2,805.85,4.91,7.89,95,0,833.27,1
Green Gram,Grocery/Staple,2023,3,821.9,4.61,8.47,88,0,840.21,1
Green Gram,Grocery/Staple,2023,4,823.27,3.27,7.31,81,0,850.48,1
Green Gram,Grocery/Staple,2023,5,843.41,6.0,8.37,74,0,859.16,1
Green Gram,Grocery/Staple,2023,6,844.47,4.79,7.14,67,0,865.07,1
Green Gram,Grocery/Staple,2023,7,849.7,3.38,6.5,60,0,868.06,1
Green Gram,Grocery/Staple,2023,8,864.35,4.99,7.02,53,0,865.86,1
Green Gram,Grocery/Staple,2023,9,878.13,4.12,7.4,46,0,864.29,0
Green Gram,Grocery/Staple,2023,10,868.09,2.8,5.02,39,0,869.4,1
Green Gram,Grocery/Staple,2023,11,861.66,1.41,3.34,32,0,874.27,1
Green Gram,Grocery/Staple,2023,12,855.55,-1.02,1.95,25,0,871.5,1
Green Gram,Grocery/Staple,2023,13,871.86,-0.71,3.19,18,1,865.0,0
Green Gram,Grocery/Staple,2023,14,888.52,2.35,4.28,11,1,855.99,0
Green Gram,Grocery/Staple,2023,15,881.15,2.26,2.72,4,1,846.79,0
Green Gram,Grocery/Staple,2023,16,844.48,-1.29,-1.76,363,0,848.32,1
Green Gram,Grocery/Staple,2023,17,845.85,-2.98,-1.8,356,0,846.42,1
Green Gram,Grocery/Staple,2023,18,852.48,-4.06,-1.11,349,0,844.74,0
Green Gram,Grocery/Staple,2023,19,844.34,-4.18,-2.05,342,0,844.1,0
Green Gram,Grocery/Staple,2023,20,850.6,0.73,-1.33,335,0,839.98,0
Green Gram,Grocery/Staple,2023,21,838.28,-0.9,-2.53,328,0,838.08,0
Green Gram,Grocery/Staple,2023,22,845.73,-0.79,-1.38,321,0,836.65,0
Green Gram,Grocery/Staple,2023,23,841.78,-0.3,-1.61,314,0,832.28,0
Green Gram,Grocery/Staple,2023,24,834.12,-1.94,-2.26,307,0,831.01,0
Green Gram,Grocery/Staple,2023,25,830.69,-0.91,-2.45,300,0,832.26,1
Green Gram,Grocery/Staple,2023,26,840.01,-0.68,-1.07,293,0,828.41,0
Green Gram,Grocery/Staple,2023,27,824.28,-2.08,-2.35,286,0,826.66,1
Green Gram,Grocery/Staple,2023,28,829.07,-0.6,-1.32,279,0,824.7,0
Green Gram,Grocery/Staple,2023,29,835.67,0.6,-0.45,272,0,821.6,0
Green Gram,Grocery/Staple,2023,30,824.63,-1.83,-1.57,265,0,817.62,0
Green Gram,Grocery/Staple,2023,31,817.27,-0.85,-2.14,258,0,815.24,0
Green Gram,Grocery/Staple,2023,32,821.22,-0.95,-1.45,251,0,812.97,0
Green Gram,Grocery/Staple,2023,33,823.29,-1.48,-0.96,244,0,807.38,0
Green Gram,Grocery/Staple,2023,34,808.72,-1.93,-2.44,237,0,804.48,0
Green Gram,Grocery/Staple,2023,35,807.74,-1.17,-2.21,230,0,802.0,0
Green Gram,Grocery/Staple,2023,36,812.13,-1.11,-1.41,223,0,798.45,0
Green Gram,Grocery/Staple,2023,37,800.95,-2.71,-2.47,216,0,797.42,0
Green Gram,Grocery/Staple,2023,38,797.1,-1.44,-2.63,209,0,796.6,0
Green Gram,Grocery/Staple,2023,39,797.82,-1.23,-2.15,202,0,794.81,0
Green Gram,Grocery/Staple,2023,40,797.93,-1.75,-1.9,195,0,793.45,0
Green Gram,Grocery/Staple,2023,41,796.85,-0.51,-1.73,188,0,789.53,0
Green Gram,Grocery/Staple,2023,42,793.78,-0.42,-1.72,181,0,786.1,0
Green Gram,Grocery/Staple,2023,43,790.68,-0.9,-1.78,174,0,781.89,0
Green Gram,Grocery/Staple,2023,44,792.49,-0.68,-1.32,167,0,779.74,0
Green Gram,Grocery/Staple,2023,45,781.2,-1.96,-2.36,160,0,777.13,0
Green Gram,Grocery/Staple,2023,46,780.04,-1.73,-2.09,153,0,774.34,0
Green Gram,Grocery/Staple,2023,47,773.84,-2.13,-2.54,146,0,773.68,0
Green Gram,Grocery/Staple,2023,48,783.88,-1.09,-1.05,139,0,768.08,0
Green Gram,Grocery/Staple,2023,49,770.75,-1.34,-2.32,132,0,764.93,0
Green Gram,Grocery/Staple,2023,50,768.91,-1.43,-2.24,125,0,764.05,0
Green Gram,Grocery/Staple,2023,51,771.18,-0.34,-1.71,118,0,762.7,0
Green Gram,Grocery/Staple,2023,52,761.49,-2.86,-2.59,111,0,761.09,0
Green Gram,Grocery/Staple,2024,1,758.12,-1.64,-2.64,104,0,762.69,1
Green Gram,Grocery/Staple,2024,2,765.39,-0.46,-1.4,97,0,760.51,0
Green Gram,Grocery/Staple,2024,3,765.8,-0.7,-1.08,90,0,758.72,0
Green Gram,Grocery/Staple,2024,4,755.05,-0.85,-2.12,83,0,757.7,1
Green Gram,Grocery/Staple,2024,5,764.5,0.84,-0.62,76,0,757.03,0
Green Gram,Grocery/Staple,2024,6,756.7,-1.14,-1.39,69,0,759.44,1
Green Gram,Grocery/Staple,2024,7,758.64,-0.94,-0.92,62,0,761.52,1
Green Gram,Grocery/Staple,2024,8,750.95,-0.54,-1.7,55,0,762.13,1
Green Gram,Grocery/Staple,2024,9,761.81,-0.35,-0.06,48,0,761.41,0
Green Gram,Grocery/Staple,2024,10,766.33,1.27,0.58,41,0,760.51,0
Green Gram,Grocery/Staple,2024,11,766.99,1.1,0.69,34,0,767.94,1
Green Gram,Grocery/Staple,2024,12,753.4,0.33,-0.92,27,0,768.35,1
Green Gram,Grocery/Staple,2024,13,758.91,-0.38,-0.17,20,1,769.46,1
Green Gram,Grocery/Staple,2024,14,762.73,-0.47,0.29,13,1,768.61,1
Green Gram,Grocery/Staple,2024,15,796.73,3.88,4.42,6,1,757.46,0
Green Gram,Grocery/Staple,2024,16,755.02,0.22,-0.93,364,0,756.14,1
Green Gram,Grocery/Staple,2024,17,763.36,0.59,0.08,357,0,751.89,0
Green Gram,Grocery/Staple,2024,18,759.34,-0.44,-0.4,350,0,752.27,0
Green Gram,Grocery/Staple,2024,19,752.1,-5.6,-1.3,343,0,752.69,1
Green Gram,Grocery/Staple,2024,20,749.75,-0.7,-1.52,336,0,754.48,1
Green Gram,Grocery/Staple,2024,21,746.35,-2.23,-1.92,329,0,756.15,1
Green Gram,Grocery/Staple,2024,22,760.86,0.2,-0.01,322,0,756.86,0
Green Gram,Grocery/Staple,2024,23,753.8,0.23,-0.81,315,0,757.45,1
Green Gram,Grocery/Staple,2024,24,756.9,0.95,-0.3,308,0,757.04,1
Green Gram,Grocery/Staple,2024,25,753.04,0.9,-0.8,301,0,757.55,1
Green Gram,Grocery/Staple,2024,26,763.7,0.37,0.55,294,0,756.54,0
Green Gram,Grocery/Staple,2024,27,756.15,0.31,-0.38,287,0,756.46,1
Green Gram,Grocery/Staple,2024,28,755.26,-0.22,-0.07,280,0,758.1,1
Green Gram,Grocery/Staple,2024,29,755.11,0.27,-0.09,273,0,760.67,1
Green Gram,Grocery/Staple,2024,30,759.65,-0.53,0.54,266,0,761.05,1
Green Gram,Grocery/Staple,2024,31,755.81,-0.05,0.07,259,0,761.98,1
Green Gram,Grocery/Staple,2024,32,761.82,0.87,0.77,252,0,762.55,1
Green Gram,Grocery/Staple,2024,33,765.41,1.36,1.08,245,0,761.22,0
Green Gram,Grocery/Staple,2024,34,761.17,0.2,0.37,238,0,759.0,0
Green Gram,Grocery/Staple,2024,35,759.54,0.49,0.17,231,0,760.68,1
Green Gram,Grocery/Staple,2024,36,764.07,0.3,0.66,224,0,760.91,0
Green Gram,Grocery/Staple,2024,37,760.11,-0.69,0.11,217,0,761.8,1
Green Gram,Grocery/Staple,2024,38,752.27,-1.17,-0.92,210,0,765.19,1
Green Gram,Grocery/Staple,2024,39,766.28,0.89,0.9,203,0,767.32,1
Green Gram,Grocery/Staple,2024,40,764.97,0.12,0.64,196,0,767.4,1
Green Gram,Grocery/Staple,2024,41,763.69,0.47,0.39,189,0,767.84,1
Green Gram,Grocery/Staple,2024,42,765.81,1.8,0.55,182,0,770.16,1
Green Gram,Grocery/Staple,2024,43,774.8,1.11,1.58,175,0,769.89,0
Green Gram,Grocery/Staple,2024,44,765.3,0.04,0.24,168,0,772.52,1
Green Gram,Grocery/Staple,2024,45,765.44,0.23,0.22,161,0,772.05,1
Green Gram,Grocery/Staple,2024,46,775.11,1.22,1.39,154,0,770.71,0
Green Gram,Grocery/Staple,2024,47,773.71,-0.14,1.08,147,0,769.87,0
Green Gram,Grocery/Staple,2024,48,775.82,1.38,1.19,140,0,770.13,0
Green Gram,Grocery/Staple,2024,49,763.54,-0.25,-0.41,133,0,770.35,1
Green Gram,Grocery/Staple,2024,50,769.75,-0.69,0.3,126,0,772.54,1
Green Gram,Grocery/Staple,2024,51,770.35,-0.43,0.2,119,0,774.6,1
Green Gram,Grocery/Staple,2024,52,776.86,0.13,0.94,112,0,772.0,0
Green Gram,Grocery/Staple,2025,1,764.44,0.12,-0.67,105,0,774.54,1
Green Gram,Grocery/Staple,2025,2,778.51,1.14,1.01,98,0,771.87,0
Green Gram,Grocery/Staple,2025,3,778.58,1.07,0.89,91,0,771.12,0
Green Gram,Grocery/Staple,2025,4,766.46,-1.34,-0.6,84,0,771.57,1
Green Gram,Grocery/Staple,2025,5,774.63,1.33,0.37,77,0,771.3,0
Green Gram,Grocery/Staple,2025,6,767.82,-1.37,-0.54,70,0,771.3,1
Green Gram,Grocery/Staple,2025,7,775.58,-0.39,0.46,63,0,770.86,0
Green Gram,Grocery/Staple,2025,8,768.24,0.23,-0.43,56,0,771.84,1
Green Gram,Grocery/Staple,2025,9,773.58,-0.14,0.28,49,0,770.12,0
Green Gram,Grocery/Staple,2025,10,767.79,-0.0,-0.51,42,0,773.17,1
Green Gram,Grocery/Staple,2025,11,773.82,-0.23,0.23,35,0,779.62,1
Green Gram,Grocery/Staple,2025,12,772.17,0.51,-0.0,28,0,780.75,1
Green Gram,Grocery/Staple,2025,13,766.69,-0.89,-0.61,21,1,784.27,1
Green Gram,Grocery/Staple,2025,14,779.99,1.59,0.96,14,1,782.25,1
Green Gram,Grocery/Staple,2025,15,799.65,3.34,3.28,7,1,775.21,0
Green Gram,Grocery/Staple,2025,16,776.68,0.58,0.34,0,1,774.3,0
Green Gram,Grocery/Staple,2025,17,780.75,1.83,0.72,358,0,773.77,0
Green Gram,Grocery/Staple,2025,18,771.92,-1.04,-0.39,351,0,773.39,1
Green Gram,Grocery/Staple,2025,19,771.49,-3.52,-0.49,344,0,775.29,1
Green Gram,Grocery/Staple,2025,20,773.03,-0.47,-0.26,337,0,774.63,1
Green Gram,Grocery/Staple,2025,21,778.65,-0.27,0.36,330,0,772.22,0
Green Gram,Grocery/Staple,2025,22,770.41,-0.2,-0.67,323,0,771.29,1
Green Gram,Grocery/Staple,2025,23,779.06,0.98,0.33,316,0,768.82,0
Green Gram,Grocery/Staple,2025,24,770.43,-0.34,-0.75,309,0,769.38,0
Green Gram,Grocery/Staple,2025,25,768.99,-1.24,-0.9,302,0,772.07,1
Green Gram,Grocery/Staple,2025,26,766.67,-0.48,-1.2,295,0,774.96,1
Green Gram,Grocery/Staple,2025,27,769.19,-1.27,-0.77,288,0,775.78,1
Green Gram,Grocery/Staple,2025,28,772.68,0.29,-0.05,281,0,777.5,1
Green Gram,Grocery/Staple,2025,29,779.76,1.4,0.83,274,0,775.24,0
Green Gram,Grocery/Staple,2025,30,778.21,1.5,0.66,267,0,775.06,0
Green Gram,Grocery/Staple,2025,31,772.48,0.43,-0.09,260,0,777.26,1
Green Gram,Grocery/Staple,2025,32,779.54,0.89,0.75,253,0,773.93,0
Green Gram,Grocery/Staple,2025,33,770.74,-1.16,-0.37,246,0,772.92,1
Green Gram,Grocery/Staple,2025,34,777.49,-0.09,0.51,239,0,774.43,0
Green Gram,Grocery/Staple,2025,35,781.26,1.14,0.89,232,0,774.42,0
Green Gram,Grocery/Staple,2025,36,766.26,-1.7,-0.92,225,0,775.87,1
Green Gram,Grocery/Staple,2025,37,766.66,-0.53,-0.83,218,0,776.23,1
Green Gram,Grocery/Staple,2025,38,783.53,0.78,1.21,211,0,775.22,0
Green Gram,Grocery/Staple,2025,39,781.24,-0.0,0.77,204,0,772.25,0
Green Gram,Grocery/Staple,2025,40,772.07,0.76,-0.45,197,0,773.41,1
Green Gram,Grocery/Staple,2025,41,768.08,0.18,-0.92,190,0,774.33,1
Green Gram,Grocery/Staple,2025,42,779.48,-0.52,0.56,183,0,773.02,0
Green Gram,Grocery/Staple,2025,43,769.39,-1.52,-0.66,176,0,774.36,1
Green Gram,Grocery/Staple,2025,44,776.69,0.6,0.24,169,0,775.76,0
Green Gram,Grocery/Staple,2025,45,771.75,0.48,-0.32,162,0,779.48,1
Green Gram,Grocery/Staple,2025,46,774.25,-0.67,-0.03,155,0,780.12,1
Green Gram,Grocery/Staple,2025,47,774.75,0.7,0.06,148,0,780.87,1
Green Gram,Grocery/Staple,2025,48,782.28,0.72,1.03,141,0,780.15,0
Green Gram,Grocery/Staple,2025,49,786.65,1.93,1.38,134,0,776.9,0
Green Gram,Grocery/Staple,2025,50,776.8,0.33,0.01,127,0,777.18,1
Green Gram,Grocery/Staple,2025,51,777.75,0.39,0.19,120,0,778.92,1
Green Gram,Grocery/Staple,2025,52,779.41,-0.37,0.43,113,0,778.56,0
Green Gram,Grocery/Staple,2026,1,773.65,-1.65,-0.33,106,0,779.15,1
Green Gram,Grocery/Staple,2026,2,777.89,0.14,0.12,99,0,780.49,1
Green Gram,Grocery/Staple,2026,3,784.71,0.9,0.94,92,0,779.05,0
Green Gram,Grocery/Staple,2026,4,777.99,-0.18,-0.01,85,0,780.11,1
Green Gram,Grocery/Staple,2026,5,775.99,0.3,-0.26,78,0,780.14,1
Green Gram,Grocery/Staple,2026,6,783.26,0.69,0.56,71,0,779.65,0
Green Gram,Grocery/Staple,2026,7,778.95,-0.73,-0.04,64,0,778.72,0
Green Gram,Grocery/Staple,2026,8,782.24,0.55,0.31,57,0,778.2,0
Green Gram,Grocery/Staple,2026,9,776.09,0.01,-0.42,50,0,779.92,1
Green Gram,Grocery/Staple,2026,10,781.33,-0.25,0.31,43,0,781.61,1
Green Gram,Grocery/Staple,2026,11,775.21,-0.48,-0.46,36,0,790.3,1
Green Gram,Grocery/Staple,2026,12,780.19,-0.26,0.15,29,0,794.54,1
Green Gram,Grocery/Staple,2026,13,782.95,0.88,0.47,22,0,794.45,1
Green Gram,Grocery/Staple,2026,14,788.08,0.86,0.99,15,1,792.07,1
Green Gram,Grocery/Staple,2026,15,810.01,4.49,3.47,8,1,784.76,0
Green Gram,Grocery/Staple,2026,16,797.13,2.17,1.7,1,1,778.83,0
Green Gram,Grocery/Staple,2026,17,782.61,-0.04,-0.2,359,0,778.31,0
Green Gram,Grocery/Staple,2026,18,778.55,-1.21,-0.74,352,0,780.66,1
Green Gram,Grocery/Staple,2026,19,780.77,-3.61,-0.43,345,0,781.08,1
Green Gram,Grocery/Staple,2026,20,773.4,-2.98,-1.32,338,0,783.06,1
Cowpea,Grocery/Staple,2022,24,455.71,0.0,0.0,305,0,485.7,1
Cowpea,Grocery/Staple,2022,25,468.42,0.0,1.38,298,0,496.26,1
Cowpea,Grocery/Staple,2022,26,475.48,0.0,1.92,291,0,510.35,1
Cowpea,Grocery/Staple,2022,27,495.8,0.0,4.63,284,0,522.04,1
Cowpea,Grocery/Staple,2022,28,503.11,10.4,4.88,277,0,534.32,1
Cowpea,Grocery/Staple,2022,29,510.64,9.01,5.32,270,0,548.24,1
Cowpea,Grocery/Staple,2022,30,531.83,11.85,8.19,263,0,558.22,1
Cowpea,Grocery/Staple,2022,31,542.58,9.44,8.96,256,0,567.64,1
Cowpea,Grocery/Staple,2022,32,552.21,9.76,9.57,249,0,578.2,1
Cowpea,Grocery/Staple,2022,33,566.33,10.91,11.0,242,0,589.01,1
Cowpea,Grocery/Staple,2022,34,571.74,7.5,10.85,235,0,598.47,1
Cowpea,Grocery/Staple,2022,35,580.28,6.95,11.34,228,0,608.16,1
Cowpea,Grocery/Staple,2022,36,594.43,7.65,12.83,221,0,617.6,1
Cowpea,Grocery/Staple,2022,37,609.58,7.64,13.17,214,0,627.72,1
Cowpea,Grocery/Staple,2022,38,609.59,6.62,10.93,207,0,640.26,1
Cowpea,Grocery/Staple,2022,39,619.04,6.68,10.43,200,0,652.08,1
Cowpea,Grocery/Staple,2022,40,632.17,6.35,10.71,193,0,665.04,1
Cowpea,Grocery/Staple,2022,41,650.09,6.64,11.63,186,0,672.58,1
Cowpea,Grocery/Staple,2022,42,659.75,8.23,11.1,179,0,682.17,1
Cowpea,Grocery/Staple,2022,43,666.33,7.64,10.29,172,0,691.84,1
Cowpea,Grocery/Staple,2022,44,683.98,8.19,11.21,165,0,701.69,1
Cowpea,Grocery/Staple,2022,45,680.27,4.64,8.86,158,0,714.57,1
Cowpea,Grocery/Staple,2022,46,698.1,5.81,9.93,151,0,724.36,1
Cowpea,Grocery/Staple,2022,47,705.02,5.81,9.26,144,0,735.39,1
Cowpea,Grocery/Staple,2022,48,723.38,5.76,10.22,137,0,745.66,1
Cowpea,Grocery/Staple,2022,49,731.76,7.57,9.73,130,0,755.21,1
Cowpea,Grocery/Staple,2022,50,737.27,5.61,8.96,123,0,764.34,1
Cowpea,Grocery/Staple,2022,51,749.13,6.26,8.98,116,0,776.03,1
Cowpea,Grocery/Staple,2022,52,764.48,5.68,9.43,109,0,782.79,1
Cowpea,Grocery/Staple,2023,1,769.98,5.22,8.57,102,0,789.74,1
Cowpea,Grocery/Staple,2023,2,773.78,4.95,7.66,95,0,799.12,1
Cowpea,Grocery/Staple,2023,3,795.89,6.24,9.15,88,0,803.61,1
Cowpea,Grocery/Staple,2023,4,791.51,3.54,7.13,81,0,812.25,1
Cowpea,Grocery/Staple,2023,5,797.78,3.61,6.72,74,0,821.65,1
Cowpea,Grocery/Staple,2023,6,811.28,4.85,7.08,67,0,827.93,1
Cowpea,Grocery/Staple,2023,7,813.86,2.26,6.17,60,0,832.52,1
Cowpea,Grocery/Staple,2023,8,826.07,4.37,6.47,53,0,833.21,1
Cowpea,Grocery/Staple,2023,9,835.4,4.72,6.49,46,0,832.19,0
Cowpea,Grocery/Staple,2023,10,836.38,3.09,5.53,39,0,834.48,0
Cowpea,Grocery/Staple,2023,11,832.22,2.26,4.05,32,0,840.72,1
Cowpea,Grocery/Staple,2023,12,828.82,0.33,2.84,25,0,839.18,1
Cowpea,Grocery/Staple,2023,13,831.34,-0.49,2.5,18,1,835.98,1
Cowpea,Grocery/Staple,2023,14,845.54,1.1,3.5,11,1,827.96,0
Cowpea,Grocery/Staple,2023,15,857.18,3.0,4.11,4,1,817.18,0
Cowpea,Grocery/Staple,2023,16,822.64,-0.75,-0.33,363,0,817.83,0
Cowpea,Grocery/Staple,2023,17,818.56,-1.54,-1.08,356,0,815.23,0
Cowpea,Grocery/Staple,2023,18,813.45,-3.8,-1.84,349,0,815.57,1
Cowpea,Grocery/Staple,2023,19,814.06,-5.03,-1.79,342,0,816.14,1
Cowpea,Grocery/Staple,2023,20,825.26,0.32,-0.54,335,0,809.3,0
Cowpea,Grocery/Staple,2023,21,808.15,-1.27,-2.44,328,0,807.81,0
Cowpea,Grocery/Staple,2023,22,814.82,0.17,-1.45,321,0,802.92,0
Cowpea,Grocery/Staple,2023,23,816.32,0.28,-1.08,314,0,796.26,0
Cowpea,Grocery/Staple,2023,24,797.91,-3.31,-3.0,307,0,795.05,0
Cowpea,Grocery/Staple,2023,25,802.2,-0.74,-2.24,300,0,791.86,0
Cowpea,Grocery/Staple,2023,26,795.25,-2.4,-2.76,293,0,791.65,0
Cowpea,Grocery/Staple,2023,27,789.68,-3.26,-2.93,286,0,793.25,1
Cowpea,Grocery/Staple,2023,28,793.08,-0.6,-1.92,279,0,791.29,0
Cowpea,Grocery/Staple,2023,29,789.43,-1.59,-2.06,272,0,791.36,1
Cowpea,Grocery/Staple,2023,30,794.42,-0.1,-1.21,265,0,788.28,0
Cowpea,Grocery/Staple,2023,31,796.07,0.81,-0.84,258,0,784.69,0
Cowpea,Grocery/Staple,2023,32,785.25,-0.99,-1.92,251,0,781.42,0
Cowpea,Grocery/Staple,2023,33,789.69,0.03,-1.02,244,0,781.0,0
Cowpea,Grocery/Staple,2023,34,782.12,-1.55,-1.73,237,0,779.04,0
Cowpea,Grocery/Staple,2023,35,781.72,-1.8,-1.46,230,0,774.99,0
Cowpea,Grocery/Staple,2023,36,772.14,-1.67,-2.25,223,0,772.77,1
Cowpea,Grocery/Staple,2023,37,788.0,-0.21,-0.15,216,0,765.56,0
Cowpea,Grocery/Staple,2023,38,774.3,-1.0,-1.62,209,0,764.35,0
Cowpea,Grocery/Staple,2023,39,765.5,-2.07,-2.45,202,0,763.74,0
Cowpea,Grocery/Staple,2023,40,763.27,-1.15,-2.48,195,0,763.13,0
Cowpea,Grocery/Staple,2023,41,759.18,-3.66,-2.68,188,0,762.21,1
Cowpea,Grocery/Staple,2023,42,769.43,-0.63,-1.17,181,0,756.75,0
Cowpea,Grocery/Staple,2023,43,763.07,-0.32,-1.68,174,0,752.37,0
Cowpea,Grocery/Staple,2023,44,760.84,-0.32,-1.63,167,0,747.95,0
Cowpea,Grocery/Staple,2023,45,755.48,-0.49,-2.03,160,0,743.94,0
Cowpea,Grocery/Staple,2023,46,747.61,-2.84,-2.64,153,0,743.01,0
Cowpea,Grocery/Staple,2023,47,745.54,-2.3,-2.55,146,0,742.11,0
Cowpea,Grocery/Staple,2023,48,743.17,-2.32,-2.49,139,0,739.84,0
Cowpea,Grocery/Staple,2023,49,739.42,-2.13,-2.66,132,0,739.64,1
Cowpea,Grocery/Staple,2023,50,743.9,-0.5,-1.63,125,0,739.95,0
Cowpea,Grocery/Staple,2023,51,741.93,-0.48,-1.56,118,0,738.77,0
Cowpea,Grocery/Staple,2023,52,734.12,-1.22,-2.29,111,0,738.6,1
Cowpea,Grocery/Staple,2024,1,738.61,-0.11,-1.44,104,0,739.05,1
Cowpea,Grocery/Staple,2024,2,745.15,0.17,-0.43,97,0,735.41,0
Cowpea,Grocery/Staple,2024,3,737.2,-0.64,-1.16,90,0,735.13,0
Cowpea,Grocery/Staple,2024,4,733.45,-0.09,-1.36,83,0,735.03,1
Cowpea,Grocery/Staple,2024,5,740.39,0.24,-0.22,76,0,735.07,0
Cowpea,Grocery/Staple,2024,6,730.6,-1.95,-1.28,69,0,738.14,1
Cowpea,Grocery/Staple,2024,7,736.07,-0.15,-0.42,62,0,738.55,1
Cowpea,Grocery/Staple,2024,8,733.08,-0.05,-0.7,55,0,736.13,1
Cowpea,Grocery/Staple,2024,9,740.53,0.02,0.34,48,0,734.21,0
Cowpea,Grocery/Staple,2024,10,742.87,1.68,0.62,41,0,732.39,0
Cowpea,Grocery/Staple,2024,11,737.73,0.23,-0.01,34,0,739.3,1
Cowpea,Grocery/Staple,2024,12,723.37,-1.32,-1.77,27,0,740.94,1
Cowpea,Grocery/Staple,2024,13,732.85,-1.04,-0.47,20,1,742.25,1
Cowpea,Grocery/Staple,2024,14,735.59,-0.98,-0.06,13,1,740.82,1
Cowpea,Grocery/Staple,2024,15,765.38,3.75,3.76,6,1,733.06,0
Cowpea,Grocery/Staple,2024,16,729.92,0.91,-0.97,364,0,734.22,1
Cowpea,Grocery/Staple,2024,17,738.09,0.71,0.09,357,0,730.83,0
Cowpea,Grocery/Staple,2024,18,729.91,-0.77,-0.91,350,0,730.68,1
Cowpea,Grocery/Staple,2024,19,734.32,-4.06,-0.35,343,0,729.13,0
Cowpea,Grocery/Staple,2024,20,734.56,0.64,-0.3,336,0,727.72,0
Cowpea,Grocery/Staple,2024,21,724.54,-1.84,-1.57,329,0,727.19,1
Cowpea,Grocery/Staple,2024,22,729.31,-0.08,-0.81,322,0,730.12,1
Cowpea,Grocery/Staple,2024,23,728.11,-0.85,-0.82,315,0,731.74,1
Cowpea,Grocery/Staple,2024,24,728.94,-0.77,-0.62,308,0,732.21,1
Cowpea,Grocery/Staple,2024,25,722.38,-0.3,-1.5,301,0,733.68,1
Cowpea,Grocery/Staple,2024,26,741.06,1.61,0.96,294,0,732.46,0
Cowpea,Grocery/Staple,2024,27,734.57,0.89,0.09,287,0,731.54,0
Cowpea,Grocery/Staple,2024,28,730.83,0.26,-0.06,280,0,729.65,0
Cowpea,Grocery/Staple,2024,29,728.26,0.81,-0.39,273,0,730.14,1
Cowpea,Grocery/Staple,2024,30,736.19,-0.66,0.71,266,0,727.49,0
Cowpea,Grocery/Staple,2024,31,730.88,-0.5,-0.03,259,0,728.14,0
Cowpea,Grocery/Staple,2024,32,723.27,-1.03,-0.95,252,0,730.48,1
Cowpea,Grocery/Staple,2024,33,730.21,0.27,0.04,245,0,731.24,1
Cowpea,Grocery/Staple,2024,34,725.59,-1.44,-0.6,238,0,735.0,1
Cowpea,Grocery/Staple,2024,35,733.51,0.36,0.44,231,0,735.08,1
Cowpea,Grocery/Staple,2024,36,732.61,1.29,0.27,224,0,735.48,1
Cowpea,Grocery/Staple,2024,37,733.24,0.42,0.31,217,0,736.7,1
Cowpea,Grocery/Staple,2024,38,740.66,2.08,1.13,210,0,734.61,0
Cowpea,Grocery/Staple,2024,39,733.8,0.04,0.27,203,0,734.74,1
Cowpea,Grocery/Staple,2024,40,734.23,0.22,0.33,196,0,733.84,0
Cowpea,Grocery/Staple,2024,41,738.13,0.67,0.79,189,0,734.76,0
Cowpea,Grocery/Staple,2024,42,732.28,-1.13,-0.05,182,0,736.23,1
Cowpea,Grocery/Staple,2024,43,734.32,0.07,0.25,175,0,734.29,0
Cowpea,Grocery/Staple,2024,44,730.6,-0.49,-0.26,168,0,736.04,1
Cowpea,Grocery/Staple,2024,45,741.82,0.5,1.08,161,0,733.28,0
Cowpea,Grocery/Staple,2024,46,738.17,0.8,0.49,154,0,735.57,0
Cowpea,Grocery/Staple,2024,47,726.57,-1.06,-1.09,147,0,739.38,1
Cowpea,Grocery/Staple,2024,48,737.62,0.96,0.37,140,0,740.0,1
Cowpea,Grocery/Staple,2024,49,730.76,-1.49,-0.55,133,0,741.95,1
Cowpea,Grocery/Staple,2024,50,747.33,1.24,1.56,126,0,740.79,0
Cowpea,Grocery/Staple,2024,51,741.81,2.1,0.79,119,0,739.75,0
Cowpea,Grocery/Staple,2024,52,740.08,0.33,0.49,112,0,743.45,1
Cowpea,Grocery/Staple,2025,1,738.58,1.07,0.24,105,0,746.24,1
Cowpea,Grocery/Staple,2025,2,742.68,-0.62,0.75,98,0,744.59,1
Cowpea,Grocery/Staple,2025,3,737.66,-0.56,0.02,91,0,745.06,1
Cowpea,Grocery/Staple,2025,4,754.9,2.0,2.13,84,0,741.45,0
Cowpea,Grocery/Staple,2025,5,749.74,1.51,1.24,77,0,738.03,0
Cowpea,Grocery/Staple,2025,6,736.06,-0.89,-0.55,70,0,738.73,1
Cowpea,Grocery/Staple,2025,7,739.54,0.25,-0.1,63,0,739.35,0
Cowpea,Grocery/Staple,2025,8,740.44,-1.92,-0.12,56,0,738.04,0
Cowpea,Grocery/Staple,2025,9,736.09,-1.82,-0.69,49,0,737.78,1
Cowpea,Grocery/Staple,2025,10,738.87,0.38,-0.4,42,0,742.78,1
Cowpea,Grocery/Staple,2025,11,742.01,0.33,0.08,35,0,751.95,1
Cowpea,Grocery/Staple,2025,12,735.21,-0.71,-0.77,28,0,755.34,1
Cowpea,Grocery/Staple,2025,13,735.04,-0.14,-0.74,21,1,755.78,1
Cowpea,Grocery/Staple,2025,14,758.88,2.71,2.26,14,1,751.47,0
Cowpea,Grocery/Staple,2025,15,778.69,4.94,4.54,7,1,742.03,0
Cowpea,Grocery/Staple,2025,16,748.77,1.84,0.41,0,1,740.17,0
Cowpea,Grocery/Staple,2025,17,736.8,0.24,-1.01,358,0,742.53,1
Cowpea,Grocery/Staple,2025,18,741.64,-2.27,-0.28,351,0,742.3,1
Cowpea,Grocery/Staple,2025,19,740.9,-4.85,-0.43,344,0,742.88,1
Cowpea,Grocery/Staple,2025,20,741.35,-0.99,-0.38,337,0,743.28,1
Cowpea,Grocery/Staple,2025,21,746.22,1.28,0.21,330,0,740.51,0
Cowpea,Grocery/Staple,2025,22,740.72,-0.12,-0.58,323,0,743.51,1
Cowpea,Grocery/Staple,2025,23,743.22,0.31,-0.28,316,0,744.34,1
Cowpea,Grocery/Staple,2025,24,742.97,0.22,-0.33,309,0,746.43,1
Cowpea,Grocery/Staple,2025,25,735.14,-1.48,-1.38,302,0,748.88,1
Cowpea,Grocery/Staple,2025,26,752.72,1.62,0.8,295,0,747.26,0
Cowpea,Grocery/Staple,2025,27,746.51,0.44,0.09,288,0,747.39,1
Cowpea,Grocery/Staple,2025,28,751.34,1.13,1.02,281,0,746.02,0
Cowpea,Grocery/Staple,2025,29,744.95,1.33,0.21,274,0,745.91,1
Cowpea,Grocery/Staple,2025,30,746.26,-0.86,0.28,267,0,748.03,1
Cowpea,Grocery/Staple,2025,31,747.0,0.07,0.33,260,0,747.99,1
Cowpea,Grocery/Staple,2025,32,745.89,-0.73,0.13,253,0,746.94,1
Cowpea,Grocery/Staple,2025,33,744.49,-0.06,-0.09,246,0,746.87,1
Cowpea,Grocery/Staple,2025,34,754.75,1.14,1.19,239,0,745.66,0
Cowpea,Grocery/Staple,2025,35,746.85,-0.02,0.07,232,0,745.02,0
Cowpea,Grocery/Staple,2025,36,741.66,-0.57,-0.61,225,0,746.63,1
Cowpea,Grocery/Staple,2025,37,744.2,-0.04,-0.28,218,0,747.08,1
Cowpea,Grocery/Staple,2025,38,749.93,-0.64,0.33,211,0,746.89,0
Cowpea,Grocery/Staple,2025,39,744.3,-0.34,-0.33,204,0,748.59,1
Cowpea,Grocery/Staple,2025,40,748.1,0.87,0.16,197,0,749.92,1
Cowpea,Grocery/Staple,2025,41,745.99,0.24,-0.07,190,0,749.25,1
Cowpea,Grocery/Staple,2025,42,749.17,-0.1,0.32,183,0,747.94,0
Cowpea,Grocery/Staple,2025,43,751.1,0.91,0.52,176,0,745.69,0
Cowpea,Grocery/Staple,2025,44,753.42,0.71,0.77,169,0,740.67,0
Cowpea,Grocery/Staple,2025,45,743.31,-0.36,-0.56,162,0,741.91,0
Cowpea,Grocery/Staple,2025,46,743.94,-0.7,-0.47,155,0,743.05,0
Cowpea,Grocery/Staple,2025,47,742.09,-1.2,-0.59,148,0,745.91,1
Cowpea,Grocery/Staple,2025,48,733.34,-2.67,-1.62,141,0,748.55,1
Cowpea,Grocery/Staple,2025,49,748.29,0.67,0.32,134,0,746.39,0
Cowpea,Grocery/Staple,2025,50,748.47,0.61,0.3,127,0,747.85,0
Cowpea,Grocery/Staple,2025,51,753.54,1.54,0.94,120,0,746.74,0
Cowpea,Grocery/Staple,2025,52,743.89,1.44,-0.35,113,0,746.95,1
Cowpea,Grocery/Staple,2026,1,739.65,-1.15,-0.83,106,0,748.36,1
Cowpea,Grocery/Staple,2026,2,754.29,0.78,1.04,99,0,746.43,0
Cowpea,Grocery/Staple,2026,3,749.1,-0.59,0.35,92,0,744.35,0
Cowpea,Grocery/Staple,2026,4,744.77,0.12,-0.17,85,0,745.96,1
Cowpea,Grocery/Staple,2026,5,745.26,0.76,-0.02,78,0,746.46,1
Cowpea,Grocery/Staple,2026,6,746.59,-1.02,0.13,71,0,745.87,0
Cowpea,Grocery/Staple,2026,7,740.8,-1.11,-0.62,64,0,747.14,1
Cowpea,Grocery/Staple,2026,8,751.19,0.86,0.68,57,0,747.03,0
Cowpea,Grocery/Staple,2026,9,747.27,0.27,0.01,50,0,745.09,0
Cowpea,Grocery/Staple,2026,10,744.22,-0.32,-0.35,43,0,746.09,1
Cowpea,Grocery/Staple,2026,11,745.86,0.68,-0.11,36,0,756.39,1
Cowpea,Grocery/Staple,2026,12,750.77,-0.06,0.58,29,0,757.48,1
Cowpea,Grocery/Staple,2026,13,739.5,-1.04,-0.88,22,0,759.54,1
Cowpea,Grocery/Staple,2026,14,748.2,0.53,0.19,15,1,762.44,1
Cowpea,Grocery/Staple,2026,15,787.1,5.53,5.05,8,1,753.07,0
Cowpea,Grocery/Staple,2026,16,755.13,0.58,0.72,1,1,753.37,0
Cowpea,Grocery/Staple,2026,17,747.75,1.11,-0.3,359,0,752.89,1
Cowpea,Grocery/Staple,2026,18,759.79,1.55,1.16,352,0,749.61,0
Cowpea,Grocery/Staple,2026,19,749.64,-4.76,-0.22,345,0,749.41,0
Cowpea,Grocery/Staple,2026,20,756.3,0.16,0.5,338,0,744.89,0
White Sugar,Grocery/Staple,2022,24,120.17,0.0,0.0,305,0,126.85,1
White Sugar,Grocery/Staple,2022,25,122.85,0.0,1.1,298,0,129.73,1
White Sugar,Grocery/Staple,2022,26,125.94,0.0,2.4,291,0,132.75,1
White Sugar,Grocery/Staple,2022,27,127.6,0.0,2.79,284,0,136.29,1
White Sugar,Grocery/Staple,2022,28,131.0,9.01,4.37,277,0,139.83,1
White Sugar,Grocery/Staple,2022,29,134.36,9.37,5.8,270,0,143.22,1
White Sugar,Grocery/Staple,2022,30,138.02,9.59,7.36,263,0,146.91,1
White Sugar,Grocery/Staple,2022,31,141.8,11.12,8.89,256,0,150.02,1
White Sugar,Grocery/Staple,2022,32,145.14,10.79,10.06,249,0,153.08,1
White Sugar,Grocery/Staple,2022,33,147.91,10.09,10.81,242,0,155.81,1
White Sugar,Grocery/Staple,2022,34,152.8,10.71,12.99,235,0,158.46,1
White Sugar,Grocery/Staple,2022,35,154.23,8.77,12.73,228,0,161.16,1
White Sugar,Grocery/Staple,2022,36,157.39,8.44,13.72,221,0,163.57,1
White Sugar,Grocery/Staple,2022,37,158.81,7.37,12.33,214,0,166.21,1
White Sugar,Grocery/Staple,2022,38,163.4,6.94,13.09,207,0,168.61,1
White Sugar,Grocery/Staple,2022,39,165.03,7.0,11.88,200,0,171.74,1
White Sugar,Grocery/Staple,2022,40,167.04,6.13,10.97,193,0,174.36,1
White Sugar,Grocery/Staple,2022,41,169.38,6.65,10.36,186,0,177.68,1
White Sugar,Grocery/Staple,2022,42,173.0,5.87,10.57,179,0,180.19,1
White Sugar,Grocery/Staple,2022,43,177.53,7.57,11.3,172,0,182.61,1
White Sugar,Grocery/Staple,2022,44,177.55,6.29,9.43,165,0,185.83,1
White Sugar,Grocery/Staple,2022,45,182.63,7.82,10.6,158,0,188.42,1
White Sugar,Grocery/Staple,2022,46,183.05,5.81,9.07,151,0,191.17,1
White Sugar,Grocery/Staple,2022,47,187.18,5.44,9.8,144,0,193.74,1
White Sugar,Grocery/Staple,2022,48,190.44,7.26,9.91,137,0,195.98,1
White Sugar,Grocery/Staple,2022,49,193.02,5.69,9.67,130,0,198.57,1
White Sugar,Grocery/Staple,2022,50,194.03,6.0,8.57,123,0,201.34,1
White Sugar,Grocery/Staple,2022,51,197.45,5.49,8.89,116,0,203.46,1
White Sugar,Grocery/Staple,2022,52,199.43,4.72,8.4,109,0,205.79,1
White Sugar,Grocery/Staple,2023,1,203.36,5.36,8.88,102,0,208.02,1
White Sugar,Grocery/Staple,2023,2,205.13,5.72,8.23,95,0,210.92,1
White Sugar,Grocery/Staple,2023,3,205.94,4.3,7.23,88,0,213.77,1
White Sugar,Grocery/Staple,2023,4,208.74,4.67,7.35,81,0,216.63,1
White Sugar,Grocery/Staple,2023,5,212.29,4.39,7.69,74,0,218.38,1
White Sugar,Grocery/Staple,2023,6,216.7,5.64,8.48,67,0,219.19,1
White Sugar,Grocery/Staple,2023,7,217.35,5.54,7.39,60,0,220.34,1
White Sugar,Grocery/Staple,2023,8,220.2,5.49,7.45,53,0,220.48,1
White Sugar,Grocery/Staple,2023,9,219.28,3.29,5.86,46,0,220.47,1
White Sugar,Grocery/Staple,2023,10,219.94,1.5,5.12,39,0,221.65,1
White Sugar,Grocery/Staple,2023,11,221.94,2.12,5.0,32,0,223.23,1
White Sugar,Grocery/Staple,2023,12,220.77,0.26,3.57,25,0,221.9,1
White Sugar,Grocery/Staple,2023,13,219.23,-0.02,2.12,18,1,221.53,1
White Sugar,Grocery/Staple,2023,14,224.66,2.15,3.86,11,1,219.34,0
White Sugar,Grocery/Staple,2023,15,228.26,2.85,4.66,4,1,215.85,0
White Sugar,Grocery/Staple,2023,16,215.46,-2.41,-1.54,363,0,215.56,1
White Sugar,Grocery/Staple,2023,17,217.75,-0.67,-0.81,356,0,214.98,0
White Sugar,Grocery/Staple,2023,18,215.89,-3.91,-1.78,349,0,214.58,0
White Sugar,Grocery/Staple,2023,19,214.32,-6.11,-2.41,342,0,214.2,0
White Sugar,Grocery/Staple,2023,20,214.3,-0.54,-2.32,335,0,213.41,0
White Sugar,Grocery/Staple,2023,21,215.4,-1.08,-1.65,328,0,212.15,0
White Sugar,Grocery/Staple,2023,22,214.29,-0.74,-1.98,321,0,211.89,0
White Sugar,Grocery/Staple,2023,23,212.81,-0.7,-2.42,314,0,211.59,0
White Sugar,Grocery/Staple,2023,24,211.15,-1.47,-2.81,307,0,210.9,0
White Sugar,Grocery/Staple,2023,25,210.33,-2.35,-2.83,300,0,210.32,0
White Sugar,Grocery/Staple,2023,26,213.26,-0.48,-1.27,293,0,209.69,0
White Sugar,Grocery/Staple,2023,27,211.62,-0.56,-1.57,286,0,209.19,0
White Sugar,Grocery/Staple,2023,28,208.4,-1.3,-2.37,279,0,208.76,1
White Sugar,Grocery/Staple,2023,29,208.0,-1.11,-2.3,272,0,208.72,1
White Sugar,Grocery/Staple,2023,30,210.76,-1.17,-0.75,265,0,207.45,0
White Sugar,Grocery/Staple,2023,31,209.59,-0.96,-1.07,258,0,207.04,0
White Sugar,Grocery/Staple,2023,32,206.7,-0.81,-2.17,251,0,206.14,0
White Sugar,Grocery/Staple,2023,33,207.81,-0.09,-1.41,244,0,205.44,0
White Sugar,Grocery/Staple,2023,34,205.72,-2.39,-2.05,237,0,204.93,0
White Sugar,Grocery/Staple,2023,35,207.94,-0.79,-0.76,230,0,203.32,0
White Sugar,Grocery/Staple,2023,36,203.08,-1.75,-2.74,223,0,203.18,1
White Sugar,Grocery/Staple,2023,37,205.04,-1.33,-1.58,216,0,201.91,0
White Sugar,Grocery/Staple,2023,38,203.65,-1.01,-2.0,209,0,201.22,0
White Sugar,Grocery/Staple,2023,39,201.51,-3.09,-2.61,202,0,201.08,0
White Sugar,Grocery/Staple,2023,40,202.51,-0.28,-1.79,195,0,200.26,0
White Sugar,Grocery/Staple,2023,41,199.97,-2.47,-2.72,188,0,199.5,0
White Sugar,Grocery/Staple,2023,42,200.87,-1.36,-2.02,181,0,198.59,0
White Sugar,Grocery/Staple,2023,43,200.96,-0.28,-1.62,174,0,197.19,0
White Sugar,Grocery/Staple,2023,44,199.26,-1.61,-2.07,167,0,196.52,0
White Sugar,Grocery/Staple,2023,45,196.9,-1.54,-2.87,160,0,195.98,0
White Sugar,Grocery/Staple,2023,46,197.25,-1.8,-2.3,153,0,195.71,0
White Sugar,Grocery/Staple,2023,47,195.34,-2.8,-2.86,146,0,195.8,1
White Sugar,Grocery/Staple,2023,48,196.57,-1.35,-1.82,139,0,195.45,0
White Sugar,Grocery/Staple,2023,49,194.75,-1.09,-2.42,132,0,195.28,1
White Sugar,Grocery/Staple,2023,50,196.18,-0.54,-1.37,125,0,194.22,0
White Sugar,Grocery/Staple,2023,51,195.68,0.17,-1.32,118,0,193.46,0
White Sugar,Grocery/Staple,2023,52,195.17,-0.71,-1.33,111,0,193.19,0
White Sugar,Grocery/Staple,2024,1,194.09,-0.34,-1.55,104,0,192.79,0
White Sugar,Grocery/Staple,2024,2,191.95,-2.16,-2.33,97,0,193.28,1
White Sugar,Grocery/Staple,2024,3,192.61,-1.57,-1.68,90,0,193.14,1
White Sugar,Grocery/Staple,2024,4,194.12,-0.54,-0.64,83,0,192.66,0
White Sugar,Grocery/Staple,2024,5,192.48,-0.83,-1.22,76,0,192.81,1
White Sugar,Grocery/Staple,2024,6,193.92,1.02,-0.36,69,0,192.24,0
White Sugar,Grocery/Staple,2024,7,192.04,-0.3,-1.13,62,0,192.59,1
White Sugar,Grocery/Staple,2024,8,192.22,-0.98,-0.91,55,0,192.33,1
White Sugar,Grocery/Staple,2024,9,193.05,0.3,-0.34,48,0,192.64,0
White Sugar,Grocery/Staple,2024,10,191.67,-1.16,-0.93,41,0,193.91,1
White Sugar,Grocery/Staple,2024,11,193.44,0.73,0.09,34,0,196.3,1
White Sugar,Grocery/Staple,2024,12,191.16,-0.55,-0.91,27,0,196.9,1
White Sugar,Grocery/Staple,2024,13,194.27,0.63,0.74,20,1,196.27,1
White Sugar,Grocery/Staple,2024,14,196.77,2.66,1.92,13,1,195.33,0
White Sugar,Grocery/Staple,2024,15,202.98,4.93,4.68,6,1,192.41,0
White Sugar,Grocery/Staple,2024,16,193.57,1.26,-0.21,364,0,191.99,0
White Sugar,Grocery/Staple,2024,17,191.75,-1.3,-1.05,357,0,192.11,1
White Sugar,Grocery/Staple,2024,18,193.03,-1.9,-0.42,350,0,191.72,0
White Sugar,Grocery/Staple,2024,19,191.28,-5.77,-1.22,343,0,192.18,1
White Sugar,Grocery/Staple,2024,20,191.91,-0.86,-0.89,336,0,192.36,1
White Sugar,Grocery/Staple,2024,21,192.23,0.25,-0.72,329,0,192.84,1
White Sugar,Grocery/Staple,2024,22,191.47,-0.81,-1.05,322,0,193.28,1
White Sugar,Grocery/Staple,2024,23,193.13,0.97,-0.25,315,0,192.63,0
White Sugar,Grocery/Staple,2024,24,192.61,0.37,-0.48,308,0,192.85,1
White Sugar,Grocery/Staple,2024,25,194.15,1.0,0.19,301,0,192.37,0
White Sugar,Grocery/Staple,2024,26,193.25,0.93,-0.23,294,0,191.81,0
White Sugar,Grocery/Staple,2024,27,190.49,-1.36,-1.41,287,0,192.71,1
White Sugar,Grocery/Staple,2024,28,193.51,0.47,0.53,280,0,193.2,0
White Sugar,Grocery/Staple,2024,29,192.22,-0.99,-0.08,273,0,194.01,1
White Sugar,Grocery/Staple,2024,30,191.02,-1.15,-0.68,266,0,194.41,1
White Sugar,Grocery/Staple,2024,31,194.07,1.88,0.86,259,0,194.0,0
White Sugar,Grocery/Staple,2024,32,195.48,1.02,1.42,252,0,193.53,0
White Sugar,Grocery/Staple,2024,33,195.49,1.7,1.28,245,0,193.03,0
White Sugar,Grocery/Staple,2024,34,192.6,0.83,-0.23,238,0,193.37,1
White Sugar,Grocery/Staple,2024,35,192.42,-0.85,-0.36,231,0,194.25,1
White Sugar,Grocery/Staple,2024,36,193.62,-0.95,0.24,224,0,194.14,1
White Sugar,Grocery/Staple,2024,37,193.46,-1.04,0.13,217,0,194.27,1
White Sugar,Grocery/Staple,2024,38,193.98,0.72,0.4,210,0,193.93,0
White Sugar,Grocery/Staple,2024,39,195.92,1.82,1.3,203,0,193.58,0
White Sugar,Grocery/Staple,2024,40,193.19,-0.22,-0.22,196,0,193.97,1
White Sugar,Grocery/Staple,2024,41,193.97,0.26,0.16,189,0,194.12,1
White Sugar,Grocery/Staple,2024,42,192.63,-0.7,-0.55,182,0,194.38,1
White Sugar,Grocery/Staple,2024,43,194.55,-0.7,0.31,175,0,194.38,0
White Sugar,Grocery/Staple,2024,44,194.72,0.79,0.37,168,0,194.16,0
White Sugar,Grocery/Staple,2024,45,194.58,0.31,0.33,161,0,194.39,0
White Sugar,Grocery/Staple,2024,46,193.68,0.55,-0.06,154,0,194.59,1
White Sugar,Grocery/Staple,2024,47,194.53,-0.01,0.3,147,0,194.4,0
White Sugar,Grocery/Staple,2024,48,193.87,-0.43,-0.09,140,0,194.32,1
White Sugar,Grocery/Staple,2024,49,195.47,0.46,0.66,133,0,194.41,0
White Sugar,Grocery/Staple,2024,50,194.49,0.42,0.11,126,0,194.93,1
White Sugar,Grocery/Staple,2024,51,193.77,-0.39,-0.25,119,0,195.51,1
White Sugar,Grocery/Staple,2024,52,193.56,-0.16,-0.27,112,0,195.58,1
White Sugar,Grocery/Staple,2025,1,195.81,0.17,0.79,105,0,194.77,0
White Sugar,Grocery/Staple,2025,2,196.59,1.08,1.09,98,0,194.47,0
White Sugar,Grocery/Staple,2025,3,196.07,1.19,0.68,91,0,194.13,0
White Sugar,Grocery/Staple,2025,4,193.85,0.15,-0.43,84,0,194.55,1
White Sugar,Grocery/Staple,2025,5,192.56,-1.66,-1.01,77,0,195.2,1
White Sugar,Grocery/Staple,2025,6,195.4,-0.61,0.42,70,0,195.23,0
White Sugar,Grocery/Staple,2025,7,194.69,-0.7,0.01,63,0,195.43,1
White Sugar,Grocery/Staple,2025,8,195.56,0.88,0.42,56,0,195.52,0
White Sugar,Grocery/Staple,2025,9,195.15,1.35,0.16,49,0,195.81,1
White Sugar,Grocery/Staple,2025,10,195.51,0.06,0.34,42,0,196.6,1
White Sugar,Grocery/Staple,2025,11,195.5,0.42,0.3,35,0,199.25,1
White Sugar,Grocery/Staple,2025,12,195.92,0.18,0.42,28,0,199.66,1
White Sugar,Grocery/Staple,2025,13,196.32,0.6,0.52,21,1,199.98,1
White Sugar,Grocery/Staple,2025,14,198.66,1.61,1.61,14,1,199.17,1
White Sugar,Grocery/Staple,2025,15,206.12,5.43,5.03,7,1,196.44,0
White Sugar,Grocery/Staple,2025,16,197.55,0.83,0.6,0,1,196.44,0
White Sugar,Grocery/Staple,2025,17,197.58,0.64,0.47,358,0,196.22,0
White Sugar,Grocery/Staple,2025,18,195.42,-1.63,-0.74,351,0,196.8,1
White Sugar,Grocery/Staple,2025,19,195.2,-5.3,-0.84,344,0,196.69,1
White Sugar,Grocery/Staple,2025,20,197.54,-0.0,0.23,337,0,196.35,0
White Sugar,Grocery/Staple,2025,21,196.71,-0.44,-0.23,330,0,196.51,0
White Sugar,Grocery/Staple,2025,22,197.73,1.18,0.19,323,0,196.56,0
White Sugar,Grocery/Staple,2025,23,194.77,-0.22,-1.29,316,0,196.25,1
White Sugar,Grocery/Staple,2025,24,196.19,-0.68,-0.59,309,0,195.94,0
White Sugar,Grocery/Staple,2025,25,197.36,0.33,-0.06,302,0,195.67,0
White Sugar,Grocery/Staple,2025,26,197.93,0.1,0.17,295,0,194.86,0
White Sugar,Grocery/Staple,2025,27,193.52,-0.65,-1.87,288,0,195.6,1
White Sugar,Grocery/Staple,2025,28,194.97,-0.62,-0.7,281,0,195.73,1
White Sugar,Grocery/Staple,2025,29,196.28,-0.55,0.02,274,0,195.6,0
White Sugar,Grocery/Staple,2025,30,194.68,-1.64,-0.69,267,0,196.13,1
White Sugar,Grocery/Staple,2025,31,196.48,1.53,0.19,260,0,196.36,0
White Sugar,Grocery/Staple,2025,32,195.48,0.26,-0.33,253,0,196.77,1
White Sugar,Grocery/Staple,2025,33,195.78,-0.26,-0.11,246,0,196.54,1
White Sugar,Grocery/Staple,2025,34,196.78,1.08,0.4,239,0,197.35,1
White Sugar,Grocery/Staple,2025,35,197.39,0.46,0.72,232,0,197.17,0
White Sugar,Grocery/Staple,2025,36,197.13,0.85,0.5,225,0,197.4,1
White Sugar,Grocery/Staple,2025,37,194.87,-0.46,-0.6,218,0,197.86,1
White Sugar,Grocery/Staple,2025,38,200.02,1.64,1.92,211,0,197.05,0
White Sugar,Grocery/Staple,2025,39,196.66,-0.37,0.26,204,0,196.93,1
White Sugar,Grocery/Staple,2025,40,198.04,0.46,0.78,197,0,196.52,0
White Sugar,Grocery/Staple,2025,41,196.72,0.95,0.04,190,0,196.88,1
White Sugar,Grocery/Staple,2025,42,196.79,-1.61,0.06,183,0,196.61,0
White Sugar,Grocery/Staple,2025,43,196.16,-0.25,-0.32,176,0,197.09,1
White Sugar,Grocery/Staple,2025,44,196.39,-0.83,-0.2,169,0,197.19,1
White Sugar,Grocery/Staple,2025,45,198.19,0.75,0.61,162,0,196.84,0
White Sugar,Grocery/Staple,2025,46,195.71,-0.55,-0.65,155,0,197.12,1
White Sugar,Grocery/Staple,2025,47,198.06,0.97,0.5,148,0,196.56,0
White Sugar,Grocery/Staple,2025,48,196.8,0.21,-0.12,141,0,196.79,0
White Sugar,Grocery/Staple,2025,49,196.8,-0.7,-0.11,134,0,196.58,0
White Sugar,Grocery/Staple,2025,50,196.83,0.57,-0.17,127,0,196.99,1
White Sugar,Grocery/Staple,2025,51,195.81,-1.14,-0.52,120,0,196.85,1
White Sugar,Grocery/Staple,2025,52,197.7,0.46,0.39,113,0,196.78,0
White Sugar,Grocery/Staple,2026,1,195.99,-0.41,-0.39,106,0,197.22,1
White Sugar,Grocery/Staple,2026,2,198.46,0.83,0.79,99,0,196.78,0
White Sugar,Grocery/Staple,2026,3,195.26,-0.29,-0.78,92,0,196.69,1
White Sugar,Grocery/Staple,2026,4,197.42,-0.14,0.27,85,0,197.42,1
White Sugar,Grocery/Staple,2026,5,197.75,0.9,0.39,78,0,197.05,0
White Sugar,Grocery/Staple,2026,6,196.68,-0.9,-0.09,71,0,197.22,1
White Sugar,Grocery/Staple,2026,7,194.89,-0.19,-0.97,64,0,197.02,1
White Sugar,Grocery/Staple,2026,8,200.34,1.48,1.7,57,0,196.73,0
White Sugar,Grocery/Staple,2026,9,196.28,-0.75,-0.34,50,0,197.18,1
White Sugar,Grocery/Staple,2026,10,197.36,0.35,0.19,43,0,197.67,1
White Sugar,Grocery/Staple,2026,11,194.11,-0.4,-1.35,36,0,200.51,1
White Sugar,Grocery/Staple,2026,12,199.19,-0.57,1.09,29,0,200.89,1
White Sugar,Grocery/Staple,2026,13,198.06,0.91,0.51,22,0,200.9,1
White Sugar,Grocery/Staple,2026,14,199.31,0.99,1.01,15,1,199.97,1
White Sugar,Grocery/Staple,2026,15,205.5,5.87,3.87,8,1,197.57,0
White Sugar,Grocery/Staple,2026,16,200.71,0.76,1.23,1,1,197.11,0
White Sugar,Grocery/Staple,2026,17,198.07,0.01,-0.13,359,0,197.31,0
White Sugar,Grocery/Staple,2026,18,195.6,-1.86,-1.29,352,0,197.61,1
White Sugar,Grocery/Staple,2026,19,195.9,-4.67,-1.11,345,0,198.04,1
White Sugar,Grocery/Staple,2026,20,198.85,-0.92,0.23,338,0,197.48,0
Wheat Flour,Grocery/Staple,2022,24,101.26,0.0,0.0,305,0,107.1,1
Wheat Flour,Grocery/Staple,2022,25,102.06,0.0,0.39,298,0,110.2,1
Wheat Flour,Grocery/Staple,2022,26,105.08,0.0,2.22,291,0,113.29,1
Wheat Flour,Grocery/Staple,2022,27,109.28,0.0,4.66,284,0,115.87,1
Wheat Flour,Grocery/Staple,2022,28,111.99,10.6,5.72,277,0,118.47,1
Wheat Flour,Grocery/Staple,2022,29,114.45,12.14,6.61,270,0,120.94,1
Wheat Flour,Grocery/Staple,2022,30,117.44,11.76,7.94,263,0,123.37,1
Wheat Flour,Grocery/Staple,2022,31,119.59,9.43,8.57,256,0,126.22,1
Wheat Flour,Grocery/Staple,2022,32,122.4,9.3,9.77,249,0,128.9,1
Wheat Flour,Grocery/Staple,2022,33,124.33,8.63,10.23,242,0,131.49,1
Wheat Flour,Grocery/Staple,2022,34,127.16,8.28,11.45,235,0,133.99,1
Wheat Flour,Grocery/Staple,2022,35,131.0,9.55,13.42,228,0,136.2,1
Wheat Flour,Grocery/Staple,2022,36,133.12,8.76,13.92,221,0,138.43,1
Wheat Flour,Grocery/Staple,2022,37,134.67,8.32,12.76,214,0,140.89,1
Wheat Flour,Grocery/Staple,2022,38,137.18,7.88,12.32,207,0,142.83,1
Wheat Flour,Grocery/Staple,2022,39,139.84,6.74,12.05,200,0,145.15,1
Wheat Flour,Grocery/Staple,2022,40,142.05,6.71,11.57,193,0,147.29,1
Wheat Flour,Grocery/Staple,2022,41,144.5,7.3,11.31,186,0,149.71,1
Wheat Flour,Grocery/Staple,2022,42,144.95,5.66,9.67,179,0,152.46,1
Wheat Flour,Grocery/Staple,2022,43,149.08,6.61,10.75,172,0,154.35,1
Wheat Flour,Grocery/Staple,2022,44,150.62,6.03,9.95,165,0,156.52,1
Wheat Flour,Grocery/Staple,2022,45,154.2,6.71,10.59,158,0,158.37,1
Wheat Flour,Grocery/Staple,2022,46,155.95,7.59,9.92,151,0,160.77,1
Wheat Flour,Grocery/Staple,2022,47,156.63,5.06,8.66,144,0,163.39,1
Wheat Flour,Grocery/Staple,2022,48,159.33,5.78,8.89,137,0,165.62,1
Wheat Flour,Grocery/Staple,2022,49,161.59,4.79,8.81,130,0,168.0,1
Wheat Flour,Grocery/Staple,2022,50,165.52,6.14,9.7,123,0,170.34,1
Wheat Flour,Grocery/Staple,2022,51,167.14,6.71,9.11,116,0,172.53,1
Wheat Flour,Grocery/Staple,2022,52,168.21,5.58,8.27,109,0,174.79,1
Wheat Flour,Grocery/Staple,2023,1,171.11,5.89,8.57,102,0,176.54,1
Wheat Flour,Grocery/Staple,2023,2,174.89,5.66,9.35,95,0,178.04,1
Wheat Flour,Grocery/Staple,2023,3,175.92,5.25,8.38,88,0,179.58,1
Wheat Flour,Grocery/Staple,2023,4,177.23,5.36,7.74,81,0,182.31,1
Wheat Flour,Grocery/Staple,2023,5,178.13,4.1,6.92,74,0,184.23,1
Wheat Flour,Grocery/Staple,2023,6,180.89,3.43,7.25,67,0,185.8,1
Wheat Flour,Grocery/Staple,2023,7,182.07,3.49,6.68,60,0,186.69,1
Wheat Flour,Grocery/Staple,2023,8,188.14,6.16,8.7,53,0,185.7,0
Wheat Flour,Grocery/Staple,2023,9,185.81,4.32,6.1,46,0,185.24,0
Wheat Flour,Grocery/Staple,2023,10,187.16,3.46,5.68,39,0,185.93,0
Wheat Flour,Grocery/Staple,2023,11,185.64,1.96,3.92,32,0,186.79,1
Wheat Flour,Grocery/Staple,2023,12,184.19,-2.1,2.36,25,0,186.88,1
Wheat Flour,Grocery/Staple,2023,13,183.98,-0.99,1.55,18,1,186.53,1
Wheat Flour,Grocery/Staple,2023,14,189.9,1.47,3.99,11,1,184.93,0
Wheat Flour,Grocery/Staple,2023,15,189.1,1.87,2.94,4,1,183.38,0
Wheat Flour,Grocery/Staple,2023,16,184.56,0.2,0.1,363,0,182.73,0
Wheat Flour,Grocery/Staple,2023,17,182.58,-0.76,-1.19,356,0,182.04,0
Wheat Flour,Grocery/Staple,2023,18,183.47,-3.39,-0.93,349,0,181.11,0
Wheat Flour,Grocery/Staple,2023,19,182.92,-3.27,-1.31,342,0,180.6,0
Wheat Flour,Grocery/Staple,2023,20,181.96,-1.41,-1.82,335,0,179.88,0
Wheat Flour,Grocery/Staple,2023,21,179.79,-1.52,-2.65,328,0,179.76,0
Wheat Flour,Grocery/Staple,2023,22,179.77,-2.02,-2.42,321,0,178.75,0
Wheat Flour,Grocery/Staple,2023,23,180.88,-1.12,-1.56,314,0,178.34,0
Wheat Flour,Grocery/Staple,2023,24,179.09,-1.58,-2.27,307,0,177.78,0
Wheat Flour,Grocery/Staple,2023,25,179.31,-0.27,-1.95,300,0,176.95,0
Wheat Flour,Grocery/Staple,2023,26,175.73,-2.25,-3.57,293,0,177.01,1
Wheat Flour,Grocery/Staple,2023,27,179.23,-0.91,-1.2,286,0,175.88,0
Wheat Flour,Grocery/Staple,2023,28,176.85,-1.25,-2.01,279,0,175.35,0
Wheat Flour,Grocery/Staple,2023,29,175.99,-1.85,-2.12,272,0,174.91,0
Wheat Flour,Grocery/Staple,2023,30,175.96,0.13,-1.87,265,0,174.14,0
Wheat Flour,Grocery/Staple,2023,31,174.72,-2.51,-2.19,258,0,173.61,0
Wheat Flour,Grocery/Staple,2023,32,174.73,-1.2,-1.84,251,0,172.8,0
Wheat Flour,Grocery/Staple,2023,33,174.25,-0.99,-1.78,244,0,172.17,0
Wheat Flour,Grocery/Staple,2023,34,172.88,-1.75,-2.26,237,0,171.86,0
Wheat Flour,Grocery/Staple,2023,35,172.57,-1.23,-2.13,230,0,170.91,0
Wheat Flour,Grocery/Staple,2023,36,171.5,-1.85,-2.34,223,0,170.79,0
Wheat Flour,Grocery/Staple,2023,37,171.72,-1.45,-1.89,216,0,170.05,0
Wheat Flour,Grocery/Staple,2023,38,171.64,-0.72,-1.61,209,0,168.95,0
Wheat Flour,Grocery/Staple,2023,39,168.78,-2.19,-2.95,202,0,169.32,1
Wheat Flour,Grocery/Staple,2023,40,171.04,-0.27,-1.29,195,0,168.93,0
Wheat Flour,Grocery/Staple,2023,41,168.77,-1.72,-2.25,188,0,168.05,0
Wheat Flour,Grocery/Staple,2023,42,167.22,-2.57,-2.77,181,0,167.84,1
Wheat Flour,Grocery/Staple,2023,43,170.26,0.88,-0.75,174,0,166.52,0
Wheat Flour,Grocery/Staple,2023,44,169.49,-0.91,-0.97,167,0,165.83,0
Wheat Flour,Grocery/Staple,2023,45,165.22,-2.1,-3.05,160,0,166.41,1
Wheat Flour,Grocery/Staple,2023,46,166.38,-0.5,-2.01,153,0,166.13,0
Wheat Flour,Grocery/Staple,2023,47,164.99,-3.09,-2.49,146,0,165.77,1
Wheat Flour,Grocery/Staple,2023,48,166.72,-1.63,-1.2,139,0,164.97,0
Wheat Flour,Grocery/Staple,2023,49,167.56,1.42,-0.53,132,0,163.82,0
Wheat Flour,Grocery/Staple,2023,50,165.25,-0.68,-1.61,125,0,163.6,0
Wheat Flour,Grocery/Staple,2023,51,163.56,-0.87,-2.25,118,0,163.78,1
Wheat Flour,Grocery/Staple,2023,52,163.49,-1.94,-2.05,111,0,163.66,1
Wheat Flour,Grocery/Staple,2024,1,162.97,-2.74,-2.0,104,0,163.64,1
Wheat Flour,Grocery/Staple,2024,2,164.39,-0.52,-0.95,97,0,163.39,0
Wheat Flour,Grocery/Staple,2024,3,164.24,0.42,-0.9,90,0,162.86,0
Wheat Flour,Grocery/Staple,2024,4,163.02,-0.29,-1.31,83,0,162.4,0
Wheat Flour,Grocery/Staple,2024,5,162.91,-0.04,-1.07,76,0,162.26,0
Wheat Flour,Grocery/Staple,2024,6,163.4,-0.6,-0.69,69,0,162.02,0
Wheat Flour,Grocery/Staple,2024,7,162.1,-1.3,-1.28,62,0,162.22,1
Wheat Flour,Grocery/Staple,2024,8,161.17,-1.13,-1.67,55,0,162.36,1
Wheat Flour,Grocery/Staple,2024,9,162.36,-0.34,-0.74,48,0,162.56,1
Wheat Flour,Grocery/Staple,2024,10,162.43,-0.59,-0.46,41,0,163.41,1
Wheat Flour,Grocery/Staple,2024,11,162.9,0.49,-0.06,34,0,165.23,1
Wheat Flour,Grocery/Staple,2024,12,161.75,0.36,-0.68,27,0,165.21,1
Wheat Flour,Grocery/Staple,2024,13,163.16,0.5,0.2,20,1,164.18,1
Wheat Flour,Grocery/Staple,2024,14,165.84,2.1,1.71,13,1,162.97,0
Wheat Flour,Grocery/Staple,2024,15,170.15,4.45,4.07,6,1,160.65,0
Wheat Flour,Grocery/Staple,2024,16,161.69,-0.04,-0.98,364,0,161.12,0
Wheat Flour,Grocery/Staple,2024,17,159.05,-2.52,-2.42,357,0,161.79,1
Wheat Flour,Grocery/Staple,2024,18,161.01,-2.91,-1.13,350,0,162.24,1
Wheat Flour,Grocery/Staple,2024,19,160.86,-5.46,-1.1,343,0,162.17,1
Wheat Flour,Grocery/Staple,2024,20,163.58,1.17,0.5,336,0,161.81,0
Wheat Flour,Grocery/Staple,2024,21,161.71,1.67,-0.67,329,0,161.86,1
Wheat Flour,Grocery/Staple,2024,22,162.81,1.12,-0.02,322,0,161.95,0
Wheat Flour,Grocery/Staple,2024,23,160.57,-0.18,-1.31,315,0,162.73,1
Wheat Flour,Grocery/Staple,2024,24,162.16,-0.87,-0.3,308,0,162.62,1
Wheat Flour,Grocery/Staple,2024,25,161.88,0.1,-0.48,301,0,162.88,1
Wheat Flour,Grocery/Staple,2024,26,163.2,0.24,0.33,294,0,163.03,0
Wheat Flour,Grocery/Staple,2024,27,163.67,1.93,0.73,287,0,162.98,0
Wheat Flour,Grocery/Staple,2024,28,161.72,-0.27,-0.07,280,0,162.71,1
Wheat Flour,Grocery/Staple,2024,29,162.94,0.65,0.62,273,0,162.96,1
Wheat Flour,Grocery/Staple,2024,30,163.77,0.35,0.91,266,0,162.83,0
Wheat Flour,Grocery/Staple,2024,31,163.48,-0.12,0.61,259,0,162.44,0
Wheat Flour,Grocery/Staple,2024,32,160.65,-0.66,-1.12,252,0,162.66,1
Wheat Flour,Grocery/Staple,2024,33,163.95,0.62,0.89,245,0,162.26,0
Wheat Flour,Grocery/Staple,2024,34,163.25,-0.32,0.39,238,0,162.53,0
Wheat Flour,Grocery/Staple,2024,35,161.91,-0.96,-0.39,231,0,162.64,1
Wheat Flour,Grocery/Staple,2024,36,161.51,0.54,-0.68,224,0,163.31,1
Wheat Flour,Grocery/Staple,2024,37,162.36,-0.97,-0.17,217,0,163.56,1
Wheat Flour,Grocery/Staple,2024,38,164.32,0.65,0.92,210,0,162.98,0
Wheat Flour,Grocery/Staple,2024,39,162.38,0.28,-0.24,203,0,163.21,1
Wheat Flour,Grocery/Staple,2024,40,164.19,1.66,0.85,196,0,162.97,0
Wheat Flour,Grocery/Staple,2024,41,163.37,0.62,0.27,189,0,163.17,0
Wheat Flour,Grocery/Staple,2024,42,161.97,-1.43,-0.54,182,0,163.97,1
Wheat Flour,Grocery/Staple,2024,43,163.31,0.58,0.3,175,0,164.19,1
Wheat Flour,Grocery/Staple,2024,44,163.21,-0.6,0.25,168,0,164.43,1
Wheat Flour,Grocery/Staple,2024,45,164.18,0.49,0.68,161,0,164.42,1
Wheat Flour,Grocery/Staple,2024,46,165.19,1.99,1.24,154,0,164.12,0
Wheat Flour,Grocery/Staple,2024,47,164.19,0.54,0.59,147,0,163.76,0
Wheat Flour,Grocery/Staple,2024,48,164.16,0.58,0.46,140,0,163.43,0
Wheat Flour,Grocery/Staple,2024,49,164.11,-0.04,0.31,133,0,163.63,0
Wheat Flour,Grocery/Staple,2024,50,164.0,-0.72,0.16,126,0,164.12,1
Wheat Flour,Grocery/Staple,2024,51,162.76,-0.87,-0.53,119,0,164.9,1
Wheat Flour,Grocery/Staple,2024,52,162.87,-0.79,-0.48,112,0,165.6,1
Wheat Flour,Grocery/Staple,2025,1,164.9,0.48,0.73,105,0,166.1,1
Wheat Flour,Grocery/Staple,2025,2,165.97,1.2,1.25,98,0,165.62,0
Wheat Flour,Grocery/Staple,2025,3,165.85,1.9,1.0,91,0,165.37,0
Wheat Flour,Grocery/Staple,2025,4,165.69,1.73,0.79,84,0,165.3,0
Wheat Flour,Grocery/Staple,2025,5,166.91,1.22,1.35,77,0,165.01,0
Wheat Flour,Grocery/Staple,2025,6,164.03,-1.17,-0.39,70,0,165.93,1
Wheat Flour,Grocery/Staple,2025,7,164.86,-0.6,0.14,63,0,166.25,1
Wheat Flour,Grocery/Staple,2025,8,165.41,-0.17,0.41,56,0,166.36,1
Wheat Flour,Grocery/Staple,2025,9,165.75,-0.69,0.54,49,0,166.1,1
Wheat Flour,Grocery/Staple,2025,10,167.69,2.24,1.55,42,0,165.79,0
Wheat Flour,Grocery/Staple,2025,11,166.13,0.77,0.51,35,0,167.84,1
Wheat Flour,Grocery/Staple,2025,12,165.86,0.27,0.2,28,0,167.98,1
Wheat Flour,Grocery/Staple,2025,13,164.7,-0.63,-0.58,21,1,168.18,1
Wheat Flour,Grocery/Staple,2025,14,166.48,-0.72,0.41,14,1,167.77,1
Wheat Flour,Grocery/Staple,2025,15,174.33,4.93,4.74,7,1,165.79,0
Wheat Flour,Grocery/Staple,2025,16,166.39,0.32,-0.05,0,1,165.95,0
Wheat Flour,Grocery/Staple,2025,17,165.51,0.49,-0.57,358,0,165.74,1
Wheat Flour,Grocery/Staple,2025,18,164.84,-0.98,-0.88,351,0,165.99,1
Wheat Flour,Grocery/Staple,2025,19,166.42,-4.53,-0.04,344,0,165.25,0
Wheat Flour,Grocery/Staple,2025,20,167.02,0.38,0.22,337,0,164.86,0
Wheat Flour,Grocery/Staple,2025,21,164.67,-0.51,-1.16,330,0,164.84,1
Wheat Flour,Grocery/Staple,2025,22,165.85,0.61,-0.46,323,0,164.39,0
Wheat Flour,Grocery/Staple,2025,23,163.47,-1.78,-1.69,316,0,164.94,1
Wheat Flour,Grocery/Staple,2025,24,165.47,-0.93,-0.46,309,0,164.68,0
Wheat Flour,Grocery/Staple,2025,25,164.56,-0.07,-0.95,302,0,165.05,1
Wheat Flour,Grocery/Staple,2025,26,164.05,-1.08,-1.22,295,0,165.06,1
Wheat Flour,Grocery/Staple,2025,27,165.66,1.34,-0.22,288,0,165.1,0
Wheat Flour,Grocery/Staple,2025,28,164.43,-0.63,-0.5,281,0,165.41,1
Wheat Flour,Grocery/Staple,2025,29,166.05,0.9,0.5,274,0,165.44,0
Wheat Flour,Grocery/Staple,2025,30,164.11,0.03,-0.62,267,0,165.41,1
Wheat Flour,Grocery/Staple,2025,31,165.81,0.09,0.37,260,0,165.37,0
Wheat Flour,Grocery/Staple,2025,32,165.7,0.77,0.34,253,0,165.37,0
Wheat Flour,Grocery/Staple,2025,33,166.16,0.07,0.66,246,0,165.27,0
Wheat Flour,Grocery/Staple,2025,34,163.98,-0.08,-0.63,239,0,166.18,1
Wheat Flour,Grocery/Staple,2025,35,165.65,-0.09,0.39,232,0,166.06,1
Wheat Flour,Grocery/Staple,2025,36,165.69,-0.01,0.31,225,0,166.17,1
Wheat Flour,Grocery/Staple,2025,37,165.76,-0.24,0.34,218,0,165.76,0
Wheat Flour,Grocery/Staple,2025,38,167.61,2.22,1.31,211,0,165.51,0
Wheat Flour,Grocery/Staple,2025,39,165.2,-0.27,-0.2,204,0,165.22,1
Wheat Flour,Grocery/Staple,2025,40,166.11,0.26,0.33,197,0,164.65,0
Wheat Flour,Grocery/Staple,2025,41,164.13,-0.98,-0.85,190,0,165.3,1
Wheat Flour,Grocery/Staple,2025,42,166.58,-0.61,0.61,183,0,165.15,0
Wheat Flour,Grocery/Staple,2025,43,164.06,-0.69,-0.91,176,0,165.36,1
Wheat Flour,Grocery/Staple,2025,44,163.82,-1.38,-0.96,169,0,165.82,1
Wheat Flour,Grocery/Staple,2025,45,166.75,1.59,0.75,162,0,165.71,0
Wheat Flour,Grocery/Staple,2025,46,165.96,-0.38,0.29,155,0,165.84,0
Wheat Flour,Grocery/Staple,2025,47,164.93,0.53,-0.38,148,0,166.67,1
Wheat Flour,Grocery/Staple,2025,48,165.64,1.11,0.05,141,0,166.98,1
Wheat Flour,Grocery/Staple,2025,49,166.32,-0.26,0.43,134,0,167.21,1
Wheat Flour,Grocery/Staple,2025,50,166.45,0.3,0.48,127,0,167.58,1
Wheat Flour,Grocery/Staple,2025,51,168.28,2.03,1.55,120,0,167.11,0
Wheat Flour,Grocery/Staple,2025,52,166.88,0.75,0.63,113,0,166.45,0
Wheat Flour,Grocery/Staple,2026,1,167.24,0.56,0.79,106,0,166.44,0
Wheat Flour,Grocery/Staple,2026,2,167.93,0.89,1.03,99,0,165.49,0
Wheat Flour,Grocery/Staple,2026,3,166.38,-1.13,0.11,92,0,165.34,0
Wheat Flour,Grocery/Staple,2026,4,164.23,-1.59,-1.2,85,0,165.89,1
Wheat Flour,Grocery/Staple,2026,5,167.22,-0.01,0.45,78,0,165.78,0
Wheat Flour,Grocery/Staple,2026,6,164.14,-2.26,-1.28,71,0,166.38,1
Wheat Flour,Grocery/Staple,2026,7,165.75,-0.38,-0.31,64,0,166.8,1
Wheat Flour,Grocery/Staple,2026,8,166.46,1.36,0.05,57,0,166.48,1
Wheat Flour,Grocery/Staple,2026,9,166.78,-0.26,0.19,50,0,166.82,1
Wheat Flour,Grocery/Staple,2026,10,166.53,1.45,0.03,43,0,167.05,1
Wheat Flour,Grocery/Staple,2026,11,167.43,1.02,0.53,36,0,168.08,1
Wheat Flour,Grocery/Staple,2026,12,165.16,-0.78,-0.7,29,0,168.33,1
Wheat Flour,Grocery/Staple,2026,13,168.14,0.82,1.04,22,0,167.82,0
Wheat Flour,Grocery/Staple,2026,14,167.47,0.57,0.62,15,1,167.71,1
Wheat Flour,Grocery/Staple,2026,15,171.55,2.46,2.9,8,1,166.75,0
Wheat Flour,Grocery/Staple,2026,16,166.16,0.6,-0.32,1,1,166.26,1
Wheat Flour,Grocery/Staple,2026,17,166.12,-1.2,-0.43,359,0,166.55,1
Wheat Flour,Grocery/Staple,2026,18,167.0,-0.28,0.11,352,0,166.75,0
Wheat Flour,Grocery/Staple,2026,19,167.72,-2.24,0.37,345,0,166.04,0
Wheat Flour,Grocery/Staple,2026,20,164.21,-1.17,-1.66,338,0,167.0,1
Big Onion,Grocery/Staple,2022,24,87.61,0.0,0.0,305,0,91.91,1
Big Onion,Grocery/Staple,2022,25,88.41,0.0,0.45,298,0,94.11,1
Big Onion,Grocery/Staple,2022,26,91.37,0.0,2.51,291,0,96.36,1
Big Onion,Grocery/Staple,2022,27,92.2,0.0,2.57,284,0,98.64,1
Big Onion,Grocery/Staple,2022,28,95.68,9.21,5.08,277,0,100.39,1
Big Onion,Grocery/Staple,2022,29,97.2,9.94,5.56,270,0,102.61,1
Big Onion,Grocery/Staple,2022,30,100.38,9.86,7.63,263,0,104.69,1
Big Onion,Grocery/Staple,2022,31,101.29,9.86,7.45,256,0,107.05,1
Big Onion,Grocery/Staple,2022,32,102.68,7.32,7.85,249,0,109.56,1
Big Onion,Grocery/Staple,2022,33,106.1,9.16,10.18,242,0,111.69,1
Big Onion,Grocery/Staple,2022,34,108.7,8.29,11.58,235,0,113.46,1
Big Onion,Grocery/Staple,2022,35,110.74,9.33,12.39,228,0,115.42,1
Big Onion,Grocery/Staple,2022,36,112.7,9.76,13.13,221,0,117.57,1
Big Onion,Grocery/Staple,2022,37,114.63,8.04,12.71,214,0,119.63,1
Big Onion,Grocery/Staple,2022,38,115.77,6.51,11.53,207,0,121.79,1
Big Onion,Grocery/Staple,2022,39,118.6,7.09,11.99,200,0,123.92,1
Big Onion,Grocery/Staple,2022,40,121.3,7.63,12.17,193,0,125.38,1
Big Onion,Grocery/Staple,2022,41,122.87,7.19,11.47,186,0,127.59,1
Big Onion,Grocery/Staple,2022,42,124.39,7.44,10.75,179,0,129.41,1
Big Onion,Grocery/Staple,2022,43,127.12,7.19,11.14,172,0,131.73,1
Big Onion,Grocery/Staple,2022,44,127.14,4.81,9.26,165,0,133.92,1
Big Onion,Grocery/Staple,2022,45,131.69,7.18,11.05,158,0,135.27,1
Big Onion,Grocery/Staple,2022,46,131.68,5.86,9.22,151,0,137.71,1
Big Onion,Grocery/Staple,2022,47,136.41,7.3,11.17,144,0,139.24,1
Big Onion,Grocery/Staple,2022,48,135.92,6.91,9.05,137,0,141.05,1
Big Onion,Grocery/Staple,2022,49,137.08,4.09,8.36,130,0,143.4,1
Big Onion,Grocery/Staple,2022,50,141.43,7.4,10.0,123,0,145.37,1
Big Onion,Grocery/Staple,2022,51,142.54,4.49,9.12,116,0,147.48,1
Big Onion,Grocery/Staple,2022,52,143.16,5.33,8.03,109,0,149.3,1
Big Onion,Grocery/Staple,2023,1,146.46,6.84,8.93,102,0,150.27,1
Big Onion,Grocery/Staple,2023,2,149.32,5.58,9.4,95,0,151.77,1
Big Onion,Grocery/Staple,2023,3,150.98,5.92,8.99,88,0,153.23,1
Big Onion,Grocery/Staple,2023,4,150.43,5.08,7.2,81,0,155.24,1
Big Onion,Grocery/Staple,2023,5,150.35,2.66,5.8,74,0,157.68,1
Big Onion,Grocery/Staple,2023,6,155.34,4.03,7.93,67,0,158.93,1
Big Onion,Grocery/Staple,2023,7,156.79,3.85,7.49,60,0,159.59,1
Big Onion,Grocery/Staple,2023,8,158.47,5.35,7.39,53,0,159.18,1
Big Onion,Grocery/Staple,2023,9,160.11,6.49,7.15,46,0,159.04,0
Big Onion,Grocery/Staple,2023,10,160.35,3.23,6.04,39,0,158.8,0
Big Onion,Grocery/Staple,2023,11,159.43,1.68,4.48,32,0,159.23,0
Big Onion,Grocery/Staple,2023,12,156.84,-1.02,2.05,25,0,159.04,1
Big Onion,Grocery/Staple,2023,13,159.52,-0.37,2.95,18,1,158.24,0
Big Onion,Grocery/Staple,2023,14,159.41,-0.58,2.22,11,1,157.28,0
Big Onion,Grocery/Staple,2023,15,161.15,1.08,2.73,4,1,155.93,0
Big Onion,Grocery/Staple,2023,16,156.06,-0.5,-0.75,363,0,155.76,0
Big Onion,Grocery/Staple,2023,17,156.35,-1.99,-0.86,356,0,155.38,0
Big Onion,Grocery/Staple,2023,18,155.57,-2.41,-1.61,349,0,155.26,0
Big Onion,Grocery/Staple,2023,19,155.73,-3.36,-1.52,342,0,155.02,0
Big Onion,Grocery/Staple,2023,20,155.39,-0.43,-1.67,335,0,155.02,0
Big Onion,Grocery/Staple,2023,21,154.82,-0.97,-1.85,328,0,154.8,0
Big Onion,Grocery/Staple,2023,22,155.08,-0.31,-1.45,321,0,154.12,0
Big Onion,Grocery/Staple,2023,23,154.78,-0.61,-1.38,314,0,153.36,0
Big Onion,Grocery/Staple,2023,24,155.38,-0.01,-0.79,307,0,152.27,0
Big Onion,Grocery/Staple,2023,25,153.94,-0.57,-1.57,300,0,151.18,0
Big Onion,Grocery/Staple,2023,26,152.39,-1.74,-2.22,293,0,150.92,0
Big Onion,Grocery/Staple,2023,27,151.74,-1.96,-2.27,286,0,150.45,0
Big Onion,Grocery/Staple,2023,28,151.01,-2.82,-2.25,279,0,150.16,0
Big Onion,Grocery/Staple,2023,29,149.59,-2.83,-2.85,272,0,149.8,1
Big Onion,Grocery/Staple,2023,30,151.34,-0.69,-1.47,265,0,148.91,0
Big Onion,Grocery/Staple,2023,31,149.88,-1.23,-2.14,258,0,148.89,0
Big Onion,Grocery/Staple,2023,32,149.83,-0.78,-1.88,251,0,148.31,0
Big Onion,Grocery/Staple,2023,33,148.15,-0.96,-2.63,244,0,147.91,0
Big Onion,Grocery/Staple,2023,34,147.81,-2.33,-2.51,237,0,147.76,0
Big Onion,Grocery/Staple,2023,35,149.77,-0.07,-0.94,230,0,146.8,0
Big Onion,Grocery/Staple,2023,36,147.52,-1.54,-2.07,223,0,145.96,0
Big Onion,Grocery/Staple,2023,37,146.53,-1.09,-2.29,216,0,145.57,0
Big Onion,Grocery/Staple,2023,38,147.2,-0.41,-1.5,209,0,145.23,0
Big Onion,Grocery/Staple,2023,39,145.96,-2.55,-2.01,202,0,144.95,0
Big Onion,Grocery/Staple,2023,40,144.13,-2.3,-2.85,195,0,144.61,1
Big Onion,Grocery/Staple,2023,41,145.01,-1.04,-1.96,188,0,144.37,0
Big Onion,Grocery/Staple,2023,42,145.82,-0.93,-1.21,181,0,143.23,0
Big Onion,Grocery/Staple,2023,43,144.85,-0.76,-1.54,174,0,142.78,0
Big Onion,Grocery/Staple,2023,44,142.77,-0.95,-2.59,167,0,142.77,1
Big Onion,Grocery/Staple,2023,45,144.04,-0.67,-1.42,160,0,141.93,0
Big Onion,Grocery/Staple,2023,46,141.24,-3.14,-2.98,153,0,141.97,1
Big Onion,Grocery/Staple,2023,47,143.05,-1.25,-1.5,146,0,141.19,0
Big Onion,Grocery/Staple,2023,48,142.76,-0.01,-1.33,139,0,140.64,0
Big Onion,Grocery/Staple,2023,49,140.66,-2.35,-2.43,132,0,140.15,0
Big Onion,Grocery/Staple,2023,50,141.41,0.12,-1.64,125,0,139.1,0
Big Onion,Grocery/Staple,2023,51,139.92,-2.19,-2.29,118,0,138.94,0
Big Onion,Grocery/Staple,2023,52,140.57,-1.54,-1.55,111,0,138.68,0
Big Onion,Grocery/Staple,2024,1,138.7,-1.4,-2.58,104,0,139.15,1
Big Onion,Grocery/Staple,2024,2,137.22,-2.96,-3.21,97,0,139.84,1
Big Onion,Grocery/Staple,2024,3,139.29,-0.45,-1.4,90,0,139.69,1
Big Onion,Grocery/Staple,2024,4,139.51,-0.75,-0.96,83,0,139.35,0
Big Onion,Grocery/Staple,2024,5,140.6,1.37,-0.07,76,0,139.03,0
Big Onion,Grocery/Staple,2024,6,139.99,2.02,-0.28,69,0,138.41,0
Big Onion,Grocery/Staple,2024,7,138.69,-0.43,-1.07,62,0,138.86,1
Big Onion,Grocery/Staple,2024,8,138.11,-1.0,-1.21,55,0,138.81,1
Big Onion,Grocery/Staple,2024,9,139.32,-0.91,-0.15,48,0,138.51,0
Big Onion,Grocery/Staple,2024,10,137.53,-1.75,-1.26,41,0,138.74,1
Big Onion,Grocery/Staple,2024,11,140.45,1.27,0.88,34,0,139.78,0
Big Onion,Grocery/Staple,2024,12,137.91,-0.15,-0.83,27,0,139.64,1
Big Onion,Grocery/Staple,2024,13,138.13,-0.86,-0.54,20,1,139.75,1
Big Onion,Grocery/Staple,2024,14,138.46,0.67,-0.29,13,1,139.72,1
Big Onion,Grocery/Staple,2024,15,144.62,2.97,3.72,6,1,137.89,0
Big Onion,Grocery/Staple,2024,16,137.36,-0.4,-1.38,364,0,138.25,1
Big Onion,Grocery/Staple,2024,17,138.56,0.31,-0.46,357,0,138.1,0
Big Onion,Grocery/Staple,2024,18,138.32,-0.1,-0.52,350,0,138.43,1
Big Onion,Grocery/Staple,2024,19,137.33,-5.04,-1.08,343,0,138.4,1
Big Onion,Grocery/Staple,2024,20,138.77,1.03,-0.05,336,0,138.39,0
Big Onion,Grocery/Staple,2024,21,138.0,-0.41,-0.6,329,0,138.72,1
Big Onion,Grocery/Staple,2024,22,139.64,0.96,0.57,322,0,138.27,0
Big Onion,Grocery/Staple,2024,23,137.21,-0.09,-1.17,315,0,138.76,1
Big Onion,Grocery/Staple,2024,24,138.72,-0.04,0.02,308,0,138.7,0
Big Onion,Grocery/Staple,2024,25,139.32,0.96,0.37,301,0,138.62,0
Big Onion,Grocery/Staple,2024,26,137.82,-1.3,-0.69,294,0,138.73,1
Big Onion,Grocery/Staple,2024,27,139.19,1.44,0.25,287,0,138.68,0
Big Onion,Grocery/Staple,2024,28,138.47,-0.18,0.08,280,0,138.79,1
Big Onion,Grocery/Staple,2024,29,139.01,-0.22,0.38,273,0,139.13,1
Big Onion,Grocery/Staple,2024,30,138.26,0.32,-0.15,266,0,139.29,1
Big Onion,Grocery/Staple,2024,31,138.98,-0.15,0.33,259,0,139.18,1
Big Onion,Grocery/Staple,2024,32,138.91,0.31,0.2,252,0,139.29,1
Big Onion,Grocery/Staple,2024,33,140.39,0.99,1.17,245,0,139.45,0
Big Onion,Grocery/Staple,2024,34,138.89,0.45,0.04,238,0,139.63,1
Big Onion,Grocery/Staple,2024,35,138.53,-0.32,-0.16,231,0,140.06,1
Big Onion,Grocery/Staple,2024,36,139.35,0.31,0.31,224,0,139.86,1
Big Onion,Grocery/Staple,2024,37,141.03,0.46,1.4,217,0,139.69,0
Big Onion,Grocery/Staple,2024,38,139.62,0.53,0.37,210,0,139.73,1
Big Onion,Grocery/Staple,2024,39,140.22,1.22,0.67,203,0,140.19,0
Big Onion,Grocery/Staple,2024,40,138.56,-0.56,-0.49,196,0,140.8,1
Big Onion,Grocery/Staple,2024,41,140.35,-0.48,0.68,189,0,140.88,1
Big Onion,Grocery/Staple,2024,42,139.78,0.11,0.24,182,0,141.06,1
Big Onion,Grocery/Staple,2024,43,142.08,1.32,1.67,175,0,141.01,0
Big Onion,Grocery/Staple,2024,44,141.01,1.76,0.79,168,0,141.19,1
Big Onion,Grocery/Staple,2024,45,140.66,0.22,0.44,161,0,141.08,1
Big Onion,Grocery/Staple,2024,46,140.5,0.51,0.32,154,0,141.33,1
Big Onion,Grocery/Staple,2024,47,141.87,-0.14,1.14,147,0,141.12,0
Big Onion,Grocery/Staple,2024,48,141.74,0.52,0.87,140,0,140.81,0
Big Onion,Grocery/Staple,2024,49,140.23,-0.31,-0.26,133,0,141.57,1
Big Onion,Grocery/Staple,2024,50,141.5,0.71,0.62,126,0,141.67,1
Big Onion,Grocery/Staple,2024,51,141.02,-0.6,0.21,119,0,142.04,1
Big Onion,Grocery/Staple,2024,52,140.49,-0.88,-0.18,112,0,142.14,1
Big Onion,Grocery/Staple,2025,1,143.27,2.17,1.53,105,0,141.76,0
Big Onion,Grocery/Staple,2025,2,141.9,0.28,0.47,98,0,141.81,0
Big Onion,Grocery/Staple,2025,3,142.49,1.04,0.74,91,0,141.14,0
Big Onion,Grocery/Staple,2025,4,140.92,0.3,-0.31,84,0,140.87,0
Big Onion,Grocery/Staple,2025,5,141.72,-1.09,0.22,77,0,140.97,0
Big Onion,Grocery/Staple,2025,6,142.12,0.16,0.42,70,0,140.77,0
Big Onion,Grocery/Staple,2025,7,139.8,-1.89,-1.18,63,0,141.17,1
Big Onion,Grocery/Staple,2025,8,139.85,-0.76,-1.03,56,0,141.45,1
Big Onion,Grocery/Staple,2025,9,142.11,0.28,0.55,49,0,141.33,0
Big Onion,Grocery/Staple,2025,10,141.3,-0.58,-0.09,42,0,141.39,1
Big Onion,Grocery/Staple,2025,11,141.42,1.16,0.0,35,0,142.59,1
Big Onion,Grocery/Staple,2025,12,140.95,0.79,-0.32,28,0,142.66,1
Big Onion,Grocery/Staple,2025,13,141.66,-0.32,0.11,21,1,143.07,1
Big Onion,Grocery/Staple,2025,14,141.55,0.18,0.13,14,1,142.94,1
Big Onion,Grocery/Staple,2025,15,146.21,3.39,3.18,7,1,141.93,0
Big Onion,Grocery/Staple,2025,16,141.23,0.2,-0.26,0,1,141.92,1
Big Onion,Grocery/Staple,2025,17,143.31,1.16,1.07,358,0,141.01,0
Big Onion,Grocery/Staple,2025,18,141.03,-0.37,-0.5,351,0,141.39,1
Big Onion,Grocery/Staple,2025,19,142.13,-2.79,0.28,344,0,141.33,0
Big Onion,Grocery/Staple,2025,20,141.19,-0.03,-0.46,337,0,141.42,1
Big Onion,Grocery/Staple,2025,21,139.67,-2.54,-1.52,330,0,141.92,1
Big Onion,Grocery/Staple,2025,22,142.56,1.09,0.49,323,0,141.58,0
Big Onion,Grocery/Staple,2025,23,141.91,-0.16,0.0,316,0,141.38,0
Big Onion,Grocery/Staple,2025,24,141.52,0.23,-0.28,309,0,141.55,1
Big Onion,Grocery/Staple,2025,25,141.68,1.44,-0.21,302,0,141.51,0
Big Onion,Grocery/Staple,2025,26,141.21,-0.95,-0.52,295,0,141.46,1
Big Onion,Grocery/Staple,2025,27,141.12,-0.56,-0.55,288,0,141.48,1
Big Onion,Grocery/Staple,2025,28,142.19,0.47,0.42,281,0,141.24,0
Big Onion,Grocery/Staple,2025,29,141.53,-0.1,-0.06,274,0,140.74,0
Big Onion,Grocery/Staple,2025,30,140.99,-0.16,-0.32,267,0,140.65,0
Big Onion,Grocery/Staple,2025,31,141.2,0.05,-0.18,260,0,140.96,0
Big Onion,Grocery/Staple,2025,32,141.24,-0.66,-0.1,253,0,140.63,0
Big Onion,Grocery/Staple,2025,33,139.53,-1.42,-1.22,246,0,140.99,1
Big Onion,Grocery/Staple,2025,34,140.64,-0.24,-0.49,239,0,141.77,1
Big Onion,Grocery/Staple,2025,35,142.42,0.87,0.78,232,0,141.64,0
Big Onion,Grocery/Staple,2025,36,139.93,-0.93,-0.88,225,0,141.73,1
Big Onion,Grocery/Staple,2025,37,140.97,1.03,-0.11,218,0,141.62,1
Big Onion,Grocery/Staple,2025,38,143.77,2.22,1.76,211,0,141.5,0
Big Onion,Grocery/Staple,2025,39,141.91,-0.36,0.4,204,0,141.42,0
Big Onion,Grocery/Staple,2025,40,140.26,0.23,-0.72,197,0,141.85,1
Big Onion,Grocery/Staple,2025,41,140.54,-0.3,-0.43,190,0,141.65,1
Big Onion,Grocery/Staple,2025,42,143.28,-0.34,1.41,183,0,141.22,0
Big Onion,Grocery/Staple,2025,43,141.59,-0.22,0.18,176,0,141.5,0
Big Onion,Grocery/Staple,2025,44,141.99,1.23,0.42,169,0,141.61,0
Big Onion,Grocery/Staple,2025,45,139.75,-0.57,-1.08,162,0,141.49,1
Big Onion,Grocery/Staple,2025,46,141.54,-1.21,0.08,155,0,141.5,0
Big Onion,Grocery/Staple,2025,47,142.74,0.81,0.81,148,0,141.82,0
Big Onion,Grocery/Staple,2025,48,142.4,0.29,0.57,141,0,142.0,0
Big Onion,Grocery/Staple,2025,49,139.28,-0.33,-1.59,134,0,142.92,1
Big Onion,Grocery/Staple,2025,50,141.57,0.02,-0.01,127,0,143.03,1
Big Onion,Grocery/Staple,2025,51,144.04,0.91,1.72,120,0,142.81,0
Big Onion,Grocery/Staple,2025,52,143.09,0.49,0.98,113,0,142.39,0
Big Onion,Grocery/Staple,2026,1,142.99,2.66,0.76,106,0,142.17,0
Big Onion,Grocery/Staple,2026,2,142.01,0.31,-0.01,99,0,142.06,1
Big Onion,Grocery/Staple,2026,3,143.17,-0.61,0.81,92,0,141.82,0
Big Onion,Grocery/Staple,2026,4,141.42,-1.17,-0.41,85,0,142.03,1
Big Onion,Grocery/Staple,2026,5,142.1,-0.62,0.06,78,0,141.79,0
Big Onion,Grocery/Staple,2026,6,141.58,-0.3,-0.4,71,0,141.92,1
Big Onion,Grocery/Staple,2026,7,142.18,-0.69,-0.01,64,0,141.81,0
Big Onion,Grocery/Staple,2026,8,142.29,0.62,0.09,57,0,141.61,0
Big Onion,Grocery/Staple,2026,9,141.12,-0.68,-0.66,50,0,141.6,1
Big Onion,Grocery/Staple,2026,10,142.11,0.38,-0.12,43,0,142.36,1
Big Onion,Grocery/Staple,2026,11,141.71,-0.33,-0.41,36,0,143.55,1
Big Onion,Grocery/Staple,2026,12,141.51,-0.55,-0.41,29,0,144.27,1
Big Onion,Grocery/Staple,2026,13,141.08,-0.03,-0.61,22,0,144.32,1
Big Onion,Grocery/Staple,2026,14,145.13,2.12,2.13,15,1,143.56,0
Big Onion,Grocery/Staple,2026,15,146.49,3.38,2.84,8,1,142.55,0
Big Onion,Grocery/Staple,2026,16,144.37,2.02,1.28,1,1,142.1,0
Big Onion,Grocery/Staple,2026,17,141.28,0.14,-0.88,359,0,142.44,1
Big Onion,Grocery/Staple,2026,18,142.08,-2.1,-0.32,352,0,142.44,1
Big Onion,Grocery/Staple,2026,19,142.48,-2.74,-0.08,345,0,142.77,1
Big Onion,Grocery/Staple,2026,20,142.56,-1.25,-0.05,338,0,142.34,0
Red Onion (Sinnan),Grocery/Staple,2022,24,111.69,0.0,0.0,305,0,117.61,1
Red Onion (Sinnan),Grocery/Staple,2022,25,113.07,0.0,0.61,298,0,120.39,1
Red Onion (Sinnan),Grocery/Staple,2022,26,116.63,0.0,2.49,291,0,123.48,1
Red Onion (Sinnan),Grocery/Staple,2022,27,117.96,0.0,2.72,284,0,126.96,1
Red Onion (Sinnan),Grocery/Staple,2022,28,122.77,9.92,5.45,277,0,129.61,1
Red Onion (Sinnan),Grocery/Staple,2022,29,124.21,9.86,5.51,270,0,132.84,1
Red Onion (Sinnan),Grocery/Staple,2022,30,128.98,10.58,8.09,263,0,135.72,1
Red Onion (Sinnan),Grocery/Staple,2022,31,131.89,11.81,9.09,256,0,138.72,1
Red Onion (Sinnan),Grocery/Staple,2022,32,133.34,8.62,9.05,249,0,141.58,1
Red Onion (Sinnan),Grocery/Staple,2022,33,137.14,10.41,10.8,242,0,144.08,1
Red Onion (Sinnan),Grocery/Staple,2022,34,140.52,8.95,12.16,235,0,146.13,1
Red Onion (Sinnan),Grocery/Staple,2022,35,143.89,9.09,13.44,228,0,148.35,1
Red Onion (Sinnan),Grocery/Staple,2022,36,144.79,8.58,12.92,221,0,150.95,1
Red Onion (Sinnan),Grocery/Staple,2022,37,147.11,7.27,12.35,214,0,153.39,1
Red Onion (Sinnan),Grocery/Staple,2022,38,148.73,5.84,11.25,207,0,156.19,1
Red Onion (Sinnan),Grocery/Staple,2022,39,152.78,6.18,11.95,200,0,159.02,1
Red Onion (Sinnan),Grocery/Staple,2022,40,155.19,7.19,11.38,193,0,161.47,1
Red Onion (Sinnan),Grocery/Staple,2022,41,156.88,6.64,10.51,186,0,164.28,1
Red Onion (Sinnan),Grocery/Staple,2022,42,159.92,7.52,10.51,179,0,166.75,1
Red Onion (Sinnan),Grocery/Staple,2022,43,164.09,7.4,11.32,172,0,168.58,1
Red Onion (Sinnan),Grocery/Staple,2022,44,165.0,6.32,10.04,165,0,170.95,1
Red Onion (Sinnan),Grocery/Staple,2022,45,168.11,7.16,10.14,158,0,173.44,1
Red Onion (Sinnan),Grocery/Staple,2022,46,169.81,6.19,9.46,151,0,176.45,1
Red Onion (Sinnan),Grocery/Staple,2022,47,171.4,4.46,8.82,144,0,179.27,1
Red Onion (Sinnan),Grocery/Staple,2022,48,174.5,5.76,9.15,137,0,182.42,1
Red Onion (Sinnan),Grocery/Staple,2022,49,178.05,5.92,9.62,130,0,184.51,1
Red Onion (Sinnan),Grocery/Staple,2022,50,181.84,7.08,10.14,123,0,186.88,1
Red Onion (Sinnan),Grocery/Staple,2022,51,182.71,6.6,8.94,116,0,189.29,1
Red Onion (Sinnan),Grocery/Staple,2022,52,187.1,7.22,9.83,109,0,190.66,1
Red Onion (Sinnan),Grocery/Staple,2023,1,186.41,4.69,7.9,102,0,193.3,1
Red Onion (Sinnan),Grocery/Staple,2023,2,191.29,5.2,9.06,95,0,194.98,1
Red Onion (Sinnan),Grocery/Staple,2023,3,192.37,5.29,8.14,88,0,196.85,1
Red Onion (Sinnan),Grocery/Staple,2023,4,192.57,2.93,6.93,81,0,199.31,1
Red Onion (Sinnan),Grocery/Staple,2023,5,196.96,5.66,7.9,74,0,201.21,1
Red Onion (Sinnan),Grocery/Staple,2023,6,197.99,3.5,7.11,67,0,202.52,1
Red Onion (Sinnan),Grocery/Staple,2023,7,199.88,3.9,6.8,60,0,203.25,1
Red Onion (Sinnan),Grocery/Staple,2023,8,202.39,5.1,6.78,53,0,203.14,1
Red Onion (Sinnan),Grocery/Staple,2023,9,204.56,3.86,6.62,46,0,202.64,0
Red Onion (Sinnan),Grocery/Staple,2023,10,203.24,2.65,4.87,39,0,203.45,1
Red Onion (Sinnan),Grocery/Staple,2023,11,202.79,1.46,3.78,32,0,204.93,1
Red Onion (Sinnan),Grocery/Staple,2023,12,201.98,-0.2,2.59,25,0,204.77,1
Red Onion (Sinnan),Grocery/Staple,2023,13,202.56,-0.98,2.26,18,1,204.3,1
Red Onion (Sinnan),Grocery/Staple,2023,14,206.46,1.59,3.43,11,1,202.76,0
Red Onion (Sinnan),Grocery/Staple,2023,15,208.71,2.92,3.86,4,1,200.25,0
Red Onion (Sinnan),Grocery/Staple,2023,16,201.34,-0.32,-0.16,363,0,199.47,0
Red Onion (Sinnan),Grocery/Staple,2023,17,200.69,-0.92,-0.78,356,0,198.23,0
Red Onion (Sinnan),Grocery/Staple,2023,18,200.3,-2.98,-1.1,349,0,197.66,0
Red Onion (Sinnan),Grocery/Staple,2023,19,198.66,-4.82,-1.94,342,0,196.94,0
Red Onion (Sinnan),Grocery/Staple,2023,20,198.22,-1.55,-2.09,335,0,196.39,0
Red Onion (Sinnan),Grocery/Staple,2023,21,195.72,-2.47,-3.08,328,0,196.12,1
Red Onion (Sinnan),Grocery/Staple,2023,22,198.02,-1.14,-1.69,321,0,194.6,0
Red Onion (Sinnan),Grocery/Staple,2023,23,195.8,-1.44,-2.52,314,0,193.65,0
Red Onion (Sinnan),Grocery/Staple,2023,24,196.01,-1.11,-2.16,307,0,193.12,0
Red Onion (Sinnan),Grocery/Staple,2023,25,194.66,-0.55,-2.57,300,0,192.91,0
Red Onion (Sinnan),Grocery/Staple,2023,26,191.92,-3.08,-3.54,293,0,193.12,1
Red Onion (Sinnan),Grocery/Staple,2023,27,192.02,-1.93,-2.95,286,0,192.8,1
Red Onion (Sinnan),Grocery/Staple,2023,28,193.87,-1.09,-1.44,279,0,192.05,0
Red Onion (Sinnan),Grocery/Staple,2023,29,193.82,-0.43,-1.18,272,0,191.95,0
Red Onion (Sinnan),Grocery/Staple,2023,30,192.75,0.43,-1.42,265,0,191.81,0
Red Onion (Sinnan),Grocery/Staple,2023,31,190.74,-0.67,-2.08,258,0,192.0,1
Red Onion (Sinnan),Grocery/Staple,2023,32,190.89,-1.54,-1.7,251,0,191.66,1
Red Onion (Sinnan),Grocery/Staple,2023,33,193.4,-0.22,-0.22,244,0,190.01,0
Red Onion (Sinnan),Grocery/Staple,2023,34,192.23,-0.27,-0.68,237,0,189.35,0
Red Onion (Sinnan),Grocery/Staple,2023,35,191.49,0.39,-0.81,230,0,187.95,0
Red Onion (Sinnan),Grocery/Staple,2023,36,189.54,-0.71,-1.57,223,0,187.36,0
Red Onion (Sinnan),Grocery/Staple,2023,37,186.77,-3.43,-2.65,216,0,187.38,1
Red Onion (Sinnan),Grocery/Staple,2023,38,189.59,-1.37,-0.98,209,0,187.03,0
Red Onion (Sinnan),Grocery/Staple,2023,39,185.92,-2.91,-2.66,202,0,186.94,1
Red Onion (Sinnan),Grocery/Staple,2023,40,187.16,-1.25,-1.82,195,0,185.66,0
Red Onion (Sinnan),Grocery/Staple,2023,41,186.86,0.05,-1.7,188,0,185.14,0
Red Onion (Sinnan),Grocery/Staple,2023,42,188.19,-0.74,-0.77,181,0,183.84,0
Red Onion (Sinnan),Grocery/Staple,2023,43,185.54,-0.2,-1.88,174,0,183.55,0
Red Onion (Sinnan),Grocery/Staple,2023,44,182.02,-2.74,-3.4,167,0,183.5,1
Red Onion (Sinnan),Grocery/Staple,2023,45,184.82,-1.1,-1.67,160,0,182.23,0
Red Onion (Sinnan),Grocery/Staple,2023,46,182.99,-2.77,-2.23,153,0,181.16,0
Red Onion (Sinnan),Grocery/Staple,2023,47,184.36,-0.64,-1.18,146,0,180.06,0
Red Onion (Sinnan),Grocery/Staple,2023,48,181.84,-0.1,-2.14,139,0,179.26,0
Red Onion (Sinnan),Grocery/Staple,2023,49,179.71,-2.76,-2.89,132,0,179.02,0
Red Onion (Sinnan),Grocery/Staple,2023,50,178.74,-2.32,-3.09,125,0,178.94,1
Red Onion (Sinnan),Grocery/Staple,2023,51,179.94,-2.4,-2.05,118,0,178.36,0
Red Onion (Sinnan),Grocery/Staple,2023,52,178.64,-1.76,-2.46,111,0,178.1,0
Red Onion (Sinnan),Grocery/Staple,2024,1,178.76,-0.53,-2.04,104,0,177.93,0
Red Onion (Sinnan),Grocery/Staple,2024,2,178.4,-0.19,-1.89,97,0,177.92,0
Red Onion (Sinnan),Grocery/Staple,2024,3,177.65,-1.27,-1.87,90,0,177.47,0
Red Onion (Sinnan),Grocery/Staple,2024,4,177.58,-0.59,-1.57,83,0,177.6,1
Red Onion (Sinnan),Grocery/Staple,2024,5,178.1,-0.37,-1.12,76,0,177.42,0
Red Onion (Sinnan),Grocery/Staple,2024,6,178.33,-0.04,-0.72,69,0,176.73,0
Red Onion (Sinnan),Grocery/Staple,2024,7,175.88,-1.0,-1.79,62,0,177.24,1
Red Onion (Sinnan),Grocery/Staple,2024,8,178.08,0.28,-0.29,55,0,177.01,0
Red Onion (Sinnan),Grocery/Staple,2024,9,177.42,-0.39,-0.47,48,0,177.39,0
Red Onion (Sinnan),Grocery/Staple,2024,10,175.54,-1.56,-1.34,41,0,178.22,1
Red Onion (Sinnan),Grocery/Staple,2024,11,177.93,1.17,0.04,34,0,179.78,1
Red Onion (Sinnan),Grocery/Staple,2024,12,177.17,-0.51,-0.27,27,0,179.88,1
Red Onion (Sinnan),Grocery/Staple,2024,13,178.91,0.84,0.7,20,1,179.35,1
Red Onion (Sinnan),Grocery/Staple,2024,14,178.88,1.9,0.67,13,1,178.82,0
Red Onion (Sinnan),Grocery/Staple,2024,15,184.16,3.5,3.39,6,1,177.12,0
Red Onion (Sinnan),Grocery/Staple,2024,16,177.55,0.22,-0.32,364,0,176.74,0
Red Onion (Sinnan),Grocery/Staple,2024,17,176.8,-1.18,-0.71,357,0,177.03,1
Red Onion (Sinnan),Grocery/Staple,2024,18,176.77,-1.18,-0.66,350,0,177.33,1
Red Onion (Sinnan),Grocery/Staple,2024,19,177.34,-3.7,-0.3,343,0,177.03,0
Red Onion (Sinnan),Grocery/Staple,2024,20,176.06,-0.84,-1.03,336,0,177.54,1
Red Onion (Sinnan),Grocery/Staple,2024,21,177.94,0.65,0.03,329,0,177.34,0
Red Onion (Sinnan),Grocery/Staple,2024,22,177.99,0.69,0.03,322,0,176.84,0
Red Onion (Sinnan),Grocery/Staple,2024,23,176.13,-0.68,-1.03,315,0,177.7,1
Red Onion (Sinnan),Grocery/Staple,2024,24,178.08,1.15,0.06,308,0,177.27,0
Red Onion (Sinnan),Grocery/Staple,2024,25,177.15,-0.45,-0.47,301,0,177.04,0
Red Onion (Sinnan),Grocery/Staple,2024,26,176.0,-1.12,-0.99,294,0,178.24,1
Red Onion (Sinnan),Grocery/Staple,2024,27,179.58,1.96,0.99,287,0,177.88,0
Red Onion (Sinnan),Grocery/Staple,2024,28,176.37,-0.96,-0.48,280,0,178.28,1
Red Onion (Sinnan),Grocery/Staple,2024,29,176.2,-0.54,-0.51,273,0,179.12,1
Red Onion (Sinnan),Grocery/Staple,2024,30,180.81,2.73,1.91,266,0,178.68,0
Red Onion (Sinnan),Grocery/Staple,2024,31,178.16,-0.79,0.36,259,0,179.36,1
Red Onion (Sinnan),Grocery/Staple,2024,32,177.96,0.9,0.22,252,0,179.29,1
Red Onion (Sinnan),Grocery/Staple,2024,33,179.56,1.9,0.96,245,0,179.57,1
Red Onion (Sinnan),Grocery/Staple,2024,34,179.06,-0.96,0.64,238,0,179.11,1
Red Onion (Sinnan),Grocery/Staple,2024,35,180.87,1.52,1.53,231,0,178.74,0
Red Onion (Sinnan),Grocery/Staple,2024,36,177.68,-0.16,-0.33,224,0,178.98,1
Red Onion (Sinnan),Grocery/Staple,2024,37,180.67,0.62,1.23,217,0,178.67,0
Red Onion (Sinnan),Grocery/Staple,2024,38,177.23,-1.02,-0.69,210,0,179.68,1
Red Onion (Sinnan),Grocery/Staple,2024,39,179.4,-0.81,0.37,203,0,179.07,0
Red Onion (Sinnan),Grocery/Staple,2024,40,178.63,0.54,-0.02,196,0,179.43,1
Red Onion (Sinnan),Grocery/Staple,2024,41,179.42,-0.69,0.29,189,0,179.34,0
Red Onion (Sinnan),Grocery/Staple,2024,42,181.27,2.28,1.11,182,0,179.26,0
Red Onion (Sinnan),Grocery/Staple,2024,43,176.95,-1.36,-1.14,175,0,180.25,1
Red Onion (Sinnan),Grocery/Staple,2024,44,180.08,0.81,0.53,168,0,180.43,1
Red Onion (Sinnan),Grocery/Staple,2024,45,179.09,-0.18,-0.08,161,0,180.72,1
Red Onion (Sinnan),Grocery/Staple,2024,46,180.93,-0.19,0.89,154,0,180.64,0
Red Onion (Sinnan),Grocery/Staple,2024,47,180.9,2.23,0.8,147,0,180.31,0
Red Onion (Sinnan),Grocery/Staple,2024,48,180.81,0.41,0.75,140,0,180.82,1
Red Onion (Sinnan),Grocery/Staple,2024,49,180.23,0.64,0.31,133,0,180.62,1
Red Onion (Sinnan),Grocery/Staple,2024,50,180.63,-0.16,0.54,126,0,180.95,1
Red Onion (Sinnan),Grocery/Staple,2024,51,179.56,-0.74,-0.15,119,0,181.24,1
Red Onion (Sinnan),Grocery/Staple,2024,52,182.88,1.14,1.54,112,0,180.72,0
Red Onion (Sinnan),Grocery/Staple,2025,1,179.41,-0.45,-0.42,105,0,181.37,1
Red Onion (Sinnan),Grocery/Staple,2025,2,181.94,0.72,0.88,98,0,180.66,0
Red Onion (Sinnan),Grocery/Staple,2025,3,180.72,0.64,0.22,91,0,180.47,0
Red Onion (Sinnan),Grocery/Staple,2025,4,180.82,-1.12,0.12,84,0,180.33,0
Red Onion (Sinnan),Grocery/Staple,2025,5,182.01,1.45,0.69,77,0,180.15,0
Red Onion (Sinnan),Grocery/Staple,2025,6,179.09,-1.57,-0.93,70,0,180.72,1
Red Onion (Sinnan),Grocery/Staple,2025,7,179.94,-0.43,-0.42,63,0,180.38,1
Red Onion (Sinnan),Grocery/Staple,2025,8,180.26,-0.31,-0.21,56,0,180.63,1
Red Onion (Sinnan),Grocery/Staple,2025,9,181.33,-0.38,0.36,49,0,180.27,0
Red Onion (Sinnan),Grocery/Staple,2025,10,181.37,1.27,0.33,42,0,180.28,0
Red Onion (Sinnan),Grocery/Staple,2025,11,178.57,-0.76,-1.13,35,0,182.99,1
Red Onion (Sinnan),Grocery/Staple,2025,12,181.26,0.55,0.29,28,0,182.89,1
Red Onion (Sinnan),Grocery/Staple,2025,13,179.88,-0.8,-0.35,21,1,183.16,1
Red Onion (Sinnan),Grocery/Staple,2025,14,181.41,0.03,0.42,14,1,183.42,1
Red Onion (Sinnan),Grocery/Staple,2025,15,189.42,6.08,4.51,7,1,181.5,0
Red Onion (Sinnan),Grocery/Staple,2025,16,180.86,-0.22,-0.21,0,1,181.41,1
Red Onion (Sinnan),Grocery/Staple,2025,17,180.95,0.6,-0.17,358,0,180.83,0
Red Onion (Sinnan),Grocery/Staple,2025,18,182.46,0.57,0.64,351,0,180.54,0
Red Onion (Sinnan),Grocery/Staple,2025,19,181.75,-4.05,0.14,344,0,180.64,0
Red Onion (Sinnan),Grocery/Staple,2025,20,180.48,-0.21,-0.58,337,0,180.74,1
Red Onion (Sinnan),Grocery/Staple,2025,21,178.63,-1.28,-1.53,330,0,181.14,1
Red Onion (Sinnan),Grocery/Staple,2025,22,181.3,-0.63,-0.06,323,0,180.89,0
Red Onion (Sinnan),Grocery/Staple,2025,23,182.15,0.22,0.38,316,0,180.93,0
Red Onion (Sinnan),Grocery/Staple,2025,24,180.85,0.2,-0.44,309,0,180.48,0
Red Onion (Sinnan),Grocery/Staple,2025,25,180.23,0.89,-0.74,302,0,180.48,1
Red Onion (Sinnan),Grocery/Staple,2025,26,180.32,-0.55,-0.71,295,0,180.88,1
Red Onion (Sinnan),Grocery/Staple,2025,27,182.32,0.09,0.36,288,0,181.04,0
Red Onion (Sinnan),Grocery/Staple,2025,28,179.05,-1.0,-1.01,281,0,181.98,1
Red Onion (Sinnan),Grocery/Staple,2025,29,180.25,0.01,-0.32,274,0,182.35,1
Red Onion (Sinnan),Grocery/Staple,2025,30,181.93,0.9,0.57,267,0,182.14,1
Red Onion (Sinnan),Grocery/Staple,2025,31,182.95,0.35,1.11,260,0,181.96,0
Red Onion (Sinnan),Grocery/Staple,2025,32,182.79,2.09,0.98,253,0,181.32,0
Red Onion (Sinnan),Grocery/Staple,2025,33,181.73,0.82,0.34,246,0,180.86,0
Red Onion (Sinnan),Grocery/Staple,2025,34,181.1,-0.46,-0.11,239,0,180.67,0
Red Onion (Sinnan),Grocery/Staple,2025,35,182.23,-0.39,0.47,232,0,179.93,0
Red Onion (Sinnan),Grocery/Staple,2025,36,180.24,-1.39,-0.55,225,0,180.62,1
Red Onion (Sinnan),Grocery/Staple,2025,37,179.86,-1.03,-0.71,218,0,181.51,1
Red Onion (Sinnan),Grocery/Staple,2025,38,180.36,-0.41,-0.44,211,0,182.25,1
Red Onion (Sinnan),Grocery/Staple,2025,39,179.25,-1.63,-1.01,204,0,182.67,1
Red Onion (Sinnan),Grocery/Staple,2025,40,183.01,1.54,1.04,197,0,182.2,0
Red Onion (Sinnan),Grocery/Staple,2025,41,183.42,1.98,1.07,190,0,181.93,0
Red Onion (Sinnan),Grocery/Staple,2025,42,183.33,1.65,0.89,183,0,181.22,0
Red Onion (Sinnan),Grocery/Staple,2025,43,180.93,0.94,-0.38,176,0,180.95,1
Red Onion (Sinnan),Grocery/Staple,2025,44,181.12,-1.04,-0.21,169,0,181.03,0
Red Onion (Sinnan),Grocery/Staple,2025,45,182.35,-0.58,0.49,162,0,181.53,0
Red Onion (Sinnan),Grocery/Staple,2025,46,180.49,-1.55,-0.48,155,0,182.32,1
Red Onion (Sinnan),Grocery/Staple,2025,47,179.86,-0.59,-0.77,148,0,182.86,1
Red Onion (Sinnan),Grocery/Staple,2025,48,181.44,0.18,0.13,141,0,183.07,1
Red Onion (Sinnan),Grocery/Staple,2025,49,184.33,1.09,1.55,134,0,181.71,0
Red Onion (Sinnan),Grocery/Staple,2025,50,183.64,1.75,1.01,127,0,181.36,0
Red Onion (Sinnan),Grocery/Staple,2025,51,182.04,1.21,0.05,120,0,181.22,0
Red Onion (Sinnan),Grocery/Staple,2025,52,182.25,0.45,0.05,113,0,180.92,0
Red Onion (Sinnan),Grocery/Staple,2026,1,178.92,-2.93,-1.61,106,0,181.5,1
Red Onion (Sinnan),Grocery/Staple,2026,2,182.24,-0.77,0.26,99,0,181.91,0
Red Onion (Sinnan),Grocery/Staple,2026,3,181.46,-0.32,-0.09,92,0,181.97,1
Red Onion (Sinnan),Grocery/Staple,2026,4,181.08,-0.65,-0.3,85,0,182.29,1
Red Onion (Sinnan),Grocery/Staple,2026,5,181.22,1.29,-0.23,78,0,182.28,1
Red Onion (Sinnan),Grocery/Staple,2026,6,183.87,0.9,1.16,71,0,181.87,0
Red Onion (Sinnan),Grocery/Staple,2026,7,181.72,0.15,-0.07,64,0,182.54,1
Red Onion (Sinnan),Grocery/Staple,2026,8,182.36,0.71,0.17,57,0,182.53,1
Red Onion (Sinnan),Grocery/Staple,2026,9,181.19,-0.02,-0.46,50,0,183.14,1
Red Onion (Sinnan),Grocery/Staple,2026,10,182.21,-0.9,0.19,43,0,182.96,1
Red Onion (Sinnan),Grocery/Staple,2026,11,184.39,1.47,1.36,36,0,183.67,0
Red Onion (Sinnan),Grocery/Staple,2026,12,182.33,-0.01,0.22,29,0,183.63,1
Red Onion (Sinnan),Grocery/Staple,2026,13,183.64,1.35,0.88,22,0,183.46,0
Red Onion (Sinnan),Grocery/Staple,2026,14,181.48,-0.4,-0.42,15,1,183.96,1
Red Onion (Sinnan),Grocery/Staple,2026,15,187.22,1.53,2.51,8,1,182.22,0
Red Onion (Sinnan),Grocery/Staple,2026,16,182.18,-0.09,-0.28,1,1,182.68,1
Red Onion (Sinnan),Grocery/Staple,2026,17,182.97,-0.37,0.08,359,0,182.78,0
Red Onion (Sinnan),Grocery/Staple,2026,18,183.48,1.1,0.26,352,0,182.64,0
Red Onion (Sinnan),Grocery/Staple,2026,19,180.24,-3.73,-1.36,345,0,183.63,1
Red Onion (Sinnan),Grocery/Staple,2026,20,184.01,1.01,0.61,338,0,183.67,0
Potatoes,Grocery/Staple,2022,24,106.09,0.0,0.0,305,0,110.38,1
Potatoes,Grocery/Staple,2022,25,107.57,0.0,0.7,298,0,113.15,1
Potatoes,Grocery/Staple,2022,26,108.26,0.0,0.89,291,0,116.19,1
Potatoes,Grocery/Staple,2022,27,111.55,0.0,2.94,284,0,119.08,1
Potatoes,Grocery/Staple,2022,28,114.14,7.59,4.22,277,0,122.02,1
Potatoes,Grocery/Staple,2022,29,118.63,10.28,6.83,270,0,124.54,1
Potatoes,Grocery/Staple,2022,30,120.43,11.24,7.16,263,0,127.52,1
Potatoes,Grocery/Staple,2022,31,123.12,10.37,8.26,256,0,130.3,1
Potatoes,Grocery/Staple,2022,32,125.91,10.31,9.41,249,0,133.04,1
Potatoes,Grocery/Staple,2022,33,128.7,8.49,10.53,242,0,135.58,1
Potatoes,Grocery/Staple,2022,34,132.34,9.89,12.26,235,0,137.72,1
Potatoes,Grocery/Staple,2022,35,134.27,9.05,12.59,228,0,140.2,1
Potatoes,Grocery/Staple,2022,36,136.86,8.69,13.47,221,0,142.45,1
Potatoes,Grocery/Staple,2022,37,138.86,7.9,12.78,214,0,144.47,1
Potatoes,Grocery/Staple,2022,38,140.91,6.48,12.11,207,0,147.04,1
Potatoes,Grocery/Staple,2022,39,144.16,7.37,12.23,200,0,149.37,1
Potatoes,Grocery/Staple,2022,40,145.88,6.59,11.28,193,0,151.7,1
Potatoes,Grocery/Staple,2022,41,146.93,5.81,9.97,186,0,154.7,1
Potatoes,Grocery/Staple,2022,42,151.18,7.29,11.06,179,0,157.32,1
Potatoes,Grocery/Staple,2022,43,153.49,6.47,10.69,172,0,159.75,1
Potatoes,Grocery/Staple,2022,44,155.2,6.39,9.97,165,0,162.17,1
Potatoes,Grocery/Staple,2022,45,158.94,8.17,10.63,158,0,164.12,1
Potatoes,Grocery/Staple,2022,46,161.67,6.94,10.57,151,0,165.93,1
Potatoes,Grocery/Staple,2022,47,163.2,6.33,9.84,144,0,168.14,1
Potatoes,Grocery/Staple,2022,48,164.85,6.22,9.22,137,0,170.12,1
Potatoes,Grocery/Staple,2022,49,166.75,4.91,8.82,130,0,172.35,1
Potatoes,Grocery/Staple,2022,50,168.91,4.48,8.59,123,0,174.84,1
Potatoes,Grocery/Staple,2022,51,172.07,5.43,8.94,116,0,177.06,1
Potatoes,Grocery/Staple,2022,52,172.77,4.8,7.89,109,0,179.44,1
Potatoes,Grocery/Staple,2023,1,175.67,5.35,8.15,102,0,182.03,1
Potatoes,Grocery/Staple,2023,2,178.87,5.9,8.48,95,0,184.13,1
Potatoes,Grocery/Staple,2023,3,180.91,5.14,8.21,88,0,186.16,1
Potatoes,Grocery/Staple,2023,4,182.32,5.53,7.63,81,0,188.09,1
Potatoes,Grocery/Staple,2023,5,186.03,5.9,8.31,74,0,190.12,1
Potatoes,Grocery/Staple,2023,6,187.25,4.68,7.65,67,0,191.38,1
Potatoes,Grocery/Staple,2023,7,189.03,4.49,7.37,60,0,192.0,1
Potatoes,Grocery/Staple,2023,8,190.05,4.24,6.7,53,0,191.7,1
Potatoes,Grocery/Staple,2023,9,194.17,4.37,7.65,46,0,190.62,0
Potatoes,Grocery/Staple,2023,10,192.27,2.68,5.45,39,0,191.32,0
Potatoes,Grocery/Staple,2023,11,191.5,1.31,4.04,32,0,191.96,1
Potatoes,Grocery/Staple,2023,12,188.85,-0.63,1.88,25,0,191.89,1
Potatoes,Grocery/Staple,2023,13,189.83,-2.23,1.69,18,1,191.3,1
Potatoes,Grocery/Staple,2023,14,195.07,1.46,3.67,11,1,189.34,0
Potatoes,Grocery/Staple,2023,15,194.07,1.34,2.5,4,1,187.59,0
Potatoes,Grocery/Staple,2023,16,188.57,-0.15,-0.71,363,0,187.23,0
Potatoes,Grocery/Staple,2023,17,187.48,-1.24,-1.5,356,0,186.38,0
Potatoes,Grocery/Staple,2023,18,187.26,-4.01,-1.66,349,0,185.75,0
Potatoes,Grocery/Staple,2023,19,187.07,-3.61,-1.75,342,0,185.08,0
Potatoes,Grocery/Staple,2023,20,187.1,-0.78,-1.66,335,0,184.72,0
Potatoes,Grocery/Staple,2023,21,184.08,-1.81,-3.01,328,0,184.39,1
Potatoes,Grocery/Staple,2023,22,184.77,-1.33,-2.28,321,0,184.6,0
Potatoes,Grocery/Staple,2023,23,184.38,-1.44,-2.17,314,0,184.6,1
Potatoes,Grocery/Staple,2023,24,185.68,-0.76,-1.24,307,0,183.64,0
Potatoes,Grocery/Staple,2023,25,182.72,-0.74,-2.57,300,0,183.4,1
Potatoes,Grocery/Staple,2023,26,185.62,0.46,-0.86,293,0,182.43,0
Potatoes,Grocery/Staple,2023,27,184.38,0.0,-1.08,286,0,181.34,0
Potatoes,Grocery/Staple,2023,28,181.83,-2.07,-1.95,279,0,180.93,0
Potatoes,Grocery/Staple,2023,29,181.76,-0.53,-1.71,272,0,180.58,0
Potatoes,Grocery/Staple,2023,30,181.75,-2.09,-1.49,265,0,180.54,0
Potatoes,Grocery/Staple,2023,31,180.03,-2.36,-2.12,258,0,180.1,1
Potatoes,Grocery/Staple,2023,32,180.17,-0.92,-1.77,251,0,179.81,0
Potatoes,Grocery/Staple,2023,33,180.38,-0.76,-1.37,244,0,179.3,0
Potatoes,Grocery/Staple,2023,34,181.57,-0.1,-0.62,237,0,177.98,0
Potatoes,Grocery/Staple,2023,35,178.31,-0.96,-2.13,230,0,177.51,0
Potatoes,Grocery/Staple,2023,36,178.97,-0.66,-1.55,223,0,176.55,0
Potatoes,Grocery/Staple,2023,37,178.35,-1.12,-1.58,216,0,175.76,0
Potatoes,Grocery/Staple,2023,38,176.27,-2.91,-2.46,209,0,175.23,0
Potatoes,Grocery/Staple,2023,39,176.45,-1.04,-1.98,202,0,174.72,0
Potatoes,Grocery/Staple,2023,40,175.13,-2.15,-2.33,195,0,174.21,0
Potatoes,Grocery/Staple,2023,41,175.2,-1.77,-2.01,188,0,173.69,0
Potatoes,Grocery/Staple,2023,42,174.12,-1.22,-2.29,181,0,173.17,0
Potatoes,Grocery/Staple,2023,43,174.42,-1.15,-1.81,174,0,172.46,0
Potatoes,Grocery/Staple,2023,44,173.08,-1.17,-2.28,167,0,171.79,0
Potatoes,Grocery/Staple,2023,45,173.14,-1.18,-1.94,160,0,171.18,0
Potatoes,Grocery/Staple,2023,46,172.04,-1.19,-2.21,153,0,170.9,0
Potatoes,Grocery/Staple,2023,47,171.59,-1.62,-2.04,146,0,170.26,0
Potatoes,Grocery/Staple,2023,48,170.4,-1.55,-2.38,139,0,169.95,0
Potatoes,Grocery/Staple,2023,49,170.68,-1.42,-1.86,132,0,169.65,0
Potatoes,Grocery/Staple,2023,50,170.91,-0.66,-1.41,125,0,169.12,0
Potatoes,Grocery/Staple,2023,51,169.04,-1.49,-2.17,118,0,168.94,0
Potatoes,Grocery/Staple,2023,52,169.19,-0.71,-1.76,111,0,168.84,0
Potatoes,Grocery/Staple,2024,1,169.45,-0.72,-1.36,104,0,168.23,0
Potatoes,Grocery/Staple,2024,2,168.8,-1.23,-1.46,97,0,168.14,0
Potatoes,Grocery/Staple,2024,3,168.34,-0.42,-1.47,90,0,168.09,0
Potatoes,Grocery/Staple,2024,4,168.77,-0.25,-0.97,83,0,168.13,0
Potatoes,Grocery/Staple,2024,5,167.01,-1.44,-1.73,76,0,168.15,1
Potatoes,Grocery/Staple,2024,6,168.45,-0.21,-0.67,69,0,167.8,0
Potatoes,Grocery/Staple,2024,7,168.13,-0.13,-0.69,62,0,167.4,0
Potatoes,Grocery/Staple,2024,8,168.92,0.09,-0.1,55,0,167.05,0
Potatoes,Grocery/Staple,2024,9,167.09,0.05,-1.03,48,0,167.0,0
Potatoes,Grocery/Staple,2024,10,167.05,-0.84,-0.89,41,0,168.06,1
Potatoes,Grocery/Staple,2024,11,166.56,-0.93,-0.99,34,0,169.83,1
Potatoes,Grocery/Staple,2024,12,167.49,-0.84,-0.36,27,0,169.7,1
Potatoes,Grocery/Staple,2024,13,166.91,-0.11,-0.6,20,1,169.89,1
Potatoes,Grocery/Staple,2024,14,171.29,2.54,1.92,13,1,169.3,0
Potatoes,Grocery/Staple,2024,15,173.64,4.26,3.09,6,1,167.7,0
Potatoes,Grocery/Staple,2024,16,166.95,-0.32,-0.82,364,0,167.76,1
Potatoes,Grocery/Staple,2024,17,167.69,0.47,-0.33,357,0,167.08,0
Potatoes,Grocery/Staple,2024,18,168.92,-1.38,0.31,350,0,166.85,0
Potatoes,Grocery/Staple,2024,19,167.25,-3.68,-0.62,343,0,166.78,0
Potatoes,Grocery/Staple,2024,20,167.17,0.13,-0.63,336,0,166.63,0
Potatoes,Grocery/Staple,2024,21,164.97,-1.62,-1.76,329,0,166.71,1
Potatoes,Grocery/Staple,2024,22,168.02,-0.53,0.02,322,0,166.71,0
Potatoes,Grocery/Staple,2024,23,166.94,-0.18,-0.62,315,0,166.84,0
Potatoes,Grocery/Staple,2024,24,166.59,-0.35,-0.83,308,0,167.16,1
Potatoes,Grocery/Staple,2024,25,165.28,0.19,-1.51,301,0,167.4,1
Potatoes,Grocery/Staple,2024,26,168.01,-0.01,0.07,294,0,167.07,0
Potatoes,Grocery/Staple,2024,27,167.48,0.32,-0.08,287,0,166.9,0
Potatoes,Grocery/Staple,2024,28,167.85,0.76,0.41,280,0,167.61,0
Potatoes,Grocery/Staple,2024,29,166.27,0.6,-0.5,273,0,167.7,1
Potatoes,Grocery/Staple,2024,30,166.66,-0.8,-0.22,266,0,168.11,1
Potatoes,Grocery/Staple,2024,31,166.8,-0.41,-0.04,259,0,168.1,1
Potatoes,Grocery/Staple,2024,32,170.72,1.71,2.14,252,0,167.83,0
Potatoes,Grocery/Staple,2024,33,166.59,0.2,-0.3,245,0,168.4,1
Potatoes,Grocery/Staple,2024,34,168.32,1.0,0.58,238,0,168.4,1
Potatoes,Grocery/Staple,2024,35,166.77,-0.02,-0.29,231,0,169.24,1
Potatoes,Grocery/Staple,2024,36,169.64,-0.63,1.3,224,0,169.07,0
Potatoes,Grocery/Staple,2024,37,168.86,1.36,0.73,217,0,169.17,1
Potatoes,Grocery/Staple,2024,38,168.32,-0.0,0.27,210,0,169.32,1
Potatoes,Grocery/Staple,2024,39,170.15,2.03,1.26,203,0,169.73,0
Potatoes,Grocery/Staple,2024,40,168.95,-0.41,0.48,196,0,169.49,1
Potatoes,Grocery/Staple,2024,41,169.26,0.24,0.6,189,0,169.92,1
Potatoes,Grocery/Staple,2024,42,168.93,0.36,0.28,182,0,170.64,1
Potatoes,Grocery/Staple,2024,43,171.76,0.95,1.72,175,0,169.67,0
Potatoes,Grocery/Staple,2024,44,168.0,-0.56,-0.56,168,0,169.86,1
Potatoes,Grocery/Staple,2024,45,171.0,1.03,1.21,161,0,169.43,0
Potatoes,Grocery/Staple,2024,46,171.81,1.7,1.44,154,0,169.19,0
Potatoes,Grocery/Staple,2024,47,167.87,-2.26,-0.86,147,0,169.2,1
Potatoes,Grocery/Staple,2024,48,168.74,0.44,-0.44,140,0,169.72,1
Potatoes,Grocery/Staple,2024,49,169.3,-1.0,-0.1,133,0,169.69,1
Potatoes,Grocery/Staple,2024,50,170.86,-0.55,0.73,126,0,170.04,0
Potatoes,Grocery/Staple,2024,51,167.9,0.02,-0.99,119,0,170.89,1
Potatoes,Grocery/Staple,2024,52,170.81,1.23,0.7,112,0,171.05,1
Potatoes,Grocery/Staple,2025,1,169.18,-0.07,-0.28,105,0,171.21,1
Potatoes,Grocery/Staple,2025,2,172.27,0.83,1.41,98,0,170.6,0
Potatoes,Grocery/Staple,2025,3,171.29,2.02,0.72,91,0,170.34,0
Potatoes,Grocery/Staple,2025,4,171.47,0.38,0.84,84,0,170.26,0
Potatoes,Grocery/Staple,2025,5,169.8,0.37,-0.22,77,0,170.43,1
Potatoes,Grocery/Staple,2025,6,169.82,-1.42,-0.16,70,0,170.58,1
Potatoes,Grocery/Staple,2025,7,170.25,-0.61,0.17,63,0,170.4,1
Potatoes,Grocery/Staple,2025,8,171.18,-0.17,0.56,56,0,170.57,0
Potatoes,Grocery/Staple,2025,9,170.49,0.4,0.08,49,0,170.59,1
Potatoes,Grocery/Staple,2025,10,170.41,0.35,-0.02,42,0,171.01,1
Potatoes,Grocery/Staple,2025,11,169.54,-0.42,-0.47,35,0,172.73,1
Potatoes,Grocery/Staple,2025,12,171.83,0.38,0.69,28,0,172.69,1
Potatoes,Grocery/Staple,2025,13,170.57,0.05,-0.03,21,1,172.27,1
Potatoes,Grocery/Staple,2025,14,172.1,0.99,0.74,14,1,171.89,0
Potatoes,Grocery/Staple,2025,15,176.4,4.05,3.06,7,1,170.44,0
Potatoes,Grocery/Staple,2025,16,171.66,-0.09,0.27,0,1,169.9,0
Potatoes,Grocery/Staple,2025,17,168.91,-0.97,-1.22,358,0,170.39,1
Potatoes,Grocery/Staple,2025,18,170.59,-0.88,-0.27,351,0,170.62,1
Potatoes,Grocery/Staple,2025,19,170.58,-3.3,-0.31,344,0,170.84,1
Potatoes,Grocery/Staple,2025,20,169.5,-1.26,-0.91,337,0,171.3,1
Potatoes,Grocery/Staple,2025,21,170.9,1.18,-0.08,330,0,171.38,1
Potatoes,Grocery/Staple,2025,22,171.51,0.54,0.23,323,0,171.93,1
Potatoes,Grocery/Staple,2025,23,171.45,0.51,0.15,316,0,172.05,1
Potatoes,Grocery/Staple,2025,24,171.35,1.09,0.01,309,0,171.87,1
Potatoes,Grocery/Staple,2025,25,171.2,0.17,-0.05,302,0,171.94,1
Potatoes,Grocery/Staple,2025,26,173.71,1.28,1.27,295,0,170.89,0
Potatoes,Grocery/Staple,2025,27,171.92,0.27,0.23,288,0,170.99,0
Potatoes,Grocery/Staple,2025,28,170.67,-0.4,-0.24,281,0,171.26,1
Potatoes,Grocery/Staple,2025,29,171.45,0.15,0.23,274,0,170.81,0
Potatoes,Grocery/Staple,2025,30,169.54,-2.4,-0.92,267,0,171.44,1
Potatoes,Grocery/Staple,2025,31,172.3,0.22,0.62,260,0,171.14,0
Potatoes,Grocery/Staple,2025,32,171.76,0.64,0.25,253,0,171.1,0
Potatoes,Grocery/Staple,2025,33,169.64,-1.06,-0.99,246,0,170.83,1
Potatoes,Grocery/Staple,2025,34,172.05,1.48,0.37,239,0,170.12,0
Potatoes,Grocery/Staple,2025,35,171.11,-0.69,-0.16,232,0,170.07,0
Potatoes,Grocery/Staple,2025,36,171.59,-0.1,0.11,225,0,169.78,0
Potatoes,Grocery/Staple,2025,37,168.56,-0.64,-1.54,218,0,170.66,1
Potatoes,Grocery/Staple,2025,38,169.24,-1.64,-1.05,211,0,171.04,1
Potatoes,Grocery/Staple,2025,39,170.89,-0.13,0.04,204,0,171.28,1
Potatoes,Grocery/Staple,2025,40,170.42,-0.68,-0.17,197,0,171.5,1
Potatoes,Grocery/Staple,2025,41,172.09,2.1,0.75,190,0,171.31,0
Potatoes,Grocery/Staple,2025,42,170.75,0.89,-0.01,183,0,171.3,1
Potatoes,Grocery/Staple,2025,43,171.88,0.58,0.54,176,0,171.91,1
Potatoes,Grocery/Staple,2025,44,171.28,0.5,0.24,169,0,172.39,1
Potatoes,Grocery/Staple,2025,45,171.32,-0.45,0.29,162,0,172.29,1
Potatoes,Grocery/Staple,2025,46,170.72,-0.01,-0.11,155,0,172.43,1
Potatoes,Grocery/Staple,2025,47,174.3,1.41,1.88,148,0,171.59,0
Potatoes,Grocery/Staple,2025,48,173.22,1.13,1.15,141,0,171.25,0
Potatoes,Grocery/Staple,2025,49,170.94,-0.23,-0.15,134,0,171.73,1
Potatoes,Grocery/Staple,2025,50,171.26,0.31,-0.09,127,0,172.39,1
Potatoes,Grocery/Staple,2025,51,170.94,-1.92,-0.35,120,0,173.06,1
Potatoes,Grocery/Staple,2025,52,171.87,-0.78,0.15,113,0,172.63,1
Potatoes,Grocery/Staple,2026,1,172.84,1.11,0.61,106,0,172.53,0
Potatoes,Grocery/Staple,2026,2,173.9,1.54,1.14,99,0,172.44,0
Potatoes,Grocery/Staple,2026,3,173.62,1.57,0.85,92,0,172.04,0
Potatoes,Grocery/Staple,2026,4,170.17,-0.99,-1.08,85,0,172.46,1
Potatoes,Grocery/Staple,2026,5,172.42,-0.24,0.18,78,0,172.09,0
Potatoes,Grocery/Staple,2026,6,173.56,-0.2,0.73,71,0,171.38,0
Potatoes,Grocery/Staple,2026,7,172.01,-0.93,-0.22,64,0,171.24,0
Potatoes,Grocery/Staple,2026,8,171.84,0.98,-0.21,57,0,171.01,0
Potatoes,Grocery/Staple,2026,9,170.95,-0.86,-0.63,50,0,171.19,1
Potatoes,Grocery/Staple,2026,10,170.73,-1.63,-0.75,43,0,171.29,1
Potatoes,Grocery/Staple,2026,11,171.45,-0.32,-0.33,36,0,173.08,1
Potatoes,Grocery/Staple,2026,12,170.91,-0.54,-0.65,29,0,173.91,1
Potatoes,Grocery/Staple,2026,13,171.66,0.42,-0.2,22,0,174.48,1
Potatoes,Grocery/Staple,2026,14,171.14,0.24,-0.43,15,1,174.62,1
Potatoes,Grocery/Staple,2026,15,178.62,4.18,3.71,8,1,172.64,0
Potatoes,Grocery/Staple,2026,16,174.22,1.94,1.12,1,1,172.32,0
Potatoes,Grocery/Staple,2026,17,173.94,1.33,0.79,359,0,171.94,0
Potatoes,Grocery/Staple,2026,18,171.72,0.34,-0.46,352,0,171.94,1
Potatoes,Grocery/Staple,2026,19,170.69,-4.44,-0.93,345,0,172.13,1
Potatoes,Grocery/Staple,2026,20,172.91,-0.75,0.32,338,0,170.91,0
Dried Chillies,Grocery/Staple,2022,24,555.34,0.0,0.0,305,0,592.84,1
Dried Chillies,Grocery/Staple,2022,25,577.49,0.0,1.96,298,0,604.48,1
Dried Chillies,Grocery/Staple,2022,26,581.45,0.0,1.75,291,0,620.91,1
Dried Chillies,Grocery/Staple,2022,27,597.65,0.0,3.4,284,0,636.8,1
Dried Chillies,Grocery/Staple,2022,28,614.77,10.7,5.03,277,0,652.56,1
Dried Chillies,Grocery/Staple,2022,29,624.04,8.06,5.45,270,0,667.8,1
Dried Chillies,Grocery/Staple,2022,30,647.19,11.31,7.92,263,0,684.06,1
Dried Chillies,Grocery/Staple,2022,31,661.18,10.63,8.86,256,0,699.13,1
Dried Chillies,Grocery/Staple,2022,32,677.84,10.26,10.18,249,0,711.76,1
Dried Chillies,Grocery/Staple,2022,33,684.98,9.77,10.09,242,0,725.89,1
Dried Chillies,Grocery/Staple,2022,34,712.25,10.05,12.99,235,0,734.7,1
Dried Chillies,Grocery/Staple,2022,35,721.46,9.12,13.09,228,0,745.51,1
Dried Chillies,Grocery/Staple,2022,36,728.33,7.45,12.93,221,0,758.88,1
Dried Chillies,Grocery/Staple,2022,37,741.52,8.25,12.48,214,0,771.76,1
Dried Chillies,Grocery/Staple,2022,38,747.51,4.95,11.18,207,0,783.34,1
Dried Chillies,Grocery/Staple,2022,39,764.68,5.99,11.4,200,0,795.69,1
Dried Chillies,Grocery/Staple,2022,40,781.8,7.34,11.59,193,0,806.38,1
Dried Chillies,Grocery/Staple,2022,41,793.05,6.95,11.03,186,0,817.86,1
Dried Chillies,Grocery/Staple,2022,42,793.83,6.2,9.14,179,0,832.02,1
Dried Chillies,Grocery/Staple,2022,43,814.09,6.46,9.98,172,0,845.45,1
Dried Chillies,Grocery/Staple,2022,44,824.53,5.47,9.53,165,0,862.38,1
Dried Chillies,Grocery/Staple,2022,45,838.98,5.79,9.65,158,0,874.97,1
Dried Chillies,Grocery/Staple,2022,46,850.47,7.14,9.33,151,0,889.12,1
Dried Chillies,Grocery/Staple,2022,47,867.81,6.6,9.87,144,0,901.61,1
Dried Chillies,Grocery/Staple,2022,48,892.27,8.22,11.12,137,0,913.79,1
Dried Chillies,Grocery/Staple,2022,49,889.32,6.0,9.07,130,0,926.01,1
Dried Chillies,Grocery/Staple,2022,50,907.07,6.65,9.53,123,0,937.66,1
Dried Chillies,Grocery/Staple,2022,51,917.79,5.76,9.1,116,0,948.18,1
Dried Chillies,Grocery/Staple,2022,52,940.98,5.46,10.09,109,0,955.87,1
Dried Chillies,Grocery/Staple,2023,1,938.21,5.5,8.24,102,0,965.8,1
Dried Chillies,Grocery/Staple,2023,2,953.67,5.14,8.48,95,0,974.91,1
Dried Chillies,Grocery/Staple,2023,3,959.85,4.58,7.62,88,0,987.93,1
Dried Chillies,Grocery/Staple,2023,4,971.74,3.27,7.49,81,0,998.71,1
Dried Chillies,Grocery/Staple,2023,5,977.94,4.23,6.78,74,0,1009.73,1
Dried Chillies,Grocery/Staple,2023,6,990.1,3.82,6.75,67,0,1018.26,1
Dried Chillies,Grocery/Staple,2023,7,1011.92,5.43,7.66,60,0,1021.49,1
Dried Chillies,Grocery/Staple,2023,8,1014.87,4.44,6.69,53,0,1024.16,1
Dried Chillies,Grocery/Staple,2023,9,1022.03,4.51,6.33,46,0,1022.94,1
Dried Chillies,Grocery/Staple,2023,10,1024.24,3.45,5.42,39,0,1026.54,1
Dried Chillies,Grocery/Staple,2023,11,1024.83,1.28,4.51,32,0,1030.75,1
Dried Chillies,Grocery/Staple,2023,12,1025.54,1.05,3.7,25,0,1025.03,0
Dried Chillies,Grocery/Staple,2023,13,1017.14,-0.48,2.25,18,1,1021.06,1
Dried Chillies,Grocery/Staple,2023,14,1038.67,1.41,3.61,11,1,1012.33,0
Dried Chillies,Grocery/Staple,2023,15,1041.65,1.64,3.21,4,1,1000.24,0
Dried Chillies,Grocery/Staple,2023,16,1002.66,-2.23,-0.98,363,0,999.6,0
Dried Chillies,Grocery/Staple,2023,17,1001.27,-1.56,-1.34,356,0,998.46,0
Dried Chillies,Grocery/Staple,2023,18,1003.74,-3.36,-1.29,349,0,995.03,0
Dried Chillies,Grocery/Staple,2023,19,993.29,-4.64,-2.34,342,0,995.28,1
Dried Chillies,Grocery/Staple,2023,20,1000.08,-0.26,-1.58,335,0,990.09,0
Dried Chillies,Grocery/Staple,2023,21,996.74,-0.45,-1.78,328,0,987.57,0
Dried Chillies,Grocery/Staple,2023,22,990.03,-1.37,-2.2,321,0,984.61,0
Dried Chillies,Grocery/Staple,2023,23,994.28,0.1,-1.56,314,0,979.94,0
Dried Chillies,Grocery/Staple,2023,24,979.31,-2.08,-2.7,307,0,980.21,1
Dried Chillies,Grocery/Staple,2023,25,986.64,-1.01,-1.68,300,0,975.94,0
Dried Chillies,Grocery/Staple,2023,26,978.19,-1.2,-2.23,293,0,970.51,0
Dried Chillies,Grocery/Staple,2023,27,975.62,-1.88,-2.01,286,0,966.78,0
Dried Chillies,Grocery/Staple,2023,28,980.4,0.11,-1.06,279,0,964.25,0
Dried Chillies,Grocery/Staple,2023,29,969.54,-1.73,-1.91,272,0,962.32,0
Dried Chillies,Grocery/Staple,2023,30,956.5,-2.22,-2.89,265,0,963.03,1
Dried Chillies,Grocery/Staple,2023,31,960.66,-1.53,-2.14,258,0,962.21,1
Dried Chillies,Grocery/Staple,2023,32,970.29,-1.03,-0.98,251,0,957.6,0
Dried Chillies,Grocery/Staple,2023,33,961.81,-0.8,-1.55,244,0,953.79,0
Dried Chillies,Grocery/Staple,2023,34,959.36,0.3,-1.51,237,0,950.98,0
Dried Chillies,Grocery/Staple,2023,35,957.38,-0.34,-1.46,230,0,946.81,0
Dried Chillies,Grocery/Staple,2023,36,951.84,-1.9,-1.7,223,0,945.64,0
Dried Chillies,Grocery/Staple,2023,37,946.59,-1.58,-1.98,216,0,942.12,0
Dried Chillies,Grocery/Staple,2023,38,948.11,-1.17,-1.52,209,0,936.36,0
Dried Chillies,Grocery/Staple,2023,39,940.68,-1.74,-2.0,202,0,932.54,0
Dried Chillies,Grocery/Staple,2023,40,947.18,-0.49,-1.1,195,0,926.49,0
Dried Chillies,Grocery/Staple,2023,41,932.49,-1.49,-2.26,188,0,927.14,0
Dried Chillies,Grocery/Staple,2023,42,925.1,-2.43,-2.68,181,0,925.91,1
Dried Chillies,Grocery/Staple,2023,43,925.37,-1.63,-2.41,174,0,925.37,0
Dried Chillies,Grocery/Staple,2023,44,922.98,-2.55,-2.36,167,0,922.82,0
Dried Chillies,Grocery/Staple,2023,45,935.12,0.28,-0.8,160,0,916.62,0
Dried Chillies,Grocery/Staple,2023,46,920.17,-0.53,-2.05,153,0,911.44,0
Dried Chillies,Grocery/Staple,2023,47,923.2,-0.23,-1.43,146,0,906.38,0
Dried Chillies,Grocery/Staple,2023,48,912.8,-1.1,-2.19,139,0,899.71,0
Dried Chillies,Grocery/Staple,2023,49,910.31,-2.65,-2.12,132,0,897.4,0
Dried Chillies,Grocery/Staple,2023,50,899.47,-2.25,-2.91,125,0,899.31,0
Dried Chillies,Grocery/Staple,2023,51,902.94,-2.2,-2.16,118,0,900.35,0
Dried Chillies,Grocery/Staple,2023,52,886.13,-2.92,-3.55,111,0,900.67,1
Dried Chillies,Grocery/Staple,2024,1,901.04,-1.02,-1.54,104,0,901.02,0
Dried Chillies,Grocery/Staple,2024,2,907.13,0.85,-0.67,97,0,898.62,0
Dried Chillies,Grocery/Staple,2024,3,907.08,0.46,-0.52,90,0,893.94,0
Dried Chillies,Grocery/Staple,2024,4,887.44,0.15,-2.36,83,0,894.1,1
Dried Chillies,Grocery/Staple,2024,5,902.43,0.15,-0.54,76,0,892.86,0
Dried Chillies,Grocery/Staple,2024,6,897.54,-1.06,-0.76,69,0,893.34,0
Dried Chillies,Grocery/Staple,2024,7,888.35,-2.06,-1.51,62,0,895.56,1
Dried Chillies,Grocery/Staple,2024,8,888.08,0.07,-1.25,55,0,896.46,1
Dried Chillies,Grocery/Staple,2024,9,897.45,-0.55,-0.07,48,0,896.81,0
Dried Chillies,Grocery/Staple,2024,10,899.46,0.21,0.24,41,0,898.44,0
Dried Chillies,Grocery/Staple,2024,11,897.23,1.0,0.01,34,0,910.14,1
Dried Chillies,Grocery/Staple,2024,12,891.71,0.41,-0.5,27,0,909.61,1
Dried Chillies,Grocery/Staple,2024,13,898.84,0.15,0.18,20,1,907.75,1
Dried Chillies,Grocery/Staple,2024,14,905.99,0.73,0.94,13,1,903.21,0
Dried Chillies,Grocery/Staple,2024,15,944.0,5.21,4.84,6,1,888.9,0
Dried Chillies,Grocery/Staple,2024,16,889.62,-0.24,-1.05,364,0,889.56,0
Dried Chillies,Grocery/Staple,2024,17,891.38,-0.83,-0.89,357,0,890.74,0
Dried Chillies,Grocery/Staple,2024,18,887.85,-2.0,-1.16,350,0,889.7,1
Dried Chillies,Grocery/Staple,2024,19,886.75,-6.06,-1.19,343,0,888.2,1
Dried Chillies,Grocery/Staple,2024,20,892.24,0.29,-0.61,336,0,888.99,0
Dried Chillies,Grocery/Staple,2024,21,896.12,0.53,-0.25,329,0,887.61,0
Dried Chillies,Grocery/Staple,2024,22,883.7,-0.47,-1.52,322,0,890.92,1
Dried Chillies,Grocery/Staple,2024,23,880.75,-0.68,-1.69,315,0,892.42,1
Dried Chillies,Grocery/Staple,2024,24,895.38,0.35,-0.04,308,0,891.43,0
Dried Chillies,Grocery/Staple,2024,25,890.6,-0.62,-0.56,301,0,891.33,1
Dried Chillies,Grocery/Staple,2024,26,896.95,1.5,0.16,294,0,889.55,0
Dried Chillies,Grocery/Staple,2024,27,886.77,0.68,-0.81,287,0,892.71,1
Dried Chillies,Grocery/Staple,2024,28,891.4,-0.44,0.16,280,0,895.64,1
Dried Chillies,Grocery/Staple,2024,29,890.21,-0.04,0.02,273,0,898.91,1
Dried Chillies,Grocery/Staple,2024,30,889.81,-0.8,-0.01,266,0,902.13,1
Dried Chillies,Grocery/Staple,2024,31,899.42,1.43,0.97,259,0,900.01,1
Dried Chillies,Grocery/Staple,2024,32,903.11,1.31,1.24,252,0,899.62,0
Dried Chillies,Grocery/Staple,2024,33,903.3,1.47,1.17,245,0,898.59,0
Dried Chillies,Grocery/Staple,2024,34,902.71,1.45,1.04,238,0,898.9,0
Dried Chillies,Grocery/Staple,2024,35,890.94,-0.94,-0.34,231,0,900.69,1
Dried Chillies,Grocery/Staple,2024,36,901.52,-0.18,0.67,224,0,902.11,1
Dried Chillies,Grocery/Staple,2024,37,899.17,-0.46,0.37,217,0,904.07,1
Dried Chillies,Grocery/Staple,2024,38,903.96,0.14,0.79,210,0,903.04,0
Dried Chillies,Grocery/Staple,2024,39,898.09,0.8,0.13,203,0,905.55,1
Dried Chillies,Grocery/Staple,2024,40,907.23,0.63,0.97,196,0,904.04,0
Dried Chillies,Grocery/Staple,2024,41,907.02,0.87,0.81,189,0,904.78,0
Dried Chillies,Grocery/Staple,2024,42,899.83,-0.46,-0.07,182,0,908.52,1
Dried Chillies,Grocery/Staple,2024,43,908.11,1.12,0.69,175,0,907.18,0
Dried Chillies,Grocery/Staple,2024,44,901.21,-0.66,-0.09,168,0,907.52,1
Dried Chillies,Grocery/Staple,2024,45,909.96,0.32,0.82,161,0,907.99,0
Dried Chillies,Grocery/Staple,2024,46,914.81,1.66,1.26,154,0,906.84,0
Dried Chillies,Grocery/Staple,2024,47,902.76,-0.59,-0.07,147,0,909.6,1
Dried Chillies,Grocery/Staple,2024,48,902.55,0.15,-0.2,140,0,913.26,1
Dried Chillies,Grocery/Staple,2024,49,911.83,0.21,0.74,133,0,914.57,1
Dried Chillies,Grocery/Staple,2024,50,910.2,-0.5,0.47,126,0,915.05,1
Dried Chillies,Grocery/Staple,2024,51,913.81,1.22,0.78,119,0,914.49,1
Dried Chillies,Grocery/Staple,2024,52,917.19,1.62,0.99,112,0,913.3,0
Dried Chillies,Grocery/Staple,2025,1,917.07,0.57,0.89,105,0,912.13,0
Dried Chillies,Grocery/Staple,2025,2,912.13,0.21,0.31,98,0,912.01,0
Dried Chillies,Grocery/Staple,2025,3,911.57,-0.24,0.15,91,0,910.7,0
Dried Chillies,Grocery/Staple,2025,4,912.45,-0.52,0.21,84,0,910.96,0
Dried Chillies,Grocery/Staple,2025,5,912.38,-0.51,0.1,77,0,909.1,0
Dried Chillies,Grocery/Staple,2025,6,911.66,-0.05,0.01,70,0,908.88,0
Dried Chillies,Grocery/Staple,2025,7,906.3,-0.58,-0.51,63,0,909.33,1
Dried Chillies,Grocery/Staple,2025,8,913.51,0.12,0.19,56,0,911.79,0
Dried Chillies,Grocery/Staple,2025,9,904.91,-0.82,-0.77,49,0,913.58,1
Dried Chillies,Grocery/Staple,2025,10,910.79,-0.1,-0.12,42,0,917.07,1
Dried Chillies,Grocery/Staple,2025,11,908.11,0.2,-0.39,35,0,928.69,1
Dried Chillies,Grocery/Staple,2025,12,923.36,1.08,1.2,28,0,926.52,1
Dried Chillies,Grocery/Staple,2025,13,912.06,0.79,0.0,21,1,928.4,1
Dried Chillies,Grocery/Staple,2025,14,924.74,1.53,1.33,14,1,925.01,1
Dried Chillies,Grocery/Staple,2025,15,954.61,5.12,4.23,7,1,913.55,0
Dried Chillies,Grocery/Staple,2025,16,914.67,-0.94,-0.16,0,1,914.73,1
Dried Chillies,Grocery/Staple,2025,17,919.59,0.83,0.32,358,0,911.28,0
Dried Chillies,Grocery/Staple,2025,18,911.16,-1.47,-0.59,351,0,909.35,0
Dried Chillies,Grocery/Staple,2025,19,908.8,-4.8,-0.82,344,0,907.91,0
Dried Chillies,Grocery/Staple,2025,20,919.39,0.52,0.22,337,0,905.64,0
Dried Chillies,Grocery/Staple,2025,21,905.77,-1.5,-1.2,330,0,905.12,0
Dried Chillies,Grocery/Staple,2025,22,903.44,-0.85,-1.44,323,0,909.26,1
Dried Chillies,Grocery/Staple,2025,23,903.03,-0.64,-1.42,316,0,910.88,1
Dried Chillies,Grocery/Staple,2025,24,910.32,-0.99,-0.65,309,0,913.16,1
Dried Chillies,Grocery/Staple,2025,25,903.71,-0.23,-1.2,302,0,915.01,1
Dried Chillies,Grocery/Staple,2025,26,919.99,1.83,0.51,295,0,914.35,0
Dried Chillies,Grocery/Staple,2025,27,909.52,0.72,-0.51,288,0,912.76,1
Dried Chillies,Grocery/Staple,2025,28,919.42,1.0,0.87,281,0,913.72,0
Dried Chillies,Grocery/Staple,2025,29,911.1,0.82,-0.01,274,0,916.8,1
Dried Chillies,Grocery/Staple,2025,30,917.36,-0.29,0.7,267,0,915.08,0
Dried Chillies,Grocery/Staple,2025,31,903.18,-0.7,-0.79,260,0,916.71,1
Dried Chillies,Grocery/Staple,2025,32,923.26,0.42,1.29,253,0,913.53,0
Dried Chillies,Grocery/Staple,2025,33,923.39,1.35,1.27,246,0,907.73,0
Dried Chillies,Grocery/Staple,2025,34,910.49,-0.75,-0.18,239,0,907.9,0
Dried Chillies,Grocery/Staple,2025,35,909.69,0.72,-0.32,232,0,909.71,1
Dried Chillies,Grocery/Staple,2025,36,910.54,-1.38,-0.29,225,0,907.47,0
Dried Chillies,Grocery/Staple,2025,37,900.21,-2.51,-1.34,218,0,909.78,1
Dried Chillies,Grocery/Staple,2025,38,911.14,0.07,-0.21,211,0,912.38,1
Dried Chillies,Grocery/Staple,2025,39,916.97,0.8,0.46,204,0,910.19,0
Dried Chillies,Grocery/Staple,2025,40,901.56,-0.99,-1.16,197,0,914.09,1
Dried Chillies,Grocery/Staple,2025,41,909.45,1.03,-0.22,190,0,914.18,1
Dried Chillies,Grocery/Staple,2025,42,921.53,1.14,1.02,183,0,912.57,0
Dried Chillies,Grocery/Staple,2025,43,908.24,-0.95,-0.36,176,0,911.17,1
Dried Chillies,Grocery/Staple,2025,44,917.16,1.73,0.5,169,0,909.52,0
Dried Chillies,Grocery/Staple,2025,45,909.78,0.04,-0.19,162,0,911.64,1
Dried Chillies,Grocery/Staple,2025,46,915.11,-0.7,0.46,155,0,909.41,0
Dried Chillies,Grocery/Staple,2025,47,902.65,-0.62,-0.84,148,0,912.4,1
Dried Chillies,Grocery/Staple,2025,48,910.55,-0.72,0.02,141,0,911.26,1
Dried Chillies,Grocery/Staple,2025,49,918.27,0.93,0.8,134,0,910.29,0
Dried Chillies,Grocery/Staple,2025,50,906.17,-0.98,-0.58,127,0,911.91,1
Dried Chillies,Grocery/Staple,2025,51,914.6,1.32,0.32,120,0,910.59,0
Dried Chillies,Grocery/Staple,2025,52,906.02,-0.5,-0.53,113,0,911.4,1
Dried Chillies,Grocery/Staple,2026,1,914.38,-0.42,0.28,106,0,908.35,0
Dried Chillies,Grocery/Staple,2026,2,912.64,0.71,0.06,99,0,907.48,0
Dried Chillies,Grocery/Staple,2026,3,909.31,-0.58,-0.2,92,0,908.0,0
Dried Chillies,Grocery/Staple,2026,4,909.27,0.36,-0.21,85,0,913.97,1
Dried Chillies,Grocery/Staple,2026,5,902.18,-1.33,-0.87,78,0,919.62,1
Dried Chillies,Grocery/Staple,2026,6,909.16,-0.38,-0.09,71,0,920.25,1
Dried Chillies,Grocery/Staple,2026,7,911.38,0.23,0.18,64,0,921.69,1
Dried Chillies,Grocery/Staple,2026,8,933.15,2.63,2.31,57,0,918.03,0
Dried Chillies,Grocery/Staple,2026,9,924.78,2.51,1.27,50,0,914.66,0
Dried Chillies,Grocery/Staple,2026,10,911.7,0.28,-0.11,43,0,916.79,1
Dried Chillies,Grocery/Staple,2026,11,917.12,0.63,0.39,36,0,925.4,1
Dried Chillies,Grocery/Staple,2026,12,918.51,-1.57,0.51,29,0,928.59,1
Dried Chillies,Grocery/Staple,2026,13,911.31,-1.46,-0.32,22,0,927.9,1
Dried Chillies,Grocery/Staple,2026,14,920.22,0.93,0.61,15,1,928.93,1
Dried Chillies,Grocery/Staple,2026,15,951.56,3.76,3.69,8,1,920.77,0
Dried Chillies,Grocery/Staple,2026,16,931.27,1.39,1.3,1,1,914.81,0
Dried Chillies,Grocery/Staple,2026,17,908.53,-0.3,-1.17,359,0,918.87,1
Dried Chillies,Grocery/Staple,2026,18,924.36,0.45,0.36,352,0,914.37,0
Dried Chillies,Grocery/Staple,2026,19,918.92,-3.43,-0.31,345,0,915.21,0
Dried Chillies,Grocery/Staple,2026,20,907.43,-2.56,-1.52,338,0,916.44,1
Eggs (White),Grocery/Staple,2022,24,20.5,0.0,0.0,305,0,21.61,1
Eggs (White),Grocery/Staple,2022,25,20.87,0.0,0.89,298,0,22.11,1
Eggs (White),Grocery/Staple,2022,26,21.44,0.0,2.43,291,0,22.65,1
Eggs (White),Grocery/Staple,2022,27,21.77,0.0,2.97,284,0,23.21,1
Eggs (White),Grocery/Staple,2022,28,22.36,9.09,4.55,277,0,23.83,1
Eggs (White),Grocery/Staple,2022,29,22.84,9.46,5.59,270,0,24.42,1
Eggs (White),Grocery/Staple,2022,30,23.61,10.12,7.76,263,0,24.87,1
Eggs (White),Grocery/Staple,2022,31,24.03,10.37,8.35,256,0,25.33,1
Eggs (White),Grocery/Staple,2022,32,24.82,10.97,10.44,249,0,25.82,1
Eggs (White),Grocery/Staple,2022,33,25.23,10.45,10.89,242,0,26.27,1
Eggs (White),Grocery/Staple,2022,34,25.42,7.64,10.56,235,0,26.84,1
Eggs (White),Grocery/Staple,2022,35,25.84,7.53,11.25,228,0,27.34,1
Eggs (White),Grocery/Staple,2022,36,26.81,8.02,14.06,221,0,27.82,1
Eggs (White),Grocery/Staple,2022,37,27.03,7.14,12.59,214,0,28.36,1
Eggs (White),Grocery/Staple,2022,38,27.69,8.92,12.86,207,0,28.78,1
Eggs (White),Grocery/Staple,2022,39,27.83,7.71,11.24,200,0,29.28,1
Eggs (White),Grocery/Staple,2022,40,28.72,7.15,12.4,193,0,29.54,1
Eggs (White),Grocery/Staple,2022,41,29.19,7.99,11.91,186,0,29.94,1
Eggs (White),Grocery/Staple,2022,42,29.39,6.17,10.56,179,0,30.36,1
Eggs (White),Grocery/Staple,2022,43,29.83,7.17,10.22,172,0,30.79,1
Eggs (White),Grocery/Staple,2022,44,29.75,3.57,8.17,165,0,31.33,1
Eggs (White),Grocery/Staple,2022,45,30.78,5.45,10.07,158,0,31.83,1
Eggs (White),Grocery/Staple,2022,46,31.1,5.81,9.46,151,0,32.32,1
Eggs (White),Grocery/Staple,2022,47,31.53,5.72,9.18,144,0,32.94,1
Eggs (White),Grocery/Staple,2022,48,31.89,7.2,8.66,137,0,33.55,1
Eggs (White),Grocery/Staple,2022,49,32.79,6.53,9.99,130,0,33.96,1
Eggs (White),Grocery/Staple,2022,50,33.07,6.34,9.24,123,0,34.34,1
Eggs (White),Grocery/Staple,2022,51,34.02,7.87,10.58,116,0,34.7,1
Eggs (White),Grocery/Staple,2022,52,34.33,7.63,9.8,109,0,35.03,1
Eggs (White),Grocery/Staple,2023,1,34.41,4.95,8.56,102,0,35.35,1
Eggs (White),Grocery/Staple,2023,2,34.6,4.61,7.73,95,0,35.89,1
Eggs (White),Grocery/Staple,2023,3,35.46,4.24,8.83,88,0,36.29,1
Eggs (White),Grocery/Staple,2023,4,35.64,3.82,7.9,81,0,36.66,1
Eggs (White),Grocery/Staple,2023,5,35.73,3.82,6.68,74,0,37.26,1
Eggs (White),Grocery/Staple,2023,6,36.73,6.16,8.2,67,0,37.34,1
Eggs (White),Grocery/Staple,2023,7,37.06,4.51,7.72,60,0,37.35,1
Eggs (White),Grocery/Staple,2023,8,37.13,4.2,6.6,53,0,37.28,1
Eggs (White),Grocery/Staple,2023,9,38.12,6.71,7.96,46,0,36.95,0
Eggs (White),Grocery/Staple,2023,10,37.03,0.82,3.9,39,0,37.24,1
Eggs (White),Grocery/Staple,2023,11,37.13,0.19,3.27,32,0,37.59,1
Eggs (White),Grocery/Staple,2023,12,36.83,-0.82,1.83,25,0,37.64,1
Eggs (White),Grocery/Staple,2023,13,36.82,-3.43,1.26,18,1,37.51,1
Eggs (White),Grocery/Staple,2023,14,38.17,3.07,4.14,11,1,37.06,0
Eggs (White),Grocery/Staple,2023,15,38.53,3.76,4.26,4,1,36.59,0
Eggs (White),Grocery/Staple,2023,16,37.04,0.57,-0.09,363,0,36.36,0
Eggs (White),Grocery/Staple,2023,17,36.31,-1.38,-2.19,356,0,36.38,1
Eggs (White),Grocery/Staple,2023,18,36.37,-4.71,-2.16,349,0,36.3,0
Eggs (White),Grocery/Staple,2023,19,36.66,-4.84,-1.37,342,0,36.14,0
Eggs (White),Grocery/Staple,2023,20,36.1,-2.54,-2.68,335,0,36.04,0
Eggs (White),Grocery/Staple,2023,21,36.38,0.18,-1.78,328,0,35.95,0
Eggs (White),Grocery/Staple,2023,22,36.04,-0.9,-2.26,321,0,35.86,0
Eggs (White),Grocery/Staple,2023,23,36.05,-1.66,-2.04,314,0,35.83,0
Eggs (White),Grocery/Staple,2023,24,35.67,-1.19,-2.78,307,0,35.85,1
Eggs (White),Grocery/Staple,2023,25,36.05,-0.89,-1.57,300,0,35.76,0
Eggs (White),Grocery/Staple,2023,26,35.68,-1.0,-2.36,293,0,35.66,0
Eggs (White),Grocery/Staple,2023,27,35.91,-0.4,-1.27,286,0,35.49,0
Eggs (White),Grocery/Staple,2023,28,35.77,0.28,-1.07,279,0,35.35,0
Eggs (White),Grocery/Staple,2023,29,35.66,-1.08,-1.07,272,0,35.19,0
Eggs (White),Grocery/Staple,2023,30,35.32,-1.01,-1.82,265,0,35.0,0
Eggs (White),Grocery/Staple,2023,31,35.22,-1.91,-1.85,258,0,34.86,0
Eggs (White),Grocery/Staple,2023,32,35.21,-1.56,-1.57,251,0,34.73,0
Eggs (White),Grocery/Staple,2023,33,35.0,-1.87,-1.94,244,0,34.68,0
Eggs (White),Grocery/Staple,2023,34,34.57,-2.13,-2.76,237,0,34.72,1
Eggs (White),Grocery/Staple,2023,35,34.66,-1.6,-2.22,230,0,34.76,1
Eggs (White),Grocery/Staple,2023,36,34.69,-1.47,-1.83,223,0,34.72,1
Eggs (White),Grocery/Staple,2023,37,34.79,-0.61,-1.38,216,0,34.63,0
Eggs (White),Grocery/Staple,2023,38,34.74,0.5,-1.22,209,0,34.37,0
Eggs (White),Grocery/Staple,2023,39,34.81,0.44,-0.84,202,0,34.15,0
Eggs (White),Grocery/Staple,2023,40,34.54,-0.45,-1.32,195,0,33.95,0
Eggs (White),Grocery/Staple,2023,41,34.41,-1.07,-1.38,188,0,33.81,0
Eggs (White),Grocery/Staple,2023,42,33.74,-2.89,-2.91,181,0,33.8,1
Eggs (White),Grocery/Staple,2023,43,33.9,-2.61,-2.12,174,0,33.71,0
Eggs (White),Grocery/Staple,2023,44,33.76,-2.26,-2.22,167,0,33.61,0
Eggs (White),Grocery/Staple,2023,45,33.84,-1.66,-1.67,160,0,33.52,0
Eggs (White),Grocery/Staple,2023,46,33.7,-0.11,-1.81,153,0,33.35,0
Eggs (White),Grocery/Staple,2023,47,33.55,-1.05,-2.03,146,0,33.26,0
Eggs (White),Grocery/Staple,2023,48,33.34,-1.24,-2.34,139,0,33.12,0
Eggs (White),Grocery/Staple,2023,49,33.49,-1.04,-1.63,132,0,32.9,0
Eggs (White),Grocery/Staple,2023,50,33.03,-1.98,-2.6,125,0,32.85,0
Eggs (White),Grocery/Staple,2023,51,33.2,-1.04,-1.76,118,0,32.7,0
Eggs (White),Grocery/Staple,2023,52,32.78,-1.67,-2.54,111,0,32.68,0
Eggs (White),Grocery/Staple,2024,1,32.61,-2.63,-2.62,104,0,32.77,1
Eggs (White),Grocery/Staple,2024,2,32.82,-0.65,-1.65,97,0,32.79,0
Eggs (White),Grocery/Staple,2024,3,32.61,-1.77,-2.01,90,0,32.94,1
Eggs (White),Grocery/Staple,2024,4,32.67,-0.34,-1.54,83,0,32.91,1
Eggs (White),Grocery/Staple,2024,5,32.98,1.12,-0.45,76,0,32.85,0
Eggs (White),Grocery/Staple,2024,6,32.89,0.22,-0.49,69,0,32.75,0
Eggs (White),Grocery/Staple,2024,7,33.21,1.83,0.59,62,0,32.64,0
Eggs (White),Grocery/Staple,2024,8,32.58,-0.28,-1.09,55,0,32.66,1
Eggs (White),Grocery/Staple,2024,9,32.74,-0.71,-0.45,48,0,32.68,0
Eggs (White),Grocery/Staple,2024,10,32.47,-1.27,-1.05,41,0,32.75,1
Eggs (White),Grocery/Staple,2024,11,32.79,-1.26,-0.02,34,0,33.12,1
Eggs (White),Grocery/Staple,2024,12,32.65,0.22,-0.31,27,0,33.11,1
Eggs (White),Grocery/Staple,2024,13,32.8,0.17,0.14,20,1,33.04,1
Eggs (White),Grocery/Staple,2024,14,32.77,0.92,0.0,13,1,33.02,1
Eggs (White),Grocery/Staple,2024,15,34.26,4.49,4.21,6,1,32.51,0
Eggs (White),Grocery/Staple,2024,16,32.6,-0.17,-0.85,364,0,32.46,0
Eggs (White),Grocery/Staple,2024,17,32.53,-0.82,-1.02,357,0,32.51,0
Eggs (White),Grocery/Staple,2024,18,32.69,-0.23,-0.46,350,0,32.43,0
Eggs (White),Grocery/Staple,2024,19,32.24,-5.9,-1.69,343,0,32.49,1
Eggs (White),Grocery/Staple,2024,20,32.38,-0.65,-1.06,336,0,32.55,1
Eggs (White),Grocery/Staple,2024,21,32.74,0.65,-0.0,329,0,32.56,0
Eggs (White),Grocery/Staple,2024,22,32.35,-1.04,-1.11,322,0,32.64,1
Eggs (White),Grocery/Staple,2024,23,32.48,0.76,-0.7,315,0,32.66,1
Eggs (White),Grocery/Staple,2024,24,32.61,0.71,-0.27,308,0,32.72,1
Eggs (White),Grocery/Staple,2024,25,32.78,0.11,0.21,301,0,32.73,0
Eggs (White),Grocery/Staple,2024,26,32.66,0.97,-0.11,294,0,32.74,1
Eggs (White),Grocery/Staple,2024,27,32.57,0.26,-0.35,287,0,32.74,1
Eggs (White),Grocery/Staple,2024,28,32.86,0.77,0.88,280,0,32.71,0
Eggs (White),Grocery/Staple,2024,29,32.84,0.18,0.75,273,0,32.65,0
Eggs (White),Grocery/Staple,2024,30,32.67,0.02,0.2,266,0,32.65,0
Eggs (White),Grocery/Staple,2024,31,32.6,0.08,-0.01,259,0,32.76,1
Eggs (White),Grocery/Staple,2024,32,32.71,-0.45,0.24,252,0,32.77,1
Eggs (White),Grocery/Staple,2024,33,32.63,-0.63,-0.07,245,0,32.89,1
Eggs (White),Grocery/Staple,2024,34,32.64,-0.1,-0.02,238,0,32.88,1
Eggs (White),Grocery/Staple,2024,35,33.03,1.34,1.02,231,0,32.78,0
Eggs (White),Grocery/Staple,2024,36,32.78,0.21,0.19,224,0,32.79,1
Eggs (White),Grocery/Staple,2024,37,33.1,1.42,1.03,217,0,32.68,0
Eggs (White),Grocery/Staple,2024,38,32.6,-0.13,-0.45,210,0,32.72,1
Eggs (White),Grocery/Staple,2024,39,32.64,-1.2,-0.33,203,0,32.84,1
Eggs (White),Grocery/Staple,2024,40,32.81,0.08,0.14,196,0,32.87,1
Eggs (White),Grocery/Staple,2024,41,32.66,-1.32,-0.26,189,0,33.01,1
Eggs (White),Grocery/Staple,2024,42,32.75,0.47,0.04,182,0,32.97,1
Eggs (White),Grocery/Staple,2024,43,33.15,1.58,1.14,175,0,32.89,0
Eggs (White),Grocery/Staple,2024,44,32.92,0.32,0.35,168,0,33.05,1
Eggs (White),Grocery/Staple,2024,45,33.23,1.73,1.18,161,0,33.02,0
Eggs (White),Grocery/Staple,2024,46,32.58,-0.52,-0.78,154,0,33.08,1
Eggs (White),Grocery/Staple,2024,47,32.84,-0.94,-0.04,147,0,33.13,1
Eggs (White),Grocery/Staple,2024,48,33.55,1.93,2.0,140,0,32.88,0
Eggs (White),Grocery/Staple,2024,49,33.12,-0.31,0.62,133,0,32.87,0
Eggs (White),Grocery/Staple,2024,50,32.81,0.71,-0.26,126,0,33.01,1
Eggs (White),Grocery/Staple,2024,51,33.05,0.63,0.35,119,0,32.98,0
Eggs (White),Grocery/Staple,2024,52,32.54,-3.02,-1.17,112,0,33.14,1
Eggs (White),Grocery/Staple,2025,1,33.07,-0.15,0.39,105,0,33.1,1
Eggs (White),Grocery/Staple,2025,2,33.39,1.75,1.17,98,0,33.1,0
Eggs (White),Grocery/Staple,2025,3,32.91,-0.42,-0.31,91,0,33.17,1
Eggs (White),Grocery/Staple,2025,4,33.19,2.0,0.53,84,0,33.12,0
Eggs (White),Grocery/Staple,2025,5,32.93,-0.44,-0.26,77,0,33.16,1
Eggs (White),Grocery/Staple,2025,6,33.39,0.0,1.09,70,0,33.19,0
Eggs (White),Grocery/Staple,2025,7,33.16,0.78,0.27,63,0,33.12,0
Eggs (White),Grocery/Staple,2025,8,33.0,-0.57,-0.26,56,0,33.14,1
Eggs (White),Grocery/Staple,2025,9,33.1,0.5,0.14,49,0,33.16,1
Eggs (White),Grocery/Staple,2025,10,33.49,0.31,1.25,42,0,33.26,0
Eggs (White),Grocery/Staple,2025,11,32.91,-0.77,-0.54,35,0,33.59,1
Eggs (White),Grocery/Staple,2025,12,33.06,0.18,-0.08,28,0,33.67,1
Eggs (White),Grocery/Staple,2025,13,33.19,0.28,0.16,21,1,33.74,1
Eggs (White),Grocery/Staple,2025,14,33.87,1.14,2.03,14,1,33.61,0
Eggs (White),Grocery/Staple,2025,15,34.25,4.06,2.95,7,1,33.35,0
Eggs (White),Grocery/Staple,2025,16,33.36,0.92,0.19,0,1,33.38,1
Eggs (White),Grocery/Staple,2025,17,33.47,0.83,0.43,358,0,33.27,0
Eggs (White),Grocery/Staple,2025,18,33.35,-1.54,-0.01,351,0,33.19,0
Eggs (White),Grocery/Staple,2025,19,33.23,-2.97,-0.34,344,0,33.18,0
Eggs (White),Grocery/Staple,2025,20,33.47,0.33,0.33,337,0,33.17,0
Eggs (White),Grocery/Staple,2025,21,33.03,-1.3,-1.01,330,0,33.21,1
Eggs (White),Grocery/Staple,2025,22,33.02,-0.99,-1.02,323,0,33.29,1
Eggs (White),Grocery/Staple,2025,23,33.18,-0.15,-0.47,316,0,33.32,1
Eggs (White),Grocery/Staple,2025,24,33.47,-0.03,0.25,309,0,33.25,0
Eggs (White),Grocery/Staple,2025,25,33.17,0.44,-0.65,302,0,33.24,1
Eggs (White),Grocery/Staple,2025,26,33.36,1.02,-0.14,295,0,33.31,0
Eggs (White),Grocery/Staple,2025,27,33.27,0.27,-0.26,288,0,33.33,1
Eggs (White),Grocery/Staple,2025,28,33.19,-0.82,-0.25,281,0,33.41,1
Eggs (White),Grocery/Staple,2025,29,33.16,-0.06,-0.31,274,0,33.49,1
Eggs (White),Grocery/Staple,2025,30,33.63,0.81,1.07,267,0,33.37,0
Eggs (White),Grocery/Staple,2025,31,33.37,0.29,0.28,260,0,33.32,0
Eggs (White),Grocery/Staple,2025,32,33.5,0.93,0.62,253,0,33.23,0
Eggs (White),Grocery/Staple,2025,33,33.46,0.93,0.51,246,0,33.24,0
Eggs (White),Grocery/Staple,2025,34,33.15,-1.43,-0.46,239,0,33.28,1
Eggs (White),Grocery/Staple,2025,35,33.18,-0.56,-0.41,232,0,33.31,1
Eggs (White),Grocery/Staple,2025,36,33.14,-1.07,-0.51,225,0,33.4,1
Eggs (White),Grocery/Staple,2025,37,33.48,0.05,0.51,218,0,33.44,0
Eggs (White),Grocery/Staple,2025,38,33.32,0.51,-0.02,211,0,33.48,1
Eggs (White),Grocery/Staple,2025,39,33.29,0.35,-0.07,204,0,33.54,1
Eggs (White),Grocery/Staple,2025,40,33.51,1.12,0.52,197,0,33.54,1
Eggs (White),Grocery/Staple,2025,41,33.66,0.52,0.85,190,0,33.48,0
Eggs (White),Grocery/Staple,2025,42,33.47,0.47,0.23,183,0,33.45,0
Eggs (White),Grocery/Staple,2025,43,33.51,0.64,0.36,176,0,33.4,0
Eggs (White),Grocery/Staple,2025,44,33.54,0.1,0.43,169,0,33.34,0
Eggs (White),Grocery/Staple,2025,45,33.39,-0.79,-0.01,162,0,33.32,0
Eggs (White),Grocery/Staple,2025,46,33.36,-0.35,-0.08,155,0,33.41,1
Eggs (White),Grocery/Staple,2025,47,33.3,-0.61,-0.28,148,0,33.41,1
Eggs (White),Grocery/Staple,2025,48,33.32,-0.67,-0.26,141,0,33.5,1
Eggs (White),Grocery/Staple,2025,49,33.3,-0.26,-0.35,134,0,33.56,1
Eggs (White),Grocery/Staple,2025,50,33.7,1.03,0.79,127,0,33.58,0
Eggs (White),Grocery/Staple,2025,51,33.3,-0.0,-0.4,120,0,33.69,1
Eggs (White),Grocery/Staple,2025,52,33.7,1.14,0.69,113,0,33.61,0
Eggs (White),Grocery/Staple,2026,1,33.55,0.75,0.25,106,0,33.6,1
Eggs (White),Grocery/Staple,2026,2,33.78,0.25,0.9,99,0,33.51,0
Eggs (White),Grocery/Staple,2026,3,33.73,1.28,0.68,92,0,33.46,0
Eggs (White),Grocery/Staple,2026,4,33.37,-0.97,-0.35,85,0,33.47,1
Eggs (White),Grocery/Staple,2026,5,33.53,-0.08,0.12,78,0,33.42,0
Eggs (White),Grocery/Staple,2026,6,33.4,-1.12,-0.25,71,0,33.46,1
Eggs (White),Grocery/Staple,2026,7,33.52,-0.6,0.07,64,0,33.36,0
Eggs (White),Grocery/Staple,2026,8,33.43,0.17,-0.25,57,0,33.28,0
Eggs (White),Grocery/Staple,2026,9,33.34,-0.57,-0.52,50,0,33.3,0
Eggs (White),Grocery/Staple,2026,10,33.56,0.46,0.08,43,0,33.42,0
Eggs (White),Grocery/Staple,2026,11,33.14,-1.15,-1.04,36,0,33.88,1
Eggs (White),Grocery/Staple,2026,12,33.1,-0.97,-1.11,29,0,34.06,1
Eggs (White),Grocery/Staple,2026,13,33.41,0.21,-0.13,22,0,34.06,1
Eggs (White),Grocery/Staple,2026,14,34.05,1.46,1.67,15,1,33.97,0
Eggs (White),Grocery/Staple,2026,15,34.96,5.48,4.1,8,1,33.59,0
Eggs (White),Grocery/Staple,2026,16,33.83,2.21,0.73,1,1,33.51,0
Eggs (White),Grocery/Staple,2026,17,33.42,0.04,-0.51,359,0,33.55,1
Eggs (White),Grocery/Staple,2026,18,33.66,-1.13,0.19,352,0,33.46,0
Eggs (White),Grocery/Staple,2026,19,33.44,-4.34,-0.49,345,0,33.47,1
Eggs (White),Grocery/Staple,2026,20,33.53,-0.89,-0.22,338,0,33.57,1
Eggs (Brown),Grocery/Staple,2022,24,20.92,0.0,0.0,305,0,22.42,1
Eggs (Brown),Grocery/Staple,2022,25,21.45,0.0,1.24,298,0,22.95,1
Eggs (Brown),Grocery/Staple,2022,26,22.08,0.0,2.79,291,0,23.45,1
Eggs (Brown),Grocery/Staple,2022,27,22.75,0.0,4.37,284,0,23.99,1
Eggs (Brown),Grocery/Staple,2022,28,23.4,11.83,5.77,277,0,24.49,1
Eggs (Brown),Grocery/Staple,2022,29,23.57,9.89,5.39,270,0,25.1,1
Eggs (Brown),Grocery/Staple,2022,30,24.07,9.0,6.47,263,0,25.6,1
Eggs (Brown),Grocery/Staple,2022,31,24.91,9.49,8.82,256,0,26.08,1
Eggs (Brown),Grocery/Staple,2022,32,25.42,8.66,9.7,249,0,26.53,1
Eggs (Brown),Grocery/Staple,2022,33,26.0,10.33,10.85,242,0,26.92,1
Eggs (Brown),Grocery/Staple,2022,34,26.07,8.31,10.02,235,0,27.48,1
Eggs (Brown),Grocery/Staple,2022,35,26.84,7.72,12.02,228,0,27.98,1
Eggs (Brown),Grocery/Staple,2022,36,27.22,7.08,12.46,221,0,28.53,1
Eggs (Brown),Grocery/Staple,2022,37,27.56,6.0,11.51,214,0,29.11,1
Eggs (Brown),Grocery/Staple,2022,38,28.31,8.6,12.13,207,0,29.62,1
Eggs (Brown),Grocery/Staple,2022,39,28.84,7.46,11.92,200,0,30.1,1
Eggs (Brown),Grocery/Staple,2022,40,29.39,7.97,11.85,193,0,30.57,1
Eggs (Brown),Grocery/Staple,2022,41,29.91,8.52,11.7,186,0,31.07,1
Eggs (Brown),Grocery/Staple,2022,42,30.33,7.13,11.1,179,0,31.58,1
Eggs (Brown),Grocery/Staple,2022,43,30.77,6.69,10.62,172,0,31.97,1
Eggs (Brown),Grocery/Staple,2022,44,31.29,6.45,10.54,165,0,32.43,1
Eggs (Brown),Grocery/Staple,2022,45,31.88,6.58,10.69,158,0,32.75,1
Eggs (Brown),Grocery/Staple,2022,46,32.39,6.79,10.57,151,0,33.29,1
Eggs (Brown),Grocery/Staple,2022,47,32.34,5.11,8.61,144,0,33.87,1
Eggs (Brown),Grocery/Staple,2022,48,33.12,5.86,9.47,137,0,34.33,1
Eggs (Brown),Grocery/Staple,2022,49,33.16,4.01,7.96,130,0,35.02,1
Eggs (Brown),Grocery/Staple,2022,50,34.53,6.62,10.51,123,0,35.37,1
Eggs (Brown),Grocery/Staple,2022,51,34.67,7.21,9.23,116,0,35.84,1
Eggs (Brown),Grocery/Staple,2022,52,34.97,5.59,8.57,109,0,36.34,1
Eggs (Brown),Grocery/Staple,2023,1,35.92,8.33,9.8,102,0,36.48,1
Eggs (Brown),Grocery/Staple,2023,2,35.91,4.0,8.25,95,0,36.88,1
Eggs (Brown),Grocery/Staple,2023,3,36.57,5.49,8.66,88,0,37.26,1
Eggs (Brown),Grocery/Staple,2023,4,36.94,5.63,8.24,81,0,37.6,1
Eggs (Brown),Grocery/Staple,2023,5,36.48,1.56,5.65,74,0,38.07,1
Eggs (Brown),Grocery/Staple,2023,6,37.54,4.51,7.35,67,0,38.17,1
Eggs (Brown),Grocery/Staple,2023,7,38.06,4.08,7.52,60,0,38.22,1
Eggs (Brown),Grocery/Staple,2023,8,38.33,3.74,6.87,53,0,38.27,0
Eggs (Brown),Grocery/Staple,2023,9,38.35,5.13,5.75,46,0,38.18,0
Eggs (Brown),Grocery/Staple,2023,10,37.94,1.07,3.56,39,0,38.49,1
Eggs (Brown),Grocery/Staple,2023,11,38.27,0.53,3.65,32,0,38.78,1
Eggs (Brown),Grocery/Staple,2023,12,38.54,0.57,3.56,25,0,38.68,1
Eggs (Brown),Grocery/Staple,2023,13,37.96,-1.01,1.38,18,1,38.48,1
Eggs (Brown),Grocery/Staple,2023,14,39.18,3.26,3.92,11,1,38.04,0
Eggs (Brown),Grocery/Staple,2023,15,39.44,3.08,3.88,4,1,37.6,0
Eggs (Brown),Grocery/Staple,2023,16,38.13,-1.08,0.1,363,0,37.48,0
Eggs (Brown),Grocery/Staple,2023,17,37.17,-2.09,-2.46,356,0,37.43,1
Eggs (Brown),Grocery/Staple,2023,18,37.41,-4.5,-2.01,349,0,37.38,0
Eggs (Brown),Grocery/Staple,2023,19,37.7,-4.42,-1.28,342,0,37.33,0
Eggs (Brown),Grocery/Staple,2023,20,37.63,-1.3,-1.38,335,0,37.18,0
Eggs (Brown),Grocery/Staple,2023,21,36.97,-0.54,-2.85,328,0,37.18,1
Eggs (Brown),Grocery/Staple,2023,22,37.23,-0.49,-1.94,321,0,37.08,0
Eggs (Brown),Grocery/Staple,2023,23,37.48,-0.59,-1.2,314,0,36.91,0
Eggs (Brown),Grocery/Staple,2023,24,37.06,-1.51,-2.05,307,0,36.79,0
Eggs (Brown),Grocery/Staple,2023,25,36.94,-0.08,-2.06,300,0,36.6,0
Eggs (Brown),Grocery/Staple,2023,26,36.82,-1.09,-2.14,293,0,36.52,0
Eggs (Brown),Grocery/Staple,2023,27,36.82,-1.75,-1.67,286,0,36.4,0
Eggs (Brown),Grocery/Staple,2023,28,36.59,-1.27,-1.71,279,0,36.39,0
Eggs (Brown),Grocery/Staple,2023,29,36.15,-2.14,-2.5,272,0,36.36,1
Eggs (Brown),Grocery/Staple,2023,30,36.53,-0.81,-1.35,265,0,36.18,0
Eggs (Brown),Grocery/Staple,2023,31,36.33,-1.33,-1.65,258,0,36.04,0
Eggs (Brown),Grocery/Staple,2023,32,36.55,-0.11,-0.83,251,0,35.81,0
Eggs (Brown),Grocery/Staple,2023,33,36.02,-0.36,-1.93,244,0,35.66,0
Eggs (Brown),Grocery/Staple,2023,34,35.81,-1.97,-2.28,237,0,35.51,0
Eggs (Brown),Grocery/Staple,2023,35,35.79,-1.5,-2.03,230,0,35.46,0
Eggs (Brown),Grocery/Staple,2023,36,35.62,-2.54,-2.1,223,0,35.39,0
Eggs (Brown),Grocery/Staple,2023,37,35.42,-1.65,-2.31,216,0,35.34,0
Eggs (Brown),Grocery/Staple,2023,38,35.19,-1.72,-2.6,209,0,35.28,1
Eggs (Brown),Grocery/Staple,2023,39,35.62,-0.48,-1.15,202,0,35.1,0
Eggs (Brown),Grocery/Staple,2023,40,35.35,-0.77,-1.6,195,0,34.9,0
Eggs (Brown),Grocery/Staple,2023,41,35.19,-0.66,-1.74,188,0,34.74,0
Eggs (Brown),Grocery/Staple,2023,42,34.96,-0.65,-2.13,181,0,34.63,0
Eggs (Brown),Grocery/Staple,2023,43,34.9,-2.01,-1.94,174,0,34.6,0
Eggs (Brown),Grocery/Staple,2023,44,34.55,-2.26,-2.57,167,0,34.56,1
Eggs (Brown),Grocery/Staple,2023,45,34.57,-1.77,-2.1,160,0,34.41,0
Eggs (Brown),Grocery/Staple,2023,46,34.5,-1.31,-1.95,153,0,34.38,0
Eggs (Brown),Grocery/Staple,2023,47,34.78,-0.35,-0.94,146,0,34.24,0
Eggs (Brown),Grocery/Staple,2023,48,34.37,-0.5,-1.79,139,0,34.06,0
Eggs (Brown),Grocery/Staple,2023,49,33.98,-1.71,-2.58,132,0,34.1,1
Eggs (Brown),Grocery/Staple,2023,50,34.4,-0.29,-1.13,125,0,33.99,0
Eggs (Brown),Grocery/Staple,2023,51,34.19,-1.7,-1.52,118,0,33.93,0
Eggs (Brown),Grocery/Staple,2023,52,33.68,-2.03,-2.59,111,0,33.93,1
Eggs (Brown),Grocery/Staple,2024,1,34.12,0.44,-1.02,104,0,33.75,0
Eggs (Brown),Grocery/Staple,2024,2,33.97,-1.25,-1.19,97,0,33.64,0
Eggs (Brown),Grocery/Staple,2024,3,33.95,-0.69,-1.03,90,0,33.68,0
Eggs (Brown),Grocery/Staple,2024,4,33.66,-0.05,-1.61,83,0,33.82,1
Eggs (Brown),Grocery/Staple,2024,5,33.42,-2.06,-2.05,76,0,33.88,1
Eggs (Brown),Grocery/Staple,2024,6,33.54,-1.29,-1.49,69,0,33.82,1
Eggs (Brown),Grocery/Staple,2024,7,34.12,0.48,0.3,62,0,33.73,0
Eggs (Brown),Grocery/Staple,2024,8,34.19,1.57,0.65,55,0,33.66,0
Eggs (Brown),Grocery/Staple,2024,9,33.69,0.79,-0.68,48,0,33.59,0
Eggs (Brown),Grocery/Staple,2024,10,33.3,-0.71,-1.67,41,0,33.75,1
Eggs (Brown),Grocery/Staple,2024,11,33.76,-1.05,-0.17,34,0,34.06,1
Eggs (Brown),Grocery/Staple,2024,12,33.88,-0.9,0.26,27,0,33.98,1
Eggs (Brown),Grocery/Staple,2024,13,33.43,-0.77,-1.02,20,1,34.06,1
Eggs (Brown),Grocery/Staple,2024,14,33.93,1.88,0.5,13,1,33.94,1
Eggs (Brown),Grocery/Staple,2024,15,35.01,3.69,3.46,6,1,33.51,0
Eggs (Brown),Grocery/Staple,2024,16,33.57,-0.93,-0.71,364,0,33.51,0
Eggs (Brown),Grocery/Staple,2024,17,33.76,1.0,-0.15,357,0,33.46,0
Eggs (Brown),Grocery/Staple,2024,18,33.41,-1.53,-1.2,350,0,33.55,1
Eggs (Brown),Grocery/Staple,2024,19,33.31,-4.84,-1.43,343,0,33.66,1
Eggs (Brown),Grocery/Staple,2024,20,33.55,-0.06,-0.61,336,0,33.62,1
Eggs (Brown),Grocery/Staple,2024,21,33.59,-0.51,-0.34,329,0,33.59,0
Eggs (Brown),Grocery/Staple,2024,22,33.75,1.02,0.11,322,0,33.53,0
Eggs (Brown),Grocery/Staple,2024,23,33.76,1.35,0.05,315,0,33.43,0
Eggs (Brown),Grocery/Staple,2024,24,33.37,-0.53,-1.03,308,0,33.44,1
Eggs (Brown),Grocery/Staple,2024,25,33.48,-0.32,-0.6,301,0,33.39,0
Eggs (Brown),Grocery/Staple,2024,26,33.5,-0.74,-0.57,294,0,33.4,0
Eggs (Brown),Grocery/Staple,2024,27,33.38,-1.14,-0.81,287,0,33.51,1
Eggs (Brown),Grocery/Staple,2024,28,33.4,0.08,-0.38,280,0,33.5,1
Eggs (Brown),Grocery/Staple,2024,29,33.29,-0.58,-0.64,273,0,33.54,1
Eggs (Brown),Grocery/Staple,2024,30,33.55,0.15,0.19,266,0,33.61,1
Eggs (Brown),Grocery/Staple,2024,31,33.79,1.24,0.82,259,0,33.6,0
Eggs (Brown),Grocery/Staple,2024,32,33.39,-0.02,-0.39,252,0,33.66,1
Eggs (Brown),Grocery/Staple,2024,33,33.43,0.43,-0.24,245,0,33.78,1
Eggs (Brown),Grocery/Staple,2024,34,33.81,0.78,0.84,238,0,33.75,0
Eggs (Brown),Grocery/Staple,2024,35,33.78,-0.04,0.73,231,0,33.76,0
Eggs (Brown),Grocery/Staple,2024,36,33.62,0.68,0.29,224,0,33.81,1
Eggs (Brown),Grocery/Staple,2024,37,33.9,1.41,1.02,217,0,33.8,0
Eggs (Brown),Grocery/Staple,2024,38,33.69,-0.36,0.33,210,0,33.84,1
Eggs (Brown),Grocery/Staple,2024,39,33.81,0.1,0.62,203,0,33.84,1
Eggs (Brown),Grocery/Staple,2024,40,33.85,0.69,0.63,196,0,33.93,1
Eggs (Brown),Grocery/Staple,2024,41,33.84,-0.19,0.49,189,0,34.01,1
Eggs (Brown),Grocery/Staple,2024,42,33.88,0.56,0.47,182,0,33.95,1
Eggs (Brown),Grocery/Staple,2024,43,33.8,-0.03,0.18,175,0,34.01,1
Eggs (Brown),Grocery/Staple,2024,44,34.2,1.03,1.27,168,0,34.04,0
Eggs (Brown),Grocery/Staple,2024,45,34.17,0.98,1.01,161,0,34.04,0
Eggs (Brown),Grocery/Staple,2024,46,33.64,-0.7,-0.6,154,0,34.15,1
Eggs (Brown),Grocery/Staple,2024,47,34.03,0.68,0.49,147,0,34.22,1
Eggs (Brown),Grocery/Staple,2024,48,34.32,0.35,1.22,140,0,34.2,0
Eggs (Brown),Grocery/Staple,2024,49,34.16,-0.04,0.63,133,0,34.23,1
Eggs (Brown),Grocery/Staple,2024,50,34.08,1.3,0.36,126,0,34.29,1
Eggs (Brown),Grocery/Staple,2024,51,34.34,0.91,0.97,119,0,34.41,1
Eggs (Brown),Grocery/Staple,2024,52,34.24,-0.22,0.59,112,0,34.44,1
Eggs (Brown),Grocery/Staple,2025,1,34.24,0.24,0.5,105,0,34.42,1
Eggs (Brown),Grocery/Staple,2025,2,34.34,0.76,0.68,98,0,34.31,0
Eggs (Brown),Grocery/Staple,2025,3,34.8,1.34,1.81,91,0,34.15,0
Eggs (Brown),Grocery/Staple,2025,4,34.37,0.38,0.43,84,0,34.04,0
Eggs (Brown),Grocery/Staple,2025,5,34.18,-0.18,-0.13,77,0,34.0,0
Eggs (Brown),Grocery/Staple,2025,6,33.89,-1.32,-0.92,70,0,34.15,1
Eggs (Brown),Grocery/Staple,2025,7,34.14,-1.88,-0.28,63,0,34.17,1
Eggs (Brown),Grocery/Staple,2025,8,33.95,-1.23,-0.83,56,0,34.23,1
Eggs (Brown),Grocery/Staple,2025,9,34.03,-0.45,-0.55,49,0,34.25,1
Eggs (Brown),Grocery/Staple,2025,10,34.49,1.78,0.74,42,0,34.21,0
Eggs (Brown),Grocery/Staple,2025,11,34.22,0.21,-0.09,35,0,34.58,1
Eggs (Brown),Grocery/Staple,2025,12,34.18,0.69,-0.15,28,0,34.68,1
Eggs (Brown),Grocery/Staple,2025,13,34.1,0.23,-0.36,21,1,34.73,1
Eggs (Brown),Grocery/Staple,2025,14,34.34,-0.43,0.32,14,1,34.7,1
Eggs (Brown),Grocery/Staple,2025,15,35.68,4.27,3.9,7,1,34.32,0
Eggs (Brown),Grocery/Staple,2025,16,34.62,1.27,0.86,0,1,34.23,0
Eggs (Brown),Grocery/Staple,2025,17,34.27,0.5,-0.12,358,0,34.21,0
Eggs (Brown),Grocery/Staple,2025,18,34.22,-0.35,-0.28,351,0,34.22,0
Eggs (Brown),Grocery/Staple,2025,19,34.15,-4.28,-0.55,344,0,34.3,1
Eggs (Brown),Grocery/Staple,2025,20,34.28,-0.98,-0.2,337,0,34.33,1
Eggs (Brown),Grocery/Staple,2025,21,34.21,-0.19,-0.46,330,0,34.37,1
Eggs (Brown),Grocery/Staple,2025,22,34.26,0.11,-0.37,323,0,34.41,1
Eggs (Brown),Grocery/Staple,2025,23,34.47,0.93,0.24,316,0,34.38,0
Eggs (Brown),Grocery/Staple,2025,24,34.38,0.29,-0.05,309,0,34.41,1
Eggs (Brown),Grocery/Staple,2025,25,34.38,0.51,-0.08,302,0,34.29,0
Eggs (Brown),Grocery/Staple,2025,26,34.42,0.47,-0.05,295,0,34.31,0
Eggs (Brown),Grocery/Staple,2025,27,34.34,-0.36,-0.27,288,0,34.33,0
Eggs (Brown),Grocery/Staple,2025,28,34.51,0.37,0.47,281,0,34.29,0
Eggs (Brown),Grocery/Staple,2025,29,33.88,-1.47,-1.2,274,0,34.41,1
Eggs (Brown),Grocery/Staple,2025,30,34.5,0.23,0.55,267,0,34.33,0
Eggs (Brown),Grocery/Staple,2025,31,34.43,0.24,0.3,260,0,34.23,0
Eggs (Brown),Grocery/Staple,2025,32,34.35,-0.45,0.04,253,0,34.16,0
Eggs (Brown),Grocery/Staple,2025,33,34.35,1.39,0.01,246,0,34.15,0
Eggs (Brown),Grocery/Staple,2025,34,34.19,-0.89,-0.45,239,0,34.18,0
Eggs (Brown),Grocery/Staple,2025,35,34.04,-1.12,-0.83,232,0,34.19,1
Eggs (Brown),Grocery/Staple,2025,36,34.06,-0.86,-0.69,225,0,34.19,1
Eggs (Brown),Grocery/Staple,2025,37,34.31,-0.1,0.07,218,0,34.16,0
Eggs (Brown),Grocery/Staple,2025,38,34.31,0.36,0.08,211,0,34.08,0
Eggs (Brown),Grocery/Staple,2025,39,34.09,0.13,-0.5,204,0,34.04,0
Eggs (Brown),Grocery/Staple,2025,40,34.03,-0.08,-0.59,197,0,34.22,1
Eggs (Brown),Grocery/Staple,2025,41,34.23,-0.25,0.04,190,0,34.29,1
Eggs (Brown),Grocery/Staple,2025,42,33.96,-1.02,-0.75,183,0,34.34,1
Eggs (Brown),Grocery/Staple,2025,43,33.95,-0.39,-0.65,176,0,34.46,1
Eggs (Brown),Grocery/Staple,2025,44,34.75,2.11,1.6,169,0,34.43,0
Eggs (Brown),Grocery/Staple,2025,45,34.49,0.77,0.81,162,0,34.36,0
Eggs (Brown),Grocery/Staple,2025,46,34.17,0.62,-0.07,155,0,34.5,1
Eggs (Brown),Grocery/Staple,2025,47,34.42,1.38,0.6,148,0,34.49,1
Eggs (Brown),Grocery/Staple,2025,48,34.62,-0.37,1.04,141,0,34.5,0
Eggs (Brown),Grocery/Staple,2025,49,34.24,-0.72,-0.1,134,0,34.51,1
Eggs (Brown),Grocery/Staple,2025,50,34.73,1.62,1.22,127,0,34.49,0
Eggs (Brown),Grocery/Staple,2025,51,34.36,-0.19,0.14,120,0,34.4,1
Eggs (Brown),Grocery/Staple,2025,52,34.69,0.2,0.97,113,0,34.34,0
Eggs (Brown),Grocery/Staple,2026,1,34.26,0.07,-0.32,106,0,34.29,1
Eggs (Brown),Grocery/Staple,2026,2,34.65,-0.22,0.71,99,0,34.27,0
Eggs (Brown),Grocery/Staple,2026,3,34.01,-1.02,-1.17,92,0,34.48,1
Eggs (Brown),Grocery/Staple,2026,4,34.42,-0.77,-0.07,85,0,34.45,1
Eggs (Brown),Grocery/Staple,2026,5,34.09,-0.5,-0.88,78,0,34.61,1
Eggs (Brown),Grocery/Staple,2026,6,34.57,-0.22,0.49,71,0,34.54,0
Eggs (Brown),Grocery/Staple,2026,7,34.83,2.41,1.09,64,0,34.45,0
Eggs (Brown),Grocery/Staple,2026,8,34.32,-0.31,-0.38,57,0,34.46,1
Eggs (Brown),Grocery/Staple,2026,9,34.72,1.84,0.78,50,0,34.39,0
Eggs (Brown),Grocery/Staple,2026,10,34.29,-0.82,-0.48,43,0,34.5,1
Eggs (Brown),Grocery/Staple,2026,11,34.48,-0.98,0.13,36,0,34.8,1
Eggs (Brown),Grocery/Staple,2026,12,34.36,0.13,-0.23,29,0,35.04,1
Eggs (Brown),Grocery/Staple,2026,13,34.41,-0.91,-0.03,22,0,35.03,1
Eggs (Brown),Grocery/Staple,2026,14,34.76,1.37,0.89,15,1,34.96,1
Eggs (Brown),Grocery/Staple,2026,15,35.68,3.48,3.33,8,1,34.65,0
Eggs (Brown),Grocery/Staple,2026,16,35.29,2.71,1.9,1,1,34.44,0
Eggs (Brown),Grocery/Staple,2026,17,34.4,-0.02,-0.67,359,0,34.54,1
Eggs (Brown),Grocery/Staple,2026,18,34.46,-0.85,-0.57,352,0,34.59,1
Eggs (Brown),Grocery/Staple,2026,19,34.46,-3.43,-0.55,345,0,34.56,1
Eggs (Brown),Grocery/Staple,2026,20,34.44,-2.4,-0.52,338,0,34.46,1
Beans,Vegetable/Fruit,2022,24,227.85,0.0,0.0,305,0,246.24,1
Beans,Vegetable/Fruit,2022,25,237.78,0.0,2.13,298,0,251.74,1
Beans,Vegetable/Fruit,2022,26,243.6,0.0,3.04,291,0,258.08,1
Beans,Vegetable/Fruit,2022,27,246.63,0.0,3.21,284,0,265.48,1
Beans,Vegetable/Fruit,2022,28,256.95,12.77,5.93,277,0,270.84,1
Beans,Vegetable/Fruit,2022,29,259.77,9.25,5.84,270,0,277.66,1
Beans,Vegetable/Fruit,2022,30,268.96,10.41,8.11,263,0,283.29,1
Beans,Vegetable/Fruit,2022,31,276.23,12.0,9.52,256,0,288.38,1
Beans,Vegetable/Fruit,2022,32,278.4,8.35,9.12,249,0,294.71,1
Beans,Vegetable/Fruit,2022,33,287.06,10.51,11.13,242,0,299.81,1
Beans,Vegetable/Fruit,2022,34,291.47,8.37,11.53,235,0,304.24,1
Beans,Vegetable/Fruit,2022,35,296.59,7.37,12.23,228,0,310.03,1
Beans,Vegetable/Fruit,2022,36,303.73,9.1,13.63,221,0,314.58,1
Beans,Vegetable/Fruit,2022,37,307.46,7.11,12.44,214,0,320.8,1
Beans,Vegetable/Fruit,2022,38,309.16,6.07,10.84,207,0,327.26,1
Beans,Vegetable/Fruit,2022,39,319.76,7.81,12.28,200,0,332.26,1
Beans,Vegetable/Fruit,2022,40,321.93,5.99,10.79,193,0,338.29,1
Beans,Vegetable/Fruit,2022,41,332.37,8.1,12.15,186,0,342.86,1
Beans,Vegetable/Fruit,2022,42,334.98,8.35,10.86,179,0,348.14,1
Beans,Vegetable/Fruit,2022,43,339.75,6.25,10.45,172,0,353.06,1
Beans,Vegetable/Fruit,2022,44,346.06,7.49,10.57,165,0,357.56,1
Beans,Vegetable/Fruit,2022,45,350.63,5.49,10.08,158,0,363.52,1
Beans,Vegetable/Fruit,2022,46,356.11,6.31,9.96,151,0,368.31,1
Beans,Vegetable/Fruit,2022,47,359.45,5.8,9.23,144,0,375.03,1
Beans,Vegetable/Fruit,2022,48,364.03,5.19,8.9,137,0,382.22,1
Beans,Vegetable/Fruit,2022,49,374.5,6.81,10.24,130,0,387.4,1
Beans,Vegetable/Fruit,2022,50,375.25,5.38,8.79,123,0,393.0,1
Beans,Vegetable/Fruit,2022,51,386.35,7.48,10.11,116,0,396.65,1
Beans,Vegetable/Fruit,2022,52,392.78,7.9,10.18,109,0,399.94,1
Beans,Vegetable/Fruit,2023,1,395.21,5.53,9.14,102,0,404.81,1
Beans,Vegetable/Fruit,2023,2,397.66,5.97,8.31,95,0,409.19,1
Beans,Vegetable/Fruit,2023,3,400.95,3.78,7.72,88,0,413.94,1
Beans,Vegetable/Fruit,2023,4,405.94,3.35,7.59,81,0,417.09,1
Beans,Vegetable/Fruit,2023,5,414.69,4.93,8.39,74,0,420.19,1
Beans,Vegetable/Fruit,2023,6,415.18,4.41,7.13,67,0,422.8,1
Beans,Vegetable/Fruit,2023,7,419.94,4.74,7.0,60,0,424.78,1
Beans,Vegetable/Fruit,2023,8,418.54,3.11,5.43,53,0,426.89,1
Beans,Vegetable/Fruit,2023,9,427.11,3.0,6.29,46,0,425.98,0
Beans,Vegetable/Fruit,2023,10,425.59,2.51,4.88,39,0,425.77,1
Beans,Vegetable/Fruit,2023,11,427.9,1.89,4.41,32,0,426.14,0
Beans,Vegetable/Fruit,2023,12,426.98,2.02,3.4,25,0,424.6,0
Beans,Vegetable/Fruit,2023,13,423.45,-0.86,1.96,18,1,423.86,1
Beans,Vegetable/Fruit,2023,14,424.74,-0.2,1.71,11,1,422.51,0
Beans,Vegetable/Fruit,2023,15,429.39,0.35,2.23,4,1,419.24,0
Beans,Vegetable/Fruit,2023,16,420.82,-1.44,-0.18,363,0,418.23,0
Beans,Vegetable/Fruit,2023,17,420.47,-0.7,-0.52,356,0,415.91,0
Beans,Vegetable/Fruit,2023,18,419.37,-1.26,-0.87,349,0,415.25,0
Beans,Vegetable/Fruit,2023,19,416.3,-3.05,-1.61,342,0,414.81,0
Beans,Vegetable/Fruit,2023,20,416.78,-0.96,-1.44,335,0,413.25,0
Beans,Vegetable/Fruit,2023,21,411.2,-2.21,-2.63,328,0,411.66,1
Beans,Vegetable/Fruit,2023,22,416.73,-0.63,-1.14,321,0,409.85,0
Beans,Vegetable/Fruit,2023,23,414.52,-0.43,-1.46,314,0,408.56,0
Beans,Vegetable/Fruit,2023,24,410.56,-1.49,-2.09,307,0,407.83,0
Beans,Vegetable/Fruit,2023,25,404.84,-1.55,-3.06,300,0,407.4,1
Beans,Vegetable/Fruit,2023,26,409.47,-1.74,-1.7,293,0,406.08,0
Beans,Vegetable/Fruit,2023,27,409.37,-1.24,-1.44,286,0,405.04,0
Beans,Vegetable/Fruit,2023,28,407.65,-0.71,-1.46,279,0,403.95,0
Beans,Vegetable/Fruit,2023,29,403.11,-0.43,-2.24,272,0,402.97,0
Beans,Vegetable/Fruit,2023,30,404.19,-1.29,-1.68,265,0,402.53,0
Beans,Vegetable/Fruit,2023,31,405.22,-1.01,-1.17,258,0,400.82,0
Beans,Vegetable/Fruit,2023,32,403.27,-1.07,-1.4,251,0,399.21,0
Beans,Vegetable/Fruit,2023,33,399.22,-0.97,-2.07,244,0,398.13,0
Beans,Vegetable/Fruit,2023,34,402.41,-0.44,-1.12,237,0,395.44,0
Beans,Vegetable/Fruit,2023,35,398.38,-1.69,-1.77,230,0,393.84,0
Beans,Vegetable/Fruit,2023,36,396.85,-1.59,-1.82,223,0,392.94,0
Beans,Vegetable/Fruit,2023,37,394.86,-1.09,-2.02,216,0,391.77,0
Beans,Vegetable/Fruit,2023,38,391.67,-2.67,-2.56,209,0,390.4,0
Beans,Vegetable/Fruit,2023,39,391.96,-1.61,-2.16,202,0,389.19,0
Beans,Vegetable/Fruit,2023,40,393.26,-0.9,-1.53,195,0,386.88,0
Beans,Vegetable/Fruit,2023,41,390.2,-1.18,-1.97,188,0,385.06,0
Beans,Vegetable/Fruit,2023,42,386.19,-1.4,-2.66,181,0,382.89,0
Beans,Vegetable/Fruit,2023,43,387.12,-1.23,-2.1,174,0,381.32,0
Beans,Vegetable/Fruit,2023,44,384.0,-2.36,-2.49,167,0,379.87,0
Beans,Vegetable/Fruit,2023,45,382.93,-1.86,-2.37,160,0,379.2,0
Beans,Vegetable/Fruit,2023,46,377.51,-2.25,-3.34,153,0,378.76,1
Beans,Vegetable/Fruit,2023,47,380.83,-1.62,-2.08,146,0,378.09,0
Beans,Vegetable/Fruit,2023,48,378.22,-1.51,-2.36,139,0,377.83,0
Beans,Vegetable/Fruit,2023,49,380.24,-0.7,-1.51,132,0,375.49,0
Beans,Vegetable/Fruit,2023,50,375.75,-0.47,-2.3,125,0,375.56,0
Beans,Vegetable/Fruit,2023,51,378.17,-0.7,-1.41,118,0,374.97,0
Beans,Vegetable/Fruit,2023,52,377.16,-0.28,-1.38,111,0,373.28,0
Beans,Vegetable/Fruit,2024,1,370.87,-2.46,-2.58,104,0,373.04,1
Beans,Vegetable/Fruit,2024,2,376.03,0.07,-0.95,97,0,373.15,0
Beans,Vegetable/Fruit,2024,3,375.81,-0.63,-0.79,90,0,372.56,0
Beans,Vegetable/Fruit,2024,4,370.42,-1.79,-1.88,83,0,373.23,1
Beans,Vegetable/Fruit,2024,5,369.9,-0.26,-1.74,76,0,375.0,1
Beans,Vegetable/Fruit,2024,6,376.47,0.12,0.14,69,0,374.32,0
Beans,Vegetable/Fruit,2024,7,373.47,-0.62,-0.58,62,0,374.89,1
Beans,Vegetable/Fruit,2024,8,373.1,0.72,-0.52,55,0,374.56,1
Beans,Vegetable/Fruit,2024,9,376.95,1.91,0.54,48,0,372.74,0
Beans,Vegetable/Fruit,2024,10,373.74,-0.72,-0.19,41,0,374.11,1
Beans,Vegetable/Fruit,2024,11,375.76,0.61,0.35,34,0,376.33,1
Beans,Vegetable/Fruit,2024,12,371.79,-0.35,-0.58,27,0,376.16,1
Beans,Vegetable/Fruit,2024,13,369.67,-1.93,-0.99,20,1,377.49,1
Beans,Vegetable/Fruit,2024,14,379.2,1.46,1.39,13,1,375.11,0
Beans,Vegetable/Fruit,2024,15,384.64,2.36,2.66,6,1,371.53,0
Beans,Vegetable/Fruit,2024,16,371.13,-0.18,-0.85,364,0,371.96,1
Beans,Vegetable/Fruit,2024,17,374.97,1.43,0.08,357,0,371.38,0
Beans,Vegetable/Fruit,2024,18,369.69,-2.51,-1.33,350,0,371.25,1
Beans,Vegetable/Fruit,2024,19,370.32,-3.72,-1.03,343,0,371.16,1
Beans,Vegetable/Fruit,2024,20,372.86,0.47,-0.34,336,0,371.65,0
Beans,Vegetable/Fruit,2024,21,372.64,-0.62,-0.39,329,0,371.72,0
Beans,Vegetable/Fruit,2024,22,369.16,-0.14,-1.16,322,0,373.33,1
Beans,Vegetable/Fruit,2024,23,369.96,-0.1,-0.87,315,0,372.91,1
Beans,Vegetable/Fruit,2024,24,374.85,0.53,0.46,308,0,372.51,0
Beans,Vegetable/Fruit,2024,25,372.93,0.08,-0.08,301,0,372.5,0
Beans,Vegetable/Fruit,2024,26,375.6,1.74,0.51,294,0,372.07,0
Beans,Vegetable/Fruit,2024,27,368.26,-0.46,-1.23,287,0,372.92,1
Beans,Vegetable/Fruit,2024,28,373.27,-0.42,0.35,280,0,373.08,0
Beans,Vegetable/Fruit,2024,29,372.87,-0.01,0.21,273,0,372.58,0
Beans,Vegetable/Fruit,2024,30,373.88,-0.46,0.5,266,0,373.77,0
Beans,Vegetable/Fruit,2024,31,371.66,0.92,-0.14,259,0,375.16,1
Beans,Vegetable/Fruit,2024,32,373.89,0.17,0.39,252,0,375.71,1
Beans,Vegetable/Fruit,2024,33,370.88,-0.53,-0.38,245,0,377.07,1
Beans,Vegetable/Fruit,2024,34,378.64,1.27,1.58,238,0,375.61,0
Beans,Vegetable/Fruit,2024,35,377.23,1.5,1.03,231,0,374.7,0
Beans,Vegetable/Fruit,2024,36,376.1,0.59,0.6,224,0,374.9,0
Beans,Vegetable/Fruit,2024,37,376.31,1.46,0.63,217,0,375.32,0
Beans,Vegetable/Fruit,2024,38,372.79,-1.54,-0.31,210,0,376.03,1
Beans,Vegetable/Fruit,2024,39,373.6,-0.96,-0.05,203,0,377.28,1
Beans,Vegetable/Fruit,2024,40,376.89,0.21,0.65,196,0,378.13,1
Beans,Vegetable/Fruit,2024,41,377.99,0.45,0.84,189,0,376.96,0
Beans,Vegetable/Fruit,2024,42,375.66,0.77,0.17,182,0,376.96,1
Beans,Vegetable/Fruit,2024,43,378.58,1.33,0.85,175,0,376.12,0
Beans,Vegetable/Fruit,2024,44,380.29,0.9,1.12,168,0,374.56,0
Beans,Vegetable/Fruit,2024,45,373.32,-1.24,-0.72,161,0,374.66,1
Beans,Vegetable/Fruit,2024,46,375.64,-0.01,-0.2,154,0,375.21,0
Beans,Vegetable/Fruit,2024,47,375.26,-0.88,-0.23,147,0,376.42,1
Beans,Vegetable/Fruit,2024,48,374.01,-1.65,-0.5,140,0,377.57,1
Beans,Vegetable/Fruit,2024,49,373.74,0.11,-0.52,133,0,378.95,1
Beans,Vegetable/Fruit,2024,50,377.82,0.58,0.53,126,0,378.42,1
Beans,Vegetable/Fruit,2024,51,380.1,1.29,0.99,119,0,379.0,0
Beans,Vegetable/Fruit,2024,52,378.63,1.23,0.5,112,0,378.55,0
Beans,Vegetable/Fruit,2025,1,379.26,1.48,0.61,105,0,378.38,0
Beans,Vegetable/Fruit,2025,2,375.67,-0.57,-0.29,98,0,379.23,1
Beans,Vegetable/Fruit,2025,3,382.42,0.61,1.36,91,0,377.54,0
Beans,Vegetable/Fruit,2025,4,376.83,-0.48,-0.09,84,0,378.88,1
Beans,Vegetable/Fruit,2025,5,378.6,-0.17,0.42,77,0,379.07,1
Beans,Vegetable/Fruit,2025,6,379.05,0.9,0.42,70,0,378.74,0
Beans,Vegetable/Fruit,2025,7,375.68,-1.76,-0.47,63,0,379.6,1
Beans,Vegetable/Fruit,2025,8,382.19,1.42,1.11,56,0,379.3,0
Beans,Vegetable/Fruit,2025,9,379.34,0.19,0.25,49,0,379.89,1
Beans,Vegetable/Fruit,2025,10,377.74,-0.35,-0.26,42,0,380.63,1
Beans,Vegetable/Fruit,2025,11,379.13,0.92,0.08,35,0,381.67,1
Beans,Vegetable/Fruit,2025,12,380.98,-0.32,0.55,28,0,381.82,1
Beans,Vegetable/Fruit,2025,13,381.72,0.63,0.68,21,1,380.71,0
Beans,Vegetable/Fruit,2025,14,380.72,0.79,0.39,14,1,379.88,0
Beans,Vegetable/Fruit,2025,15,383.26,1.09,0.91,7,1,378.3,0
Beans,Vegetable/Fruit,2025,16,381.57,0.15,0.48,0,1,377.43,0
Beans,Vegetable/Fruit,2025,17,377.29,-1.16,-0.66,358,0,377.19,0
Beans,Vegetable/Fruit,2025,18,377.42,-0.87,-0.6,351,0,377.77,1
Beans,Vegetable/Fruit,2025,19,376.92,-1.65,-0.69,344,0,377.52,1
Beans,Vegetable/Fruit,2025,20,378.08,-0.91,-0.43,337,0,377.53,0
Beans,Vegetable/Fruit,2025,21,376.35,-0.25,-0.77,330,0,378.48,1
Beans,Vegetable/Fruit,2025,22,379.73,0.61,0.11,323,0,377.75,0
Beans,Vegetable/Fruit,2025,23,375.93,-0.26,-0.85,316,0,378.85,1
Beans,Vegetable/Fruit,2025,24,378.12,0.01,-0.26,309,0,378.72,1
Beans,Vegetable/Fruit,2025,25,380.14,1.01,0.3,302,0,377.24,0
Beans,Vegetable/Fruit,2025,26,376.81,-0.77,-0.48,295,0,378.55,1
Beans,Vegetable/Fruit,2025,27,380.33,1.17,0.45,288,0,377.63,0
Beans,Vegetable/Fruit,2025,28,377.58,-0.14,-0.16,281,0,378.45,1
Beans,Vegetable/Fruit,2025,29,374.23,-1.55,-0.89,274,0,379.85,1
Beans,Vegetable/Fruit,2025,30,382.06,1.39,1.08,267,0,379.24,0
Beans,Vegetable/Fruit,2025,31,376.66,-0.97,-0.33,260,0,380.54,1
Beans,Vegetable/Fruit,2025,32,380.87,0.87,0.7,253,0,380.53,0
Beans,Vegetable/Fruit,2025,33,379.82,1.49,0.39,246,0,380.96,1
Beans,Vegetable/Fruit,2025,34,379.63,-0.64,0.27,239,0,379.83,1
Beans,Vegetable/Fruit,2025,35,381.83,1.37,0.81,232,0,379.22,0
Beans,Vegetable/Fruit,2025,36,380.82,-0.01,0.44,225,0,379.4,0
Beans,Vegetable/Fruit,2025,37,381.54,0.45,0.56,218,0,379.97,0
Beans,Vegetable/Fruit,2025,38,375.13,-1.18,-1.03,211,0,382.02,1
Beans,Vegetable/Fruit,2025,39,379.37,-0.65,0.04,204,0,381.67,1
Beans,Vegetable/Fruit,2025,40,381.55,0.19,0.59,197,0,380.87,0
Beans,Vegetable/Fruit,2025,41,383.81,0.6,1.06,190,0,380.7,0
Beans,Vegetable/Fruit,2025,42,383.35,2.19,0.75,183,0,381.48,0
Beans,Vegetable/Fruit,2025,43,377.97,-0.37,-0.58,176,0,382.28,1
Beans,Vegetable/Fruit,2025,44,378.35,-0.84,-0.52,169,0,382.45,1
Beans,Vegetable/Fruit,2025,45,383.14,-0.17,0.7,162,0,381.7,0
Beans,Vegetable/Fruit,2025,46,386.46,0.81,1.43,155,0,380.23,0
Beans,Vegetable/Fruit,2025,47,381.14,0.84,0.01,148,0,380.11,0
Beans,Vegetable/Fruit,2025,48,379.04,0.18,-0.49,141,0,380.06,1
Beans,Vegetable/Fruit,2025,49,380.15,-0.78,-0.18,134,0,380.2,1
Beans,Vegetable/Fruit,2025,50,380.56,-1.53,-0.05,127,0,380.14,0
Beans,Vegetable/Fruit,2025,51,380.7,-0.12,-0.13,120,0,381.03,1
Beans,Vegetable/Fruit,2025,52,378.83,-0.06,-0.61,113,0,381.25,1
Beans,Vegetable/Fruit,2026,1,380.73,0.15,-0.1,106,0,382.16,1
Beans,Vegetable/Fruit,2026,2,380.31,-0.07,-0.14,99,0,383.25,1
Beans,Vegetable/Fruit,2026,3,384.25,0.93,0.88,92,0,381.44,0
Beans,Vegetable/Fruit,2026,4,379.72,0.24,-0.34,85,0,382.52,1
Beans,Vegetable/Fruit,2026,5,384.36,0.95,0.75,78,0,382.71,0
Beans,Vegetable/Fruit,2026,6,384.65,1.14,0.8,71,0,382.21,0
Beans,Vegetable/Fruit,2026,7,377.02,-1.88,-1.01,64,0,382.79,1
Beans,Vegetable/Fruit,2026,8,384.05,1.14,0.77,57,0,382.32,0
Beans,Vegetable/Fruit,2026,9,385.12,0.2,0.93,50,0,380.39,0
Beans,Vegetable/Fruit,2026,10,382.64,-0.52,0.23,43,0,379.74,0
Beans,Vegetable/Fruit,2026,11,379.36,0.62,-0.61,36,0,383.87,1
Beans,Vegetable/Fruit,2026,12,382.17,-0.49,0.1,29,0,384.91,1
Beans,Vegetable/Fruit,2026,13,377.41,-2.0,-1.12,22,0,386.24,1
Beans,Vegetable/Fruit,2026,14,380.01,-0.69,-0.42,15,1,385.78,1
Beans,Vegetable/Fruit,2026,15,395.89,4.36,3.41,8,1,381.25,0
Beans,Vegetable/Fruit,2026,16,386.31,1.09,0.87,1,1,379.78,0
Beans,Vegetable/Fruit,2026,17,382.75,1.41,-0.12,359,0,379.07,0
Beans,Vegetable/Fruit,2026,18,378.19,-0.48,-1.19,352,0,379.83,1
Beans,Vegetable/Fruit,2026,19,377.75,-4.58,-1.16,345,0,381.0,1
Beans,Vegetable/Fruit,2026,20,380.42,-1.53,-0.54,338,0,381.01,1
Carrot,Vegetable/Fruit,2022,24,171.43,0.0,0.0,305,0,185.25,1
Carrot,Vegetable/Fruit,2022,25,179.75,0.0,2.37,298,0,189.45,1
Carrot,Vegetable/Fruit,2022,26,180.37,0.0,1.8,291,0,194.53,1
Carrot,Vegetable/Fruit,2022,27,188.01,0.0,4.51,284,0,199.39,1
Carrot,Vegetable/Fruit,2022,28,192.89,12.52,5.7,277,0,203.98,1
Carrot,Vegetable/Fruit,2022,29,196.53,9.34,6.33,270,0,208.62,1
Carrot,Vegetable/Fruit,2022,30,200.69,11.26,7.27,263,0,213.48,1
Carrot,Vegetable/Fruit,2022,31,207.44,10.34,9.39,256,0,217.42,1
Carrot,Vegetable/Fruit,2022,32,211.24,9.52,10.0,249,0,221.46,1
Carrot,Vegetable/Fruit,2022,33,215.1,9.45,10.68,242,0,225.96,1
Carrot,Vegetable/Fruit,2022,34,220.12,9.68,11.92,235,0,230.31,1
Carrot,Vegetable/Fruit,2022,35,223.21,7.6,12.22,228,0,235.09,1
Carrot,Vegetable/Fruit,2022,36,227.39,7.65,13.08,221,0,238.68,1
Carrot,Vegetable/Fruit,2022,37,233.12,8.38,13.25,214,0,242.19,1
Carrot,Vegetable/Fruit,2022,38,237.54,7.91,12.96,207,0,245.72,1
Carrot,Vegetable/Fruit,2022,39,242.29,8.55,12.67,200,0,248.88,1
Carrot,Vegetable/Fruit,2022,40,241.75,6.32,10.3,193,0,253.77,1
Carrot,Vegetable/Fruit,2022,41,247.19,6.04,10.67,186,0,258.43,1
Carrot,Vegetable/Fruit,2022,42,251.66,5.95,10.57,179,0,262.1,1
Carrot,Vegetable/Fruit,2022,43,254.9,5.2,9.98,172,0,266.6,1
Carrot,Vegetable/Fruit,2022,44,261.32,8.09,10.77,165,0,270.15,1
Carrot,Vegetable/Fruit,2022,45,265.84,7.54,10.71,158,0,273.11,1
Carrot,Vegetable/Fruit,2022,46,266.34,5.83,9.13,151,0,278.01,1
Carrot,Vegetable/Fruit,2022,47,272.89,7.06,9.99,144,0,281.47,1
Carrot,Vegetable/Fruit,2022,48,275.54,5.44,9.28,137,0,284.96,1
Carrot,Vegetable/Fruit,2022,49,277.65,4.44,8.46,130,0,289.31,1
Carrot,Vegetable/Fruit,2022,50,285.97,7.37,9.96,123,0,292.47,1
Carrot,Vegetable/Fruit,2022,51,286.7,5.06,8.66,116,0,296.26,1
Carrot,Vegetable/Fruit,2022,52,289.53,5.08,8.24,109,0,299.49,1
Carrot,Vegetable/Fruit,2023,1,295.06,6.27,8.64,102,0,303.39,1
Carrot,Vegetable/Fruit,2023,2,298.58,4.41,8.36,95,0,306.87,1
Carrot,Vegetable/Fruit,2023,3,301.86,5.29,8.04,88,0,310.66,1
Carrot,Vegetable/Fruit,2023,4,302.44,4.46,6.85,81,0,314.61,1
Carrot,Vegetable/Fruit,2023,5,310.66,5.29,8.3,74,0,317.8,1
Carrot,Vegetable/Fruit,2023,6,312.5,4.66,7.6,67,0,319.56,1
Carrot,Vegetable/Fruit,2023,7,317.03,5.02,7.71,60,0,319.73,1
Carrot,Vegetable/Fruit,2023,8,318.23,5.22,6.85,53,0,321.1,1
Carrot,Vegetable/Fruit,2023,9,323.43,4.11,7.27,46,0,319.87,0
Carrot,Vegetable/Fruit,2023,10,319.56,2.26,4.86,39,0,319.77,1
Carrot,Vegetable/Fruit,2023,11,317.7,0.21,3.42,32,0,321.24,1
Carrot,Vegetable/Fruit,2023,12,323.72,1.72,4.42,25,0,320.04,0
Carrot,Vegetable/Fruit,2023,13,318.5,-1.53,2.0,18,1,318.63,1
Carrot,Vegetable/Fruit,2023,14,319.16,-0.12,1.61,11,1,317.65,0
Carrot,Vegetable/Fruit,2023,15,323.59,1.85,2.39,4,1,315.82,0
Carrot,Vegetable/Fruit,2023,16,318.92,-1.48,0.5,363,0,314.03,0
Carrot,Vegetable/Fruit,2023,17,312.86,-1.77,-1.66,356,0,312.88,1
Carrot,Vegetable/Fruit,2023,18,315.25,-1.22,-1.02,349,0,311.89,0
Carrot,Vegetable/Fruit,2023,19,316.24,-2.27,-0.8,342,0,309.9,0
Carrot,Vegetable/Fruit,2023,20,311.76,-2.25,-2.08,335,0,309.37,0
Carrot,Vegetable/Fruit,2023,21,308.25,-1.47,-2.95,328,0,309.18,1
Carrot,Vegetable/Fruit,2023,22,311.32,-1.25,-1.69,321,0,308.36,0
Carrot,Vegetable/Fruit,2023,23,308.27,-2.52,-2.39,314,0,307.33,0
Carrot,Vegetable/Fruit,2023,24,309.62,-0.69,-1.77,307,0,305.63,0
Carrot,Vegetable/Fruit,2023,25,307.5,-0.24,-2.05,300,0,303.97,0
Carrot,Vegetable/Fruit,2023,26,308.06,-1.05,-1.62,293,0,302.97,0
Carrot,Vegetable/Fruit,2023,27,304.14,-1.34,-2.51,286,0,302.75,0
Carrot,Vegetable/Fruit,2023,28,302.83,-2.19,-2.43,279,0,302.65,0
Carrot,Vegetable/Fruit,2023,29,300.85,-2.16,-2.64,272,0,302.52,1
Carrot,Vegetable/Fruit,2023,30,304.07,-1.3,-1.38,265,0,300.79,0
Carrot,Vegetable/Fruit,2023,31,303.26,-0.29,-1.35,258,0,299.32,0
Carrot,Vegetable/Fruit,2023,32,302.44,-0.13,-1.27,251,0,298.06,0
Carrot,Vegetable/Fruit,2023,33,300.32,-0.17,-1.68,244,0,296.34,0
Carrot,Vegetable/Fruit,2023,34,297.13,-2.28,-2.45,237,0,294.99,0
Carrot,Vegetable/Fruit,2023,35,297.37,-1.94,-2.03,230,0,293.5,0
Carrot,Vegetable/Fruit,2023,36,297.43,-1.66,-1.74,223,0,292.82,0
Carrot,Vegetable/Fruit,2023,37,293.45,-2.29,-2.65,216,0,292.38,0
Carrot,Vegetable/Fruit,2023,38,291.72,-1.82,-2.84,209,0,292.98,1
Carrot,Vegetable/Fruit,2023,39,291.41,-2.01,-2.53,202,0,293.06,1
Carrot,Vegetable/Fruit,2023,40,294.72,-0.91,-1.18,195,0,292.62,0
Carrot,Vegetable/Fruit,2023,41,291.68,-0.6,-1.91,188,0,291.7,1
Carrot,Vegetable/Fruit,2023,42,294.13,0.83,-0.92,181,0,290.15,0
Carrot,Vegetable/Fruit,2023,43,291.73,0.11,-1.41,174,0,289.31,0
Carrot,Vegetable/Fruit,2023,44,292.94,-0.6,-0.73,167,0,287.95,0
Carrot,Vegetable/Fruit,2023,45,287.98,-1.27,-2.05,160,0,287.94,0
Carrot,Vegetable/Fruit,2023,46,287.96,-2.1,-1.74,153,0,286.6,0
Carrot,Vegetable/Fruit,2023,47,288.35,-1.16,-1.38,146,0,284.38,0
Carrot,Vegetable/Fruit,2023,48,287.51,-1.85,-1.41,139,0,282.82,0
Carrot,Vegetable/Fruit,2023,49,287.92,-0.02,-1.02,132,0,281.1,0
Carrot,Vegetable/Fruit,2023,50,282.61,-1.86,-2.56,125,0,281.43,0
Carrot,Vegetable/Fruit,2023,51,279.5,-3.07,-3.33,118,0,281.92,1
Carrot,Vegetable/Fruit,2023,52,281.24,-2.18,-2.46,111,0,281.77,1
Carrot,Vegetable/Fruit,2024,1,281.07,-2.38,-2.16,104,0,280.39,0
Carrot,Vegetable/Fruit,2024,2,283.93,0.47,-0.96,97,0,280.11,0
Carrot,Vegetable/Fruit,2024,3,281.45,0.7,-1.49,90,0,279.86,0
Carrot,Vegetable/Fruit,2024,4,280.63,-0.21,-1.48,83,0,279.72,0
Carrot,Vegetable/Fruit,2024,5,275.56,-1.96,-2.81,76,0,280.7,1
Carrot,Vegetable/Fruit,2024,6,282.81,-0.4,-0.11,69,0,280.17,0
Carrot,Vegetable/Fruit,2024,7,280.44,-0.36,-0.74,62,0,279.24,0
Carrot,Vegetable/Fruit,2024,8,280.09,-0.19,-0.64,55,0,278.68,0
Carrot,Vegetable/Fruit,2024,9,279.49,1.43,-0.64,48,0,278.94,0
Carrot,Vegetable/Fruit,2024,10,280.69,-0.75,-0.02,41,0,279.71,0
Carrot,Vegetable/Fruit,2024,11,276.68,-1.34,-1.28,34,0,282.04,1
Carrot,Vegetable/Fruit,2024,12,277.85,-0.8,-0.82,27,0,282.75,1
Carrot,Vegetable/Fruit,2024,13,280.53,0.37,0.16,20,1,282.45,1
Carrot,Vegetable/Fruit,2024,14,283.76,1.1,1.24,13,1,281.37,0
Carrot,Vegetable/Fruit,2024,15,286.02,3.38,1.98,6,1,279.65,0
Carrot,Vegetable/Fruit,2024,16,280.69,1.02,0.1,364,0,279.67,0
Carrot,Vegetable/Fruit,2024,17,279.32,-0.43,-0.35,357,0,279.99,1
Carrot,Vegetable/Fruit,2024,18,279.47,-1.51,-0.4,350,0,280.05,1
Carrot,Vegetable/Fruit,2024,19,279.13,-2.41,-0.43,343,0,280.31,1
Carrot,Vegetable/Fruit,2024,20,280.77,0.03,0.15,336,0,279.27,0
Carrot,Vegetable/Fruit,2024,21,280.6,0.46,0.08,329,0,278.77,0
Carrot,Vegetable/Fruit,2024,22,279.69,0.08,-0.25,322,0,279.54,0
Carrot,Vegetable/Fruit,2024,23,280.18,0.38,-0.07,315,0,279.66,0
Carrot,Vegetable/Fruit,2024,24,276.63,-1.48,-1.33,308,0,280.09,1
Carrot,Vegetable/Fruit,2024,25,278.59,-0.72,-0.65,301,0,279.82,1
Carrot,Vegetable/Fruit,2024,26,282.75,1.1,0.77,294,0,278.5,0
Carrot,Vegetable/Fruit,2024,27,280.69,0.18,0.12,287,0,278.13,0
Carrot,Vegetable/Fruit,2024,28,278.32,0.61,-0.51,280,0,278.53,1
Carrot,Vegetable/Fruit,2024,29,277.5,-0.39,-0.72,273,0,279.57,1
Carrot,Vegetable/Fruit,2024,30,277.5,-1.86,-0.67,266,0,280.62,1
Carrot,Vegetable/Fruit,2024,31,279.18,-0.54,-0.06,259,0,281.36,1
Carrot,Vegetable/Fruit,2024,32,279.92,0.57,0.18,252,0,282.56,1
Carrot,Vegetable/Fruit,2024,33,281.67,1.5,0.78,245,0,282.29,1
Carrot,Vegetable/Fruit,2024,34,281.72,1.52,0.77,238,0,282.15,1
Carrot,Vegetable/Fruit,2024,35,282.12,1.05,0.85,231,0,282.04,0
Carrot,Vegetable/Fruit,2024,36,284.75,1.72,1.66,224,0,281.5,0
Carrot,Vegetable/Fruit,2024,37,280.59,-0.38,0.07,217,0,282.01,1
Carrot,Vegetable/Fruit,2024,38,281.14,-0.21,0.19,210,0,281.64,1
Carrot,Vegetable/Fruit,2024,39,281.69,-0.15,0.42,203,0,281.39,0
Carrot,Vegetable/Fruit,2024,40,282.58,-0.76,0.68,196,0,281.67,0
Carrot,Vegetable/Fruit,2024,41,282.65,0.73,0.59,189,0,281.68,0
Carrot,Vegetable/Fruit,2024,42,279.63,-0.54,-0.55,182,0,283.45,1
Carrot,Vegetable/Fruit,2024,43,280.72,-0.34,-0.25,175,0,283.38,1
Carrot,Vegetable/Fruit,2024,44,283.67,0.39,0.68,168,0,283.28,0
Carrot,Vegetable/Fruit,2024,45,282.7,0.02,0.26,161,0,283.35,1
Carrot,Vegetable/Fruit,2024,46,286.71,2.53,1.54,154,0,282.71,0
Carrot,Vegetable/Fruit,2024,47,280.45,-0.1,-0.64,147,0,283.58,1
Carrot,Vegetable/Fruit,2024,48,283.27,-0.14,0.33,140,0,283.79,1
Carrot,Vegetable/Fruit,2024,49,282.98,0.1,0.27,133,0,283.63,1
Carrot,Vegetable/Fruit,2024,50,284.16,-0.89,0.59,126,0,284.34,1
Carrot,Vegetable/Fruit,2024,51,283.9,1.23,0.42,119,0,283.53,0
Carrot,Vegetable/Fruit,2024,52,284.12,0.3,0.44,112,0,283.06,0
Carrot,Vegetable/Fruit,2025,1,282.35,-0.22,-0.18,105,0,283.31,1
Carrot,Vegetable/Fruit,2025,2,287.0,1.0,1.34,98,0,282.38,0
Carrot,Vegetable/Fruit,2025,3,280.67,-1.14,-0.92,91,0,283.31,1
Carrot,Vegetable/Fruit,2025,4,282.21,-0.67,-0.42,84,0,284.65,1
Carrot,Vegetable/Fruit,2025,5,283.39,0.37,0.0,77,0,284.79,1
Carrot,Vegetable/Fruit,2025,6,283.27,-1.3,-0.05,70,0,285.37,1
Carrot,Vegetable/Fruit,2025,7,284.36,1.32,0.39,63,0,285.64,1
Carrot,Vegetable/Fruit,2025,8,287.6,1.91,1.34,56,0,285.15,0
Carrot,Vegetable/Fruit,2025,9,283.95,0.2,0.04,49,0,285.86,1
Carrot,Vegetable/Fruit,2025,10,285.59,0.82,0.55,42,0,285.49,0
Carrot,Vegetable/Fruit,2025,11,285.43,0.38,0.45,35,0,287.1,1
Carrot,Vegetable/Fruit,2025,12,285.65,-0.68,0.48,28,0,286.99,1
Carrot,Vegetable/Fruit,2025,13,286.75,0.99,0.8,21,1,286.94,1
Carrot,Vegetable/Fruit,2025,14,284.12,-0.52,-0.17,14,1,287.0,1
Carrot,Vegetable/Fruit,2025,15,291.88,2.26,2.42,7,1,285.14,0
Carrot,Vegetable/Fruit,2025,16,285.21,-0.15,-0.04,0,1,285.05,0
Carrot,Vegetable/Fruit,2025,17,286.55,-0.07,0.31,358,0,284.64,0
Carrot,Vegetable/Fruit,2025,18,284.36,0.08,-0.49,351,0,284.26,0
Carrot,Vegetable/Fruit,2025,19,284.45,-2.55,-0.49,344,0,284.18,0
Carrot,Vegetable/Fruit,2025,20,284.86,-0.12,-0.35,337,0,283.85,0
Carrot,Vegetable/Fruit,2025,21,284.9,-0.58,-0.27,330,0,284.18,0
Carrot,Vegetable/Fruit,2025,22,282.82,-0.54,-0.97,323,0,284.77,1
Carrot,Vegetable/Fruit,2025,23,284.14,-0.11,-0.47,316,0,284.7,1
Carrot,Vegetable/Fruit,2025,24,283.56,-0.46,-0.62,309,0,284.44,1
Carrot,Vegetable/Fruit,2025,25,286.21,0.46,0.3,302,0,284.88,0
Carrot,Vegetable/Fruit,2025,26,285.16,0.83,-0.03,295,0,284.75,0
Carrot,Vegetable/Fruit,2025,27,283.86,-0.1,-0.48,288,0,284.76,1
Carrot,Vegetable/Fruit,2025,28,282.54,-0.36,-0.69,281,0,285.22,1
Carrot,Vegetable/Fruit,2025,29,287.95,0.61,1.14,274,0,284.77,0
Carrot,Vegetable/Fruit,2025,30,284.66,-0.17,0.03,267,0,285.31,1
Carrot,Vegetable/Fruit,2025,31,283.87,0.0,-0.23,260,0,285.02,1
Carrot,Vegetable/Fruit,2025,32,284.4,0.66,-0.05,253,0,286.03,1
Carrot,Vegetable/Fruit,2025,33,286.17,-0.62,0.54,246,0,286.18,1
Carrot,Vegetable/Fruit,2025,34,286.81,0.75,0.71,239,0,285.88,0
Carrot,Vegetable/Fruit,2025,35,282.71,-0.41,-0.72,232,0,286.84,1
Carrot,Vegetable/Fruit,2025,36,288.43,1.42,1.17,225,0,286.76,0
Carrot,Vegetable/Fruit,2025,37,286.78,0.21,0.5,218,0,286.83,1
Carrot,Vegetable/Fruit,2025,38,285.59,-0.42,0.1,211,0,288.17,1
Carrot,Vegetable/Fruit,2025,39,286.57,1.37,0.41,204,0,289.17,1
Carrot,Vegetable/Fruit,2025,40,288.09,-0.12,0.82,197,0,287.8,0
Carrot,Vegetable/Fruit,2025,41,287.07,0.1,0.35,190,0,288.34,1
Carrot,Vegetable/Fruit,2025,42,290.96,1.88,1.62,183,0,286.62,0
Carrot,Vegetable/Fruit,2025,43,290.54,1.38,1.32,176,0,286.42,0
Carrot,Vegetable/Fruit,2025,44,282.61,-1.9,-1.42,169,0,287.32,1
Carrot,Vegetable/Fruit,2025,45,289.26,0.76,0.77,162,0,286.99,0
Carrot,Vegetable/Fruit,2025,46,284.06,-2.37,-0.98,155,0,287.24,1
Carrot,Vegetable/Fruit,2025,47,289.76,-0.27,0.92,148,0,286.5,0
Carrot,Vegetable/Fruit,2025,48,286.2,1.27,-0.41,141,0,286.44,1
Carrot,Vegetable/Fruit,2025,49,287.93,-0.46,0.2,134,0,286.15,0
Carrot,Vegetable/Fruit,2025,50,285.08,0.36,-0.74,127,0,286.7,1
Carrot,Vegetable/Fruit,2025,51,286.79,-1.03,-0.18,120,0,286.51,0
Carrot,Vegetable/Fruit,2025,52,285.97,-0.08,-0.45,113,0,287.44,1
Carrot,Vegetable/Fruit,2026,1,286.76,-0.4,-0.14,106,0,287.36,1
Carrot,Vegetable/Fruit,2026,2,287.27,0.77,0.03,99,0,286.41,0
Carrot,Vegetable/Fruit,2026,3,286.03,-0.27,-0.27,92,0,286.7,1
Carrot,Vegetable/Fruit,2026,4,289.69,1.3,1.03,85,0,285.93,0
Carrot,Vegetable/Fruit,2026,5,286.46,-0.11,-0.2,78,0,286.52,1
Carrot,Vegetable/Fruit,2026,6,283.47,-1.32,-1.08,71,0,287.58,1
Carrot,Vegetable/Fruit,2026,7,287.21,0.41,0.14,64,0,288.82,1
Carrot,Vegetable/Fruit,2026,8,286.58,-1.07,0.0,57,0,288.45,1
Carrot,Vegetable/Fruit,2026,9,288.85,0.83,0.72,50,0,287.77,0
Carrot,Vegetable/Fruit,2026,10,287.7,1.49,0.33,43,0,287.81,1
Carrot,Vegetable/Fruit,2026,11,292.17,1.73,1.7,36,0,288.2,0
Carrot,Vegetable/Fruit,2026,12,285.08,-0.52,-0.73,29,0,288.5,1
Carrot,Vegetable/Fruit,2026,13,286.12,-0.94,-0.37,22,0,288.89,1
Carrot,Vegetable/Fruit,2026,14,287.85,0.05,0.2,15,1,288.55,1
Carrot,Vegetable/Fruit,2026,15,293.73,0.53,2.07,8,1,286.69,0
Carrot,Vegetable/Fruit,2026,16,286.28,0.42,-0.52,1,1,286.19,0
Carrot,Vegetable/Fruit,2026,17,287.7,0.55,0.03,359,0,286.39,0
Carrot,Vegetable/Fruit,2026,18,286.47,-0.48,-0.4,352,0,287.42,1
Carrot,Vegetable/Fruit,2026,19,286.3,-2.53,-0.54,345,0,287.54,1
Carrot,Vegetable/Fruit,2026,20,284.28,-0.7,-1.16,338,0,287.08,1
Brinjals,Vegetable/Fruit,2022,24,104.49,0.0,0.0,305,0,110.26,1
Brinjals,Vegetable/Fruit,2022,25,107.03,0.0,1.2,298,0,112.95,1
Brinjals,Vegetable/Fruit,2022,26,108.33,0.0,1.61,291,0,115.62,1
Brinjals,Vegetable/Fruit,2022,27,111.93,0.0,3.69,284,0,118.07,1
Brinjals,Vegetable/Fruit,2022,28,113.74,8.85,4.25,277,0,121.07,1
Brinjals,Vegetable/Fruit,2022,29,117.78,10.04,6.54,270,0,123.25,1
Brinjals,Vegetable/Fruit,2022,30,119.03,9.88,6.51,263,0,126.28,1
Brinjals,Vegetable/Fruit,2022,31,121.74,8.76,7.72,256,0,128.63,1
Brinjals,Vegetable/Fruit,2022,32,125.74,10.54,9.89,249,0,130.97,1
Brinjals,Vegetable/Fruit,2022,33,126.51,7.42,9.41,242,0,133.77,1
Brinjals,Vegetable/Fruit,2022,34,131.12,10.15,12.03,235,0,136.37,1
Brinjals,Vegetable/Fruit,2022,35,131.16,7.74,10.95,228,0,139.13,1
Brinjals,Vegetable/Fruit,2022,36,135.08,7.43,13.03,221,0,141.44,1
Brinjals,Vegetable/Fruit,2022,37,137.71,8.85,12.81,214,0,143.92,1
Brinjals,Vegetable/Fruit,2022,38,141.53,7.94,13.48,207,0,145.82,1
Brinjals,Vegetable/Fruit,2022,39,142.18,8.4,11.67,200,0,148.3,1
Brinjals,Vegetable/Fruit,2022,40,144.34,6.85,11.18,193,0,150.55,1
Brinjals,Vegetable/Fruit,2022,41,147.62,7.2,11.48,186,0,152.99,1
Brinjals,Vegetable/Fruit,2022,42,149.13,5.37,10.6,179,0,155.48,1
Brinjals,Vegetable/Fruit,2022,43,152.11,6.98,10.72,172,0,157.66,1
Brinjals,Vegetable/Fruit,2022,44,153.35,6.24,9.68,165,0,160.43,1
Brinjals,Vegetable/Fruit,2022,45,157.37,6.6,10.63,158,0,163.1,1
Brinjals,Vegetable/Fruit,2022,46,159.08,6.67,9.9,151,0,165.26,1
Brinjals,Vegetable/Fruit,2022,47,160.86,5.75,9.4,144,0,168.03,1
Brinjals,Vegetable/Fruit,2022,48,164.41,7.22,9.9,137,0,170.12,1
Brinjals,Vegetable/Fruit,2022,49,168.05,6.79,10.46,130,0,171.89,1
Brinjals,Vegetable/Fruit,2022,50,167.72,5.43,8.6,123,0,174.09,1
Brinjals,Vegetable/Fruit,2022,51,171.93,6.88,9.66,116,0,176.16,1
Brinjals,Vegetable/Fruit,2022,52,172.8,5.1,8.59,109,0,178.39,1
Brinjals,Vegetable/Fruit,2023,1,175.1,4.19,8.42,102,0,180.55,1
Brinjals,Vegetable/Fruit,2023,2,176.55,5.27,7.83,95,0,183.04,1
Brinjals,Vegetable/Fruit,2023,3,180.2,4.81,8.48,88,0,184.87,1
Brinjals,Vegetable/Fruit,2023,4,181.7,5.15,7.9,81,0,186.77,1
Brinjals,Vegetable/Fruit,2023,5,183.75,4.94,7.62,74,0,188.31,1
Brinjals,Vegetable/Fruit,2023,6,186.51,5.64,7.83,67,0,189.15,1
Brinjals,Vegetable/Fruit,2023,7,187.52,4.07,7.06,60,0,189.65,1
Brinjals,Vegetable/Fruit,2023,8,189.3,4.18,6.74,53,0,190.0,1
Brinjals,Vegetable/Fruit,2023,9,189.93,3.37,5.92,46,0,189.85,0
Brinjals,Vegetable/Fruit,2023,10,189.83,1.78,4.89,39,0,190.71,1
Brinjals,Vegetable/Fruit,2023,11,189.53,1.07,3.76,32,0,191.09,1
Brinjals,Vegetable/Fruit,2023,12,190.7,0.74,3.58,25,0,190.08,0
Brinjals,Vegetable/Fruit,2023,13,189.31,-0.33,2.12,18,1,189.32,1
Brinjals,Vegetable/Fruit,2023,14,193.27,1.81,3.48,11,1,187.47,0
Brinjals,Vegetable/Fruit,2023,15,191.06,0.81,1.69,4,1,186.04,0
Brinjals,Vegetable/Fruit,2023,16,186.69,-2.1,-0.9,363,0,185.71,0
Brinjals,Vegetable/Fruit,2023,17,186.24,-1.62,-1.33,356,0,185.78,0
Brinjals,Vegetable/Fruit,2023,18,185.89,-3.82,-1.6,349,0,185.16,0
Brinjals,Vegetable/Fruit,2023,19,185.33,-3.0,-1.85,342,0,184.47,0
Brinjals,Vegetable/Fruit,2023,20,185.39,-0.69,-1.73,335,0,183.58,0
Brinjals,Vegetable/Fruit,2023,21,186.5,0.14,-1.03,328,0,182.55,0
Brinjals,Vegetable/Fruit,2023,22,183.43,-1.32,-2.4,321,0,182.52,0
Brinjals,Vegetable/Fruit,2023,23,182.55,-1.5,-2.57,314,0,182.8,1
Brinjals,Vegetable/Fruit,2023,24,181.86,-1.91,-2.64,307,0,182.97,1
Brinjals,Vegetable/Fruit,2023,25,182.36,-2.22,-2.03,300,0,182.99,1
Brinjals,Vegetable/Fruit,2023,26,183.29,-0.07,-1.29,293,0,182.63,0
Brinjals,Vegetable/Fruit,2023,27,183.7,0.63,-0.68,286,0,181.95,0
Brinjals,Vegetable/Fruit,2023,28,182.52,0.36,-0.96,279,0,180.62,0
Brinjals,Vegetable/Fruit,2023,29,182.46,0.06,-0.81,272,0,180.12,0
Brinjals,Vegetable/Fruit,2023,30,181.84,-0.79,-0.97,265,0,179.33,0
Brinjals,Vegetable/Fruit,2023,31,180.97,-1.48,-1.24,258,0,178.79,0
Brinjals,Vegetable/Fruit,2023,32,177.19,-2.92,-2.97,251,0,178.68,1
Brinjals,Vegetable/Fruit,2023,33,180.47,-1.09,-0.97,244,0,177.8,0
Brinjals,Vegetable/Fruit,2023,34,178.7,-1.73,-1.62,237,0,176.94,0
Brinjals,Vegetable/Fruit,2023,35,178.81,-1.2,-1.37,230,0,175.88,0
Brinjals,Vegetable/Fruit,2023,36,176.73,-0.26,-2.27,223,0,175.97,0
Brinjals,Vegetable/Fruit,2023,37,176.97,-1.94,-1.94,216,0,175.23,0
Brinjals,Vegetable/Fruit,2023,38,175.23,-1.94,-2.6,209,0,174.69,0
Brinjals,Vegetable/Fruit,2023,39,174.57,-2.37,-2.61,202,0,174.46,0
Brinjals,Vegetable/Fruit,2023,40,177.09,0.21,-0.92,195,0,173.49,0
Brinjals,Vegetable/Fruit,2023,41,174.05,-1.65,-2.27,188,0,172.89,0
Brinjals,Vegetable/Fruit,2023,42,173.05,-1.25,-2.43,181,0,172.2,0
Brinjals,Vegetable/Fruit,2023,43,173.66,-0.52,-1.74,174,0,171.2,0
Brinjals,Vegetable/Fruit,2023,44,173.19,-2.2,-1.67,167,0,170.2,0
Brinjals,Vegetable/Fruit,2023,45,171.67,-1.36,-2.3,160,0,169.52,0
Brinjals,Vegetable/Fruit,2023,46,170.29,-1.59,-2.65,153,0,169.29,0
Brinjals,Vegetable/Fruit,2023,47,169.65,-2.31,-2.63,146,0,169.13,0
Brinjals,Vegetable/Fruit,2023,48,169.2,-2.3,-2.47,139,0,168.89,0
Brinjals,Vegetable/Fruit,2023,49,168.94,-1.59,-2.29,132,0,168.5,0
Brinjals,Vegetable/Fruit,2023,50,169.37,-0.54,-1.7,125,0,167.73,0
Brinjals,Vegetable/Fruit,2023,51,169.0,-0.38,-1.64,118,0,167.4,0
Brinjals,Vegetable/Fruit,2023,52,168.27,-0.55,-1.79,111,0,167.16,0
Brinjals,Vegetable/Fruit,2024,1,167.37,-0.93,-1.89,104,0,167.0,0
Brinjals,Vegetable/Fruit,2024,2,166.27,-1.83,-2.19,97,0,167.07,1
Brinjals,Vegetable/Fruit,2024,3,167.7,-0.77,-1.11,90,0,166.5,0
Brinjals,Vegetable/Fruit,2024,4,167.32,-0.57,-1.05,83,0,166.49,0
Brinjals,Vegetable/Fruit,2024,5,166.72,-0.39,-1.11,76,0,166.67,0
Brinjals,Vegetable/Fruit,2024,6,166.53,0.16,-1.0,69,0,166.62,1
Brinjals,Vegetable/Fruit,2024,7,165.41,-1.36,-1.44,62,0,167.01,1
Brinjals,Vegetable/Fruit,2024,8,167.31,-0.0,-0.2,55,0,166.71,0
Brinjals,Vegetable/Fruit,2024,9,167.42,0.42,-0.06,48,0,166.64,0
Brinjals,Vegetable/Fruit,2024,10,166.32,-0.12,-0.59,41,0,167.42,1
Brinjals,Vegetable/Fruit,2024,11,166.98,0.95,-0.09,34,0,168.53,1
Brinjals,Vegetable/Fruit,2024,12,166.11,-0.72,-0.48,27,0,168.43,1
Brinjals,Vegetable/Fruit,2024,13,167.16,-0.15,0.2,20,1,168.07,1
Brinjals,Vegetable/Fruit,2024,14,169.44,1.87,1.47,13,1,167.03,0
Brinjals,Vegetable/Fruit,2024,15,171.42,2.66,2.42,6,1,165.73,0
Brinjals,Vegetable/Fruit,2024,16,165.72,-0.23,-0.9,364,0,165.55,0
Brinjals,Vegetable/Fruit,2024,17,165.71,-0.86,-0.83,357,0,165.34,0
Brinjals,Vegetable/Fruit,2024,18,165.25,-2.47,-1.04,350,0,165.3,1
Brinjals,Vegetable/Fruit,2024,19,166.25,-3.02,-0.43,343,0,165.02,0
Brinjals,Vegetable/Fruit,2024,20,165.01,-0.43,-1.15,336,0,164.82,0
Brinjals,Vegetable/Fruit,2024,21,164.84,-0.53,-1.14,329,0,164.98,1
Brinjals,Vegetable/Fruit,2024,22,165.09,-0.1,-0.88,322,0,165.11,1
Brinjals,Vegetable/Fruit,2024,23,165.14,-0.66,-0.8,315,0,165.54,1
Brinjals,Vegetable/Fruit,2024,24,164.22,-0.48,-1.23,308,0,166.2,1
Brinjals,Vegetable/Fruit,2024,25,165.47,0.38,-0.44,301,0,165.87,1
Brinjals,Vegetable/Fruit,2024,26,165.6,0.31,-0.29,294,0,166.09,1
Brinjals,Vegetable/Fruit,2024,27,166.87,1.05,0.59,287,0,166.37,0
Brinjals,Vegetable/Fruit,2024,28,166.86,1.61,0.8,280,0,166.28,0
Brinjals,Vegetable/Fruit,2024,29,164.13,-0.81,-0.78,273,0,166.73,1
Brinjals,Vegetable/Fruit,2024,30,166.48,0.53,0.61,266,0,166.72,1
Brinjals,Vegetable/Fruit,2024,31,168.01,0.68,1.4,259,0,166.54,0
Brinjals,Vegetable/Fruit,2024,32,166.51,-0.21,0.48,252,0,166.95,1
Brinjals,Vegetable/Fruit,2024,33,165.93,1.09,0.09,245,0,166.96,1
Brinjals,Vegetable/Fruit,2024,34,166.44,-0.03,0.32,238,0,167.52,1
Brinjals,Vegetable/Fruit,2024,35,167.29,-0.43,0.73,231,0,167.34,1
Brinjals,Vegetable/Fruit,2024,36,168.17,1.0,1.12,224,0,167.08,0
Brinjals,Vegetable/Fruit,2024,37,165.95,0.01,-0.29,217,0,167.38,1
Brinjals,Vegetable/Fruit,2024,38,168.66,1.34,1.19,210,0,166.76,0
Brinjals,Vegetable/Fruit,2024,39,166.59,-0.42,-0.1,203,0,166.81,1
Brinjals,Vegetable/Fruit,2024,40,167.11,-0.63,0.2,196,0,167.25,1
Brinjals,Vegetable/Fruit,2024,41,167.15,0.73,0.21,189,0,166.73,0
Brinjals,Vegetable/Fruit,2024,42,166.18,-1.47,-0.47,182,0,167.0,1
Brinjals,Vegetable/Fruit,2024,43,166.81,0.13,-0.11,175,0,167.66,1
Brinjals,Vegetable/Fruit,2024,44,168.87,1.05,1.09,168,0,167.67,0
Brinjals,Vegetable/Fruit,2024,45,165.05,-1.26,-1.13,161,0,168.84,1
Brinjals,Vegetable/Fruit,2024,46,167.26,0.65,0.13,154,0,169.12,1
Brinjals,Vegetable/Fruit,2024,47,169.43,1.57,1.29,147,0,168.87,0
Brinjals,Vegetable/Fruit,2024,48,168.93,0.03,0.91,140,0,168.58,0
Brinjals,Vegetable/Fruit,2024,49,169.76,2.85,1.34,133,0,168.37,0
Brinjals,Vegetable/Fruit,2024,50,168.38,0.67,0.4,126,0,168.7,1
Brinjals,Vegetable/Fruit,2024,51,168.43,-0.59,0.44,119,0,168.28,0
Brinjals,Vegetable/Fruit,2024,52,167.77,-0.69,-0.01,112,0,168.21,1
Brinjals,Vegetable/Fruit,2025,1,168.92,-0.49,0.6,105,0,167.74,0
Brinjals,Vegetable/Fruit,2025,2,169.69,0.78,0.94,98,0,167.88,0
Brinjals,Vegetable/Fruit,2025,3,166.75,-1.0,-0.84,91,0,168.52,1
Brinjals,Vegetable/Fruit,2025,4,167.5,-0.16,-0.42,84,0,169.23,1
Brinjals,Vegetable/Fruit,2025,5,167.03,-1.12,-0.62,77,0,170.3,1
Brinjals,Vegetable/Fruit,2025,6,170.24,0.32,1.05,70,0,169.11,0
Brinjals,Vegetable/Fruit,2025,7,169.3,1.53,0.4,63,0,168.62,0
Brinjals,Vegetable/Fruit,2025,8,170.35,1.7,0.98,56,0,169.04,0
Brinjals,Vegetable/Fruit,2025,9,171.31,2.56,1.44,49,0,168.77,0
Brinjals,Vegetable/Fruit,2025,10,165.47,-2.8,-1.83,42,0,169.8,1
Brinjals,Vegetable/Fruit,2025,11,167.37,-1.14,-0.65,35,0,171.21,1
Brinjals,Vegetable/Fruit,2025,12,171.99,0.97,1.93,28,0,169.88,0
Brinjals,Vegetable/Fruit,2025,13,170.26,-0.61,0.78,21,1,169.75,0
Brinjals,Vegetable/Fruit,2025,14,169.58,2.48,0.35,14,1,170.06,1
Brinjals,Vegetable/Fruit,2025,15,173.0,3.36,2.22,7,1,169.15,0
Brinjals,Vegetable/Fruit,2025,16,166.66,-3.1,-1.52,0,1,169.88,1
Brinjals,Vegetable/Fruit,2025,17,169.77,-0.29,0.21,358,0,170.19,1
Brinjals,Vegetable/Fruit,2025,18,170.8,0.72,0.65,351,0,170.29,0
Brinjals,Vegetable/Fruit,2025,19,169.36,-2.1,-0.16,344,0,169.89,1
Brinjals,Vegetable/Fruit,2025,20,169.6,1.76,-0.03,337,0,169.73,1
Brinjals,Vegetable/Fruit,2025,21,171.0,0.73,0.76,330,0,169.4,0
Brinjals,Vegetable/Fruit,2025,22,171.21,0.24,0.89,323,0,169.09,0
Brinjals,Vegetable/Fruit,2025,23,167.74,-0.96,-1.26,316,0,169.23,1
Brinjals,Vegetable/Fruit,2025,24,168.95,-0.38,-0.61,309,0,169.8,1
Brinjals,Vegetable/Fruit,2025,25,169.71,-0.76,-0.07,302,0,169.44,0
Brinjals,Vegetable/Fruit,2025,26,169.97,-0.72,0.1,295,0,169.16,0
Brinjals,Vegetable/Fruit,2025,27,168.28,0.32,-0.83,288,0,169.25,1
Brinjals,Vegetable/Fruit,2025,28,171.22,1.34,0.98,281,0,168.76,0
Brinjals,Vegetable/Fruit,2025,29,168.3,-0.83,-0.82,274,0,169.2,1
Brinjals,Vegetable/Fruit,2025,30,168.83,-0.67,-0.46,267,0,169.4,1
Brinjals,Vegetable/Fruit,2025,31,168.64,0.21,-0.48,260,0,169.28,1
Brinjals,Vegetable/Fruit,2025,32,169.29,-1.13,-0.09,253,0,168.96,0
Brinjals,Vegetable/Fruit,2025,33,170.03,1.03,0.33,246,0,169.0,0
Brinjals,Vegetable/Fruit,2025,34,169.64,0.48,0.16,239,0,168.7,0
Brinjals,Vegetable/Fruit,2025,35,168.15,-0.29,-0.58,232,0,169.06,1
Brinjals,Vegetable/Fruit,2025,36,168.03,-0.74,-0.67,225,0,169.47,1
Brinjals,Vegetable/Fruit,2025,37,170.18,0.08,0.55,218,0,169.65,0
Brinjals,Vegetable/Fruit,2025,38,168.44,-0.71,-0.42,211,0,169.7,1
Brinjals,Vegetable/Fruit,2025,39,169.61,0.87,0.29,204,0,169.97,1
Brinjals,Vegetable/Fruit,2025,40,169.65,0.97,0.25,197,0,170.15,1
Brinjals,Vegetable/Fruit,2025,41,170.89,0.42,1.0,190,0,170.35,0
Brinjals,Vegetable/Fruit,2025,42,168.63,0.11,-0.36,183,0,170.57,1
Brinjals,Vegetable/Fruit,2025,43,170.69,0.64,0.78,176,0,170.38,0
Brinjals,Vegetable/Fruit,2025,44,170.37,0.42,0.51,169,0,169.98,0
Brinjals,Vegetable/Fruit,2025,45,171.72,0.49,1.2,162,0,169.43,0
Brinjals,Vegetable/Fruit,2025,46,169.51,0.52,-0.09,155,0,169.52,1
Brinjals,Vegetable/Fruit,2025,47,169.93,-0.44,0.15,148,0,169.66,0
Brinjals,Vegetable/Fruit,2025,48,168.76,-0.94,-0.57,141,0,170.16,1
Brinjals,Vegetable/Fruit,2025,49,169.53,-1.28,-0.18,134,0,170.54,1
Brinjals,Vegetable/Fruit,2025,50,169.87,0.21,0.03,127,0,170.69,1
Brinjals,Vegetable/Fruit,2025,51,170.47,0.31,0.29,120,0,170.56,1
Brinjals,Vegetable/Fruit,2025,52,170.79,1.2,0.42,113,0,170.61,0
Brinjals,Vegetable/Fruit,2026,1,171.06,0.9,0.52,106,0,170.64,0
Brinjals,Vegetable/Fruit,2026,2,170.45,0.34,0.19,99,0,170.57,1
Brinjals,Vegetable/Fruit,2026,3,169.96,-0.3,-0.16,92,0,170.2,1
Brinjals,Vegetable/Fruit,2026,4,170.98,0.11,0.42,85,0,170.03,0
Brinjals,Vegetable/Fruit,2026,5,171.16,0.06,0.49,78,0,169.66,0
Brinjals,Vegetable/Fruit,2026,6,170.19,-0.16,-0.01,71,0,169.95,0
Brinjals,Vegetable/Fruit,2026,7,168.48,-0.87,-0.97,64,0,170.61,1
Brinjals,Vegetable/Fruit,2026,8,170.29,-0.4,0.08,57,0,170.59,1
Brinjals,Vegetable/Fruit,2026,9,169.69,-0.86,-0.31,50,0,171.06,1
Brinjals,Vegetable/Fruit,2026,10,171.34,0.68,0.58,43,0,171.08,0
Brinjals,Vegetable/Fruit,2026,11,171.11,1.56,0.38,36,0,171.93,1
Brinjals,Vegetable/Fruit,2026,12,170.23,-0.03,-0.12,29,0,172.77,1
Brinjals,Vegetable/Fruit,2026,13,171.55,1.09,0.62,22,0,172.97,1
Brinjals,Vegetable/Fruit,2026,14,171.43,0.05,0.53,15,1,173.01,1
Brinjals,Vegetable/Fruit,2026,15,174.52,1.99,2.16,8,1,172.2,0
Brinjals,Vegetable/Fruit,2026,16,173.58,1.97,1.44,1,1,171.19,0
Brinjals,Vegetable/Fruit,2026,17,172.33,0.45,0.65,359,0,170.55,0
Brinjals,Vegetable/Fruit,2026,18,171.59,0.09,0.2,352,0,170.04,0
Brinjals,Vegetable/Fruit,2026,19,171.29,-1.85,-0.03,345,0,169.73,0
Brinjals,Vegetable/Fruit,2026,20,169.56,-2.32,-1.09,338,0,170.03,1
Cabbage,Vegetable/Fruit,2022,24,75.38,0.0,0.0,305,0,79.94,1
Cabbage,Vegetable/Fruit,2022,25,77.92,0.0,1.66,298,0,81.81,1
Cabbage,Vegetable/Fruit,2022,26,78.75,0.0,1.81,291,0,84.0,1
Cabbage,Vegetable/Fruit,2022,27,80.67,0.0,3.18,284,0,86.26,1
Cabbage,Vegetable/Fruit,2022,28,82.43,9.36,4.31,277,0,88.31,1
Cabbage,Vegetable/Fruit,2022,29,85.4,9.6,6.63,270,0,90.27,1
Cabbage,Vegetable/Fruit,2022,30,87.51,11.12,7.83,263,0,92.11,1
Cabbage,Vegetable/Fruit,2022,31,89.69,11.19,9.09,256,0,93.58,1
Cabbage,Vegetable/Fruit,2022,32,90.64,9.96,9.01,249,0,95.47,1
Cabbage,Vegetable/Fruit,2022,33,93.22,9.16,10.77,242,0,97.48,1
Cabbage,Vegetable/Fruit,2022,34,94.9,8.45,11.47,235,0,99.44,1
Cabbage,Vegetable/Fruit,2022,35,95.54,6.52,11.09,228,0,101.51,1
Cabbage,Vegetable/Fruit,2022,36,98.22,8.36,12.97,221,0,103.41,1
Cabbage,Vegetable/Fruit,2022,37,101.25,8.61,13.85,214,0,104.88,1
Cabbage,Vegetable/Fruit,2022,38,102.75,8.27,13.11,207,0,106.51,1
Cabbage,Vegetable/Fruit,2022,39,103.83,8.67,11.92,200,0,107.96,1
Cabbage,Vegetable/Fruit,2022,40,105.8,7.72,11.72,193,0,109.41,1
Cabbage,Vegetable/Fruit,2022,41,107.12,5.8,10.88,186,0,111.01,1
Cabbage,Vegetable/Fruit,2022,42,109.29,6.36,11.02,179,0,112.76,1
Cabbage,Vegetable/Fruit,2022,43,109.63,5.58,9.47,172,0,114.71,1
Cabbage,Vegetable/Fruit,2022,44,111.62,5.5,9.61,165,0,116.46,1
Cabbage,Vegetable/Fruit,2022,45,113.5,5.95,9.56,158,0,118.43,1
Cabbage,Vegetable/Fruit,2022,46,116.29,6.41,10.37,151,0,119.92,1
Cabbage,Vegetable/Fruit,2022,47,117.42,7.11,9.64,144,0,121.69,1
Cabbage,Vegetable/Fruit,2022,48,118.65,6.3,8.98,137,0,123.6,1
Cabbage,Vegetable/Fruit,2022,49,121.34,6.91,9.66,130,0,124.72,1
Cabbage,Vegetable/Fruit,2022,50,122.26,5.13,8.9,123,0,126.23,1
Cabbage,Vegetable/Fruit,2022,51,124.52,6.05,9.28,116,0,127.48,1
Cabbage,Vegetable/Fruit,2022,52,126.29,6.44,9.18,109,0,128.98,1
Cabbage,Vegetable/Fruit,2023,1,125.81,3.68,7.34,102,0,131.15,1
Cabbage,Vegetable/Fruit,2023,2,128.31,4.95,7.97,95,0,132.63,1
Cabbage,Vegetable/Fruit,2023,3,129.53,4.02,7.59,88,0,134.05,1
Cabbage,Vegetable/Fruit,2023,4,132.28,4.75,8.3,81,0,135.57,1
Cabbage,Vegetable/Fruit,2023,5,134.46,6.88,8.53,74,0,136.66,1
Cabbage,Vegetable/Fruit,2023,6,134.26,4.63,6.98,67,0,137.93,1
Cabbage,Vegetable/Fruit,2023,7,135.18,4.36,6.49,60,0,138.74,1
Cabbage,Vegetable/Fruit,2023,8,138.37,4.6,7.63,53,0,138.69,1
Cabbage,Vegetable/Fruit,2023,9,138.81,3.24,6.69,46,0,138.21,0
Cabbage,Vegetable/Fruit,2023,10,139.35,3.79,5.97,39,0,137.89,0
Cabbage,Vegetable/Fruit,2023,11,138.44,2.41,4.29,32,0,138.11,0
Cabbage,Vegetable/Fruit,2023,12,138.18,-0.14,3.28,25,0,137.91,0
Cabbage,Vegetable/Fruit,2023,13,136.89,-1.39,1.7,18,1,137.54,1
Cabbage,Vegetable/Fruit,2023,14,138.04,-0.94,1.84,11,1,136.75,0
Cabbage,Vegetable/Fruit,2023,15,139.33,0.64,2.15,4,1,135.96,0
Cabbage,Vegetable/Fruit,2023,16,137.39,-0.57,0.29,363,0,135.39,0
Cabbage,Vegetable/Fruit,2023,17,135.41,-1.08,-1.33,356,0,135.12,0
Cabbage,Vegetable/Fruit,2023,18,134.86,-2.31,-1.76,349,0,135.02,1
Cabbage,Vegetable/Fruit,2023,19,136.2,-2.25,-0.89,342,0,134.38,0
Cabbage,Vegetable/Fruit,2023,20,135.12,-1.66,-1.67,335,0,134.33,0
Cabbage,Vegetable/Fruit,2023,21,134.29,-0.82,-2.05,328,0,133.95,0
Cabbage,Vegetable/Fruit,2023,22,134.46,-0.29,-1.68,321,0,133.35,0
Cabbage,Vegetable/Fruit,2023,23,133.64,-1.88,-1.97,314,0,133.44,0
Cabbage,Vegetable/Fruit,2023,24,134.92,-0.14,-0.83,307,0,133.21,0
Cabbage,Vegetable/Fruit,2023,25,132.79,-1.12,-2.1,300,0,132.92,1
Cabbage,Vegetable/Fruit,2023,26,132.05,-1.79,-2.38,293,0,132.54,1
Cabbage,Vegetable/Fruit,2023,27,134.01,0.28,-0.7,286,0,131.77,0
Cabbage,Vegetable/Fruit,2023,28,134.0,-0.68,-0.41,279,0,130.84,0
Cabbage,Vegetable/Fruit,2023,29,131.61,-0.89,-1.86,272,0,130.34,0
Cabbage,Vegetable/Fruit,2023,30,130.53,-1.15,-2.39,265,0,130.19,0
Cabbage,Vegetable/Fruit,2023,31,130.94,-2.29,-1.87,258,0,129.45,0
Cabbage,Vegetable/Fruit,2023,32,130.3,-2.77,-2.01,251,0,129.4,0
Cabbage,Vegetable/Fruit,2023,33,129.6,-1.53,-2.23,244,0,129.15,0
Cabbage,Vegetable/Fruit,2023,34,129.93,-0.46,-1.73,237,0,129.03,0
Cabbage,Vegetable/Fruit,2023,35,127.96,-2.27,-2.85,230,0,129.02,1
Cabbage,Vegetable/Fruit,2023,36,130.12,-0.14,-1.01,223,0,128.45,0
Cabbage,Vegetable/Fruit,2023,37,128.6,-0.77,-1.8,216,0,127.56,0
Cabbage,Vegetable/Fruit,2023,38,129.43,-0.38,-0.97,209,0,127.01,0
Cabbage,Vegetable/Fruit,2023,39,127.93,-0.03,-1.88,202,0,126.39,0
Cabbage,Vegetable/Fruit,2023,40,127.85,-1.74,-1.58,195,0,125.76,0
Cabbage,Vegetable/Fruit,2023,41,125.02,-2.78,-3.25,188,0,125.95,1
Cabbage,Vegetable/Fruit,2023,42,127.23,-1.71,-1.28,181,0,125.18,0
Cabbage,Vegetable/Fruit,2023,43,125.45,-1.94,-2.36,174,0,124.66,0
Cabbage,Vegetable/Fruit,2023,44,125.35,-1.95,-2.11,167,0,123.96,0
Cabbage,Vegetable/Fruit,2023,45,125.76,0.59,-1.52,160,0,123.27,0
Cabbage,Vegetable/Fruit,2023,46,124.14,-2.43,-2.48,153,0,122.74,0
Cabbage,Vegetable/Fruit,2023,47,123.38,-1.65,-2.69,146,0,122.7,0
Cabbage,Vegetable/Fruit,2023,48,122.57,-2.22,-3.01,139,0,122.53,0
Cabbage,Vegetable/Fruit,2023,49,123.01,-2.19,-2.24,132,0,122.23,0
Cabbage,Vegetable/Fruit,2023,50,122.0,-1.72,-2.65,125,0,121.88,0
Cabbage,Vegetable/Fruit,2023,51,123.22,-0.13,-1.29,118,0,121.65,0
Cabbage,Vegetable/Fruit,2023,52,121.9,-0.55,-1.99,111,0,121.59,0
Cabbage,Vegetable/Fruit,2024,1,121.81,-0.98,-1.69,104,0,121.25,0
Cabbage,Vegetable/Fruit,2024,2,120.57,-1.17,-2.43,97,0,121.23,1
Cabbage,Vegetable/Fruit,2024,3,122.33,-0.73,-0.7,90,0,120.9,0
Cabbage,Vegetable/Fruit,2024,4,121.66,-0.19,-1.01,83,0,120.82,0
Cabbage,Vegetable/Fruit,2024,5,120.46,-1.11,-1.68,76,0,121.04,1
Cabbage,Vegetable/Fruit,2024,6,120.46,-0.09,-1.35,69,0,121.01,1
Cabbage,Vegetable/Fruit,2024,7,121.01,-1.08,-0.71,62,0,121.05,1
Cabbage,Vegetable/Fruit,2024,8,121.35,-0.25,-0.3,55,0,120.75,0
Cabbage,Vegetable/Fruit,2024,9,121.34,0.73,-0.24,48,0,121.08,0
Cabbage,Vegetable/Fruit,2024,10,120.34,-0.1,-0.89,41,0,121.68,1
Cabbage,Vegetable/Fruit,2024,11,121.18,0.14,-0.15,34,0,122.8,1
Cabbage,Vegetable/Fruit,2024,12,120.16,-0.99,-0.79,27,0,123.19,1
Cabbage,Vegetable/Fruit,2024,13,122.66,1.09,1.22,20,1,122.53,0
Cabbage,Vegetable/Fruit,2024,14,122.74,1.99,1.23,13,1,122.09,0
Cabbage,Vegetable/Fruit,2024,15,125.65,3.69,3.3,6,1,120.78,0
Cabbage,Vegetable/Fruit,2024,16,121.7,1.28,0.09,364,0,120.59,0
Cabbage,Vegetable/Fruit,2024,17,120.02,-2.15,-1.19,357,0,120.96,1
Cabbage,Vegetable/Fruit,2024,18,121.0,-1.42,-0.42,350,0,120.82,0
Cabbage,Vegetable/Fruit,2024,19,120.38,-4.2,-0.92,343,0,120.62,1
Cabbage,Vegetable/Fruit,2024,20,120.96,-0.61,-0.45,336,0,120.8,0
Cabbage,Vegetable/Fruit,2024,21,121.52,1.25,0.0,329,0,120.5,0
Cabbage,Vegetable/Fruit,2024,22,120.42,-0.48,-0.84,322,0,120.66,1
Cabbage,Vegetable/Fruit,2024,23,119.59,-0.66,-1.48,315,0,120.93,1
Cabbage,Vegetable/Fruit,2024,24,121.7,0.61,0.23,308,0,120.71,0
Cabbage,Vegetable/Fruit,2024,25,120.29,-1.01,-0.94,301,0,120.68,1
Cabbage,Vegetable/Fruit,2024,26,121.07,0.54,-0.2,294,0,120.41,0
Cabbage,Vegetable/Fruit,2024,27,120.68,0.91,-0.39,287,0,120.56,0
Cabbage,Vegetable/Fruit,2024,28,120.8,-0.73,0.02,280,0,120.58,0
Cabbage,Vegetable/Fruit,2024,29,120.18,-0.09,-0.4,273,0,121.12,1
Cabbage,Vegetable/Fruit,2024,30,119.97,-0.9,-0.57,266,0,122.07,1
Cabbage,Vegetable/Fruit,2024,31,121.29,0.51,0.51,259,0,121.9,1
Cabbage,Vegetable/Fruit,2024,32,120.87,0.06,0.13,252,0,122.71,1
Cabbage,Vegetable/Fruit,2024,33,122.35,1.81,1.26,245,0,122.46,1
Cabbage,Vegetable/Fruit,2024,34,123.78,3.18,2.3,238,0,121.88,0
Cabbage,Vegetable/Fruit,2024,35,120.59,-0.58,-0.35,231,0,122.16,1
Cabbage,Vegetable/Fruit,2024,36,124.11,2.67,2.26,224,0,121.55,0
Cabbage,Vegetable/Fruit,2024,37,121.38,-0.79,0.04,217,0,121.91,1
Cabbage,Vegetable/Fruit,2024,38,121.46,-1.88,0.03,210,0,122.02,1
Cabbage,Vegetable/Fruit,2024,39,121.71,0.93,0.19,203,0,122.18,1
Cabbage,Vegetable/Fruit,2024,40,121.64,-1.98,0.08,196,0,121.92,1
Cabbage,Vegetable/Fruit,2024,41,122.83,1.19,0.92,189,0,121.99,0
Cabbage,Vegetable/Fruit,2024,42,121.89,0.35,0.04,182,0,121.89,1
Cabbage,Vegetable/Fruit,2024,43,122.36,0.53,0.27,175,0,121.72,0
Cabbage,Vegetable/Fruit,2024,44,120.6,-0.86,-1.12,168,0,122.12,1
Cabbage,Vegetable/Fruit,2024,45,123.11,0.23,0.79,161,0,122.05,0
Cabbage,Vegetable/Fruit,2024,46,121.49,-0.32,-0.48,154,0,122.18,1
Cabbage,Vegetable/Fruit,2024,47,121.69,-0.55,-0.18,147,0,122.67,1
Cabbage,Vegetable/Fruit,2024,48,122.19,1.32,0.13,140,0,122.76,1
Cabbage,Vegetable/Fruit,2024,49,122.83,-0.22,0.74,133,0,122.93,1
Cabbage,Vegetable/Fruit,2024,50,122.0,0.42,0.02,126,0,123.06,1
Cabbage,Vegetable/Fruit,2024,51,123.65,1.62,1.23,119,0,122.82,0
Cabbage,Vegetable/Fruit,2024,52,122.54,0.28,0.26,112,0,122.89,1
Cabbage,Vegetable/Fruit,2025,1,123.51,0.55,0.94,105,0,122.61,0
Cabbage,Vegetable/Fruit,2025,2,122.53,0.43,0.16,98,0,122.69,1
Cabbage,Vegetable/Fruit,2025,3,122.72,-0.76,0.26,91,0,122.74,1
Cabbage,Vegetable/Fruit,2025,4,122.82,0.23,0.31,84,0,122.84,1
Cabbage,Vegetable/Fruit,2025,5,122.39,-0.91,-0.15,77,0,122.93,1
Cabbage,Vegetable/Fruit,2025,6,122.85,0.26,0.24,70,0,123.06,1
Cabbage,Vegetable/Fruit,2025,7,122.92,0.17,0.21,63,0,123.31,1
Cabbage,Vegetable/Fruit,2025,8,123.2,0.31,0.34,56,0,123.37,1
Cabbage,Vegetable/Fruit,2025,9,122.75,0.29,-0.06,49,0,123.76,1
Cabbage,Vegetable/Fruit,2025,10,123.37,0.42,0.41,42,0,123.9,1
Cabbage,Vegetable/Fruit,2025,11,123.91,0.8,0.73,35,0,124.47,1
Cabbage,Vegetable/Fruit,2025,12,123.47,0.22,0.38,28,0,124.78,1
Cabbage,Vegetable/Fruit,2025,13,124.3,1.26,0.95,21,1,124.67,1
Cabbage,Vegetable/Fruit,2025,14,123.92,0.45,0.62,14,1,124.34,1
Cabbage,Vegetable/Fruit,2025,15,126.19,1.84,2.23,7,1,123.79,0
Cabbage,Vegetable/Fruit,2025,16,124.73,1.02,0.91,0,1,123.48,0
Cabbage,Vegetable/Fruit,2025,17,123.84,-0.37,0.13,358,0,123.27,0
Cabbage,Vegetable/Fruit,2025,18,122.61,-1.06,-0.88,351,0,123.26,1
Cabbage,Vegetable/Fruit,2025,19,124.0,-1.74,0.17,344,0,122.88,0
Cabbage,Vegetable/Fruit,2025,20,123.49,-0.99,-0.28,337,0,123.0,0
Cabbage,Vegetable/Fruit,2025,21,122.97,-0.7,-0.68,330,0,122.65,0
Cabbage,Vegetable/Fruit,2025,22,122.57,-0.03,-0.99,323,0,122.78,1
Cabbage,Vegetable/Fruit,2025,23,122.48,-1.23,-1.01,316,0,122.77,1
Cabbage,Vegetable/Fruit,2025,24,123.97,0.39,0.19,309,0,122.71,0
Cabbage,Vegetable/Fruit,2025,25,121.56,-1.14,-1.64,302,0,123.43,1
Cabbage,Vegetable/Fruit,2025,26,123.08,0.42,-0.33,295,0,123.57,1
Cabbage,Vegetable/Fruit,2025,27,122.45,-0.03,-0.76,288,0,124.17,1
Cabbage,Vegetable/Fruit,2025,28,123.74,-0.19,0.44,281,0,124.15,1
Cabbage,Vegetable/Fruit,2025,29,124.47,2.39,1.06,274,0,123.73,0
Cabbage,Vegetable/Fruit,2025,30,123.61,0.43,0.37,267,0,123.83,1
Cabbage,Vegetable/Fruit,2025,31,124.86,1.97,1.25,260,0,123.54,0
Cabbage,Vegetable/Fruit,2025,32,123.65,-0.07,0.28,253,0,123.35,0
Cabbage,Vegetable/Fruit,2025,33,122.79,-1.35,-0.37,246,0,123.53,1
Cabbage,Vegetable/Fruit,2025,34,124.03,0.35,0.57,239,0,123.84,0
Cabbage,Vegetable/Fruit,2025,35,123.68,-0.95,0.22,232,0,123.59,0
Cabbage,Vegetable/Fruit,2025,36,122.91,-0.6,-0.44,225,0,123.72,1
Cabbage,Vegetable/Fruit,2025,37,123.51,0.58,0.08,218,0,123.63,1
Cabbage,Vegetable/Fruit,2025,38,125.25,0.98,1.26,211,0,123.47,0
Cabbage,Vegetable/Fruit,2025,39,122.7,-0.79,-0.78,204,0,123.7,1
Cabbage,Vegetable/Fruit,2025,40,123.41,0.41,-0.27,197,0,123.42,1
Cabbage,Vegetable/Fruit,2025,41,123.18,-0.27,-0.42,190,0,123.6,1
Cabbage,Vegetable/Fruit,2025,42,124.6,-0.52,0.72,183,0,123.47,0
Cabbage,Vegetable/Fruit,2025,43,123.61,0.75,-0.07,176,0,123.54,0
Cabbage,Vegetable/Fruit,2025,44,122.31,-0.89,-0.97,169,0,123.79,1
Cabbage,Vegetable/Fruit,2025,45,123.88,0.57,0.29,162,0,123.47,0
Cabbage,Vegetable/Fruit,2025,46,124.06,-0.43,0.35,155,0,123.31,0
Cabbage,Vegetable/Fruit,2025,47,123.91,0.24,0.24,148,0,123.09,0
Cabbage,Vegetable/Fruit,2025,48,123.3,0.81,-0.23,141,0,123.45,1
Cabbage,Vegetable/Fruit,2025,49,122.63,-1.01,-0.76,134,0,123.4,1
Cabbage,Vegetable/Fruit,2025,50,123.41,-0.52,-0.12,127,0,123.25,0
Cabbage,Vegetable/Fruit,2025,51,123.02,-0.72,-0.3,120,0,123.19,1
Cabbage,Vegetable/Fruit,2025,52,124.75,1.18,0.98,113,0,122.52,0
Cabbage,Vegetable/Fruit,2026,1,122.43,-0.16,-0.84,106,0,122.92,1
Cabbage,Vegetable/Fruit,2026,2,122.78,-0.51,-0.53,99,0,123.37,1
Cabbage,Vegetable/Fruit,2026,3,122.78,-0.19,-0.42,92,0,123.73,1
Cabbage,Vegetable/Fruit,2026,4,122.08,-2.14,-0.89,85,0,124.33,1
Cabbage,Vegetable/Fruit,2026,5,124.02,1.3,0.58,78,0,124.41,1
Cabbage,Vegetable/Fruit,2026,6,124.6,1.48,1.0,71,0,124.03,0
Cabbage,Vegetable/Fruit,2026,7,124.21,1.16,0.67,64,0,123.72,0
Cabbage,Vegetable/Fruit,2026,8,124.48,1.96,0.85,57,0,123.66,0
Cabbage,Vegetable/Fruit,2026,9,124.35,0.26,0.68,50,0,123.2,0
Cabbage,Vegetable/Fruit,2026,10,123.06,-1.23,-0.38,43,0,123.66,1
Cabbage,Vegetable/Fruit,2026,11,122.97,-1.0,-0.43,36,0,124.7,1
Cabbage,Vegetable/Fruit,2026,12,124.24,-0.19,0.52,29,0,124.65,1
Cabbage,Vegetable/Fruit,2026,13,122.51,-1.48,-0.74,22,0,124.82,1
Cabbage,Vegetable/Fruit,2026,14,124.93,1.51,1.06,15,1,124.73,0
Cabbage,Vegetable/Fruit,2026,15,127.13,3.38,2.57,8,1,123.92,0
Cabbage,Vegetable/Fruit,2026,16,124.03,-0.17,-0.02,1,1,124.04,1
Cabbage,Vegetable/Fruit,2026,17,123.2,0.56,-0.75,359,0,124.26,1
Cabbage,Vegetable/Fruit,2026,18,124.56,-0.29,0.31,352,0,124.5,0
Cabbage,Vegetable/Fruit,2026,19,123.88,-2.56,-0.19,345,0,124.87,1
Cabbage,Vegetable/Fruit,2026,20,124.52,0.4,0.31,338,0,124.31,0
Bitter Gourd,Vegetable/Fruit,2022,24,230.03,0.0,0.0,305,0,246.05,1
Bitter Gourd,Vegetable/Fruit,2022,25,236.33,0.0,1.35,298,0,252.5,1
Bitter Gourd,Vegetable/Fruit,2022,26,242.02,0.0,2.49,291,0,258.71,1
Bitter Gourd,Vegetable/Fruit,2022,27,249.91,0.0,4.31,284,0,264.14,1
Bitter Gourd,Vegetable/Fruit,2022,28,255.94,11.26,5.39,277,0,268.96,1
Bitter Gourd,Vegetable/Fruit,2022,29,262.13,10.92,6.53,270,0,273.93,1
Bitter Gourd,Vegetable/Fruit,2022,30,266.88,10.27,7.17,263,0,279.89,1
Bitter Gourd,Vegetable/Fruit,2022,31,271.62,8.69,7.85,256,0,286.36,1
Bitter Gourd,Vegetable/Fruit,2022,32,275.21,7.53,8.16,249,0,292.92,1
Bitter Gourd,Vegetable/Fruit,2022,33,282.0,7.58,9.64,242,0,298.88,1
Bitter Gourd,Vegetable/Fruit,2022,34,290.74,8.94,11.71,235,0,304.2,1
Bitter Gourd,Vegetable/Fruit,2022,35,297.51,9.53,12.97,228,0,309.22,1
Bitter Gourd,Vegetable/Fruit,2022,36,301.43,9.53,13.2,221,0,314.52,1
Bitter Gourd,Vegetable/Fruit,2022,37,305.86,8.46,12.4,214,0,319.58,1
Bitter Gourd,Vegetable/Fruit,2022,38,311.99,7.31,12.25,207,0,325.35,1
Bitter Gourd,Vegetable/Fruit,2022,39,317.61,6.76,11.93,200,0,328.78,1
Bitter Gourd,Vegetable/Fruit,2022,40,322.64,7.03,11.5,193,0,334.1,1
Bitter Gourd,Vegetable/Fruit,2022,41,326.07,6.61,10.63,186,0,340.1,1
Bitter Gourd,Vegetable/Fruit,2022,42,335.1,7.41,11.57,179,0,345.13,1
Bitter Gourd,Vegetable/Fruit,2022,43,331.33,4.32,8.52,172,0,351.7,1
Bitter Gourd,Vegetable/Fruit,2022,44,343.9,6.59,10.62,165,0,355.99,1
Bitter Gourd,Vegetable/Fruit,2022,45,350.06,7.36,10.56,158,0,360.49,1
Bitter Gourd,Vegetable/Fruit,2022,46,355.22,6.0,10.22,151,0,365.0,1
Bitter Gourd,Vegetable/Fruit,2022,47,357.63,7.94,9.23,144,0,369.46,1
Bitter Gourd,Vegetable/Fruit,2022,48,361.06,4.99,8.65,137,0,374.96,1
Bitter Gourd,Vegetable/Fruit,2022,49,368.05,5.14,9.08,130,0,380.64,1
Bitter Gourd,Vegetable/Fruit,2022,50,373.28,5.08,8.95,123,0,384.63,1
Bitter Gourd,Vegetable/Fruit,2022,51,375.48,4.99,8.05,116,0,390.22,1
Bitter Gourd,Vegetable/Fruit,2022,52,383.03,6.09,8.65,109,0,395.71,1
Bitter Gourd,Vegetable/Fruit,2023,1,390.78,6.18,9.23,102,0,399.57,1
Bitter Gourd,Vegetable/Fruit,2023,2,389.22,4.27,7.33,95,0,405.37,1
Bitter Gourd,Vegetable/Fruit,2023,3,397.86,5.96,8.28,88,0,409.96,1
Bitter Gourd,Vegetable/Fruit,2023,4,404.99,5.73,8.54,81,0,414.01,1
Bitter Gourd,Vegetable/Fruit,2023,5,406.19,3.94,7.48,74,0,417.56,1
Bitter Gourd,Vegetable/Fruit,2023,6,412.45,5.97,7.77,67,0,420.95,1
Bitter Gourd,Vegetable/Fruit,2023,7,416.22,4.61,7.44,60,0,422.48,1
Bitter Gourd,Vegetable/Fruit,2023,8,421.2,4.0,7.37,53,0,421.08,0
Bitter Gourd,Vegetable/Fruit,2023,9,420.4,3.5,5.93,46,0,420.44,1
Bitter Gourd,Vegetable/Fruit,2023,10,425.99,3.28,6.15,39,0,419.07,0
Bitter Gourd,Vegetable/Fruit,2023,11,422.36,1.48,4.26,32,0,418.59,0
Bitter Gourd,Vegetable/Fruit,2023,12,415.57,-1.33,1.81,25,0,418.15,1
Bitter Gourd,Vegetable/Fruit,2023,13,417.85,-0.61,1.7,18,1,419.23,1
Bitter Gourd,Vegetable/Fruit,2023,14,420.49,-1.29,1.78,11,1,416.75,0
Bitter Gourd,Vegetable/Fruit,2023,15,420.45,-0.45,1.18,4,1,414.75,0
Bitter Gourd,Vegetable/Fruit,2023,16,413.81,-0.43,-0.71,363,0,414.61,1
Bitter Gourd,Vegetable/Fruit,2023,17,422.18,1.04,0.98,356,0,412.73,0
Bitter Gourd,Vegetable/Fruit,2023,18,410.58,-2.36,-1.88,349,0,412.13,1
Bitter Gourd,Vegetable/Fruit,2023,19,412.44,-1.9,-1.43,342,0,410.03,0
Bitter Gourd,Vegetable/Fruit,2023,20,413.24,-0.14,-1.18,335,0,408.47,0
Bitter Gourd,Vegetable/Fruit,2023,21,414.65,-1.78,-0.73,328,0,406.68,0
Bitter Gourd,Vegetable/Fruit,2023,22,408.19,-0.58,-2.05,321,0,405.12,0
Bitter Gourd,Vegetable/Fruit,2023,23,404.03,-2.04,-2.66,314,0,405.75,1
Bitter Gourd,Vegetable/Fruit,2023,24,407.0,-1.51,-1.66,307,0,404.01,0
Bitter Gourd,Vegetable/Fruit,2023,25,407.51,-1.72,-1.39,300,0,401.78,0
Bitter Gourd,Vegetable/Fruit,2023,26,401.95,-1.53,-2.45,293,0,400.65,0
Bitter Gourd,Vegetable/Fruit,2023,27,406.54,0.62,-1.08,286,0,398.9,0
Bitter Gourd,Vegetable/Fruit,2023,28,400.05,-1.71,-2.28,279,0,398.79,0
Bitter Gourd,Vegetable/Fruit,2023,29,398.57,-2.19,-2.37,272,0,397.44,0
Bitter Gourd,Vegetable/Fruit,2023,30,397.45,-1.12,-2.18,265,0,396.47,0
Bitter Gourd,Vegetable/Fruit,2023,31,399.53,-1.73,-1.47,258,0,395.59,0
Bitter Gourd,Vegetable/Fruit,2023,32,399.62,-0.11,-1.2,251,0,393.79,0
Bitter Gourd,Vegetable/Fruit,2023,33,393.14,-1.36,-2.43,244,0,393.1,0
Bitter Gourd,Vegetable/Fruit,2023,34,393.6,-0.97,-1.92,237,0,392.52,0
Bitter Gourd,Vegetable/Fruit,2023,35,395.99,-0.89,-1.1,230,0,390.5,0
Bitter Gourd,Vegetable/Fruit,2023,36,392.43,-1.8,-1.77,223,0,388.88,0
Bitter Gourd,Vegetable/Fruit,2023,37,390.37,-0.7,-1.97,216,0,388.98,0
Bitter Gourd,Vegetable/Fruit,2023,38,391.27,-0.59,-1.43,209,0,387.02,0
Bitter Gourd,Vegetable/Fruit,2023,39,387.93,-2.03,-2.01,202,0,385.84,0
Bitter Gourd,Vegetable/Fruit,2023,40,385.94,-1.66,-2.12,195,0,385.24,0
Bitter Gourd,Vegetable/Fruit,2023,41,390.77,0.1,-0.72,188,0,382.47,0
Bitter Gourd,Vegetable/Fruit,2023,42,383.43,-2.0,-2.29,181,0,381.48,0
Bitter Gourd,Vegetable/Fruit,2023,43,383.21,-1.22,-2.07,174,0,380.35,0
Bitter Gourd,Vegetable/Fruit,2023,44,383.56,-0.62,-1.68,167,0,377.81,0
Bitter Gourd,Vegetable/Fruit,2023,45,379.67,-2.84,-2.29,160,0,377.22,0
Bitter Gourd,Vegetable/Fruit,2023,46,379.46,-1.04,-2.08,153,0,375.96,0
Bitter Gourd,Vegetable/Fruit,2023,47,378.73,-1.17,-1.98,146,0,374.67,0
Bitter Gourd,Vegetable/Fruit,2023,48,373.39,-2.65,-2.92,139,0,373.91,1
Bitter Gourd,Vegetable/Fruit,2023,49,377.32,-0.62,-1.6,132,0,371.83,0
Bitter Gourd,Vegetable/Fruit,2023,50,374.39,-1.33,-2.05,125,0,370.81,0
Bitter Gourd,Vegetable/Fruit,2023,51,373.59,-1.36,-1.91,118,0,370.16,0
Bitter Gourd,Vegetable/Fruit,2023,52,370.35,-0.82,-2.42,111,0,369.81,0
Bitter Gourd,Vegetable/Fruit,2024,1,368.98,-2.21,-2.44,104,0,370.21,1
Bitter Gourd,Vegetable/Fruit,2024,2,370.31,-1.09,-1.68,97,0,369.55,0
Bitter Gourd,Vegetable/Fruit,2024,3,371.01,-0.69,-1.25,90,0,370.03,0
Bitter Gourd,Vegetable/Fruit,2024,4,368.94,-0.38,-1.51,83,0,369.66,1
Bitter Gourd,Vegetable/Fruit,2024,5,370.57,0.43,-0.81,76,0,369.33,0
Bitter Gourd,Vegetable/Fruit,2024,6,367.67,-0.71,-1.34,69,0,368.88,1
Bitter Gourd,Vegetable/Fruit,2024,7,372.94,0.52,0.21,62,0,367.02,0
Bitter Gourd,Vegetable/Fruit,2024,8,367.46,-0.4,-1.03,55,0,366.73,0
Bitter Gourd,Vegetable/Fruit,2024,9,369.26,-0.35,-0.46,48,0,366.73,0
Bitter Gourd,Vegetable/Fruit,2024,10,365.84,-0.5,-1.15,41,0,367.6,1
Bitter Gourd,Vegetable/Fruit,2024,11,365.51,-1.99,-1.06,34,0,371.28,1
Bitter Gourd,Vegetable/Fruit,2024,12,366.29,-0.32,-0.7,27,0,371.51,1
Bitter Gourd,Vegetable/Fruit,2024,13,369.3,0.01,0.14,20,1,372.41,1
Bitter Gourd,Vegetable/Fruit,2024,14,369.31,0.95,0.14,13,1,372.44,1
Bitter Gourd,Vegetable/Fruit,2024,15,380.22,4.02,2.88,6,1,369.43,0
Bitter Gourd,Vegetable/Fruit,2024,16,367.23,0.26,-0.55,364,0,369.55,1
Bitter Gourd,Vegetable/Fruit,2024,17,372.88,0.97,0.89,357,0,368.23,0
Bitter Gourd,Vegetable/Fruit,2024,18,369.43,0.03,-0.02,350,0,367.24,0
Bitter Gourd,Vegetable/Fruit,2024,19,368.18,-3.17,-0.37,343,0,367.85,0
Bitter Gourd,Vegetable/Fruit,2024,20,367.73,0.14,-0.38,336,0,368.53,1
Bitter Gourd,Vegetable/Fruit,2024,21,367.56,-1.43,-0.43,329,0,369.31,1
Bitter Gourd,Vegetable/Fruit,2024,22,365.49,-1.07,-0.91,322,0,369.14,1
Bitter Gourd,Vegetable/Fruit,2024,23,370.64,0.67,0.39,315,0,368.64,0
Bitter Gourd,Vegetable/Fruit,2024,24,370.45,0.74,0.23,308,0,369.37,0
Bitter Gourd,Vegetable/Fruit,2024,25,370.66,0.84,0.2,301,0,367.96,0
Bitter Gourd,Vegetable/Fruit,2024,26,364.79,-0.19,-1.3,294,0,369.36,1
Bitter Gourd,Vegetable/Fruit,2024,27,368.66,-0.53,-0.23,287,0,370.09,1
Bitter Gourd,Vegetable/Fruit,2024,28,373.37,0.79,1.18,280,0,368.76,0
Bitter Gourd,Vegetable/Fruit,2024,29,365.02,-1.52,-1.04,273,0,369.35,1
Bitter Gourd,Vegetable/Fruit,2024,30,370.37,1.53,0.47,266,0,370.43,1
Bitter Gourd,Vegetable/Fruit,2024,31,371.6,0.8,0.76,259,0,370.9,0
Bitter Gourd,Vegetable/Fruit,2024,32,368.04,-1.43,-0.2,252,0,371.34,1
Bitter Gourd,Vegetable/Fruit,2024,33,367.39,0.65,-0.37,245,0,372.87,1
Bitter Gourd,Vegetable/Fruit,2024,34,374.7,1.17,1.46,238,0,371.81,0
Bitter Gourd,Vegetable/Fruit,2024,35,373.47,0.5,0.96,231,0,371.08,0
Bitter Gourd,Vegetable/Fruit,2024,36,369.8,0.48,-0.02,224,0,371.84,1
Bitter Gourd,Vegetable/Fruit,2024,37,373.52,1.67,0.92,217,0,371.55,0
Bitter Gourd,Vegetable/Fruit,2024,38,370.46,-1.13,0.1,210,0,372.59,1
Bitter Gourd,Vegetable/Fruit,2024,39,370.55,-0.78,0.0,203,0,373.31,1
Bitter Gourd,Vegetable/Fruit,2024,40,372.85,0.82,0.54,196,0,373.68,1
Bitter Gourd,Vegetable/Fruit,2024,41,372.36,-0.31,0.43,189,0,373.81,1
Bitter Gourd,Vegetable/Fruit,2024,42,374.61,1.12,0.83,182,0,373.29,0
Bitter Gourd,Vegetable/Fruit,2024,43,373.41,0.77,0.45,175,0,372.93,0
Bitter Gourd,Vegetable/Fruit,2024,44,374.34,0.4,0.64,168,0,371.95,0
Bitter Gourd,Vegetable/Fruit,2024,45,372.88,0.14,0.15,161,0,371.72,0
Bitter Gourd,Vegetable/Fruit,2024,46,372.52,-0.56,-0.06,154,0,372.83,1
Bitter Gourd,Vegetable/Fruit,2024,47,371.98,-0.38,-0.14,147,0,372.91,1
Bitter Gourd,Vegetable/Fruit,2024,48,370.42,-1.05,-0.5,140,0,375.03,1
Bitter Gourd,Vegetable/Fruit,2024,49,371.95,-0.25,-0.13,133,0,376.06,1
Bitter Gourd,Vegetable/Fruit,2024,50,376.98,1.2,1.14,126,0,375.56,0
Bitter Gourd,Vegetable/Fruit,2024,51,372.3,0.09,-0.15,119,0,375.57,1
Bitter Gourd,Vegetable/Fruit,2024,52,378.88,2.28,1.44,112,0,374.48,0
Bitter Gourd,Vegetable/Fruit,2025,1,376.1,1.11,0.63,105,0,375.07,0
Bitter Gourd,Vegetable/Fruit,2025,2,374.95,-0.54,0.27,98,0,375.45,1
Bitter Gourd,Vegetable/Fruit,2025,3,372.36,0.01,-0.38,91,0,375.22,1
Bitter Gourd,Vegetable/Fruit,2025,4,374.5,-1.15,0.17,84,0,376.18,1
Bitter Gourd,Vegetable/Fruit,2025,5,378.46,0.63,1.15,77,0,375.44,0
Bitter Gourd,Vegetable/Fruit,2025,6,376.47,0.41,0.54,70,0,375.72,0
Bitter Gourd,Vegetable/Fruit,2025,7,371.44,-0.25,-0.78,63,0,377.3,1
Bitter Gourd,Vegetable/Fruit,2025,8,378.36,1.03,0.93,56,0,375.79,0
Bitter Gourd,Vegetable/Fruit,2025,9,375.5,-0.78,0.07,49,0,375.53,1
Bitter Gourd,Vegetable/Fruit,2025,10,377.59,0.3,0.51,42,0,375.53,0
Bitter Gourd,Vegetable/Fruit,2025,11,377.73,1.69,0.53,35,0,377.63,0
Bitter Gourd,Vegetable/Fruit,2025,12,372.33,-1.59,-0.91,28,0,378.52,1
Bitter Gourd,Vegetable/Fruit,2025,13,374.45,-0.28,-0.25,21,1,379.11,1
Bitter Gourd,Vegetable/Fruit,2025,14,377.61,0.01,0.56,14,1,377.48,0
Bitter Gourd,Vegetable/Fruit,2025,15,386.14,2.23,2.59,7,1,374.4,0
Bitter Gourd,Vegetable/Fruit,2025,16,375.88,0.95,-0.2,0,1,374.77,0
Bitter Gourd,Vegetable/Fruit,2025,17,376.82,0.63,-0.0,358,0,374.15,0
Bitter Gourd,Vegetable/Fruit,2025,18,371.06,-1.74,-1.38,351,0,375.31,1
Bitter Gourd,Vegetable/Fruit,2025,19,373.85,-3.18,-0.59,344,0,375.44,1
Bitter Gourd,Vegetable/Fruit,2025,20,377.37,0.4,0.23,337,0,375.02,0
Bitter Gourd,Vegetable/Fruit,2025,21,374.32,-0.66,-0.5,330,0,375.27,1
Bitter Gourd,Vegetable/Fruit,2025,22,375.7,1.25,-0.14,323,0,375.86,1
Bitter Gourd,Vegetable/Fruit,2025,23,374.38,0.14,-0.42,316,0,376.17,1
Bitter Gourd,Vegetable/Fruit,2025,24,375.68,-0.45,-0.04,309,0,376.76,1
Bitter Gourd,Vegetable/Fruit,2025,25,375.32,0.27,-0.19,302,0,377.62,1
Bitter Gourd,Vegetable/Fruit,2025,26,378.06,0.63,0.46,295,0,377.27,0
Bitter Gourd,Vegetable/Fruit,2025,27,375.62,0.33,-0.15,288,0,376.82,1
Bitter Gourd,Vegetable/Fruit,2025,28,378.03,0.63,0.66,281,0,376.44,0
Bitter Gourd,Vegetable/Fruit,2025,29,378.78,0.92,0.8,274,0,376.54,0
Bitter Gourd,Vegetable/Fruit,2025,30,376.63,-0.38,0.23,267,0,376.29,0
Bitter Gourd,Vegetable/Fruit,2025,31,373.85,-0.47,-0.56,260,0,378.52,1
Bitter Gourd,Vegetable/Fruit,2025,32,376.49,-0.41,0.09,253,0,377.44,1
Bitter Gourd,Vegetable/Fruit,2025,33,379.17,0.11,0.76,246,0,377.26,0
Bitter Gourd,Vegetable/Fruit,2025,34,375.66,-0.26,-0.2,239,0,378.62,1
Bitter Gourd,Vegetable/Fruit,2025,35,382.76,2.38,1.54,232,0,377.77,0
Bitter Gourd,Vegetable/Fruit,2025,36,372.17,-1.15,-1.23,225,0,379.03,1
Bitter Gourd,Vegetable/Fruit,2025,37,378.47,-0.19,0.39,218,0,378.43,0
Bitter Gourd,Vegetable/Fruit,2025,38,381.09,1.45,0.97,211,0,376.38,0
Bitter Gourd,Vegetable/Fruit,2025,39,379.36,-0.89,0.48,204,0,375.66,0
Bitter Gourd,Vegetable/Fruit,2025,40,377.19,1.35,-0.13,197,0,375.59,0
Bitter Gourd,Vegetable/Fruit,2025,41,376.07,-0.63,-0.38,190,0,375.76,0
Bitter Gourd,Vegetable/Fruit,2025,42,372.92,-2.15,-1.1,183,0,376.77,1
Bitter Gourd,Vegetable/Fruit,2025,43,376.45,-0.77,-0.16,176,0,377.28,1
Bitter Gourd,Vegetable/Fruit,2025,44,376.92,-0.07,-0.1,169,0,377.55,1
Bitter Gourd,Vegetable/Fruit,2025,45,376.75,0.18,-0.15,162,0,377.52,1
Bitter Gourd,Vegetable/Fruit,2025,46,376.95,1.08,-0.05,155,0,378.22,1
Bitter Gourd,Vegetable/Fruit,2025,47,378.51,0.55,0.31,148,0,378.52,1
Bitter Gourd,Vegetable/Fruit,2025,48,378.01,0.29,0.27,141,0,378.06,1
Bitter Gourd,Vegetable/Fruit,2025,49,376.61,-0.04,-0.19,134,0,378.27,1
Bitter Gourd,Vegetable/Fruit,2025,50,379.75,0.74,0.61,127,0,378.11,0
Bitter Gourd,Vegetable/Fruit,2025,51,379.73,0.32,0.64,120,0,378.05,0
Bitter Gourd,Vegetable/Fruit,2025,52,376.16,-0.49,-0.24,113,0,378.21,1
Bitter Gourd,Vegetable/Fruit,2026,1,377.43,0.22,0.09,106,0,378.39,1
Bitter Gourd,Vegetable/Fruit,2026,2,379.12,-0.16,0.47,99,0,378.93,0
Bitter Gourd,Vegetable/Fruit,2026,3,379.5,-0.06,0.44,92,0,378.28,0
Bitter Gourd,Vegetable/Fruit,2026,4,376.77,0.16,-0.29,85,0,378.63,1
Bitter Gourd,Vegetable/Fruit,2026,5,378.17,0.19,0.05,78,0,379.35,1
Bitter Gourd,Vegetable/Fruit,2026,6,381.28,0.57,0.79,71,0,378.19,0
Bitter Gourd,Vegetable/Fruit,2026,7,376.91,-0.68,-0.37,64,0,379.39,1
Bitter Gourd,Vegetable/Fruit,2026,8,378.18,0.38,-0.02,57,0,379.39,1
Bitter Gourd,Vegetable/Fruit,2026,9,381.01,0.75,0.66,50,0,378.35,0
Bitter Gourd,Vegetable/Fruit,2026,10,376.67,-1.21,-0.49,43,0,379.72,1
Bitter Gourd,Vegetable/Fruit,2026,11,381.71,1.27,0.8,36,0,381.43,0
Bitter Gourd,Vegetable/Fruit,2026,12,378.16,-0.01,-0.1,29,0,382.4,1
Bitter Gourd,Vegetable/Fruit,2026,13,376.84,-1.1,-0.47,22,0,383.33,1
Bitter Gourd,Vegetable/Fruit,2026,14,382.16,1.46,0.84,15,1,383.36,1
Bitter Gourd,Vegetable/Fruit,2026,15,388.57,1.8,2.34,8,1,381.55,0
Bitter Gourd,Vegetable/Fruit,2026,16,382.04,1.02,0.57,1,1,381.85,0
Bitter Gourd,Vegetable/Fruit,2026,17,380.56,0.99,0.1,359,0,381.81,1
Bitter Gourd,Vegetable/Fruit,2026,18,382.26,0.02,0.46,352,0,380.97,0
Bitter Gourd,Vegetable/Fruit,2026,19,381.35,-1.86,0.22,345,0,380.23,0
Bitter Gourd,Vegetable/Fruit,2026,20,383.22,0.31,0.59,338,0,380.41,0
Ladies Fingers,Vegetable/Fruit,2022,24,92.13,0.0,0.0,305,0,98.9,1
Ladies Fingers,Vegetable/Fruit,2022,25,95.94,0.0,2.02,298,0,100.94,1
Ladies Fingers,Vegetable/Fruit,2022,26,98.32,0.0,2.99,291,0,103.08,1
Ladies Fingers,Vegetable/Fruit,2022,27,99.52,0.0,3.15,284,0,105.64,1
Ladies Fingers,Vegetable/Fruit,2022,28,101.81,10.5,4.37,277,0,107.92,1
Ladies Fingers,Vegetable/Fruit,2022,29,104.12,8.53,5.55,270,0,110.22,1
Ladies Fingers,Vegetable/Fruit,2022,30,106.87,8.69,7.06,263,0,112.55,1
Ladies Fingers,Vegetable/Fruit,2022,31,109.78,10.31,8.63,256,0,114.98,1
Ladies Fingers,Vegetable/Fruit,2022,32,110.93,8.96,8.59,249,0,117.19,1
Ladies Fingers,Vegetable/Fruit,2022,33,113.28,8.8,9.69,242,0,119.8,1
Ladies Fingers,Vegetable/Fruit,2022,34,116.22,8.75,11.27,235,0,121.75,1
Ladies Fingers,Vegetable/Fruit,2022,35,119.48,8.84,13.04,228,0,123.88,1
Ladies Fingers,Vegetable/Fruit,2022,36,119.78,7.97,12.17,221,0,126.54,1
Ladies Fingers,Vegetable/Fruit,2022,37,123.71,9.21,13.28,214,0,128.19,1
Ladies Fingers,Vegetable/Fruit,2022,38,124.01,6.71,11.35,207,0,130.77,1
Ladies Fingers,Vegetable/Fruit,2022,39,128.0,7.13,12.62,200,0,132.81,1
Ladies Fingers,Vegetable/Fruit,2022,40,130.45,8.91,12.42,193,0,135.01,1
Ladies Fingers,Vegetable/Fruit,2022,41,130.3,5.32,10.21,186,0,137.68,1
Ladies Fingers,Vegetable/Fruit,2022,42,134.33,8.32,11.43,179,0,139.48,1
Ladies Fingers,Vegetable/Fruit,2022,43,136.17,6.39,10.89,172,0,141.74,1
Ladies Fingers,Vegetable/Fruit,2022,44,139.25,6.75,11.34,165,0,143.32,1
Ladies Fingers,Vegetable/Fruit,2022,45,140.98,8.2,10.67,158,0,145.01,1
Ladies Fingers,Vegetable/Fruit,2022,46,141.53,5.36,9.24,151,0,147.13,1
Ladies Fingers,Vegetable/Fruit,2022,47,145.2,6.63,10.18,144,0,149.07,1
Ladies Fingers,Vegetable/Fruit,2022,48,145.56,4.53,8.8,137,0,151.28,1
Ladies Fingers,Vegetable/Fruit,2022,49,147.73,4.78,8.67,130,0,153.66,1
Ladies Fingers,Vegetable/Fruit,2022,50,150.03,6.0,8.74,123,0,156.5,1
Ladies Fingers,Vegetable/Fruit,2022,51,152.96,5.35,9.11,116,0,158.2,1
Ladies Fingers,Vegetable/Fruit,2022,52,154.42,6.08,8.58,109,0,160.29,1
Ladies Fingers,Vegetable/Fruit,2023,1,157.25,6.44,8.98,102,0,162.28,1
Ladies Fingers,Vegetable/Fruit,2023,2,161.38,7.57,10.02,95,0,163.78,1
Ladies Fingers,Vegetable/Fruit,2023,3,159.77,4.45,7.49,88,0,165.64,1
Ladies Fingers,Vegetable/Fruit,2023,4,162.77,5.41,8.02,81,0,167.5,1
Ladies Fingers,Vegetable/Fruit,2023,5,165.22,5.07,8.22,74,0,169.07,1
Ladies Fingers,Vegetable/Fruit,2023,6,167.36,3.71,8.18,67,0,169.43,1
Ladies Fingers,Vegetable/Fruit,2023,7,167.2,4.65,6.71,60,0,170.28,1
Ladies Fingers,Vegetable/Fruit,2023,8,170.21,4.58,7.32,53,0,169.7,0
Ladies Fingers,Vegetable/Fruit,2023,9,171.5,3.8,6.79,46,0,169.14,0
Ladies Fingers,Vegetable/Fruit,2023,10,168.81,0.86,4.06,39,0,169.38,1
Ladies Fingers,Vegetable/Fruit,2023,11,170.6,2.04,4.15,32,0,169.85,0
Ladies Fingers,Vegetable/Fruit,2023,12,167.88,-1.37,1.77,25,0,170.1,1
Ladies Fingers,Vegetable/Fruit,2023,13,169.27,-1.3,1.91,18,1,169.63,1
Ladies Fingers,Vegetable/Fruit,2023,14,169.75,0.56,1.61,11,1,169.01,0
Ladies Fingers,Vegetable/Fruit,2023,15,172.52,1.12,2.75,4,1,167.84,0
Ladies Fingers,Vegetable/Fruit,2023,16,168.86,0.59,0.15,363,0,167.22,0
Ladies Fingers,Vegetable/Fruit,2023,17,167.37,-1.12,-0.94,356,0,166.26,0
Ladies Fingers,Vegetable/Fruit,2023,18,167.28,-1.46,-1.09,349,0,165.57,0
Ladies Fingers,Vegetable/Fruit,2023,19,167.85,-2.71,-0.78,342,0,164.78,0
Ladies Fingers,Vegetable/Fruit,2023,20,166.38,-1.47,-1.61,335,0,164.21,0
Ladies Fingers,Vegetable/Fruit,2023,21,163.55,-2.28,-2.99,328,0,163.62,1
Ladies Fingers,Vegetable/Fruit,2023,22,164.52,-1.65,-2.1,321,0,163.47,0
Ladies Fingers,Vegetable/Fruit,2023,23,164.67,-1.89,-1.83,314,0,163.07,0
Ladies Fingers,Vegetable/Fruit,2023,24,164.09,-1.37,-1.88,307,0,162.61,0
Ladies Fingers,Vegetable/Fruit,2023,25,161.22,-1.42,-3.3,300,0,162.77,1
Ladies Fingers,Vegetable/Fruit,2023,26,163.91,-0.37,-1.44,293,0,161.38,0
Ladies Fingers,Vegetable/Fruit,2023,27,163.07,-0.97,-1.64,286,0,160.43,0
Ladies Fingers,Vegetable/Fruit,2023,28,162.23,-1.13,-1.68,279,0,160.2,0
Ladies Fingers,Vegetable/Fruit,2023,29,161.86,0.4,-1.58,272,0,159.5,0
Ladies Fingers,Vegetable/Fruit,2023,30,158.34,-3.4,-3.31,265,0,159.5,1
Ladies Fingers,Vegetable/Fruit,2023,31,159.29,-2.32,-2.37,258,0,159.53,1
Ladies Fingers,Vegetable/Fruit,2023,32,161.29,-0.58,-0.83,251,0,158.91,0
Ladies Fingers,Vegetable/Fruit,2023,33,159.07,-1.72,-1.86,244,0,158.32,0
Ladies Fingers,Vegetable/Fruit,2023,34,158.36,0.01,-2.06,237,0,158.59,1
Ladies Fingers,Vegetable/Fruit,2023,35,159.39,0.07,-1.18,230,0,157.68,0
Ladies Fingers,Vegetable/Fruit,2023,36,158.8,-1.55,-1.27,223,0,157.12,0
Ladies Fingers,Vegetable/Fruit,2023,37,156.73,-1.47,-2.21,216,0,156.93,1
Ladies Fingers,Vegetable/Fruit,2023,38,159.44,0.68,-0.44,209,0,155.95,0
Ladies Fingers,Vegetable/Fruit,2023,39,155.75,-2.29,-2.36,202,0,155.76,1
Ladies Fingers,Vegetable/Fruit,2023,40,156.56,-1.41,-1.54,195,0,155.56,0
Ladies Fingers,Vegetable/Fruit,2023,41,155.95,-0.5,-1.62,188,0,155.28,0
Ladies Fingers,Vegetable/Fruit,2023,42,155.55,-2.44,-1.58,181,0,154.44,0
Ladies Fingers,Vegetable/Fruit,2023,43,154.99,-0.49,-1.77,174,0,154.11,0
Ladies Fingers,Vegetable/Fruit,2023,44,155.74,-0.52,-1.12,167,0,153.68,0
Ladies Fingers,Vegetable/Fruit,2023,45,154.83,-0.72,-1.39,160,0,152.92,0
Ladies Fingers,Vegetable/Fruit,2023,46,152.21,-2.15,-2.73,153,0,152.49,1
Ladies Fingers,Vegetable/Fruit,2023,47,153.64,-0.87,-1.59,146,0,152.16,0
Ladies Fingers,Vegetable/Fruit,2023,48,154.04,-1.09,-1.07,139,0,151.1,0
Ladies Fingers,Vegetable/Fruit,2023,49,151.79,-1.96,-2.18,132,0,150.81,0
Ladies Fingers,Vegetable/Fruit,2023,50,150.5,-1.12,-2.71,125,0,150.4,0
Ladies Fingers,Vegetable/Fruit,2023,51,152.29,-0.88,-1.2,118,0,149.4,0
Ladies Fingers,Vegetable/Fruit,2023,52,149.83,-2.73,-2.51,111,0,149.39,0
Ladies Fingers,Vegetable/Fruit,2024,1,150.62,-0.77,-1.7,104,0,149.08,0
Ladies Fingers,Vegetable/Fruit,2024,2,148.86,-1.09,-2.5,97,0,149.37,1
Ladies Fingers,Vegetable/Fruit,2024,3,148.27,-2.64,-2.53,90,0,149.22,1
Ladies Fingers,Vegetable/Fruit,2024,4,149.82,-0.01,-1.26,83,0,149.38,0
Ladies Fingers,Vegetable/Fruit,2024,5,149.38,-0.82,-1.23,76,0,149.64,1
Ladies Fingers,Vegetable/Fruit,2024,6,150.01,0.77,-0.57,69,0,149.42,0
Ladies Fingers,Vegetable/Fruit,2024,7,147.65,-0.42,-1.9,62,0,150.08,1
Ladies Fingers,Vegetable/Fruit,2024,8,150.47,0.44,0.13,55,0,150.14,0
Ladies Fingers,Vegetable/Fruit,2024,9,150.41,0.69,0.28,48,0,149.54,0
Ladies Fingers,Vegetable/Fruit,2024,10,149.14,-0.58,-0.43,41,0,149.65,1
Ladies Fingers,Vegetable/Fruit,2024,11,150.31,1.8,0.36,34,0,150.07,0
Ladies Fingers,Vegetable/Fruit,2024,12,150.71,0.16,0.7,27,0,149.62,0
Ladies Fingers,Vegetable/Fruit,2024,13,147.99,-1.61,-1.02,20,1,149.46,1
Ladies Fingers,Vegetable/Fruit,2024,14,149.58,0.29,0.1,13,1,149.51,0
Ladies Fingers,Vegetable/Fruit,2024,15,152.0,1.13,1.56,6,1,148.71,0
Ladies Fingers,Vegetable/Fruit,2024,16,148.93,-1.18,-0.53,364,0,148.45,0
Ladies Fingers,Vegetable/Fruit,2024,17,147.33,-0.45,-1.47,357,0,148.91,1
Ladies Fingers,Vegetable/Fruit,2024,18,149.78,0.13,0.14,350,0,148.59,0
Ladies Fingers,Vegetable/Fruit,2024,19,148.81,-2.1,-0.44,343,0,148.22,0
Ladies Fingers,Vegetable/Fruit,2024,20,147.89,-0.7,-1.07,336,0,148.22,1
Ladies Fingers,Vegetable/Fruit,2024,21,149.15,1.24,-0.16,329,0,148.09,0
Ladies Fingers,Vegetable/Fruit,2024,22,148.49,-0.86,-0.5,322,0,148.18,0
Ladies Fingers,Vegetable/Fruit,2024,23,147.33,-0.99,-1.19,315,0,148.7,1
Ladies Fingers,Vegetable/Fruit,2024,24,147.9,0.01,-0.68,308,0,148.81,1
Ladies Fingers,Vegetable/Fruit,2024,25,148.62,-0.36,-0.09,301,0,148.7,1
Ladies Fingers,Vegetable/Fruit,2024,26,148.88,0.26,0.04,294,0,148.65,0
Ladies Fingers,Vegetable/Fruit,2024,27,149.39,1.4,0.39,287,0,148.58,0
Ladies Fingers,Vegetable/Fruit,2024,28,148.34,0.3,-0.12,280,0,149.21,1
Ladies Fingers,Vegetable/Fruit,2024,29,148.19,-0.29,-0.19,273,0,149.3,1
Ladies Fingers,Vegetable/Fruit,2024,30,148.66,-0.15,0.06,266,0,149.5,1
Ladies Fingers,Vegetable/Fruit,2024,31,149.13,-0.17,0.41,259,0,149.81,1
Ladies Fingers,Vegetable/Fruit,2024,32,150.86,1.7,1.47,252,0,149.53,0
Ladies Fingers,Vegetable/Fruit,2024,33,148.56,0.25,-0.11,245,0,150.18,1
Ladies Fingers,Vegetable/Fruit,2024,34,149.46,0.54,0.47,238,0,150.17,1
Ladies Fingers,Vegetable/Fruit,2024,35,150.38,0.83,0.99,231,0,150.12,0
Ladies Fingers,Vegetable/Fruit,2024,36,149.73,-0.75,0.43,224,0,150.61,1
Ladies Fingers,Vegetable/Fruit,2024,37,151.15,1.74,1.21,217,0,150.41,0
Ladies Fingers,Vegetable/Fruit,2024,38,149.42,-0.02,0.02,210,0,150.53,1
Ladies Fingers,Vegetable/Fruit,2024,39,150.17,-0.14,0.45,203,0,150.43,1
Ladies Fingers,Vegetable/Fruit,2024,40,151.7,1.31,1.35,196,0,149.81,0
Ladies Fingers,Vegetable/Fruit,2024,41,150.34,-0.53,0.34,189,0,149.75,0
Ladies Fingers,Vegetable/Fruit,2024,42,149.91,0.33,-0.03,182,0,150.07,1
Ladies Fingers,Vegetable/Fruit,2024,43,149.75,-0.27,-0.19,175,0,150.25,1
Ladies Fingers,Vegetable/Fruit,2024,44,149.22,-1.64,-0.55,168,0,151.05,1
Ladies Fingers,Vegetable/Fruit,2024,45,150.11,-0.15,0.08,161,0,151.32,1
Ladies Fingers,Vegetable/Fruit,2024,46,151.19,0.85,0.66,154,0,151.56,1
Ladies Fingers,Vegetable/Fruit,2024,47,150.49,0.49,0.14,147,0,151.67,1
Ladies Fingers,Vegetable/Fruit,2024,48,152.4,2.13,1.31,140,0,151.5,0
Ladies Fingers,Vegetable/Fruit,2024,49,151.2,0.73,0.44,133,0,151.92,1
Ladies Fingers,Vegetable/Fruit,2024,50,152.16,0.64,1.02,126,0,151.9,0
Ladies Fingers,Vegetable/Fruit,2024,51,150.92,0.29,0.12,119,0,152.35,1
Ladies Fingers,Vegetable/Fruit,2024,52,151.73,-0.44,0.58,112,0,152.39,1
Ladies Fingers,Vegetable/Fruit,2025,1,152.87,1.1,1.28,105,0,152.15,0
Ladies Fingers,Vegetable/Fruit,2025,2,152.07,-0.06,0.65,98,0,151.97,0
Ladies Fingers,Vegetable/Fruit,2025,3,152.75,1.22,0.96,91,0,151.98,0
Ladies Fingers,Vegetable/Fruit,2025,4,151.86,0.09,0.26,84,0,151.42,0
Ladies Fingers,Vegetable/Fruit,2025,5,151.94,-0.61,0.18,77,0,150.84,0
Ladies Fingers,Vegetable/Fruit,2025,6,151.35,-0.47,-0.27,70,0,151.11,0
Ladies Fingers,Vegetable/Fruit,2025,7,152.79,0.03,0.6,63,0,150.46,0
Ladies Fingers,Vegetable/Fruit,2025,8,149.6,-1.49,-1.46,56,0,151.28,1
Ladies Fingers,Vegetable/Fruit,2025,9,149.63,-1.52,-1.3,49,0,151.73,1
Ladies Fingers,Vegetable/Fruit,2025,10,152.42,0.7,0.47,42,0,151.63,0
Ladies Fingers,Vegetable/Fruit,2025,11,150.18,-1.71,-0.9,35,0,153.29,1
Ladies Fingers,Vegetable/Fruit,2025,12,152.87,2.19,0.78,28,0,153.25,1
Ladies Fingers,Vegetable/Fruit,2025,13,151.46,1.22,-0.14,21,1,153.42,1
Ladies Fingers,Vegetable/Fruit,2025,14,152.01,-0.27,0.26,14,1,153.47,1
Ladies Fingers,Vegetable/Fruit,2025,15,156.8,4.41,3.18,7,1,152.64,0
Ladies Fingers,Vegetable/Fruit,2025,16,152.71,-0.11,0.48,0,1,152.11,0
Ladies Fingers,Vegetable/Fruit,2025,17,152.17,0.47,0.11,358,0,152.0,0
Ladies Fingers,Vegetable/Fruit,2025,18,152.2,0.12,0.12,351,0,151.68,0
Ladies Fingers,Vegetable/Fruit,2025,19,153.49,-2.12,0.86,344,0,150.87,0
Ladies Fingers,Vegetable/Fruit,2025,20,150.59,-1.38,-0.93,337,0,151.27,1
Ladies Fingers,Vegetable/Fruit,2025,21,151.73,-0.29,-0.29,330,0,151.52,0
Ladies Fingers,Vegetable/Fruit,2025,22,150.92,-0.84,-0.89,323,0,151.43,1
Ladies Fingers,Vegetable/Fruit,2025,23,150.23,-2.12,-1.24,316,0,151.75,1
Ladies Fingers,Vegetable/Fruit,2025,24,152.22,1.08,-0.03,309,0,151.82,0
Ladies Fingers,Vegetable/Fruit,2025,25,152.72,0.66,0.31,302,0,151.25,0
Ladies Fingers,Vegetable/Fruit,2025,26,150.54,-0.25,-1.08,295,0,151.5,1
Ladies Fingers,Vegetable/Fruit,2025,27,151.52,0.86,-0.41,288,0,151.79,1
Ladies Fingers,Vegetable/Fruit,2025,28,152.5,0.18,0.45,281,0,152.06,0
Ladies Fingers,Vegetable/Fruit,2025,29,150.46,-1.48,-0.78,274,0,152.25,1
Ladies Fingers,Vegetable/Fruit,2025,30,151.52,0.65,-0.04,267,0,151.98,1
Ladies Fingers,Vegetable/Fruit,2025,31,152.69,0.77,0.7,260,0,151.93,0
Ladies Fingers,Vegetable/Fruit,2025,32,153.57,0.7,1.28,253,0,151.34,0
Ladies Fingers,Vegetable/Fruit,2025,33,151.21,0.5,-0.31,246,0,151.54,1
Ladies Fingers,Vegetable/Fruit,2025,34,150.46,-0.7,-0.74,239,0,152.05,1
Ladies Fingers,Vegetable/Fruit,2025,35,152.47,-0.14,0.51,232,0,151.9,0
Ladies Fingers,Vegetable/Fruit,2025,36,151.2,-1.54,-0.38,225,0,152.18,1
Ladies Fingers,Vegetable/Fruit,2025,37,152.04,0.54,0.18,218,0,152.53,1
Ladies Fingers,Vegetable/Fruit,2025,38,152.47,1.33,0.48,211,0,152.13,0
Ladies Fingers,Vegetable/Fruit,2025,39,151.89,-0.38,0.03,204,0,152.31,1
Ladies Fingers,Vegetable/Fruit,2025,40,152.32,0.74,0.27,197,0,152.21,0
Ladies Fingers,Vegetable/Fruit,2025,41,153.42,0.91,0.95,190,0,152.1,0
Ladies Fingers,Vegetable/Fruit,2025,42,150.88,-1.04,-0.74,183,0,152.65,1
Ladies Fingers,Vegetable/Fruit,2025,43,152.61,0.47,0.34,176,0,152.26,0
Ladies Fingers,Vegetable/Fruit,2025,44,151.94,-0.25,-0.07,169,0,152.48,1
Ladies Fingers,Vegetable/Fruit,2025,45,152.98,-0.29,0.65,162,0,152.43,0
Ladies Fingers,Vegetable/Fruit,2025,46,153.08,1.46,0.62,155,0,152.13,0
Ladies Fingers,Vegetable/Fruit,2025,47,151.03,-1.04,-0.76,148,0,152.73,1
Ladies Fingers,Vegetable/Fruit,2025,48,152.84,0.6,0.42,141,0,152.69,0
Ladies Fingers,Vegetable/Fruit,2025,49,152.77,-0.13,0.29,134,0,152.44,0
Ladies Fingers,Vegetable/Fruit,2025,50,151.86,-0.8,-0.3,127,0,152.85,1
Ladies Fingers,Vegetable/Fruit,2025,51,153.43,1.59,0.68,120,0,152.39,0
Ladies Fingers,Vegetable/Fruit,2025,52,152.71,-0.09,0.17,113,0,152.15,0
Ladies Fingers,Vegetable/Fruit,2026,1,151.78,-0.65,-0.41,106,0,152.37,1
Ladies Fingers,Vegetable/Fruit,2026,2,153.5,1.08,0.71,99,0,152.6,0
Ladies Fingers,Vegetable/Fruit,2026,3,151.57,-1.21,-0.59,92,0,152.78,1
Ladies Fingers,Vegetable/Fruit,2026,4,151.75,-0.63,-0.43,85,0,152.94,1
Ladies Fingers,Vegetable/Fruit,2026,5,152.68,0.59,0.14,78,0,152.84,1
Ladies Fingers,Vegetable/Fruit,2026,6,154.39,0.58,1.2,71,0,151.84,0
Ladies Fingers,Vegetable/Fruit,2026,7,152.32,0.5,-0.12,64,0,151.76,0
Ladies Fingers,Vegetable/Fruit,2026,8,152.37,0.41,-0.16,57,0,151.35,0
Ladies Fingers,Vegetable/Fruit,2026,9,152.29,-0.26,-0.19,50,0,151.57,0
Ladies Fingers,Vegetable/Fruit,2026,10,150.37,-2.61,-1.32,43,0,152.41,1
Ladies Fingers,Vegetable/Fruit,2026,11,152.04,-0.18,-0.23,36,0,153.44,1
Ladies Fingers,Vegetable/Fruit,2026,12,150.72,-1.08,-0.97,29,0,154.02,1
Ladies Fingers,Vegetable/Fruit,2026,13,153.15,0.56,0.61,22,0,154.09,1
Ladies Fingers,Vegetable/Fruit,2026,14,153.73,2.24,0.89,15,1,153.76,1
Ladies Fingers,Vegetable/Fruit,2026,15,156.15,2.71,2.34,8,1,152.96,0
Ladies Fingers,Vegetable/Fruit,2026,16,153.04,1.54,0.23,1,1,153.14,1
Ladies Fingers,Vegetable/Fruit,2026,17,153.41,0.18,0.39,359,0,152.95,0
Ladies Fingers,Vegetable/Fruit,2026,18,152.43,-0.85,-0.24,352,0,153.55,1
Ladies Fingers,Vegetable/Fruit,2026,19,152.96,-2.05,0.17,345,0,154.03,1
Ladies Fingers,Vegetable/Fruit,2026,20,153.77,0.47,0.63,338,0,153.65,0
Green Chillies,Vegetable/Fruit,2022,24,168.19,0.0,0.0,305,0,178.13,1
Green Chillies,Vegetable/Fruit,2022,25,171.17,0.0,0.88,298,0,182.2,1
Green Chillies,Vegetable/Fruit,2022,26,175.94,0.0,2.43,291,0,186.76,1
Green Chillies,Vegetable/Fruit,2022,27,180.87,0.0,3.92,284,0,191.47,1
Green Chillies,Vegetable/Fruit,2022,28,184.56,9.73,4.78,277,0,195.45,1
Green Chillies,Vegetable/Fruit,2022,29,187.45,9.51,5.29,270,0,200.65,1
Green Chillies,Vegetable/Fruit,2022,30,194.16,10.36,7.67,263,0,205.69,1
Green Chillies,Vegetable/Fruit,2022,31,199.72,10.43,9.28,256,0,209.04,1
Green Chillies,Vegetable/Fruit,2022,32,200.48,8.62,8.53,249,0,213.34,1
Green Chillies,Vegetable/Fruit,2022,33,208.22,11.08,11.3,242,0,217.4,1
Green Chillies,Vegetable/Fruit,2022,34,214.32,10.38,13.06,235,0,220.09,1
Green Chillies,Vegetable/Fruit,2022,35,213.12,6.71,11.28,228,0,224.67,1
Green Chillies,Vegetable/Fruit,2022,36,217.69,8.59,12.49,221,0,229.29,1
Green Chillies,Vegetable/Fruit,2022,37,224.47,7.8,13.45,214,0,232.39,1
Green Chillies,Vegetable/Fruit,2022,38,225.08,5.02,11.42,207,0,236.67,1
Green Chillies,Vegetable/Fruit,2022,39,231.43,8.59,12.19,200,0,241.41,1
Green Chillies,Vegetable/Fruit,2022,40,236.19,8.5,12.19,193,0,244.67,1
Green Chillies,Vegetable/Fruit,2022,41,236.86,5.52,10.4,186,0,248.83,1
Green Chillies,Vegetable/Fruit,2022,42,242.22,7.61,10.72,179,0,252.72,1
Green Chillies,Vegetable/Fruit,2022,43,250.36,8.18,12.22,172,0,255.37,1
Green Chillies,Vegetable/Fruit,2022,44,249.25,5.53,9.85,165,0,259.45,1
Green Chillies,Vegetable/Fruit,2022,45,253.48,7.02,9.74,158,0,263.45,1
Green Chillies,Vegetable/Fruit,2022,46,257.77,6.42,9.79,151,0,267.67,1
Green Chillies,Vegetable/Fruit,2022,47,260.99,4.25,9.49,144,0,271.45,1
Green Chillies,Vegetable/Fruit,2022,48,265.54,6.53,9.54,137,0,275.31,1
Green Chillies,Vegetable/Fruit,2022,49,269.49,6.31,9.37,130,0,278.92,1
Green Chillies,Vegetable/Fruit,2022,50,274.65,6.55,9.75,123,0,282.69,1
Green Chillies,Vegetable/Fruit,2022,51,276.12,5.79,8.63,116,0,286.55,1
Green Chillies,Vegetable/Fruit,2022,52,280.97,5.81,8.91,109,0,290.86,1
Green Chillies,Vegetable/Fruit,2023,1,283.94,5.36,8.51,102,0,295.14,1
Green Chillies,Vegetable/Fruit,2023,2,289.73,5.49,9.03,95,0,297.61,1
Green Chillies,Vegetable/Fruit,2023,3,291.57,5.6,8.18,88,0,300.28,1
Green Chillies,Vegetable/Fruit,2023,4,298.21,6.14,9.15,81,0,301.54,1
Green Chillies,Vegetable/Fruit,2023,5,301.05,6.03,8.61,74,0,305.14,1
Green Chillies,Vegetable/Fruit,2023,6,299.62,3.42,6.73,67,0,306.98,1
Green Chillies,Vegetable/Fruit,2023,7,302.22,3.65,6.36,60,0,308.49,1
Green Chillies,Vegetable/Fruit,2023,8,303.28,1.7,5.52,53,0,308.98,1
Green Chillies,Vegetable/Fruit,2023,9,315.42,4.77,8.3,46,0,306.98,0
Green Chillies,Vegetable/Fruit,2023,10,307.01,2.47,4.38,39,0,307.96,1
Green Chillies,Vegetable/Fruit,2023,11,308.26,2.0,3.89,32,0,308.17,0
Green Chillies,Vegetable/Fruit,2023,12,305.26,0.65,2.11,25,0,307.21,1
Green Chillies,Vegetable/Fruit,2023,13,307.39,-2.55,2.12,18,1,306.16,0
Green Chillies,Vegetable/Fruit,2023,14,310.92,1.27,2.59,11,1,303.15,0
Green Chillies,Vegetable/Fruit,2023,15,309.1,0.27,1.49,4,1,301.29,0
Green Chillies,Vegetable/Fruit,2023,16,301.45,-1.25,-1.27,363,0,300.93,0
Green Chillies,Vegetable/Fruit,2023,17,303.16,-1.38,-0.83,356,0,299.8,0
Green Chillies,Vegetable/Fruit,2023,18,298.89,-3.87,-2.17,349,0,299.46,1
Green Chillies,Vegetable/Fruit,2023,19,301.68,-2.4,-1.31,342,0,299.3,0
Green Chillies,Vegetable/Fruit,2023,20,299.99,-0.48,-1.81,335,0,298.59,0
Green Chillies,Vegetable/Fruit,2023,21,298.62,-1.5,-2.14,328,0,297.69,0
Green Chillies,Vegetable/Fruit,2023,22,297.55,-0.45,-2.05,321,0,297.56,1
Green Chillies,Vegetable/Fruit,2023,23,301.06,-0.21,-0.75,314,0,296.06,0
Green Chillies,Vegetable/Fruit,2023,24,297.13,-0.95,-1.77,307,0,296.31,0
Green Chillies,Vegetable/Fruit,2023,25,295.03,-1.2,-2.21,300,0,295.69,1
Green Chillies,Vegetable/Fruit,2023,26,297.02,-0.18,-1.29,293,0,294.99,0
Green Chillies,Vegetable/Fruit,2023,27,295.08,-1.99,-1.53,286,0,294.73,0
Green Chillies,Vegetable/Fruit,2023,28,298.1,0.33,-0.24,279,0,292.8,0
Green Chillies,Vegetable/Fruit,2023,29,292.57,-0.83,-1.87,272,0,292.3,0
Green Chillies,Vegetable/Fruit,2023,30,294.21,-0.95,-1.09,265,0,290.87,0
Green Chillies,Vegetable/Fruit,2023,31,294.04,-0.35,-1.02,258,0,289.69,0
Green Chillies,Vegetable/Fruit,2023,32,290.36,-2.6,-1.97,251,0,288.9,0
Green Chillies,Vegetable/Fruit,2023,33,290.6,-0.67,-1.65,244,0,287.47,0
Green Chillies,Vegetable/Fruit,2023,34,288.49,-1.94,-2.11,237,0,286.71,0
Green Chillies,Vegetable/Fruit,2023,35,289.31,-1.61,-1.62,230,0,286.07,0
Green Chillies,Vegetable/Fruit,2023,36,287.19,-1.09,-1.99,223,0,285.45,0
Green Chillies,Vegetable/Fruit,2023,37,284.91,-1.96,-2.45,216,0,285.43,1
Green Chillies,Vegetable/Fruit,2023,38,285.42,-1.06,-2.03,209,0,285.13,0
Green Chillies,Vegetable/Fruit,2023,39,286.77,-0.88,-1.3,202,0,283.03,0
Green Chillies,Vegetable/Fruit,2023,40,284.72,-0.86,-1.74,195,0,282.38,0
Green Chillies,Vegetable/Fruit,2023,41,284.82,-0.03,-1.35,188,0,280.62,0
Green Chillies,Vegetable/Fruit,2023,42,284.23,-0.42,-1.34,181,0,278.91,0
Green Chillies,Vegetable/Fruit,2023,43,278.35,-2.93,-2.97,174,0,278.21,0
Green Chillies,Vegetable/Fruit,2023,44,282.12,-0.91,-1.34,167,0,276.37,0
Green Chillies,Vegetable/Fruit,2023,45,277.79,-2.47,-2.52,160,0,275.0,0
Green Chillies,Vegetable/Fruit,2023,46,277.37,-2.41,-2.32,153,0,274.78,0
Green Chillies,Vegetable/Fruit,2023,47,275.54,-1.01,-2.62,146,0,273.96,0
Green Chillies,Vegetable/Fruit,2023,48,274.76,-2.61,-2.51,139,0,272.84,0
Green Chillies,Vegetable/Fruit,2023,49,272.34,-1.96,-2.98,132,0,272.22,0
Green Chillies,Vegetable/Fruit,2023,50,276.47,-0.33,-1.28,125,0,271.41,0
Green Chillies,Vegetable/Fruit,2023,51,272.29,-1.18,-2.42,118,0,271.07,0
Green Chillies,Vegetable/Fruit,2023,52,270.24,-1.64,-2.71,111,0,270.58,1
Green Chillies,Vegetable/Fruit,2024,1,269.87,-0.91,-2.44,104,0,270.85,1
Green Chillies,Vegetable/Fruit,2024,2,273.23,-1.17,-0.91,97,0,269.96,0
Green Chillies,Vegetable/Fruit,2024,3,270.92,-0.5,-1.38,90,0,269.61,0
Green Chillies,Vegetable/Fruit,2024,4,268.28,-0.73,-2.07,83,0,270.24,1
Green Chillies,Vegetable/Fruit,2024,5,270.97,0.41,-0.77,76,0,269.92,0
Green Chillies,Vegetable/Fruit,2024,6,269.67,-1.3,-1.02,69,0,270.38,1
Green Chillies,Vegetable/Fruit,2024,7,269.51,-0.52,-0.86,62,0,270.28,1
Green Chillies,Vegetable/Fruit,2024,8,270.8,0.94,-0.25,55,0,269.88,0
Green Chillies,Vegetable/Fruit,2024,9,269.72,-0.46,-0.51,48,0,269.61,0
Green Chillies,Vegetable/Fruit,2024,10,271.5,0.68,0.17,41,0,269.99,0
Green Chillies,Vegetable/Fruit,2024,11,269.1,-0.15,-0.51,34,0,272.81,1
Green Chillies,Vegetable/Fruit,2024,12,269.19,-0.59,-0.39,27,0,271.96,1
Green Chillies,Vegetable/Fruit,2024,13,268.65,-0.4,-0.54,20,1,271.7,1
Green Chillies,Vegetable/Fruit,2024,14,273.02,0.56,0.99,13,1,271.0,0
Green Chillies,Vegetable/Fruit,2024,15,280.39,4.19,3.5,6,1,268.41,0
Green Chillies,Vegetable/Fruit,2024,16,265.78,-1.27,-1.75,364,0,269.75,1
Green Chillies,Vegetable/Fruit,2024,17,267.63,-0.38,-1.05,357,0,270.41,1
Green Chillies,Vegetable/Fruit,2024,18,270.21,-1.03,-0.07,350,0,269.28,0
Green Chillies,Vegetable/Fruit,2024,19,270.01,-3.7,-0.15,343,0,268.4,0
Green Chillies,Vegetable/Fruit,2024,20,271.16,2.03,0.23,336,0,267.48,0
Green Chillies,Vegetable/Fruit,2024,21,270.28,0.99,-0.09,329,0,268.07,0
Green Chillies,Vegetable/Fruit,2024,22,265.66,-1.68,-1.68,322,0,268.62,1
Green Chillies,Vegetable/Fruit,2024,23,266.52,-1.29,-1.22,315,0,268.61,1
Green Chillies,Vegetable/Fruit,2024,24,267.45,-1.37,-0.83,308,0,268.84,1
Green Chillies,Vegetable/Fruit,2024,25,272.66,0.88,1.0,301,0,267.82,0
Green Chillies,Vegetable/Fruit,2024,26,267.83,0.82,-0.76,294,0,268.02,1
Green Chillies,Vegetable/Fruit,2024,27,266.48,-0.01,-1.08,287,0,269.33,1
Green Chillies,Vegetable/Fruit,2024,28,268.38,0.35,-0.03,280,0,269.51,1
Green Chillies,Vegetable/Fruit,2024,29,268.6,-1.49,-0.03,273,0,270.05,1
Green Chillies,Vegetable/Fruit,2024,30,268.63,0.3,-0.05,266,0,270.01,1
Green Chillies,Vegetable/Fruit,2024,31,271.7,1.96,1.05,259,0,269.53,0
Green Chillies,Vegetable/Fruit,2024,32,269.1,0.27,0.11,252,0,270.01,1
Green Chillies,Vegetable/Fruit,2024,33,270.75,0.8,0.74,245,0,269.12,0
Green Chillies,Vegetable/Fruit,2024,34,268.49,-0.05,-0.06,238,0,269.69,1
Green Chillies,Vegetable/Fruit,2024,35,269.76,-0.71,0.3,231,0,270.31,1
Green Chillies,Vegetable/Fruit,2024,36,271.02,0.72,0.64,224,0,270.72,0
Green Chillies,Vegetable/Fruit,2024,37,267.19,-1.32,-0.78,217,0,271.47,1
Green Chillies,Vegetable/Fruit,2024,38,270.79,0.86,0.61,210,0,271.54,1
Green Chillies,Vegetable/Fruit,2024,39,272.23,0.92,1.02,203,0,271.91,0
Green Chillies,Vegetable/Fruit,2024,40,272.68,0.61,1.01,196,0,271.41,0
Green Chillies,Vegetable/Fruit,2024,41,270.2,1.13,0.04,189,0,271.34,1
Green Chillies,Vegetable/Fruit,2024,42,271.05,0.1,0.29,182,0,272.08,1
Green Chillies,Vegetable/Fruit,2024,43,273.7,0.54,1.12,175,0,271.67,0
Green Chillies,Vegetable/Fruit,2024,44,270.71,-0.72,0.04,168,0,272.24,1
Green Chillies,Vegetable/Fruit,2024,45,269.89,-0.11,-0.28,161,0,273.95,1
Green Chillies,Vegetable/Fruit,2024,46,274.02,1.1,1.15,154,0,274.54,1
Green Chillies,Vegetable/Fruit,2024,47,272.08,-0.59,0.33,147,0,275.07,1
Green Chillies,Vegetable/Fruit,2024,48,272.96,0.83,0.56,140,0,275.33,1
Green Chillies,Vegetable/Fruit,2024,49,276.77,2.55,1.8,133,0,275.07,0
Green Chillies,Vegetable/Fruit,2024,50,276.35,0.85,1.39,126,0,274.64,0
Green Chillies,Vegetable/Fruit,2024,51,274.19,0.78,0.5,119,0,274.96,1
Green Chillies,Vegetable/Fruit,2024,52,274.0,0.38,0.38,112,0,275.17,1
Green Chillies,Vegetable/Fruit,2025,1,275.75,-0.37,0.93,105,0,275.03,0
Green Chillies,Vegetable/Fruit,2025,2,274.6,-0.63,0.39,98,0,275.41,1
Green Chillies,Vegetable/Fruit,2025,3,275.49,0.47,0.59,91,0,274.85,0
Green Chillies,Vegetable/Fruit,2025,4,274.85,0.31,0.32,84,0,274.89,1
Green Chillies,Vegetable/Fruit,2025,5,275.16,-0.21,0.31,77,0,274.12,0
Green Chillies,Vegetable/Fruit,2025,6,276.14,0.56,0.49,70,0,273.73,0
Green Chillies,Vegetable/Fruit,2025,7,273.23,-0.82,-0.55,63,0,273.86,1
Green Chillies,Vegetable/Fruit,2025,8,275.03,0.06,0.02,56,0,274.03,0
Green Chillies,Vegetable/Fruit,2025,9,272.09,-1.11,-1.02,49,0,274.64,1
Green Chillies,Vegetable/Fruit,2025,10,274.58,-0.57,-0.06,42,0,275.88,1
Green Chillies,Vegetable/Fruit,2025,11,273.76,0.19,-0.28,35,0,277.67,1
Green Chillies,Vegetable/Fruit,2025,12,275.7,0.25,0.39,28,0,277.19,1
Green Chillies,Vegetable/Fruit,2025,13,274.52,0.89,-0.06,21,1,276.58,1
Green Chillies,Vegetable/Fruit,2025,14,279.53,1.81,1.66,14,1,275.91,0
Green Chillies,Vegetable/Fruit,2025,15,280.92,2.62,1.98,7,1,273.96,0
Green Chillies,Vegetable/Fruit,2025,16,273.79,-0.69,-0.56,0,1,273.52,0
Green Chillies,Vegetable/Fruit,2025,17,272.09,-0.89,-1.1,358,0,274.14,1
Green Chillies,Vegetable/Fruit,2025,18,276.83,-0.97,0.57,351,0,273.55,0
Green Chillies,Vegetable/Fruit,2025,19,273.13,-2.78,-0.69,344,0,273.53,1
Green Chillies,Vegetable/Fruit,2025,20,272.03,-0.64,-1.05,337,0,274.67,1
Green Chillies,Vegetable/Fruit,2025,21,274.57,0.91,-0.11,330,0,274.51,0
Green Chillies,Vegetable/Fruit,2025,22,274.49,-0.85,-0.21,323,0,273.62,0
Green Chillies,Vegetable/Fruit,2025,23,273.03,-0.04,-0.7,316,0,273.95,1
Green Chillies,Vegetable/Fruit,2025,24,276.58,1.67,0.51,309,0,274.09,0
Green Chillies,Vegetable/Fruit,2025,25,273.94,-0.23,-0.4,302,0,275.07,1
Green Chillies,Vegetable/Fruit,2025,26,270.92,-1.3,-1.4,295,0,276.38,1
Green Chillies,Vegetable/Fruit,2025,27,274.36,0.49,-0.0,288,0,276.77,1
Green Chillies,Vegetable/Fruit,2025,28,277.13,0.2,1.12,281,0,275.54,0
Green Chillies,Vegetable/Fruit,2025,29,277.87,1.43,1.27,274,0,275.14,0
Green Chillies,Vegetable/Fruit,2025,30,276.14,1.93,0.53,267,0,274.91,0
Green Chillies,Vegetable/Fruit,2025,31,275.95,0.58,0.48,260,0,274.92,0
Green Chillies,Vegetable/Fruit,2025,32,272.19,-1.78,-0.86,253,0,275.78,1
Green Chillies,Vegetable/Fruit,2025,33,276.28,-0.57,0.51,246,0,275.98,0
Green Chillies,Vegetable/Fruit,2025,34,275.24,-0.33,0.11,239,0,275.94,1
Green Chillies,Vegetable/Fruit,2025,35,275.98,0.01,0.34,232,0,275.82,0
Green Chillies,Vegetable/Fruit,2025,36,275.63,1.27,0.14,225,0,275.98,1
Green Chillies,Vegetable/Fruit,2025,37,277.08,0.29,0.65,218,0,274.85,0
Green Chillies,Vegetable/Fruit,2025,38,275.05,-0.07,-0.12,211,0,274.25,0
Green Chillies,Vegetable/Fruit,2025,39,275.5,-0.17,-0.08,204,0,274.31,0
Green Chillies,Vegetable/Fruit,2025,40,276.29,0.24,0.15,197,0,273.9,0
Green Chillies,Vegetable/Fruit,2025,41,272.57,-1.63,-1.07,190,0,274.94,1
Green Chillies,Vegetable/Fruit,2025,42,272.65,-0.87,-0.9,183,0,275.9,1
Green Chillies,Vegetable/Fruit,2025,43,275.72,0.08,0.23,176,0,276.12,1
Green Chillies,Vegetable/Fruit,2025,44,274.64,-0.6,-0.13,169,0,276.46,1
Green Chillies,Vegetable/Fruit,2025,45,276.76,1.54,0.52,162,0,276.59,0
Green Chillies,Vegetable/Fruit,2025,46,276.47,1.4,0.41,155,0,276.53,1
Green Chillies,Vegetable/Fruit,2025,47,276.6,0.32,0.41,148,0,275.93,0
Green Chillies,Vegetable/Fruit,2025,48,276.0,0.49,0.2,141,0,276.01,1
Green Chillies,Vegetable/Fruit,2025,49,277.28,0.19,0.61,134,0,275.81,0
Green Chillies,Vegetable/Fruit,2025,50,276.26,-0.08,0.27,127,0,276.3,1
Green Chillies,Vegetable/Fruit,2025,51,274.18,-0.87,-0.46,120,0,276.85,1
Green Chillies,Vegetable/Fruit,2025,52,276.32,0.12,0.29,113,0,275.99,0
Green Chillies,Vegetable/Fruit,2026,1,276.46,-0.3,0.34,106,0,276.18,0
Green Chillies,Vegetable/Fruit,2026,2,278.21,0.71,0.81,99,0,275.32,0
Green Chillies,Vegetable/Fruit,2026,3,276.41,0.81,0.06,92,0,275.63,0
Green Chillies,Vegetable/Fruit,2026,4,272.86,-1.25,-1.15,85,0,276.68,1
Green Chillies,Vegetable/Fruit,2026,5,277.23,0.28,0.36,78,0,276.42,0
Green Chillies,Vegetable/Fruit,2026,6,274.79,-1.23,-0.47,71,0,277.3,1
Green Chillies,Vegetable/Fruit,2026,7,277.63,0.44,0.53,64,0,277.0,0
Green Chillies,Vegetable/Fruit,2026,8,277.08,1.55,0.32,57,0,276.64,0
Green Chillies,Vegetable/Fruit,2026,9,276.19,-0.38,-0.01,50,0,276.72,1
Green Chillies,Vegetable/Fruit,2026,10,278.3,1.28,0.72,43,0,276.42,0
Green Chillies,Vegetable/Fruit,2026,11,276.42,-0.44,0.04,36,0,277.94,1
Green Chillies,Vegetable/Fruit,2026,12,275.65,-0.52,-0.28,29,0,278.27,1
Green Chillies,Vegetable/Fruit,2026,13,276.52,0.12,0.03,22,0,278.19,1
Green Chillies,Vegetable/Fruit,2026,14,277.11,-0.43,0.22,15,1,277.77,1
Green Chillies,Vegetable/Fruit,2026,15,282.5,2.2,2.05,8,1,276.94,0
Green Chillies,Vegetable/Fruit,2026,16,276.94,0.47,0.03,1,1,276.34,0
Green Chillies,Vegetable/Fruit,2026,17,276.22,-0.11,-0.33,359,0,276.27,1
Green Chillies,Vegetable/Fruit,2026,18,275.43,-0.61,-0.56,352,0,275.84,1
Green Chillies,Vegetable/Fruit,2026,19,279.16,-1.18,0.66,345,0,275.41,0
Green Chillies,Vegetable/Fruit,2026,20,274.57,-0.85,-0.91,338,0,275.04,1
Lime,Vegetable/Fruit,2022,24,86.2,0.0,0.0,305,0,92.08,1
Lime,Vegetable/Fruit,2022,25,88.02,0.0,1.05,298,0,94.55,1
Lime,Vegetable/Fruit,2022,26,91.45,0.0,3.27,291,0,96.63,1
Lime,Vegetable/Fruit,2022,27,92.63,0.0,3.41,284,0,99.26,1
Lime,Vegetable/Fruit,2022,28,96.2,11.6,5.83,277,0,101.34,1
Lime,Vegetable/Fruit,2022,29,97.93,11.26,6.37,270,0,103.38,1
Lime,Vegetable/Fruit,2022,30,99.75,9.08,7.06,263,0,105.61,1
Lime,Vegetable/Fruit,2022,31,103.17,11.38,9.27,256,0,107.51,1
Lime,Vegetable/Fruit,2022,32,104.49,8.62,9.37,249,0,109.75,1
Lime,Vegetable/Fruit,2022,33,106.08,8.32,9.82,242,0,112.24,1
Lime,Vegetable/Fruit,2022,34,108.69,8.96,11.26,235,0,114.15,1
Lime,Vegetable/Fruit,2022,35,110.77,7.37,12.13,228,0,115.84,1
Lime,Vegetable/Fruit,2022,36,113.47,8.59,13.57,221,0,117.75,1
Lime,Vegetable/Fruit,2022,37,116.02,9.36,13.51,214,0,119.59,1
Lime,Vegetable/Fruit,2022,38,116.33,7.03,11.45,207,0,121.96,1
Lime,Vegetable/Fruit,2022,39,117.53,6.1,10.47,200,0,124.53,1
Lime,Vegetable/Fruit,2022,40,121.13,6.75,11.55,193,0,126.3,1
Lime,Vegetable/Fruit,2022,41,123.37,6.34,11.47,186,0,128.2,1
Lime,Vegetable/Fruit,2022,42,125.82,8.15,11.52,179,0,130.2,1
Lime,Vegetable/Fruit,2022,43,127.79,8.73,11.14,172,0,131.95,1
Lime,Vegetable/Fruit,2022,44,128.24,5.87,9.7,165,0,133.74,1
Lime,Vegetable/Fruit,2022,45,130.97,6.16,10.11,158,0,135.62,1
Lime,Vegetable/Fruit,2022,46,133.82,6.36,10.53,151,0,137.02,1
Lime,Vegetable/Fruit,2022,47,134.78,5.47,9.51,144,0,138.87,1
Lime,Vegetable/Fruit,2022,48,135.42,5.6,8.35,137,0,141.42,1
Lime,Vegetable/Fruit,2022,49,138.46,5.73,9.12,130,0,142.88,1
Lime,Vegetable/Fruit,2022,50,139.41,4.18,8.33,123,0,145.27,1
Lime,Vegetable/Fruit,2022,51,142.18,5.49,8.8,116,0,146.92,1
Lime,Vegetable/Fruit,2022,52,145.62,7.53,9.61,109,0,148.57,1
Lime,Vegetable/Fruit,2023,1,144.3,4.21,7.18,102,0,150.95,1
Lime,Vegetable/Fruit,2023,2,148.99,6.87,9.07,95,0,152.6,1
Lime,Vegetable/Fruit,2023,3,148.75,4.62,7.51,88,0,154.31,1
Lime,Vegetable/Fruit,2023,4,152.25,4.56,8.56,81,0,156.04,1
Lime,Vegetable/Fruit,2023,5,153.8,6.58,8.15,74,0,157.66,1
Lime,Vegetable/Fruit,2023,6,155.59,4.43,7.97,67,0,158.79,1
Lime,Vegetable/Fruit,2023,7,155.58,4.59,6.72,60,0,159.5,1
Lime,Vegetable/Fruit,2023,8,159.18,4.55,7.8,53,0,159.15,0
Lime,Vegetable/Fruit,2023,9,160.3,4.22,7.17,46,0,159.12,0
Lime,Vegetable/Fruit,2023,10,160.1,2.9,5.86,39,0,158.94,0
Lime,Vegetable/Fruit,2023,11,158.44,1.84,3.76,32,0,159.8,1
Lime,Vegetable/Fruit,2023,12,157.77,-0.88,2.52,25,0,159.79,1
Lime,Vegetable/Fruit,2023,13,160.17,-0.08,3.32,18,1,158.93,0
Lime,Vegetable/Fruit,2023,14,159.36,-0.46,2.04,11,1,157.96,0
Lime,Vegetable/Fruit,2023,15,161.91,2.19,3.02,4,1,156.24,0
Lime,Vegetable/Fruit,2023,16,157.72,-0.03,-0.09,363,0,155.13,0
Lime,Vegetable/Fruit,2023,17,156.73,-2.15,-0.93,356,0,154.8,0
Lime,Vegetable/Fruit,2023,18,155.48,-2.44,-1.8,349,0,154.53,0
Lime,Vegetable/Fruit,2023,19,155.02,-4.26,-2.07,342,0,154.25,0
Lime,Vegetable/Fruit,2023,20,153.29,-2.81,-3.05,335,0,153.73,1
Lime,Vegetable/Fruit,2023,21,155.4,-0.85,-1.53,328,0,153.35,0
Lime,Vegetable/Fruit,2023,22,154.39,-0.7,-1.89,321,0,152.85,0
Lime,Vegetable/Fruit,2023,23,153.9,-0.72,-1.91,314,0,152.35,0
Lime,Vegetable/Fruit,2023,24,151.24,-1.34,-3.26,307,0,152.88,1
Lime,Vegetable/Fruit,2023,25,153.86,-1.0,-1.4,300,0,152.52,0
Lime,Vegetable/Fruit,2023,26,152.41,-1.29,-1.95,293,0,151.76,0
Lime,Vegetable/Fruit,2023,27,151.89,-1.31,-1.92,286,0,151.24,0
Lime,Vegetable/Fruit,2023,28,153.36,1.41,-0.55,279,0,150.16,0
Lime,Vegetable/Fruit,2023,29,152.43,-0.93,-0.89,272,0,149.58,0
Lime,Vegetable/Fruit,2023,30,149.37,-1.99,-2.52,265,0,149.16,0
Lime,Vegetable/Fruit,2023,31,149.8,-1.38,-1.96,258,0,148.87,0
Lime,Vegetable/Fruit,2023,32,149.04,-2.82,-2.16,251,0,148.84,0
Lime,Vegetable/Fruit,2023,33,150.13,-1.51,-1.29,244,0,148.09,0
Lime,Vegetable/Fruit,2023,34,147.66,-1.15,-2.53,237,0,147.86,1
Lime,Vegetable/Fruit,2023,35,148.66,-0.76,-1.59,230,0,147.48,0
Lime,Vegetable/Fruit,2023,36,148.93,-0.08,-1.16,223,0,146.92,0
Lime,Vegetable/Fruit,2023,37,147.13,-2.0,-2.15,216,0,146.56,0
Lime,Vegetable/Fruit,2023,38,146.74,-0.62,-2.05,209,0,146.01,0
Lime,Vegetable/Fruit,2023,39,147.14,-1.02,-1.52,202,0,145.32,0
Lime,Vegetable/Fruit,2023,40,146.67,-1.52,-1.57,195,0,144.41,0
Lime,Vegetable/Fruit,2023,41,145.7,-0.97,-1.83,188,0,143.92,0
Lime,Vegetable/Fruit,2023,42,144.51,-1.52,-2.23,181,0,143.23,0
Lime,Vegetable/Fruit,2023,43,144.39,-1.87,-2.05,174,0,142.81,0
Lime,Vegetable/Fruit,2023,44,143.02,-2.49,-2.64,167,0,142.72,0
Lime,Vegetable/Fruit,2023,45,143.75,-1.34,-1.87,160,0,142.1,0
Lime,Vegetable/Fruit,2023,46,141.75,-1.91,-2.81,153,0,142.39,1
Lime,Vegetable/Fruit,2023,47,142.72,-1.16,-1.89,146,0,141.87,0
Lime,Vegetable/Fruit,2023,48,142.64,-0.27,-1.63,139,0,141.35,0
Lime,Vegetable/Fruit,2023,49,141.27,-1.73,-2.18,132,0,141.43,1
Lime,Vegetable/Fruit,2023,50,142.93,0.83,-0.81,125,0,140.6,0
Lime,Vegetable/Fruit,2023,51,140.65,-1.45,-2.08,118,0,140.37,0
Lime,Vegetable/Fruit,2023,52,140.57,-1.45,-1.78,111,0,140.37,0
Lime,Vegetable/Fruit,2024,1,141.59,0.23,-0.8,104,0,140.15,0
Lime,Vegetable/Fruit,2024,2,139.61,-2.33,-1.87,97,0,139.97,1
Lime,Vegetable/Fruit,2024,3,139.71,-0.67,-1.54,90,0,139.84,1
Lime,Vegetable/Fruit,2024,4,140.58,0.0,-0.72,83,0,139.32,0
Lime,Vegetable/Fruit,2024,5,140.69,-0.63,-0.52,76,0,139.32,0
Lime,Vegetable/Fruit,2024,6,138.91,-0.5,-1.51,69,0,139.53,1
Lime,Vegetable/Fruit,2024,7,139.18,-0.38,-1.19,62,0,139.77,1
Lime,Vegetable/Fruit,2024,8,138.49,-1.48,-1.45,55,0,139.94,1
Lime,Vegetable/Fruit,2024,9,140.71,0.01,0.24,48,0,139.06,0
Lime,Vegetable/Fruit,2024,10,139.75,0.6,-0.36,41,0,139.28,0
Lime,Vegetable/Fruit,2024,11,140.15,0.7,0.08,34,0,139.95,0
Lime,Vegetable/Fruit,2024,12,139.15,0.47,-0.56,27,0,139.94,1
Lime,Vegetable/Fruit,2024,13,137.2,-2.49,-1.77,20,1,140.27,1
Lime,Vegetable/Fruit,2024,14,140.64,0.64,0.75,13,1,140.05,0
Lime,Vegetable/Fruit,2024,15,142.81,1.89,2.12,6,1,138.5,0
Lime,Vegetable/Fruit,2024,16,139.11,-0.03,-0.49,364,0,138.42,0
Lime,Vegetable/Fruit,2024,17,138.52,0.96,-0.8,357,0,138.42,0
Lime,Vegetable/Fruit,2024,18,139.76,-0.62,0.14,350,0,138.09,0
Lime,Vegetable/Fruit,2024,19,136.62,-4.33,-1.99,343,0,138.79,1
Lime,Vegetable/Fruit,2024,20,138.78,-0.23,-0.41,336,0,138.7,0
Lime,Vegetable/Fruit,2024,21,138.52,-0.0,-0.6,329,0,138.56,1
Lime,Vegetable/Fruit,2024,22,138.44,-0.95,-0.54,322,0,138.85,1
Lime,Vegetable/Fruit,2024,23,139.4,2.04,0.17,315,0,138.97,0
Lime,Vegetable/Fruit,2024,24,138.44,-0.25,-0.43,308,0,138.97,1
Lime,Vegetable/Fruit,2024,25,137.97,-0.4,-0.7,301,0,138.94,1
Lime,Vegetable/Fruit,2024,26,139.58,0.82,0.33,294,0,138.73,0
Lime,Vegetable/Fruit,2024,27,139.88,0.34,0.59,287,0,138.2,0
Lime,Vegetable/Fruit,2024,28,138.45,0.01,-0.2,280,0,138.52,1
Lime,Vegetable/Fruit,2024,29,137.84,-0.09,-0.57,273,0,138.93,1
Lime,Vegetable/Fruit,2024,30,138.73,-0.61,0.06,266,0,139.22,1
Lime,Vegetable/Fruit,2024,31,137.78,-1.5,-0.51,259,0,139.8,1
Lime,Vegetable/Fruit,2024,32,139.74,0.93,0.72,252,0,140.29,1
Lime,Vegetable/Fruit,2024,33,139.47,1.18,0.49,245,0,140.5,1
Lime,Vegetable/Fruit,2024,34,139.88,0.83,0.71,238,0,140.35,1
Lime,Vegetable/Fruit,2024,35,140.1,1.68,0.78,231,0,140.17,1
Lime,Vegetable/Fruit,2024,36,141.71,1.41,1.8,224,0,139.68,0
Lime,Vegetable/Fruit,2024,37,140.29,0.59,0.68,217,0,139.8,0
Lime,Vegetable/Fruit,2024,38,139.31,-0.41,-0.1,210,0,139.86,1
Lime,Vegetable/Fruit,2024,39,139.36,-0.53,-0.05,203,0,140.25,1
Lime,Vegetable/Fruit,2024,40,139.76,-1.38,0.25,196,0,140.24,1
Lime,Vegetable/Fruit,2024,41,140.76,0.33,0.83,189,0,139.86,0
Lime,Vegetable/Fruit,2024,42,139.56,0.18,-0.12,182,0,140.18,1
Lime,Vegetable/Fruit,2024,43,140.94,1.13,0.75,175,0,139.99,0
Lime,Vegetable/Fruit,2024,44,139.71,-0.04,-0.24,168,0,140.42,1
Lime,Vegetable/Fruit,2024,45,139.24,-1.08,-0.55,161,0,140.89,1
Lime,Vegetable/Fruit,2024,46,140.83,0.91,0.52,154,0,141.32,1
Lime,Vegetable/Fruit,2024,47,140.18,-0.54,0.03,147,0,141.36,1
Lime,Vegetable/Fruit,2024,48,141.44,1.24,0.86,140,0,141.36,0
Lime,Vegetable/Fruit,2024,49,141.11,1.34,0.65,133,0,141.58,1
Lime,Vegetable/Fruit,2024,50,142.54,1.21,1.55,126,0,141.2,0
Lime,Vegetable/Fruit,2024,51,140.34,0.11,-0.08,119,0,141.58,1
Lime,Vegetable/Fruit,2024,52,141.44,0.0,0.6,112,0,141.4,0
Lime,Vegetable/Fruit,2025,1,142.0,0.63,0.87,105,0,141.31,0
Lime,Vegetable/Fruit,2025,2,141.03,-1.06,0.16,98,0,141.38,1
Lime,Vegetable/Fruit,2025,3,141.85,1.08,0.62,91,0,141.6,0
Lime,Vegetable/Fruit,2025,4,140.72,-0.51,-0.17,84,0,141.27,1
Lime,Vegetable/Fruit,2025,5,141.64,-0.25,0.38,77,0,140.97,0
Lime,Vegetable/Fruit,2025,6,141.29,0.19,0.02,70,0,140.7,0
Lime,Vegetable/Fruit,2025,7,142.73,0.62,0.94,63,0,140.13,0
Lime,Vegetable/Fruit,2025,8,139.42,-0.92,-1.36,56,0,140.93,1
Lime,Vegetable/Fruit,2025,9,140.43,-0.85,-0.6,49,0,141.4,1
Lime,Vegetable/Fruit,2025,10,140.22,-0.76,-0.69,42,0,141.87,1
Lime,Vegetable/Fruit,2025,11,140.44,-1.61,-0.43,35,0,142.8,1
Lime,Vegetable/Fruit,2025,12,142.64,2.31,1.01,28,0,142.51,0
Lime,Vegetable/Fruit,2025,13,142.31,1.34,0.72,21,1,142.26,0
Lime,Vegetable/Fruit,2025,14,142.08,1.32,0.56,14,1,141.84,0
Lime,Vegetable/Fruit,2025,15,144.17,2.66,1.86,7,1,141.25,0
Lime,Vegetable/Fruit,2025,16,141.5,-0.8,-0.01,0,1,140.87,0
Lime,Vegetable/Fruit,2025,17,141.3,-0.71,-0.18,358,0,140.79,0
Lime,Vegetable/Fruit,2025,18,140.4,-1.18,-0.74,351,0,141.38,1
Lime,Vegetable/Fruit,2025,19,141.82,-1.63,0.23,344,0,141.24,0
Lime,Vegetable/Fruit,2025,20,139.97,-1.08,-0.93,337,0,142.07,1
Lime,Vegetable/Fruit,2025,21,140.98,-0.22,-0.3,330,0,142.43,1
Lime,Vegetable/Fruit,2025,22,142.76,1.68,0.83,323,0,141.98,0
Lime,Vegetable/Fruit,2025,23,141.26,-0.39,-0.28,316,0,142.5,1
Lime,Vegetable/Fruit,2025,24,143.28,2.37,0.99,309,0,141.67,0
Lime,Vegetable/Fruit,2025,25,142.41,1.02,0.39,302,0,141.67,0
Lime,Vegetable/Fruit,2025,26,140.96,-1.26,-0.56,295,0,141.74,1
Lime,Vegetable/Fruit,2025,27,143.32,1.46,1.03,288,0,141.49,0
Lime,Vegetable/Fruit,2025,28,139.98,-2.3,-1.1,281,0,142.05,1
Lime,Vegetable/Fruit,2025,29,142.42,0.0,0.57,274,0,142.09,0
Lime,Vegetable/Fruit,2025,30,141.22,0.18,-0.27,267,0,142.0,1
Lime,Vegetable/Fruit,2025,31,142.33,-0.69,0.41,260,0,141.83,0
Lime,Vegetable/Fruit,2025,32,142.24,1.61,0.32,253,0,142.03,0
Lime,Vegetable/Fruit,2025,33,142.59,0.12,0.43,246,0,141.76,0
Lime,Vegetable/Fruit,2025,34,140.84,-0.27,-0.8,239,0,141.89,1
Lime,Vegetable/Fruit,2025,35,141.67,-0.46,-0.15,232,0,141.94,1
Lime,Vegetable/Fruit,2025,36,143.01,0.54,0.7,225,0,141.8,0
Lime,Vegetable/Fruit,2025,37,141.5,-0.76,-0.27,218,0,141.91,1
Lime,Vegetable/Fruit,2025,38,141.38,0.38,-0.3,211,0,142.42,1
Lime,Vegetable/Fruit,2025,39,141.86,0.14,-0.01,204,0,142.62,1
Lime,Vegetable/Fruit,2025,40,142.47,-0.38,0.47,197,0,142.71,1
Lime,Vegetable/Fruit,2025,41,141.91,0.29,-0.03,190,0,142.55,1
Lime,Vegetable/Fruit,2025,42,143.44,1.46,0.99,183,0,142.19,0
Lime,Vegetable/Fruit,2025,43,142.64,0.55,0.35,176,0,141.79,0
Lime,Vegetable/Fruit,2025,44,142.83,0.25,0.45,169,0,141.87,0
Lime,Vegetable/Fruit,2025,45,141.27,-0.45,-0.59,162,0,142.22,1
Lime,Vegetable/Fruit,2025,46,142.02,-0.99,-0.03,155,0,142.2,1
Lime,Vegetable/Fruit,2025,47,141.04,-1.12,-0.73,148,0,142.46,1
Lime,Vegetable/Fruit,2025,48,143.14,0.22,0.67,141,0,142.12,0
Lime,Vegetable/Fruit,2025,49,142.69,1.0,0.36,134,0,142.16,0
Lime,Vegetable/Fruit,2025,50,141.95,-0.05,-0.18,127,0,141.96,1
Lime,Vegetable/Fruit,2025,51,142.05,0.71,-0.15,120,0,142.01,0
Lime,Vegetable/Fruit,2025,52,141.79,-0.95,-0.33,113,0,142.06,1
Lime,Vegetable/Fruit,2026,1,142.87,0.13,0.41,106,0,141.77,0
Lime,Vegetable/Fruit,2026,2,141.16,-0.56,-0.75,99,0,141.94,1
Lime,Vegetable/Fruit,2026,3,142.22,0.12,0.06,92,0,142.32,1
Lime,Vegetable/Fruit,2026,4,141.99,0.15,-0.06,85,0,142.45,1
Lime,Vegetable/Fruit,2026,5,141.7,-0.82,-0.2,78,0,142.82,1
Lime,Vegetable/Fruit,2026,6,141.85,0.49,-0.13,71,0,143.02,1
Lime,Vegetable/Fruit,2026,7,143.73,1.06,1.1,64,0,142.5,0
Lime,Vegetable/Fruit,2026,8,142.53,0.38,0.17,57,0,142.51,0
Lime,Vegetable/Fruit,2026,9,143.18,1.04,0.63,50,0,142.4,0
Lime,Vegetable/Fruit,2026,10,142.65,0.57,0.26,43,0,142.93,1
Lime,Vegetable/Fruit,2026,11,141.62,-1.47,-0.45,36,0,144.13,1
Lime,Vegetable/Fruit,2026,12,142.58,0.03,0.2,29,0,144.74,1
Lime,Vegetable/Fruit,2026,13,142.74,-0.31,0.26,22,0,144.48,1
Lime,Vegetable/Fruit,2026,14,144.77,1.49,1.58,15,1,144.22,0
Lime,Vegetable/Fruit,2026,15,146.44,3.41,2.46,8,1,142.89,0
Lime,Vegetable/Fruit,2026,16,145.0,1.7,1.3,1,1,142.32,0
Lime,Vegetable/Fruit,2026,17,141.72,-0.71,-0.98,359,0,142.55,1
Lime,Vegetable/Fruit,2026,18,143.73,-0.72,0.32,352,0,142.46,0
Lime,Vegetable/Fruit,2026,19,141.12,-3.63,-1.46,345,0,142.76,1
Lime,Vegetable/Fruit,2026,20,142.72,-1.57,-0.29,338,0,142.02,0
Cucumber,Vegetable/Fruit,2022,24,51.87,0.0,0.0,305,0,54.96,1
Cucumber,Vegetable/Fruit,2022,25,52.9,0.0,0.99,298,0,56.29,1
Cucumber,Vegetable/Fruit,2022,26,54.6,0.0,2.79,291,0,57.45,1
Cucumber,Vegetable/Fruit,2022,27,55.34,0.0,3.09,284,0,58.85,1
Cucumber,Vegetable/Fruit,2022,28,57.0,9.9,4.9,277,0,60.28,1
Cucumber,Vegetable/Fruit,2022,29,58.22,10.06,5.88,270,0,61.62,1
Cucumber,Vegetable/Fruit,2022,30,59.22,8.45,6.52,263,0,63.08,1
Cucumber,Vegetable/Fruit,2022,31,60.96,10.16,8.34,256,0,64.49,1
Cucumber,Vegetable/Fruit,2022,32,62.71,10.0,10.05,249,0,65.67,1
Cucumber,Vegetable/Fruit,2022,33,63.58,9.21,10.31,242,0,66.79,1
Cucumber,Vegetable/Fruit,2022,34,65.09,9.91,11.61,235,0,67.93,1
Cucumber,Vegetable/Fruit,2022,35,66.6,9.25,12.86,228,0,69.14,1
Cucumber,Vegetable/Fruit,2022,36,67.4,7.48,12.99,221,0,70.38,1
Cucumber,Vegetable/Fruit,2022,37,68.07,7.06,11.78,214,0,71.71,1
Cucumber,Vegetable/Fruit,2022,38,69.64,6.99,11.98,207,0,73.0,1
Cucumber,Vegetable/Fruit,2022,39,71.44,7.28,12.54,200,0,73.97,1
Cucumber,Vegetable/Fruit,2022,40,72.36,7.36,11.68,193,0,74.93,1
Cucumber,Vegetable/Fruit,2022,41,73.4,7.83,11.13,186,0,76.07,1
Cucumber,Vegetable/Fruit,2022,42,74.79,7.4,11.08,179,0,77.31,1
Cucumber,Vegetable/Fruit,2022,43,75.33,5.44,9.87,172,0,78.45,1
Cucumber,Vegetable/Fruit,2022,44,76.21,5.32,9.27,165,0,79.69,1
Cucumber,Vegetable/Fruit,2022,45,77.96,6.2,9.93,158,0,80.94,1
Cucumber,Vegetable/Fruit,2022,46,79.74,6.62,10.51,151,0,82.13,1
Cucumber,Vegetable/Fruit,2022,47,79.89,6.04,8.99,144,0,83.5,1
Cucumber,Vegetable/Fruit,2022,48,81.18,6.52,9.09,137,0,84.86,1
Cucumber,Vegetable/Fruit,2022,49,82.94,6.39,9.69,130,0,86.02,1
Cucumber,Vegetable/Fruit,2022,50,84.5,5.97,9.92,123,0,86.77,1
Cucumber,Vegetable/Fruit,2022,51,85.37,6.87,9.33,116,0,87.56,1
Cucumber,Vegetable/Fruit,2022,52,86.64,6.73,9.32,109,0,88.45,1
Cucumber,Vegetable/Fruit,2023,1,87.57,5.58,8.88,102,0,89.32,1
Cucumber,Vegetable/Fruit,2023,2,87.52,3.57,7.37,95,0,90.8,1
Cucumber,Vegetable/Fruit,2023,3,88.52,3.69,7.21,88,0,92.28,1
Cucumber,Vegetable/Fruit,2023,4,90.19,4.1,7.75,81,0,93.46,1
Cucumber,Vegetable/Fruit,2023,5,91.06,3.98,7.31,74,0,94.42,1
Cucumber,Vegetable/Fruit,2023,6,93.42,6.75,8.58,67,0,94.94,1
Cucumber,Vegetable/Fruit,2023,7,94.45,6.7,8.35,60,0,95.06,1
Cucumber,Vegetable/Fruit,2023,8,94.9,5.22,7.45,53,0,94.63,0
Cucumber,Vegetable/Fruit,2023,9,94.91,4.23,6.18,46,0,94.53,0
Cucumber,Vegetable/Fruit,2023,10,95.48,2.21,5.68,39,0,94.49,0
Cucumber,Vegetable/Fruit,2023,11,94.93,0.51,4.14,32,0,94.66,0
Cucumber,Vegetable/Fruit,2023,12,93.21,-1.79,1.58,25,0,94.9,1
Cucumber,Vegetable/Fruit,2023,13,94.5,-0.43,2.32,18,1,94.36,0
Cucumber,Vegetable/Fruit,2023,14,95.34,-0.15,2.57,11,1,93.69,0
Cucumber,Vegetable/Fruit,2023,15,95.6,0.7,2.16,4,1,92.93,0
Cucumber,Vegetable/Fruit,2023,16,94.15,1.01,0.15,363,0,92.76,0
Cucumber,Vegetable/Fruit,2023,17,92.35,-2.27,-1.94,356,0,92.66,1
Cucumber,Vegetable/Fruit,2023,18,92.66,-2.81,-1.74,349,0,92.48,0
Cucumber,Vegetable/Fruit,2023,19,92.58,-3.16,-1.76,342,0,92.18,0
Cucumber,Vegetable/Fruit,2023,20,93.46,-0.73,-0.74,335,0,91.83,0
Cucumber,Vegetable/Fruit,2023,21,91.96,-0.42,-2.1,328,0,91.66,0
Cucumber,Vegetable/Fruit,2023,22,91.92,-0.8,-1.9,321,0,91.54,0
Cucumber,Vegetable/Fruit,2023,23,91.39,-1.28,-2.14,314,0,91.35,0
Cucumber,Vegetable/Fruit,2023,24,92.04,-1.51,-1.2,307,0,90.98,0
Cucumber,Vegetable/Fruit,2023,25,91.28,-0.74,-1.87,300,0,90.52,0
Cucumber,Vegetable/Fruit,2023,26,91.44,-0.53,-1.45,293,0,90.12,0
Cucumber,Vegetable/Fruit,2023,27,90.64,-0.83,-1.93,286,0,89.66,0
Cucumber,Vegetable/Fruit,2023,28,90.55,-1.62,-1.61,279,0,89.49,0
Cucumber,Vegetable/Fruit,2023,29,89.47,-1.99,-2.41,272,0,89.25,0
Cucumber,Vegetable/Fruit,2023,30,89.82,-1.77,-1.81,265,0,88.76,0
Cucumber,Vegetable/Fruit,2023,31,88.79,-2.04,-2.62,258,0,88.77,0
Cucumber,Vegetable/Fruit,2023,32,89.9,-0.73,-1.18,251,0,88.36,0
Cucumber,Vegetable/Fruit,2023,33,88.48,-1.1,-2.33,244,0,87.98,0
Cucumber,Vegetable/Fruit,2023,34,87.88,-2.16,-2.66,237,0,87.65,0
Cucumber,Vegetable/Fruit,2023,35,88.8,0.01,-1.37,230,0,87.26,0
Cucumber,Vegetable/Fruit,2023,36,88.3,-1.78,-1.67,223,0,86.6,0
Cucumber,Vegetable/Fruit,2023,37,86.93,-1.76,-2.77,216,0,86.75,0
Cucumber,Vegetable/Fruit,2023,38,86.58,-1.48,-2.76,209,0,86.64,1
Cucumber,Vegetable/Fruit,2023,39,87.22,-1.77,-1.69,202,0,86.22,0
Cucumber,Vegetable/Fruit,2023,40,85.66,-2.98,-3.03,195,0,86.27,1
Cucumber,Vegetable/Fruit,2023,41,87.52,0.68,-0.67,188,0,85.81,0
Cucumber,Vegetable/Fruit,2023,42,86.15,-0.5,-1.93,181,0,85.63,0
Cucumber,Vegetable/Fruit,2023,43,85.56,-1.91,-2.24,174,0,85.67,1
Cucumber,Vegetable/Fruit,2023,44,85.85,0.22,-1.65,167,0,85.47,0
Cucumber,Vegetable/Fruit,2023,45,85.66,-2.12,-1.5,160,0,85.12,0
Cucumber,Vegetable/Fruit,2023,46,85.44,-0.82,-1.49,153,0,84.65,0
Cucumber,Vegetable/Fruit,2023,47,85.72,0.19,-0.98,146,0,84.1,0
Cucumber,Vegetable/Fruit,2023,48,85.05,-0.94,-1.43,139,0,83.46,0
Cucumber,Vegetable/Fruit,2023,49,84.29,-1.61,-1.96,132,0,83.16,0
Cucumber,Vegetable/Fruit,2023,50,83.55,-2.22,-2.52,125,0,82.9,0
Cucumber,Vegetable/Fruit,2023,51,83.51,-2.58,-2.3,118,0,82.94,0
Cucumber,Vegetable/Fruit,2023,52,82.47,-3.03,-3.1,111,0,83.09,1
Cucumber,Vegetable/Fruit,2024,1,83.09,-1.43,-2.15,104,0,83.2,1
Cucumber,Vegetable/Fruit,2024,2,82.53,-1.22,-2.37,97,0,83.22,1
Cucumber,Vegetable/Fruit,2024,3,83.66,0.18,-0.8,90,0,82.99,0
Cucumber,Vegetable/Fruit,2024,4,83.09,0.74,-1.26,83,0,82.83,0
Cucumber,Vegetable/Fruit,2024,5,83.51,0.52,-0.54,76,0,82.46,0
Cucumber,Vegetable/Fruit,2024,6,82.6,0.09,-1.35,69,0,82.53,0
Cucumber,Vegetable/Fruit,2024,7,82.77,-1.07,-0.91,62,0,82.6,0
Cucumber,Vegetable/Fruit,2024,8,82.43,-0.79,-1.01,55,0,82.46,1
Cucumber,Vegetable/Fruit,2024,9,82.05,-1.76,-1.2,48,0,82.63,1
Cucumber,Vegetable/Fruit,2024,10,82.87,0.32,-0.08,41,0,82.71,0
Cucumber,Vegetable/Fruit,2024,11,83.06,0.36,0.2,34,0,83.08,1
Cucumber,Vegetable/Fruit,2024,12,81.87,-0.68,-1.08,27,0,83.13,1
Cucumber,Vegetable/Fruit,2024,13,82.71,0.81,-0.09,20,1,82.91,1
Cucumber,Vegetable/Fruit,2024,14,83.21,0.41,0.5,13,1,82.65,0
Cucumber,Vegetable/Fruit,2024,15,84.53,1.76,1.9,6,1,82.21,0
Cucumber,Vegetable/Fruit,2024,16,82.06,0.23,-0.93,364,0,82.32,1
Cucumber,Vegetable/Fruit,2024,17,81.86,-1.03,-1.06,357,0,82.4,1
Cucumber,Vegetable/Fruit,2024,18,82.15,-1.27,-0.58,350,0,82.46,1
Cucumber,Vegetable/Fruit,2024,19,82.76,-2.1,0.14,343,0,82.46,0
Cucumber,Vegetable/Fruit,2024,20,82.5,0.54,-0.14,336,0,82.38,0
Cucumber,Vegetable/Fruit,2024,21,82.18,0.39,-0.51,329,0,82.54,1
Cucumber,Vegetable/Fruit,2024,22,82.42,0.33,-0.25,322,0,82.61,1
Cucumber,Vegetable/Fruit,2024,23,82.72,-0.04,0.12,315,0,82.49,0
Cucumber,Vegetable/Fruit,2024,24,82.18,-0.39,-0.44,308,0,82.62,1
Cucumber,Vegetable/Fruit,2024,25,82.84,0.8,0.26,301,0,82.77,0
Cucumber,Vegetable/Fruit,2024,26,82.72,0.36,0.11,294,0,82.76,1
Cucumber,Vegetable/Fruit,2024,27,82.22,-0.61,-0.4,287,0,82.88,1
Cucumber,Vegetable/Fruit,2024,28,82.72,0.66,0.38,280,0,82.84,1
Cucumber,Vegetable/Fruit,2024,29,83.42,0.7,1.1,273,0,82.64,0
Cucumber,Vegetable/Fruit,2024,30,82.67,-0.06,0.11,266,0,82.91,1
Cucumber,Vegetable/Fruit,2024,31,82.71,0.6,0.11,259,0,82.87,1
Cucumber,Vegetable/Fruit,2024,32,82.56,-0.2,-0.06,252,0,83.23,1
Cucumber,Vegetable/Fruit,2024,33,82.62,-0.96,0.0,245,0,83.49,1
Cucumber,Vegetable/Fruit,2024,34,83.76,1.32,1.24,238,0,83.43,0
Cucumber,Vegetable/Fruit,2024,35,82.55,-0.2,-0.24,231,0,83.59,1
Cucumber,Vegetable/Fruit,2024,36,84.0,1.75,1.4,224,0,83.52,0
Cucumber,Vegetable/Fruit,2024,37,83.64,1.23,0.82,217,0,83.3,0
Cucumber,Vegetable/Fruit,2024,38,83.52,-0.3,0.61,210,0,83.44,0
Cucumber,Vegetable/Fruit,2024,39,83.2,0.79,0.19,203,0,83.5,1
Cucumber,Vegetable/Fruit,2024,40,83.71,-0.35,0.66,196,0,83.37,0
Cucumber,Vegetable/Fruit,2024,41,82.76,-1.04,-0.48,189,0,83.61,1
Cucumber,Vegetable/Fruit,2024,42,84.09,0.68,1.05,182,0,83.35,0
Cucumber,Vegetable/Fruit,2024,43,83.43,0.27,0.19,175,0,83.58,1
Cucumber,Vegetable/Fruit,2024,44,83.2,-0.61,-0.13,168,0,83.82,1
Cucumber,Vegetable/Fruit,2024,45,83.74,1.18,0.4,161,0,83.73,0
Cucumber,Vegetable/Fruit,2024,46,83.02,-1.27,-0.49,154,0,83.77,1
Cucumber,Vegetable/Fruit,2024,47,84.35,1.1,1.04,147,0,83.48,0
Cucumber,Vegetable/Fruit,2024,48,84.16,1.16,0.67,140,0,83.28,0
Cucumber,Vegetable/Fruit,2024,49,83.4,-0.4,-0.18,133,0,83.41,1
Cucumber,Vegetable/Fruit,2024,50,83.15,0.15,-0.44,126,0,83.62,1
Cucumber,Vegetable/Fruit,2024,51,83.22,-1.33,-0.33,119,0,84.02,1
Cucumber,Vegetable/Fruit,2024,52,83.33,-0.98,-0.2,112,0,84.27,1
Cucumber,Vegetable/Fruit,2025,1,83.92,0.63,0.48,105,0,84.29,1
Cucumber,Vegetable/Fruit,2025,2,84.01,1.04,0.47,98,0,84.37,1
Cucumber,Vegetable/Fruit,2025,3,84.81,1.9,1.36,91,0,84.06,0
Cucumber,Vegetable/Fruit,2025,4,84.33,1.19,0.7,84,0,84.02,0
Cucumber,Vegetable/Fruit,2025,5,84.03,0.12,0.26,77,0,84.11,1
Cucumber,Vegetable/Fruit,2025,6,84.31,0.36,0.55,70,0,83.95,0
Cucumber,Vegetable/Fruit,2025,7,83.57,-1.46,-0.39,63,0,84.08,1
Cucumber,Vegetable/Fruit,2025,8,84.17,-0.18,0.35,56,0,84.18,1
Cucumber,Vegetable/Fruit,2025,9,84.39,0.44,0.59,49,0,84.07,0
Cucumber,Vegetable/Fruit,2025,10,83.66,-0.77,-0.3,42,0,84.27,1
Cucumber,Vegetable/Fruit,2025,11,84.07,0.61,0.1,35,0,84.71,1
Cucumber,Vegetable/Fruit,2025,12,84.58,0.48,0.58,28,0,84.5,0
Cucumber,Vegetable/Fruit,2025,13,83.96,-0.52,-0.21,21,1,84.77,1
Cucumber,Vegetable/Fruit,2025,14,84.46,0.95,0.33,14,1,84.69,1
Cucumber,Vegetable/Fruit,2025,15,85.84,2.1,1.8,7,1,84.47,0
Cucumber,Vegetable/Fruit,2025,16,83.75,-0.98,-0.58,0,1,84.54,1
Cucumber,Vegetable/Fruit,2025,17,85.03,1.28,0.87,358,0,84.33,0
Cucumber,Vegetable/Fruit,2025,18,84.13,-0.39,-0.2,351,0,84.46,1
Cucumber,Vegetable/Fruit,2025,19,84.98,-1.0,0.74,344,0,84.3,0
Cucumber,Vegetable/Fruit,2025,20,84.02,0.32,-0.44,337,0,84.34,1
Cucumber,Vegetable/Fruit,2025,21,84.17,-1.01,-0.26,330,0,84.41,1
Cucumber,Vegetable/Fruit,2025,22,84.67,0.65,0.31,323,0,84.13,0
Cucumber,Vegetable/Fruit,2025,23,84.35,-0.74,-0.14,316,0,83.89,0
Cucumber,Vegetable/Fruit,2025,24,84.18,0.19,-0.35,309,0,83.92,0
Cucumber,Vegetable/Fruit,2025,25,84.45,0.33,-0.01,302,0,83.87,0
Cucumber,Vegetable/Fruit,2025,26,83.53,-1.36,-1.07,295,0,84.05,1
Cucumber,Vegetable/Fruit,2025,27,83.42,-1.1,-1.1,288,0,84.29,1
Cucumber,Vegetable/Fruit,2025,28,84.28,0.12,0.06,281,0,84.3,1
Cucumber,Vegetable/Fruit,2025,29,84.25,-0.24,-0.02,274,0,84.22,0
Cucumber,Vegetable/Fruit,2025,30,84.25,0.87,0.06,267,0,84.26,1
Cucumber,Vegetable/Fruit,2025,31,84.39,1.16,0.19,260,0,84.4,1
Cucumber,Vegetable/Fruit,2025,32,84.31,0.03,0.16,253,0,84.72,1
Cucumber,Vegetable/Fruit,2025,33,83.91,-0.4,-0.3,246,0,84.78,1
Cucumber,Vegetable/Fruit,2025,34,84.42,0.2,0.28,239,0,84.84,1
Cucumber,Vegetable/Fruit,2025,35,84.94,0.65,0.87,232,0,84.61,0
Cucumber,Vegetable/Fruit,2025,36,85.62,1.55,1.56,225,0,84.19,0
Cucumber,Vegetable/Fruit,2025,37,84.14,0.27,-0.19,218,0,84.25,1
Cucumber,Vegetable/Fruit,2025,38,84.66,0.28,0.41,211,0,84.35,0
Cucumber,Vegetable/Fruit,2025,39,84.04,-1.06,-0.38,204,0,84.8,1
Cucumber,Vegetable/Fruit,2025,40,83.93,-1.97,-0.55,197,0,84.68,1
Cucumber,Vegetable/Fruit,2025,41,84.37,0.28,-0.03,190,0,84.72,1
Cucumber,Vegetable/Fruit,2025,42,85.08,0.49,0.72,183,0,84.7,0
Cucumber,Vegetable/Fruit,2025,43,85.8,2.1,1.44,176,0,84.43,0
Cucumber,Vegetable/Fruit,2025,44,83.46,-0.56,-1.24,169,0,84.63,1
Cucumber,Vegetable/Fruit,2025,45,84.56,0.22,0.03,162,0,84.48,0
Cucumber,Vegetable/Fruit,2025,46,84.99,-0.1,0.45,155,0,84.45,0
Cucumber,Vegetable/Fruit,2025,47,84.69,-1.3,0.06,148,0,84.51,0
Cucumber,Vegetable/Fruit,2025,48,84.29,1.0,-0.35,141,0,84.44,1
Cucumber,Vegetable/Fruit,2025,49,83.94,-0.73,-0.61,134,0,84.75,1
Cucumber,Vegetable/Fruit,2025,50,84.88,-0.13,0.43,127,0,84.8,0
Cucumber,Vegetable/Fruit,2025,51,84.92,0.28,0.46,120,0,84.75,0
Cucumber,Vegetable/Fruit,2025,52,84.02,-0.32,-0.6,113,0,84.92,1
Cucumber,Vegetable/Fruit,2026,1,85.15,1.44,0.62,106,0,84.79,0
Cucumber,Vegetable/Fruit,2026,2,85.11,0.27,0.51,99,0,84.55,0
Cucumber,Vegetable/Fruit,2026,3,84.73,-0.23,0.08,92,0,84.38,0
Cucumber,Vegetable/Fruit,2026,4,84.68,0.78,0.13,85,0,84.33,0
Cucumber,Vegetable/Fruit,2026,5,84.64,-0.6,-0.03,78,0,84.39,0
Cucumber,Vegetable/Fruit,2026,6,84.13,-1.15,-0.59,71,0,84.65,1
Cucumber,Vegetable/Fruit,2026,7,84.06,-0.79,-0.59,64,0,84.99,1
Cucumber,Vegetable/Fruit,2026,8,84.47,-0.25,-0.09,57,0,85.22,1
Cucumber,Vegetable/Fruit,2026,9,84.91,0.31,0.37,50,0,85.31,1
Cucumber,Vegetable/Fruit,2026,10,85.18,1.24,0.58,43,0,85.16,0
Cucumber,Vegetable/Fruit,2026,11,85.41,1.6,0.81,36,0,85.63,1
Cucumber,Vegetable/Fruit,2026,12,85.4,1.1,0.75,29,0,85.73,1
Cucumber,Vegetable/Fruit,2026,13,85.26,0.41,0.47,22,0,85.28,1
Cucumber,Vegetable/Fruit,2026,14,84.59,-0.69,-0.26,15,1,85.4,1
Cucumber,Vegetable/Fruit,2026,15,87.28,2.19,2.71,8,1,84.6,0
Cucumber,Vegetable/Fruit,2026,16,85.8,0.47,0.86,1,1,84.48,0
Cucumber,Vegetable/Fruit,2026,17,83.45,-2.11,-1.78,359,0,85.0,1
Cucumber,Vegetable/Fruit,2026,18,85.08,0.58,0.1,352,0,84.94,0
Cucumber,Vegetable/Fruit,2026,19,84.07,-3.68,-1.09,345,0,85.28,1
Cucumber,Vegetable/Fruit,2026,20,85.3,-0.58,0.24,338,0,85.06,0
Leeks,Vegetable/Fruit,2022,24,124.75,0.0,0.0,305,0,134.92,1
Leeks,Vegetable/Fruit,2022,25,129.63,0.0,1.92,298,0,138.13,1
Leeks,Vegetable/Fruit,2022,26,132.7,0.0,2.84,291,0,141.36,1
Leeks,Vegetable/Fruit,2022,27,136.71,0.0,4.4,284,0,144.51,1
Leeks,Vegetable/Fruit,2022,28,140.65,12.74,5.84,277,0,147.19,1
Leeks,Vegetable/Fruit,2022,29,142.45,9.89,5.93,270,0,150.9,1
Leeks,Vegetable/Fruit,2022,30,145.64,9.75,7.03,263,0,154.61,1
Leeks,Vegetable/Fruit,2022,31,149.29,9.2,8.4,256,0,158.16,1
Leeks,Vegetable/Fruit,2022,32,151.36,7.61,8.7,249,0,161.99,1
Leeks,Vegetable/Fruit,2022,33,157.29,10.42,11.52,242,0,164.53,1
Leeks,Vegetable/Fruit,2022,34,160.48,10.19,12.37,235,0,167.18,1
Leeks,Vegetable/Fruit,2022,35,163.53,9.54,13.14,228,0,169.43,1
Leeks,Vegetable/Fruit,2022,36,166.67,10.12,13.97,221,0,172.0,1
Leeks,Vegetable/Fruit,2022,37,167.44,6.45,11.98,214,0,174.62,1
Leeks,Vegetable/Fruit,2022,38,171.08,6.6,12.02,207,0,177.17,1
Leeks,Vegetable/Fruit,2022,39,172.55,5.51,10.76,200,0,180.73,1
Leeks,Vegetable/Fruit,2022,40,176.95,6.17,11.38,193,0,183.8,1
Leeks,Vegetable/Fruit,2022,41,177.9,6.25,9.99,186,0,187.38,1
Leeks,Vegetable/Fruit,2022,42,181.28,5.96,10.05,179,0,190.42,1
Leeks,Vegetable/Fruit,2022,43,186.79,8.26,11.26,172,0,192.7,1
Leeks,Vegetable/Fruit,2022,44,189.22,6.93,10.68,165,0,195.55,1
Leeks,Vegetable/Fruit,2022,45,192.21,8.04,10.4,158,0,198.49,1
Leeks,Vegetable/Fruit,2022,46,193.47,6.72,9.37,151,0,201.28,1
Leeks,Vegetable/Fruit,2022,47,195.89,4.87,9.06,144,0,203.86,1
Leeks,Vegetable/Fruit,2022,48,200.64,6.03,9.96,137,0,206.49,1
Leeks,Vegetable/Fruit,2022,49,203.95,6.11,10.04,130,0,208.98,1
Leeks,Vegetable/Fruit,2022,50,204.64,5.77,8.74,123,0,212.14,1
Leeks,Vegetable/Fruit,2022,51,206.21,5.27,8.02,116,0,215.1,1
Leeks,Vegetable/Fruit,2022,52,211.16,5.25,8.92,109,0,217.47,1
Leeks,Vegetable/Fruit,2023,1,213.9,4.88,8.74,102,0,219.76,1
Leeks,Vegetable/Fruit,2023,2,217.27,6.18,8.78,95,0,222.44,1
Leeks,Vegetable/Fruit,2023,3,218.05,5.74,7.64,88,0,225.04,1
Leeks,Vegetable/Fruit,2023,4,220.65,4.49,7.54,81,0,228.02,1
Leeks,Vegetable/Fruit,2023,5,223.07,4.29,7.36,74,0,230.44,1
Leeks,Vegetable/Fruit,2023,6,227.99,4.93,8.29,67,0,232.53,1
Leeks,Vegetable/Fruit,2023,7,228.44,4.76,7.14,60,0,233.83,1
Leeks,Vegetable/Fruit,2023,8,232.57,5.4,7.65,53,0,233.2,1
Leeks,Vegetable/Fruit,2023,9,232.78,4.35,6.53,46,0,232.81,1
Leeks,Vegetable/Fruit,2023,10,236.35,3.67,6.94,39,0,232.1,0
Leeks,Vegetable/Fruit,2023,11,233.64,2.28,4.66,32,0,232.03,0
Leeks,Vegetable/Fruit,2023,12,230.05,-1.08,2.21,25,0,231.57,1
Leeks,Vegetable/Fruit,2023,13,231.19,-0.68,2.02,18,1,230.72,0
Leeks,Vegetable/Fruit,2023,14,233.5,-1.2,2.36,11,1,229.44,0
Leeks,Vegetable/Fruit,2023,15,233.38,-0.11,1.75,4,1,228.59,0
Leeks,Vegetable/Fruit,2023,16,228.2,-0.81,-0.84,363,0,228.79,1
Leeks,Vegetable/Fruit,2023,17,227.78,-1.48,-1.26,356,0,227.78,0
Leeks,Vegetable/Fruit,2023,18,228.39,-2.19,-1.17,349,0,227.16,0
Leeks,Vegetable/Fruit,2023,19,230.0,-1.45,-0.54,342,0,225.57,0
Leeks,Vegetable/Fruit,2023,20,229.0,0.35,-0.99,335,0,223.98,0
Leeks,Vegetable/Fruit,2023,21,223.75,-1.77,-2.98,328,0,224.68,1
Leeks,Vegetable/Fruit,2023,22,225.88,-1.1,-1.83,321,0,224.07,0
Leeks,Vegetable/Fruit,2023,23,223.66,-2.75,-2.38,314,0,224.46,1
Leeks,Vegetable/Fruit,2023,24,222.62,-2.79,-2.47,307,0,224.22,1
Leeks,Vegetable/Fruit,2023,25,226.56,1.26,-0.63,300,0,222.54,0
Leeks,Vegetable/Fruit,2023,26,223.46,-1.07,-1.73,293,0,221.62,0
Leeks,Vegetable/Fruit,2023,27,225.21,0.69,-0.69,286,0,220.8,0
Leeks,Vegetable/Fruit,2023,28,221.65,-0.44,-1.86,279,0,220.0,0
Leeks,Vegetable/Fruit,2023,29,219.84,-2.96,-2.39,272,0,219.92,1
Leeks,Vegetable/Fruit,2023,30,219.79,-1.64,-2.14,265,0,219.32,0
Leeks,Vegetable/Fruit,2023,31,221.94,-1.45,-0.97,258,0,217.48,0
Leeks,Vegetable/Fruit,2023,32,218.43,-1.45,-2.14,251,0,217.29,0
Leeks,Vegetable/Fruit,2023,33,219.52,-0.14,-1.33,244,0,216.67,0
Leeks,Vegetable/Fruit,2023,34,217.38,-1.09,-2.08,237,0,216.12,0
Leeks,Vegetable/Fruit,2023,35,214.58,-3.32,-2.96,230,0,215.81,1
Leeks,Vegetable/Fruit,2023,36,217.67,-0.35,-1.36,223,0,214.33,0
Leeks,Vegetable/Fruit,2023,37,217.07,-1.12,-1.44,216,0,213.24,0
Leeks,Vegetable/Fruit,2023,38,215.15,-1.03,-1.92,209,0,212.42,0
Leeks,Vegetable/Fruit,2023,39,213.36,-0.57,-2.39,202,0,212.11,0
Leeks,Vegetable/Fruit,2023,40,211.75,-2.72,-2.67,195,0,211.47,0
Leeks,Vegetable/Fruit,2023,41,212.72,-2.0,-1.91,188,0,210.79,0
Leeks,Vegetable/Fruit,2023,42,211.84,-1.54,-2.04,181,0,209.89,0
Leeks,Vegetable/Fruit,2023,43,212.12,-0.58,-1.64,174,0,209.07,0
Leeks,Vegetable/Fruit,2023,44,209.19,-1.21,-2.55,167,0,208.61,0
Leeks,Vegetable/Fruit,2023,45,210.0,-1.28,-1.88,160,0,207.54,0
Leeks,Vegetable/Fruit,2023,46,208.26,-1.69,-2.3,153,0,206.69,0
Leeks,Vegetable/Fruit,2023,47,208.83,-1.55,-1.73,146,0,205.52,0
Leeks,Vegetable/Fruit,2023,48,207.35,-0.88,-2.17,139,0,204.89,0
Leeks,Vegetable/Fruit,2023,49,205.71,-2.04,-2.52,132,0,204.09,0
Leeks,Vegetable/Fruit,2023,50,204.86,-1.64,-2.49,125,0,204.86,1
Leeks,Vegetable/Fruit,2023,51,204.17,-2.23,-2.43,118,0,204.52,1
Leeks,Vegetable/Fruit,2023,52,204.81,-1.22,-1.81,111,0,204.14,0
Leeks,Vegetable/Fruit,2024,1,202.53,-1.55,-2.57,104,0,205.02,1
Leeks,Vegetable/Fruit,2024,2,207.94,1.5,0.21,97,0,203.25,0
Leeks,Vegetable/Fruit,2024,3,202.82,-0.66,-1.93,90,0,204.04,1
Leeks,Vegetable/Fruit,2024,4,203.28,-0.75,-1.39,83,0,203.76,1
Leeks,Vegetable/Fruit,2024,5,206.03,1.73,0.07,76,0,203.55,0
Leeks,Vegetable/Fruit,2024,6,200.87,-3.4,-2.1,69,0,204.46,1
Leeks,Vegetable/Fruit,2024,7,205.99,1.56,0.48,62,0,203.47,0
Leeks,Vegetable/Fruit,2024,8,202.16,-0.55,-1.15,55,0,203.79,1
Leeks,Vegetable/Fruit,2024,9,205.18,-0.41,0.41,48,0,202.9,0
Leeks,Vegetable/Fruit,2024,10,204.51,1.81,0.13,41,0,203.0,0
Leeks,Vegetable/Fruit,2024,11,202.04,-1.92,-0.97,34,0,204.89,1
Leeks,Vegetable/Fruit,2024,12,203.44,0.63,-0.26,27,0,204.22,1
Leeks,Vegetable/Fruit,2024,13,201.61,-1.74,-1.03,20,1,204.36,1
Leeks,Vegetable/Fruit,2024,14,204.91,0.2,0.49,13,1,203.2,0
Leeks,Vegetable/Fruit,2024,15,209.58,3.73,2.72,6,1,201.23,0
Leeks,Vegetable/Fruit,2024,16,200.78,-1.31,-1.52,364,0,202.47,1
Leeks,Vegetable/Fruit,2024,17,202.17,0.27,-0.8,357,0,202.54,1
Leeks,Vegetable/Fruit,2024,18,200.25,-2.27,-1.52,350,0,202.66,1
Leeks,Vegetable/Fruit,2024,19,201.71,-3.75,-0.83,343,0,203.08,1
Leeks,Vegetable/Fruit,2024,20,205.74,2.47,1.16,336,0,201.77,0
Leeks,Vegetable/Fruit,2024,21,202.47,0.15,-0.47,329,0,201.87,0
Leeks,Vegetable/Fruit,2024,22,200.73,0.24,-1.15,322,0,202.59,1
Leeks,Vegetable/Fruit,2024,23,203.37,0.82,0.19,315,0,202.84,0
Leeks,Vegetable/Fruit,2024,24,200.51,-2.55,-1.16,308,0,203.61,1
Leeks,Vegetable/Fruit,2024,25,202.89,0.21,0.03,301,0,203.57,1
Leeks,Vegetable/Fruit,2024,26,203.58,1.42,0.3,294,0,203.51,0
Leeks,Vegetable/Fruit,2024,27,204.39,0.5,0.71,287,0,203.63,0
Leeks,Vegetable/Fruit,2024,28,203.59,1.54,0.55,280,0,204.04,1
Leeks,Vegetable/Fruit,2024,29,202.71,-0.09,0.04,273,0,204.56,1
Leeks,Vegetable/Fruit,2024,30,203.34,-0.12,0.31,266,0,205.26,1
Leeks,Vegetable/Fruit,2024,31,204.87,0.23,0.89,259,0,204.64,0
Leeks,Vegetable/Fruit,2024,32,205.26,0.82,0.94,252,0,204.76,0
Leeks,Vegetable/Fruit,2024,33,204.78,1.02,0.74,245,0,204.37,0
Leeks,Vegetable/Fruit,2024,34,206.11,1.36,1.26,238,0,204.39,0
Leeks,Vegetable/Fruit,2024,35,202.41,-1.2,-0.62,231,0,204.92,1
Leeks,Vegetable/Fruit,2024,36,205.74,0.23,0.92,224,0,204.62,0
Leeks,Vegetable/Fruit,2024,37,203.24,-0.75,-0.41,217,0,205.29,1
Leeks,Vegetable/Fruit,2024,38,206.16,0.02,0.9,210,0,205.18,0
Leeks,Vegetable/Fruit,2024,39,204.55,1.06,0.07,203,0,205.31,1
Leeks,Vegetable/Fruit,2024,40,204.54,-0.58,0.06,196,0,205.07,1
Leeks,Vegetable/Fruit,2024,41,205.9,1.31,0.64,189,0,204.88,0
Leeks,Vegetable/Fruit,2024,42,205.75,-0.2,0.46,182,0,205.15,0
Leeks,Vegetable/Fruit,2024,43,205.07,0.26,0.06,175,0,205.86,1
Leeks,Vegetable/Fruit,2024,44,203.56,-0.48,-0.63,168,0,206.05,1
Leeks,Vegetable/Fruit,2024,45,205.12,-0.38,0.13,161,0,206.29,1
Leeks,Vegetable/Fruit,2024,46,206.83,0.53,0.9,154,0,206.65,0
Leeks,Vegetable/Fruit,2024,47,207.92,1.39,1.36,147,0,205.88,0
Leeks,Vegetable/Fruit,2024,48,204.33,0.38,-0.46,140,0,206.97,1
Leeks,Vegetable/Fruit,2024,49,206.06,0.46,0.36,133,0,207.21,1
Leeks,Vegetable/Fruit,2024,50,208.28,0.7,1.26,126,0,206.69,0
Leeks,Vegetable/Fruit,2024,51,204.87,-1.47,-0.36,119,0,206.93,1
Leeks,Vegetable/Fruit,2024,52,208.68,2.13,1.34,112,0,206.53,0
Leeks,Vegetable/Fruit,2025,1,207.02,0.47,0.44,105,0,205.87,0
Leeks,Vegetable/Fruit,2025,2,206.18,-1.01,0.03,98,0,206.0,0
Leeks,Vegetable/Fruit,2025,3,205.84,0.48,-0.14,91,0,206.51,1
Leeks,Vegetable/Fruit,2025,4,207.09,-0.76,0.39,84,0,206.13,0
Leeks,Vegetable/Fruit,2025,5,204.37,-1.28,-0.96,77,0,206.86,1
Leeks,Vegetable/Fruit,2025,6,206.7,0.25,0.11,70,0,206.8,1
Leeks,Vegetable/Fruit,2025,7,207.89,1.0,0.65,63,0,206.27,0
Leeks,Vegetable/Fruit,2025,8,205.56,-0.74,-0.4,56,0,206.6,1
Leeks,Vegetable/Fruit,2025,9,207.28,1.43,0.33,49,0,206.41,0
Leeks,Vegetable/Fruit,2025,10,206.47,-0.11,-0.08,42,0,207.2,1
Leeks,Vegetable/Fruit,2025,11,205.77,-1.02,-0.33,35,0,209.06,1
Leeks,Vegetable/Fruit,2025,12,206.86,0.63,0.13,28,0,208.48,1
Leeks,Vegetable/Fruit,2025,13,206.54,-0.36,0.05,21,1,208.46,1
Leeks,Vegetable/Fruit,2025,14,209.64,1.54,1.46,14,1,208.08,0
Leeks,Vegetable/Fruit,2025,15,213.19,3.61,2.91,7,1,206.18,0
Leeks,Vegetable/Fruit,2025,16,204.56,-1.11,-1.21,0,1,206.47,1
Leeks,Vegetable/Fruit,2025,17,206.46,-0.04,-0.27,358,0,207.35,1
Leeks,Vegetable/Fruit,2025,18,208.12,-0.73,0.39,351,0,207.04,0
Leeks,Vegetable/Fruit,2025,19,205.58,-3.57,-0.8,344,0,206.93,1
Leeks,Vegetable/Fruit,2025,20,205.75,0.58,-0.63,337,0,207.43,1
Leeks,Vegetable/Fruit,2025,21,209.94,1.69,1.23,330,0,207.28,0
Leeks,Vegetable/Fruit,2025,22,206.91,-0.58,-0.22,323,0,207.33,1
Leeks,Vegetable/Fruit,2025,23,205.1,-0.23,-1.04,316,0,207.84,1
Leeks,Vegetable/Fruit,2025,24,207.75,0.98,0.16,309,0,207.66,0
Leeks,Vegetable/Fruit,2025,25,209.35,-0.28,0.84,302,0,207.21,0
Leeks,Vegetable/Fruit,2025,26,207.13,0.1,-0.25,295,0,207.37,1
Leeks,Vegetable/Fruit,2025,27,207.13,0.99,-0.16,288,0,207.41,1
Leeks,Vegetable/Fruit,2025,28,207.02,-0.36,0.02,281,0,207.96,1
Leeks,Vegetable/Fruit,2025,29,207.55,-0.86,0.16,274,0,207.74,1
Leeks,Vegetable/Fruit,2025,30,207.78,0.32,0.23,267,0,207.35,0
Leeks,Vegetable/Fruit,2025,31,207.27,0.07,0.01,260,0,207.43,1
Leeks,Vegetable/Fruit,2025,32,209.21,1.06,0.81,253,0,207.28,0
Leeks,Vegetable/Fruit,2025,33,206.68,-0.42,-0.45,246,0,207.92,1
Leeks,Vegetable/Fruit,2025,34,206.25,-0.74,-0.52,239,0,208.0,1
Leeks,Vegetable/Fruit,2025,35,207.58,0.15,0.1,232,0,208.02,1
Leeks,Vegetable/Fruit,2025,36,208.62,-0.28,0.47,225,0,207.45,0
Leeks,Vegetable/Fruit,2025,37,209.24,1.24,0.71,218,0,207.19,0
Leeks,Vegetable/Fruit,2025,38,206.55,0.15,-0.48,211,0,207.3,1
Leeks,Vegetable/Fruit,2025,39,207.67,0.04,0.04,204,0,207.48,0
Leeks,Vegetable/Fruit,2025,40,206.36,-1.09,-0.56,197,0,208.07,1
Leeks,Vegetable/Fruit,2025,41,208.2,-0.5,0.28,190,0,208.55,1
Leeks,Vegetable/Fruit,2025,42,206.99,0.21,-0.28,183,0,208.38,1
Leeks,Vegetable/Fruit,2025,43,208.38,0.34,0.37,176,0,208.5,1
Leeks,Vegetable/Fruit,2025,44,208.7,1.13,0.47,169,0,209.33,1
Leeks,Vegetable/Fruit,2025,45,210.12,0.92,1.12,162,0,207.99,0
Leeks,Vegetable/Fruit,2025,46,206.33,-0.32,-0.69,155,0,208.41,1
Leeks,Vegetable/Fruit,2025,47,208.85,0.22,0.42,148,0,208.82,0
Leeks,Vegetable/Fruit,2025,48,212.02,1.59,1.78,141,0,207.49,0
Leeks,Vegetable/Fruit,2025,49,204.77,-2.55,-1.56,134,0,208.63,1
Leeks,Vegetable/Fruit,2025,50,207.98,0.8,0.03,127,0,208.58,1
Leeks,Vegetable/Fruit,2025,51,210.5,0.79,1.09,120,0,207.56,0
Leeks,Vegetable/Fruit,2025,52,206.71,-2.51,-0.69,113,0,208.63,1
Leeks,Vegetable/Fruit,2026,1,209.34,2.23,0.46,106,0,208.0,0
Leeks,Vegetable/Fruit,2026,2,207.78,-0.1,-0.27,99,0,208.01,1
Leeks,Vegetable/Fruit,2026,3,206.42,-1.93,-0.9,92,0,207.81,1
Leeks,Vegetable/Fruit,2026,4,210.96,2.06,1.18,85,0,206.43,0
Leeks,Vegetable/Fruit,2026,5,206.83,-1.2,-0.73,78,0,206.87,1
Leeks,Vegetable/Fruit,2026,6,207.81,0.02,-0.17,71,0,206.65,0
Leeks,Vegetable/Fruit,2026,7,205.64,-0.38,-1.19,64,0,207.49,1
Leeks,Vegetable/Fruit,2026,8,205.41,-2.63,-1.18,57,0,208.19,1
Leeks,Vegetable/Fruit,2026,9,208.62,0.86,0.49,50,0,207.69,0
Leeks,Vegetable/Fruit,2026,10,206.91,-0.44,-0.41,43,0,208.69,1
Leeks,Vegetable/Fruit,2026,11,209.02,1.64,0.57,36,0,209.63,1
Leeks,Vegetable/Fruit,2026,12,208.23,1.37,0.27,29,0,210.33,1
Leeks,Vegetable/Fruit,2026,13,206.6,-0.97,-0.51,22,0,211.15,1
Leeks,Vegetable/Fruit,2026,14,210.93,1.94,1.52,15,1,210.33,0
Leeks,Vegetable/Fruit,2026,15,212.77,1.79,2.21,8,1,208.93,0
Leeks,Vegetable/Fruit,2026,16,211.02,1.34,1.2,1,1,208.62,0
Leeks,Vegetable/Fruit,2026,17,209.89,1.59,0.69,359,0,208.09,0
Leeks,Vegetable/Fruit,2026,18,207.66,-1.55,-0.4,352,0,208.09,1
Leeks,Vegetable/Fruit,2026,19,207.16,-2.64,-0.62,345,0,208.73,1
Leeks,Vegetable/Fruit,2026,20,209.76,-0.6,0.48,338,0,207.73,0
Banana (Ambul),Vegetable/Fruit,2022,24,74.68,0.0,0.0,305,0,80.89,1
Banana (Ambul),Vegetable/Fruit,2022,25,78.55,0.0,2.53,298,0,82.66,1
Banana (Ambul),Vegetable/Fruit,2022,26,78.96,0.0,2.02,291,0,84.88,1
Banana (Ambul),Vegetable/Fruit,2022,27,81.16,0.0,3.61,284,0,86.95,1
Banana (Ambul),Vegetable/Fruit,2022,28,84.88,13.65,6.57,277,0,88.6,1
Banana (Ambul),Vegetable/Fruit,2022,29,85.65,9.04,6.2,270,0,90.53,1
Banana (Ambul),Vegetable/Fruit,2022,30,87.84,11.25,7.55,263,0,92.25,1
Banana (Ambul),Vegetable/Fruit,2022,31,89.42,10.17,8.2,256,0,94.37,1
Banana (Ambul),Vegetable/Fruit,2022,32,91.49,7.79,9.4,249,0,96.29,1
Banana (Ambul),Vegetable/Fruit,2022,33,93.37,9.01,10.37,242,0,97.97,1
Banana (Ambul),Vegetable/Fruit,2022,34,94.71,7.82,10.75,235,0,99.89,1
Banana (Ambul),Vegetable/Fruit,2022,35,97.89,9.48,13.1,228,0,101.53,1
Banana (Ambul),Vegetable/Fruit,2022,36,99.2,8.42,13.34,221,0,103.51,1
Banana (Ambul),Vegetable/Fruit,2022,37,100.08,7.19,11.85,214,0,105.42,1
Banana (Ambul),Vegetable/Fruit,2022,38,102.39,8.1,12.13,207,0,107.0,1
Banana (Ambul),Vegetable/Fruit,2022,39,104.46,6.71,12.0,200,0,108.7,1
Banana (Ambul),Vegetable/Fruit,2022,40,107.1,7.97,12.42,193,0,110.05,1
Banana (Ambul),Vegetable/Fruit,2022,41,107.73,7.64,11.03,186,0,111.83,1
Banana (Ambul),Vegetable/Fruit,2022,42,108.71,6.18,10.03,179,0,113.75,1
Banana (Ambul),Vegetable/Fruit,2022,43,111.25,6.5,10.59,172,0,115.39,1
Banana (Ambul),Vegetable/Fruit,2022,44,112.52,5.06,9.9,165,0,117.59,1
Banana (Ambul),Vegetable/Fruit,2022,45,114.82,6.58,10.22,158,0,119.62,1
Banana (Ambul),Vegetable/Fruit,2022,46,116.41,7.09,9.88,151,0,121.17,1
Banana (Ambul),Vegetable/Fruit,2022,47,117.8,5.88,9.36,144,0,123.08,1
Banana (Ambul),Vegetable/Fruit,2022,48,121.32,7.82,10.77,137,0,124.52,1
Banana (Ambul),Vegetable/Fruit,2022,49,122.95,7.08,10.42,130,0,126.09,1
Banana (Ambul),Vegetable/Fruit,2022,50,122.61,5.33,8.43,123,0,127.78,1
Banana (Ambul),Vegetable/Fruit,2022,51,125.46,6.5,9.23,116,0,129.04,1
Banana (Ambul),Vegetable/Fruit,2022,52,127.07,4.74,8.98,109,0,130.34,1
Banana (Ambul),Vegetable/Fruit,2023,1,129.22,5.1,9.23,102,0,131.8,1
Banana (Ambul),Vegetable/Fruit,2023,2,129.36,5.5,7.84,95,0,133.98,1
Banana (Ambul),Vegetable/Fruit,2023,3,130.52,4.03,7.3,88,0,135.81,1
Banana (Ambul),Vegetable/Fruit,2023,4,132.24,4.07,7.29,81,0,137.42,1
Banana (Ambul),Vegetable/Fruit,2023,5,135.08,4.54,8.08,74,0,138.99,1
Banana (Ambul),Vegetable/Fruit,2023,6,138.06,6.73,8.9,67,0,139.12,1
Banana (Ambul),Vegetable/Fruit,2023,7,137.85,5.61,7.34,60,0,139.2,1
Banana (Ambul),Vegetable/Fruit,2023,8,138.7,4.88,6.66,53,0,139.02,1
Banana (Ambul),Vegetable/Fruit,2023,9,141.34,4.63,7.42,46,0,138.32,0
Banana (Ambul),Vegetable/Fruit,2023,10,138.59,0.38,4.38,39,0,139.03,1
Banana (Ambul),Vegetable/Fruit,2023,11,138.16,0.23,3.13,32,0,139.82,1
Banana (Ambul),Vegetable/Fruit,2023,12,137.99,-0.51,2.26,25,0,139.61,1
Banana (Ambul),Vegetable/Fruit,2023,13,138.53,-1.99,2.0,18,1,139.47,1
Banana (Ambul),Vegetable/Fruit,2023,14,141.44,2.05,3.42,11,1,138.11,0
Banana (Ambul),Vegetable/Fruit,2023,15,141.31,2.28,2.63,4,1,136.53,0
Banana (Ambul),Vegetable/Fruit,2023,16,137.15,-0.61,-0.75,363,0,136.13,0
Banana (Ambul),Vegetable/Fruit,2023,17,137.99,-0.39,-0.46,356,0,134.92,0
Banana (Ambul),Vegetable/Fruit,2023,18,136.01,-3.84,-1.94,349,0,134.73,0
Banana (Ambul),Vegetable/Fruit,2023,19,134.98,-4.47,-2.51,342,0,134.94,0
Banana (Ambul),Vegetable/Fruit,2023,20,135.55,-1.16,-1.98,335,0,134.46,0
Banana (Ambul),Vegetable/Fruit,2023,21,133.13,-3.52,-3.43,328,0,134.7,1
Banana (Ambul),Vegetable/Fruit,2023,22,135.25,-0.56,-1.56,321,0,134.22,0
Banana (Ambul),Vegetable/Fruit,2023,23,135.82,0.62,-0.99,314,0,133.59,0
Banana (Ambul),Vegetable/Fruit,2023,24,133.65,-1.41,-2.33,307,0,133.35,0
Banana (Ambul),Vegetable/Fruit,2023,25,134.1,0.72,-1.78,300,0,132.68,0
Banana (Ambul),Vegetable/Fruit,2023,26,133.31,-1.43,-2.07,293,0,132.42,0
Banana (Ambul),Vegetable/Fruit,2023,27,133.3,-1.85,-1.62,286,0,132.14,0
Banana (Ambul),Vegetable/Fruit,2023,28,132.69,-0.72,-1.59,279,0,132.01,0
Banana (Ambul),Vegetable/Fruit,2023,29,131.4,-2.01,-2.23,272,0,131.59,1
Banana (Ambul),Vegetable/Fruit,2023,30,132.3,-0.76,-1.24,265,0,131.14,0
Banana (Ambul),Vegetable/Fruit,2023,31,132.15,-0.86,-1.13,258,0,130.68,0
Banana (Ambul),Vegetable/Fruit,2023,32,132.19,-0.38,-0.94,251,0,129.76,0
Banana (Ambul),Vegetable/Fruit,2023,33,129.7,-1.29,-2.48,244,0,129.51,0
Banana (Ambul),Vegetable/Fruit,2023,34,130.5,-1.36,-1.73,237,0,129.14,0
Banana (Ambul),Vegetable/Fruit,2023,35,130.34,-1.37,-1.57,230,0,128.69,0
Banana (Ambul),Vegetable/Fruit,2023,36,128.5,-2.79,-2.55,223,0,128.28,0
Banana (Ambul),Vegetable/Fruit,2023,37,128.7,-0.77,-2.11,216,0,128.04,0
Banana (Ambul),Vegetable/Fruit,2023,38,129.04,-1.12,-1.56,209,0,127.14,0
Banana (Ambul),Vegetable/Fruit,2023,39,128.52,-1.4,-1.68,202,0,126.61,0
Banana (Ambul),Vegetable/Fruit,2023,40,126.86,-1.27,-2.58,195,0,126.4,0
Banana (Ambul),Vegetable/Fruit,2023,41,127.74,-0.74,-1.62,188,0,126.23,0
Banana (Ambul),Vegetable/Fruit,2023,42,125.42,-2.8,-3.06,181,0,126.08,1
Banana (Ambul),Vegetable/Fruit,2023,43,126.41,-1.64,-1.95,174,0,125.62,0
Banana (Ambul),Vegetable/Fruit,2023,44,126.03,-0.65,-1.89,167,0,125.13,0
Banana (Ambul),Vegetable/Fruit,2023,45,127.04,-0.55,-0.8,160,0,124.57,0
Banana (Ambul),Vegetable/Fruit,2023,46,124.82,-0.48,-2.25,153,0,124.13,0
Banana (Ambul),Vegetable/Fruit,2023,47,124.58,-1.45,-2.09,146,0,123.66,0
Banana (Ambul),Vegetable/Fruit,2023,48,124.1,-1.54,-2.09,139,0,123.12,0
Banana (Ambul),Vegetable/Fruit,2023,49,124.81,-1.76,-1.31,132,0,122.21,0
Banana (Ambul),Vegetable/Fruit,2023,50,123.06,-1.41,-2.36,125,0,122.01,0
Banana (Ambul),Vegetable/Fruit,2023,51,122.7,-1.51,-2.27,118,0,121.66,0
Banana (Ambul),Vegetable/Fruit,2023,52,121.93,-1.74,-2.48,111,0,121.64,0
Banana (Ambul),Vegetable/Fruit,2024,1,121.15,-2.93,-2.77,104,0,121.61,1
Banana (Ambul),Vegetable/Fruit,2024,2,122.26,-0.65,-1.55,97,0,121.54,0
Banana (Ambul),Vegetable/Fruit,2024,3,121.3,-1.13,-2.06,90,0,122.13,1
Banana (Ambul),Vegetable/Fruit,2024,4,121.85,-0.07,-1.35,83,0,122.71,1
Banana (Ambul),Vegetable/Fruit,2024,5,121.03,-0.1,-1.7,76,0,123.02,1
Banana (Ambul),Vegetable/Fruit,2024,6,121.98,-0.22,-0.61,69,0,123.29,1
Banana (Ambul),Vegetable/Fruit,2024,7,123.65,1.93,0.82,62,0,122.69,0
Banana (Ambul),Vegetable/Fruit,2024,8,124.19,1.93,1.29,55,0,122.21,0
Banana (Ambul),Vegetable/Fruit,2024,9,122.25,1.01,-0.18,48,0,122.3,1
Banana (Ambul),Vegetable/Fruit,2024,10,123.06,0.88,0.59,41,0,122.31,0
Banana (Ambul),Vegetable/Fruit,2024,11,121.27,-1.92,-0.76,34,0,123.93,1
Banana (Ambul),Vegetable/Fruit,2024,12,122.24,-1.58,0.06,27,0,124.08,1
Banana (Ambul),Vegetable/Fruit,2024,13,122.64,0.32,0.34,20,1,123.91,1
Banana (Ambul),Vegetable/Fruit,2024,14,123.08,0.01,0.58,13,1,123.51,1
Banana (Ambul),Vegetable/Fruit,2024,15,127.77,5.35,4.05,6,1,121.99,0
Banana (Ambul),Vegetable/Fruit,2024,16,122.85,0.5,-0.05,364,0,121.79,0
Banana (Ambul),Vegetable/Fruit,2024,17,121.93,-0.58,-0.8,357,0,121.32,0
Banana (Ambul),Vegetable/Fruit,2024,18,121.49,-1.29,-1.19,350,0,121.06,0
Banana (Ambul),Vegetable/Fruit,2024,19,121.69,-4.76,-1.01,343,0,120.67,0
Banana (Ambul),Vegetable/Fruit,2024,20,122.05,-0.65,-0.62,336,0,120.55,0
Banana (Ambul),Vegetable/Fruit,2024,21,120.05,-1.55,-1.99,329,0,121.17,1
Banana (Ambul),Vegetable/Fruit,2024,22,120.44,-0.87,-1.56,322,0,121.67,1
Banana (Ambul),Vegetable/Fruit,2024,23,120.15,-1.27,-1.62,315,0,122.02,1
Banana (Ambul),Vegetable/Fruit,2024,24,121.57,-0.39,-0.47,308,0,121.9,1
Banana (Ambul),Vegetable/Fruit,2024,25,122.53,2.07,0.29,301,0,121.52,0
Banana (Ambul),Vegetable/Fruit,2024,26,122.44,1.66,0.23,294,0,121.38,0
Banana (Ambul),Vegetable/Fruit,2024,27,121.54,1.16,-0.41,287,0,121.15,0
Banana (Ambul),Vegetable/Fruit,2024,28,121.09,-0.4,-0.35,280,0,121.29,1
Banana (Ambul),Vegetable/Fruit,2024,29,121.02,-1.23,-0.3,273,0,121.47,1
Banana (Ambul),Vegetable/Fruit,2024,30,121.89,-0.45,0.42,266,0,121.91,1
Banana (Ambul),Vegetable/Fruit,2024,31,120.61,-0.76,-0.58,259,0,122.04,1
Banana (Ambul),Vegetable/Fruit,2024,32,121.63,0.44,0.27,252,0,122.12,1
Banana (Ambul),Vegetable/Fruit,2024,33,121.76,0.61,0.39,245,0,122.19,1
Banana (Ambul),Vegetable/Fruit,2024,34,123.61,1.41,1.69,238,0,122.12,0
Banana (Ambul),Vegetable/Fruit,2024,35,121.17,0.46,-0.37,231,0,122.43,1
Banana (Ambul),Vegetable/Fruit,2024,36,121.92,0.24,0.14,224,0,122.6,1
Banana (Ambul),Vegetable/Fruit,2024,37,122.05,0.23,0.21,217,0,122.81,1
Banana (Ambul),Vegetable/Fruit,2024,38,123.33,-0.22,1.22,210,0,122.74,0
Banana (Ambul),Vegetable/Fruit,2024,39,122.4,1.02,0.45,203,0,122.64,1
Banana (Ambul),Vegetable/Fruit,2024,40,122.63,0.58,0.57,196,0,122.83,1
Banana (Ambul),Vegetable/Fruit,2024,41,122.9,0.7,0.68,189,0,122.69,0
Banana (Ambul),Vegetable/Fruit,2024,42,123.03,-0.25,0.66,182,0,122.47,0
Banana (Ambul),Vegetable/Fruit,2024,43,122.02,-0.31,-0.18,175,0,122.63,1
Banana (Ambul),Vegetable/Fruit,2024,44,123.36,0.6,0.74,168,0,122.76,0
Banana (Ambul),Vegetable/Fruit,2024,45,122.36,-0.44,-0.12,161,0,123.13,1
Banana (Ambul),Vegetable/Fruit,2024,46,122.14,-0.72,-0.32,154,0,123.8,1
Banana (Ambul),Vegetable/Fruit,2024,47,122.65,0.52,0.16,147,0,124.13,1
Banana (Ambul),Vegetable/Fruit,2024,48,123.88,0.43,0.99,140,0,123.97,1
Banana (Ambul),Vegetable/Fruit,2024,49,123.83,1.21,0.83,133,0,123.98,1
Banana (Ambul),Vegetable/Fruit,2024,50,124.82,2.19,1.45,126,0,123.33,0
Banana (Ambul),Vegetable/Fruit,2024,51,123.98,1.08,0.73,119,0,123.39,0
Banana (Ambul),Vegetable/Fruit,2024,52,123.26,-0.5,0.1,112,0,123.57,1
Banana (Ambul),Vegetable/Fruit,2025,1,123.85,0.01,0.5,105,0,123.22,0
Banana (Ambul),Vegetable/Fruit,2025,2,122.22,-2.08,-0.78,98,0,123.7,1
Banana (Ambul),Vegetable/Fruit,2025,3,124.21,0.19,0.76,91,0,123.08,0
Banana (Ambul),Vegetable/Fruit,2025,4,123.98,0.58,0.45,84,0,123.3,0
Banana (Ambul),Vegetable/Fruit,2025,5,122.46,-1.13,-0.73,77,0,123.05,1
Banana (Ambul),Vegetable/Fruit,2025,6,124.17,1.59,0.54,70,0,122.96,0
Banana (Ambul),Vegetable/Fruit,2025,7,121.72,-2.0,-1.41,63,0,123.1,1
Banana (Ambul),Vegetable/Fruit,2025,8,124.86,0.71,0.99,56,0,122.9,0
Banana (Ambul),Vegetable/Fruit,2025,9,121.46,-0.82,-1.61,49,0,123.47,1
Banana (Ambul),Vegetable/Fruit,2025,10,123.8,-0.3,0.29,42,0,123.75,0
Banana (Ambul),Vegetable/Fruit,2025,11,122.27,0.45,-0.8,35,0,125.45,1
Banana (Ambul),Vegetable/Fruit,2025,12,124.09,-0.61,0.68,28,0,125.59,1
Banana (Ambul),Vegetable/Fruit,2025,13,123.74,1.88,0.36,21,1,125.39,1
Banana (Ambul),Vegetable/Fruit,2025,14,124.91,0.9,1.24,14,1,125.3,1
Banana (Ambul),Vegetable/Fruit,2025,15,129.06,5.56,4.16,7,1,123.93,0
Banana (Ambul),Vegetable/Fruit,2025,16,124.63,0.44,0.56,0,1,123.88,0
Banana (Ambul),Vegetable/Fruit,2025,17,122.97,-0.63,-0.72,358,0,124.03,1
Banana (Ambul),Vegetable/Fruit,2025,18,124.52,-0.31,0.41,351,0,123.63,0
Banana (Ambul),Vegetable/Fruit,2025,19,123.59,-4.24,-0.31,344,0,123.29,0
Banana (Ambul),Vegetable/Fruit,2025,20,124.43,-0.16,0.2,337,0,123.17,0
Banana (Ambul),Vegetable/Fruit,2025,21,123.57,0.49,-0.41,330,0,123.4,0
Banana (Ambul),Vegetable/Fruit,2025,22,122.94,-1.27,-1.01,323,0,123.7,1
Banana (Ambul),Vegetable/Fruit,2025,23,122.22,-1.11,-1.49,316,0,124.32,1
Banana (Ambul),Vegetable/Fruit,2025,24,123.94,-0.39,-0.21,309,0,124.74,1
Banana (Ambul),Vegetable/Fruit,2025,25,124.49,0.75,0.21,302,0,124.53,1
Banana (Ambul),Vegetable/Fruit,2025,26,124.16,0.99,-0.08,295,0,124.48,1
Banana (Ambul),Vegetable/Fruit,2025,27,124.67,2.0,0.34,288,0,124.36,0
Banana (Ambul),Vegetable/Fruit,2025,28,125.64,1.37,1.34,281,0,124.07,0
Banana (Ambul),Vegetable/Fruit,2025,29,123.64,-0.68,-0.21,274,0,124.5,1
Banana (Ambul),Vegetable/Fruit,2025,30,123.95,-0.17,-0.03,267,0,124.65,1
Banana (Ambul),Vegetable/Fruit,2025,31,124.2,-0.38,0.2,260,0,124.82,1
Banana (Ambul),Vegetable/Fruit,2025,32,124.5,-0.91,0.38,253,0,125.12,1
Banana (Ambul),Vegetable/Fruit,2025,33,125.36,1.39,1.02,246,0,124.81,0
Banana (Ambul),Vegetable/Fruit,2025,34,124.54,0.47,0.29,239,0,124.87,1
Banana (Ambul),Vegetable/Fruit,2025,35,124.9,0.57,0.47,232,0,124.89,0
Banana (Ambul),Vegetable/Fruit,2025,36,125.69,0.96,0.88,225,0,124.61,0
Banana (Ambul),Vegetable/Fruit,2025,37,124.12,-0.99,-0.39,218,0,124.69,1
Banana (Ambul),Vegetable/Fruit,2025,38,124.77,0.19,0.12,211,0,124.72,0
Banana (Ambul),Vegetable/Fruit,2025,39,124.98,0.06,0.23,204,0,124.29,0
Banana (Ambul),Vegetable/Fruit,2025,40,124.57,-0.89,-0.09,197,0,124.38,0
Banana (Ambul),Vegetable/Fruit,2025,41,124.44,0.26,-0.12,190,0,124.46,1
Banana (Ambul),Vegetable/Fruit,2025,42,124.9,0.11,0.17,183,0,124.36,0
Banana (Ambul),Vegetable/Fruit,2025,43,123.23,-1.39,-1.12,176,0,124.99,1
Banana (Ambul),Vegetable/Fruit,2025,44,124.93,0.29,0.19,169,0,125.3,1
Banana (Ambul),Vegetable/Fruit,2025,45,124.77,0.27,0.05,162,0,125.51,1
Banana (Ambul),Vegetable/Fruit,2025,46,124.49,-0.33,-0.12,155,0,125.79,1
Banana (Ambul),Vegetable/Fruit,2025,47,125.79,2.07,0.84,148,0,126.05,1
Banana (Ambul),Vegetable/Fruit,2025,48,126.14,0.97,1.05,141,0,125.73,0
Banana (Ambul),Vegetable/Fruit,2025,49,125.63,0.69,0.64,134,0,125.79,1
Banana (Ambul),Vegetable/Fruit,2025,50,125.6,0.9,0.53,127,0,125.62,1
Banana (Ambul),Vegetable/Fruit,2025,51,126.81,0.81,1.37,120,0,124.75,0
Banana (Ambul),Vegetable/Fruit,2025,52,124.87,-1.01,-0.18,113,0,124.63,0
Banana (Ambul),Vegetable/Fruit,2026,1,125.88,0.2,0.55,106,0,124.28,0
Banana (Ambul),Vegetable/Fruit,2026,2,124.93,-0.53,-0.24,99,0,124.21,0
Banana (Ambul),Vegetable/Fruit,2026,3,123.3,-2.77,-1.44,92,0,124.64,1
Banana (Ambul),Vegetable/Fruit,2026,4,124.39,-0.38,-0.64,85,0,124.45,1
Banana (Ambul),Vegetable/Fruit,2026,5,124.49,-1.1,-0.54,78,0,124.62,1
Banana (Ambul),Vegetable/Fruit,2026,6,124.65,-0.23,-0.4,71,0,124.95,1
Banana (Ambul),Vegetable/Fruit,2026,7,125.04,1.41,-0.12,64,0,124.82,0
Banana (Ambul),Vegetable/Fruit,2026,8,123.63,-0.62,-1.12,57,0,125.5,1
Banana (Ambul),Vegetable/Fruit,2026,9,125.14,0.52,0.15,50,0,125.37,1
Banana (Ambul),Vegetable/Fruit,2026,10,125.98,1.06,0.8,43,0,125.12,0
Banana (Ambul),Vegetable/Fruit,2026,11,124.52,-0.42,-0.3,36,0,126.81,1
Banana (Ambul),Vegetable/Fruit,2026,12,126.35,2.2,1.19,29,0,126.76,1
Banana (Ambul),Vegetable/Fruit,2026,13,124.64,-0.4,-0.16,22,0,126.54,1
Banana (Ambul),Vegetable/Fruit,2026,14,124.95,-0.81,0.15,15,1,126.59,1
Banana (Ambul),Vegetable/Fruit,2026,15,131.29,5.44,4.81,8,1,125.14,0
Banana (Ambul),Vegetable/Fruit,2026,16,126.14,-0.16,0.53,1,1,125.16,0
Banana (Ambul),Vegetable/Fruit,2026,17,123.78,-0.69,-1.32,359,0,125.62,1
Banana (Ambul),Vegetable/Fruit,2026,18,125.15,0.15,-0.27,352,0,125.28,1
Banana (Ambul),Vegetable/Fruit,2026,19,125.47,-4.43,-0.06,345,0,125.1,0
Banana (Ambul),Vegetable/Fruit,2026,20,126.25,0.08,0.49,338,0,124.17,0
