item,category,iso_year,iso_week,days_to_avurudu,festival_season,avg_wholesale_price_rs,avg_retail_price_rs,lag1_price,lag4_price,rolling4_mean_price,target_next_month_price,lag1_units,lag4_units,rolling4_mean_units,weekend_share,target_units_sold
Bananas,vegetables and fruits,2020,3,90,0,70.71,97.14,,,97.14,85.83,152,152,152.0,0.354,152
Bananas,vegetables and fruits,2020,7,59,0,57.5,85.83,97.14,,91.48,82.22,152,166,159.0,0.282,166
Bananas,vegetables and fruits,2020,11,30,1,54.44,82.22,85.83,,88.4,,166,158,158.7,0.344,158
Bananas,vegetables and fruits,2020,16,364,0,48.33,,82.22,,88.4,,158,154,157.5,0.306,154
Bananas,vegetables and fruits,2020,20,334,0,50.83,,,97.14,84.02,94.5,154,152,157.2,0.276,151
Bananas,vegetables and fruits,2020,25,303,0,60.4,94.5,,85.83,88.36,98.7,151,166,152.0,0.29,145
Bananas,vegetables and fruits,2020,29,273,0,59.78,98.7,94.5,82.22,96.6,130.36,145,158,144.8,0.301,129
Bananas,vegetables and fruits,2020,33,242,0,83.57,130.36,98.7,,107.85,123.33,129,154,148.5,0.262,169
Bananas,vegetables and fruits,2020,38,211,0,82.08,123.33,130.36,,111.72,123.33,169,151,146.0,0.203,141
Bananas,vegetables and fruits,2020,42,181,0,82.08,123.33,123.33,94.5,118.93,,141,145,147.5,0.249,151
Bananas,vegetables and fruits,2021,2,89,0,55.0,,123.33,98.7,125.67,151.39,151,129,147.0,0.298,127
Bananas,vegetables and fruits,2022,28,273,0,,151.39,,130.36,132.68,176.94,127,169,136.0,0.254,125
Bananas,vegetables and fruits,2022,33,242,0,,176.94,151.39,123.33,150.55,187.22,125,141,127.8,0.312,108
Bananas,vegetables and fruits,2022,37,211,0,,187.22,176.94,123.33,171.85,193.06,108,151,117.8,0.316,111
Bananas,vegetables and fruits,2022,41,181,0,,193.06,187.22,,177.15,182.5,111,127,118.8,0.215,131
Bananas,vegetables and fruits,2022,46,150,0,,182.5,193.06,151.39,184.93,164.17,131,125,120.2,0.28,131
Bananas,vegetables and fruits,2022,50,120,0,,164.17,182.5,176.94,181.74,268.71,131,108,122.5,0.254,117
Bananas,vegetables and fruits,2023,2,89,0,,268.71,164.17,187.22,202.11,168.33,117,111,118.0,0.371,93
Bananas,vegetables and fruits,2023,7,58,0,,168.33,268.71,193.06,195.93,247.5,93,131,109.5,0.228,97
Bananas,vegetables and fruits,2023,11,30,1,,247.5,168.33,182.5,212.18,278.75,97,131,110.5,0.358,135
Bananas,vegetables and fruits,2023,15,365,0,,278.75,247.5,164.17,240.82,83.57,135,117,100.5,0.225,77
Bananas,vegetables and fruits,2023,20,335,0,,83.57,278.75,268.71,194.54,148.84,77,93,115.0,0.298,151
Bananas,vegetables and fruits,2023,24,304,0,,148.84,83.57,168.33,189.67,158.71,151,97,125.8,0.234,140
Bananas,vegetables and fruits,2023,28,274,0,,158.71,148.84,247.5,167.47,196.46,140,135,126.8,0.36,139
Bananas,vegetables and fruits,2023,33,243,0,,196.46,158.71,278.75,146.89,217.69,139,77,142.0,0.401,138
Bananas,vegetables and fruits,2023,37,212,0,,217.69,196.46,83.57,180.42,203.63,138,151,135.8,0.327,126
Bananas,vegetables and fruits,2023,41,182,0,,203.63,217.69,148.84,194.12,203.79,126,140,129.2,0.329,114
Bananas,vegetables and fruits,2023,46,151,0,,203.79,203.63,158.71,205.39,193.63,114,139,127.0,0.376,130
Bananas,vegetables and fruits,2023,50,121,0,,193.63,203.79,196.46,204.69,207.12,130,138,117.8,0.221,101
Bananas,vegetables and fruits,2024,3,90,0,,207.12,193.63,217.69,202.04,187.35,101,126,113.2,0.321,108
Bananas,vegetables and fruits,2024,7,59,0,,187.35,207.12,203.63,197.97,182.63,108,114,109.2,0.287,98
Bananas,vegetables and fruits,2024,11,30,1,,182.63,187.35,203.79,192.68,203.83,98,130,109.5,0.378,131
Bananas,vegetables and fruits,2024,16,364,0,,203.83,182.63,193.63,195.23,169.6,131,101,111.0,0.253,107
Bananas,vegetables and fruits,2024,20,334,0,,169.6,203.83,207.12,185.85,166.08,107,108,110.2,0.306,105
Bananas,vegetables and fruits,2024,24,303,0,,166.08,169.6,187.35,180.53,196.96,105,98,110.2,0.306,98
Bananas,vegetables and fruits,2024,29,273,0,,196.96,166.08,182.63,184.12,210.72,98,131,111.8,0.379,137
Bananas,vegetables and fruits,2024,33,242,0,,210.72,196.96,203.83,185.84,223.33,137,107,111.2,0.296,105
Bananas,vegetables and fruits,2024,37,211,0,,223.33,210.72,169.6,199.27,191.95,105,105,107.8,0.307,91
Bananas,vegetables and fruits,2024,42,181,0,,191.95,223.33,166.08,205.74,161.55,91,98,103.5,0.319,81
Bananas,vegetables and fruits,2024,46,150,0,,161.55,191.95,196.96,196.89,156.72,81,137,102.2,0.286,132
Bananas,vegetables and fruits,2024,50,120,0,,156.72,161.55,210.72,183.39,178.28,132,105,107.8,0.257,127
Bananas,vegetables and fruits,2025,3,89,0,,178.28,156.72,223.33,172.13,165.74,127,91,118.8,0.325,135
Bananas,vegetables and fruits,2025,7,58,0,,165.74,178.28,191.95,165.57,159.5,135,81,133.5,0.392,140
Bananas,vegetables and fruits,2025,11,30,1,,159.5,165.74,161.55,165.06,161.8,140,132,138.5,0.255,152
Bananas,vegetables and fruits,2025,16,364,0,,161.8,159.5,156.72,166.33,138.72,152,127,141.8,0.24,140
Bananas,vegetables and fruits,2025,20,334,0,,138.72,161.8,178.28,156.44,132.08,140,135,143.0,0.389,140
Bananas,vegetables and fruits,2025,24,303,0,,132.08,138.72,165.74,148.03,136.91,140,140,140.5,0.24,130
Bananas,vegetables and fruits,2025,29,273,0,,136.91,132.08,159.5,142.38,143.24,130,152,137.2,0.251,139
Bananas,vegetables and fruits,2025,33,242,0,,143.24,136.91,161.8,137.74,157.11,139,140,132.5,0.372,121
Bananas,vegetables and fruits,2025,38,211,0,,157.11,143.24,138.72,142.33,,121,140,129.5,0.319,128
Beans,pulses and nuts,2020,3,90,0,260.72,296.07,,,296.07,229.67,72,72,72.0,0.34,72
Beans,pulses and nuts,2020,7,59,0,191.06,229.67,296.07,,262.87,138.28,72,89,80.5,0.317,89
Beans,pulses and nuts,2020,11,30,1,107.61,138.28,229.67,,221.34,115.0,89,113,91.3,0.305,113
Beans,pulses and nuts,2020,16,364,0,76.66,115.0,138.28,,194.76,122.17,113,76,87.5,0.423,76
Beans,pulses and nuts,2020,20,334,0,101.5,122.17,115.0,296.07,151.28,145.0,76,72,93.5,0.333,96
Beans,pulses and nuts,2020,25,303,0,116.5,145.0,122.17,229.67,130.11,154.44,96,89,93.5,0.315,89
Beans,pulses and nuts,2020,29,273,0,124.17,154.44,145.0,138.28,134.15,215.27,89,113,80.2,0.243,60
Beans,pulses and nuts,2020,33,242,0,185.98,215.27,154.44,115.0,159.22,232.46,60,76,83.8,0.371,90
Beans,pulses and nuts,2020,38,211,0,204.29,232.46,215.27,122.17,186.79,232.46,90,96,77.5,0.355,71
Beans,pulses and nuts,2020,42,181,0,180.12,232.46,232.46,145.0,208.65,,71,89,75.2,0.272,80
Beans,pulses and nuts,2020,46,150,0,220.0,,232.46,154.44,226.73,,80,60,83.5,0.323,93
Beans,pulses and nuts,2020,51,120,0,120.0,,,215.27,232.46,,93,90,84.0,0.28,92
Beans,pulses and nuts,2021,2,89,0,140.0,,,232.46,232.46,,92,71,84.5,0.194,73
Beans,pulses and nuts,2021,7,58,0,130.0,,,232.46,,,73,80,87.5,0.334,92
Beans,pulses and nuts,2021,11,30,1,185.0,,,,,,92,93,89.0,0.29,99
Beans,pulses and nuts,2021,15,364,0,45.0,,,,,527.86,99,92,86.0,0.327,80
Beans,pulses and nuts,2022,28,273,0,,527.86,,,527.86,376.92,80,73,79.5,0.242,47
Beans,pulses and nuts,2022,33,242,0,,376.92,527.86,,452.39,428.46,47,92,70.0,0.294,54
Beans,pulses and nuts,2022,37,211,0,,428.46,376.92,,444.41,525.2,54,99,61.8,0.218,66
Beans,pulses and nuts,2022,41,181,0,,525.2,428.46,,464.61,460.37,66,80,59.8,0.305,72
Beans,pulses and nuts,2022,46,150,0,,460.37,525.2,527.86,447.74,711.15,72,47,64.8,0.296,67
Beans,pulses and nuts,2022,50,120,0,,711.15,460.37,376.92,531.3,358.4,67,54,66.5,0.213,61
Beans,pulses and nuts,2023,2,89,0,,358.4,711.15,428.46,513.78,544.29,61,66,68.5,0.274,74
Beans,pulses and nuts,2023,7,58,0,,544.29,358.4,525.2,518.55,242.22,74,72,67.2,0.263,67
Beans,pulses and nuts,2023,11,30,1,,242.22,544.29,460.37,464.02,376.55,67,67,77.5,0.384,108
Beans,pulses and nuts,2023,15,365,0,,376.55,242.22,711.15,380.36,340.0,108,61,80.0,0.292,71
Beans,pulses and nuts,2023,20,335,0,,340.0,376.55,358.4,375.76,509.41,71,74,80.0,0.307,74
Beans,pulses and nuts,2023,24,304,0,,509.41,340.0,544.29,367.04,505.77,74,67,79.8,0.225,66
Beans,pulses and nuts,2023,28,274,0,,505.77,509.41,242.22,432.93,462.17,66,108,67.8,0.301,60
Beans,pulses and nuts,2023,33,243,0,,462.17,505.77,376.55,454.34,429.61,60,71,64.8,0.327,59
Beans,pulses and nuts,2023,37,212,0,,429.61,462.17,340.0,476.74,510.63,59,74,65.0,0.346,75
Beans,pulses and nuts,2023,41,182,0,,510.63,429.61,509.41,477.05,557.05,75,66,66.2,0.335,71
Beans,pulses and nuts,2023,46,151,0,,557.05,510.63,505.77,489.86,634.33,71,60,66.8,0.338,62
Beans,pulses and nuts,2023,50,121,0,,634.33,557.05,462.17,532.9,887.34,62,59,67.0,0.256,60
Beans,pulses and nuts,2024,3,90,0,,887.34,634.33,429.61,647.34,715.92,60,75,59.8,0.296,46
Beans,pulses and nuts,2024,7,59,0,,715.92,887.34,510.63,698.66,395.56,46,71,55.8,0.366,55
Beans,pulses and nuts,2024,11,30,1,,395.56,715.92,557.05,658.29,267.3,55,62,62.2,0.19,88
Beans,pulses and nuts,2024,16,364,0,,267.3,395.56,634.33,566.53,504.93,88,60,72.2,0.295,100
Beans,pulses and nuts,2024,20,334,0,,504.93,267.3,887.34,470.93,643.52,100,46,75.0,0.329,57
Beans,pulses and nuts,2024,24,303,0,,643.52,504.93,715.92,452.83,715.67,57,55,73.8,0.219,50
Beans,pulses and nuts,2024,29,273,0,,715.67,643.52,395.56,532.85,535.92,50,88,64.8,0.231,52
Beans,pulses and nuts,2024,33,242,0,,535.92,715.67,267.3,600.01,380.0,52,100,56.5,0.339,67
Beans,pulses and nuts,2024,37,211,0,,380.0,535.92,504.93,568.77,467.79,67,57,58.5,0.347,65
Beans,pulses and nuts,2024,42,181,0,,467.79,380.0,643.52,524.84,492.85,65,50,65.2,0.348,77
Beans,pulses and nuts,2024,46,150,0,,492.85,467.79,715.67,469.14,610.3,77,52,67.2,0.342,60
Beans,pulses and nuts,2024,50,120,0,,610.3,492.85,535.92,487.73,511.8,60,67,64.5,0.294,56
Beans,pulses and nuts,2025,3,89,0,,511.8,610.3,380.0,520.68,520.5,56,65,62.5,0.2,57
Beans,pulses and nuts,2025,7,58,0,,520.5,511.8,467.79,533.86,570.71,57,77,57.2,0.261,56
Beans,pulses and nuts,2025,11,30,1,,570.71,520.5,492.85,553.32,629.55,56,60,64.0,0.358,87
Beans,pulses and nuts,2025,16,364,0,,629.55,570.71,610.3,558.14,619.68,87,56,63.8,0.19,55
Beans,pulses and nuts,2025,20,334,0,,619.68,629.55,511.8,585.11,647.17,55,57,64.0,0.291,58
Beans,pulses and nuts,2025,24,303,0,,647.17,619.68,520.5,616.78,590.08,58,56,62.5,0.376,50
Beans,pulses and nuts,2025,29,273,0,,590.08,647.17,570.71,621.62,666.48,50,87,53.0,0.356,49
Beans,pulses and nuts,2025,33,242,0,,666.48,590.08,629.55,630.85,473.98,49,55,51.0,0.297,47
Beans,pulses and nuts,2025,38,211,0,,473.98,666.48,619.68,594.43,,47,58,50.5,0.298,56
Beans (mung),pulses and nuts,2023,24,304,0,,1307.09,,,1307.09,1075.4,151,151,151.0,0.303,151
Beans (mung),pulses and nuts,2023,28,274,0,,1075.4,1307.09,,1191.24,1071.37,151,176,163.5,0.269,176
Beans (mung),pulses and nuts,2023,33,243,0,,1071.37,1075.4,,1151.28,1023.5,176,204,177.0,0.277,204
Beans (mung),pulses and nuts,2023,37,212,0,,1023.5,1071.37,,1119.34,928.61,204,223,188.5,0.275,223
Beans (mung),pulses and nuts,2023,41,182,0,,928.61,1023.5,1307.09,1024.72,889.37,223,151,220.2,0.269,278
Beans (mung),pulses and nuts,2023,46,151,0,,889.37,928.61,1075.4,978.21,945.19,278,176,224.2,0.244,192
Beans (mung),pulses and nuts,2023,50,121,0,,945.19,889.37,1071.37,946.66,1088.73,192,204,236.5,0.283,253
Beans (mung),pulses and nuts,2024,3,90,0,,1088.73,945.19,1023.5,962.97,1098.8,253,223,235.0,0.296,217
Beans (mung),pulses and nuts,2024,7,59,0,,1098.8,1088.73,928.61,1005.52,1238.69,217,278,222.2,0.355,227
Beans (mung),pulses and nuts,2024,11,30,1,,1238.69,1098.8,889.37,1092.85,1379.17,227,192,237.0,0.342,251
Beans (mung),pulses and nuts,2024,16,364,0,,1379.17,1238.69,945.19,1201.35,1238.26,251,253,231.8,0.352,232
Beans (mung),pulses and nuts,2024,20,334,0,,1238.26,1379.17,1088.73,1238.73,1161.94,232,217,227.5,0.287,200
Beans (mung),pulses and nuts,2024,24,303,0,,1161.94,1238.26,1098.8,1254.51,999.45,200,227,217.2,0.289,186
Beans (mung),pulses and nuts,2024,29,273,0,,999.45,1161.94,1238.69,1194.7,921.2,186,251,210.8,0.282,225
Beans (mung),pulses and nuts,2024,33,242,0,,921.2,999.45,1379.17,1080.21,876.61,225,232,212.2,0.338,238
Beans (mung),pulses and nuts,2024,37,211,0,,876.61,921.2,1238.26,989.8,777.37,238,200,221.5,0.288,237
Beans (mung),pulses and nuts,2024,42,181,0,,777.37,876.61,1161.94,893.66,714.38,237,186,228.5,0.295,214
Beans (mung),pulses and nuts,2024,46,150,0,,714.38,777.37,999.45,822.39,698.16,214,225,235.5,0.359,253
Beans (mung),pulses and nuts,2024,50,120,0,,698.16,714.38,921.2,766.63,681.89,253,238,242.5,0.382,266
Beans (mung),pulses and nuts,2025,3,89,0,,681.89,698.16,876.61,717.95,689.87,266,237,245.2,0.374,248
Beans (mung),pulses and nuts,2025,7,58,0,,689.87,681.89,777.37,696.08,744.49,248,214,246.2,0.282,218
Beans (mung),pulses and nuts,2025,11,30,1,,744.49,689.87,714.38,703.6,815.33,218,253,262.0,0.311,316
Beans (mung),pulses and nuts,2025,16,364,0,,815.33,744.49,698.16,732.9,804.41,316,266,247.2,0.364,207
Beans (mung),pulses and nuts,2025,20,334,0,,804.41,815.33,681.89,763.53,791.82,207,248,249.8,0.287,258
Beans (mung),pulses and nuts,2025,24,303,0,,791.82,804.41,689.87,789.01,816.76,258,218,260.2,0.366,260
Beans (mung),pulses and nuts,2025,29,273,0,,816.76,791.82,744.49,807.08,848.02,260,316,239.5,0.266,233
Beans (mung),pulses and nuts,2025,33,242,0,,848.02,816.76,815.33,815.25,899.78,233,207,244.0,0.279,225
Beans (mung),pulses and nuts,2025,38,211,0,,899.78,848.02,804.41,839.1,,225,258,233.8,0.28,217
Cabbage,vegetables and fruits,2020,3,90,0,108.88,146.74,,,146.74,132.31,404,404,404.0,0.312,404
Cabbage,vegetables and fruits,2020,7,59,0,93.56,132.31,146.74,,139.52,110.33,404,442,423.0,0.288,442
Cabbage,vegetables and fruits,2020,11,30,1,76.44,110.33,132.31,,129.79,58.0,442,465,437.0,0.365,465
Cabbage,vegetables and fruits,2020,16,364,0,49.0,58.0,110.33,,111.84,55.92,465,424,433.8,0.269,424
Cabbage,vegetables and fruits,2020,20,334,0,38.71,55.92,58.0,146.74,89.14,103.78,424,404,405.2,0.256,290
Cabbage,vegetables and fruits,2020,25,303,0,69.4,103.78,55.92,132.31,82.01,100.9,290,442,373.0,0.33,313
Cabbage,vegetables and fruits,2020,29,273,0,67.85,100.9,103.78,110.33,79.65,122.77,313,465,335.5,0.326,315
Cabbage,vegetables and fruits,2020,33,242,0,90.45,122.77,100.9,58.0,95.84,117.08,315,424,331.0,0.313,406
Cabbage,vegetables and fruits,2020,38,211,0,84.46,117.08,122.77,55.92,111.13,117.08,406,290,353.2,0.269,379
Cabbage,vegetables and fruits,2020,42,181,0,80.29,117.08,117.08,103.78,114.46,,379,313,368.8,0.279,375
Cabbage,vegetables and fruits,2020,46,150,0,35.0,,117.08,100.9,118.98,,375,315,395.5,0.268,422
Cabbage,vegetables and fruits,2020,51,120,0,25.0,,,122.77,117.08,,422,406,370.0,0.254,304
Cabbage,vegetables and fruits,2021,2,89,0,40.0,,,117.08,117.08,,304,379,365.2,0.318,360
Cabbage,vegetables and fruits,2021,7,58,0,57.5,,,117.08,,,360,375,339.5,0.258,272
Cabbage,vegetables and fruits,2021,11,30,1,77.5,,,,,,272,422,362.0,0.308,512
Cabbage,vegetables and fruits,2021,15,364,0,75.0,,,,,360.0,512,304,394.0,0.263,432
Cabbage,vegetables and fruits,2022,28,273,0,,360.0,,,360.0,508.57,432,360,373.2,0.275,277
Cabbage,vegetables and fruits,2022,33,242,0,,508.57,360.0,,434.28,481.15,277,272,361.5,0.313,225
Cabbage,vegetables and fruits,2022,37,211,0,,481.15,508.57,,449.91,340.77,225,512,300.0,0.282,266
Cabbage,vegetables and fruits,2022,41,181,0,,340.77,481.15,,422.62,320.67,266,432,256.5,0.239,258
Cabbage,vegetables and fruits,2022,46,150,0,,320.67,340.77,360.0,412.79,107.0,258,277,252.2,0.343,260
Cabbage,vegetables and fruits,2022,50,120,0,,107.0,320.67,508.57,312.4,167.5,260,225,296.5,0.35,402
Cabbage,vegetables and fruits,2023,2,89,0,,167.5,107.0,481.15,233.98,48.0,402,266,316.0,0.294,344
Cabbage,vegetables and fruits,2023,7,58,0,,48.0,167.5,340.77,160.79,160.74,344,258,342.5,0.197,364
Cabbage,vegetables and fruits,2023,11,30,1,,160.74,48.0,320.67,120.81,267.14,364,260,419.2,0.318,567
Cabbage,vegetables and fruits,2023,15,365,0,,267.14,160.74,107.0,160.84,313.0,567,402,388.2,0.264,278
Cabbage,vegetables and fruits,2023,20,335,0,,313.0,267.14,167.5,197.22,363.7,278,344,374.8,0.361,290
Cabbage,vegetables and fruits,2023,24,304,0,,363.7,313.0,48.0,276.15,300.02,290,364,352.8,0.271,276
Cabbage,vegetables and fruits,2023,28,274,0,,300.02,363.7,160.74,310.97,264.4,276,567,278.8,0.255,271
Cabbage,vegetables and fruits,2023,33,243,0,,264.4,300.02,267.14,310.28,200.49,271,278,279.8,0.311,282
Cabbage,vegetables and fruits,2023,37,212,0,,200.49,264.4,313.0,282.15,217.26,282,290,297.8,0.265,362
Cabbage,vegetables and fruits,2023,41,182,0,,217.26,200.49,363.7,245.54,329.79,362,276,323.0,0.271,377
Cabbage,vegetables and fruits,2023,46,151,0,,329.79,217.26,300.02,252.99,495.31,377,271,323.0,0.426,271
Cabbage,vegetables and fruits,2023,50,121,0,,495.31,329.79,264.4,310.71,683.62,271,282,311.8,0.259,237
Cabbage,vegetables and fruits,2024,3,90,0,,683.62,495.31,200.49,431.5,575.8,237,362,280.0,0.316,235
Cabbage,vegetables and fruits,2024,7,59,0,,575.8,683.62,217.26,521.13,477.77,235,377,257.8,0.303,288
Cabbage,vegetables and fruits,2024,11,30,1,,477.77,575.8,329.79,558.13,277.23,288,271,283.8,0.225,375
Cabbage,vegetables and fruits,2024,16,364,0,,277.23,477.77,495.31,503.61,223.7,375,237,313.2,0.269,355
Cabbage,vegetables and fruits,2024,20,334,0,,223.7,277.23,683.62,388.62,285.97,355,235,329.8,0.338,301
Cabbage,vegetables and fruits,2024,24,303,0,,285.97,223.7,575.8,316.17,375.69,301,288,328.8,0.295,284
Cabbage,vegetables and fruits,2024,29,273,0,,375.69,285.97,477.77,290.65,353.52,284,375,306.2,0.264,285
Cabbage,vegetables and fruits,2024,33,242,0,,353.52,375.69,277.23,309.72,311.71,285,355,292.5,0.264,300
Cabbage,vegetables and fruits,2024,37,211,0,,311.71,353.52,223.7,331.72,244.5,300,301,288.2,0.29,284
Cabbage,vegetables and fruits,2024,42,181,0,,244.5,311.71,285.97,321.36,223.87,284,284,291.0,0.298,295
Cabbage,vegetables and fruits,2024,46,150,0,,223.87,244.5,375.69,283.4,290.11,295,285,310.2,0.374,362
Cabbage,vegetables and fruits,2024,50,120,0,,290.11,223.87,353.52,267.55,271.04,362,300,318.0,0.351,331
Cabbage,vegetables and fruits,2025,3,89,0,,271.04,290.11,311.71,257.38,392.24,331,284,307.0,0.207,240
Cabbage,vegetables and fruits,2025,7,58,0,,392.24,271.04,244.5,294.32,378.28,240,295,291.2,0.35,232
Cabbage,vegetables and fruits,2025,11,30,1,,378.28,392.24,223.87,332.92,418.42,232,362,264.0,0.277,253
Cabbage,vegetables and fruits,2025,16,364,0,,418.42,378.28,290.11,365.0,522.83,253,331,236.2,0.33,220
Cabbage,vegetables and fruits,2025,20,334,0,,522.83,418.42,271.04,427.95,469.67,220,240,239.0,0.306,251
Cabbage,vegetables and fruits,2025,24,303,0,,469.67,522.83,392.24,447.3,350.61,251,232,247.0,0.311,264
Cabbage,vegetables and fruits,2025,29,273,0,,350.61,469.67,378.28,440.39,306.84,264,253,254.8,0.285,284
Cabbage,vegetables and fruits,2025,33,242,0,,306.84,350.61,418.42,412.49,273.57,284,220,274.0,0.182,297
Cabbage,vegetables and fruits,2025,38,211,0,,273.57,306.84,522.83,350.17,,297,251,296.5,0.434,341
Carrots,vegetables and fruits,2020,3,90,0,363.36,397.52,,,397.52,275.11,181,181,181.0,0.256,181
Carrots,vegetables and fruits,2020,7,59,0,240.8,275.11,397.52,,336.32,173.38,181,240,210.5,0.287,240
Carrots,vegetables and fruits,2020,11,30,1,140.33,173.38,275.11,,282.01,90.5,240,337,252.7,0.166,337
Carrots,vegetables and fruits,2020,16,364,0,98.08,90.5,173.38,,234.13,85.17,337,275,258.2,0.281,275
Carrots,vegetables and fruits,2020,20,334,0,61.2,85.17,90.5,397.52,156.04,150.18,275,181,263.5,0.194,202
Carrots,vegetables and fruits,2020,25,303,0,122.92,150.18,85.17,275.11,124.81,126.96,202,240,271.0,0.3,270
Carrots,vegetables and fruits,2020,29,273,0,98.83,126.96,150.18,173.38,113.2,127.91,270,337,243.8,0.304,228
Carrots,vegetables and fruits,2020,33,242,0,98.88,127.91,126.96,90.5,122.55,146.0,228,275,238.0,0.247,252
Carrots,vegetables and fruits,2020,38,211,0,117.0,146.0,127.91,85.17,137.76,146.0,252,202,254.2,0.269,267
Carrots,vegetables and fruits,2020,42,181,0,125.08,146.0,146.0,150.18,136.72,,267,270,245.0,0.253,233
Carrots,vegetables and fruits,2020,46,150,0,135.0,,146.0,126.96,139.97,,233,228,244.5,0.249,226
Carrots,vegetables and fruits,2020,51,120,0,105.0,,,127.91,146.0,,226,252,249.2,0.295,271
Carrots,vegetables and fruits,2021,2,89,0,117.5,,,146.0,146.0,,271,267,255.8,0.237,293
Carrots,vegetables and fruits,2021,7,58,0,130.0,,,146.0,,,293,233,261.8,0.314,257
Carrots,vegetables and fruits,2021,11,30,1,160.0,,,,,,257,226,324.8,0.336,478
Carrots,vegetables and fruits,2021,15,364,0,145.0,,,,,350.91,478,271,330.5,0.316,294
Carrots,vegetables and fruits,2022,28,273,0,,350.91,,,350.91,388.97,294,293,309.2,0.279,208
Carrots,vegetables and fruits,2022,33,242,0,,388.97,350.91,,369.94,332.8,208,257,300.2,0.265,221
Carrots,vegetables and fruits,2022,37,211,0,,332.8,388.97,,357.56,408.15,221,478,239.8,0.316,236
Carrots,vegetables and fruits,2022,41,181,0,,408.15,332.8,,370.21,479.63,236,294,214.0,0.245,191
Carrots,vegetables and fruits,2022,46,150,0,,479.63,408.15,350.91,402.39,240.0,191,208,213.2,0.32,205
Carrots,vegetables and fruits,2022,50,120,0,,240.0,479.63,388.97,365.14,322.5,205,221,219.8,0.421,247
Carrots,vegetables and fruits,2023,2,89,0,,322.5,240.0,332.8,362.57,97.0,247,236,212.8,0.357,208
Carrots,vegetables and fruits,2023,7,58,0,,97.0,322.5,408.15,284.78,203.33,208,191,232.8,0.371,271
Carrots,vegetables and fruits,2023,11,30,1,,203.33,97.0,479.63,215.71,254.81,271,205,288.2,0.3,427
Carrots,vegetables and fruits,2023,15,365,0,,254.81,203.33,240.0,219.41,302.0,427,247,287.5,0.283,244
Carrots,vegetables and fruits,2023,20,335,0,,302.0,254.81,322.5,214.28,456.91,244,208,287.5,0.337,208
Carrots,vegetables and fruits,2023,24,304,0,,456.91,302.0,97.0,304.26,527.82,208,271,269.0,0.31,197
Carrots,vegetables and fruits,2023,28,274,0,,527.82,456.91,203.33,385.39,485.91,197,427,204.0,0.289,167
Carrots,vegetables and fruits,2023,33,243,0,,485.91,527.82,254.81,443.16,314.28,167,244,192.0,0.343,196
Carrots,vegetables and fruits,2023,37,212,0,,314.28,485.91,302.0,446.23,315.96,196,208,199.5,0.371,238
Carrots,vegetables and fruits,2023,41,182,0,,315.96,314.28,456.91,410.99,413.48,238,197,210.8,0.427,242
Carrots,vegetables and fruits,2023,46,151,0,,413.48,315.96,527.82,382.41,542.33,242,167,208.8,0.328,159
Carrots,vegetables and fruits,2023,50,121,0,,542.33,413.48,485.91,396.51,1334.59,159,196,206.8,0.343,188
Carrots,vegetables and fruits,2024,3,90,0,,1334.59,542.33,314.28,651.59,788.28,188,238,186.2,0.216,156
Carrots,vegetables and fruits,2024,7,59,0,,788.28,1334.59,315.96,769.67,474.91,156,242,166.2,0.253,162
Carrots,vegetables and fruits,2024,11,30,1,,474.91,788.28,413.48,785.03,364.08,162,159,184.8,0.281,233
Carrots,vegetables and fruits,2024,16,364,0,,364.08,474.91,542.33,740.46,280.61,233,188,182.2,0.187,178
Carrots,vegetables and fruits,2024,20,334,0,,280.61,364.08,1334.59,476.97,416.79,178,156,195.0,0.316,207
Carrots,vegetables and fruits,2024,24,303,0,,416.79,280.61,788.28,384.1,529.73,207,162,193.5,0.221,156
Carrots,vegetables and fruits,2024,29,273,0,,529.73,416.79,474.91,397.8,376.61,156,233,174.8,0.27,158
Carrots,vegetables and fruits,2024,33,242,0,,376.61,529.73,364.08,400.94,302.03,158,178,179.0,0.383,195
Carrots,vegetables and fruits,2024,37,211,0,,302.03,376.61,280.61,406.29,207.72,195,207,170.0,0.315,171
Carrots,vegetables and fruits,2024,42,181,0,,207.72,302.03,416.79,354.02,216.52,171,156,199.5,0.318,274
Carrots,vegetables and fruits,2024,46,150,0,,216.52,207.72,529.73,275.72,310.5,274,158,223.2,0.368,253
Carrots,vegetables and fruits,2024,50,120,0,,310.5,216.52,376.61,259.19,379.34,253,195,229.8,0.329,221
Carrots,vegetables and fruits,2025,3,89,0,,379.34,310.5,302.03,278.52,802.84,221,171,237.0,0.352,200
Carrots,vegetables and fruits,2025,7,58,0,,802.84,379.34,207.72,427.3,800.08,200,274,209.5,0.349,164
Carrots,vegetables and fruits,2025,11,30,1,,800.08,802.84,216.52,573.19,579.26,164,253,206.8,0.316,242
Carrots,vegetables and fruits,2025,16,364,0,,579.26,800.08,310.5,640.38,919.84,242,221,189.8,0.269,153
Carrots,vegetables and fruits,2025,20,334,0,,919.84,579.26,379.34,775.51,668.93,153,200,168.8,0.387,116
Carrots,vegetables and fruits,2025,24,303,0,,668.93,919.84,802.84,742.03,453.74,116,164,172.0,0.285,177
Carrots,vegetables and fruits,2025,29,273,0,,453.74,668.93,800.08,655.44,504.78,177,242,153.5,0.295,168
Carrots,vegetables and fruits,2025,33,242,0,,504.78,453.74,579.26,636.82,354.3,168,153,156.2,0.39,164
Carrots,vegetables and fruits,2025,38,211,0,,354.3,504.78,919.84,495.44,,164,116,178.8,0.323,206
"Chili (red, dry raw)",miscellaneous food,2020,3,90,0,483.19,514.26,,,514.26,570.78,294,294,294.0,0.303,294
"Chili (red, dry raw)",miscellaneous food,2020,7,59,0,541.81,570.78,514.26,,542.52,425.69,294,248,271.0,0.319,248
"Chili (red, dry raw)",miscellaneous food,2020,11,30,1,400.69,425.69,570.78,,503.58,488.0,248,383,308.3,0.298,383
"Chili (red, dry raw)",miscellaneous food,2020,16,364,0,475.0,488.0,425.69,,499.68,380.17,383,260,296.2,0.252,260
"Chili (red, dry raw)",miscellaneous food,2020,20,334,0,377.0,380.17,488.0,514.26,466.16,425.68,260,294,293.2,0.321,282
"Chili (red, dry raw)",miscellaneous food,2020,25,303,0,398.45,425.68,380.17,570.78,429.88,414.3,282,248,310.0,0.247,315
"Chili (red, dry raw)",miscellaneous food,2020,29,273,0,393.92,414.3,425.68,425.69,427.04,420.08,315,383,282.0,0.311,271
"Chili (red, dry raw)",miscellaneous food,2020,33,242,0,396.87,420.08,414.3,488.0,410.06,425.45,271,260,284.0,0.408,268
"Chili (red, dry raw)",miscellaneous food,2020,38,211,0,400.45,425.45,420.08,380.17,421.38,425.45,268,282,279.0,0.356,262
"Chili (red, dry raw)",miscellaneous food,2020,42,181,0,400.45,425.45,425.45,425.68,421.32,,262,315,263.8,0.26,254
"Chili (red, dry raw)",miscellaneous food,2021,2,89,0,485.0,,425.45,414.3,423.66,,254,271,273.5,0.324,310
"Chili (red, dry raw)",miscellaneous food,2021,7,58,0,471.0,,,420.08,425.45,,310,268,289.8,0.374,333
"Chili (red, dry raw)",miscellaneous food,2021,11,30,1,497.0,,,425.45,425.45,,333,262,323.5,0.259,397
"Chili (red, dry raw)",miscellaneous food,2021,15,364,0,500.0,,,425.45,,2015.71,397,254,320.8,0.382,243
"Chili (red, dry raw)",miscellaneous food,2022,28,273,0,,2015.71,,,2015.71,1779.17,243,310,284.2,0.326,164
"Chili (red, dry raw)",miscellaneous food,2022,33,242,0,,1779.17,2015.71,,1897.44,1779.17,164,333,249.0,0.295,192
"Chili (red, dry raw)",miscellaneous food,2022,37,211,0,,1779.17,1779.17,,1858.02,1804.86,192,397,197.2,0.26,190
"Chili (red, dry raw)",miscellaneous food,2022,41,181,0,,1804.86,1779.17,,1844.73,1815.0,190,243,178.2,0.328,167
"Chili (red, dry raw)",miscellaneous food,2022,46,150,0,,1815.0,1804.86,2015.71,1794.55,1411.5,167,164,179.8,0.328,170
"Chili (red, dry raw)",miscellaneous food,2022,50,120,0,,1411.5,1815.0,1779.17,1702.63,1710.94,170,192,173.5,0.318,167
"Chili (red, dry raw)",miscellaneous food,2023,2,89,0,,1710.94,1411.5,1779.17,1685.58,1069.5,167,190,168.2,0.337,169
"Chili (red, dry raw)",miscellaneous food,2023,7,58,0,,1069.5,1710.94,1804.86,1501.74,1404.84,169,167,178.2,0.28,207
"Chili (red, dry raw)",miscellaneous food,2023,11,30,1,,1404.84,1069.5,1815.0,1399.2,1368.28,207,170,209.0,0.396,293
"Chili (red, dry raw)",miscellaneous food,2023,15,365,0,,1368.28,1404.84,1411.5,1388.39,971.0,293,167,218.8,0.331,206
"Chili (red, dry raw)",miscellaneous food,2023,20,335,0,,971.0,1368.28,1710.94,1203.4,1187.41,206,169,237.5,0.345,244
"Chili (red, dry raw)",miscellaneous food,2023,24,304,0,,1187.41,971.0,1069.5,1232.88,1233.63,244,207,235.2,0.284,198
"Chili (red, dry raw)",miscellaneous food,2023,28,274,0,,1233.63,1187.41,1404.84,1190.08,1241.39,198,293,206.0,0.314,176
"Chili (red, dry raw)",miscellaneous food,2023,33,243,0,,1241.39,1233.63,1368.28,1158.36,1227.44,176,206,207.5,0.395,212
"Chili (red, dry raw)",miscellaneous food,2023,37,212,0,,1227.44,1241.39,971.0,1222.47,1222.56,212,244,189.5,0.321,172
"Chili (red, dry raw)",miscellaneous food,2023,41,182,0,,1222.56,1227.44,1187.41,1231.25,1212.56,172,198,192.2,0.304,209
"Chili (red, dry raw)",miscellaneous food,2023,46,151,0,,1212.56,1222.56,1233.63,1225.99,1211.18,209,176,202.5,0.297,217
"Chili (red, dry raw)",miscellaneous food,2023,50,121,0,,1211.18,1212.56,1241.39,1218.43,1187.32,217,212,218.5,0.3,276
"Chili (red, dry raw)",miscellaneous food,2024,3,90,0,,1187.32,1211.18,1227.44,1208.41,1095.41,276,172,224.5,0.293,196
"Chili (red, dry raw)",miscellaneous food,2024,7,59,0,,1095.41,1187.32,1222.56,1176.62,998.86,196,209,224.2,0.303,208
"Chili (red, dry raw)",miscellaneous food,2024,11,30,1,,998.86,1095.41,1212.56,1123.19,851.19,208,217,278.2,0.281,433
"Chili (red, dry raw)",miscellaneous food,2024,16,364,0,,851.19,998.86,1211.18,1033.2,852.91,433,276,275.2,0.294,264
"Chili (red, dry raw)",miscellaneous food,2024,20,334,0,,852.91,851.19,1187.32,949.59,869.18,264,196,290.5,0.273,257
"Chili (red, dry raw)",miscellaneous food,2024,24,303,0,,869.18,852.91,1095.41,893.04,885.67,257,208,287.0,0.39,194
"Chili (red, dry raw)",miscellaneous food,2024,29,273,0,,885.67,869.18,998.86,864.74,868.71,194,433,239.2,0.289,242
"Chili (red, dry raw)",miscellaneous food,2024,33,242,0,,868.71,885.67,851.19,869.12,836.9,242,264,228.0,0.335,219
"Chili (red, dry raw)",miscellaneous food,2024,37,211,0,,836.9,868.71,852.91,865.11,835.76,219,257,225.5,0.309,247
"Chili (red, dry raw)",miscellaneous food,2024,42,181,0,,835.76,836.9,869.18,856.76,830.38,247,194,229.8,0.345,211
"Chili (red, dry raw)",miscellaneous food,2024,46,150,0,,830.38,835.76,885.67,842.94,820.06,211,242,243.8,0.261,298
"Chili (red, dry raw)",miscellaneous food,2024,50,120,0,,820.06,830.38,868.71,830.78,822.5,298,219,252.5,0.333,254
"Chili (red, dry raw)",miscellaneous food,2025,3,89,0,,822.5,820.06,836.9,827.18,777.96,254,247,250.5,0.387,239
"Chili (red, dry raw)",miscellaneous food,2025,7,58,0,,777.96,822.5,835.76,812.73,763.39,239,211,271.5,0.317,295
"Chili (red, dry raw)",miscellaneous food,2025,11,30,1,,763.39,777.96,830.38,795.98,723.46,295,298,278.8,0.264,327
"Chili (red, dry raw)",miscellaneous food,2025,16,364,0,,723.46,763.39,820.06,771.83,699.03,327,254,274.8,0.423,238
"Chili (red, dry raw)",miscellaneous food,2025,20,334,0,,699.03,723.46,822.5,740.96,711.55,238,239,272.5,0.301,230
"Chili (red, dry raw)",miscellaneous food,2025,24,303,0,,711.55,699.03,777.96,724.36,752.01,230,295,256.8,0.296,232
"Chili (red, dry raw)",miscellaneous food,2025,29,273,0,,752.01,711.55,763.39,721.51,726.48,232,327,250.0,0.36,300
"Chili (red, dry raw)",miscellaneous food,2025,33,242,0,,726.48,752.01,723.46,722.27,743.82,300,238,255.5,0.303,260
"Chili (red, dry raw)",miscellaneous food,2025,38,211,0,,743.82,726.48,699.03,733.47,,260,230,265.5,0.196,270
Coconut,vegetables and fruits,2020,3,90,0,51.5,59.12,,,59.12,68.84,97,97,97.0,0.345,97
Coconut,vegetables and fruits,2020,7,59,0,62.72,68.84,59.12,,63.98,68.16,97,72,84.5,0.344,72
Coconut,vegetables and fruits,2020,11,30,1,59.34,68.16,68.84,,65.37,64.0,72,116,95.0,0.314,116
Coconut,vegetables and fruits,2020,16,364,0,64.33,64.0,68.16,,65.03,60.67,116,67,88.0,0.305,67
Coconut,vegetables and fruits,2020,20,334,0,61.42,60.67,64.0,59.12,65.42,63.86,67,97,81.0,0.297,69
Coconut,vegetables and fruits,2020,25,303,0,59.08,63.86,60.67,68.84,64.18,60.66,69,72,82.0,0.222,76
Coconut,vegetables and fruits,2020,29,273,0,57.78,60.66,63.86,68.16,62.3,65.09,76,116,74.8,0.305,87
Coconut,vegetables and fruits,2020,33,242,0,62.08,65.09,60.66,64.0,62.57,66.95,87,67,78.0,0.243,80
Coconut,vegetables and fruits,2020,38,211,0,64.45,66.95,65.09,60.67,64.14,66.95,80,69,78.0,0.348,69
Coconut,vegetables and fruits,2020,42,181,0,64.45,66.95,66.95,63.86,64.91,94.05,69,76,75.5,0.298,66
Coconut,vegetables and fruits,2022,28,273,0,,94.05,66.95,60.66,73.26,95.16,66,87,69.5,0.224,63
Coconut,vegetables and fruits,2022,33,242,0,,95.16,94.05,65.09,80.78,96.43,63,80,63.0,0.274,54
Coconut,vegetables and fruits,2022,37,211,0,,96.43,95.16,66.95,88.15,105.2,54,69,61.0,0.299,61
Coconut,vegetables and fruits,2022,41,181,0,,105.2,96.43,66.95,97.71,104.58,61,66,54.2,0.202,39
Coconut,vegetables and fruits,2022,46,150,0,,104.58,105.2,94.05,100.34,109.42,39,63,54.5,0.224,64
Coconut,vegetables and fruits,2022,50,120,0,,109.42,104.58,95.16,103.91,119.77,64,54,58.2,0.269,69
Coconut,vegetables and fruits,2023,2,89,0,,119.77,109.42,96.43,109.74,118.95,69,61,56.2,0.283,53
Coconut,vegetables and fruits,2023,7,58,0,,118.95,119.77,105.2,113.18,119.0,53,39,62.2,0.279,63
Coconut,vegetables and fruits,2023,11,30,1,,119.0,118.95,104.58,116.78,116.11,63,64,74.5,0.196,113
Coconut,vegetables and fruits,2023,15,365,0,,116.11,119.0,109.42,118.46,96.43,113,69,73.2,0.304,64
Coconut,vegetables and fruits,2023,20,335,0,,96.43,116.11,119.77,112.62,75.81,64,53,77.2,0.358,69
Coconut,vegetables and fruits,2023,24,304,0,,75.81,96.43,118.95,101.84,71.63,69,63,76.2,0.386,59
Coconut,vegetables and fruits,2023,28,274,0,,71.63,75.81,119.0,90.0,70.05,59,113,64.5,0.249,66
Coconut,vegetables and fruits,2023,33,243,0,,70.05,71.63,116.11,78.48,69.78,66,64,68.8,0.307,81
Coconut,vegetables and fruits,2023,37,212,0,,69.78,70.05,96.43,71.82,72.52,81,69,71.8,0.26,81
Coconut,vegetables and fruits,2023,41,182,0,,72.52,69.78,75.81,71.0,74.13,81,59,81.5,0.268,98
Coconut,vegetables and fruits,2023,46,151,0,,74.13,72.52,71.63,71.62,77.75,98,66,79.0,0.323,56
Coconut,vegetables and fruits,2023,50,121,0,,77.75,74.13,70.05,73.54,80.34,56,81,77.2,0.38,74
Coconut,vegetables and fruits,2024,3,90,0,,80.34,77.75,69.78,76.18,79.88,74,81,72.5,0.246,62
Coconut,vegetables and fruits,2024,7,59,0,,79.88,80.34,72.52,78.02,82.57,62,98,64.2,0.301,65
Coconut,vegetables and fruits,2024,11,30,1,,82.57,79.88,74.13,80.13,82.14,65,56,78.0,0.246,111
Coconut,vegetables and fruits,2024,16,364,0,,82.14,82.57,77.75,81.23,81.54,111,74,76.2,0.289,67
Coconut,vegetables and fruits,2024,20,334,0,,81.54,82.14,80.34,81.53,85.93,67,62,76.2,0.227,62
Coconut,vegetables and fruits,2024,24,303,0,,85.93,81.54,79.88,83.04,85.18,62,65,77.2,0.226,69
Coconut,vegetables and fruits,2024,29,273,0,,85.18,85.93,82.57,83.7,86.49,69,111,68.5,0.343,76
Coconut,vegetables and fruits,2024,33,242,0,,86.49,85.18,82.14,84.78,94.27,76,67,68.2,0.294,66
Coconut,vegetables and fruits,2024,37,211,0,,94.27,86.49,81.54,87.97,103.31,66,62,67.8,0.292,60
Coconut,vegetables and fruits,2024,42,181,0,,103.31,94.27,85.93,92.31,113.41,60,69,68.0,0.215,70
Coconut,vegetables and fruits,2024,46,150,0,,113.41,103.31,85.18,99.37,130.77,70,76,64.8,0.346,63
Coconut,vegetables and fruits,2024,50,120,0,,130.77,113.41,86.49,110.44,142.33,63,66,62.0,0.273,55
Coconut,vegetables and fruits,2025,3,89,0,,142.33,130.77,94.27,122.46,164.04,55,60,58.0,0.262,44
Coconut,vegetables and fruits,2025,7,58,0,,164.04,142.33,103.31,137.64,160.57,44,70,54.2,0.376,55
Coconut,vegetables and fruits,2025,11,30,1,,160.57,164.04,113.41,149.43,158.99,55,63,61.5,0.268,92
Coconut,vegetables and fruits,2025,16,364,0,,158.99,160.57,130.77,156.48,159.56,92,55,61.2,0.315,54
Coconut,vegetables and fruits,2025,20,334,0,,159.56,158.99,142.33,160.79,149.05,54,44,63.2,0.382,52
Coconut,vegetables and fruits,2025,24,303,0,,149.05,159.56,164.04,157.04,124.46,52,55,61.0,0.259,46
Coconut,vegetables and fruits,2025,29,273,0,,124.46,149.05,160.57,148.01,133.08,46,92,51.8,0.353,55
Coconut,vegetables and fruits,2025,33,242,0,,133.08,124.46,158.99,141.54,140.34,55,54,53.2,0.238,60
Coconut,vegetables and fruits,2025,38,211,0,,140.34,133.08,159.56,136.73,,60,52,51.2,0.244,44
"Cowpeas (whole, average)",pulses and nuts,2021,46,150,0,,535.04,,,535.04,523.74,314,314,314.0,0.377,314
"Cowpeas (whole, average)",pulses and nuts,2021,50,120,0,,523.74,535.04,,529.39,594.54,314,293,303.5,0.274,293
"Cowpeas (whole, average)",pulses and nuts,2022,2,89,0,,594.54,523.74,,551.11,613.83,293,247,284.7,0.214,247
"Cowpeas (whole, average)",pulses and nuts,2022,7,58,0,,613.83,594.54,,566.79,641.97,247,205,264.8,0.245,205
"Cowpeas (whole, average)",pulses and nuts,2022,11,30,1,,641.97,613.83,535.04,593.52,671.92,205,314,274.8,0.329,354
"Cowpeas (whole, average)",pulses and nuts,2022,15,364,0,,671.92,641.97,523.74,630.57,661.22,354,293,270.5,0.291,276
"Cowpeas (whole, average)",pulses and nuts,2022,19,334,0,,661.22,671.92,594.54,647.24,679.92,276,247,269.0,0.236,241
"Cowpeas (whole, average)",pulses and nuts,2022,24,303,0,,679.92,661.22,613.83,663.76,802.15,241,205,283.8,0.311,264
"Cowpeas (whole, average)",pulses and nuts,2022,28,273,0,,802.15,679.92,641.97,703.8,835.52,264,354,259.5,0.296,257
"Cowpeas (whole, average)",pulses and nuts,2022,33,242,0,,835.52,802.15,671.92,744.7,938.45,257,276,254.5,0.19,256
"Cowpeas (whole, average)",pulses and nuts,2022,37,211,0,,938.45,835.52,661.22,814.01,1145.19,256,241,261.0,0.246,267
"Cowpeas (whole, average)",pulses and nuts,2022,41,181,0,,1145.19,938.45,679.92,930.33,1192.85,267,264,245.2,0.304,201
"Cowpeas (whole, average)",pulses and nuts,2022,46,150,0,,1192.85,1145.19,802.15,1028.0,1288.34,201,257,227.2,0.312,185
"Cowpeas (whole, average)",pulses and nuts,2022,50,120,0,,1288.34,1192.85,835.52,1141.21,1405.25,185,256,212.2,0.332,196
"Cowpeas (whole, average)",pulses and nuts,2023,2,89,0,,1405.25,1288.34,938.45,1257.91,894.75,196,267,198.2,0.339,211
"Cowpeas (whole, average)",pulses and nuts,2023,7,58,0,,894.75,1405.25,1145.19,1195.3,1125.06,211,201,210.2,0.371,249
"Cowpeas (whole, average)",pulses and nuts,2023,11,30,1,,1125.06,894.75,1192.85,1178.35,984.81,249,185,230.2,0.273,265
"Cowpeas (whole, average)",pulses and nuts,2023,15,365,0,,984.81,1125.06,1288.34,1102.47,723.8,265,196,233.8,0.226,210
"Cowpeas (whole, average)",pulses and nuts,2023,20,335,0,,723.8,984.81,1405.25,932.1,858.97,210,211,245.2,0.281,257
"Cowpeas (whole, average)",pulses and nuts,2023,24,304,0,,858.97,723.8,894.75,923.16,855.85,257,249,234.8,0.317,207
"Cowpeas (whole, average)",pulses and nuts,2023,28,274,0,,855.85,858.97,1125.06,855.86,997.52,207,265,238.5,0.307,280
"Cowpeas (whole, average)",pulses and nuts,2023,33,243,0,,997.52,855.85,984.81,859.04,1041.06,280,210,240.5,0.252,218
"Cowpeas (whole, average)",pulses and nuts,2023,37,212,0,,1041.06,997.52,723.8,938.35,1084.26,218,257,238.0,0.247,247
"Cowpeas (whole, average)",pulses and nuts,2023,41,182,0,,1084.26,1041.06,858.97,994.67,1101.86,247,207,233.2,0.288,188
"Cowpeas (whole, average)",pulses and nuts,2023,46,151,0,,1101.86,1084.26,855.85,1056.17,1125.38,188,280,211.5,0.342,193
"Cowpeas (whole, average)",pulses and nuts,2023,50,121,0,,1125.38,1101.86,997.52,1088.14,1157.1,193,218,209.5,0.322,210
"Cowpeas (whole, average)",pulses and nuts,2024,3,90,0,,1157.1,1125.38,1041.06,1117.15,1155.55,210,247,203.2,0.339,222
"Cowpeas (whole, average)",pulses and nuts,2024,7,59,0,,1155.55,1157.1,1084.26,1134.97,944.86,222,188,215.8,0.254,238
"Cowpeas (whole, average)",pulses and nuts,2024,11,30,1,,944.86,1155.55,1101.86,1095.72,846.82,238,193,226.8,0.303,237
"Cowpeas (whole, average)",pulses and nuts,2024,16,364,0,,846.82,944.86,1125.38,1026.08,857.47,237,210,238.8,0.257,258
"Cowpeas (whole, average)",pulses and nuts,2024,20,334,0,,857.47,846.82,1157.1,951.18,858.98,258,222,259.0,0.324,303
"Cowpeas (whole, average)",pulses and nuts,2024,24,303,0,,858.98,857.47,1155.55,877.03,878.96,303,238,261.2,0.333,247
"Cowpeas (whole, average)",pulses and nuts,2024,29,273,0,,878.96,858.98,944.86,860.56,886.19,247,237,249.2,0.209,189
"Cowpeas (whole, average)",pulses and nuts,2024,33,242,0,,886.19,878.96,846.82,870.4,866.62,189,258,237.2,0.346,210
"Cowpeas (whole, average)",pulses and nuts,2024,37,211,0,,866.62,886.19,857.47,872.69,800.46,210,303,219.8,0.262,233
"Cowpeas (whole, average)",pulses and nuts,2024,42,181,0,,800.46,866.62,858.98,858.06,793.6,233,247,217.2,0.338,237
"Cowpeas (whole, average)",pulses and nuts,2024,46,150,0,,793.6,800.46,878.96,836.72,780.22,237,189,227.8,0.328,231
"Cowpeas (whole, average)",pulses and nuts,2024,50,120,0,,780.22,793.6,886.19,810.22,758.79,231,210,236.8,0.301,246
"Cowpeas (whole, average)",pulses and nuts,2025,3,89,0,,758.79,780.22,866.62,783.27,736.89,246,233,241.2,0.237,251
"Cowpeas (whole, average)",pulses and nuts,2025,7,58,0,,736.89,758.79,800.46,767.37,730.12,251,237,237.8,0.258,223
"Cowpeas (whole, average)",pulses and nuts,2025,11,30,1,,730.12,736.89,793.6,751.51,736.55,223,231,269.0,0.32,356
"Cowpeas (whole, average)",pulses and nuts,2025,16,364,0,,736.55,730.12,780.22,740.59,734.07,356,246,265.5,0.232,232
"Cowpeas (whole, average)",pulses and nuts,2025,20,334,0,,734.07,736.55,758.79,734.41,754.23,232,251,263.8,0.234,244
"Cowpeas (whole, average)",pulses and nuts,2025,24,303,0,,754.23,734.07,736.89,738.74,831.86,244,223,264.8,0.352,227
"Cowpeas (whole, average)",pulses and nuts,2025,29,273,0,,831.86,754.23,730.12,764.18,924.63,227,356,239.8,0.326,256
"Cowpeas (whole, average)",pulses and nuts,2025,33,242,0,,924.63,831.86,736.55,811.2,1050.22,256,232,230.8,0.287,196
"Cowpeas (whole, average)",pulses and nuts,2025,38,211,0,,1050.22,924.63,734.07,890.23,,196,244,229.0,0.279,237
Eggplants,vegetables and fruits,2020,3,90,0,120.12,154.34,,,154.34,114.38,478,478,478.0,0.301,478
Eggplants,vegetables and fruits,2020,7,59,0,84.94,114.38,154.34,,134.36,112.22,478,498,488.0,0.343,498
Eggplants,vegetables and fruits,2020,11,30,1,82.22,112.22,114.38,,126.98,60.5,498,726,567.3,0.334,726
Eggplants,vegetables and fruits,2020,16,364,0,49.84,60.5,112.22,,110.36,78.33,726,500,550.5,0.282,500
Eggplants,vegetables and fruits,2020,20,334,0,56.17,78.33,60.5,154.34,91.36,117.2,500,478,534.0,0.241,412
Eggplants,vegetables and fruits,2020,25,303,0,89.12,117.2,78.33,114.38,92.06,89.94,412,498,551.0,0.299,566
Eggplants,vegetables and fruits,2020,29,273,0,63.39,89.94,117.2,112.22,86.49,133.56,566,726,492.8,0.308,493
Eggplants,vegetables and fruits,2020,33,242,0,104.21,133.56,89.94,60.5,104.76,96.42,493,500,475.8,0.333,432
Eggplants,vegetables and fruits,2020,38,211,0,68.17,96.42,133.56,78.33,109.28,96.42,432,412,478.8,0.352,424
Eggplants,vegetables and fruits,2020,42,181,0,80.59,96.42,96.42,117.2,104.08,,424,566,457.5,0.218,481
Eggplants,vegetables and fruits,2020,46,150,0,110.0,,96.42,89.94,108.8,,481,493,461.2,0.285,508
Eggplants,vegetables and fruits,2020,51,120,0,55.0,,,133.56,96.42,,508,432,461.2,0.26,432
Eggplants,vegetables and fruits,2021,2,89,0,110.0,,,96.42,96.42,,432,424,458.0,0.292,411
Eggplants,vegetables and fruits,2021,7,58,0,85.0,,,96.42,,,411,481,494.0,0.235,625
Eggplants,vegetables and fruits,2021,11,30,1,72.5,,,,,,625,508,518.0,0.258,604
Eggplants,vegetables and fruits,2021,15,364,0,105.0,,,,,391.79,604,432,543.5,0.366,534
Eggplants,vegetables and fruits,2022,28,273,0,,391.79,,,391.79,486.15,534,411,536.0,0.311,381
Eggplants,vegetables and fruits,2022,33,242,0,,486.15,391.79,,438.97,424.55,381,625,463.5,0.281,335
Eggplants,vegetables and fruits,2022,37,211,0,,424.55,486.15,,434.16,407.6,335,604,403.5,0.238,364
Eggplants,vegetables and fruits,2022,41,181,0,,407.6,424.55,,427.52,444.4,364,534,346.8,0.341,307
Eggplants,vegetables and fruits,2022,46,150,0,,444.4,407.6,391.79,440.68,192.0,307,381,325.5,0.277,296
Eggplants,vegetables and fruits,2022,50,120,0,,192.0,444.4,486.15,367.14,273.33,296,335,349.2,0.329,430
Eggplants,vegetables and fruits,2023,2,89,0,,273.33,192.0,424.55,329.33,215.0,430,364,333.8,0.294,302
Eggplants,vegetables and fruits,2023,7,58,0,,215.0,273.33,407.6,281.18,244.44,302,307,349.2,0.333,369
Eggplants,vegetables and fruits,2023,11,30,1,,244.44,215.0,444.4,231.19,264.83,369,296,424.8,0.242,598
Eggplants,vegetables and fruits,2023,15,365,0,,264.83,244.44,192.0,249.4,397.0,598,430,410.0,0.246,371
Eggplants,vegetables and fruits,2023,20,335,0,,397.0,264.83,273.33,280.32,332.65,371,302,412.2,0.358,311
Eggplants,vegetables and fruits,2023,24,304,0,,332.65,397.0,215.0,309.73,358.93,311,369,415.0,0.394,380
Eggplants,vegetables and fruits,2023,28,274,0,,358.93,332.65,244.44,338.35,314.1,380,598,361.2,0.304,383
Eggplants,vegetables and fruits,2023,33,243,0,,314.1,358.93,264.83,350.67,302.33,383,371,337.2,0.326,275
Eggplants,vegetables and fruits,2023,37,212,0,,302.33,314.1,397.0,327.0,336.82,275,311,350.8,0.255,365
Eggplants,vegetables and fruits,2023,41,182,0,,336.82,302.33,332.65,328.05,402.83,365,380,340.5,0.261,339
Eggplants,vegetables and fruits,2023,46,151,0,,402.83,336.82,358.93,339.02,483.7,339,383,328.5,0.271,335
Eggplants,vegetables and fruits,2023,50,121,0,,483.7,402.83,314.1,381.42,641.71,335,275,351.8,0.334,368
Eggplants,vegetables and fruits,2024,3,90,0,,641.71,483.7,302.33,466.27,361.62,368,365,326.0,0.302,262
Eggplants,vegetables and fruits,2024,7,59,0,,361.62,641.71,336.82,472.47,269.55,262,339,322.5,0.293,325
Eggplants,vegetables and fruits,2024,11,30,1,,269.55,361.62,402.83,439.15,236.85,325,335,383.2,0.299,578
Eggplants,vegetables and fruits,2024,16,364,0,,236.85,269.55,483.7,377.43,260.33,578,368,369.0,0.428,311
Eggplants,vegetables and fruits,2024,20,334,0,,260.33,236.85,641.71,282.09,392.12,311,262,388.2,0.398,339
Eggplants,vegetables and fruits,2024,24,303,0,,392.12,260.33,361.62,289.71,307.11,339,325,377.5,0.315,282
Eggplants,vegetables and fruits,2024,29,273,0,,307.11,392.12,269.55,299.1,296.78,282,578,315.8,0.336,331
Eggplants,vegetables and fruits,2024,33,242,0,,296.78,307.11,236.85,314.08,296.85,331,311,351.0,0.317,452
Eggplants,vegetables and fruits,2024,37,211,0,,296.85,296.78,260.33,323.21,253.57,452,339,353.8,0.295,350
Eggplants,vegetables and fruits,2024,42,181,0,,253.57,296.85,392.12,288.58,310.42,350,282,379.5,0.341,385
Eggplants,vegetables and fruits,2024,46,150,0,,310.42,253.57,307.11,289.41,425.08,385,331,387.8,0.322,364
Eggplants,vegetables and fruits,2024,50,120,0,,425.08,310.42,296.78,321.48,389.25,364,452,354.8,0.319,320
Eggplants,vegetables and fruits,2025,3,89,0,,389.25,425.08,296.85,344.58,533.32,320,350,346.2,0.216,316
Eggplants,vegetables and fruits,2025,7,58,0,,533.32,389.25,253.57,414.52,328.5,316,385,316.8,0.301,267
Eggplants,vegetables and fruits,2025,11,30,1,,328.5,533.32,310.42,419.04,536.11,267,364,368.0,0.334,569
Eggplants,vegetables and fruits,2025,16,364,0,,536.11,328.5,425.08,446.8,486.84,569,320,361.8,0.325,295
Eggplants,vegetables and fruits,2025,20,334,0,,486.84,536.11,389.25,471.19,429.55,295,316,362.5,0.271,319
Eggplants,vegetables and fruits,2025,24,303,0,,429.55,486.84,533.32,445.25,379.88,319,267,388.2,0.344,370
Eggplants,vegetables and fruits,2025,29,273,0,,379.88,429.55,328.5,458.09,360.7,370,569,329.5,0.362,334
Eggplants,vegetables and fruits,2025,33,242,0,,360.7,379.88,536.11,414.24,337.08,334,295,335.0,0.335,317
Eggplants,vegetables and fruits,2025,38,211,0,,337.08,360.7,486.84,376.8,,317,319,342.0,0.267,347
Eggs,"meat, fish and eggs",2020,3,90,0,18.95,19.95,,,19.95,19.94,353,353,353.0,0.321,353
Eggs,"meat, fish and eggs",2020,7,59,0,18.94,19.94,19.95,,19.94,19.89,353,408,380.5,0.316,408
Eggs,"meat, fish and eggs",2020,11,30,1,18.89,19.89,19.94,,19.93,,408,458,406.3,0.297,458
Eggs,"meat, fish and eggs",2020,16,364,0,11.5,,19.89,,19.93,,458,477,424.0,0.353,477
Eggs,"meat, fish and eggs",2020,20,334,0,12.1,,,19.95,19.92,19.6,477,353,447.0,0.226,445
Eggs,"meat, fish and eggs",2020,25,303,0,18.6,19.6,,19.94,19.74,20.35,445,408,445.2,0.303,401
Eggs,"meat, fish and eggs",2020,29,273,0,19.35,20.35,19.6,19.89,19.98,22.36,401,458,438.5,0.304,431
Eggs,"meat, fish and eggs",2020,33,242,0,21.36,22.36,20.35,,20.77,20.5,431,477,430.0,0.211,443
Eggs,"meat, fish and eggs",2020,38,211,0,19.5,20.5,22.36,,20.7,20.5,443,445,426.2,0.29,430
Eggs,"meat, fish and eggs",2020,42,181,0,19.5,20.5,20.5,19.6,20.93,,430,401,463.5,0.384,550
Eggs,"meat, fish and eggs",2021,7,58,0,18.5,,20.5,20.35,21.12,,550,431,468.8,0.242,452
Eggs,"meat, fish and eggs",2021,11,30,1,16.5,,,22.36,20.5,,452,443,505.8,0.357,591
Eggs,"meat, fish and eggs",2021,15,364,0,15.25,,,20.5,20.5,48.37,591,430,508.2,0.226,440
Eggs,"meat, fish and eggs",2021,46,150,0,,48.37,,20.5,48.37,57.41,440,550,444.8,0.316,296
Eggs,"meat, fish and eggs",2021,50,120,0,,57.41,48.37,,52.89,54.88,296,452,411.0,0.187,317
Eggs,"meat, fish and eggs",2022,2,89,0,,54.88,57.41,,53.55,26.54,317,591,330.0,0.256,267
Eggs,"meat, fish and eggs",2022,7,58,0,,26.54,54.88,,46.8,29.51,267,440,321.0,0.273,404
Eggs,"meat, fish and eggs",2022,11,30,1,,29.51,26.54,48.37,42.08,27.58,404,296,394.8,0.216,591
Eggs,"meat, fish and eggs",2022,15,364,0,,27.58,29.51,57.41,34.63,34.32,591,317,401.8,0.344,345
Eggs,"meat, fish and eggs",2022,19,334,0,,34.32,27.58,54.88,29.49,42.97,345,267,436.5,0.325,406
Eggs,"meat, fish and eggs",2022,24,303,0,,42.97,34.32,26.54,33.6,46.19,406,404,422.0,0.366,346
Eggs,"meat, fish and eggs",2022,28,273,0,,46.19,42.97,29.51,37.76,50.7,346,591,356.8,0.337,330
Eggs,"meat, fish and eggs",2022,33,242,0,,50.7,46.19,27.58,43.54,48.8,330,345,342.2,0.313,287
Eggs,"meat, fish and eggs",2022,37,211,0,,48.8,50.7,34.32,47.17,51.92,287,406,310.8,0.283,280
Eggs,"meat, fish and eggs",2022,41,181,0,,51.92,48.8,42.97,49.4,50.0,280,346,310.8,0.267,346
Eggs,"meat, fish and eggs",2022,46,150,0,,50.0,51.92,46.19,50.36,60.88,346,330,319.2,0.264,364
Eggs,"meat, fish and eggs",2022,50,120,0,,60.88,50.0,50.7,52.9,43.9,364,287,307.8,0.274,241
Eggs,"meat, fish and eggs",2023,2,89,0,,43.9,60.88,48.8,51.68,48.29,241,280,316.8,0.31,316
Eggs,"meat, fish and eggs",2023,7,58,0,,48.29,43.9,51.92,50.77,57.33,316,346,296.5,0.352,265
Eggs,"meat, fish and eggs",2023,11,30,1,,57.33,48.29,50.0,52.6,51.5,265,364,303.8,0.335,393
Eggs,"meat, fish and eggs",2023,15,365,0,,51.5,57.33,60.88,50.26,48.0,393,241,335.5,0.189,368
Eggs,"meat, fish and eggs",2023,20,335,0,,48.0,51.5,43.9,51.28,52.84,368,316,350.0,0.308,374
Eggs,"meat, fish and eggs",2023,24,304,0,,52.84,48.0,48.29,52.42,56.69,374,265,348.8,0.279,260
Eggs,"meat, fish and eggs",2023,28,274,0,,56.69,52.84,57.33,52.26,47.62,260,393,318.0,0.292,270
Eggs,"meat, fish and eggs",2023,33,243,0,,47.62,56.69,51.5,51.29,45.87,270,368,294.8,0.327,275
Eggs,"meat, fish and eggs",2023,37,212,0,,45.87,47.62,48.0,50.75,48.12,275,374,291.0,0.26,359
Eggs,"meat, fish and eggs",2023,41,182,0,,48.12,45.87,52.84,49.58,45.28,359,260,301.0,0.273,300
Eggs,"meat, fish and eggs",2023,46,151,0,,45.28,48.12,56.69,46.72,55.08,300,270,324.2,0.34,363
Eggs,"meat, fish and eggs",2023,50,121,0,,55.08,45.28,47.62,48.59,53.51,363,275,336.5,0.256,324
Eggs,"meat, fish and eggs",2024,3,90,0,,53.51,55.08,45.87,50.5,58.46,324,359,323.2,0.292,306
Eggs,"meat, fish and eggs",2024,7,59,0,,58.46,53.51,48.12,53.08,51.3,306,300,315.2,0.314,268
Eggs,"meat, fish and eggs",2024,11,30,1,,51.3,58.46,45.28,54.59,47.67,268,363,312.8,0.282,353
Eggs,"meat, fish and eggs",2024,16,364,0,,47.67,51.3,55.08,52.74,47.14,353,324,324.2,0.318,370
Eggs,"meat, fish and eggs",2024,20,334,0,,47.14,47.67,53.51,51.14,48.86,370,306,340.5,0.387,371
Eggs,"meat, fish and eggs",2024,24,303,0,,48.86,47.14,58.46,48.74,50.08,371,268,355.8,0.38,329
Eggs,"meat, fish and eggs",2024,29,273,0,,50.08,48.86,51.3,48.44,42.5,329,353,337.2,0.368,279
Eggs,"meat, fish and eggs",2024,33,242,0,,42.5,50.08,47.67,47.14,38.76,279,370,340.2,0.15,382
Eggs,"meat, fish and eggs",2024,37,211,0,,38.76,42.5,47.14,45.05,42.69,382,371,344.2,0.35,387
Eggs,"meat, fish and eggs",2024,42,181,0,,42.69,38.76,48.86,43.51,37.4,387,329,348.2,0.318,345
Eggs,"meat, fish and eggs",2024,46,150,0,,37.4,42.69,50.08,40.34,36.26,345,279,353.0,0.198,298
Eggs,"meat, fish and eggs",2024,50,120,0,,36.26,37.4,42.5,38.78,34.53,298,382,344.0,0.288,346
Eggs,"meat, fish and eggs",2025,3,89,0,,34.53,36.26,38.76,37.72,32.89,346,387,335.5,0.15,353
Eggs,"meat, fish and eggs",2025,7,58,0,,32.89,34.53,42.69,35.27,30.68,353,345,339.0,0.285,359
Eggs,"meat, fish and eggs",2025,11,30,1,,30.68,32.89,37.4,33.59,32.89,359,298,431.5,0.392,668
Eggs,"meat, fish and eggs",2025,16,364,0,,32.89,30.68,36.26,32.75,28.36,668,346,437.8,0.237,371
Eggs,"meat, fish and eggs",2025,20,334,0,,28.36,32.89,34.53,31.21,33.88,371,353,447.8,0.333,393
Eggs,"meat, fish and eggs",2025,24,303,0,,33.88,28.36,32.89,31.45,31.37,393,359,452.8,0.252,379
Eggs,"meat, fish and eggs",2025,29,273,0,,31.37,33.88,30.68,31.62,32.63,379,668,386.8,0.257,404
Eggs,"meat, fish and eggs",2025,33,242,0,,32.63,31.37,32.89,31.56,31.09,404,371,381.5,0.351,350
Eggs,"meat, fish and eggs",2025,38,211,0,,31.09,32.63,28.36,32.24,,350,393,369.8,0.29,346
"Fish (dry, katta)","meat, fish and eggs",2020,3,90,0,886.67,954.76,,,954.76,950.0,372,372,372.0,0.268,372
"Fish (dry, katta)","meat, fish and eggs",2020,7,59,0,880.0,950.0,954.76,,952.38,950.0,372,341,356.5,0.309,341
"Fish (dry, katta)","meat, fish and eggs",2020,11,30,1,880.0,950.0,950.0,,951.59,,341,376,363.0,0.374,376
"Fish (dry, katta)","meat, fish and eggs",2020,16,364,0,950.0,,950.0,,951.59,,376,347,359.0,0.282,347
"Fish (dry, katta)","meat, fish and eggs",2020,20,334,0,1070.83,,,954.76,950.0,1203.75,347,372,347.0,0.303,324
"Fish (dry, katta)","meat, fish and eggs",2020,25,303,0,1068.42,1203.75,,950.0,1076.88,1200.0,324,341,340.0,0.217,313
"Fish (dry, katta)","meat, fish and eggs",2020,29,273,0,1100.0,1200.0,1203.75,950.0,1201.88,1200.0,313,376,316.8,0.299,283
"Fish (dry, katta)","meat, fish and eggs",2020,33,242,0,1100.0,1200.0,1200.0,,1201.25,1200.0,283,347,336.5,0.243,426
"Fish (dry, katta)","meat, fish and eggs",2020,38,211,0,1100.0,1200.0,1200.0,,1200.94,1200.0,426,324,381.5,0.253,504
"Fish (dry, katta)","meat, fish and eggs",2020,42,181,0,1100.0,1200.0,1200.0,1203.75,1200.0,3128.0,504,313,391.5,0.321,353
"Fish (dry, katta)","meat, fish and eggs",2022,28,273,0,,3128.0,1200.0,1200.0,1682.0,3121.43,353,283,385.5,0.255,259
"Fish (dry, katta)","meat, fish and eggs",2022,33,242,0,,3121.43,3128.0,1200.0,2162.36,2733.33,259,426,333.5,0.217,218
"Fish (dry, katta)","meat, fish and eggs",2022,37,211,0,,2733.33,3121.43,1200.0,2545.69,2580.0,218,504,279.5,0.33,288
"Fish (dry, katta)","meat, fish and eggs",2022,41,181,0,,2580.0,2733.33,1200.0,2890.69,2616.67,288,353,265.0,0.354,295
"Fish (dry, katta)","meat, fish and eggs",2022,46,150,0,,2616.67,2580.0,3128.0,2762.86,1669.0,295,259,271.8,0.342,286
"Fish (dry, katta)","meat, fish and eggs",2022,50,120,0,,1669.0,2616.67,3121.43,2399.75,2500.0,286,218,316.5,0.301,397
"Fish (dry, katta)","meat, fish and eggs",2023,2,89,0,,2500.0,1669.0,2733.33,2341.42,1715.0,397,288,325.5,0.232,324
"Fish (dry, katta)","meat, fish and eggs",2023,7,58,0,,1715.0,2500.0,2580.0,2125.17,2366.67,324,295,337.5,0.269,343
"Fish (dry, katta)","meat, fish and eggs",2023,11,30,1,,2366.67,1715.0,2616.67,2062.67,2403.45,343,286,351.5,0.319,342
"Fish (dry, katta)","meat, fish and eggs",2023,15,365,0,,2403.45,2366.67,1669.0,2246.28,1641.0,342,397,321.0,0.352,275
"Fish (dry, katta)","meat, fish and eggs",2023,20,335,0,,1641.0,2403.45,2500.0,2031.53,2393.15,275,324,324.5,0.319,338
"Fish (dry, katta)","meat, fish and eggs",2023,24,304,0,,2393.15,1641.0,1715.0,2201.07,2392.02,338,343,302.2,0.153,254
"Fish (dry, katta)","meat, fish and eggs",2023,28,274,0,,2392.02,2393.15,2366.67,2207.41,2377.1,254,342,276.8,0.297,240
"Fish (dry, katta)","meat, fish and eggs",2023,33,243,0,,2377.1,2392.02,2403.45,2200.82,2275.8,240,275,289.5,0.371,326
"Fish (dry, katta)","meat, fish and eggs",2023,37,212,0,,2275.8,2377.1,1641.0,2359.52,2160.91,326,338,294.8,0.254,359
"Fish (dry, katta)","meat, fish and eggs",2023,41,182,0,,2160.91,2275.8,2393.15,2301.46,2135.66,359,254,301.0,0.312,279
"Fish (dry, katta)","meat, fish and eggs",2023,46,151,0,,2135.66,2160.91,2392.02,2237.37,2149.34,279,240,309.2,0.345,273
"Fish (dry, katta)","meat, fish and eggs",2023,50,121,0,,2149.34,2135.66,2377.1,2180.43,2145.92,273,326,292.5,0.297,259
"Fish (dry, katta)","meat, fish and eggs",2024,3,90,0,,2145.92,2149.34,2275.8,2147.96,2138.26,259,359,268.8,0.255,264
"Fish (dry, katta)","meat, fish and eggs",2024,7,59,0,,2138.26,2145.92,2160.91,2142.29,2118.61,264,279,282.5,0.329,334
"Fish (dry, katta)","meat, fish and eggs",2024,11,30,1,,2118.61,2138.26,2135.66,2138.03,2136.15,334,273,287.5,0.321,293
"Fish (dry, katta)","meat, fish and eggs",2024,16,364,0,,2136.15,2118.61,2149.34,2134.73,2116.65,293,259,286.2,0.274,254
"Fish (dry, katta)","meat, fish and eggs",2024,20,334,0,,2116.65,2136.15,2145.92,2127.42,2153.61,254,264,300.0,0.352,319
"Fish (dry, katta)","meat, fish and eggs",2024,24,303,0,,2153.61,2116.65,2138.26,2131.26,2134.5,319,334,292.2,0.263,303
"Fish (dry, katta)","meat, fish and eggs",2024,29,273,0,,2134.5,2153.61,2118.61,2135.23,2104.33,303,293,301.8,0.377,331
"Fish (dry, katta)","meat, fish and eggs",2024,33,242,0,,2104.33,2134.5,2136.15,2127.27,2069.79,331,254,319.8,0.371,326
"Fish (dry, katta)","meat, fish and eggs",2024,37,211,0,,2069.79,2104.33,2116.65,2115.56,2008.5,326,319,316.5,0.35,306
"Fish (dry, katta)","meat, fish and eggs",2024,42,181,0,,2008.5,2069.79,2153.61,2079.28,2019.38,306,303,314.0,0.326,293
"Fish (dry, katta)","meat, fish and eggs",2024,46,150,0,,2019.38,2008.5,2134.5,2050.5,2033.53,293,331,306.0,0.253,299
"Fish (dry, katta)","meat, fish and eggs",2024,50,120,0,,2033.53,2019.38,2104.33,2032.8,2030.96,299,326,298.2,0.33,295
"Fish (dry, katta)","meat, fish and eggs",2025,3,89,0,,2030.96,2033.53,2069.79,2023.09,2021.15,295,306,299.2,0.313,310
"Fish (dry, katta)","meat, fish and eggs",2025,7,58,0,,2021.15,2030.96,2008.5,2026.25,2043.21,310,293,312.0,0.239,344
"Fish (dry, katta)","meat, fish and eggs",2025,11,30,1,,2043.21,2021.15,2019.38,2032.21,2113.24,344,299,330.5,0.324,373
"Fish (dry, katta)","meat, fish and eggs",2025,16,364,0,,2113.24,2043.21,2033.53,2052.14,2201.37,373,295,336.2,0.345,318
"Fish (dry, katta)","meat, fish and eggs",2025,20,334,0,,2201.37,2113.24,2030.96,2094.74,2444.99,318,310,326.0,0.347,269
"Fish (dry, katta)","meat, fish and eggs",2025,24,303,0,,2444.99,2201.37,2021.15,2200.7,2510.51,269,344,320.5,0.312,322
"Fish (dry, katta)","meat, fish and eggs",2025,29,273,0,,2510.51,2444.99,2043.21,2317.53,2396.23,322,373,297.5,0.272,281
"Fish (dry, katta)","meat, fish and eggs",2025,33,242,0,,2396.23,2510.51,2113.24,2388.27,2336.02,281,318,303.0,0.328,340
"Fish (dry, katta)","meat, fish and eggs",2025,38,211,0,,2336.02,2396.23,2201.37,2421.94,,340,269,296.2,0.16,242
"Fish (dry, sprats)","meat, fish and eggs",2020,3,90,0,550.0,601.9,,,601.9,600.0,110,110,110.0,0.151,110
"Fish (dry, sprats)","meat, fish and eggs",2020,7,59,0,550.0,600.0,601.9,,600.95,600.0,110,124,117.0,0.275,124
"Fish (dry, sprats)","meat, fish and eggs",2020,11,30,1,550.0,600.0,600.0,,600.63,,124,159,131.0,0.24,159
"Fish (dry, sprats)","meat, fish and eggs",2020,16,364,0,550.0,,600.0,,600.63,,159,141,133.5,0.301,141
"Fish (dry, sprats)","meat, fish and eggs",2020,20,334,0,515.83,,,601.9,600.0,650.0,141,110,136.8,0.256,123
"Fish (dry, sprats)","meat, fish and eggs",2020,25,303,0,540.0,650.0,,600.0,625.0,650.0,123,124,132.2,0.332,106
"Fish (dry, sprats)","meat, fish and eggs",2020,29,273,0,600.0,650.0,650.0,600.0,650.0,603.57,106,159,120.8,0.323,113
"Fish (dry, sprats)","meat, fish and eggs",2020,33,242,0,551.79,603.57,650.0,,634.52,600.0,113,141,116.2,0.361,123
"Fish (dry, sprats)","meat, fish and eggs",2020,38,211,0,550.0,600.0,603.57,,625.89,600.0,123,123,111.0,0.374,102
"Fish (dry, sprats)","meat, fish and eggs",2020,42,181,0,550.0,600.0,600.0,650.0,613.39,1864.52,102,106,116.0,0.333,126
"Fish (dry, sprats)","meat, fish and eggs",2022,28,273,0,,1864.52,600.0,650.0,917.02,2026.67,126,113,105.8,0.277,72
"Fish (dry, sprats)","meat, fish and eggs",2022,33,242,0,,2026.67,1864.52,603.57,1272.8,2495.65,72,123,96.2,0.15,85
"Fish (dry, sprats)","meat, fish and eggs",2022,37,211,0,,2495.65,2026.67,600.0,1746.71,1688.89,85,102,91.0,0.197,81
"Fish (dry, sprats)","meat, fish and eggs",2022,41,181,0,,1688.89,2495.65,600.0,2018.93,1504.35,81,126,86.5,0.27,108
"Fish (dry, sprats)","meat, fish and eggs",2022,46,150,0,,1504.35,1688.89,1864.52,1928.89,885.0,108,72,91.2,0.266,91
"Fish (dry, sprats)","meat, fish and eggs",2022,50,120,0,,885.0,1504.35,2026.67,1643.47,1361.29,91,85,99.2,0.266,117
"Fish (dry, sprats)","meat, fish and eggs",2023,2,89,0,,1361.29,885.0,2495.65,1359.88,906.67,117,81,98.8,0.278,79
"Fish (dry, sprats)","meat, fish and eggs",2023,7,58,0,,906.67,1361.29,1688.89,1164.33,1194.64,79,108,98.0,0.337,105
"Fish (dry, sprats)","meat, fish and eggs",2023,11,30,1,,1194.64,906.67,1504.35,1086.9,1204.62,105,91,105.8,0.332,122
"Fish (dry, sprats)","meat, fish and eggs",2023,15,365,0,,1204.62,1194.64,885.0,1166.8,875.83,122,117,100.2,0.253,95
"Fish (dry, sprats)","meat, fish and eggs",2023,20,335,0,,875.83,1204.62,1361.29,1045.44,1153.66,95,79,108.2,0.375,111
"Fish (dry, sprats)","meat, fish and eggs",2023,24,304,0,,1153.66,875.83,906.67,1107.19,1187.66,111,105,110.8,0.294,115
"Fish (dry, sprats)","meat, fish and eggs",2023,28,274,0,,1187.66,1153.66,1194.64,1105.44,1199.03,115,122,105.2,0.295,100
"Fish (dry, sprats)","meat, fish and eggs",2023,33,243,0,,1199.03,1187.66,1204.62,1104.04,1176.15,100,95,102.0,0.254,82
"Fish (dry, sprats)","meat, fish and eggs",2023,37,212,0,,1176.15,1199.03,875.83,1179.12,1210.57,82,111,99.2,0.339,100
"Fish (dry, sprats)","meat, fish and eggs",2023,41,182,0,,1210.57,1176.15,1153.66,1193.35,1215.11,100,115,89.5,0.32,76
"Fish (dry, sprats)","meat, fish and eggs",2023,46,151,0,,1215.11,1210.57,1187.66,1200.22,1246.28,76,100,88.8,0.293,97
"Fish (dry, sprats)","meat, fish and eggs",2023,50,121,0,,1246.28,1215.11,1199.03,1212.03,1261.03,97,82,92.0,0.225,95
"Fish (dry, sprats)","meat, fish and eggs",2024,3,90,0,,1261.03,1246.28,1176.15,1233.25,1215.28,95,100,86.0,0.373,76
"Fish (dry, sprats)","meat, fish and eggs",2024,7,59,0,,1215.28,1261.03,1210.57,1234.42,1159.16,76,76,85.0,0.286,72
"Fish (dry, sprats)","meat, fish and eggs",2024,11,30,1,,1159.16,1215.28,1215.11,1220.44,1138.4,72,97,89.8,0.322,116
"Fish (dry, sprats)","meat, fish and eggs",2024,16,364,0,,1138.4,1159.16,1246.28,1193.47,1113.61,116,95,90.2,0.318,97
"Fish (dry, sprats)","meat, fish and eggs",2024,20,334,0,,1113.61,1138.4,1261.03,1156.61,1134.94,97,76,95.8,0.297,98
"Fish (dry, sprats)","meat, fish and eggs",2024,24,303,0,,1134.94,1113.61,1215.28,1136.53,1116.6,98,72,100.2,0.321,90
"Fish (dry, sprats)","meat, fish and eggs",2024,29,273,0,,1116.6,1134.94,1159.16,1125.89,1097.55,90,116,96.2,0.292,100
"Fish (dry, sprats)","meat, fish and eggs",2024,33,242,0,,1097.55,1116.6,1138.4,1115.68,1120.26,100,97,97.2,0.352,101
"Fish (dry, sprats)","meat, fish and eggs",2024,37,211,0,,1120.26,1097.55,1113.61,1117.34,1197.23,101,98,91.0,0.431,73
"Fish (dry, sprats)","meat, fish and eggs",2024,42,181,0,,1197.23,1120.26,1134.94,1132.91,1172.06,73,90,91.5,0.293,92
"Fish (dry, sprats)","meat, fish and eggs",2024,46,150,0,,1172.06,1197.23,1116.6,1146.77,1130.39,92,100,89.8,0.379,93
"Fish (dry, sprats)","meat, fish and eggs",2024,50,120,0,,1130.39,1172.06,1097.55,1154.99,1097.86,93,101,92.0,0.266,110
"Fish (dry, sprats)","meat, fish and eggs",2025,3,89,0,,1097.86,1130.39,1120.26,1149.38,1011.07,110,73,94.8,0.365,84
"Fish (dry, sprats)","meat, fish and eggs",2025,7,58,0,,1011.07,1097.86,1197.23,1102.85,933.99,84,92,98.2,0.307,106
"Fish (dry, sprats)","meat, fish and eggs",2025,11,30,1,,933.99,1011.07,1172.06,1043.33,917.38,106,93,105.0,0.235,120
"Fish (dry, sprats)","meat, fish and eggs",2025,16,364,0,,917.38,933.99,1130.39,990.07,892.05,120,110,103.8,0.3,105
"Fish (dry, sprats)","meat, fish and eggs",2025,20,334,0,,892.05,917.38,1097.86,938.62,1115.7,105,84,108.5,0.323,103
"Fish (dry, sprats)","meat, fish and eggs",2025,24,303,0,,1115.7,892.05,1011.07,964.78,1320.01,103,106,106.2,0.239,97
"Fish (dry, sprats)","meat, fish and eggs",2025,29,273,0,,1320.01,1115.7,933.99,1061.28,1275.57,97,120,103.2,0.326,108
"Fish (dry, sprats)","meat, fish and eggs",2025,33,242,0,,1275.57,1320.01,917.38,1150.83,1309.37,108,105,95.0,0.338,72
"Fish (dry, sprats)","meat, fish and eggs",2025,38,211,0,,1309.37,1275.57,892.05,1255.16,,72,103,91.8,0.354,90
Fish (goldstripe sardinella),"meat, fish and eggs",2020,3,90,0,180.0,234.98,,,234.98,240.0,440,440,440.0,0.26,440
Fish (goldstripe sardinella),"meat, fish and eggs",2020,7,59,0,183.61,240.0,234.98,,237.49,238.88,440,491,465.5,0.243,491
Fish (goldstripe sardinella),"meat, fish and eggs",2020,11,30,1,181.11,238.88,240.0,,237.95,320.0,491,805,578.7,0.354,805
Fish (goldstripe sardinella),"meat, fish and eggs",2020,16,364,0,229.17,320.0,238.88,,258.47,316.67,805,354,522.5,0.277,354
Fish (goldstripe sardinella),"meat, fish and eggs",2020,20,334,0,231.52,316.67,320.0,234.98,278.89,327.67,354,440,508.5,0.301,384
Fish (goldstripe sardinella),"meat, fish and eggs",2020,25,303,0,269.38,327.67,316.67,240.0,300.81,326.68,384,491,465.5,0.377,319
Fish (goldstripe sardinella),"meat, fish and eggs",2020,29,273,0,274.26,326.68,327.67,238.88,322.76,332.14,319,805,362.8,0.261,394
Fish (goldstripe sardinella),"meat, fish and eggs",2020,33,242,0,282.5,332.14,326.68,320.0,325.79,230.57,394,354,382.0,0.354,431
Fish (goldstripe sardinella),"meat, fish and eggs",2020,38,211,0,175.15,230.57,332.14,316.67,304.27,230.57,431,384,387.2,0.293,405
Fish (goldstripe sardinella),"meat, fish and eggs",2020,42,181,0,175.15,230.57,230.57,327.67,279.99,1378.26,405,319,420.5,0.289,452
Fish (goldstripe sardinella),"meat, fish and eggs",2022,28,273,0,,1378.26,230.57,326.68,542.88,820.25,452,394,389.2,0.247,269
Fish (goldstripe sardinella),"meat, fish and eggs",2022,33,242,0,,820.25,1378.26,332.14,664.91,1280.0,269,431,368.8,0.383,349
Fish (goldstripe sardinella),"meat, fish and eggs",2022,37,211,0,,1280.0,820.25,230.57,927.27,595.87,349,405,334.5,0.342,268
Fish (goldstripe sardinella),"meat, fish and eggs",2022,41,181,0,,595.87,1280.0,230.57,1018.6,538.6,268,452,321.0,0.284,398
Fish (goldstripe sardinella),"meat, fish and eggs",2022,46,150,0,,538.6,595.87,1378.26,808.68,548.0,398,269,354.2,0.369,402
Fish (goldstripe sardinella),"meat, fish and eggs",2022,50,120,0,,548.0,538.6,820.25,740.62,578.33,402,349,396.8,0.285,519
Fish (goldstripe sardinella),"meat, fish and eggs",2023,2,89,0,,578.33,548.0,1280.0,565.2,368.0,519,268,431.5,0.336,407
Fish (goldstripe sardinella),"meat, fish and eggs",2023,7,58,0,,368.0,578.33,595.87,508.23,523.33,407,398,452.8,0.399,483
Fish (goldstripe sardinella),"meat, fish and eggs",2023,11,30,1,,523.33,368.0,538.6,504.42,640.8,483,402,528.0,0.342,703
Fish (goldstripe sardinella),"meat, fish and eggs",2023,15,365,0,,640.8,523.33,548.0,527.62,424.0,703,519,494.8,0.272,386
Fish (goldstripe sardinella),"meat, fish and eggs",2023,20,335,0,,424.0,640.8,578.33,489.03,1119.64,386,407,497.0,0.357,416
Fish (goldstripe sardinella),"meat, fish and eggs",2023,24,304,0,,1119.64,424.0,368.0,676.94,1170.49,416,483,450.5,0.251,297
Fish (goldstripe sardinella),"meat, fish and eggs",2023,28,274,0,,1170.49,1119.64,523.33,838.73,1070.18,297,703,346.5,0.292,287
Fish (goldstripe sardinella),"meat, fish and eggs",2023,33,243,0,,1070.18,1170.49,640.8,946.08,970.14,287,386,333.2,0.3,333
Fish (goldstripe sardinella),"meat, fish and eggs",2023,37,212,0,,970.14,1070.18,424.0,1082.61,897.86,333,416,292.8,0.345,254
Fish (goldstripe sardinella),"meat, fish and eggs",2023,41,182,0,,897.86,970.14,1119.64,1027.17,844.15,254,297,298.2,0.381,319
Fish (goldstripe sardinella),"meat, fish and eggs",2023,46,151,0,,844.15,897.86,1170.49,945.58,907.55,319,287,337.8,0.301,445
Fish (goldstripe sardinella),"meat, fish and eggs",2023,50,121,0,,907.55,844.15,1070.18,904.93,975.31,445,333,320.0,0.26,262
Fish (goldstripe sardinella),"meat, fish and eggs",2024,3,90,0,,975.31,907.55,970.14,906.22,942.06,262,254,342.8,0.206,345
Fish (goldstripe sardinella),"meat, fish and eggs",2024,7,59,0,,942.06,975.31,897.86,917.27,930.03,345,319,345.2,0.291,329
Fish (goldstripe sardinella),"meat, fish and eggs",2024,11,30,1,,930.03,942.06,844.15,938.74,888.39,329,445,370.8,0.348,547
Fish (goldstripe sardinella),"meat, fish and eggs",2024,16,364,0,,888.39,930.03,907.55,933.95,892.34,547,262,396.2,0.251,364
Fish (goldstripe sardinella),"meat, fish and eggs",2024,20,334,0,,892.34,888.39,975.31,913.21,918.75,364,345,386.2,0.369,305
Fish (goldstripe sardinella),"meat, fish and eggs",2024,24,303,0,,918.75,892.34,942.06,907.38,868.48,305,329,374.0,0.309,280
Fish (goldstripe sardinella),"meat, fish and eggs",2024,29,273,0,,868.48,918.75,930.03,891.99,748.13,280,547,325.8,0.364,354
Fish (goldstripe sardinella),"meat, fish and eggs",2024,33,242,0,,748.13,868.48,888.39,856.92,768.11,354,364,336.8,0.247,408
Fish (goldstripe sardinella),"meat, fish and eggs",2024,37,211,0,,768.11,748.13,892.34,825.87,764.48,408,305,342.2,0.364,327
Fish (goldstripe sardinella),"meat, fish and eggs",2024,42,181,0,,764.48,768.11,918.75,787.3,772.15,327,280,350.2,0.259,312
Fish (goldstripe sardinella),"meat, fish and eggs",2024,46,150,0,,772.15,764.48,868.48,763.22,855.05,312,354,345.0,0.258,333
Fish (goldstripe sardinella),"meat, fish and eggs",2024,50,120,0,,855.05,772.15,748.13,789.95,912.29,333,408,318.5,0.402,302
Fish (goldstripe sardinella),"meat, fish and eggs",2025,3,89,0,,912.29,855.05,768.11,825.99,905.25,302,327,325.5,0.368,355
Fish (goldstripe sardinella),"meat, fish and eggs",2025,7,58,0,,905.25,912.29,764.48,861.18,894.47,355,312,339.2,0.259,367
Fish (goldstripe sardinella),"meat, fish and eggs",2025,11,30,1,,894.47,905.25,772.15,891.76,938.0,367,333,370.2,0.298,457
Fish (goldstripe sardinella),"meat, fish and eggs",2025,16,364,0,,938.0,894.47,855.05,912.5,937.86,457,302,377.5,0.41,331
Fish (goldstripe sardinella),"meat, fish and eggs",2025,20,334,0,,937.86,938.0,912.29,918.9,1055.7,331,355,354.5,0.367,263
Fish (goldstripe sardinella),"meat, fish and eggs",2025,24,303,0,,1055.7,937.86,905.25,956.51,1085.53,263,367,343.5,0.233,323
Fish (goldstripe sardinella),"meat, fish and eggs",2025,29,273,0,,1085.53,1055.7,894.47,1004.27,976.05,323,457,316.5,0.347,349
Fish (goldstripe sardinella),"meat, fish and eggs",2025,33,242,0,,976.05,1085.53,938.0,1013.79,888.61,349,331,312.2,0.233,314
Fish (goldstripe sardinella),"meat, fish and eggs",2025,38,211,0,,888.61,976.05,937.86,1001.47,,314,263,321.8,0.278,301
Fish (jack),"meat, fish and eggs",2020,3,90,0,586.9,885.95,,,885.95,856.88,470,470,470.0,0.287,470
Fish (jack),"meat, fish and eggs",2020,7,59,0,560.38,856.88,885.95,,871.41,851.12,470,466,468.0,0.282,466
Fish (jack),"meat, fish and eggs",2020,11,30,1,563.89,851.12,856.88,,864.65,857.5,466,433,456.3,0.277,433
Fish (jack),"meat, fish and eggs",2020,16,364,0,478.33,857.5,851.12,,862.86,998.0,433,395,441.0,0.326,395
Fish (jack),"meat, fish and eggs",2020,20,334,0,583.91,998.0,857.5,885.95,890.87,1064.6,395,470,441.5,0.321,472
Fish (jack),"meat, fish and eggs",2020,25,303,0,680.46,1064.6,998.0,856.88,942.8,1018.24,472,466,446.0,0.281,484
Fish (jack),"meat, fish and eggs",2020,29,273,0,638.99,1018.24,1064.6,851.12,984.59,1034.16,484,433,437.2,0.173,398
Fish (jack),"meat, fish and eggs",2020,33,242,0,654.79,1034.16,1018.24,857.5,1028.75,1031.22,398,395,428.0,0.288,358
Fish (jack),"meat, fish and eggs",2020,38,211,0,646.5,1031.22,1034.16,998.0,1037.06,1031.22,358,472,422.8,0.347,451
Fish (jack),"meat, fish and eggs",2020,42,181,0,646.5,1031.22,1031.22,1064.6,1028.71,2361.54,451,484,400.8,0.402,396
Fish (jack),"meat, fish and eggs",2022,28,273,0,,2361.54,1031.22,1018.24,1364.54,2670.0,396,398,361.2,0.313,240
Fish (jack),"meat, fish and eggs",2022,33,242,0,,2670.0,2361.54,1034.16,1773.5,2206.67,240,358,349.5,0.218,311
Fish (jack),"meat, fish and eggs",2022,37,211,0,,2206.67,2670.0,1031.22,2067.36,1981.25,311,451,323.2,0.371,346
Fish (jack),"meat, fish and eggs",2022,41,181,0,,1981.25,2206.67,1031.22,2304.86,1980.0,346,396,291.5,0.359,269
Fish (jack),"meat, fish and eggs",2022,46,150,0,,1980.0,1981.25,2361.54,2209.48,1435.0,269,240,308.8,0.294,309
Fish (jack),"meat, fish and eggs",2022,50,120,0,,1435.0,1980.0,2670.0,1900.73,1915.24,309,311,321.2,0.369,361
Fish (jack),"meat, fish and eggs",2023,2,89,0,,1915.24,1435.0,2206.67,1827.87,1092.0,361,346,305.8,0.313,284
Fish (jack),"meat, fish and eggs",2023,7,58,0,,1092.0,1915.24,1981.25,1605.56,2837.65,284,269,329.2,0.378,363
Fish (jack),"meat, fish and eggs",2023,11,30,1,,2837.65,1092.0,1980.0,1819.97,1942.86,363,309,336.2,0.199,337
Fish (jack),"meat, fish and eggs",2023,15,365,0,,1942.86,2837.65,1435.0,1946.94,1424.0,337,361,335.2,0.362,357
Fish (jack),"meat, fish and eggs",2023,20,335,0,,1424.0,1942.86,1915.24,1824.13,1957.2,357,284,351.2,0.339,348
Fish (jack),"meat, fish and eggs",2023,24,304,0,,1957.2,1424.0,1092.0,2040.43,1893.06,348,363,337.8,0.208,309
Fish (jack),"meat, fish and eggs",2023,28,274,0,,1893.06,1957.2,2837.65,1804.28,1774.26,309,337,326.8,0.378,293
Fish (jack),"meat, fish and eggs",2023,33,243,0,,1774.26,1893.06,1942.86,1762.13,1715.13,293,357,315.5,0.396,312
Fish (jack),"meat, fish and eggs",2023,37,212,0,,1715.13,1774.26,1424.0,1834.91,1591.29,312,348,302.8,0.243,297
Fish (jack),"meat, fish and eggs",2023,41,182,0,,1591.29,1715.13,1957.2,1743.43,1491.45,297,309,312.0,0.235,346
Fish (jack),"meat, fish and eggs",2023,46,151,0,,1491.45,1591.29,1893.06,1643.03,1687.8,346,293,337.8,0.261,396
Fish (jack),"meat, fish and eggs",2023,50,121,0,,1687.8,1491.45,1774.26,1621.42,1775.02,396,312,339.8,0.244,320
Fish (jack),"meat, fish and eggs",2024,3,90,0,,1775.02,1687.8,1715.13,1636.39,1659.79,320,297,357.0,0.356,366
Fish (jack),"meat, fish and eggs",2024,7,59,0,,1659.79,1775.02,1591.29,1653.51,1601.38,366,346,375.2,0.278,419
Fish (jack),"meat, fish and eggs",2024,11,30,1,,1601.38,1659.79,1491.45,1681.0,1687.9,419,396,400.8,0.31,498
Fish (jack),"meat, fish and eggs",2024,16,364,0,,1687.9,1601.38,1687.8,1681.02,1820.17,498,320,431.2,0.291,442
Fish (jack),"meat, fish and eggs",2024,20,334,0,,1820.17,1687.9,1775.02,1692.31,1906.93,442,366,438.0,0.26,393
Fish (jack),"meat, fish and eggs",2024,24,303,0,,1906.93,1820.17,1659.79,1754.09,1809.66,393,419,423.0,0.292,359
Fish (jack),"meat, fish and eggs",2024,29,273,0,,1809.66,1906.93,1601.38,1806.16,1679.48,359,498,384.5,0.286,344
Fish (jack),"meat, fish and eggs",2024,33,242,0,,1679.48,1809.66,1687.9,1804.06,1737.6,344,442,356.8,0.256,331
Fish (jack),"meat, fish and eggs",2024,37,211,0,,1737.6,1679.48,1820.17,1783.42,1650.1,331,393,339.8,0.333,325
Fish (jack),"meat, fish and eggs",2024,42,181,0,,1650.1,1737.6,1906.93,1719.21,1595.66,325,359,328.2,0.243,313
Fish (jack),"meat, fish and eggs",2024,46,150,0,,1595.66,1650.1,1809.66,1665.71,1737.6,313,344,333.5,0.383,365
Fish (jack),"meat, fish and eggs",2024,50,120,0,,1737.6,1595.66,1679.48,1680.24,1771.85,365,331,325.2,0.34,298
Fish (jack),"meat, fish and eggs",2025,3,89,0,,1771.85,1737.6,1737.6,1688.8,1657.21,298,325,340.0,0.315,384
Fish (jack),"meat, fish and eggs",2025,7,58,0,,1657.21,1771.85,1650.1,1690.58,1608.91,384,313,348.5,0.297,347
Fish (jack),"meat, fish and eggs",2025,11,30,1,,1608.91,1657.21,1595.66,1693.89,1720.78,347,365,388.8,0.316,526
Fish (jack),"meat, fish and eggs",2025,16,364,0,,1720.78,1608.91,1737.6,1689.69,1745.03,526,298,409.0,0.27,379
Fish (jack),"meat, fish and eggs",2025,20,334,0,,1745.03,1720.78,1771.85,1682.98,1826.47,379,384,402.8,0.272,359
Fish (jack),"meat, fish and eggs",2025,24,303,0,,1826.47,1745.03,1657.21,1725.3,1787.53,359,347,396.8,0.279,323
Fish (jack),"meat, fish and eggs",2025,29,273,0,,1787.53,1826.47,1608.91,1769.95,1777.41,323,526,338.5,0.271,293
Fish (jack),"meat, fish and eggs",2025,33,242,0,,1777.41,1787.53,1720.78,1784.11,1687.77,293,379,325.8,0.335,328
Fish (jack),"meat, fish and eggs",2025,38,211,0,,1687.77,1777.41,1745.03,1769.79,,328,359,334.5,0.303,394
Fish (sail fish),"meat, fish and eggs",2020,3,90,0,688.62,939.64,,,939.64,960.18,110,110,110.0,0.292,110
Fish (sail fish),"meat, fish and eggs",2020,7,59,0,722.29,960.18,939.64,,949.91,947.22,110,147,128.5,0.332,147
Fish (sail fish),"meat, fish and eggs",2020,11,30,1,710.56,947.22,960.18,,949.01,835.0,147,204,153.7,0.266,204
Fish (sail fish),"meat, fish and eggs",2020,16,364,0,705.0,835.0,947.22,,920.51,906.67,204,156,154.2,0.321,156
Fish (sail fish),"meat, fish and eggs",2020,20,334,0,692.72,906.67,835.0,939.64,912.27,983.88,156,110,160.2,0.342,134
Fish (sail fish),"meat, fish and eggs",2020,25,303,0,807.5,983.88,906.67,960.18,918.19,1034.11,134,147,165.8,0.274,169
Fish (sail fish),"meat, fish and eggs",2020,29,273,0,854.44,1034.11,983.88,947.22,939.92,1019.16,169,204,155.8,0.325,164
Fish (sail fish),"meat, fish and eggs",2020,33,242,0,842.34,1019.16,1034.11,835.0,985.96,1054.88,164,156,159.2,0.294,170
Fish (sail fish),"meat, fish and eggs",2020,38,211,0,884.5,1054.88,1019.16,906.67,1023.01,1054.88,170,134,159.8,0.323,136
Fish (sail fish),"meat, fish and eggs",2020,42,181,0,884.5,1054.88,1054.88,983.88,1040.76,2722.73,136,169,154.8,0.183,149
Fish (sail fish),"meat, fish and eggs",2022,28,273,0,,2722.73,1054.88,1034.11,1462.91,2884.44,149,164,139.5,0.223,103
Fish (sail fish),"meat, fish and eggs",2022,33,242,0,,2884.44,2722.73,1019.16,1929.23,2803.48,103,170,123.2,0.315,105
Fish (sail fish),"meat, fish and eggs",2022,37,211,0,,2803.48,2884.44,1054.88,2366.38,2773.6,105,136,111.8,0.37,90
Fish (sail fish),"meat, fish and eggs",2022,41,181,0,,2773.6,2803.48,1054.88,2796.06,2640.0,90,149,99.5,0.331,100
Fish (sail fish),"meat, fish and eggs",2022,46,150,0,,2640.0,2773.6,2722.73,2775.38,1988.89,100,103,99.2,0.271,102
Fish (sail fish),"meat, fish and eggs",2022,50,120,0,,1988.89,2640.0,2884.44,2551.49,1915.24,102,105,97.5,0.316,98
Fish (sail fish),"meat, fish and eggs",2023,2,89,0,,1915.24,1988.89,2803.48,2329.43,1295.0,98,90,108.8,0.284,135
Fish (sail fish),"meat, fish and eggs",2023,7,58,0,,1295.0,1915.24,2773.6,1959.78,2238.4,135,100,116.0,0.276,129
Fish (sail fish),"meat, fish and eggs",2023,11,30,1,,2238.4,1295.0,2640.0,1859.38,2463.64,129,102,129.0,0.251,154
Fish (sail fish),"meat, fish and eggs",2023,15,365,0,,2463.64,2238.4,1988.89,1978.07,1903.0,154,98,130.8,0.299,105
Fish (sail fish),"meat, fish and eggs",2023,20,335,0,,1903.0,2463.64,1915.24,1975.01,2753.49,105,135,126.5,0.378,118
Fish (sail fish),"meat, fish and eggs",2023,24,304,0,,2753.49,1903.0,1295.0,2339.63,2690.91,118,129,120.2,0.226,104
Fish (sail fish),"meat, fish and eggs",2023,28,274,0,,2690.91,2753.49,2238.4,2452.76,2525.47,104,154,109.0,0.363,109
Fish (sail fish),"meat, fish and eggs",2023,33,243,0,,2525.47,2690.91,2463.64,2468.22,2578.97,109,105,111.2,0.33,114
Fish (sail fish),"meat, fish and eggs",2023,37,212,0,,2578.97,2525.47,1903.0,2637.21,2408.36,114,118,109.8,0.343,112
Fish (sail fish),"meat, fish and eggs",2023,41,182,0,,2408.36,2578.97,2753.49,2550.93,2249.3,112,104,113.0,0.25,117
Fish (sail fish),"meat, fish and eggs",2023,46,151,0,,2249.3,2408.36,2690.91,2440.53,2340.01,117,109,112.8,0.311,108
Fish (sail fish),"meat, fish and eggs",2023,50,121,0,,2340.01,2249.3,2525.47,2394.16,2384.97,108,114,108.8,0.417,98
Fish (sail fish),"meat, fish and eggs",2024,3,90,0,,2384.97,2340.01,2578.97,2345.66,2353.78,98,112,109.0,0.279,113
Fish (sail fish),"meat, fish and eggs",2024,7,59,0,,2353.78,2384.97,2408.36,2332.02,2268.47,113,117,105.0,0.31,101
Fish (sail fish),"meat, fish and eggs",2024,11,30,1,,2268.47,2353.78,2249.3,2336.81,2276.96,101,108,107.2,0.236,117
Fish (sail fish),"meat, fish and eggs",2024,16,364,0,,2276.96,2268.47,2340.01,2321.05,2424.57,117,98,113.5,0.255,123
Fish (sail fish),"meat, fish and eggs",2024,20,334,0,,2424.57,2276.96,2384.97,2330.95,2574.25,123,113,110.0,0.275,99
Fish (sail fish),"meat, fish and eggs",2024,24,303,0,,2574.25,2424.57,2353.78,2386.06,2505.7,99,101,110.2,0.405,102
Fish (sail fish),"meat, fish and eggs",2024,29,273,0,,2505.7,2574.25,2268.47,2445.37,2434.73,102,117,112.0,0.293,124
Fish (sail fish),"meat, fish and eggs",2024,33,242,0,,2434.73,2505.7,2276.96,2484.81,2534.98,124,123,109.0,0.283,111
Fish (sail fish),"meat, fish and eggs",2024,37,211,0,,2534.98,2434.73,2424.57,2512.42,2340.17,111,99,110.0,0.302,103
Fish (sail fish),"meat, fish and eggs",2024,42,181,0,,2340.17,2534.98,2574.25,2453.9,2393.0,103,102,107.2,0.364,91
Fish (sail fish),"meat, fish and eggs",2024,46,150,0,,2393.0,2340.17,2505.7,2425.72,2479.3,91,124,100.0,0.293,95
Fish (sail fish),"meat, fish and eggs",2024,50,120,0,,2479.3,2393.0,2434.73,2436.86,2466.37,95,111,93.5,0.219,85
Fish (sail fish),"meat, fish and eggs",2025,3,89,0,,2466.37,2479.3,2534.98,2419.71,2355.18,85,103,103.2,0.335,142
Fish (sail fish),"meat, fish and eggs",2025,7,58,0,,2355.18,2466.37,2340.17,2423.46,2296.23,142,91,108.5,0.2,112
Fish (sail fish),"meat, fish and eggs",2025,11,30,1,,2296.23,2355.18,2393.0,2399.27,2452.38,112,95,117.8,0.303,132
Fish (sail fish),"meat, fish and eggs",2025,16,364,0,,2452.38,2296.23,2479.3,2392.54,2576.23,132,85,126.0,0.314,118
Fish (sail fish),"meat, fish and eggs",2025,20,334,0,,2576.23,2452.38,2466.37,2420.01,2659.24,118,142,121.5,0.261,124
Fish (sail fish),"meat, fish and eggs",2025,24,303,0,,2659.24,2576.23,2355.18,2496.02,2624.65,124,112,115.5,0.214,88
Fish (sail fish),"meat, fish and eggs",2025,29,273,0,,2624.65,2659.24,2296.23,2578.12,2537.97,88,132,111.0,0.359,114
Fish (sail fish),"meat, fish and eggs",2025,33,242,0,,2537.97,2624.65,2452.38,2599.52,2536.16,114,118,107.2,0.347,103
Fish (sail fish),"meat, fish and eggs",2025,38,211,0,,2536.16,2537.97,2576.23,2589.5,,103,124,108.8,0.284,130
Fish (skipjack tuna),"meat, fish and eggs",2020,3,90,0,378.33,559.76,,,559.76,550.84,371,371,371.0,0.263,371
Fish (skipjack tuna),"meat, fish and eggs",2020,7,59,0,360.84,550.84,559.76,,555.3,531.67,371,311,341.0,0.17,311
Fish (skipjack tuna),"meat, fish and eggs",2020,11,30,1,348.89,531.67,550.84,,547.42,465.0,311,522,401.3,0.239,522
Fish (skipjack tuna),"meat, fish and eggs",2020,16,364,0,330.0,465.0,531.67,,526.82,486.67,522,389,398.2,0.332,389
Fish (skipjack tuna),"meat, fish and eggs",2020,20,334,0,365.3,486.67,465.0,559.76,508.54,511.02,389,371,384.5,0.31,316
Fish (skipjack tuna),"meat, fish and eggs",2020,25,303,0,406.02,511.02,486.67,550.84,498.59,474.8,316,311,380.2,0.287,294
Fish (skipjack tuna),"meat, fish and eggs",2020,29,273,0,356.2,474.8,511.02,531.67,484.37,459.6,294,522,338.5,0.239,355
Fish (skipjack tuna),"meat, fish and eggs",2020,33,242,0,352.94,459.6,474.8,465.0,483.02,482.01,355,389,318.0,0.268,307
Fish (skipjack tuna),"meat, fish and eggs",2020,38,211,0,377.72,482.01,459.6,486.67,481.86,482.01,307,316,320.0,0.332,324
Fish (skipjack tuna),"meat, fish and eggs",2020,42,181,0,377.72,482.01,482.01,511.02,474.61,1692.5,324,294,335.2,0.32,355
Fish (skipjack tuna),"meat, fish and eggs",2022,28,273,0,,1692.5,482.01,474.8,779.03,1726.67,355,355,314.2,0.295,271
Fish (skipjack tuna),"meat, fish and eggs",2022,33,242,0,,1726.67,1692.5,459.6,1095.8,1370.59,271,307,294.5,0.344,228
Fish (skipjack tuna),"meat, fish and eggs",2022,37,211,0,,1370.59,1726.67,482.01,1317.94,1647.83,228,324,271.8,0.281,233
Fish (skipjack tuna),"meat, fish and eggs",2022,41,181,0,,1647.83,1370.59,482.01,1609.4,1191.76,233,355,245.0,0.305,248
Fish (skipjack tuna),"meat, fish and eggs",2022,46,150,0,,1191.76,1647.83,1692.5,1484.21,1610.0,248,271,239.5,0.297,249
Fish (skipjack tuna),"meat, fish and eggs",2022,50,120,0,,1610.0,1191.76,1726.67,1455.04,1500.0,249,228,233.5,0.304,204
Fish (skipjack tuna),"meat, fish and eggs",2023,2,89,0,,1500.0,1610.0,1370.59,1487.4,1441.67,204,233,236.5,0.373,245
Fish (skipjack tuna),"meat, fish and eggs",2023,7,58,0,,1441.67,1500.0,1647.83,1435.86,1253.33,245,248,238.0,0.328,254
Fish (skipjack tuna),"meat, fish and eggs",2023,11,30,1,,1253.33,1441.67,1191.76,1451.25,1309.09,254,249,273.5,0.329,391
Fish (skipjack tuna),"meat, fish and eggs",2023,15,365,0,,1309.09,1253.33,1610.0,1376.02,1203.0,391,204,294.8,0.312,289
Fish (skipjack tuna),"meat, fish and eggs",2023,20,335,0,,1203.0,1309.09,1500.0,1301.77,1516.26,289,245,278.8,0.282,181
Fish (skipjack tuna),"meat, fish and eggs",2023,24,304,0,,1516.26,1203.0,1441.67,1320.42,1465.51,181,254,275.2,0.306,240
Fish (skipjack tuna),"meat, fish and eggs",2023,28,274,0,,1465.51,1516.26,1253.33,1373.46,1243.88,240,391,233.5,0.223,224
Fish (skipjack tuna),"meat, fish and eggs",2023,33,243,0,,1243.88,1465.51,1309.09,1357.16,1220.0,224,289,236.5,0.322,301
Fish (skipjack tuna),"meat, fish and eggs",2023,37,212,0,,1220.0,1243.88,1203.0,1361.41,1170.92,301,181,266.0,0.343,299
Fish (skipjack tuna),"meat, fish and eggs",2023,41,182,0,,1170.92,1220.0,1516.26,1275.08,1088.06,299,240,270.8,0.305,259
Fish (skipjack tuna),"meat, fish and eggs",2023,46,151,0,,1088.06,1170.92,1465.51,1180.71,1254.91,259,224,286.2,0.309,286
Fish (skipjack tuna),"meat, fish and eggs",2023,50,121,0,,1254.91,1088.06,1243.88,1183.47,1230.9,286,301,287.8,0.246,307
Fish (skipjack tuna),"meat, fish and eggs",2024,3,90,0,,1230.9,1254.91,1220.0,1186.2,1123.52,307,299,278.2,0.29,261
Fish (skipjack tuna),"meat, fish and eggs",2024,7,59,0,,1123.52,1230.9,1170.92,1174.35,1032.21,261,259,270.5,0.311,228
Fish (skipjack tuna),"meat, fish and eggs",2024,11,30,1,,1032.21,1123.52,1088.06,1160.38,1071.64,228,286,319.5,0.28,482
Fish (skipjack tuna),"meat, fish and eggs",2024,16,364,0,,1071.64,1032.21,1254.91,1114.57,1284.33,482,307,303.5,0.26,243
Fish (skipjack tuna),"meat, fish and eggs",2024,20,334,0,,1284.33,1071.64,1230.9,1127.93,1362.87,243,261,304.0,0.255,263
Fish (skipjack tuna),"meat, fish and eggs",2024,24,303,0,,1362.87,1284.33,1123.52,1187.76,1186.3,263,228,309.0,0.251,248
Fish (skipjack tuna),"meat, fish and eggs",2024,29,273,0,,1186.3,1362.87,1032.21,1226.29,1129.82,248,482,260.2,0.351,287
Fish (skipjack tuna),"meat, fish and eggs",2024,33,242,0,,1129.82,1186.3,1071.64,1240.83,1135.36,287,243,288.8,0.222,357
Fish (skipjack tuna),"meat, fish and eggs",2024,37,211,0,,1135.36,1129.82,1284.33,1203.59,1160.65,357,263,284.8,0.347,247
Fish (skipjack tuna),"meat, fish and eggs",2024,42,181,0,,1160.65,1135.36,1362.87,1153.03,1162.72,247,248,298.0,0.351,301
Fish (skipjack tuna),"meat, fish and eggs",2024,46,150,0,,1162.72,1160.65,1186.3,1147.14,1197.4,301,287,293.8,0.408,270
Fish (skipjack tuna),"meat, fish and eggs",2024,50,120,0,,1197.4,1162.72,1129.82,1164.03,1155.79,270,357,279.8,0.285,301
Fish (skipjack tuna),"meat, fish and eggs",2025,3,89,0,,1155.79,1197.4,1135.36,1169.14,1114.07,301,247,278.2,0.361,241
Fish (skipjack tuna),"meat, fish and eggs",2025,7,58,0,,1114.07,1155.79,1160.65,1157.5,1170.09,241,301,287.2,0.228,337
Fish (skipjack tuna),"meat, fish and eggs",2025,11,30,1,,1170.09,1114.07,1162.72,1159.34,1400.18,337,270,328.0,0.263,433
Fish (skipjack tuna),"meat, fish and eggs",2025,16,364,0,,1400.18,1170.09,1197.4,1210.03,1464.8,433,301,312.2,0.266,238
Fish (skipjack tuna),"meat, fish and eggs",2025,20,334,0,,1464.8,1400.18,1155.79,1287.29,1484.19,238,241,311.8,0.259,239
Fish (skipjack tuna),"meat, fish and eggs",2025,24,303,0,,1484.19,1464.8,1114.07,1379.81,1373.04,239,337,282.0,0.288,218
Fish (skipjack tuna),"meat, fish and eggs",2025,29,273,0,,1373.04,1484.19,1170.09,1430.55,1344.18,218,433,226.5,0.289,211
Fish (skipjack tuna),"meat, fish and eggs",2025,33,242,0,,1344.18,1373.04,1400.18,1416.55,1314.47,211,238,233.8,0.181,267
Fish (skipjack tuna),"meat, fish and eggs",2025,38,211,0,,1314.47,1344.18,1464.8,1378.97,,267,239,235.5,0.299,246
Fish (trenched sardinella),"meat, fish and eggs",2020,3,90,0,406.19,519.28,,,519.28,520.56,81,81,81.0,0.3,81
Fish (trenched sardinella),"meat, fish and eggs",2020,7,59,0,418.61,520.56,519.28,,519.92,522.22,81,80,80.5,0.274,80
Fish (trenched sardinella),"meat, fish and eggs",2020,11,30,1,412.78,522.22,520.56,,520.69,560.0,80,95,85.3,0.399,95
Fish (trenched sardinella),"meat, fish and eggs",2020,16,364,0,450.0,560.0,522.22,,530.52,590.0,95,84,85.0,0.363,84
Fish (trenched sardinella),"meat, fish and eggs",2020,20,334,0,470.84,590.0,560.0,519.28,548.2,629.41,84,81,82.2,0.288,70
Fish (trenched sardinella),"meat, fish and eggs",2020,25,303,0,527.46,629.41,590.0,520.56,575.41,623.62,70,80,78.0,0.285,63
Fish (trenched sardinella),"meat, fish and eggs",2020,29,273,0,518.89,623.62,629.41,522.22,600.76,603.34,63,95,74.0,0.324,79
Fish (trenched sardinella),"meat, fish and eggs",2020,33,242,0,499.58,603.34,623.62,560.0,611.59,488.24,79,84,69.8,0.243,67
Fish (trenched sardinella),"meat, fish and eggs",2020,38,211,0,383.69,488.24,603.34,590.0,586.15,488.24,67,70,76.2,0.337,96
Fish (trenched sardinella),"meat, fish and eggs",2020,42,181,0,383.69,488.24,488.24,629.41,550.86,1092.5,96,63,79.5,0.32,76
Fish (trenched sardinella),"meat, fish and eggs",2022,28,273,0,,1092.5,488.24,623.62,668.08,1276.92,76,79,74.5,0.344,59
Fish (trenched sardinella),"meat, fish and eggs",2022,33,242,0,,1276.92,1092.5,603.34,836.47,929.05,59,67,70.2,0.193,50
Fish (trenched sardinella),"meat, fish and eggs",2022,37,211,0,,929.05,1276.92,488.24,946.68,849.52,50,96,62.2,0.26,64
Fish (trenched sardinella),"meat, fish and eggs",2022,41,181,0,,849.52,929.05,488.24,1037.0,825.75,64,76,61.5,0.247,73
Fish (trenched sardinella),"meat, fish and eggs",2022,46,150,0,,825.75,849.52,1092.5,970.31,754.0,73,59,63.8,0.297,68
Fish (trenched sardinella),"meat, fish and eggs",2022,50,120,0,,754.0,825.75,1276.92,839.58,1035.88,68,50,68.8,0.364,70
Fish (trenched sardinella),"meat, fish and eggs",2023,2,89,0,,1035.88,754.0,929.05,866.29,681.0,70,64,66.8,0.278,56
Fish (trenched sardinella),"meat, fish and eggs",2023,7,58,0,,681.0,1035.88,849.52,824.16,886.67,56,73,65.5,0.316,68
Fish (trenched sardinella),"meat, fish and eggs",2023,11,30,1,,886.67,681.0,825.75,839.39,977.37,68,68,71.8,0.31,93
Fish (trenched sardinella),"meat, fish and eggs",2023,15,365,0,,977.37,886.67,754.0,895.23,811.0,93,70,70.0,0.301,63
Fish (trenched sardinella),"meat, fish and eggs",2023,20,335,0,,811.0,977.37,1035.88,839.01,1164.81,63,56,75.2,0.383,77
Fish (trenched sardinella),"meat, fish and eggs",2023,24,304,0,,1164.81,811.0,681.0,959.96,1053.26,77,68,76.0,0.29,71
Fish (trenched sardinella),"meat, fish and eggs",2023,28,274,0,,1053.26,1164.81,886.67,1001.61,909.92,71,93,69.0,0.283,65
Fish (trenched sardinella),"meat, fish and eggs",2023,33,243,0,,909.92,1053.26,977.37,984.75,811.14,65,63,72.2,0.305,76
Fish (trenched sardinella),"meat, fish and eggs",2023,37,212,0,,811.14,909.92,811.0,984.78,624.78,76,77,71.0,0.316,72
Fish (trenched sardinella),"meat, fish and eggs",2023,41,182,0,,624.78,811.14,1164.81,849.78,560.98,72,71,75.2,0.293,88
Fish (trenched sardinella),"meat, fish and eggs",2023,46,151,0,,560.98,624.78,1053.26,726.7,774.91,88,65,79.2,0.309,81
Fish (trenched sardinella),"meat, fish and eggs",2023,50,121,0,,774.91,560.98,909.92,692.95,895.41,81,76,81.8,0.349,86
Fish (trenched sardinella),"meat, fish and eggs",2024,3,90,0,,895.41,774.91,811.14,714.02,914.75,86,72,80.5,0.176,67
Fish (trenched sardinella),"meat, fish and eggs",2024,7,59,0,,914.75,895.41,624.78,786.51,868.35,67,88,79.5,0.287,84
Fish (trenched sardinella),"meat, fish and eggs",2024,11,30,1,,868.35,914.75,560.98,863.36,883.97,84,81,80.5,0.24,85
Fish (trenched sardinella),"meat, fish and eggs",2024,16,364,0,,883.97,868.35,774.91,890.62,970.81,85,86,73.8,0.363,59
Fish (trenched sardinella),"meat, fish and eggs",2024,20,334,0,,970.81,883.97,895.41,909.47,1032.29,59,67,72.0,0.343,60
Fish (trenched sardinella),"meat, fish and eggs",2024,24,303,0,,1032.29,970.81,914.75,938.86,979.03,60,84,67.0,0.353,64
Fish (trenched sardinella),"meat, fish and eggs",2024,29,273,0,,979.03,1032.29,868.35,966.52,906.42,64,85,59.8,0.345,56
Fish (trenched sardinella),"meat, fish and eggs",2024,33,242,0,,906.42,979.03,883.97,972.14,912.11,56,59,62.0,0.231,68
Fish (trenched sardinella),"meat, fish and eggs",2024,37,211,0,,912.11,906.42,970.81,957.46,856.59,68,60,64.0,0.32,68
Fish (trenched sardinella),"meat, fish and eggs",2024,42,181,0,,856.59,912.11,1032.29,913.54,916.88,68,64,64.2,0.421,65
Fish (trenched sardinella),"meat, fish and eggs",2024,46,150,0,,916.88,856.59,979.03,898.0,1020.98,65,56,63.2,0.281,52
Fish (trenched sardinella),"meat, fish and eggs",2024,50,120,0,,1020.98,916.88,906.42,926.64,1055.84,52,68,61.8,0.299,62
Fish (trenched sardinella),"meat, fish and eggs",2025,3,89,0,,1055.84,1020.98,912.11,962.57,1044.87,62,68,59.8,0.286,60
Fish (trenched sardinella),"meat, fish and eggs",2025,7,58,0,,1044.87,1055.84,856.59,1009.64,1054.6,60,65,57.8,0.276,57
Fish (trenched sardinella),"meat, fish and eggs",2025,11,30,1,,1054.6,1044.87,916.88,1044.07,1159.19,57,52,66.5,0.405,87
Fish (trenched sardinella),"meat, fish and eggs",2025,16,364,0,,1159.19,1054.6,1020.98,1078.63,1217.74,87,62,67.8,0.253,67
Fish (trenched sardinella),"meat, fish and eggs",2025,20,334,0,,1217.74,1159.19,1055.84,1119.1,1270.21,67,60,69.0,0.319,65
Fish (trenched sardinella),"meat, fish and eggs",2025,24,303,0,,1270.21,1217.74,1044.87,1175.43,1085.23,65,57,69.5,0.3,59
Fish (trenched sardinella),"meat, fish and eggs",2025,29,273,0,,1085.23,1270.21,1054.6,1183.09,1002.17,59,87,64.2,0.308,66
Fish (trenched sardinella),"meat, fish and eggs",2025,33,242,0,,1002.17,1085.23,1159.19,1143.84,1026.04,66,67,65.0,0.27,70
Fish (trenched sardinella),"meat, fish and eggs",2025,38,211,0,,1026.04,1002.17,1217.74,1095.91,,70,65,61.8,0.375,52
Fish (yellowfin tuna),"meat, fish and eggs",2020,3,90,0,520.48,831.9,,,831.9,865.84,108,108,108.0,0.35,108
Fish (yellowfin tuna),"meat, fish and eggs",2020,7,59,0,555.84,865.84,831.9,,848.87,888.88,108,97,102.5,0.386,97
Fish (yellowfin tuna),"meat, fish and eggs",2020,11,30,1,592.78,888.88,865.84,,862.21,648.75,97,161,122.0,0.207,161
Fish (yellowfin tuna),"meat, fish and eggs",2020,16,364,0,430.0,648.75,888.88,,808.84,706.67,161,140,126.5,0.213,140
Fish (yellowfin tuna),"meat, fish and eggs",2020,20,334,0,521.43,706.67,648.75,831.9,777.54,815.74,140,108,130.2,0.394,123
Fish (yellowfin tuna),"meat, fish and eggs",2020,25,303,0,522.71,815.74,706.67,865.84,765.01,815.14,123,97,139.8,0.276,135
Fish (yellowfin tuna),"meat, fish and eggs",2020,29,273,0,538.42,815.14,815.74,888.88,746.58,892.74,135,161,126.0,0.33,106
Fish (yellowfin tuna),"meat, fish and eggs",2020,33,242,0,602.2,892.74,815.14,648.75,807.57,885.46,106,140,129.2,0.31,153
Fish (yellowfin tuna),"meat, fish and eggs",2020,38,211,0,591.52,885.46,892.74,706.67,852.27,885.46,153,123,131.8,0.293,133
Fish (yellowfin tuna),"meat, fish and eggs",2020,42,181,0,591.52,885.46,885.46,815.74,869.7,2325.0,133,135,131.0,0.249,132
Fish (yellowfin tuna),"meat, fish and eggs",2022,28,273,0,,2325.0,885.46,815.14,1247.16,2588.75,132,106,125.5,0.28,84
Fish (yellowfin tuna),"meat, fish and eggs",2022,33,242,0,,2588.75,2325.0,892.74,1671.16,2185.56,84,153,104.5,0.297,69
Fish (yellowfin tuna),"meat, fish and eggs",2022,37,211,0,,2185.56,2588.75,885.46,1996.19,2085.0,69,133,92.0,0.275,83
Fish (yellowfin tuna),"meat, fish and eggs",2022,41,181,0,,2085.0,2185.56,885.46,2296.08,2045.0,83,132,86.0,0.353,108
Fish (yellowfin tuna),"meat, fish and eggs",2022,46,150,0,,2045.0,2085.0,2325.0,2226.08,1500.0,108,84,96.0,0.254,124
Fish (yellowfin tuna),"meat, fish and eggs",2022,50,120,0,,1500.0,2045.0,2588.75,1953.89,1953.64,124,69,105.0,0.322,105
Fish (yellowfin tuna),"meat, fish and eggs",2023,2,89,0,,1953.64,1500.0,2185.56,1895.91,1135.0,105,83,109.2,0.236,100
Fish (yellowfin tuna),"meat, fish and eggs",2023,7,58,0,,1135.0,1953.64,2085.0,1658.41,1832.17,100,108,112.0,0.331,119
Fish (yellowfin tuna),"meat, fish and eggs",2023,11,30,1,,1832.17,1135.0,2045.0,1605.2,1873.91,119,124,111.0,0.35,120
Fish (yellowfin tuna),"meat, fish and eggs",2023,15,365,0,,1873.91,1832.17,1500.0,1698.68,1633.0,120,105,110.8,0.15,104
Fish (yellowfin tuna),"meat, fish and eggs",2023,20,335,0,,1633.0,1873.91,1953.64,1618.52,2441.34,104,100,115.2,0.407,118
Fish (yellowfin tuna),"meat, fish and eggs",2023,24,304,0,,2441.34,1633.0,1135.0,1945.1,2349.35,118,119,103.8,0.311,73
Fish (yellowfin tuna),"meat, fish and eggs",2023,28,274,0,,2349.35,2441.34,1832.17,2074.4,2174.06,73,120,101.0,0.271,109
Fish (yellowfin tuna),"meat, fish and eggs",2023,33,243,0,,2174.06,2349.35,1873.91,2149.44,2274.02,109,104,99.0,0.344,96
Fish (yellowfin tuna),"meat, fish and eggs",2023,37,212,0,,2274.02,2174.06,1633.0,2309.69,2018.46,96,118,94.0,0.27,98
Fish (yellowfin tuna),"meat, fish and eggs",2023,41,182,0,,2018.46,2274.02,2441.34,2203.97,1920.21,98,73,102.5,0.348,107
Fish (yellowfin tuna),"meat, fish and eggs",2023,46,151,0,,1920.21,2018.46,2349.35,2096.69,1961.98,107,109,108.5,0.282,133
Fish (yellowfin tuna),"meat, fish and eggs",2023,50,121,0,,1961.98,1920.21,2174.06,2043.67,1998.02,133,96,111.2,0.266,107
Fish (yellowfin tuna),"meat, fish and eggs",2024,3,90,0,,1998.02,1961.98,2274.02,1974.67,1953.63,107,98,112.2,0.229,102
Fish (yellowfin tuna),"meat, fish and eggs",2024,7,59,0,,1953.63,1998.02,2018.46,1958.46,1881.38,102,107,110.2,0.3,99
Fish (yellowfin tuna),"meat, fish and eggs",2024,11,30,1,,1881.38,1953.63,1920.21,1948.75,1949.39,99,133,115.2,0.302,153
Fish (yellowfin tuna),"meat, fish and eggs",2024,16,364,0,,1949.39,1881.38,1961.98,1945.6,2175.11,153,107,108.5,0.296,80
Fish (yellowfin tuna),"meat, fish and eggs",2024,20,334,0,,2175.11,1949.39,1998.02,1989.88,2284.96,80,102,105.8,0.276,91
Fish (yellowfin tuna),"meat, fish and eggs",2024,24,303,0,,2284.96,2175.11,1953.63,2072.71,2082.67,91,99,99.5,0.279,74
Fish (yellowfin tuna),"meat, fish and eggs",2024,29,273,0,,2082.67,2284.96,1881.38,2123.03,2030.72,74,153,83.5,0.248,89
Fish (yellowfin tuna),"meat, fish and eggs",2024,33,242,0,,2030.72,2082.67,1949.39,2143.37,2106.42,89,80,86.0,0.325,90
Fish (yellowfin tuna),"meat, fish and eggs",2024,37,211,0,,2106.42,2030.72,2175.11,2126.19,1980.91,90,91,90.8,0.226,110
Fish (yellowfin tuna),"meat, fish and eggs",2024,42,181,0,,1980.91,2106.42,2284.96,2050.18,1964.43,110,74,98.0,0.288,103
Fish (yellowfin tuna),"meat, fish and eggs",2024,46,150,0,,1964.43,1980.91,2082.67,2020.62,2082.67,103,89,98.2,0.321,90
Fish (yellowfin tuna),"meat, fish and eggs",2024,50,120,0,,2082.67,1964.43,2030.72,2033.61,2076.06,90,90,98.5,0.267,91
Fish (yellowfin tuna),"meat, fish and eggs",2025,3,89,0,,2076.06,2082.67,2106.42,2026.02,1924.71,91,110,93.5,0.275,90
Fish (yellowfin tuna),"meat, fish and eggs",2025,7,58,0,,1924.71,2076.06,1980.91,2011.97,1941.03,90,103,89.2,0.373,86
Fish (yellowfin tuna),"meat, fish and eggs",2025,11,30,1,,1941.03,1924.71,1964.43,2006.12,2239.8,86,90,103.2,0.309,146
Fish (yellowfin tuna),"meat, fish and eggs",2025,16,364,0,,2239.8,1941.03,2082.67,2045.4,2373.79,146,91,102.8,0.358,89
Fish (yellowfin tuna),"meat, fish and eggs",2025,20,334,0,,2373.79,2239.8,2076.06,2119.83,2381.32,89,90,101.8,0.299,86
Fish (yellowfin tuna),"meat, fish and eggs",2025,24,303,0,,2381.32,2373.79,1924.71,2233.99,2312.22,86,86,107.2,0.371,108
Fish (yellowfin tuna),"meat, fish and eggs",2025,29,273,0,,2312.22,2381.32,1941.03,2326.78,2273.08,108,146,93.2,0.315,90
Fish (yellowfin tuna),"meat, fish and eggs",2025,33,242,0,,2273.08,2312.22,2239.8,2335.1,2284.92,90,89,94.5,0.15,94
Fish (yellowfin tuna),"meat, fish and eggs",2025,38,211,0,,2284.92,2273.08,2373.79,2312.88,,94,86,97.5,0.298,98
Fuel (diesel),non-food,2013,29,273,0,,121.0,,,121.0,121.0,181,181,181.0,0.283,181
Fuel (diesel),non-food,2013,33,242,0,,121.0,121.0,,121.0,121.0,181,162,171.5,0.314,162
Fuel (diesel),non-food,2013,37,211,0,,121.0,121.0,,121.0,121.0,162,141,161.3,0.292,141
Fuel (diesel),non-food,2013,42,181,0,,121.0,121.0,,121.0,121.0,141,166,162.5,0.256,166
Fuel (diesel),non-food,2013,46,150,0,,121.0,121.0,121.0,121.0,121.0,166,181,160.8,0.291,174
Fuel (diesel),non-food,2013,50,120,0,,121.0,121.0,121.0,121.0,121.0,174,162,154.0,0.302,135
Fuel (diesel),non-food,2014,3,89,0,,121.0,121.0,121.0,121.0,121.0,135,141,167.5,0.328,195
Fuel (diesel),non-food,2014,7,58,0,,121.0,121.0,121.0,121.0,121.0,195,166,169.8,0.313,175
Fuel (diesel),non-food,2014,11,30,1,,121.0,121.0,121.0,121.0,121.0,175,174,168.2,0.33,168
Fuel (diesel),non-food,2014,16,364,0,,121.0,121.0,121.0,121.0,121.0,168,135,177.5,0.279,172
Fuel (diesel),non-food,2014,20,334,0,,121.0,121.0,121.0,121.0,121.0,172,195,159.5,0.157,123
Fuel (diesel),non-food,2014,24,303,0,,121.0,121.0,121.0,121.0,121.0,123,175,153.2,0.323,150
Fuel (diesel),non-food,2014,29,273,0,,121.0,121.0,121.0,121.0,121.0,150,168,149.0,0.374,151
Fuel (diesel),non-food,2014,33,242,0,,121.0,121.0,121.0,121.0,118.0,151,172,142.0,0.292,144
Fuel (diesel),non-food,2014,38,211,0,,118.0,121.0,121.0,120.25,111.0,144,123,147.8,0.398,146
Fuel (diesel),non-food,2015,3,89,0,,111.0,118.0,121.0,117.75,95.0,146,150,144.0,0.273,135
Fuel (diesel),non-food,2015,7,58,0,,95.0,111.0,121.0,111.25,95.0,135,151,153.5,0.287,189
Fuel (diesel),non-food,2015,11,30,1,,95.0,95.0,121.0,104.75,95.0,189,144,175.5,0.271,232
Fuel (diesel),non-food,2015,16,365,0,,95.0,95.0,118.0,99.0,95.0,232,146,186.8,0.199,191
Fuel (diesel),non-food,2015,20,335,0,,95.0,95.0,111.0,95.0,95.0,191,135,190.8,0.223,151
Fuel (diesel),non-food,2015,25,304,0,,95.0,95.0,95.0,95.0,95.0,151,189,182.0,0.325,154
Fuel (diesel),non-food,2015,29,274,0,,95.0,95.0,95.0,95.0,95.0,154,232,167.2,0.258,173
Fuel (diesel),non-food,2015,33,243,0,,95.0,95.0,95.0,95.0,95.0,173,191,162.5,0.391,172
Fuel (diesel),non-food,2015,38,212,0,,95.0,95.0,95.0,95.0,95.0,172,151,164.8,0.36,160
Fuel (diesel),non-food,2015,42,182,0,,95.0,95.0,95.0,95.0,95.0,160,154,166.5,0.264,161
Fuel (diesel),non-food,2015,46,151,0,,95.0,95.0,95.0,95.0,95.0,161,173,167.2,0.266,176
Fuel (diesel),non-food,2015,51,121,0,,95.0,95.0,95.0,95.0,95.0,176,172,163.0,0.309,155
Fuel (diesel),non-food,2016,2,90,0,,95.0,95.0,95.0,95.0,95.0,155,160,169.2,0.256,185
Fuel (diesel),non-food,2016,7,59,0,,95.0,95.0,95.0,95.0,95.0,185,161,175.2,0.283,185
Fuel (diesel),non-food,2016,11,30,1,,95.0,95.0,95.0,95.0,95.0,185,176,212.0,0.202,323
Fuel (diesel),non-food,2016,15,364,0,,95.0,95.0,95.0,95.0,95.0,323,155,213.0,0.274,159
Fuel (diesel),non-food,2016,19,334,0,,95.0,95.0,95.0,95.0,95.0,159,185,207.5,0.193,163
Fuel (diesel),non-food,2016,24,303,0,,95.0,95.0,95.0,95.0,95.0,163,185,204.0,0.302,171
Fuel (diesel),non-food,2016,28,273,0,,95.0,95.0,95.0,95.0,95.0,171,323,169.2,0.301,184
Fuel (diesel),non-food,2016,33,242,0,,95.0,95.0,95.0,95.0,95.0,184,159,176.2,0.25,187
Fuel (diesel),non-food,2016,37,211,0,,95.0,95.0,95.0,95.0,95.0,187,163,181.0,0.337,182
Fuel (diesel),non-food,2016,41,181,0,,95.0,95.0,95.0,95.0,95.0,182,171,179.0,0.343,163
Fuel (diesel),non-food,2016,46,150,0,,95.0,95.0,95.0,95.0,95.0,163,184,173.8,0.357,163
Fuel (diesel),non-food,2016,50,120,0,,95.0,95.0,95.0,95.0,95.0,163,187,168.5,0.274,166
Fuel (diesel),non-food,2017,2,89,0,,95.0,95.0,95.0,95.0,95.0,166,182,164.5,0.269,166
Fuel (diesel),non-food,2017,7,58,0,,95.0,95.0,95.0,95.0,95.0,166,163,168.2,0.275,178
Fuel (diesel),non-food,2017,11,30,1,,95.0,95.0,95.0,95.0,95.0,178,163,192.8,0.347,261
Fuel (diesel),non-food,2017,15,364,0,,95.0,95.0,95.0,95.0,95.0,261,166,191.0,0.373,159
Fuel (diesel),non-food,2017,20,334,0,,95.0,95.0,95.0,95.0,95.0,159,166,191.5,0.285,168
Fuel (diesel),non-food,2017,24,303,0,,95.0,95.0,95.0,95.0,95.0,168,178,188.2,0.293,165
Fuel (diesel),non-food,2017,28,273,0,,95.0,95.0,95.0,95.0,117.0,165,261,170.0,0.317,188
Fuel (diesel),non-food,2017,33,242,0,,117.0,95.0,95.0,100.5,95.0,188,159,171.2,0.274,164
Fuel (diesel),non-food,2017,37,211,0,,95.0,117.0,95.0,100.5,95.0,164,168,168.2,0.321,156
Fuel (diesel),non-food,2017,41,181,0,,95.0,95.0,95.0,100.5,95.0,156,165,166.2,0.34,157
Fuel (diesel),non-food,2017,46,150,0,,95.0,95.0,95.0,100.5,95.0,157,188,164.2,0.217,180
Fuel (diesel),non-food,2017,50,120,0,,95.0,95.0,117.0,95.0,95.0,180,164,164.5,0.333,165
Fuel (diesel),non-food,2018,3,89,0,,95.0,95.0,95.0,95.0,95.0,165,156,165.2,0.247,159
Fuel (diesel),non-food,2018,7,58,0,,95.0,95.0,95.0,95.0,100.0,159,157,177.0,0.31,204
Fuel (diesel),non-food,2018,11,30,1,,100.0,95.0,95.0,96.25,,204,180,191.8,0.251,239
Fuel (petrol-gasoline),non-food,2013,29,273,0,,162.0,,,162.0,162.0,78,78,78.0,0.418,78
Fuel (petrol-gasoline),non-food,2013,33,242,0,,162.0,162.0,,162.0,162.0,78,85,81.5,0.298,85
Fuel (petrol-gasoline),non-food,2013,37,211,0,,162.0,162.0,,162.0,106.5,85,97,86.7,0.337,97
Fuel (petrol-gasoline),non-food,2013,42,181,0,,106.5,162.0,,148.12,106.42,97,134,98.5,0.451,134
Fuel (petrol-gasoline),non-food,2013,46,150,0,,106.42,106.5,162.0,134.23,162.0,134,78,116.0,0.263,148
Fuel (petrol-gasoline),non-food,2013,50,120,0,,162.0,106.42,162.0,134.23,162.0,148,85,122.2,0.284,110
Fuel (petrol-gasoline),non-food,2014,3,89,0,,162.0,162.0,162.0,134.23,162.0,110,97,120.5,0.273,90
Fuel (petrol-gasoline),non-food,2014,7,58,0,,162.0,162.0,106.5,148.11,162.0,90,134,106.2,0.259,77
Fuel (petrol-gasoline),non-food,2014,11,30,1,,162.0,162.0,106.42,162.0,162.0,77,148,105.2,0.263,144
Fuel (petrol-gasoline),non-food,2014,16,364,0,,162.0,162.0,162.0,162.0,162.0,144,110,107.8,0.317,120
Fuel (petrol-gasoline),non-food,2014,20,334,0,,162.0,162.0,162.0,162.0,162.0,120,90,112.0,0.281,107
Fuel (petrol-gasoline),non-food,2014,24,303,0,,162.0,162.0,162.0,162.0,162.0,107,77,117.2,0.392,98
Fuel (petrol-gasoline),non-food,2014,29,273,0,,162.0,162.0,162.0,162.0,162.0,98,144,111.0,0.333,119
Fuel (petrol-gasoline),non-food,2014,33,242,0,,162.0,162.0,162.0,162.0,157.0,119,120,106.8,0.364,103
Fuel (petrol-gasoline),non-food,2014,38,211,0,,157.0,162.0,162.0,160.75,150.0,103,107,108.2,0.239,113
Fuel (petrol-gasoline),non-food,2015,3,89,0,,150.0,157.0,162.0,157.75,117.0,113,98,112.8,0.298,116
Fuel (petrol-gasoline),non-food,2015,7,58,0,,117.0,150.0,162.0,146.5,117.0,116,119,109.0,0.245,104
Fuel (petrol-gasoline),non-food,2015,11,30,1,,117.0,117.0,162.0,135.25,117.0,104,103,140.8,0.29,230
Fuel (petrol-gasoline),non-food,2015,16,365,0,,117.0,117.0,157.0,125.25,117.0,230,113,140.8,0.319,113
Fuel (petrol-gasoline),non-food,2015,20,335,0,,117.0,117.0,150.0,117.0,117.0,113,116,143.2,0.308,126
Fuel (petrol-gasoline),non-food,2015,25,304,0,,117.0,117.0,117.0,117.0,117.0,126,104,147.2,0.312,120
Fuel (petrol-gasoline),non-food,2015,29,274,0,,117.0,117.0,117.0,117.0,117.0,120,230,118.8,0.364,116
Fuel (petrol-gasoline),non-food,2015,33,243,0,,117.0,117.0,117.0,117.0,117.0,116,113,115.8,0.298,101
Fuel (petrol-gasoline),non-food,2015,38,212,0,,117.0,117.0,117.0,117.0,117.0,101,126,112.5,0.297,113
Fuel (petrol-gasoline),non-food,2015,42,182,0,,117.0,117.0,117.0,117.0,117.0,113,120,110.8,0.358,113
Fuel (petrol-gasoline),non-food,2015,46,151,0,,117.0,117.0,117.0,117.0,117.0,113,116,106.0,0.316,97
Fuel (petrol-gasoline),non-food,2015,51,121,0,,117.0,117.0,117.0,117.0,117.0,97,101,107.2,0.294,106
Fuel (petrol-gasoline),non-food,2016,2,90,0,,117.0,117.0,117.0,117.0,117.0,106,113,105.0,0.284,104
Fuel (petrol-gasoline),non-food,2016,7,59,0,,117.0,117.0,117.0,117.0,117.0,104,113,105.5,0.353,115
Fuel (petrol-gasoline),non-food,2016,11,30,1,,117.0,117.0,117.0,117.0,117.0,115,97,120.2,0.315,156
Fuel (petrol-gasoline),non-food,2016,15,364,0,,117.0,117.0,117.0,117.0,117.0,156,106,123.2,0.229,118
Fuel (petrol-gasoline),non-food,2016,19,334,0,,117.0,117.0,117.0,117.0,117.0,118,104,122.8,0.279,102
Fuel (petrol-gasoline),non-food,2016,24,303,0,,117.0,117.0,117.0,117.0,117.0,102,115,122.5,0.242,114
Fuel (petrol-gasoline),non-food,2016,28,273,0,,117.0,117.0,117.0,117.0,117.0,114,156,116.8,0.319,133
Fuel (petrol-gasoline),non-food,2016,33,242,0,,117.0,117.0,117.0,117.0,117.0,133,118,114.2,0.335,108
Fuel (petrol-gasoline),non-food,2016,37,211,0,,117.0,117.0,117.0,117.0,117.0,108,102,120.2,0.2,126
Fuel (petrol-gasoline),non-food,2016,41,181,0,,117.0,117.0,117.0,117.0,117.0,126,114,123.2,0.286,126
Fuel (petrol-gasoline),non-food,2016,46,150,0,,117.0,117.0,117.0,117.0,117.0,126,133,122.2,0.295,129
Fuel (petrol-gasoline),non-food,2016,50,120,0,,117.0,117.0,117.0,117.0,117.0,129,108,122.2,0.299,108
Fuel (petrol-gasoline),non-food,2017,2,89,0,,117.0,117.0,117.0,117.0,117.0,108,126,120.2,0.282,118
Fuel (petrol-gasoline),non-food,2017,7,58,0,,117.0,117.0,117.0,117.0,117.0,118,126,124.5,0.224,143
Fuel (petrol-gasoline),non-food,2017,11,30,1,,117.0,117.0,117.0,117.0,117.0,143,129,127.2,0.326,140
Fuel (petrol-gasoline),non-food,2017,15,364,0,,117.0,117.0,117.0,117.0,117.0,140,108,128.5,0.296,113
Fuel (petrol-gasoline),non-food,2017,20,334,0,,117.0,117.0,117.0,117.0,117.0,113,118,128.2,0.328,117
Fuel (petrol-gasoline),non-food,2017,24,303,0,,117.0,117.0,117.0,117.0,117.0,117,143,125.5,0.337,132
Fuel (petrol-gasoline),non-food,2017,28,273,0,,117.0,117.0,117.0,117.0,95.0,132,140,122.0,0.28,126
Fuel (petrol-gasoline),non-food,2017,33,242,0,,95.0,117.0,117.0,111.5,117.0,126,113,119.2,0.345,102
Fuel (petrol-gasoline),non-food,2017,37,211,0,,117.0,95.0,117.0,111.5,117.0,102,117,119.2,0.339,117
Fuel (petrol-gasoline),non-food,2017,41,181,0,,117.0,117.0,117.0,111.5,117.0,117,132,118.5,0.367,129
Fuel (petrol-gasoline),non-food,2017,46,150,0,,117.0,117.0,117.0,111.5,117.0,129,126,118.2,0.239,125
Fuel (petrol-gasoline),non-food,2017,50,120,0,,117.0,117.0,95.0,117.0,117.0,125,102,117.5,0.302,99
Fuel (petrol-gasoline),non-food,2018,3,89,0,,117.0,117.0,117.0,117.0,117.0,99,117,114.5,0.251,105
Fuel (petrol-gasoline),non-food,2018,7,58,0,,117.0,117.0,117.0,117.0,117.0,105,129,113.0,0.26,123
Fuel (petrol-gasoline),non-food,2018,11,30,1,,117.0,117.0,117.0,117.0,,123,125,130.8,0.309,196
Lentils,pulses and nuts,2020,3,90,0,122.86,135.24,,,135.24,132.17,458,458,458.0,0.371,458
Lentils,pulses and nuts,2020,7,59,0,125.0,132.17,135.24,,133.7,135.0,458,387,422.5,0.344,387
Lentils,pulses and nuts,2020,11,30,1,123.0,135.0,132.17,,134.14,,387,635,493.3,0.298,635
Lentils,pulses and nuts,2020,16,364,0,156.67,,135.0,,134.14,,635,447,481.8,0.296,447
Lentils,pulses and nuts,2020,20,334,0,153.0,,,135.24,133.58,149.9,447,458,466.2,0.352,396
Lentils,pulses and nuts,2020,25,303,0,140.1,149.9,,132.17,142.45,149.7,396,387,447.2,0.22,311
Lentils,pulses and nuts,2020,29,273,0,139.43,149.7,149.9,135.0,149.8,145.0,311,635,386.8,0.266,393
Lentils,pulses and nuts,2020,33,242,0,135.0,145.0,149.7,,148.2,148.75,393,447,358.5,0.273,334
Lentils,pulses and nuts,2020,38,211,0,137.17,148.75,145.0,,148.34,148.75,334,396,360.5,0.303,404
Lentils,pulses and nuts,2020,42,181,0,137.17,148.75,148.75,149.9,148.05,,404,311,371.2,0.281,354
Lentils,pulses and nuts,2021,2,89,0,156.5,,148.75,149.7,147.5,,354,393,378.5,0.308,422
Lentils,pulses and nuts,2021,7,58,0,157.0,,,145.0,148.75,,422,334,402.8,0.227,431
Lentils,pulses and nuts,2021,11,30,1,163.6,,,148.75,148.75,,431,404,441.0,0.351,557
Lentils,pulses and nuts,2021,15,364,0,176.2,,,148.75,,565.83,557,354,447.8,0.313,381
Lentils,pulses and nuts,2022,28,273,0,,565.83,,,565.83,462.06,381,422,397.8,0.286,222
Lentils,pulses and nuts,2022,33,242,0,,462.06,565.83,,513.95,441.62,222,431,350.5,0.25,242
Lentils,pulses and nuts,2022,37,211,0,,441.62,462.06,,489.84,394.69,242,557,285.8,0.261,298
Lentils,pulses and nuts,2022,41,181,0,,394.69,441.62,,466.05,380.61,298,381,272.5,0.368,328
Lentils,pulses and nuts,2022,46,150,0,,380.61,394.69,565.83,419.74,377.42,328,222,297.8,0.384,323
Lentils,pulses and nuts,2022,50,120,0,,377.42,380.61,462.06,398.58,377.58,323,242,307.2,0.345,280
Lentils,pulses and nuts,2023,2,89,0,,377.58,377.42,441.62,382.58,370.44,280,298,300.0,0.349,269
Lentils,pulses and nuts,2023,7,58,0,,370.44,377.58,394.69,376.51,357.27,269,328,291.0,0.231,292
Lentils,pulses and nuts,2023,11,30,1,,357.27,370.44,380.61,370.68,358.15,292,323,299.2,0.253,356
Lentils,pulses and nuts,2023,15,365,0,,358.15,357.27,377.42,365.86,284.3,356,280,320.5,0.284,365
Lentils,pulses and nuts,2023,20,335,0,,284.3,358.15,377.58,342.54,303.41,365,269,332.8,0.313,318
Lentils,pulses and nuts,2023,24,304,0,,303.41,284.3,370.44,325.78,295.8,318,292,331.5,0.319,287
Lentils,pulses and nuts,2023,28,274,0,,295.8,303.41,357.27,310.42,307.8,287,356,330.0,0.216,350
Lentils,pulses and nuts,2023,33,243,0,,307.8,295.8,358.15,297.83,327.97,350,365,311.2,0.173,290
Lentils,pulses and nuts,2023,37,212,0,,327.97,307.8,284.3,308.75,325.0,290,318,289.5,0.289,231
Lentils,pulses and nuts,2023,41,182,0,,325.0,327.97,303.41,314.14,324.4,231,287,303.2,0.325,342
Lentils,pulses and nuts,2023,46,151,0,,324.4,325.0,295.8,321.29,327.3,342,350,290.2,0.297,298
Lentils,pulses and nuts,2023,50,121,0,,327.3,324.4,307.8,326.17,326.41,298,290,304.8,0.419,348
Lentils,pulses and nuts,2024,3,90,0,,326.41,327.3,327.97,325.78,326.62,348,231,325.2,0.279,313
Lentils,pulses and nuts,2024,7,59,0,,326.62,326.41,325.0,326.18,322.66,313,342,310.5,0.296,283
Lentils,pulses and nuts,2024,11,30,1,,322.66,326.62,324.4,325.75,317.73,283,298,311.8,0.279,303
Lentils,pulses and nuts,2024,16,364,0,,317.73,322.66,327.3,323.36,313.76,303,348,307.2,0.294,330
Lentils,pulses and nuts,2024,20,334,0,,313.76,317.73,326.41,320.19,312.13,330,313,306.8,0.346,311
Lentils,pulses and nuts,2024,24,303,0,,312.13,313.76,326.62,316.57,312.41,311,283,316.2,0.247,321
Lentils,pulses and nuts,2024,29,273,0,,312.41,312.13,322.66,314.01,304.17,321,303,325.2,0.291,339
Lentils,pulses and nuts,2024,33,242,0,,304.17,312.41,317.73,310.62,298.52,339,330,336.8,0.342,376
Lentils,pulses and nuts,2024,37,211,0,,298.52,304.17,313.76,306.81,300.94,376,311,341.5,0.332,330
Lentils,pulses and nuts,2024,42,181,0,,300.94,298.52,312.13,304.01,301.41,330,321,329.8,0.293,274
Lentils,pulses and nuts,2024,46,150,0,,301.41,300.94,312.41,301.26,300.41,274,339,322.2,0.294,309
Lentils,pulses and nuts,2024,50,120,0,,300.41,301.41,304.17,300.32,300.81,309,376,310.0,0.266,327
Lentils,pulses and nuts,2025,3,89,0,,300.81,300.41,298.52,300.89,296.62,327,330,289.0,0.303,246
Lentils,pulses and nuts,2025,7,58,0,,296.62,300.81,300.94,299.81,290.73,246,274,309.5,0.295,356
Lentils,pulses and nuts,2025,11,30,1,,290.73,296.62,301.41,297.14,285.45,356,309,317.0,0.303,339
Lentils,pulses and nuts,2025,16,364,0,,285.45,290.73,300.41,293.4,282.93,339,327,301.8,0.254,266
Lentils,pulses and nuts,2025,20,334,0,,282.93,285.45,300.81,288.93,281.21,266,246,326.5,0.378,345
Lentils,pulses and nuts,2025,24,303,0,,281.21,282.93,296.62,285.08,279.29,345,356,327.0,0.273,358
Lentils,pulses and nuts,2025,29,273,0,,279.29,281.21,290.73,282.22,274.49,358,339,321.8,0.308,318
Lentils,pulses and nuts,2025,33,242,0,,274.49,279.29,285.45,279.48,270.71,318,266,335.0,0.264,319
Lentils,pulses and nuts,2025,38,211,0,,270.71,274.49,282.93,276.43,,319,345,347.5,0.264,395
"Meat (chicken, broiler)","meat, fish and eggs",2023,24,304,0,,1544.19,,,1544.19,1546.97,250,250,250.0,0.341,250
"Meat (chicken, broiler)","meat, fish and eggs",2023,28,274,0,,1546.97,1544.19,,1545.58,1463.93,250,327,288.5,0.305,327
"Meat (chicken, broiler)","meat, fish and eggs",2023,33,243,0,,1463.93,1546.97,,1518.36,1342.03,327,331,302.7,0.239,331
"Meat (chicken, broiler)","meat, fish and eggs",2023,37,212,0,,1342.03,1463.93,,1474.28,1180.2,331,329,309.2,0.292,329
"Meat (chicken, broiler)","meat, fish and eggs",2023,41,182,0,,1180.2,1342.03,1544.19,1383.28,1163.38,329,250,331.8,0.363,340
"Meat (chicken, broiler)","meat, fish and eggs",2023,46,151,0,,1163.38,1180.2,1546.97,1287.39,1229.28,340,327,343.0,0.302,372
"Meat (chicken, broiler)","meat, fish and eggs",2023,50,121,0,,1229.28,1163.38,1463.93,1228.72,1233.25,372,331,350.0,0.336,359
"Meat (chicken, broiler)","meat, fish and eggs",2024,3,90,0,,1233.25,1229.28,1342.03,1201.53,1207.87,359,329,330.8,0.179,252
"Meat (chicken, broiler)","meat, fish and eggs",2024,7,59,0,,1207.87,1233.25,1180.2,1208.44,1235.16,252,340,333.2,0.316,350
"Meat (chicken, broiler)","meat, fish and eggs",2024,11,30,1,,1235.16,1207.87,1163.38,1226.39,1294.94,350,372,364.0,0.324,495
"Meat (chicken, broiler)","meat, fish and eggs",2024,16,364,0,,1294.94,1235.16,1229.28,1242.8,1229.53,495,359,363.5,0.193,357
"Meat (chicken, broiler)","meat, fish and eggs",2024,20,334,0,,1229.53,1294.94,1233.25,1241.87,1241.78,357,252,387.0,0.191,346
"Meat (chicken, broiler)","meat, fish and eggs",2024,24,303,0,,1241.78,1229.53,1207.87,1250.35,1157.71,346,350,384.0,0.336,338
"Meat (chicken, broiler)","meat, fish and eggs",2024,29,273,0,,1157.71,1241.78,1235.16,1230.99,1200.36,338,495,349.8,0.331,358
"Meat (chicken, broiler)","meat, fish and eggs",2024,33,242,0,,1200.36,1157.71,1294.94,1207.34,1156.37,358,357,352.2,0.283,367
"Meat (chicken, broiler)","meat, fish and eggs",2024,37,211,0,,1156.37,1200.36,1229.53,1189.06,1119.37,367,346,362.2,0.302,386
"Meat (chicken, broiler)","meat, fish and eggs",2024,42,181,0,,1119.37,1156.37,1241.78,1158.45,1093.75,386,338,363.0,0.317,341
"Meat (chicken, broiler)","meat, fish and eggs",2024,46,150,0,,1093.75,1119.37,1157.71,1142.46,1183.64,341,358,366.2,0.285,371
"Meat (chicken, broiler)","meat, fish and eggs",2024,50,120,0,,1183.64,1093.75,1200.36,1138.28,1151.66,371,367,382.5,0.346,432
"Meat (chicken, broiler)","meat, fish and eggs",2025,3,89,0,,1151.66,1183.64,1156.37,1137.11,1121.38,432,386,362.5,0.277,306
"Meat (chicken, broiler)","meat, fish and eggs",2025,7,58,0,,1121.38,1151.66,1119.37,1137.61,1157.86,306,341,383.0,0.368,423
"Meat (chicken, broiler)","meat, fish and eggs",2025,11,30,1,,1157.86,1121.38,1093.75,1153.63,1188.51,423,371,392.5,0.354,409
"Meat (chicken, broiler)","meat, fish and eggs",2025,16,364,0,,1188.51,1157.86,1183.64,1154.85,1158.4,409,432,365.5,0.317,324
"Meat (chicken, broiler)","meat, fish and eggs",2025,20,334,0,,1158.4,1188.51,1151.66,1156.53,1256.58,324,306,357.2,0.286,273
"Meat (chicken, broiler)","meat, fish and eggs",2025,24,303,0,,1256.58,1158.4,1121.38,1190.33,1325.12,273,423,320.5,0.316,276
"Meat (chicken, broiler)","meat, fish and eggs",2025,29,273,0,,1325.12,1256.58,1157.86,1232.15,1347.02,276,409,293.5,0.233,301
"Meat (chicken, broiler)","meat, fish and eggs",2025,33,242,0,,1347.02,1325.12,1188.51,1271.78,1324.31,301,324,290.2,0.307,311
"Meat (chicken, broiler)","meat, fish and eggs",2025,38,211,0,,1324.31,1347.02,1158.4,1313.26,,311,273,305.2,0.323,333
"Meat (chicken, fresh)","meat, fish and eggs",2021,37,211,0,,685.88,,,685.88,701.6,186,186,186.0,0.259,186
"Meat (chicken, fresh)","meat, fish and eggs",2021,41,181,0,,701.6,685.88,,693.74,740.41,186,206,196.0,0.209,206
"Meat (chicken, fresh)","meat, fish and eggs",2021,46,150,0,,740.41,701.6,,709.3,785.88,206,239,210.3,0.194,239
"Meat (chicken, fresh)","meat, fish and eggs",2021,50,120,0,,785.88,740.41,,728.44,794.89,239,200,207.8,0.263,200
"Meat (chicken, fresh)","meat, fish and eggs",2022,2,89,0,,794.89,785.88,685.88,755.7,804.17,200,186,204.2,0.254,172
"Meat (chicken, fresh)","meat, fish and eggs",2022,7,58,0,,804.17,794.89,701.6,781.34,878.22,172,206,206.8,0.325,216
"Meat (chicken, fresh)","meat, fish and eggs",2022,11,30,1,,878.22,804.17,740.41,815.79,938.79,216,239,233.0,0.216,344
"Meat (chicken, fresh)","meat, fish and eggs",2022,15,364,0,,938.79,878.22,785.88,854.02,1049.44,344,200,236.8,0.289,215
"Meat (chicken, fresh)","meat, fish and eggs",2022,19,334,0,,1049.44,938.79,794.89,917.66,1228.84,215,172,234.2,0.223,162
"Meat (chicken, fresh)","meat, fish and eggs",2022,24,303,0,,1228.84,1049.44,804.17,1023.82,1322.22,162,216,221.5,0.274,165
"Meat (chicken, fresh)","meat, fish and eggs",2022,28,273,0,,1322.22,1228.84,878.22,1134.82,1404.44,165,344,175.5,0.298,160
"Meat (chicken, fresh)","meat, fish and eggs",2022,33,242,0,,1404.44,1322.22,938.79,1251.23,1466.67,160,215,166.8,0.232,180
"Meat (chicken, fresh)","meat, fish and eggs",2022,37,211,0,,1466.67,1404.44,1049.44,1355.54,1189.17,180,162,169.5,0.335,173
"Meat (chicken, fresh)","meat, fish and eggs",2022,41,181,0,,1189.17,1466.67,1228.84,1345.62,1155.56,173,165,169.8,0.256,166
"Meat (chicken, fresh)","meat, fish and eggs",2022,46,150,0,,1155.56,1189.17,1322.22,1303.96,1291.11,166,160,176.0,0.35,185
"Meat (chicken, fresh)","meat, fish and eggs",2022,50,120,0,,1291.11,1155.56,1404.44,1275.63,1233.0,185,180,179.2,0.327,193
"Meat (chicken, fresh)","meat, fish and eggs",2023,2,89,0,,1233.0,1291.11,1466.67,1217.21,1198.18,193,173,180.0,0.346,176
"Meat (chicken, fresh)","meat, fish and eggs",2023,7,58,0,,1198.18,1233.0,1189.17,1219.46,1280.0,176,166,174.8,0.243,145
"Meat (chicken, fresh)","meat, fish and eggs",2023,11,30,1,,1280.0,1198.18,1155.56,1250.57,1391.11,145,185,185.5,0.236,228
"Meat (chicken, fresh)","meat, fish and eggs",2023,15,365,0,,1391.11,1280.0,1291.11,1275.57,,228,193,169.5,0.313,129
Oil (coconut),oil and fats,2021,37,211,0,,444.08,,,444.08,429.42,181,181,181.0,0.391,181
Oil (coconut),oil and fats,2021,41,181,0,,429.42,444.08,,436.75,445.15,181,188,184.5,0.292,188
Oil (coconut),oil and fats,2021,46,150,0,,445.15,429.42,,439.55,602.58,188,182,183.7,0.332,182
Oil (coconut),oil and fats,2022,11,30,1,,602.58,445.15,,480.31,591.78,182,272,205.8,0.237,272
Oil (coconut),oil and fats,2022,15,364,0,,591.78,602.58,444.08,517.23,580.66,272,181,205.2,0.285,179
Oil (coconut),oil and fats,2022,19,334,0,,580.66,591.78,429.42,555.04,555.41,179,188,197.2,0.207,156
Oil (coconut),oil and fats,2022,24,303,0,,555.41,580.66,445.15,582.61,564.99,156,182,196.8,0.335,180
Oil (coconut),oil and fats,2022,28,273,0,,564.99,555.41,602.58,573.21,468.49,180,272,170.5,0.311,167
Oil (coconut),oil and fats,2022,46,150,0,,468.49,564.99,591.78,542.39,479.3,167,179,174.8,0.323,196
Oil (coconut),oil and fats,2022,50,120,0,,479.3,468.49,580.66,517.05,549.33,196,156,177.8,0.356,168
Oil (coconut),oil and fats,2023,11,30,1,,549.33,479.3,555.41,515.53,546.6,168,180,196.8,0.352,256
Oil (coconut),oil and fats,2023,15,365,0,,546.6,549.33,564.99,510.93,531.95,256,167,191.2,0.357,145
Oil (coconut),oil and fats,2023,20,335,0,,531.95,546.6,468.49,526.8,,145,196,185.2,0.272,172
Onions (imported),vegetables and fruits,2020,3,90,0,97.6,118.9,,,118.9,145.39,143,143,143.0,0.251,143
Onions (imported),vegetables and fruits,2020,7,59,0,122.94,145.39,118.9,,132.14,156.44,143,116,129.5,0.332,116
Onions (imported),vegetables and fruits,2020,11,30,1,137.56,156.44,145.39,,140.24,,116,165,141.3,0.347,165
Onions (imported),vegetables and fruits,2020,20,334,0,56.25,,156.44,,140.24,80.25,165,108,133.0,0.356,108
Onions (imported),vegetables and fruits,2020,25,303,0,65.0,80.25,,118.9,127.36,77.43,108,143,129.5,0.366,129
Onions (imported),vegetables and fruits,2020,29,273,0,60.04,77.43,80.25,145.39,104.71,117.0,129,116,127.8,0.265,109
Onions (imported),vegetables and fruits,2020,33,242,0,92.5,117.0,77.43,156.44,91.56,162.42,109,165,119.0,0.287,130
Onions (imported),vegetables and fruits,2020,38,211,0,137.42,162.42,117.0,,109.28,162.42,130,108,123.8,0.233,127
Onions (imported),vegetables and fruits,2020,42,181,0,137.42,162.42,162.42,80.25,129.82,,127,129,123.5,0.318,128
Onions (imported),vegetables and fruits,2021,7,58,0,115.0,,162.42,77.43,147.28,148.28,128,109,122.2,0.335,104
Onions (imported),vegetables and fruits,2021,37,211,0,,148.28,,117.0,157.71,182.3,104,130,122.5,0.313,131
Onions (imported),vegetables and fruits,2021,41,181,0,,182.3,148.28,162.42,164.33,202.11,131,127,111.8,0.395,84
Onions (imported),vegetables and fruits,2021,46,150,0,,202.11,182.3,162.42,177.56,216.59,84,128,108.0,0.313,113
Onions (imported),vegetables and fruits,2021,50,120,0,,216.59,202.11,,187.32,196.4,113,104,109.8,0.304,111
Onions (imported),vegetables and fruits,2022,2,89,0,,196.4,216.59,148.28,199.35,189.77,111,131,103.8,0.357,107
Onions (imported),vegetables and fruits,2022,7,58,0,,189.77,196.4,182.3,201.22,178.53,107,84,109.0,0.37,105
Onions (imported),vegetables and fruits,2022,11,30,1,,178.53,189.77,202.11,195.32,224.74,105,113,120.0,0.314,157
Onions (imported),vegetables and fruits,2022,15,364,0,,224.74,178.53,216.59,197.36,207.73,157,111,116.8,0.367,98
Onions (imported),vegetables and fruits,2022,19,334,0,,207.73,224.74,196.4,200.19,234.82,98,107,115.0,0.309,100
Onions (imported),vegetables and fruits,2022,24,303,0,,234.82,207.73,189.77,211.46,214.24,100,105,108.5,0.273,79
Onions (imported),vegetables and fruits,2022,28,273,0,,214.24,234.82,178.53,220.38,177.18,79,157,94.0,0.308,99
Onions (imported),vegetables and fruits,2022,33,242,0,,177.18,214.24,224.74,208.49,182.67,99,98,99.5,0.32,120
Onions (imported),vegetables and fruits,2022,37,211,0,,182.67,177.18,207.73,202.23,257.81,120,100,98.5,0.266,96
Onions (imported),vegetables and fruits,2022,41,181,0,,257.81,182.67,234.82,207.98,230.32,96,79,103.8,0.283,100
Onions (imported),vegetables and fruits,2022,46,150,0,,230.32,257.81,214.24,212.0,159.5,100,99,105.0,0.359,104
Onions (imported),vegetables and fruits,2022,50,120,0,,159.5,230.32,177.18,207.58,170.91,104,120,92.8,0.341,71
Onions (imported),vegetables and fruits,2023,2,89,0,,170.91,159.5,182.67,204.64,106.0,71,96,98.8,0.233,120
Onions (imported),vegetables and fruits,2023,7,58,0,,106.0,170.91,257.81,166.68,117.71,120,100,107.2,0.301,134
Onions (imported),vegetables and fruits,2023,11,30,1,,117.71,106.0,230.32,138.53,129.42,134,104,123.2,0.315,168
Onions (imported),vegetables and fruits,2023,24,304,0,,129.42,117.71,159.5,131.01,142.99,168,71,137.5,0.279,128
Onions (imported),vegetables and fruits,2023,28,274,0,,142.99,129.42,170.91,124.03,185.4,128,120,141.8,0.259,137
Onions (imported),vegetables and fruits,2023,33,243,0,,185.4,142.99,106.0,143.88,214.48,137,134,138.8,0.326,122
Onions (imported),vegetables and fruits,2023,37,212,0,,214.48,185.4,117.71,168.07,251.27,122,168,117.5,0.24,83
Onions (imported),vegetables and fruits,2023,41,182,0,,251.27,214.48,129.42,198.53,296.93,83,128,105.5,0.297,80
Onions (imported),vegetables and fruits,2023,46,151,0,,296.93,251.27,142.99,237.02,427.73,80,137,97.2,0.229,104
Onions (imported),vegetables and fruits,2023,50,121,0,,427.73,296.93,185.4,297.6,463.51,104,122,85.8,0.266,76
Onions (imported),vegetables and fruits,2024,3,90,0,,463.51,427.73,214.48,359.86,409.71,76,83,87.2,0.332,89
Onions (imported),vegetables and fruits,2024,7,59,0,,409.71,463.51,251.27,399.47,535.98,89,80,86.2,0.22,76
Onions (imported),vegetables and fruits,2024,11,30,1,,535.98,409.71,296.93,459.24,581.76,76,104,87.5,0.254,109
Onions (imported),vegetables and fruits,2024,16,364,0,,581.76,535.98,427.73,497.74,262.1,109,76,90.2,0.364,87
Onions (imported),vegetables and fruits,2024,20,334,0,,262.1,581.76,463.51,447.39,253.55,87,89,92.2,0.283,97
Onions (imported),vegetables and fruits,2024,24,303,0,,253.55,262.1,409.71,408.35,254.17,97,76,96.5,0.3,93
Onions (imported),vegetables and fruits,2024,29,273,0,,254.17,253.55,535.98,337.89,254.8,93,109,92.8,0.336,94
Onions (imported),vegetables and fruits,2024,33,242,0,,254.8,254.17,581.76,256.15,276.78,94,87,91.2,0.265,81
Onions (imported),vegetables and fruits,2024,37,211,0,,276.78,254.8,262.1,259.82,286.47,81,97,86.2,0.228,77
Onions (imported),vegetables and fruits,2024,42,181,0,,286.47,276.78,253.55,268.05,341.17,77,93,86.8,0.257,95
Onions (imported),vegetables and fruits,2024,46,150,0,,341.17,286.47,254.17,289.8,297.58,95,94,82.2,0.313,76
Onions (imported),vegetables and fruits,2024,50,120,0,,297.58,341.17,254.8,300.5,254.02,76,81,82.2,0.324,81
Onions (imported),vegetables and fruits,2025,3,89,0,,254.02,297.58,276.78,294.81,207.23,81,77,86.8,0.3,95
Onions (imported),vegetables and fruits,2025,7,58,0,,207.23,254.02,286.47,275.0,178.55,95,95,81.0,0.25,72
Onions (imported),vegetables and fruits,2025,11,30,1,,178.55,207.23,341.17,234.35,163.91,72,76,114.8,0.371,211
Onions (imported),vegetables and fruits,2025,16,364,0,,163.91,178.55,297.58,200.93,144.53,211,81,124.8,0.291,121
Onions (imported),vegetables and fruits,2025,20,334,0,,144.53,163.91,254.02,173.56,145.49,121,95,129.5,0.328,114
Onions (imported),vegetables and fruits,2025,24,303,0,,145.49,144.53,207.23,158.12,137.11,114,72,138.8,0.289,109
Onions (imported),vegetables and fruits,2025,29,273,0,,137.11,145.49,178.55,147.76,148.19,109,211,119.5,0.252,134
Onions (imported),vegetables and fruits,2025,33,242,0,,148.19,137.11,163.91,143.83,165.62,134,121,108.0,0.235,75
Onions (imported),vegetables and fruits,2025,38,211,0,,165.62,148.19,144.53,149.1,,75,114,106.0,0.268,106
Onions (red),vegetables and fruits,2021,37,211,0,,333.88,,,333.88,306.31,77,77,77.0,0.358,77
Onions (red),vegetables and fruits,2021,41,181,0,,306.31,333.88,,320.1,327.1,77,86,81.5,0.34,86
Onions (red),vegetables and fruits,2021,46,150,0,,327.1,306.31,,322.43,378.07,86,108,90.3,0.239,108
Onions (red),vegetables and fruits,2021,50,120,0,,378.07,327.1,,336.34,423.63,108,99,92.5,0.246,99
Onions (red),vegetables and fruits,2022,2,89,0,,423.63,378.07,333.88,358.78,519.99,99,77,90.2,0.306,68
Onions (red),vegetables and fruits,2022,7,58,0,,519.99,423.63,306.31,412.2,387.92,68,86,89.0,0.291,81
Onions (red),vegetables and fruits,2022,11,30,1,,387.92,519.99,327.1,427.4,415.42,81,108,95.5,0.317,134
Onions (red),vegetables and fruits,2022,15,364,0,,415.42,387.92,378.07,436.74,466.52,134,99,94.8,0.295,96
Onions (red),vegetables and fruits,2022,19,334,0,,466.52,415.42,423.63,447.46,551.83,96,68,98.2,0.371,82
Onions (red),vegetables and fruits,2022,24,303,0,,551.83,466.52,519.99,455.42,444.49,82,81,95.2,0.232,69
Onions (red),vegetables and fruits,2023,24,304,0,,444.49,551.83,387.92,469.56,425.24,69,134,84.8,0.367,92
Onions (red),vegetables and fruits,2023,28,274,0,,425.24,444.49,415.42,472.02,310.47,92,96,80.2,0.292,78
Onions (red),vegetables and fruits,2023,33,243,0,,310.47,425.24,466.52,433.01,302.4,78,82,84.8,0.321,100
Onions (red),vegetables and fruits,2023,37,212,0,,302.4,310.47,551.83,370.65,346.06,100,69,91.8,0.287,97
Onions (red),vegetables and fruits,2023,41,182,0,,346.06,302.4,444.49,346.04,447.88,97,92,94.5,0.309,103
Onions (red),vegetables and fruits,2023,46,151,0,,447.88,346.06,425.24,351.7,429.66,103,78,91.8,0.323,67
Onions (red),vegetables and fruits,2023,50,121,0,,429.66,447.88,310.47,381.5,467.85,67,100,88.5,0.302,87
Onions (red),vegetables and fruits,2024,3,90,0,,467.85,429.66,302.4,422.86,304.04,87,97,82.0,0.239,71
Onions (red),vegetables and fruits,2024,7,59,0,,304.04,467.85,346.06,412.36,315.88,71,103,80.2,0.268,96
Onions (red),vegetables and fruits,2024,11,30,1,,315.88,304.04,447.88,379.36,315.94,96,67,101.8,0.243,153
Onions (red),vegetables and fruits,2024,16,364,0,,315.94,315.88,429.66,350.93,321.58,153,87,104.0,0.31,96
Onions (red),vegetables and fruits,2024,20,334,0,,321.58,315.94,467.85,314.36,364.19,96,71,111.8,0.244,102
Onions (red),vegetables and fruits,2024,24,303,0,,364.19,321.58,304.04,329.4,392.92,102,96,109.2,0.32,86
Onions (red),vegetables and fruits,2024,29,273,0,,392.92,364.19,315.88,348.66,332.92,86,153,88.8,0.316,71
Onions (red),vegetables and fruits,2024,33,242,0,,332.92,392.92,315.94,352.9,319.08,71,96,88.8,0.287,96
Onions (red),vegetables and fruits,2024,37,211,0,,319.08,332.92,321.58,352.28,347.07,96,102,85.0,0.351,87
Onions (red),vegetables and fruits,2024,42,181,0,,347.07,319.08,364.19,347.99,368.0,87,86,84.2,0.273,83
Onions (red),vegetables and fruits,2024,46,150,0,,368.0,347.07,392.92,341.76,375.48,83,71,88.0,0.405,86
Onions (red),vegetables and fruits,2024,50,120,0,,375.48,368.0,332.92,352.4,386.41,86,96,81.0,0.238,68
Onions (red),vegetables and fruits,2025,3,89,0,,386.41,375.48,319.08,369.24,375.47,68,87,78.2,0.258,76
Onions (red),vegetables and fruits,2025,7,58,0,,375.47,386.41,347.07,376.34,316.47,76,83,76.2,0.313,75
Onions (red),vegetables and fruits,2025,11,30,1,,316.47,375.47,368.0,363.46,344.01,75,86,82.2,0.25,110
Onions (red),vegetables and fruits,2025,16,364,0,,344.01,316.47,375.48,355.59,355.39,110,68,89.0,0.294,95
Onions (red),vegetables and fruits,2025,20,334,0,,355.39,344.01,386.41,347.84,367.65,95,76,93.5,0.257,94
Onions (red),vegetables and fruits,2025,24,303,0,,367.65,355.39,375.47,345.88,393.81,94,75,95.8,0.292,84
Onions (red),vegetables and fruits,2025,29,273,0,,393.81,367.65,316.47,365.22,308.58,84,110,89.2,0.318,84
Onions (red),vegetables and fruits,2025,33,242,0,,308.58,393.81,344.01,356.36,291.16,84,95,90.5,0.366,100
Onions (red),vegetables and fruits,2025,38,211,0,,291.16,308.58,355.39,340.3,,100,94,89.5,0.242,90
"Onions (red, imported)",vegetables and fruits,2020,3,90,0,446.96,476.58,,,476.58,351.86,241,241,241.0,0.331,241
"Onions (red, imported)",vegetables and fruits,2020,7,59,0,325.03,351.86,476.58,,414.22,240.65,241,305,273.0,0.315,305
"Onions (red, imported)",vegetables and fruits,2020,11,30,1,214.82,240.65,351.86,,356.36,,305,586,377.3,0.286,586
"Onions (red, imported)",vegetables and fruits,2020,16,364,0,198.0,,240.65,,356.36,229.4,586,393,381.2,0.335,393
"Onions (red, imported)",vegetables and fruits,2020,20,334,0,232.54,229.4,,476.58,273.97,261.0,393,241,404.2,0.292,333
"Onions (red, imported)",vegetables and fruits,2020,25,303,0,240.27,261.0,229.4,351.86,243.69,175.58,333,305,407.8,0.308,319
"Onions (red, imported)",vegetables and fruits,2020,29,273,0,157.0,175.58,261.0,240.65,222.0,138.67,319,586,329.0,0.281,271
"Onions (red, imported)",vegetables and fruits,2020,33,242,0,117.0,138.67,175.58,,201.16,170.0,271,393,336.2,0.256,422
"Onions (red, imported)",vegetables and fruits,2020,38,211,0,149.79,170.0,138.67,229.4,186.31,170.0,422,333,345.2,0.269,369
"Onions (red, imported)",vegetables and fruits,2020,42,181,0,149.79,170.0,170.0,261.0,163.56,,369,319,355.8,0.322,361
"Onions (red, imported)",vegetables and fruits,2021,2,89,0,97.5,,170.0,175.58,159.56,,361,271,382.0,0.248,376
"Onions (red, imported)",vegetables and fruits,2021,11,30,1,80.0,,,138.67,170.0,,376,422,420.2,0.328,575
"Onions (red, imported)",vegetables and fruits,2021,15,364,0,65.0,,,170.0,170.0,380.0,575,369,444.8,0.231,467
"Onions (red, imported)",vegetables and fruits,2022,28,273,0,,380.0,,170.0,380.0,402.35,467,361,433.8,0.257,317
"Onions (red, imported)",vegetables and fruits,2022,33,242,0,,402.35,380.0,,391.18,402.07,317,376,413.2,0.36,294
"Onions (red, imported)",vegetables and fruits,2022,37,211,0,,402.07,402.35,,394.81,433.46,294,575,337.5,0.266,272
"Onions (red, imported)",vegetables and fruits,2022,41,181,0,,433.46,402.07,,404.47,659.39,272,467,282.2,0.296,246
"Onions (red, imported)",vegetables and fruits,2022,46,150,0,,659.39,433.46,380.0,474.32,577.0,246,317,267.5,0.306,258
"Onions (red, imported)",vegetables and fruits,2022,50,120,0,,577.0,659.39,402.35,517.98,585.76,258,294,262.8,0.296,275
"Onions (red, imported)",vegetables and fruits,2023,2,89,0,,585.76,577.0,402.07,563.9,292.0,275,272,260.8,0.315,264
"Onions (red, imported)",vegetables and fruits,2023,7,58,0,,292.0,585.76,433.46,528.54,385.17,264,246,280.5,0.374,325
"Onions (red, imported)",vegetables and fruits,2023,11,30,1,,385.17,292.0,659.39,459.98,428.21,325,258,306.8,0.269,363
"Onions (red, imported)",vegetables and fruits,2023,15,365,0,,428.21,385.17,577.0,422.78,244.0,363,275,318.0,0.256,320
"Onions (red, imported)",vegetables and fruits,2023,20,335,0,,244.0,428.21,585.76,337.34,451.2,320,264,353.5,0.367,406
"Onions (red, imported)",vegetables and fruits,2023,24,304,0,,451.2,244.0,292.0,377.14,492.67,406,325,328.0,0.231,223
"Onions (red, imported)",vegetables and fruits,2023,28,274,0,,492.67,451.2,385.17,404.02,509.94,223,363,322.8,0.236,342
"Onions (red, imported)",vegetables and fruits,2023,33,243,0,,509.94,492.67,428.21,424.45,525.8,342,320,315.0,0.268,289
"Onions (red, imported)",vegetables and fruits,2023,46,151,0,,525.8,509.94,244.0,494.9,552.14,289,406,268.8,0.337,221
"Onions (red, imported)",vegetables and fruits,2023,50,121,0,,552.14,525.8,451.2,520.14,486.0,221,223,281.5,0.295,274
"Onions (red, imported)",vegetables and fruits,2024,3,90,0,,486.0,552.14,492.67,518.47,341.38,274,342,261.0,0.282,260
"Onions (red, imported)",vegetables and fruits,2024,7,59,0,,341.38,486.0,509.94,476.33,338.64,260,289,281.2,0.247,370
"Onions (red, imported)",vegetables and fruits,2024,11,30,1,,338.64,341.38,525.8,429.54,356.01,370,221,329.0,0.178,412
"Onions (red, imported)",vegetables and fruits,2024,16,364,0,,356.01,338.64,552.14,380.51,385.35,412,274,327.2,0.253,267
"Onions (red, imported)",vegetables and fruits,2024,20,334,0,,385.35,356.01,486.0,355.35,443.35,267,260,359.8,0.359,390
"Onions (red, imported)",vegetables and fruits,2024,24,303,0,,443.35,385.35,341.38,380.84,424.97,390,370,345.5,0.286,313
"Onions (red, imported)",vegetables and fruits,2024,29,273,0,,424.97,443.35,338.64,402.42,398.39,313,412,328.2,0.368,343
"Onions (red, imported)",vegetables and fruits,2024,33,242,0,,398.39,424.97,356.01,413.02,453.04,343,267,322.5,0.327,244
"Onions (red, imported)",vegetables and fruits,2024,42,181,0,,453.04,398.39,385.35,429.94,451.34,244,390,306.8,0.364,327
"Onions (red, imported)",vegetables and fruits,2024,46,150,0,,451.34,453.04,443.35,431.93,478.08,327,313,314.5,0.25,344
"Onions (red, imported)",vegetables and fruits,2024,50,120,0,,478.08,451.34,424.97,445.21,568.05,344,343,297.0,0.367,273
"Onions (red, imported)",vegetables and fruits,2025,3,89,0,,568.05,478.08,398.39,487.63,489.02,273,244,303.0,0.257,268
"Onions (red, imported)",vegetables and fruits,2025,7,58,0,,489.02,568.05,453.04,496.62,397.79,268,327,277.5,0.291,225
"Onions (red, imported)",vegetables and fruits,2025,11,30,1,,397.79,489.02,451.34,483.23,388.65,225,344,308.8,0.354,469
"Onions (red, imported)",vegetables and fruits,2025,16,364,0,,388.65,397.79,478.08,460.88,426.25,469,273,300.2,0.267,239
"Onions (red, imported)",vegetables and fruits,2025,20,334,0,,426.25,388.65,568.05,425.43,434.52,239,268,296.2,0.299,252
"Onions (red, imported)",vegetables and fruits,2025,24,303,0,,434.52,426.25,489.02,411.8,427.81,252,225,319.0,0.333,316
"Onions (red, imported)",vegetables and fruits,2025,29,273,0,,427.81,434.52,397.79,419.31,318.91,316,469,271.2,0.298,278
"Onions (red, imported)",vegetables and fruits,2025,33,242,0,,318.91,427.81,388.65,401.88,305.07,278,239,289.5,0.249,312
"Onions (red, imported)",vegetables and fruits,2025,38,211,0,,305.07,318.91,426.25,371.58,,312,252,299.0,0.308,290
"Onions (red, local)",vegetables and fruits,2020,3,90,0,436.25,471.72,,,471.72,329.19,237,237,237.0,0.289,237
"Onions (red, local)",vegetables and fruits,2020,7,59,0,302.08,329.19,471.72,,400.45,235.94,237,290,263.5,0.308,290
"Onions (red, local)",vegetables and fruits,2020,11,30,1,210.11,235.94,329.19,,345.62,259.0,290,582,369.7,0.293,582
"Onions (red, local)",vegetables and fruits,2020,16,364,0,232.67,259.0,235.94,,323.96,248.17,582,230,334.8,0.333,230
"Onions (red, local)",vegetables and fruits,2020,20,334,0,241.25,248.17,259.0,471.72,268.08,260.96,230,237,359.2,0.276,335
"Onions (red, local)",vegetables and fruits,2020,25,303,0,241.26,260.96,248.17,329.19,251.02,177.72,335,290,373.0,0.277,345
"Onions (red, local)",vegetables and fruits,2020,29,273,0,155.37,177.72,260.96,235.94,236.46,157.88,345,582,300.8,0.259,293
"Onions (red, local)",vegetables and fruits,2020,33,242,0,134.0,157.88,177.72,259.0,211.18,161.12,293,230,330.0,0.229,347
"Onions (red, local)",vegetables and fruits,2020,38,211,0,139.75,161.12,157.88,248.17,189.42,161.12,347,335,326.2,0.284,320
"Onions (red, local)",vegetables and fruits,2020,42,181,0,203.96,161.12,161.12,260.96,164.46,,320,345,320.2,0.318,321
"Onions (red, local)",vegetables and fruits,2020,46,150,0,160.0,,161.12,177.72,160.04,226.06,321,293,345.0,0.41,392
"Onions (red, local)",vegetables and fruits,2022,28,273,0,,226.06,,157.88,182.77,177.18,392,347,330.2,0.306,288
"Onions (red, local)",vegetables and fruits,2022,33,242,0,,177.18,226.06,161.12,188.12,182.67,288,320,336.8,0.362,346
"Onions (red, local)",vegetables and fruits,2022,37,211,0,,182.67,177.18,161.12,195.3,275.31,346,321,337.2,0.304,323
"Onions (red, local)",vegetables and fruits,2022,41,181,0,,275.31,182.67,,215.3,230.32,323,392,294.8,0.327,222
"Onions (red, local)",vegetables and fruits,2022,46,150,0,,230.32,275.31,226.06,216.37,205.59,222,288,315.2,0.343,370
"Onions (red, local)",vegetables and fruits,2022,50,120,0,,205.59,230.32,177.18,223.47,170.91,370,346,321.8,0.277,372
"Onions (red, local)",vegetables and fruits,2023,2,89,0,,170.91,205.59,182.67,220.53,145.31,372,323,316.5,0.23,302
"Onions (red, local)",vegetables and fruits,2023,7,58,0,,145.31,170.91,275.31,188.03,346.67,302,222,353.8,0.274,371
"Onions (red, local)",vegetables and fruits,2023,11,30,1,,346.67,145.31,230.32,217.12,507.32,371,370,389.0,0.293,511
"Onions (red, local)",vegetables and fruits,2023,24,304,0,,507.32,346.67,205.59,292.55,526.87,511,372,349.2,0.314,213
"Onions (red, local)",vegetables and fruits,2023,28,274,0,,526.87,507.32,170.91,381.54,384.66,213,302,335.5,0.329,247
"Onions (red, local)",vegetables and fruits,2023,33,243,0,,384.66,526.87,145.31,441.38,376.27,247,371,302.8,0.223,240
"Onions (red, local)",vegetables and fruits,2023,37,212,0,,376.27,384.66,346.67,448.78,421.81,240,511,229.2,0.299,217
"Onions (red, local)",vegetables and fruits,2023,41,182,0,,421.81,376.27,507.32,427.41,507.87,217,213,233.2,0.31,229
"Onions (red, local)",vegetables and fruits,2023,46,151,0,,507.87,421.81,526.87,422.66,567.64,229,247,233.0,0.373,246
"Onions (red, local)",vegetables and fruits,2023,50,121,0,,567.64,507.87,384.66,468.4,511.6,246,240,220.5,0.279,190
"Onions (red, local)",vegetables and fruits,2024,3,90,0,,511.6,567.64,376.27,502.23,312.67,190,217,236.8,0.205,282
"Onions (red, local)",vegetables and fruits,2024,7,59,0,,312.67,511.6,421.81,474.94,388.44,282,229,251.0,0.239,286
"Onions (red, local)",vegetables and fruits,2024,11,30,1,,388.44,312.67,507.87,445.09,394.71,286,246,308.5,0.292,476
"Onions (red, local)",vegetables and fruits,2024,16,364,0,,394.71,388.44,567.64,401.85,425.51,476,190,326.0,0.286,260
"Onions (red, local)",vegetables and fruits,2024,20,334,0,,425.51,394.71,511.6,380.33,464.91,260,282,326.0,0.241,282
"Onions (red, local)",vegetables and fruits,2024,24,303,0,,464.91,425.51,312.67,418.39,481.17,282,286,301.5,0.275,188
"Onions (red, local)",vegetables and fruits,2024,29,273,0,,481.17,464.91,388.44,441.58,404.84,188,476,250.0,0.292,270
"Onions (red, local)",vegetables and fruits,2024,33,242,0,,404.84,481.17,394.71,444.11,391.0,270,260,248.0,0.331,252
"Onions (red, local)",vegetables and fruits,2024,37,211,0,,391.0,404.84,425.51,435.48,425.93,252,282,237.5,0.3,240
"Onions (red, local)",vegetables and fruits,2024,42,181,0,,425.93,391.0,464.91,425.74,444.83,240,188,247.5,0.401,228
"Onions (red, local)",vegetables and fruits,2024,46,150,0,,444.83,425.93,481.17,416.65,455.68,228,270,233.8,0.348,215
"Onions (red, local)",vegetables and fruits,2024,50,120,0,,455.68,444.83,404.84,429.36,488.0,215,252,226.8,0.246,224
"Onions (red, local)",vegetables and fruits,2025,3,89,0,,488.0,455.68,391.0,453.61,523.47,224,240,229.0,0.409,249
"Onions (red, local)",vegetables and fruits,2025,7,58,0,,523.47,488.0,425.93,477.99,373.64,249,228,233.5,0.307,246
"Onions (red, local)",vegetables and fruits,2025,11,30,1,,373.64,523.47,444.83,460.2,419.56,246,215,259.2,0.329,318
"Onions (red, local)",vegetables and fruits,2025,16,364,0,,419.56,373.64,455.68,451.17,397.69,318,224,261.5,0.33,233
"Onions (red, local)",vegetables and fruits,2025,20,334,0,,397.69,419.56,488.0,428.59,499.81,233,249,274.0,0.299,299
"Onions (red, local)",vegetables and fruits,2025,24,303,0,,499.81,397.69,523.47,422.67,455.64,299,246,283.5,0.259,284
"Onions (red, local)",vegetables and fruits,2025,29,273,0,,455.64,499.81,373.64,443.17,342.08,284,318,273.2,0.27,277
"Onions (red, local)",vegetables and fruits,2025,33,242,0,,342.08,455.64,419.56,423.8,337.6,277,233,293.2,0.276,313
"Onions (red, local)",vegetables and fruits,2025,38,211,0,,337.6,342.08,397.69,408.78,,313,299,274.5,0.276,224
Papaya,vegetables and fruits,2020,3,90,0,67.62,91.9,,,91.9,144.44,124,124,124.0,0.313,124
Papaya,vegetables and fruits,2020,7,59,0,118.61,144.44,91.9,,118.17,183.33,124,88,106.0,0.268,88
Papaya,vegetables and fruits,2020,11,30,1,155.56,183.33,144.44,,139.89,,88,119,110.3,0.245,119
Papaya,vegetables and fruits,2020,16,364,0,68.33,,183.33,,139.89,,119,90,105.2,0.283,90
Papaya,vegetables and fruits,2020,20,334,0,71.67,,,91.9,163.88,94.47,90,124,99.5,0.274,101
Papaya,vegetables and fruits,2020,25,303,0,69.0,94.47,,144.44,138.9,95.87,101,88,102.0,0.398,98
Papaya,vegetables and fruits,2020,29,273,0,68.48,95.87,94.47,183.33,95.17,86.79,98,119,96.5,0.218,97
Papaya,vegetables and fruits,2020,33,242,0,66.79,86.79,95.87,,92.38,121.67,97,90,98.5,0.239,98
Papaya,vegetables and fruits,2020,38,211,0,90.0,121.67,86.79,,99.7,121.67,98,101,95.0,0.333,87
Papaya,vegetables and fruits,2020,42,181,0,90.0,121.67,121.67,94.47,106.5,,87,98,92.0,0.268,86
Papaya,vegetables and fruits,2021,2,89,0,55.0,,121.67,95.87,110.04,207.35,86,97,91.0,0.381,93
Papaya,vegetables and fruits,2022,28,273,0,,207.35,,86.79,150.23,313.94,93,98,85.2,0.337,75
Papaya,vegetables and fruits,2022,33,242,0,,313.94,207.35,121.67,214.32,261.25,75,87,82.5,0.299,76
Papaya,vegetables and fruits,2022,37,211,0,,261.25,313.94,121.67,260.85,247.67,76,86,83.0,0.356,88
Papaya,vegetables and fruits,2022,41,181,0,,247.67,261.25,,257.55,385.48,88,93,77.8,0.232,72
Papaya,vegetables and fruits,2022,46,150,0,,385.48,247.67,207.35,302.09,164.0,72,75,73.5,0.345,58
Papaya,vegetables and fruits,2022,50,120,0,,164.0,385.48,313.94,264.6,336.21,58,76,75.8,0.222,85
Papaya,vegetables and fruits,2023,2,89,0,,336.21,164.0,261.25,283.34,246.15,85,88,70.5,0.363,67
Papaya,vegetables and fruits,2023,7,58,0,,246.15,336.21,247.67,282.96,342.07,67,72,70.8,0.268,73
Papaya,vegetables and fruits,2023,11,30,1,,342.07,246.15,385.48,272.11,255.19,73,58,75.0,0.248,75
Papaya,vegetables and fruits,2023,15,365,0,,255.19,342.07,164.0,294.9,99.29,75,85,70.5,0.212,67
Papaya,vegetables and fruits,2023,20,335,0,,99.29,255.19,336.21,235.68,157.75,67,67,81.2,0.242,110
Papaya,vegetables and fruits,2023,24,304,0,,157.75,99.29,246.15,213.57,152.61,110,73,85.8,0.315,91
Papaya,vegetables and fruits,2023,28,274,0,,152.61,157.75,342.07,166.21,213.11,91,75,94.0,0.255,108
Papaya,vegetables and fruits,2023,33,243,0,,213.11,152.61,255.19,155.69,195.01,108,67,97.5,0.331,81
Papaya,vegetables and fruits,2023,37,212,0,,195.01,213.11,99.29,179.62,139.35,81,110,89.5,0.283,78
Papaya,vegetables and fruits,2023,41,182,0,,139.35,195.01,157.75,175.02,157.61,78,91,87.2,0.253,82
Papaya,vegetables and fruits,2023,46,151,0,,157.61,139.35,152.61,176.27,149.46,82,108,76.8,0.277,66
Papaya,vegetables and fruits,2023,50,121,0,,149.46,157.61,213.11,160.35,197.79,66,81,79.2,0.24,91
Papaya,vegetables and fruits,2024,3,90,0,,197.79,149.46,195.01,161.05,223.93,91,78,79.2,0.257,78
Papaya,vegetables and fruits,2024,7,59,0,,223.93,197.79,139.35,182.19,244.46,78,82,79.8,0.31,84
Papaya,vegetables and fruits,2024,11,30,1,,244.46,223.93,157.61,203.91,212.97,84,66,87.8,0.278,98
Papaya,vegetables and fruits,2024,16,364,0,,212.97,244.46,149.46,219.79,156.15,98,91,85.2,0.319,81
Papaya,vegetables and fruits,2024,20,334,0,,156.15,212.97,197.79,209.38,172.58,81,78,85.2,0.265,78
Papaya,vegetables and fruits,2024,24,303,0,,172.58,156.15,223.93,196.54,211.18,78,84,83.0,0.184,75
Papaya,vegetables and fruits,2024,29,273,0,,211.18,172.58,244.46,188.22,211.41,75,98,76.0,0.257,70
Papaya,vegetables and fruits,2024,33,242,0,,211.41,211.18,212.97,187.83,239.11,70,81,72.5,0.326,67
Papaya,vegetables and fruits,2024,37,211,0,,239.11,211.41,156.15,208.57,158.65,67,78,70.5,0.378,70
Papaya,vegetables and fruits,2024,42,181,0,,158.65,239.11,172.58,205.09,136.85,70,75,70.8,0.319,76
Papaya,vegetables and fruits,2024,46,150,0,,136.85,158.65,211.18,186.51,200.21,76,70,79.0,0.321,103
Papaya,vegetables and fruits,2024,50,120,0,,200.21,136.85,211.41,183.71,185.23,103,67,81.5,0.169,77
Papaya,vegetables and fruits,2025,3,89,0,,185.23,200.21,239.11,170.24,236.53,77,70,82.8,0.241,75
Papaya,vegetables and fruits,2025,7,58,0,,236.53,185.23,158.65,189.71,261.4,75,76,85.2,0.275,86
Papaya,vegetables and fruits,2025,11,30,1,,261.4,236.53,136.85,220.84,160.76,86,103,80.8,0.463,85
Papaya,vegetables and fruits,2025,16,364,0,,160.76,261.4,200.21,210.98,144.45,85,77,84.0,0.369,90
Papaya,vegetables and fruits,2025,20,334,0,,144.45,160.76,185.23,200.79,149.54,90,75,88.2,0.332,92
Papaya,vegetables and fruits,2025,24,303,0,,149.54,144.45,236.53,179.04,201.05,92,86,86.8,0.347,80
Papaya,vegetables and fruits,2025,29,273,0,,201.05,149.54,261.4,163.95,163.5,80,85,82.5,0.335,68
Papaya,vegetables and fruits,2025,33,242,0,,163.5,201.05,160.76,164.63,163.51,68,90,81.2,0.367,85
Papaya,vegetables and fruits,2025,38,211,0,,163.51,163.5,144.45,169.4,,85,92,78.2,0.233,80
Pineapples,vegetables and fruits,2020,3,90,0,151.67,193.1,,,193.1,193.0,273,273,273.0,0.297,273
Pineapples,vegetables and fruits,2020,7,59,0,157.78,193.0,193.1,,193.05,186.0,273,226,249.5,0.26,226
Pineapples,vegetables and fruits,2020,11,30,1,149.44,186.0,193.0,,190.7,,226,482,327.0,0.278,482
Pineapples,vegetables and fruits,2020,16,364,0,150.0,,186.0,,190.7,,482,293,318.5,0.311,293
Pineapples,vegetables and fruits,2020,20,334,0,150.0,,,193.1,189.5,155.75,293,273,319.8,0.418,278
Pineapples,vegetables and fruits,2020,25,303,0,,155.75,,193.0,170.88,172.17,278,226,338.2,0.212,300
Pineapples,vegetables and fruits,2020,29,273,0,,172.17,155.75,186.0,163.96,180.0,300,482,295.5,0.345,311
Pineapples,vegetables and fruits,2020,33,242,0,,180.0,172.17,,169.31,163.33,311,293,273.0,0.306,203
Pineapples,vegetables and fruits,2020,38,211,0,,163.33,180.0,,167.81,163.33,203,278,290.2,0.261,347
Pineapples,vegetables and fruits,2020,42,181,0,,163.33,163.33,155.75,169.71,,347,300,276.2,0.231,244
Pineapples,vegetables and fruits,2021,2,89,0,125.0,,163.33,172.17,168.89,427.1,244,311,261.5,0.285,252
Pineapples,vegetables and fruits,2022,28,273,0,,427.1,,180.0,251.25,526.15,252,203,257.0,0.383,185
Pineapples,vegetables and fruits,2022,33,242,0,,526.15,427.1,163.33,372.19,688.46,185,347,226.5,0.251,225
Pineapples,vegetables and fruits,2022,37,211,0,,688.46,526.15,163.33,547.24,530.77,225,244,217.5,0.284,208
Pineapples,vegetables and fruits,2022,41,181,0,,530.77,688.46,,543.12,450.69,208,252,194.5,0.227,160
Pineapples,vegetables and fruits,2022,46,150,0,,450.69,530.77,427.1,549.02,530.0,160,185,201.0,0.248,211
Pineapples,vegetables and fruits,2022,50,120,0,,530.0,450.69,526.15,549.98,455.42,211,225,189.8,0.261,180
Pineapples,vegetables and fruits,2023,2,89,0,,455.42,530.0,688.46,491.72,487.0,180,208,196.0,0.256,233
Pineapples,vegetables and fruits,2023,7,58,0,,487.0,455.42,530.77,480.78,619.57,233,160,197.2,0.361,165
Pineapples,vegetables and fruits,2023,11,30,1,,619.57,487.0,450.69,523.0,446.0,165,211,242.2,0.369,391
Pineapples,vegetables and fruits,2023,15,365,0,,446.0,619.57,530.0,502.0,578.75,391,180,246.0,0.328,195
Pineapples,vegetables and fruits,2023,20,335,0,,578.75,446.0,455.42,532.83,376.97,195,233,237.5,0.281,199
Pineapples,vegetables and fruits,2023,24,304,0,,376.97,578.75,487.0,505.32,488.78,199,165,242.5,0.337,185
Pineapples,vegetables and fruits,2023,28,274,0,,488.78,376.97,619.57,472.62,597.87,185,391,202.8,0.271,232
Pineapples,vegetables and fruits,2023,33,243,0,,597.87,488.78,446.0,510.59,629.98,232,195,197.2,0.358,173
Pineapples,vegetables and fruits,2023,37,212,0,,629.98,597.87,578.75,523.4,471.8,173,199,198.5,0.329,204
Pineapples,vegetables and fruits,2023,41,182,0,,471.8,629.98,376.97,547.11,420.08,204,185,203.2,0.319,204
Pineapples,vegetables and fruits,2023,46,151,0,,420.08,471.8,488.78,529.93,399.23,204,232,198.0,0.223,211
Pineapples,vegetables and fruits,2023,50,121,0,,399.23,420.08,597.87,480.27,445.21,211,173,218.2,0.418,254
Pineapples,vegetables and fruits,2024,3,90,0,,445.21,399.23,629.98,434.08,504.72,254,204,223.8,0.416,226
Pineapples,vegetables and fruits,2024,7,59,0,,504.72,445.21,471.8,442.31,502.96,226,204,226.8,0.338,216
Pineapples,vegetables and fruits,2024,11,30,1,,502.96,504.72,420.08,463.03,585.72,216,211,270.0,0.287,384
Pineapples,vegetables and fruits,2024,16,364,0,,585.72,502.96,399.23,509.65,650.98,384,254,251.2,0.272,179
Pineapples,vegetables and fruits,2024,20,334,0,,650.98,585.72,445.21,561.1,458.53,179,226,237.0,0.411,169
Pineapples,vegetables and fruits,2024,24,303,0,,458.53,650.98,504.72,549.55,369.13,169,216,231.0,0.252,192
Pineapples,vegetables and fruits,2024,29,273,0,,369.13,458.53,502.96,516.09,407.94,192,384,196.5,0.247,246
Pineapples,vegetables and fruits,2024,33,242,0,,407.94,369.13,585.72,471.65,407.9,246,179,193.8,0.234,168
Pineapples,vegetables and fruits,2024,37,211,0,,407.9,407.94,650.98,410.88,421.97,168,169,211.0,0.342,238
Pineapples,vegetables and fruits,2024,42,181,0,,421.97,407.9,458.53,401.74,381.4,238,192,223.0,0.307,240
Pineapples,vegetables and fruits,2024,46,150,0,,381.4,421.97,369.13,404.8,377.89,240,246,213.2,0.294,207
Pineapples,vegetables and fruits,2024,50,120,0,,377.89,381.4,407.94,397.29,376.01,207,168,228.0,0.342,227
Pineapples,vegetables and fruits,2025,3,89,0,,376.01,377.89,407.9,389.32,356.98,227,238,226.8,0.316,233
Pineapples,vegetables and fruits,2025,7,58,0,,356.98,376.01,421.97,373.07,359.78,233,240,230.2,0.29,254
Pineapples,vegetables and fruits,2025,11,30,1,,359.78,356.98,381.4,367.67,334.85,254,207,251.2,0.264,291
Pineapples,vegetables and fruits,2025,16,364,0,,334.85,359.78,377.89,356.91,287.55,291,227,246.0,0.292,206
Pineapples,vegetables and fruits,2025,20,334,0,,287.55,334.85,376.01,334.79,310.93,206,233,242.5,0.281,219
Pineapples,vegetables and fruits,2025,24,303,0,,310.93,287.55,356.98,323.28,298.86,219,254,240.5,0.291,246
Pineapples,vegetables and fruits,2025,29,273,0,,298.86,310.93,359.78,308.05,288.06,246,291,221.2,0.336,214
Pineapples,vegetables and fruits,2025,33,242,0,,288.06,298.86,334.85,296.35,312.54,214,206,231.5,0.355,247
Pineapples,vegetables and fruits,2025,38,211,0,,312.54,288.06,287.55,302.6,,247,219,253.8,0.375,308
Potatoes (imported),cereals and tubers,2020,3,90,0,137.47,154.43,,,154.43,125.62,203,203,203.0,0.334,203
Potatoes (imported),cereals and tubers,2020,7,59,0,107.46,125.62,154.43,,140.02,111.44,203,251,227.0,0.28,251
Potatoes (imported),cereals and tubers,2020,11,30,1,95.78,111.44,125.62,,130.5,,251,414,289.3,0.291,414
Potatoes (imported),cereals and tubers,2020,16,364,0,110.0,,111.44,,130.5,139.27,414,236,276.0,0.177,236
Potatoes (imported),cereals and tubers,2020,20,334,0,88.33,139.27,,154.43,125.44,145.25,236,203,271.8,0.286,186
Potatoes (imported),cereals and tubers,2020,25,303,0,120.8,145.25,139.27,125.62,131.99,147.0,186,251,274.0,0.231,260
Potatoes (imported),cereals and tubers,2020,29,273,0,125.39,147.0,145.25,111.44,143.84,137.71,260,414,221.2,0.391,203
Potatoes (imported),cereals and tubers,2020,33,242,0,114.5,137.71,147.0,,142.31,137.17,203,236,212.5,0.335,201
Potatoes (imported),cereals and tubers,2020,38,211,0,116.67,137.17,137.71,139.27,141.78,137.17,201,186,222.8,0.256,227
Potatoes (imported),cereals and tubers,2020,42,181,0,123.34,137.17,137.17,145.25,139.76,,227,260,224.2,0.303,266
Potatoes (imported),cereals and tubers,2021,2,89,0,107.5,,137.17,147.0,137.35,,266,203,232.8,0.312,237
Potatoes (imported),cereals and tubers,2021,7,58,0,95.0,,,137.71,137.17,,237,201,231.8,0.25,197
Potatoes (imported),cereals and tubers,2021,11,30,1,90.0,,,137.17,137.17,,197,227,282.5,0.338,430
Potatoes (imported),cereals and tubers,2021,15,364,0,90.0,,,137.17,,232.35,430,266,286.0,0.3,280
Potatoes (imported),cereals and tubers,2022,28,273,0,,232.35,,,232.35,294.69,280,237,258.8,0.257,128
Potatoes (imported),cereals and tubers,2022,37,211,0,,294.69,232.35,,263.52,246.88,128,197,247.0,0.29,150
Potatoes (imported),cereals and tubers,2022,41,181,0,,246.88,294.69,,257.97,227.27,150,430,190.0,0.313,202
Potatoes (imported),cereals and tubers,2022,46,150,0,,227.27,246.88,,250.3,173.5,202,280,160.5,0.355,162
Potatoes (imported),cereals and tubers,2022,50,120,0,,173.5,227.27,232.35,235.58,156.76,162,128,181.2,0.383,211
Potatoes (imported),cereals and tubers,2023,2,89,0,,156.76,173.5,294.69,201.1,122.0,211,150,189.5,0.257,183
Potatoes (imported),cereals and tubers,2023,7,58,0,,122.0,156.76,246.88,169.88,159.35,183,202,199.2,0.312,241
Potatoes (imported),cereals and tubers,2023,11,30,1,,159.35,122.0,227.27,152.9,195.77,241,162,257.8,0.231,396
Potatoes (imported),cereals and tubers,2023,15,365,0,,195.77,159.35,173.5,158.47,161.5,396,211,246.8,0.335,167
Potatoes (imported),cereals and tubers,2023,20,335,0,,161.5,195.77,156.76,159.66,205.58,167,183,250.2,0.262,197
Potatoes (imported),cereals and tubers,2023,24,304,0,,205.58,161.5,122.0,180.55,235.53,197,241,251.0,0.352,244
Potatoes (imported),cereals and tubers,2023,28,274,0,,235.53,205.58,159.35,199.59,222.97,244,396,192.2,0.355,161
Potatoes (imported),cereals and tubers,2023,33,243,0,,222.97,235.53,195.77,206.39,208.93,161,167,194.8,0.273,177
Potatoes (imported),cereals and tubers,2023,37,212,0,,208.93,222.97,161.5,218.25,215.46,177,197,200.2,0.369,219
Potatoes (imported),cereals and tubers,2023,41,182,0,,215.46,208.93,205.58,220.72,218.16,219,244,189.2,0.355,200
Potatoes (imported),cereals and tubers,2023,46,151,0,,218.16,215.46,235.53,216.38,229.95,200,161,194.5,0.384,182
Potatoes (imported),cereals and tubers,2023,50,121,0,,229.95,218.16,222.97,218.12,202.14,182,177,194.5,0.288,177
Potatoes (imported),cereals and tubers,2024,3,90,0,,202.14,229.95,208.93,216.43,176.83,177,219,183.8,0.259,176
Potatoes (imported),cereals and tubers,2024,7,59,0,,176.83,202.14,215.46,206.77,209.55,176,200,192.8,0.336,236
Potatoes (imported),cereals and tubers,2024,11,30,1,,209.55,176.83,218.16,204.62,194.85,236,182,242.0,0.352,379
Potatoes (imported),cereals and tubers,2024,16,364,0,,194.85,209.55,229.95,195.84,201.78,379,177,247.2,0.265,198
Potatoes (imported),cereals and tubers,2024,20,334,0,,201.78,194.85,202.14,195.75,217.62,198,176,251.5,0.299,193
Potatoes (imported),cereals and tubers,2024,24,303,0,,217.62,201.78,176.83,205.95,282.77,193,236,233.8,0.196,165
Potatoes (imported),cereals and tubers,2024,29,273,0,,282.77,217.62,209.55,224.26,236.59,165,379,190.0,0.265,204
Potatoes (imported),cereals and tubers,2024,33,242,0,,236.59,282.77,194.85,234.69,223.49,204,198,190.0,0.268,198
Potatoes (imported),cereals and tubers,2024,37,211,0,,223.49,236.59,201.78,240.12,220.68,198,193,181.2,0.36,158
Potatoes (imported),cereals and tubers,2024,42,181,0,,220.68,223.49,217.62,240.88,226.32,158,165,179.2,0.282,157
Potatoes (imported),cereals and tubers,2024,46,150,0,,226.32,220.68,282.77,226.77,269.51,157,204,169.8,0.375,166
Potatoes (imported),cereals and tubers,2024,50,120,0,,269.51,226.32,236.59,235.0,229.24,166,198,157.8,0.289,150
Potatoes (imported),cereals and tubers,2025,3,89,0,,229.24,269.51,223.49,236.44,210.14,150,158,165.5,0.325,189
Potatoes (imported),cereals and tubers,2025,7,58,0,,210.14,229.24,220.68,233.8,200.81,189,157,175.0,0.285,195
Potatoes (imported),cereals and tubers,2025,11,30,1,,200.81,210.14,226.32,227.42,206.69,195,166,223.0,0.224,358
Potatoes (imported),cereals and tubers,2025,16,364,0,,206.69,200.81,269.51,211.72,234.73,358,150,228.8,0.405,173
Potatoes (imported),cereals and tubers,2025,20,334,0,,234.73,206.69,229.24,213.09,207.17,173,189,214.0,0.25,130
Potatoes (imported),cereals and tubers,2025,24,303,0,,207.17,234.73,210.14,212.35,208.56,130,195,210.5,0.194,181
Potatoes (imported),cereals and tubers,2025,29,273,0,,208.56,207.17,200.81,214.29,212.4,181,358,170.2,0.339,197
Potatoes (imported),cereals and tubers,2025,33,242,0,,212.4,208.56,206.69,215.71,223.45,197,173,171.2,0.271,177
Potatoes (imported),cereals and tubers,2025,38,211,0,,223.45,212.4,234.73,212.9,,177,130,185.0,0.226,185
Potatoes (local),cereals and tubers,2020,3,90,0,160.82,181.94,,,181.94,179.64,412,412,412.0,0.29,412
Potatoes (local),cereals and tubers,2020,7,59,0,160.61,179.64,181.94,,180.79,146.83,412,454,433.0,0.321,454
Potatoes (local),cereals and tubers,2020,11,30,1,126.72,146.83,179.64,,169.47,115.5,454,506,457.3,0.243,506
Potatoes (local),cereals and tubers,2020,16,364,0,123.16,115.5,146.83,,155.98,63.75,506,408,445.0,0.311,408
Potatoes (local),cereals and tubers,2020,20,334,0,135.84,63.75,115.5,181.94,126.43,182.54,408,412,452.5,0.253,442
Potatoes (local),cereals and tubers,2020,25,303,0,163.05,182.54,63.75,179.64,127.16,200.96,442,454,456.2,0.386,469
Potatoes (local),cereals and tubers,2020,29,273,0,179.9,200.96,182.54,146.83,140.69,192.52,469,506,419.8,0.31,360
Potatoes (local),cereals and tubers,2020,33,242,0,173.36,192.52,200.96,115.5,159.94,147.44,360,408,433.5,0.349,463
Potatoes (local),cereals and tubers,2020,38,211,0,126.23,147.44,192.52,63.75,180.86,147.44,463,442,439.2,0.304,465
Potatoes (local),cereals and tubers,2020,42,181,0,138.58,147.44,147.44,182.54,172.09,,465,469,451.0,0.309,516
Potatoes (local),cereals and tubers,2020,46,150,0,230.0,,147.44,200.96,162.46,,516,360,462.2,0.229,405
Potatoes (local),cereals and tubers,2020,51,120,0,170.0,,,192.52,147.44,,405,463,487.8,0.266,565
Potatoes (local),cereals and tubers,2021,2,89,0,155.0,,,147.44,147.44,,565,465,480.5,0.342,436
Potatoes (local),cereals and tubers,2021,7,58,0,137.5,,,147.44,,,436,516,456.5,0.435,420
Potatoes (local),cereals and tubers,2021,11,30,1,122.5,,,,,,420,405,461.2,0.23,424
Potatoes (local),cereals and tubers,2021,15,364,0,122.5,,,,,536.07,424,565,425.5,0.386,422
Potatoes (local),cereals and tubers,2022,28,273,0,,536.07,,,536.07,498.21,422,436,377.8,0.408,245
Potatoes (local),cereals and tubers,2022,33,242,0,,498.21,536.07,,517.14,470.71,245,420,354.2,0.234,326
Potatoes (local),cereals and tubers,2022,37,211,0,,470.71,498.21,,501.66,416.88,326,424,305.5,0.27,229
Potatoes (local),cereals and tubers,2022,41,181,0,,416.88,470.71,,480.47,428.48,229,422,287.2,0.229,349
Potatoes (local),cereals and tubers,2022,46,150,0,,428.48,416.88,536.07,453.57,480.0,349,245,313.5,0.331,350
Potatoes (local),cereals and tubers,2022,50,120,0,,480.0,428.48,498.21,449.02,429.44,350,326,306.8,0.273,299
Potatoes (local),cereals and tubers,2023,2,89,0,,429.44,480.0,470.71,438.7,359.35,299,229,307.8,0.252,233
Potatoes (local),cereals and tubers,2023,7,58,0,,359.35,429.44,416.88,424.32,339.2,233,349,315.5,0.256,380
Potatoes (local),cereals and tubers,2023,11,30,1,,339.2,359.35,428.48,402.0,360.0,380,350,330.0,0.278,408
Potatoes (local),cereals and tubers,2023,15,365,0,,360.0,339.2,480.0,372.0,260.0,408,299,334.0,0.224,315
Potatoes (local),cereals and tubers,2023,20,335,0,,260.0,360.0,429.44,329.64,375.85,315,233,356.2,0.348,322
Potatoes (local),cereals and tubers,2023,24,304,0,,375.85,260.0,359.35,333.76,409.02,322,380,351.2,0.266,360
Potatoes (local),cereals and tubers,2023,28,274,0,,409.02,375.85,339.2,351.22,421.1,360,408,314.0,0.281,259
Potatoes (local),cereals and tubers,2023,33,243,0,,421.1,409.02,360.0,366.49,375.75,259,315,315.2,0.313,320
Potatoes (local),cereals and tubers,2023,37,212,0,,375.75,421.1,260.0,395.43,348.73,320,322,328.8,0.28,376
Potatoes (local),cereals and tubers,2023,41,182,0,,348.73,375.75,375.85,388.65,381.94,376,360,341.0,0.331,409
Potatoes (local),cereals and tubers,2023,46,151,0,,381.94,348.73,409.02,381.88,415.9,409,259,365.8,0.241,358
Potatoes (local),cereals and tubers,2023,50,121,0,,415.9,381.94,421.1,380.58,423.53,358,320,370.2,0.285,338
Potatoes (local),cereals and tubers,2024,3,90,0,,423.53,415.9,375.75,392.53,404.84,338,376,351.5,0.356,301
Potatoes (local),cereals and tubers,2024,7,59,0,,404.84,423.53,348.73,406.55,415.62,301,409,315.0,0.317,263
Potatoes (local),cereals and tubers,2024,11,30,1,,415.62,404.84,381.94,414.97,382.33,263,358,315.5,0.393,360
Potatoes (local),cereals and tubers,2024,16,364,0,,382.33,415.62,415.9,406.58,365.28,360,338,316.8,0.315,343
Potatoes (local),cereals and tubers,2024,20,334,0,,365.28,382.33,423.53,392.02,386.6,343,301,328.8,0.254,349
Potatoes (local),cereals and tubers,2024,24,303,0,,386.6,365.28,404.84,387.46,454.68,349,263,360.0,0.277,388
Potatoes (local),cereals and tubers,2024,29,273,0,,454.68,386.6,415.62,397.22,471.7,388,360,340.0,0.327,280
Potatoes (local),cereals and tubers,2024,33,242,0,,471.7,454.68,382.33,419.56,404.34,280,343,337.5,0.298,333
Potatoes (local),cereals and tubers,2024,37,211,0,,404.34,471.7,365.28,429.33,351.7,333,349,343.8,0.261,374
Potatoes (local),cereals and tubers,2024,42,181,0,,351.7,404.34,386.6,420.61,386.15,374,388,334.0,0.374,349
Potatoes (local),cereals and tubers,2024,46,150,0,,386.15,351.7,454.68,403.47,421.86,349,280,337.5,0.231,294
Potatoes (local),cereals and tubers,2024,50,120,0,,421.86,386.15,471.7,391.01,433.85,294,333,315.8,0.316,246
Potatoes (local),cereals and tubers,2025,3,89,0,,433.85,421.86,404.34,398.39,400.49,246,374,298.0,0.291,303
Potatoes (local),cereals and tubers,2025,7,58,0,,400.49,433.85,351.7,410.59,397.48,303,349,277.5,0.355,267
Potatoes (local),cereals and tubers,2025,11,30,1,,397.48,400.49,386.15,413.42,386.37,267,294,295.0,0.297,364
Potatoes (local),cereals and tubers,2025,16,364,0,,386.37,397.48,421.86,404.55,386.19,364,246,311.0,0.281,310
Potatoes (local),cereals and tubers,2025,20,334,0,,386.19,386.37,433.85,392.63,383.01,310,303,318.5,0.336,333
Potatoes (local),cereals and tubers,2025,24,303,0,,383.01,386.19,400.49,388.26,395.98,333,267,334.5,0.251,331
Potatoes (local),cereals and tubers,2025,29,273,0,,395.98,383.01,397.48,387.89,391.69,331,364,324.8,0.258,325
Potatoes (local),cereals and tubers,2025,33,242,0,,391.69,395.98,386.37,389.22,369.1,325,310,330.2,0.255,332
Potatoes (local),cereals and tubers,2025,38,211,0,,369.1,391.69,386.19,384.94,,332,333,341.5,0.26,378
Pumpkin,vegetables and fruits,2020,3,90,0,73.55,104.14,,,104.14,184.58,360,360,360.0,0.358,360
Pumpkin,vegetables and fruits,2020,7,59,0,154.86,184.58,104.14,,144.36,99.34,360,316,338.0,0.367,316
Pumpkin,vegetables and fruits,2020,11,30,1,69.61,99.34,184.58,,129.35,58.0,316,637,437.7,0.371,637
Pumpkin,vegetables and fruits,2020,16,364,0,42.0,58.0,99.34,,111.52,52.0,637,261,393.5,0.288,261
Pumpkin,vegetables and fruits,2020,20,334,0,34.08,52.0,58.0,104.14,98.48,53.6,261,360,394.8,0.272,365
Pumpkin,vegetables and fruits,2020,25,303,0,30.85,53.6,52.0,184.58,65.73,63.87,365,316,400.2,0.277,338
Pumpkin,vegetables and fruits,2020,29,273,0,38.11,63.87,53.6,99.34,56.87,126.68,338,637,331.0,0.345,360
Pumpkin,vegetables and fruits,2020,33,242,0,97.76,126.68,63.87,58.0,74.04,144.96,360,261,354.5,0.384,355
Pumpkin,vegetables and fruits,2020,38,211,0,118.46,144.96,126.68,52.0,97.28,144.96,355,365,362.2,0.279,396
Pumpkin,vegetables and fruits,2020,42,181,0,90.16,144.96,144.96,53.6,120.12,,396,338,360.8,0.296,332
Pumpkin,vegetables and fruits,2020,46,150,0,65.0,,144.96,63.87,138.86,,332,360,365.0,0.286,377
Pumpkin,vegetables and fruits,2020,51,120,0,70.0,,,126.68,144.96,,377,355,403.2,0.336,508
Pumpkin,vegetables and fruits,2021,2,89,0,150.0,,,144.96,144.96,,508,396,382.8,0.281,314
Pumpkin,vegetables and fruits,2021,7,58,0,95.0,,,144.96,,,314,332,384.2,0.284,338
Pumpkin,vegetables and fruits,2021,11,30,1,72.5,,,,,,338,377,438.5,0.288,594
Pumpkin,vegetables and fruits,2021,15,364,0,37.5,,,,,273.57,594,508,432.2,0.323,483
Pumpkin,vegetables and fruits,2022,28,273,0,,273.57,,,273.57,218.52,483,314,429.2,0.349,302
Pumpkin,vegetables and fruits,2022,33,242,0,,218.52,273.57,,246.04,239.23,302,338,411.8,0.292,268
Pumpkin,vegetables and fruits,2022,37,211,0,,239.23,218.52,,243.77,258.4,268,594,333.5,0.285,281
Pumpkin,vegetables and fruits,2022,41,181,0,,258.4,239.23,,247.43,221.48,281,483,280.8,0.234,272
Pumpkin,vegetables and fruits,2022,46,150,0,,221.48,258.4,273.57,234.41,113.0,272,302,275.2,0.231,280
Pumpkin,vegetables and fruits,2022,50,120,0,,113.0,221.48,218.52,208.03,200.71,280,268,277.0,0.314,275
Pumpkin,vegetables and fruits,2023,2,89,0,,200.71,113.0,239.23,198.4,57.0,275,281,274.0,0.292,269
Pumpkin,vegetables and fruits,2023,7,58,0,,57.0,200.71,258.4,148.05,137.04,269,272,306.8,0.32,403
Pumpkin,vegetables and fruits,2023,11,30,1,,137.04,57.0,221.48,126.94,133.57,403,280,385.5,0.242,595
Pumpkin,vegetables and fruits,2023,15,365,0,,133.57,137.04,113.0,132.08,67.0,595,275,384.8,0.344,272
Pumpkin,vegetables and fruits,2023,20,335,0,,67.0,133.57,200.71,98.65,164.36,272,269,413.2,0.347,383
Pumpkin,vegetables and fruits,2023,24,304,0,,164.36,67.0,57.0,125.49,187.61,383,403,373.2,0.332,243
Pumpkin,vegetables and fruits,2023,28,274,0,,187.61,164.36,137.04,138.14,173.54,243,595,303.0,0.247,314
Pumpkin,vegetables and fruits,2023,33,243,0,,173.54,187.61,133.57,148.13,140.27,314,272,305.5,0.357,282
Pumpkin,vegetables and fruits,2023,37,212,0,,140.27,173.54,67.0,166.45,129.82,282,383,300.2,0.356,362
Pumpkin,vegetables and fruits,2023,41,182,0,,129.82,140.27,164.36,157.81,153.62,362,243,316.2,0.295,307
Pumpkin,vegetables and fruits,2023,46,151,0,,153.62,129.82,187.61,149.31,221.11,307,314,330.5,0.244,371
Pumpkin,vegetables and fruits,2023,50,121,0,,221.11,153.62,173.54,161.21,239.57,371,282,319.2,0.262,237
Pumpkin,vegetables and fruits,2024,3,90,0,,239.57,221.11,140.27,186.03,340.44,237,362,304.2,0.288,302
Pumpkin,vegetables and fruits,2024,7,59,0,,340.44,239.57,129.82,238.69,299.24,302,307,284.8,0.269,229
Pumpkin,vegetables and fruits,2024,11,30,1,,299.24,340.44,153.62,275.09,204.93,229,371,296.0,0.312,416
Pumpkin,vegetables and fruits,2024,16,364,0,,204.93,299.24,221.11,271.04,158.1,416,237,299.0,0.227,249
Pumpkin,vegetables and fruits,2024,20,334,0,,158.1,204.93,239.57,250.68,202.54,249,302,309.5,0.205,344
Pumpkin,vegetables and fruits,2024,24,303,0,,202.54,158.1,340.44,216.2,247.83,344,229,318.5,0.438,265
Pumpkin,vegetables and fruits,2024,29,273,0,,247.83,202.54,299.24,203.35,211.25,265,416,286.2,0.319,287
Pumpkin,vegetables and fruits,2024,33,242,0,,211.25,247.83,204.93,204.93,148.54,287,249,290.0,0.28,264
Pumpkin,vegetables and fruits,2024,37,211,0,,148.54,211.25,158.1,202.54,170.45,264,344,280.5,0.25,306
Pumpkin,vegetables and fruits,2024,42,181,0,,170.45,148.54,202.54,194.52,192.51,306,265,293.5,0.377,317
Pumpkin,vegetables and fruits,2024,46,150,0,,192.51,170.45,247.83,180.69,237.83,317,287,308.8,0.299,348
Pumpkin,vegetables and fruits,2024,50,120,0,,237.83,192.51,211.25,187.34,231.49,348,264,300.2,0.274,230
Pumpkin,vegetables and fruits,2025,3,89,0,,231.49,237.83,148.54,208.07,221.59,230,306,296.5,0.207,291
Pumpkin,vegetables and fruits,2025,7,58,0,,221.59,231.49,170.45,220.86,224.21,291,317,269.2,0.232,208
Pumpkin,vegetables and fruits,2025,11,30,1,,224.21,221.59,192.51,228.78,275.72,208,348,274.2,0.253,368
Pumpkin,vegetables and fruits,2025,16,364,0,,275.72,224.21,237.83,238.25,267.84,368,230,274.2,0.197,230
Pumpkin,vegetables and fruits,2025,20,334,0,,267.84,275.72,231.49,247.34,218.16,230,291,266.8,0.38,261
Pumpkin,vegetables and fruits,2025,24,303,0,,218.16,267.84,221.59,246.48,189.66,261,208,278.8,0.314,256
Pumpkin,vegetables and fruits,2025,29,273,0,,189.66,218.16,224.21,237.84,137.11,256,368,264.2,0.313,310
Pumpkin,vegetables and fruits,2025,33,242,0,,137.11,189.66,275.72,203.19,122.26,310,230,286.0,0.349,317
Pumpkin,vegetables and fruits,2025,38,211,0,,122.26,137.11,267.84,166.8,,317,261,311.2,0.249,362
Rice (long grain),cereals and tubers,2009,3,89,0,,60.73,,,60.73,60.0,232,232,232.0,0.327,232
Rice (long grain),cereals and tubers,2009,7,58,0,,60.0,60.73,,60.36,60.12,232,270,251.0,0.351,270
Rice (long grain),cereals and tubers,2009,11,30,1,,60.12,60.0,,60.28,60.23,270,367,289.7,0.249,367
Rice (long grain),cereals and tubers,2009,16,364,0,,60.23,60.12,,60.27,60.5,367,274,285.8,0.164,274
Rice (long grain),cereals and tubers,2009,20,334,0,,60.5,60.23,60.73,60.21,60.04,274,232,297.5,0.298,279
Rice (long grain),cereals and tubers,2009,25,303,0,,60.04,60.5,60.0,60.22,60.24,279,270,295.8,0.266,263
Rice (long grain),cereals and tubers,2009,29,273,0,,60.24,60.04,60.12,60.25,60.1,263,367,277.5,0.253,294
Rice (long grain),cereals and tubers,2009,33,242,0,,60.1,60.24,60.23,60.22,59.97,294,274,279.2,0.289,281
Rice (long grain),cereals and tubers,2009,38,211,0,,59.97,60.1,60.5,60.09,60.61,281,279,280.8,0.224,285
Rice (long grain),cereals and tubers,2009,42,181,0,,60.61,59.97,60.04,60.23,61.44,285,263,303.0,0.241,352
Rice (long grain),cereals and tubers,2009,46,150,0,,61.44,60.61,60.24,60.53,62.65,352,294,283.0,0.26,214
Rice (long grain),cereals and tubers,2009,51,120,0,,62.65,61.44,60.1,61.17,60.73,214,281,285.0,0.242,289
Rice (long grain),cereals and tubers,2010,2,89,0,,60.73,62.65,59.97,61.36,60.0,289,285,274.2,0.268,242
Rice (long grain),cereals and tubers,2010,7,58,0,,60.0,60.73,60.61,61.2,60.12,242,352,256.0,0.36,279
Rice (long grain),cereals and tubers,2010,11,30,1,,60.12,60.0,61.44,60.88,60.23,279,214,275.0,0.265,290
Rice (long grain),cereals and tubers,2010,15,364,0,,60.23,60.12,62.65,60.27,60.5,290,289,279.2,0.222,306
Rice (long grain),cereals and tubers,2010,19,334,0,,60.5,60.23,60.73,60.21,60.04,306,242,277.0,0.346,233
Rice (long grain),cereals and tubers,2010,24,303,0,,60.04,60.5,60.0,60.22,60.24,233,279,282.5,0.268,301
Rice (long grain),cereals and tubers,2010,28,273,0,,60.24,60.04,60.12,60.25,60.1,301,290,288.8,0.242,315
Rice (long grain),cereals and tubers,2010,32,242,0,,60.1,60.24,60.23,60.22,59.97,315,306,281.5,0.253,277
Rice (long grain),cereals and tubers,2010,37,211,0,,59.97,60.1,60.5,60.09,60.61,277,233,302.0,0.35,315
Rice (long grain),cereals and tubers,2010,41,181,0,,60.61,59.97,60.04,60.23,61.44,315,301,288.5,0.258,247
Rice (long grain),cereals and tubers,2010,46,150,0,,61.44,60.61,60.24,60.53,62.65,247,315,278.0,0.331,273
Rice (long grain),cereals and tubers,2010,50,120,0,,62.65,61.44,60.1,61.17,60.73,273,277,272.8,0.313,256
Rice (long grain),cereals and tubers,2011,2,89,0,,60.73,62.65,59.97,61.36,60.0,256,315,276.5,0.264,330
Rice (long grain),cereals and tubers,2011,7,58,0,,60.0,60.73,60.61,61.2,60.12,330,247,299.0,0.31,337
Rice (long grain),cereals and tubers,2011,11,30,1,,60.12,60.0,61.44,60.88,60.23,337,273,317.5,0.23,347
Rice (long grain),cereals and tubers,2011,15,365,0,,60.23,60.12,62.65,60.27,60.5,347,256,319.5,0.291,264
Rice (long grain),cereals and tubers,2011,19,335,0,,60.5,60.23,60.73,60.21,60.04,264,330,305.8,0.344,275
Rice (long grain),cereals and tubers,2011,24,304,0,,60.04,60.5,60.0,60.22,60.24,275,337,298.2,0.179,307
Rice (long grain),cereals and tubers,2011,28,274,0,,60.24,60.04,60.12,60.25,60.1,307,347,289.0,0.288,310
Rice (long grain),cereals and tubers,2011,33,243,0,,60.1,60.24,60.23,60.22,59.97,310,264,301.8,0.327,315
Rice (long grain),cereals and tubers,2011,37,212,0,,59.97,60.1,60.5,60.09,60.61,315,275,296.0,0.259,252
Rice (long grain),cereals and tubers,2011,41,182,0,,60.61,59.97,60.04,60.23,61.44,252,307,283.8,0.332,258
Rice (long grain),cereals and tubers,2011,46,151,0,,61.44,60.61,60.24,60.53,62.65,258,310,271.5,0.294,261
Rice (long grain),cereals and tubers,2011,50,121,0,,62.65,61.44,60.1,61.17,60.73,261,315,251.2,0.36,234
Rice (long grain),cereals and tubers,2012,2,90,0,,60.73,62.65,59.97,61.36,60.0,234,252,263.8,0.22,302
Rice (long grain),cereals and tubers,2012,7,59,0,,60.0,60.73,60.61,61.2,60.12,302,258,263.0,0.293,255
Rice (long grain),cereals and tubers,2012,11,30,1,,60.12,60.0,61.44,60.87,60.23,255,261,273.5,0.337,303
Rice (long grain),cereals and tubers,2012,15,364,0,,60.23,60.12,62.65,60.27,60.5,303,234,278.8,0.216,255
Rice (long grain),cereals and tubers,2012,20,334,0,,60.5,60.23,60.73,60.21,60.04,255,302,273.8,0.318,282
Rice (long grain),cereals and tubers,2012,24,303,0,,60.04,60.5,60.0,60.22,60.24,282,255,264.0,0.247,216
Rice (long grain),cereals and tubers,2012,28,273,0,,60.24,60.04,60.12,60.25,60.1,216,303,246.5,0.263,233
Rice (long grain),cereals and tubers,2012,33,242,0,,60.1,60.24,60.23,60.22,59.97,233,255,255.2,0.36,290
Rice (long grain),cereals and tubers,2012,37,211,0,,59.97,60.1,60.5,60.09,60.61,290,282,255.2,0.215,282
Rice (long grain),cereals and tubers,2012,42,181,0,,60.61,59.97,60.04,60.23,61.44,282,216,271.5,0.309,281
Rice (long grain),cereals and tubers,2012,46,150,0,,61.44,60.61,60.24,60.53,62.65,281,233,280.5,0.188,269
Rice (long grain),cereals and tubers,2012,50,120,0,,62.65,61.44,60.1,61.17,60.73,269,290,278.2,0.352,281
Rice (long grain),cereals and tubers,2013,3,89,0,,60.73,62.65,59.97,61.36,60.0,281,282,272.0,0.301,257
Rice (long grain),cereals and tubers,2013,7,58,0,,60.0,60.73,60.61,61.2,60.12,257,281,279.0,0.261,309
Rice (long grain),cereals and tubers,2013,11,30,1,,60.12,60.0,61.44,60.88,60.23,309,269,321.0,0.336,437
Rice (long grain),cereals and tubers,2013,16,364,0,,60.23,60.12,62.65,60.27,60.5,437,281,322.0,0.276,285
Rice (long grain),cereals and tubers,2013,20,334,0,,60.5,60.23,60.73,60.21,60.04,285,257,320.2,0.251,250
Rice (long grain),cereals and tubers,2013,24,303,0,,60.04,60.5,60.0,60.22,60.24,250,309,322.8,0.292,319
Rice (long grain),cereals and tubers,2013,29,273,0,,60.24,60.04,60.12,60.25,60.1,319,437,280.2,0.321,267
Rice (long grain),cereals and tubers,2013,33,242,0,,60.1,60.24,60.23,60.22,59.97,267,285,280.0,0.265,284
Rice (long grain),cereals and tubers,2013,37,211,0,,59.97,60.1,60.5,60.09,59.07,284,250,275.8,0.285,233
Rice (long grain),cereals and tubers,2013,42,181,0,,59.07,59.97,60.04,59.84,60.19,233,319,274.0,0.321,312
Rice (long grain),cereals and tubers,2013,46,150,0,,60.19,59.07,60.24,59.83,62.83,312,267,275.8,0.269,274
Rice (long grain),cereals and tubers,2013,50,120,0,,62.83,60.19,60.1,60.52,71.22,274,284,277.5,0.253,291
Rice (long grain),cereals and tubers,2014,3,89,0,,71.22,62.83,59.97,63.33,72.18,291,233,288.2,0.311,276
Rice (long grain),cereals and tubers,2014,7,58,0,,72.18,71.22,59.07,66.6,72.77,276,312,274.2,0.334,256
Rice (long grain),cereals and tubers,2014,11,30,1,,72.77,72.18,60.19,69.75,76.26,256,274,261.2,0.264,222
Rice (long grain),cereals and tubers,2014,16,364,0,,76.26,72.77,62.83,73.11,77.15,222,291,236.2,0.242,191
Rice (long grain),cereals and tubers,2014,20,334,0,,77.15,76.26,71.22,74.59,80.15,191,276,219.2,0.298,208
Rice (long grain),cereals and tubers,2014,24,303,0,,80.15,77.15,72.18,76.58,74.88,208,256,215.2,0.274,240
Rice (long grain),cereals and tubers,2014,29,273,0,,74.88,80.15,72.77,77.11,77.39,240,222,229.8,0.316,280
Rice (long grain),cereals and tubers,2014,33,242,0,,77.39,74.88,76.26,77.39,82.15,280,191,237.5,0.255,222
Rice (long grain),cereals and tubers,2014,38,211,0,,82.15,77.39,77.15,78.64,77.88,222,208,251.5,0.328,264
Rice (long grain),cereals and tubers,2015,3,89,0,,77.88,82.15,80.15,78.07,74.67,264,240,239.0,0.34,190
Rice (long grain),cereals and tubers,2015,7,58,0,,74.67,77.88,74.88,78.02,70.68,190,280,224.5,0.394,222
Rice (long grain),cereals and tubers,2015,11,30,1,,70.68,74.67,77.39,76.34,68.61,222,222,259.0,0.37,360
Rice (long grain),cereals and tubers,2015,16,365,0,,68.61,70.68,82.15,72.96,68.05,360,264,263.8,0.241,283
Rice (long grain),cereals and tubers,2015,20,335,0,,68.05,68.61,77.88,70.5,66.96,283,190,276.2,0.377,240
Rice (long grain),cereals and tubers,2015,25,304,0,,66.96,68.05,74.67,68.57,64.17,240,222,307.0,0.27,345
Rice (long grain),cereals and tubers,2015,29,274,0,,64.17,66.96,70.68,66.95,62.03,345,360,294.2,0.286,309
Rice (long grain),cereals and tubers,2015,33,243,0,,62.03,64.17,68.61,65.3,63.62,309,283,267.5,0.366,176
Rice (long grain),cereals and tubers,2015,38,212,0,,63.62,62.03,68.05,64.19,63.74,176,240,277.2,0.222,279
Rice (long grain),cereals and tubers,2015,42,182,0,,63.74,63.62,66.96,63.39,67.06,279,345,255.5,0.266,258
Rice (long grain),cereals and tubers,2015,46,151,0,,67.06,63.74,64.17,64.11,68.59,258,309,240.8,0.274,250
Rice (long grain),cereals and tubers,2015,51,121,0,,68.59,67.06,62.03,65.75,86.28,250,176,258.2,0.292,246
Rice (long grain),cereals and tubers,2016,2,90,0,,86.28,68.59,63.62,71.42,72.42,246,279,241.0,0.215,210
Rice (long grain),cereals and tubers,2016,7,59,0,,72.42,86.28,63.74,73.59,69.35,210,258,240.5,0.324,256
Rice (long grain),cereals and tubers,2016,11,30,1,,69.35,72.42,67.06,74.16,71.02,256,250,256.0,0.357,312
Rice (long grain),cereals and tubers,2016,15,364,0,,71.02,69.35,68.59,74.76,72.82,312,246,259.2,0.235,259
Rice (long grain),cereals and tubers,2016,19,334,0,,72.82,71.02,86.28,71.4,74.93,259,210,270.5,0.298,255
Rice (long grain),cereals and tubers,2016,24,303,0,,74.93,72.82,72.42,72.03,74.42,255,256,264.8,0.303,233
Rice (long grain),cereals and tubers,2016,28,273,0,,74.42,74.93,69.35,73.3,73.72,233,312,255.5,0.338,275
Rice (long grain),cereals and tubers,2016,33,242,0,,73.72,74.42,71.02,73.97,65.36,275,259,247.2,0.294,226
Rice (long grain),cereals and tubers,2016,37,211,0,,65.36,73.72,72.82,72.11,70.08,226,255,246.0,0.337,250
Rice (long grain),cereals and tubers,2016,41,181,0,,70.08,65.36,74.93,70.9,75.36,250,233,241.2,0.343,214
Rice (long grain),cereals and tubers,2016,46,150,0,,75.36,70.08,74.42,71.13,81.53,214,275,224.2,0.252,207
Rice (long grain),cereals and tubers,2016,50,120,0,,81.53,75.36,73.72,73.08,88.99,207,226,225.5,0.193,231
Rice (long grain),cereals and tubers,2017,2,89,0,,88.99,81.53,65.36,78.99,93.22,231,250,219.0,0.34,224
Rice (long grain),cereals and tubers,2017,7,58,0,,93.22,88.99,70.08,84.77,84.57,224,214,214.5,0.366,196
Rice (long grain),cereals and tubers,2017,11,30,1,,84.57,93.22,75.36,87.08,84.43,196,207,247.0,0.331,337
Rice (long grain),cereals and tubers,2017,15,364,0,,84.43,84.57,81.53,87.8,87.02,337,231,248.8,0.332,238
Rice (long grain),cereals and tubers,2017,20,334,0,,87.02,84.43,88.99,87.31,91.27,238,224,255.2,0.324,250
Rice (long grain),cereals and tubers,2017,24,303,0,,91.27,87.02,93.22,86.82,88.8,250,196,273.2,0.286,268
Rice (long grain),cereals and tubers,2017,28,273,0,,88.8,91.27,84.57,87.88,84.38,268,337,244.8,0.353,223
Rice (long grain),cereals and tubers,2017,33,242,0,,84.38,88.8,84.43,87.87,89.78,223,238,231.0,0.38,183
Rice (long grain),cereals and tubers,2017,37,211,0,,89.78,84.38,87.02,88.56,97.64,183,250,232.0,0.386,254
Rice (long grain),cereals and tubers,2017,41,181,0,,97.64,89.78,91.27,90.15,98.98,254,268,226.2,0.353,245
Rice (long grain),cereals and tubers,2017,46,150,0,,98.98,97.64,88.8,92.69,100.52,245,223,223.8,0.261,213
Rice (long grain),cereals and tubers,2017,50,120,0,,100.52,98.98,84.38,96.73,87.0,213,183,236.2,0.262,233
Rice (long grain),cereals and tubers,2018,3,89,0,,87.0,100.52,89.78,96.04,80.5,233,254,238.5,0.195,263
Rice (long grain),cereals and tubers,2018,7,58,0,,80.5,87.0,97.64,91.75,95.21,263,245,231.0,0.234,215
Rice (long grain),cereals and tubers,2018,11,30,1,,95.21,80.5,98.98,90.81,,215,213,265.5,0.296,351
Rice (medium grain),cereals and tubers,2020,3,90,0,94.81,98.0,,,98.0,98.0,255,255,255.0,0.258,255
Rice (medium grain),cereals and tubers,2020,7,59,0,92.25,98.0,98.0,,98.0,98.0,255,342,298.5,0.189,342
Rice (medium grain),cereals and tubers,2020,11,30,1,91.72,98.0,98.0,,98.0,,342,302,299.7,0.35,302
Rice (medium grain),cereals and tubers,2020,16,364,0,96.92,,98.0,,98.0,,302,343,310.5,0.332,343
Rice (medium grain),cereals and tubers,2020,20,334,0,97.42,,,98.0,98.0,97.9,343,255,320.8,0.35,296
Rice (medium grain),cereals and tubers,2020,25,303,0,95.58,97.9,,98.0,97.95,98.0,296,342,313.0,0.301,311
Rice (medium grain),cereals and tubers,2020,29,273,0,95.06,98.0,97.9,98.0,97.95,98.0,311,302,323.0,0.355,342
Rice (medium grain),cereals and tubers,2020,33,242,0,95.5,98.0,98.0,,97.97,98.0,342,343,311.8,0.366,298
Rice (medium grain),cereals and tubers,2020,38,211,0,96.96,98.0,98.0,,97.98,98.0,298,296,323.2,0.28,342
Rice (medium grain),cereals and tubers,2020,42,181,0,96.96,98.0,98.0,97.9,98.0,213.01,342,311,316.5,0.228,284
Rice (medium grain),cereals and tubers,2023,24,304,0,,213.01,98.0,98.0,126.75,211.53,284,342,278.8,0.264,191
Rice (medium grain),cereals and tubers,2023,28,274,0,,211.53,213.01,98.0,155.13,211.53,191,298,263.2,0.235,236
Rice (medium grain),cereals and tubers,2023,33,243,0,,211.53,211.53,98.0,183.52,218.13,236,342,238.0,0.269,241
Rice (medium grain),cereals and tubers,2023,37,212,0,,218.13,211.53,98.0,213.55,218.89,241,284,231.0,0.268,256
Rice (medium grain),cereals and tubers,2023,41,182,0,,218.89,218.13,213.01,215.02,218.96,256,191,246.8,0.297,254
Rice (medium grain),cereals and tubers,2023,46,151,0,,218.96,218.89,211.53,216.88,219.9,254,236,247.0,0.25,237
Rice (medium grain),cereals and tubers,2023,50,121,0,,219.9,218.96,211.53,218.97,220.05,237,241,241.0,0.324,217
Rice (medium grain),cereals and tubers,2024,3,90,0,,220.05,219.9,218.13,219.45,219.14,217,256,248.5,0.277,286
Rice (medium grain),cereals and tubers,2024,7,59,0,,219.14,220.05,218.89,219.51,218.28,286,254,242.5,0.238,230
Rice (medium grain),cereals and tubers,2024,11,30,1,,218.28,219.14,218.96,219.34,218.12,230,237,275.8,0.331,370
Rice (medium grain),cereals and tubers,2024,16,364,0,,218.12,218.28,219.9,218.9,219.87,370,217,269.2,0.344,191
Rice (medium grain),cereals and tubers,2024,20,334,0,,219.87,218.12,220.05,218.85,219.95,191,286,256.5,0.238,235
Rice (medium grain),cereals and tubers,2024,24,303,0,,219.95,219.87,219.14,219.06,220.54,235,230,268.5,0.304,278
Rice (medium grain),cereals and tubers,2024,29,273,0,,220.54,219.95,218.28,219.62,219.46,278,370,241.2,0.327,261
Rice (medium grain),cereals and tubers,2024,33,242,0,,219.46,220.54,218.12,219.95,226.81,261,191,260.0,0.352,266
Rice (medium grain),cereals and tubers,2024,37,211,0,,226.81,219.46,219.87,221.69,227.45,266,235,247.8,0.312,186
Rice (medium grain),cereals and tubers,2024,42,181,0,,227.45,226.81,219.95,223.56,236.4,186,278,239.2,0.282,244
Rice (medium grain),cereals and tubers,2024,46,150,0,,236.4,227.45,220.54,227.53,242.12,244,261,225.2,0.237,205
Rice (medium grain),cereals and tubers,2024,50,120,0,,242.12,236.4,219.46,233.2,239.14,205,266,204.2,0.37,182
Rice (medium grain),cereals and tubers,2025,3,89,0,,239.14,242.12,226.81,236.28,234.68,182,186,207.8,0.276,200
Rice (medium grain),cereals and tubers,2025,7,58,0,,234.68,239.14,227.45,238.09,232.96,200,244,208.8,0.304,248
Rice (medium grain),cereals and tubers,2025,11,30,1,,232.96,234.68,236.4,237.23,232.14,248,205,266.2,0.322,435
Rice (medium grain),cereals and tubers,2025,16,364,0,,232.14,232.96,242.12,234.73,232.43,435,182,290.5,0.434,279
Rice (medium grain),cereals and tubers,2025,20,334,0,,232.43,232.14,239.14,233.05,233.54,279,200,321.2,0.307,323
Rice (medium grain),cereals and tubers,2025,24,303,0,,233.54,232.43,234.68,232.77,230.83,323,248,316.2,0.272,228
Rice (medium grain),cereals and tubers,2025,29,273,0,,230.83,233.54,232.96,232.23,229.81,228,435,265.2,0.343,231
Rice (medium grain),cereals and tubers,2025,33,242,0,,229.81,230.83,232.14,231.65,229.03,231,279,262.8,0.403,269
Rice (medium grain),cereals and tubers,2025,38,211,0,,229.03,229.81,232.43,230.8,,269,323,245.2,0.298,253
Rice (red nadu),cereals and tubers,2004,3,90,0,,32.71,,,32.71,33.62,487,487,487.0,0.243,487
Rice (red nadu),cereals and tubers,2004,7,59,0,,33.62,32.71,,33.16,32.92,487,454,470.5,0.26,454
Rice (red nadu),cereals and tubers,2004,12,30,1,,32.92,33.62,,33.08,32.98,454,667,536.0,0.207,667
Rice (red nadu),cereals and tubers,2004,16,364,0,,32.98,32.92,,33.06,34.1,667,511,529.8,0.304,511
Rice (red nadu),cereals and tubers,2004,20,334,0,,34.1,32.98,32.71,33.4,33.74,511,487,542.5,0.357,538
Rice (red nadu),cereals and tubers,2004,25,303,0,,33.74,34.1,33.62,33.44,34.93,538,454,537.2,0.371,433
Rice (red nadu),cereals and tubers,2004,29,273,0,,34.93,33.74,32.92,33.94,34.78,433,667,486.0,0.303,462
Rice (red nadu),cereals and tubers,2004,33,242,0,,34.78,34.93,32.98,34.39,37.14,462,511,493.0,0.25,539
Rice (red nadu),cereals and tubers,2004,38,211,0,,37.14,34.78,34.1,35.15,37.36,539,538,468.0,0.389,438
Rice (red nadu),cereals and tubers,2004,42,181,0,,37.36,37.14,33.74,36.05,48.84,438,433,464.2,0.284,418
Rice (red nadu),cereals and tubers,2004,47,150,0,,48.84,37.36,34.93,39.53,47.3,418,462,448.0,0.249,397
Rice (red nadu),cereals and tubers,2004,51,120,0,,47.3,48.84,34.78,42.66,38.39,397,539,411.0,0.359,391
Rice (red nadu),cereals and tubers,2005,2,89,0,,38.39,47.3,37.14,42.97,36.25,391,438,384.0,0.343,330
Rice (red nadu),cereals and tubers,2005,7,58,0,,36.25,38.39,37.36,42.7,33.99,330,418,386.8,0.309,429
Rice (red nadu),cereals and tubers,2005,11,30,1,,33.99,36.25,48.84,38.98,32.25,429,397,423.8,0.345,545
Rice (red nadu),cereals and tubers,2005,15,364,0,,32.25,33.99,47.3,35.22,31.66,545,391,436.2,0.228,441
Rice (red nadu),cereals and tubers,2005,19,334,0,,31.66,32.25,38.39,33.54,31.32,441,330,484.5,0.315,523
Rice (red nadu),cereals and tubers,2005,24,303,0,,31.32,31.66,36.25,32.3,30.47,523,429,503.0,0.273,503
Rice (red nadu),cereals and tubers,2005,28,273,0,,30.47,31.32,33.99,31.42,29.47,503,545,501.5,0.255,539
Rice (red nadu),cereals and tubers,2005,33,242,0,,29.47,30.47,32.25,30.73,30.68,539,441,482.0,0.246,363
Rice (red nadu),cereals and tubers,2005,37,211,0,,30.68,29.47,31.66,30.48,30.83,363,523,467.5,0.203,465
Rice (red nadu),cereals and tubers,2005,41,181,0,,30.83,30.68,31.32,30.36,32.39,465,503,456.5,0.396,459
Rice (red nadu),cereals and tubers,2005,46,150,0,,32.39,30.83,30.47,30.84,35.23,459,539,450.0,0.313,513
Rice (red nadu),cereals and tubers,2006,2,89,0,,35.23,32.39,29.47,32.28,29.58,513,363,482.8,0.281,494
Rice (red nadu),cereals and tubers,2006,7,58,0,,29.58,35.23,30.68,32.01,27.72,494,465,501.0,0.309,538
Rice (red nadu),cereals and tubers,2006,11,30,1,,27.72,29.58,30.83,31.23,29.96,538,459,561.5,0.225,701
Rice (red nadu),cereals and tubers,2006,15,364,0,,29.96,27.72,32.39,30.62,29.81,701,513,559.8,0.396,506
Rice (red nadu),cereals and tubers,2006,20,334,0,,29.81,29.96,35.23,29.27,30.52,506,494,539.5,0.393,413
Rice (red nadu),cereals and tubers,2006,24,303,0,,30.52,29.81,29.58,29.5,31.59,413,538,525.5,0.315,482
Rice (red nadu),cereals and tubers,2006,28,273,0,,31.59,30.52,27.72,30.47,33.42,482,701,445.8,0.251,382
Rice (red nadu),cereals and tubers,2006,33,242,0,,33.42,31.59,29.96,31.34,34.2,382,506,427.5,0.373,433
Rice (red nadu),cereals and tubers,2006,37,211,0,,34.2,33.42,29.81,32.43,47.64,433,413,443.5,0.269,477
Rice (red nadu),cereals and tubers,2006,41,181,0,,47.64,34.2,30.52,36.71,49.91,477,482,420.5,0.38,390
Rice (red nadu),cereals and tubers,2006,46,150,0,,49.91,47.64,31.59,41.29,52.75,390,382,422.8,0.387,391
Rice (red nadu),cereals and tubers,2007,3,89,0,,52.75,49.91,33.42,46.12,43.19,391,433,420.0,0.432,422
Rice (red nadu),cereals and tubers,2007,7,58,0,,43.19,52.75,34.2,48.37,39.64,422,477,385.2,0.301,338
Rice (red nadu),cereals and tubers,2007,11,30,1,,39.64,43.19,47.64,46.37,39.0,338,390,422.8,0.374,540
Rice (red nadu),cereals and tubers,2007,15,365,0,,39.0,39.64,49.91,43.64,40.37,540,391,420.2,0.397,381
Rice (red nadu),cereals and tubers,2007,20,335,0,,40.37,39.0,52.75,40.55,40.95,381,422,425.2,0.205,442
Rice (red nadu),cereals and tubers,2007,24,304,0,,40.95,40.37,43.19,39.99,40.86,442,338,451.5,0.2,443
Rice (red nadu),cereals and tubers,2007,28,274,0,,40.86,40.95,39.64,40.29,44.74,443,540,412.5,0.407,384
Rice (red nadu),cereals and tubers,2007,33,243,0,,44.74,40.86,39.0,41.73,45.54,384,381,414.8,0.295,390
Rice (red nadu),cereals and tubers,2007,37,212,0,,45.54,44.74,40.37,43.02,45.62,390,442,397.0,0.267,371
Rice (red nadu),cereals and tubers,2007,42,182,0,,45.62,45.54,40.95,44.19,52.44,371,443,384.0,0.332,391
Rice (red nadu),cereals and tubers,2007,46,151,0,,52.44,45.62,40.86,47.09,59.39,391,384,371.2,0.265,333
Rice (red nadu),cereals and tubers,2008,3,90,0,,59.39,52.44,44.74,50.75,61.56,333,390,361.8,0.303,352
Rice (red nadu),cereals and tubers,2008,7,59,0,,61.56,59.39,45.54,54.75,56.89,352,371,370.2,0.305,405
Rice (red nadu),cereals and tubers,2008,11,30,1,,56.89,61.56,45.62,57.57,64.72,405,391,375.0,0.399,410
Rice (red nadu),cereals and tubers,2008,16,364,0,,64.72,56.89,52.44,60.64,62.72,410,333,370.2,0.395,314
Rice (red nadu),cereals and tubers,2008,20,334,0,,62.72,64.72,59.39,61.47,64.83,314,352,391.2,0.301,436
Rice (red nadu),cereals and tubers,2008,24,303,0,,64.83,62.72,61.56,62.29,64.94,436,405,389.5,0.317,398
Rice (red nadu),cereals and tubers,2008,29,273,0,,64.94,64.83,56.89,64.31,63.71,398,410,405.0,0.278,472
Rice (red nadu),cereals and tubers,2008,33,242,0,,63.71,64.94,64.72,64.05,78.43,472,314,436.0,0.355,438
Rice (red nadu),cereals and tubers,2009,3,89,0,,78.43,63.71,62.72,67.98,84.98,438,436,397.2,0.359,281
Rice (red nadu),cereals and tubers,2009,7,58,0,,84.98,78.43,64.83,73.02,81.23,281,398,384.5,0.301,347
Rice (red nadu),cereals and tubers,2009,11,30,1,,81.23,84.98,64.94,77.09,78.02,347,472,345.2,0.347,315
Rice (red nadu),cereals and tubers,2009,16,364,0,,78.02,81.23,63.71,80.67,81.0,315,438,330.5,0.306,379
Rice (red nadu),cereals and tubers,2009,20,334,0,,81.0,78.02,78.43,81.31,81.89,379,281,330.5,0.324,281
Rice (red nadu),cereals and tubers,2009,25,303,0,,81.89,81.0,84.98,80.53,81.37,281,347,317.2,0.325,294
Rice (red nadu),cereals and tubers,2009,29,273,0,,81.37,81.89,81.23,80.57,82.28,294,315,323.5,0.282,340
Rice (red nadu),cereals and tubers,2009,33,242,0,,82.28,81.37,78.02,81.63,80.44,340,379,301.5,0.287,291
Rice (red nadu),cereals and tubers,2009,38,211,0,,80.44,82.28,81.0,81.49,81.1,291,281,305.0,0.311,295
Rice (red nadu),cereals and tubers,2009,42,181,0,,81.1,80.44,81.89,81.3,79.25,295,294,332.0,0.385,402
Rice (red nadu),cereals and tubers,2009,46,150,0,,79.25,81.1,81.37,80.77,79.14,402,340,328.8,0.405,327
Rice (red nadu),cereals and tubers,2009,51,120,0,,79.14,79.25,82.28,79.98,76.76,327,291,339.2,0.297,333
Rice (red nadu),cereals and tubers,2010,2,89,0,,76.76,79.14,80.44,79.06,77.22,333,295,354.2,0.324,355
Rice (red nadu),cereals and tubers,2010,7,58,0,,77.22,76.76,81.1,78.09,68.25,355,402,351.8,0.295,392
Rice (red nadu),cereals and tubers,2010,11,30,1,,68.25,77.22,79.25,75.34,66.24,392,327,381.5,0.326,446
Rice (red nadu),cereals and tubers,2010,15,364,0,,66.24,68.25,79.14,72.12,63.36,446,333,375.5,0.262,309
Rice (red nadu),cereals and tubers,2010,19,334,0,,63.36,66.24,76.76,68.77,60.56,309,355,387.5,0.273,403
Rice (red nadu),cereals and tubers,2010,24,303,0,,60.56,63.36,77.22,64.6,58.47,403,392,384.5,0.313,380
Rice (red nadu),cereals and tubers,2010,28,273,0,,58.47,60.56,68.25,62.16,56.62,380,446,364.8,0.404,367
Rice (red nadu),cereals and tubers,2010,32,242,0,,56.62,58.47,66.24,59.75,57.01,367,309,386.0,0.341,394
Rice (red nadu),cereals and tubers,2010,37,211,0,,57.01,56.62,63.36,58.17,57.97,394,403,391.5,0.313,425
Rice (red nadu),cereals and tubers,2010,41,181,0,,57.97,57.01,60.56,57.52,61.63,425,380,391.5,0.32,380
Rice (red nadu),cereals and tubers,2010,46,150,0,,61.63,57.97,58.47,58.31,63.64,380,367,398.5,0.184,395
Rice (red nadu),cereals and tubers,2010,50,120,0,,63.64,61.63,56.62,60.06,64.58,395,394,397.2,0.266,389
Rice (red nadu),cereals and tubers,2011,2,89,0,,64.58,63.64,57.01,61.95,67.78,389,425,382.8,0.374,367
Rice (red nadu),cereals and tubers,2011,7,58,0,,67.78,64.58,57.97,64.41,64.08,367,380,382.0,0.315,377
Rice (red nadu),cereals and tubers,2011,11,30,1,,64.08,67.78,61.63,65.02,62.88,377,395,385.0,0.262,407
Rice (red nadu),cereals and tubers,2011,15,365,0,,62.88,64.08,63.64,64.83,64.6,407,389,384.5,0.258,387
Rice (red nadu),cereals and tubers,2011,19,335,0,,64.6,62.88,64.58,64.83,60.81,387,367,393.2,0.317,402
Rice (red nadu),cereals and tubers,2011,24,304,0,,60.81,64.6,67.78,63.09,59.8,402,377,389.2,0.312,361
Rice (red nadu),cereals and tubers,2011,28,274,0,,59.8,60.81,64.08,62.02,59.13,361,407,367.2,0.32,319
Rice (red nadu),cereals and tubers,2011,33,243,0,,59.13,59.8,62.88,61.09,58.43,319,387,367.2,0.322,387
Rice (red nadu),cereals and tubers,2011,37,212,0,,58.43,59.13,64.6,59.54,59.94,387,402,347.5,0.248,323
Rice (red nadu),cereals and tubers,2011,41,182,0,,59.94,58.43,60.81,59.32,61.32,323,361,353.8,0.263,386
Rice (red nadu),cereals and tubers,2011,46,151,0,,61.32,59.94,59.8,59.71,62.96,386,319,377.0,0.332,412
Rice (red nadu),cereals and tubers,2011,50,121,0,,62.96,61.32,59.13,60.66,64.29,412,387,369.0,0.25,355
Rice (red nadu),cereals and tubers,2012,2,90,0,,64.29,62.96,58.43,62.13,61.7,355,323,371.5,0.328,333
Rice (red nadu),cereals and tubers,2012,7,59,0,,61.7,64.29,59.94,62.57,60.8,333,386,364.0,0.373,356
Rice (red nadu),cereals and tubers,2012,11,30,1,,60.8,61.7,61.32,62.44,59.74,356,412,368.2,0.398,429
Rice (red nadu),cereals and tubers,2012,15,364,0,,59.74,60.8,62.96,61.63,60.49,429,355,380.8,0.343,405
Rice (red nadu),cereals and tubers,2012,20,334,0,,60.49,59.74,64.29,60.68,59.95,405,333,385.5,0.374,352
Rice (red nadu),cereals and tubers,2012,24,303,0,,59.95,60.49,61.7,60.25,60.38,352,356,380.8,0.266,337
Rice (red nadu),cereals and tubers,2012,28,273,0,,60.38,59.95,60.8,60.14,60.45,337,429,343.2,0.315,279
Rice (red nadu),cereals and tubers,2012,33,242,0,,60.45,60.38,59.74,60.32,63.21,279,405,336.8,0.326,379
Rice (red nadu),cereals and tubers,2012,37,211,0,,63.21,60.45,60.49,61.0,63.5,379,352,337.5,0.317,355
Rice (red nadu),cereals and tubers,2012,42,181,0,,63.5,63.21,59.95,61.88,63.6,355,337,345.0,0.343,367
Rice (red nadu),cereals and tubers,2012,46,150,0,,63.6,63.5,60.38,62.69,69.0,367,279,354.2,0.361,316
Rice (red nadu),cereals and tubers,2012,50,120,0,,69.0,63.6,60.45,64.83,62.9,316,379,360.0,0.311,402
Rice (red nadu),cereals and tubers,2013,3,89,0,,62.9,69.0,63.21,64.75,64.1,402,355,373.0,0.355,407
Rice (red nadu),cereals and tubers,2013,7,58,0,,64.1,62.9,63.5,64.9,62.0,407,367,375.0,0.314,375
Rice (red nadu),cereals and tubers,2013,11,30,1,,62.0,64.1,63.6,64.5,63.9,375,316,410.2,0.225,457
Rice (red nadu),cereals and tubers,2013,16,364,0,,63.9,62.0,69.0,63.22,60.93,457,402,392.8,0.201,332
Rice (red nadu),cereals and tubers,2013,20,334,0,,60.93,63.9,62.9,62.73,60.95,332,407,373.5,0.225,330
Rice (red nadu),cereals and tubers,2013,24,303,0,,60.95,60.93,64.1,61.94,61.3,330,375,378.0,0.224,393
Rice (red nadu),cereals and tubers,2013,29,273,0,,61.3,60.95,62.0,61.77,60.2,393,457,363.8,0.329,400
Rice (red nadu),cereals and tubers,2013,33,242,0,,60.2,61.3,63.9,60.84,62.5,400,332,364.5,0.312,335
Rice (red nadu),cereals and tubers,2013,37,211,0,,62.5,60.2,60.93,61.24,98.0,335,330,369.0,0.392,348
Rice (red nadu),cereals and tubers,2020,3,90,0,94.4,98.0,62.5,60.95,70.5,98.0,348,393,355.8,0.335,340
Rice (red nadu),cereals and tubers,2020,7,59,0,90.92,98.0,98.0,61.3,79.68,98.0,340,400,329.0,0.251,293
Rice (red nadu),cereals and tubers,2020,11,30,1,90.5,98.0,98.0,60.2,89.12,,293,335,359.8,0.291,458
Rice (red nadu),cereals and tubers,2020,16,364,0,95.75,,98.0,62.5,98.0,,458,348,355.8,0.343,332
Rice (red nadu),cereals and tubers,2020,20,334,0,94.0,,,98.0,98.0,96.0,332,340,321.0,0.28,201
Rice (red nadu),cereals and tubers,2020,25,303,0,93.0,96.0,,98.0,97.0,96.0,201,293,327.2,0.336,318
Rice (red nadu),cereals and tubers,2020,29,273,0,90.52,96.0,96.0,98.0,96.0,96.0,318,458,272.5,0.293,239
Rice (red nadu),cereals and tubers,2020,33,242,0,89.43,96.0,96.0,,96.0,96.17,239,332,260.2,0.284,283
Rice (red nadu),cereals and tubers,2020,38,211,0,89.04,96.17,96.0,,96.04,96.17,283,201,276.8,0.286,267
Rice (red nadu),cereals and tubers,2020,42,181,0,89.04,96.17,96.17,96.0,96.08,,267,318,294.2,0.267,388
Rice (red),cereals and tubers,2020,3,90,0,103.81,113.14,,,113.14,98.0,363,363,363.0,0.326,363
Rice (red),cereals and tubers,2020,7,59,0,92.75,98.0,113.14,,105.57,95.0,363,396,379.5,0.262,396
Rice (red),cereals and tubers,2020,11,30,1,87.5,95.0,98.0,,102.05,,396,393,384.0,0.308,393
Rice (red),cereals and tubers,2020,16,364,0,89.5,,95.0,,102.05,,393,460,403.0,0.286,460
Rice (red),cereals and tubers,2020,20,334,0,91.15,,,113.14,96.5,93.0,460,363,407.2,0.303,380
Rice (red),cereals and tubers,2020,25,303,0,90.52,93.0,,98.0,94.0,93.0,380,396,391.5,0.277,333
Rice (red),cereals and tubers,2020,29,273,0,89.85,93.0,93.0,95.0,93.0,93.0,333,393,403.8,0.324,442
Rice (red),cereals and tubers,2020,33,242,0,88.32,93.0,93.0,,93.0,93.0,442,460,390.0,0.221,405
Rice (red),cereals and tubers,2020,38,211,0,88.12,93.0,93.0,,93.0,93.0,405,380,387.8,0.311,371
Rice (red),cereals and tubers,2020,42,181,0,88.12,93.0,93.0,93.0,93.0,,371,333,395.2,0.363,363
Rice (red),cereals and tubers,2021,2,89,0,98.7,,93.0,93.0,93.0,,363,442,371.5,0.362,347
Rice (red),cereals and tubers,2021,7,58,0,93.7,,,93.0,93.0,,347,405,373.2,0.235,412
Rice (red),cereals and tubers,2021,11,30,1,93.9,,,93.0,93.0,,412,371,384.2,0.393,415
Rice (red),cereals and tubers,2021,15,364,0,94.4,,,93.0,,,415,363,394.0,0.319,402
Rice (white),cereals and tubers,2006,28,273,0,,30.25,,,30.25,29.54,230,230,230.0,0.27,230
Rice (white),cereals and tubers,2006,33,242,0,,29.54,30.25,,29.9,29.92,230,194,212.0,0.264,194
Rice (white),cereals and tubers,2006,37,211,0,,29.92,29.54,,29.9,29.66,194,205,209.7,0.23,205
Rice (white),cereals and tubers,2006,41,181,0,,29.66,29.92,,29.84,31.78,205,216,211.2,0.348,216
Rice (white),cereals and tubers,2006,46,150,0,,31.78,29.66,30.25,30.22,34.32,216,230,197.2,0.239,174
Rice (white),cereals and tubers,2006,50,120,0,,34.32,31.78,29.54,31.42,36.38,174,194,204.0,0.321,221
Rice (white),cereals and tubers,2007,7,58,0,,36.38,34.32,29.92,33.03,34.29,221,205,217.2,0.245,258
Rice (white),cereals and tubers,2007,11,30,1,,34.29,36.38,29.66,34.19,32.83,258,216,263.8,0.348,402
Rice (white),cereals and tubers,2007,15,365,0,,32.83,34.29,31.78,34.46,34.19,402,174,270.8,0.284,202
Rice (white),cereals and tubers,2007,20,335,0,,34.19,32.83,34.32,34.42,35.76,202,221,266.0,0.251,202
Rice (white),cereals and tubers,2007,24,304,0,,35.76,34.19,36.38,34.27,36.36,202,258,270.8,0.357,277
Rice (white),cereals and tubers,2007,28,274,0,,36.36,35.76,34.29,34.78,37.1,277,402,225.5,0.394,221
Rice (white),cereals and tubers,2007,33,243,0,,37.1,36.36,32.83,35.85,37.63,221,202,236.2,0.316,245
Rice (white),cereals and tubers,2007,37,212,0,,37.63,37.1,34.19,36.71,37.88,245,202,249.8,0.202,256
Rice (white),cereals and tubers,2007,42,182,0,,37.88,37.63,35.76,37.24,47.5,256,277,248.2,0.316,271
Rice (white),cereals and tubers,2007,46,151,0,,47.5,37.88,36.36,40.03,54.04,271,221,251.2,0.259,233
Rice (white),cereals and tubers,2007,50,121,0,,54.04,47.5,37.1,44.26,57.41,233,245,252.0,0.263,248
Rice (white),cereals and tubers,2008,3,90,0,,57.41,54.04,37.63,49.21,65.81,248,256,244.2,0.224,225
Rice (white),cereals and tubers,2008,16,364,0,,65.81,57.41,37.88,56.19,65.0,225,271,239.0,0.292,250
Rice (white),cereals and tubers,2008,20,334,0,,65.0,65.81,47.5,60.56,66.05,250,233,228.0,0.401,189
Rice (white),cereals and tubers,2008,24,303,0,,66.05,65.0,54.04,63.57,62.6,189,248,218.2,0.36,209
Rice (white),cereals and tubers,2008,29,273,0,,62.6,66.05,57.41,64.86,62.22,209,225,216.2,0.257,217
Rice (white),cereals and tubers,2008,33,242,0,,62.22,62.6,65.81,63.97,60.93,217,250,206.5,0.211,211
Rice (white),cereals and tubers,2008,38,211,0,,60.93,62.22,65.0,62.95,61.55,211,189,215.8,0.348,226
Rice (white),cereals and tubers,2008,42,181,0,,61.55,60.93,66.05,61.82,61.69,226,209,211.0,0.266,190
Rice (white),cereals and tubers,2008,46,150,0,,61.69,61.55,62.6,61.6,63.94,190,217,206.8,0.339,200
Rice (white),cereals and tubers,2008,51,120,0,,63.94,61.69,62.22,62.03,65.0,200,211,202.5,0.348,194
Rice (white),cereals and tubers,2009,7,58,0,,65.0,63.94,60.93,63.04,61.01,194,226,197.5,0.318,206
Rice (white),cereals and tubers,2009,11,30,1,,61.01,65.0,61.55,62.91,57.72,206,190,206.0,0.334,224
Rice (white),cereals and tubers,2009,16,364,0,,57.72,61.01,61.69,61.92,60.06,224,200,206.0,0.359,200
Rice (white),cereals and tubers,2009,20,334,0,,60.06,57.72,63.94,60.95,62.11,200,194,206.2,0.341,195
Rice (white),cereals and tubers,2009,25,303,0,,62.11,60.06,65.0,60.22,60.92,195,206,205.2,0.329,202
Rice (white),cereals and tubers,2009,29,273,0,,60.92,62.11,61.01,60.2,61.11,202,224,209.8,0.336,242
Rice (white),cereals and tubers,2009,33,242,0,,61.11,60.92,57.72,61.05,60.55,242,200,209.0,0.319,197
Rice (white),cereals and tubers,2009,38,211,0,,60.55,61.11,60.06,61.17,61.52,197,195,212.0,0.347,207
Rice (white),cereals and tubers,2009,42,181,0,,61.52,60.55,62.11,61.02,62.56,207,202,208.0,0.296,186
Rice (white),cereals and tubers,2009,46,150,0,,62.56,61.52,60.92,61.44,63.19,186,242,195.5,0.453,192
Rice (white),cereals and tubers,2009,51,120,0,,63.19,62.56,61.11,61.96,65.93,192,197,198.8,0.301,210
Rice (white),cereals and tubers,2010,2,89,0,,65.93,63.19,60.55,63.3,52.77,210,207,184.2,0.269,149
Rice (white),cereals and tubers,2010,11,30,1,,52.77,65.93,61.52,61.11,52.15,149,186,214.8,0.206,308
Rice (white),cereals and tubers,2010,19,334,0,,52.15,52.77,62.56,58.51,51.81,308,192,231.2,0.406,258
Rice (white),cereals and tubers,2010,24,303,0,,51.81,52.15,63.19,55.67,49.45,258,210,235.0,0.311,225
Rice (white),cereals and tubers,2010,28,273,0,,49.45,51.81,65.93,51.54,47.38,225,149,255.2,0.315,230
Rice (white),cereals and tubers,2010,32,242,0,,47.38,49.45,52.77,50.2,48.45,230,308,224.8,0.336,186
Rice (white),cereals and tubers,2010,37,211,0,,48.45,47.38,52.15,49.27,53.3,186,258,222.8,0.288,250
Rice (white),cereals and tubers,2010,41,181,0,,53.3,48.45,51.81,49.64,56.62,250,225,220.5,0.313,216
Rice (white),cereals and tubers,2010,46,150,0,,56.62,53.3,49.45,51.44,57.89,216,230,215.5,0.282,210
Rice (white),cereals and tubers,2010,50,120,0,,57.89,56.62,47.38,54.06,59.23,210,186,218.0,0.242,196
Rice (white),cereals and tubers,2011,11,30,1,,59.23,57.89,48.45,56.76,58.24,196,250,228.0,0.235,290
Rice (white),cereals and tubers,2011,19,335,0,,58.24,59.23,53.3,58.0,57.44,290,216,231.2,0.237,229
Rice (white),cereals and tubers,2011,24,304,0,,57.44,58.24,56.62,58.2,56.42,229,210,233.0,0.28,217
Rice (white),cereals and tubers,2011,28,274,0,,56.42,57.44,57.89,57.83,54.91,217,196,231.0,0.344,188
Rice (white),cereals and tubers,2011,33,243,0,,54.91,56.42,59.23,56.75,52.16,188,290,203.0,0.309,178
Rice (white),cereals and tubers,2011,37,212,0,,52.16,54.91,58.24,55.23,54.27,178,229,205.5,0.337,239
Rice (white),cereals and tubers,2011,41,182,0,,54.27,52.16,57.44,54.44,56.0,239,217,207.8,0.364,226
Rice (white),cereals and tubers,2011,46,151,0,,56.0,54.27,56.42,54.34,58.06,226,188,217.8,0.29,228
Rice (white),cereals and tubers,2011,50,121,0,,58.06,56.0,54.91,55.12,57.95,228,178,234.0,0.272,243
Rice (white),cereals and tubers,2012,2,90,0,,57.95,58.06,52.16,56.57,54.24,243,239,239.0,0.283,259
Rice (white),cereals and tubers,2012,11,30,1,,54.24,57.95,54.27,56.56,51.87,259,226,292.8,0.367,441
Rice (white),cereals and tubers,2012,20,334,0,,51.87,54.24,56.0,55.53,52.42,441,228,290.0,0.231,217
Rice (white),cereals and tubers,2012,24,303,0,,52.42,51.87,58.06,54.12,56.89,217,243,282.2,0.294,212
Rice (white),cereals and tubers,2012,28,273,0,,56.89,52.42,57.95,53.86,56.33,212,259,267.0,0.298,198
Rice (white),cereals and tubers,2012,33,242,0,,56.33,56.89,54.24,54.38,58.37,198,441,221.5,0.343,259
Rice (white),cereals and tubers,2012,37,211,0,,58.37,56.33,51.87,56.0,59.22,259,217,228.2,0.277,244
Rice (white),cereals and tubers,2012,42,181,0,,59.22,58.37,52.42,57.7,59.82,244,212,242.0,0.332,267
Rice (white),cereals and tubers,2012,46,150,0,,59.82,59.22,56.89,58.43,60.58,267,198,239.8,0.345,189
Rice (white),cereals and tubers,2012,50,120,0,,60.58,59.82,56.33,59.5,60.98,189,259,226.8,0.277,207
Rice (white),cereals and tubers,2013,3,89,0,,60.98,60.58,58.37,60.15,60.46,207,244,223.0,0.394,229
Rice (white),cereals and tubers,2013,7,58,0,,60.46,60.98,59.22,60.46,58.91,229,267,200.8,0.295,178
Rice (white),cereals and tubers,2013,11,30,1,,58.91,60.46,59.82,60.23,59.48,178,189,258.0,0.33,418
Rice (white),cereals and tubers,2013,20,334,0,,59.48,58.91,60.58,59.96,59.52,418,207,262.8,0.303,226
Rice (white),cereals and tubers,2013,24,303,0,,59.52,59.48,60.98,59.59,58.88,226,229,261.5,0.23,224
Rice (white),cereals and tubers,2013,29,273,0,,58.88,59.52,60.46,59.2,57.79,224,178,271.2,0.372,217
Rice (white),cereals and tubers,2013,33,242,0,,57.79,58.88,58.91,58.92,57.85,217,418,213.0,0.253,185
Rice (white),cereals and tubers,2013,37,211,0,,57.85,57.79,59.48,58.51,59.38,185,226,215.0,0.288,234
Rice (white),cereals and tubers,2013,42,181,0,,59.38,57.85,59.52,58.48,59.49,234,224,203.5,0.295,178
Rice (white),cereals and tubers,2013,46,150,0,,59.49,59.38,58.88,58.63,60.44,178,217,194.0,0.261,179
Rice (white),cereals and tubers,2013,50,120,0,,60.44,59.49,57.79,59.29,64.89,179,185,202.5,0.333,219
Rice (white),cereals and tubers,2014,3,89,0,,64.89,60.44,57.85,61.05,67.58,219,234,191.5,0.287,190
Rice (white),cereals and tubers,2014,11,30,1,,67.58,64.89,59.38,63.1,67.61,190,178,231.8,0.231,339
Rice (white),cereals and tubers,2014,20,334,0,,67.61,67.58,59.49,65.13,68.44,339,179,226.2,0.366,157
Rice (white),cereals and tubers,2014,24,303,0,,68.44,67.61,60.44,67.13,68.68,157,219,223.5,0.305,208
Rice (white),cereals and tubers,2014,29,273,0,,68.68,68.44,64.89,68.08,72.9,208,190,221.0,0.232,180
Rice (white),cereals and tubers,2014,33,242,0,,72.9,68.68,67.58,69.41,78.56,180,339,186.0,0.289,199
Rice (white),cereals and tubers,2014,38,211,0,,78.56,72.9,67.61,72.15,78.78,199,157,194.0,0.354,189
Rice (white),cereals and tubers,2014,42,181,0,,78.78,78.56,68.44,74.73,78.67,189,208,197.8,0.28,223
Rice (white),cereals and tubers,2014,46,150,0,,78.67,78.78,68.68,77.23,78.19,223,180,207.0,0.322,217
Rice (white),cereals and tubers,2014,51,120,0,,78.19,78.67,72.9,78.55,76.17,217,199,196.8,0.333,158
Rice (white),cereals and tubers,2015,3,89,0,,76.17,78.19,78.56,77.95,73.41,158,189,189.5,0.335,160
Rice (white),cereals and tubers,2015,11,30,1,,73.41,76.17,78.78,76.61,70.12,160,223,207.5,0.24,295
Rice (white),cereals and tubers,2015,16,365,0,,70.12,73.41,78.67,74.47,70.24,295,217,200.8,0.286,190
Rice (white),cereals and tubers,2015,20,335,0,,70.24,70.12,78.19,72.48,70.11,190,158,217.5,0.282,225
Rice (white),cereals and tubers,2015,25,304,0,,70.11,70.24,76.17,70.97,68.64,225,160,227.0,0.34,198
Rice (white),cereals and tubers,2015,29,274,0,,68.64,70.11,73.41,69.78,64.88,198,295,209.8,0.306,226
Rice (white),cereals and tubers,2015,33,243,0,,64.88,68.64,70.12,68.47,63.76,226,190,214.2,0.395,208
Rice (white),cereals and tubers,2015,38,212,0,,63.76,64.88,70.24,66.85,64.8,208,225,206.8,0.256,195
Rice (white),cereals and tubers,2015,42,182,0,,64.8,63.76,70.11,65.52,66.47,195,198,210.2,0.334,212
Rice (white),cereals and tubers,2015,46,151,0,,66.47,64.8,68.64,64.98,70.58,212,226,202.5,0.349,195
Rice (white),cereals and tubers,2015,51,121,0,,70.58,66.47,64.88,66.4,72.65,195,208,199.2,0.302,195
Rice (white),cereals and tubers,2016,2,90,0,,72.65,70.58,63.76,68.62,64.86,195,195,195.8,0.301,181
Rice (white),cereals and tubers,2016,11,30,1,,64.86,72.65,64.8,68.64,67.04,181,212,228.0,0.277,341
Rice (white),cereals and tubers,2016,15,364,0,,67.04,64.86,66.47,68.78,69.48,341,195,228.8,0.21,198
Rice (white),cereals and tubers,2016,19,334,0,,69.48,67.04,70.58,68.51,70.73,198,195,223.0,0.329,172
Rice (white),cereals and tubers,2016,24,303,0,,70.73,69.48,72.65,68.03,70.56,172,181,217.5,0.285,159
Rice (white),cereals and tubers,2016,28,273,0,,70.56,70.73,64.86,69.45,69.67,159,341,178.5,0.309,185
Rice (white),cereals and tubers,2016,33,242,0,,69.67,70.56,67.04,70.11,70.15,185,198,181.8,0.313,211
Rice (white),cereals and tubers,2016,37,211,0,,70.15,69.67,69.48,70.28,74.05,211,172,181.5,0.353,171
Rice (white),cereals and tubers,2016,41,181,0,,74.05,70.15,70.73,71.11,78.19,171,159,201.8,0.332,240
Rice (white),cereals and tubers,2016,46,150,0,,78.19,74.05,70.56,73.02,88.56,240,185,194.8,0.264,157
Rice (white),cereals and tubers,2016,50,120,0,,88.56,78.19,69.67,77.74,93.32,157,211,185.2,0.343,173
Rice (white),cereals and tubers,2017,2,89,0,,93.32,88.56,70.15,83.53,79.72,173,171,184.2,0.382,167
Rice (white),cereals and tubers,2017,20,334,0,,79.72,93.32,74.05,84.95,82.89,167,240,166.8,0.266,170
Rice (white),cereals and tubers,2017,24,303,0,,82.89,79.72,78.19,86.12,83.83,170,157,180.8,0.336,213
Rice (white),cereals and tubers,2017,28,273,0,,83.83,82.89,88.56,84.94,82.65,213,173,185.0,0.237,190
Rice (white),cereals and tubers,2017,33,242,0,,82.65,83.83,93.32,82.27,83.42,190,167,192.2,0.293,196
Rice (white),cereals and tubers,2017,37,211,0,,83.42,82.65,79.72,83.2,84.87,196,170,198.5,0.286,195
Rice (white),cereals and tubers,2017,41,181,0,,84.87,83.42,82.89,83.69,85.02,195,213,183.2,0.407,152
Rice (white),cereals and tubers,2017,46,150,0,,85.02,84.87,83.83,83.99,85.89,152,190,171.5,0.407,143
Rice (white),cereals and tubers,2017,50,120,0,,85.89,85.02,82.65,84.8,86.71,143,196,170.0,0.322,190
Rice (white),cereals and tubers,2018,3,89,0,,86.71,85.89,83.42,85.62,82.42,190,195,164.2,0.258,172
Rice (white),cereals and tubers,2018,15,364,0,,82.42,86.71,84.87,85.01,82.12,172,152,179.2,0.283,212
Rice (white),cereals and tubers,2018,20,334,0,,82.12,82.42,85.02,84.28,83.78,212,143,181.5,0.38,152
Rice (white),cereals and tubers,2018,24,303,0,,83.78,82.12,85.89,83.76,81.85,152,190,189.5,0.281,222
Rice (white),cereals and tubers,2018,28,273,0,,81.85,83.78,86.71,82.54,79.65,222,172,194.0,0.31,190
Rice (white),cereals and tubers,2018,33,242,0,,79.65,81.85,82.42,81.85,82.07,190,212,167.5,0.281,106
Rice (white),cereals and tubers,2018,37,211,0,,82.07,79.65,82.12,81.84,84.17,106,152,177.2,0.297,191
Rice (white),cereals and tubers,2018,42,181,0,,84.17,82.07,83.78,81.94,86.63,191,222,171.8,0.28,200
Rice (white),cereals and tubers,2018,46,150,0,,86.63,84.17,81.85,83.13,88.16,200,190,175.0,0.374,203
Rice (white),cereals and tubers,2018,50,120,0,,88.16,86.63,79.65,85.26,89.71,203,106,196.5,0.275,192
Rice (white),cereals and tubers,2019,3,89,0,,89.71,88.16,82.07,87.17,87.29,192,191,190.0,0.383,165
Rice (white),cereals and tubers,2019,7,58,0,,87.29,89.71,84.17,87.95,85.42,165,200,181.8,0.329,167
Rice (white),cereals and tubers,2019,20,335,0,,85.42,87.29,86.63,87.64,86.4,167,203,177.8,0.265,187
Rice (white),cereals and tubers,2019,24,304,0,,86.4,85.42,88.16,87.21,86.22,187,192,185.2,0.345,222
Rice (white),cereals and tubers,2019,29,274,0,,86.22,86.4,89.71,86.33,86.54,222,165,189.5,0.349,182
Rice (white),cereals and tubers,2019,33,243,0,,86.54,86.22,87.29,86.15,88.09,182,167,199.2,0.301,206
Rice (white),cereals and tubers,2019,37,212,0,,88.09,86.54,85.42,86.81,92.44,206,187,196.2,0.269,175
Rice (white),cereals and tubers,2019,42,182,0,,92.44,88.09,86.4,88.32,98.22,175,222,185.5,0.254,179
Rice (white),cereals and tubers,2019,46,151,0,,98.22,92.44,86.22,91.32,105.55,179,182,193.0,0.34,212
Rice (white),cereals and tubers,2019,50,121,0,,105.55,98.22,86.54,96.07,,212,206,190.2,0.379,195
Rice (white),cereals and tubers,2020,3,90,0,98.71,,105.55,88.09,98.74,101.82,195,175,194.0,0.223,190
Rice (white),cereals and tubers,2020,7,59,0,89.28,101.82,,92.44,101.86,99.06,190,179,192.0,0.336,171
Rice (white),cereals and tubers,2020,11,30,1,86.84,99.06,101.82,98.22,102.14,98.13,171,212,195.5,0.199,226
Rice (white),cereals and tubers,2020,16,364,0,,98.13,99.06,105.55,99.67,100.67,226,195,198.8,0.284,208
Rice (white),cereals and tubers,2020,20,334,0,92.33,100.67,98.13,,99.92,97.8,208,190,195.8,0.35,178
Rice (white),cereals and tubers,2020,25,303,0,88.75,97.8,100.67,101.82,98.92,97.89,178,171,196.8,0.19,175
Rice (white),cereals and tubers,2020,29,273,0,90.04,97.89,97.8,99.06,98.62,96.27,175,226,176.2,0.349,144
Rice (white),cereals and tubers,2020,33,242,0,,96.27,97.89,98.13,98.16,96.75,144,208,167.8,0.267,174
Rice (white),cereals and tubers,2020,38,211,0,88.12,96.75,96.27,100.67,97.18,95.71,174,178,168.0,0.273,179
Rice (white),cereals and tubers,2020,42,181,0,88.12,95.71,96.75,97.8,96.66,98.34,179,175,177.2,0.229,212
Rice (white),cereals and tubers,2020,46,150,0,,98.34,95.71,97.89,96.77,101.5,212,144,184.2,0.355,172
Rice (white),cereals and tubers,2020,51,120,0,,101.5,98.34,96.27,98.08,104.08,172,174,180.2,0.323,158
Rice (white),cereals and tubers,2021,2,89,0,99.1,104.08,101.5,96.75,99.91,,158,179,182.2,0.279,187
Rice (white),cereals and tubers,2021,7,58,0,93.0,,104.08,95.71,101.31,,187,212,173.0,0.261,175
Rice (white),cereals and tubers,2021,11,30,1,94.9,,,98.34,102.79,,175,172,207.0,0.333,308
Rice (white),cereals and tubers,2021,15,364,0,96.0,,,101.5,104.08,111.12,308,158,216.2,0.28,195
Rice (white),cereals and tubers,2021,19,334,0,,111.12,,104.08,111.12,113.69,195,187,211.5,0.303,168
Rice (white),cereals and tubers,2021,24,303,0,,113.69,111.12,,112.4,112.0,168,175,207.2,0.253,158
Rice (white),cereals and tubers,2021,28,273,0,,112.0,113.69,,112.27,107.0,158,308,167.5,0.3,149
Rice (white),cereals and tubers,2021,32,242,0,,107.0,112.0,,110.95,103.0,149,195,161.2,0.392,170
Rice (white),cereals and tubers,2021,37,211,0,,103.0,107.0,111.12,108.92,114.0,170,168,172.5,0.361,213
Rice (white),cereals and tubers,2021,41,181,0,,114.0,103.0,113.69,109.0,132.0,213,158,169.8,0.264,147
Rice (white),cereals and tubers,2021,46,150,0,,132.0,114.0,112.0,114.0,131.66,147,149,173.5,0.294,164
Rice (white),cereals and tubers,2021,50,120,0,,131.66,132.0,107.0,120.16,158.48,164,170,172.5,0.248,166
Rice (white),cereals and tubers,2022,2,89,0,,158.48,131.66,103.0,134.04,161.51,166,213,165.8,0.307,186
Rice (white),cereals and tubers,2022,7,58,0,,161.51,158.48,114.0,145.91,169.24,186,147,157.2,0.242,113
Rice (white),cereals and tubers,2022,11,30,1,,169.24,161.51,132.0,155.22,216.26,113,164,181.5,0.325,261
Rice (white),cereals and tubers,2022,19,334,0,,216.26,169.24,131.66,176.37,227.52,261,166,170.8,0.356,123
Rice (white),cereals and tubers,2022,24,303,0,,227.52,216.26,158.48,193.63,229.2,123,186,158.2,0.303,136
Rice (white),cereals and tubers,2023,24,304,0,,229.2,227.52,161.51,210.56,228.72,136,113,162.2,0.35,129
Rice (white),cereals and tubers,2023,28,274,0,,228.72,229.2,169.24,225.42,229.56,129,261,128.0,0.375,124
Rice (white),cereals and tubers,2023,33,243,0,,229.56,228.72,216.26,228.75,231.63,124,123,133.0,0.343,143
Rice (white),cereals and tubers,2023,37,212,0,,231.63,229.56,227.52,229.78,232.01,143,136,134.5,0.337,142
Rice (white),cereals and tubers,2023,41,182,0,,232.01,231.63,229.2,230.48,234.25,142,129,137.5,0.2,141
Rice (white),cereals and tubers,2023,46,151,0,,234.25,232.01,228.72,231.86,241.89,141,124,138.2,0.333,127
Rice (white),cereals and tubers,2023,50,121,0,,241.89,234.25,229.56,234.95,252.46,127,143,150.0,0.179,190
Rice (white),cereals and tubers,2024,3,90,0,,252.46,241.89,231.63,240.15,254.35,190,142,148.8,0.319,137
Rice (white),cereals and tubers,2024,7,59,0,,254.35,252.46,232.01,245.74,256.23,137,141,143.8,0.27,121
Rice (white),cereals and tubers,2024,11,30,1,,256.23,254.35,234.25,251.23,257.06,121,127,157.0,0.283,180
Rice (white),cereals and tubers,2024,16,364,0,,257.06,256.23,241.89,255.02,261.03,180,190,142.2,0.315,131
Rice (white),cereals and tubers,2024,20,334,0,,261.03,257.06,252.46,257.16,261.09,131,137,141.5,0.32,134
Rice (white),cereals and tubers,2024,24,303,0,,261.09,261.03,254.35,258.85,255.34,134,121,150.2,0.307,156
Rice (white),cereals and tubers,2024,29,273,0,,255.34,261.09,256.23,258.63,253.23,156,180,137.5,0.27,129
Rice (white),cereals and tubers,2024,33,242,0,,253.23,255.34,257.06,257.67,246.77,129,131,138.0,0.197,133
Rice (white),cereals and tubers,2024,37,211,0,,246.77,253.23,261.03,254.11,241.83,133,134,141.2,0.264,147
Rice (white),cereals and tubers,2024,42,181,0,,241.83,246.77,261.09,249.29,244.01,147,156,132.5,0.297,121
Rice (white),cereals and tubers,2024,46,150,0,,244.01,241.83,255.34,246.46,246.94,121,129,137.2,0.319,148
Rice (white),cereals and tubers,2024,50,120,0,,246.94,244.01,253.23,244.89,246.34,148,133,130.8,0.231,107
Rice (white),cereals and tubers,2025,3,89,0,,246.34,246.94,246.77,244.78,243.65,107,147,129.2,0.294,141
Rice (white),cereals and tubers,2025,7,58,0,,243.65,246.34,241.83,245.24,246.33,141,121,130.8,0.226,127
Rice (white),cereals and tubers,2025,11,30,1,,246.33,243.65,244.01,245.82,249.04,127,148,158.0,0.379,257
Rice (white),cereals and tubers,2025,16,364,0,,249.04,246.33,246.94,246.34,250.22,257,107,163.2,0.324,128
Rice (white),cereals and tubers,2025,20,334,0,,250.22,249.04,246.34,247.31,255.79,128,141,160.8,0.288,131
Rice (white),cereals and tubers,2025,24,303,0,,255.79,250.22,243.65,250.34,258.49,131,127,158.5,0.244,118
Rice (white),cereals and tubers,2025,29,273,0,,258.49,255.79,246.33,253.38,256.67,118,257,126.8,0.363,130
Rice (white),cereals and tubers,2025,33,242,0,,256.67,258.49,249.04,255.29,256.89,130,128,132.2,0.161,150
Rice (white),cereals and tubers,2025,38,211,0,,256.89,256.67,250.22,256.96,,150,131,135.5,0.376,144
Snake gourd,vegetables and fruits,2020,3,90,0,130.04,158.29,,,158.29,131.7,184,184,184.0,0.323,184
Snake gourd,vegetables and fruits,2020,7,59,0,101.7,131.7,158.29,,144.99,97.61,184,226,205.0,0.345,226
Snake gourd,vegetables and fruits,2020,11,30,1,67.61,97.61,131.7,,129.2,58.0,226,208,206.0,0.229,208
Snake gourd,vegetables and fruits,2020,16,364,0,44.0,58.0,97.61,,111.4,73.5,208,192,202.5,0.224,192
Snake gourd,vegetables and fruits,2020,20,334,0,56.42,73.5,58.0,158.29,90.2,112.48,192,184,193.0,0.271,146
Snake gourd,vegetables and fruits,2020,25,303,0,84.22,112.48,73.5,131.7,85.4,91.3,146,226,178.0,0.332,166
Snake gourd,vegetables and fruits,2020,29,273,0,59.18,91.3,112.48,97.61,83.82,113.5,166,208,177.0,0.239,204
Snake gourd,vegetables and fruits,2020,33,242,0,83.85,113.5,91.3,58.0,97.69,128.5,204,192,182.8,0.281,215
Snake gourd,vegetables and fruits,2020,38,211,0,101.34,128.5,113.5,73.5,111.44,128.5,215,146,192.0,0.203,183
Snake gourd,vegetables and fruits,2020,42,181,0,94.5,128.5,128.5,112.48,115.45,,183,166,197.2,0.353,187
Snake gourd,vegetables and fruits,2020,46,150,0,130.0,,128.5,91.3,123.5,,187,204,197.0,0.343,203
Snake gourd,vegetables and fruits,2020,51,120,0,92.5,,,113.5,128.5,,203,215,184.8,0.264,166
Snake gourd,vegetables and fruits,2021,2,89,0,127.5,,,128.5,128.5,,166,183,183.2,0.322,177
Snake gourd,vegetables and fruits,2021,7,58,0,85.0,,,128.5,,,177,187,185.8,0.244,197
Snake gourd,vegetables and fruits,2021,11,30,1,60.0,,,,,,197,203,189.2,0.383,217
Snake gourd,vegetables and fruits,2021,15,364,0,30.0,,,,,334.64,217,166,196.0,0.318,193
Snake gourd,vegetables and fruits,2022,28,273,0,,334.64,,,334.64,304.81,193,177,181.2,0.25,118
Snake gourd,vegetables and fruits,2022,33,242,0,,304.81,334.64,,319.73,357.39,118,197,164.5,0.412,130
Snake gourd,vegetables and fruits,2022,37,211,0,,357.39,304.81,,332.28,325.6,130,217,141.0,0.344,123
Snake gourd,vegetables and fruits,2022,41,181,0,,325.6,357.39,,330.61,392.69,123,193,127.0,0.32,137
Snake gourd,vegetables and fruits,2022,46,150,0,,392.69,325.6,334.64,345.12,223.0,137,118,126.2,0.308,115
Snake gourd,vegetables and fruits,2022,50,120,0,,223.0,392.69,304.81,324.67,402.5,115,130,135.8,0.223,168
Snake gourd,vegetables and fruits,2023,2,89,0,,402.5,223.0,357.39,335.95,222.0,168,123,137.0,0.363,128
Snake gourd,vegetables and fruits,2023,7,58,0,,222.0,402.5,325.6,310.05,275.38,128,137,136.8,0.319,136
Snake gourd,vegetables and fruits,2023,11,30,1,,275.38,222.0,392.69,280.72,313.1,136,115,168.0,0.343,240
Snake gourd,vegetables and fruits,2023,15,365,0,,313.1,275.38,223.0,303.24,280.0,240,168,154.5,0.227,114
Snake gourd,vegetables and fruits,2023,20,335,0,,280.0,313.1,402.5,272.62,355.14,114,128,156.8,0.268,137
Snake gourd,vegetables and fruits,2023,24,304,0,,355.14,280.0,222.0,305.9,287.09,137,136,148.5,0.279,103
Snake gourd,vegetables and fruits,2023,28,274,0,,287.09,355.14,275.38,308.83,226.64,103,240,126.5,0.291,152
Snake gourd,vegetables and fruits,2023,33,243,0,,226.64,287.09,313.1,287.22,236.57,152,114,132.5,0.394,138
Snake gourd,vegetables and fruits,2023,37,212,0,,236.57,226.64,280.0,276.36,277.65,138,137,139.0,0.368,163
Snake gourd,vegetables and fruits,2023,41,182,0,,277.65,236.57,355.14,256.99,377.87,163,103,141.0,0.315,111
Snake gourd,vegetables and fruits,2023,46,151,0,,377.87,277.65,287.09,279.68,365.56,111,152,129.8,0.276,107
Snake gourd,vegetables and fruits,2023,50,121,0,,365.56,377.87,226.64,314.41,393.2,107,138,121.8,0.319,106
Snake gourd,vegetables and fruits,2024,3,90,0,,393.2,365.56,236.57,353.57,372.18,106,163,109.2,0.269,113
Snake gourd,vegetables and fruits,2024,7,59,0,,372.18,393.2,277.65,377.2,269.93,113,111,109.0,0.267,110
Snake gourd,vegetables and fruits,2024,11,30,1,,269.93,372.18,377.87,350.22,211.8,110,107,133.5,0.355,205
Snake gourd,vegetables and fruits,2024,16,364,0,,211.8,269.93,365.56,311.78,271.42,205,106,142.5,0.281,142
Snake gourd,vegetables and fruits,2024,20,334,0,,271.42,211.8,393.2,281.33,354.75,142,113,144.8,0.245,122
Snake gourd,vegetables and fruits,2024,24,303,0,,354.75,271.42,372.18,276.97,300.32,122,110,145.2,0.312,112
Snake gourd,vegetables and fruits,2024,29,273,0,,300.32,354.75,269.93,284.57,260.65,112,205,124.2,0.28,121
Snake gourd,vegetables and fruits,2024,33,242,0,,260.65,300.32,211.8,296.78,273.51,121,142,118.2,0.259,118
Snake gourd,vegetables and fruits,2024,37,211,0,,273.51,260.65,271.42,297.31,287.24,118,122,117.5,0.337,119
Snake gourd,vegetables and fruits,2024,42,181,0,,287.24,273.51,354.75,280.43,298.09,119,112,118.8,0.365,117
Snake gourd,vegetables and fruits,2024,46,150,0,,298.09,287.24,300.32,279.87,368.42,117,121,126.0,0.334,150
Snake gourd,vegetables and fruits,2024,50,120,0,,368.42,298.09,260.65,306.82,304.88,150,118,125.8,0.288,117
Snake gourd,vegetables and fruits,2025,3,89,0,,304.88,368.42,273.51,314.66,344.66,117,119,132.8,0.301,147
Snake gourd,vegetables and fruits,2025,7,58,0,,344.66,304.88,287.24,329.01,316.2,147,117,137.0,0.276,134
Snake gourd,vegetables and fruits,2025,11,30,1,,316.2,344.66,298.09,333.54,373.83,134,150,141.5,0.271,168
Snake gourd,vegetables and fruits,2025,16,364,0,,373.83,316.2,368.42,334.89,396.96,168,117,145.5,0.283,133
Snake gourd,vegetables and fruits,2025,20,334,0,,396.96,373.83,304.88,357.91,293.64,133,147,137.2,0.276,114
Snake gourd,vegetables and fruits,2025,24,303,0,,293.64,396.96,344.66,345.16,246.68,114,134,135.8,0.368,128
Snake gourd,vegetables and fruits,2025,29,273,0,,246.68,293.64,316.2,327.78,264.22,128,168,123.5,0.367,119
Snake gourd,vegetables and fruits,2025,33,242,0,,264.22,246.68,373.83,300.37,283.1,119,133,132.0,0.332,167
Snake gourd,vegetables and fruits,2025,38,211,0,,283.1,264.22,396.96,271.91,,167,114,137.0,0.311,134
Sugar,miscellaneous food,2012,28,273,0,,102.86,,,102.86,106.29,350,350,350.0,0.278,350
Sugar,miscellaneous food,2012,33,242,0,,106.29,102.86,,104.58,106.49,350,382,366.0,0.369,382
Sugar,miscellaneous food,2012,37,211,0,,106.49,106.29,,105.21,108.92,382,470,400.7,0.293,470
Sugar,miscellaneous food,2012,42,181,0,,108.92,106.49,,106.14,107.2,470,407,402.2,0.298,407
Sugar,miscellaneous food,2012,46,150,0,,107.2,108.92,102.86,107.22,104.98,407,350,388.8,0.344,296
Sugar,miscellaneous food,2012,50,120,0,,104.98,107.2,106.29,106.9,102.5,296,382,364.5,0.274,285
Sugar,miscellaneous food,2013,3,89,0,,102.5,104.98,106.49,105.9,104.9,285,470,314.2,0.265,269
Sugar,miscellaneous food,2013,7,58,0,,104.9,102.5,108.92,104.9,105.1,269,407,301.8,0.334,357
Sugar,miscellaneous food,2013,11,30,1,,105.1,104.9,107.2,104.37,99.59,357,296,366.0,0.288,553
Sugar,miscellaneous food,2013,16,364,0,,99.59,105.1,104.98,103.02,98.65,553,285,390.0,0.298,381
Sugar,miscellaneous food,2013,20,334,0,,98.65,99.59,102.5,102.06,99.6,381,269,396.8,0.319,296
Sugar,miscellaneous food,2013,24,303,0,,99.6,98.65,104.9,100.74,99.6,296,357,388.5,0.382,324
Sugar,miscellaneous food,2013,29,273,0,,99.6,99.6,105.1,99.36,102.5,324,553,343.0,0.301,371
Sugar,miscellaneous food,2013,33,242,0,,102.5,99.6,99.59,100.09,103.2,371,381,335.8,0.362,352
Sugar,miscellaneous food,2013,37,211,0,,103.2,102.5,98.65,101.22,98.09,352,296,341.2,0.306,318
Sugar,miscellaneous food,2013,42,181,0,,98.09,103.2,99.6,100.85,100.72,318,324,341.2,0.277,324
Sugar,miscellaneous food,2013,46,150,0,,100.72,98.09,99.6,101.13,100.73,324,371,350.5,0.224,408
Sugar,miscellaneous food,2013,50,120,0,,100.73,100.72,102.5,100.68,101.57,408,352,347.8,0.315,341
Sugar,miscellaneous food,2014,3,89,0,,101.57,100.73,103.2,100.28,102.39,341,318,354.0,0.291,343
Sugar,miscellaneous food,2014,7,58,0,,102.39,101.57,98.09,101.35,102.33,343,324,359.0,0.242,344
Sugar,miscellaneous food,2014,11,30,1,,102.33,102.39,100.72,101.76,101.69,344,408,392.5,0.419,542
Sugar,miscellaneous food,2014,16,364,0,,101.69,102.33,100.73,102.0,101.58,542,341,396.0,0.24,355
Sugar,miscellaneous food,2014,20,334,0,,101.58,101.69,101.57,102.0,103.4,355,343,403.0,0.178,371
Sugar,miscellaneous food,2014,24,303,0,,103.4,101.58,102.39,102.25,100.06,371,344,422.5,0.364,422
Sugar,miscellaneous food,2014,29,273,0,,100.06,103.4,102.33,101.68,98.83,422,542,377.2,0.289,361
Sugar,miscellaneous food,2014,33,242,0,,98.83,100.06,101.69,100.97,98.37,361,355,378.0,0.311,358
Sugar,miscellaneous food,2014,38,211,0,,98.37,98.83,101.58,100.16,82.35,358,371,379.2,0.261,376
Sugar,miscellaneous food,2015,3,89,0,,82.35,98.37,103.4,94.9,81.85,376,422,370.2,0.332,386
Sugar,miscellaneous food,2015,7,58,0,,81.85,82.35,100.06,90.35,81.03,386,361,398.2,0.358,473
Sugar,miscellaneous food,2015,11,30,1,,81.03,81.85,98.83,85.9,82.33,473,358,417.8,0.317,436
Sugar,miscellaneous food,2015,16,365,0,,82.33,81.03,98.37,81.89,80.9,436,376,424.5,0.302,403
Sugar,miscellaneous food,2015,20,335,0,,80.9,82.33,82.35,81.53,80.0,403,386,455.2,0.288,509
Sugar,miscellaneous food,2015,25,304,0,,80.0,80.9,81.85,81.06,79.6,509,473,447.2,0.352,441
Sugar,miscellaneous food,2015,29,274,0,,79.6,80.0,81.03,80.71,80.35,441,436,418.2,0.336,320
Sugar,miscellaneous food,2015,33,243,0,,80.35,79.6,82.33,80.21,84.5,320,403,412.0,0.311,378
Sugar,miscellaneous food,2015,38,212,0,,84.5,80.35,80.9,81.11,91.68,378,509,390.0,0.315,421
Sugar,miscellaneous food,2015,42,182,0,,91.68,84.5,80.0,84.03,91.6,421,441,362.8,0.351,332
Sugar,miscellaneous food,2015,46,151,0,,91.6,91.68,79.6,87.03,90.2,332,320,382.2,0.325,398
Sugar,miscellaneous food,2015,51,121,0,,90.2,91.6,80.35,89.49,96.8,398,378,366.8,0.351,316
Sugar,miscellaneous food,2016,2,90,0,,96.8,90.2,84.5,92.57,98.28,316,421,363.0,0.311,406
Sugar,miscellaneous food,2016,7,59,0,,98.28,96.8,91.68,94.22,99.26,406,332,371.2,0.311,365
Sugar,miscellaneous food,2016,11,30,1,,99.26,98.28,91.6,96.14,103.36,365,398,381.0,0.307,437
Sugar,miscellaneous food,2016,15,364,0,,103.36,99.26,90.2,99.42,105.34,437,316,390.0,0.288,352
Sugar,miscellaneous food,2016,19,334,0,,105.34,103.36,96.8,101.56,116.06,352,406,369.0,0.355,322
Sugar,miscellaneous food,2016,24,303,0,,116.06,105.34,98.28,106.0,109.3,322,365,361.0,0.26,333
Sugar,miscellaneous food,2016,28,273,0,,109.3,116.06,99.26,108.51,95.06,333,437,347.8,0.297,384
Sugar,miscellaneous food,2016,33,242,0,,95.06,109.3,103.36,106.44,95.22,384,352,340.8,0.268,324
Sugar,miscellaneous food,2016,37,211,0,,95.22,95.06,105.34,103.91,95.22,324,322,354.8,0.271,378
Sugar,miscellaneous food,2016,41,181,0,,95.22,95.22,116.06,98.7,93.07,378,333,363.2,0.257,367
Sugar,miscellaneous food,2016,46,150,0,,93.07,95.22,109.3,94.64,97.61,367,384,371.0,0.277,415
Sugar,miscellaneous food,2016,50,120,0,,97.61,93.07,95.06,95.28,102.2,415,324,384.5,0.267,378
Sugar,miscellaneous food,2017,2,89,0,,102.2,97.61,95.22,97.02,101.66,378,378,385.5,0.235,382
Sugar,miscellaneous food,2017,7,58,0,,101.66,102.2,95.22,98.64,105.36,382,367,404.5,0.296,443
Sugar,miscellaneous food,2017,11,30,1,,105.36,101.66,93.07,101.71,109.88,443,415,439.8,0.266,556
Sugar,miscellaneous food,2017,15,364,0,,109.88,105.36,97.61,104.78,108.47,556,378,434.0,0.235,355
Sugar,miscellaneous food,2017,20,334,0,,108.47,109.88,102.2,106.34,107.13,355,382,423.2,0.203,339
Sugar,miscellaneous food,2017,24,303,0,,107.13,108.47,101.66,107.71,106.05,339,443,401.8,0.305,357
Sugar,miscellaneous food,2017,28,273,0,,106.05,107.13,105.36,107.88,106.11,357,556,343.0,0.275,321
Sugar,miscellaneous food,2017,33,242,0,,106.11,106.05,109.88,106.94,109.79,321,355,339.2,0.26,340
Sugar,miscellaneous food,2017,37,211,0,,109.79,106.11,108.47,107.27,109.65,340,339,357.0,0.307,410
Sugar,miscellaneous food,2017,41,181,0,,109.65,109.79,107.13,107.9,110.15,410,357,351.5,0.33,335
Sugar,miscellaneous food,2017,46,150,0,,110.15,109.65,106.05,108.92,110.62,335,321,339.5,0.297,273
Sugar,miscellaneous food,2017,50,120,0,,110.62,110.15,106.11,110.05,110.0,273,340,339.5,0.273,340
Sugar,miscellaneous food,2018,3,89,0,,110.0,110.62,109.79,110.11,109.0,340,410,312.5,0.312,302
Sugar,miscellaneous food,2018,7,58,0,,109.0,110.0,109.65,109.94,108.0,302,335,320.2,0.296,366
Sugar,miscellaneous food,2018,11,30,1,,108.0,109.0,110.15,109.41,105.29,366,273,363.2,0.226,445
Sugar,miscellaneous food,2020,3,90,0,98.33,105.29,108.0,110.62,108.07,105.0,445,340,342.0,0.297,255
Sugar,miscellaneous food,2020,7,59,0,101.0,105.0,105.29,110.0,106.82,,255,302,364.8,0.317,393
Sugar,miscellaneous food,2020,11,30,1,101.0,,105.0,109.0,106.1,,393,366,377.2,0.306,416
Sugar,miscellaneous food,2020,16,364,0,110.67,,,108.0,105.15,136.5,416,445,343.0,0.216,308
Sugar,miscellaneous food,2020,25,303,0,127.85,136.5,,105.29,120.75,134.87,308,255,354.0,0.246,299
Sugar,miscellaneous food,2020,29,273,0,,134.87,136.5,105.0,135.68,134.25,299,393,324.2,0.323,274
Sugar,miscellaneous food,2020,42,181,0,,134.25,134.87,,135.21,127.58,274,416,309.5,0.27,357
Sugar,miscellaneous food,2021,37,211,0,,127.58,134.25,,133.3,140.43,357,308,305.5,0.366,292
Sugar,miscellaneous food,2021,41,181,0,,140.43,127.58,136.5,134.28,151.01,292,299,309.0,0.34,313
Sugar,miscellaneous food,2021,46,150,0,,151.01,140.43,134.87,138.32,143.45,313,274,311.0,0.315,282
Sugar,miscellaneous food,2021,50,120,0,,143.45,151.01,134.25,140.62,147.45,282,357,297.8,0.355,304
Sugar,miscellaneous food,2022,2,89,0,,147.45,143.45,127.58,145.58,149.18,304,292,303.8,0.264,316
Sugar,miscellaneous food,2022,7,58,0,,149.18,147.45,140.43,147.77,178.5,316,313,311.2,0.318,343
Sugar,miscellaneous food,2022,11,30,1,,178.5,149.18,151.01,154.64,233.77,343,282,343.5,0.403,411
Sugar,miscellaneous food,2022,15,364,0,,233.77,178.5,143.45,177.22,263.65,411,304,331.2,0.358,255
Sugar,miscellaneous food,2022,19,334,0,,263.65,233.77,147.45,206.28,319.6,255,316,320.8,0.349,274
Sugar,miscellaneous food,2022,24,303,0,,319.6,263.65,149.18,248.88,,274,343,296.2,0.221,245
Tomatoes,vegetables and fruits,2020,3,90,0,262.24,297.6,,,297.6,258.47,88,88,88.0,0.191,88
Tomatoes,vegetables and fruits,2020,7,59,0,224.17,258.47,297.6,,278.03,124.61,88,71,79.5,0.323,71
Tomatoes,vegetables and fruits,2020,11,30,1,96.0,124.61,258.47,,226.89,45.5,71,150,103.0,0.32,150
Tomatoes,vegetables and fruits,2020,16,364,0,35.67,45.5,124.61,,181.54,68.92,150,99,102.0,0.334,99
Tomatoes,vegetables and fruits,2020,20,334,0,47.38,68.92,45.5,297.6,124.38,161.4,99,88,112.2,0.277,129
Tomatoes,vegetables and fruits,2020,25,303,0,130.78,161.4,68.92,258.47,100.11,98.0,129,71,118.2,0.315,95
Tomatoes,vegetables and fruits,2020,29,273,0,71.87,98.0,161.4,124.61,93.46,67.79,95,150,101.5,0.309,83
Tomatoes,vegetables and fruits,2020,33,242,0,41.11,67.79,98.0,45.5,99.03,132.0,83,99,104.8,0.331,112
Tomatoes,vegetables and fruits,2020,38,211,0,103.38,132.0,67.79,68.92,114.8,132.0,112,129,100.2,0.359,111
Tomatoes,vegetables and fruits,2020,42,181,0,73.21,132.0,132.0,161.4,107.45,,111,95,100.2,0.218,95
Tomatoes,vegetables and fruits,2020,46,150,0,50.0,,132.0,98.0,110.6,,95,83,107.2,0.288,111
Tomatoes,vegetables and fruits,2020,51,120,0,97.5,,,67.79,132.0,,111,112,108.2,0.292,116
Tomatoes,vegetables and fruits,2021,2,89,0,100.0,,,132.0,132.0,,116,111,108.5,0.277,112
Tomatoes,vegetables and fruits,2021,7,58,0,195.0,,,132.0,,,112,95,113.8,0.257,116
Tomatoes,vegetables and fruits,2021,11,30,1,105.0,,,,,,116,111,126.5,0.381,162
Tomatoes,vegetables and fruits,2021,15,364,0,35.0,,,,,473.21,162,116,124.2,0.271,107
Tomatoes,vegetables and fruits,2022,28,273,0,,473.21,,,473.21,258.52,107,112,111.5,0.367,61
Tomatoes,vegetables and fruits,2022,33,242,0,,258.52,473.21,,365.86,278.0,61,116,106.5,0.237,96
Tomatoes,vegetables and fruits,2022,37,211,0,,278.0,258.52,,336.58,427.5,96,162,88.0,0.326,88
Tomatoes,vegetables and fruits,2022,41,181,0,,427.5,278.0,,359.31,294.4,88,107,79.5,0.211,73
Tomatoes,vegetables and fruits,2022,46,150,0,,294.4,427.5,473.21,314.6,192.0,73,61,87.2,0.322,92
Tomatoes,vegetables and fruits,2022,50,120,0,,192.0,294.4,258.52,297.98,250.8,92,96,83.8,0.262,82
Tomatoes,vegetables and fruits,2023,2,89,0,,250.8,192.0,278.0,291.18,155.0,82,88,84.5,0.363,91
Tomatoes,vegetables and fruits,2023,7,58,0,,155.0,250.8,427.5,223.05,306.54,91,73,89.2,0.295,92
Tomatoes,vegetables and fruits,2023,11,30,1,,306.54,155.0,294.4,226.09,298.52,92,92,85.8,0.33,78
Tomatoes,vegetables and fruits,2023,15,365,0,,298.52,306.54,192.0,252.72,263.0,78,82,83.0,0.272,71
Tomatoes,vegetables and fruits,2023,20,335,0,,263.0,298.52,250.8,255.76,321.89,71,91,81.0,0.342,83
Tomatoes,vegetables and fruits,2023,24,304,0,,321.89,263.0,155.0,297.49,443.64,83,92,76.2,0.264,73
Tomatoes,vegetables and fruits,2023,28,274,0,,443.64,321.89,306.54,331.76,241.07,73,78,73.5,0.233,67
Tomatoes,vegetables and fruits,2023,33,243,0,,241.07,443.64,298.52,317.4,203.75,67,71,74.8,0.184,76
Tomatoes,vegetables and fruits,2023,37,212,0,,203.75,241.07,263.0,302.59,218.92,76,83,71.0,0.237,68
Tomatoes,vegetables and fruits,2023,41,182,0,,218.92,203.75,321.89,276.85,314.25,68,73,74.8,0.274,88
Tomatoes,vegetables and fruits,2023,46,151,0,,314.25,218.92,443.64,244.5,650.23,88,67,78.8,0.305,83
Tomatoes,vegetables and fruits,2023,50,121,0,,650.23,314.25,241.07,346.79,674.95,83,76,73.0,0.319,53
Tomatoes,vegetables and fruits,2024,3,90,0,,674.95,650.23,203.75,464.59,832.48,53,68,69.8,0.327,55
Tomatoes,vegetables and fruits,2024,7,59,0,,832.48,674.95,218.92,617.98,376.79,55,88,64.0,0.259,65
Tomatoes,vegetables and fruits,2024,11,30,1,,376.79,832.48,314.25,633.61,177.79,65,83,70.2,0.221,108
Tomatoes,vegetables and fruits,2024,16,364,0,,177.79,376.79,650.23,515.5,190.56,108,53,82.2,0.225,101
Tomatoes,vegetables and fruits,2024,20,334,0,,190.56,177.79,674.95,394.41,423.37,101,55,95.5,0.325,108
Tomatoes,vegetables and fruits,2024,24,303,0,,423.37,190.56,832.48,292.13,438.17,108,65,96.0,0.325,67
Tomatoes,vegetables and fruits,2024,29,273,0,,438.17,423.37,376.79,307.48,292.47,67,108,87.0,0.308,72
Tomatoes,vegetables and fruits,2024,33,242,0,,292.47,438.17,177.79,336.14,261.86,72,101,81.8,0.269,80
Tomatoes,vegetables and fruits,2024,37,211,0,,261.86,292.47,190.56,353.97,332.63,80,108,79.0,0.264,97
Tomatoes,vegetables and fruits,2024,42,181,0,,332.63,261.86,423.37,331.28,323.84,97,67,81.8,0.246,78
Tomatoes,vegetables and fruits,2024,46,150,0,,323.84,332.63,438.17,302.7,453.03,78,72,82.5,0.333,75
Tomatoes,vegetables and fruits,2024,50,120,0,,453.03,323.84,292.47,342.84,394.41,75,80,79.8,0.228,69
Tomatoes,vegetables and fruits,2025,3,89,0,,394.41,453.03,261.86,375.98,270.69,69,97,72.8,0.278,69
Tomatoes,vegetables and fruits,2025,7,58,0,,270.69,394.41,332.63,360.49,323.78,69,78,77.8,0.303,98
Tomatoes,vegetables and fruits,2025,11,30,1,,323.78,270.69,323.84,360.48,576.43,98,75,81.2,0.293,89
Tomatoes,vegetables and fruits,2025,16,364,0,,576.43,323.78,453.03,391.33,874.54,89,69,78.2,0.233,57
Tomatoes,vegetables and fruits,2025,20,334,0,,874.54,576.43,394.41,511.36,483.42,57,69,75.0,0.268,56
Tomatoes,vegetables and fruits,2025,24,303,0,,483.42,874.54,270.69,564.54,195.29,56,98,69.5,0.31,76
Tomatoes,vegetables and fruits,2025,29,273,0,,195.29,483.42,323.78,532.42,207.85,76,89,69.8,0.216,90
Tomatoes,vegetables and fruits,2025,33,242,0,,207.85,195.29,576.43,440.28,221.83,90,57,82.8,0.305,109
Tomatoes,vegetables and fruits,2025,38,211,0,,221.83,207.85,874.54,277.1,,109,56,92.2,0.313,94
Wheat flour,cereals and tubers,2004,3,90,0,,26.66,,,26.66,26.71,239,239,239.0,0.292,239
Wheat flour,cereals and tubers,2004,7,59,0,,26.71,26.66,,26.68,26.63,239,167,203.0,0.304,167
Wheat flour,cereals and tubers,2004,12,30,1,,26.63,26.71,,26.67,26.67,167,288,231.3,0.322,288
Wheat flour,cereals and tubers,2004,16,364,0,,26.67,26.63,,26.67,26.71,288,204,224.5,0.248,204
Wheat flour,cereals and tubers,2004,20,334,0,,26.71,26.67,26.66,26.68,26.66,204,239,213.8,0.325,196
Wheat flour,cereals and tubers,2004,25,303,0,,26.66,26.71,26.71,26.67,26.63,196,167,225.0,0.34,212
Wheat flour,cereals and tubers,2004,29,273,0,,26.63,26.66,26.63,26.67,26.7,212,288,217.5,0.306,258
Wheat flour,cereals and tubers,2004,33,242,0,,26.7,26.63,26.67,26.68,27.49,258,204,219.2,0.277,211
Wheat flour,cereals and tubers,2004,38,211,0,,27.49,26.7,26.71,26.87,28.15,211,196,240.8,0.291,282
Wheat flour,cereals and tubers,2004,42,181,0,,28.15,27.49,26.66,27.24,46.42,282,212,248.0,0.235,241
Wheat flour,cereals and tubers,2004,47,150,0,,46.42,28.15,26.63,32.19,64.79,241,258,235.5,0.283,208
Wheat flour,cereals and tubers,2004,51,120,0,,64.79,46.42,26.7,41.71,35.14,208,211,234.0,0.262,205
Wheat flour,cereals and tubers,2005,2,89,0,,35.14,64.79,27.49,43.63,29.27,205,282,230.8,0.255,269
Wheat flour,cereals and tubers,2005,7,58,0,,29.27,35.14,28.15,43.91,32.79,269,241,218.5,0.315,192
Wheat flour,cereals and tubers,2005,11,30,1,,32.79,29.27,46.42,40.5,32.48,192,208,232.8,0.233,265
Wheat flour,cereals and tubers,2005,15,364,0,,32.48,32.79,64.79,32.42,30.68,265,205,253.8,0.335,289
Wheat flour,cereals and tubers,2005,19,334,0,,30.68,32.48,35.14,31.3,28.02,289,269,244.8,0.252,233
Wheat flour,cereals and tubers,2005,24,303,0,,28.02,30.68,29.27,30.99,27.54,233,192,249.0,0.338,209
Wheat flour,cereals and tubers,2005,28,273,0,,27.54,28.02,32.79,29.68,29.48,209,265,242.0,0.234,237
Wheat flour,cereals and tubers,2005,33,242,0,,29.48,27.54,32.48,28.93,29.66,237,289,231.5,0.335,247
Wheat flour,cereals and tubers,2005,37,211,0,,29.66,29.48,30.68,28.68,30.27,247,233,229.8,0.312,226
Wheat flour,cereals and tubers,2005,41,181,0,,30.27,29.66,28.02,29.24,30.44,226,209,234.0,0.278,226
Wheat flour,cereals and tubers,2005,46,150,0,,30.44,30.27,27.54,29.96,30.24,226,237,233.8,0.22,236
Wheat flour,cereals and tubers,2006,2,89,0,,30.24,30.44,29.48,30.15,30.98,236,247,236.2,0.34,257
Wheat flour,cereals and tubers,2006,7,58,0,,30.98,30.24,29.66,30.48,32.08,257,226,227.0,0.351,189
Wheat flour,cereals and tubers,2006,11,30,1,,32.08,30.98,30.27,30.94,32.79,189,226,251.5,0.319,324
Wheat flour,cereals and tubers,2006,15,364,0,,32.79,32.08,30.44,31.52,31.03,324,236,260.5,0.263,272
Wheat flour,cereals and tubers,2006,20,334,0,,31.03,32.79,30.24,31.72,35.1,272,257,262.0,0.319,263
Wheat flour,cereals and tubers,2006,24,303,0,,35.1,31.03,30.98,32.75,33.9,263,189,278.0,0.247,253
Wheat flour,cereals and tubers,2006,28,273,0,,33.9,35.1,32.08,33.2,37.77,253,324,269.5,0.309,290
Wheat flour,cereals and tubers,2006,33,242,0,,37.77,33.9,32.79,34.45,41.31,290,272,256.2,0.209,219
Wheat flour,cereals and tubers,2006,37,211,0,,41.31,37.77,31.03,37.02,46.11,219,263,255.8,0.33,261
Wheat flour,cereals and tubers,2006,41,181,0,,46.11,41.31,35.1,39.77,48.47,261,253,248.5,0.244,224
Wheat flour,cereals and tubers,2006,46,150,0,,48.47,46.11,33.9,43.42,40.06,224,290,220.8,0.271,179
Wheat flour,cereals and tubers,2006,50,120,0,,40.06,48.47,37.77,43.99,43.44,179,219,217.2,0.349,205
Wheat flour,cereals and tubers,2007,3,89,0,,43.44,40.06,41.31,44.52,46.66,205,261,218.0,0.311,264
Wheat flour,cereals and tubers,2007,7,58,0,,46.66,43.44,46.11,44.66,45.5,264,224,217.8,0.282,223
Wheat flour,cereals and tubers,2007,11,30,1,,45.5,46.66,48.47,43.92,45.49,223,179,241.8,0.286,275
Wheat flour,cereals and tubers,2007,15,365,0,,45.49,45.5,40.06,45.27,47.56,275,205,246.0,0.359,222
Wheat flour,cereals and tubers,2007,20,335,0,,47.56,45.49,43.44,46.3,48.86,222,264,235.5,0.328,222
Wheat flour,cereals and tubers,2007,24,304,0,,48.86,47.56,46.66,46.85,49.66,222,223,228.0,0.28,193
Wheat flour,cereals and tubers,2007,28,274,0,,49.66,48.86,45.5,47.89,56.69,193,275,226.8,0.242,270
Wheat flour,cereals and tubers,2007,33,243,0,,56.69,49.66,45.49,50.69,56.04,270,222,231.5,0.191,241
Wheat flour,cereals and tubers,2007,37,212,0,,56.04,56.69,47.56,52.81,64.98,241,222,238.5,0.305,250
Wheat flour,cereals and tubers,2007,42,182,0,,64.98,56.04,48.86,56.84,67.48,250,193,241.8,0.261,206
Wheat flour,cereals and tubers,2007,46,151,0,,67.48,64.98,49.66,61.3,67.35,206,270,231.5,0.359,229
Wheat flour,cereals and tubers,2007,50,121,0,,67.35,67.48,56.69,63.96,75.83,229,241,217.8,0.246,186
Wheat flour,cereals and tubers,2008,3,90,0,,75.83,67.35,56.04,68.91,76.38,186,250,211.2,0.266,224
Wheat flour,cereals and tubers,2008,7,59,0,,76.38,75.83,64.98,71.76,77.43,224,206,205.2,0.321,182
Wheat flour,cereals and tubers,2008,11,30,1,,77.43,76.38,67.48,74.25,80.0,182,229,214.2,0.27,265
Wheat flour,cereals and tubers,2008,16,364,0,,80.0,77.43,67.35,77.41,80.5,265,186,209.5,0.269,167
Wheat flour,cereals and tubers,2008,20,334,0,,80.5,80.0,75.83,78.58,82.31,167,224,200.2,0.318,187
Wheat flour,cereals and tubers,2008,24,303,0,,82.31,80.5,76.38,80.06,80.94,187,182,198.0,0.322,173
Wheat flour,cereals and tubers,2008,29,273,0,,80.94,82.31,77.43,80.94,81.21,173,265,183.2,0.35,206
Wheat flour,cereals and tubers,2008,33,242,0,,81.21,80.94,80.0,81.24,71.28,206,167,178.5,0.299,148
Wheat flour,cereals and tubers,2008,38,211,0,,71.28,81.21,80.5,78.94,70.58,148,187,184.5,0.333,211
Wheat flour,cereals and tubers,2008,42,181,0,,70.58,71.28,82.31,76.0,69.79,211,173,186.8,0.418,182
Wheat flour,cereals and tubers,2008,46,150,0,,69.79,70.58,80.94,73.22,69.68,182,206,195.0,0.33,239
Wheat flour,cereals and tubers,2008,51,120,0,,69.68,69.79,81.21,70.33,69.49,239,148,212.0,0.331,216
Wheat flour,cereals and tubers,2009,3,89,0,,69.49,69.68,71.28,69.89,77.5,216,211,197.0,0.315,151
Wheat flour,cereals and tubers,2009,7,58,0,,77.5,69.49,70.58,71.62,69.99,151,182,197.8,0.394,185
Wheat flour,cereals and tubers,2009,11,30,1,,69.99,77.5,69.79,71.66,69.95,185,239,215.0,0.294,308
Wheat flour,cereals and tubers,2009,16,364,0,,69.95,69.99,69.68,71.73,72.88,308,216,217.2,0.373,225
Wheat flour,cereals and tubers,2009,20,334,0,,72.88,69.95,69.49,72.58,69.88,225,151,222.8,0.246,173
Wheat flour,cereals and tubers,2009,25,303,0,,69.88,72.88,77.5,70.67,70.6,173,185,217.0,0.269,162
Wheat flour,cereals and tubers,2009,29,273,0,,70.6,69.88,69.99,70.83,71.27,162,308,190.8,0.332,203
Wheat flour,cereals and tubers,2009,33,242,0,,71.27,70.6,69.95,71.16,71.64,203,225,192.0,0.275,230
Wheat flour,cereals and tubers,2009,38,211,0,,71.64,71.27,72.88,70.85,71.63,230,173,202.2,0.31,214
Wheat flour,cereals and tubers,2009,42,181,0,,71.63,71.64,69.88,71.29,71.38,214,162,206.2,0.303,178
Wheat flour,cereals and tubers,2009,46,150,0,,71.38,71.63,70.6,71.48,69.35,178,203,198.2,0.364,171
Wheat flour,cereals and tubers,2009,51,120,0,,69.35,71.38,71.27,71.0,63.42,171,230,186.2,0.297,182
Wheat flour,cereals and tubers,2010,2,89,0,,63.42,69.35,71.64,68.94,62.44,182,214,191.2,0.24,234
Wheat flour,cereals and tubers,2010,7,58,0,,62.44,63.42,71.63,66.65,59.77,234,178,185.5,0.345,155
Wheat flour,cereals and tubers,2010,11,30,1,,59.77,62.44,71.38,63.74,59.03,155,171,194.8,0.337,208
Wheat flour,cereals and tubers,2010,15,364,0,,59.03,59.77,69.35,61.16,61.93,208,182,198.8,0.256,198
Wheat flour,cereals and tubers,2010,19,334,0,,61.93,59.03,63.42,60.79,62.12,198,234,194.2,0.336,216
Wheat flour,cereals and tubers,2010,24,303,0,,62.12,61.93,62.44,60.71,71.0,216,155,211.0,0.344,222
Wheat flour,cereals and tubers,2010,28,273,0,,71.0,62.12,59.77,63.52,71.32,222,208,203.5,0.301,178
Wheat flour,cereals and tubers,2010,32,242,0,,71.32,71.0,59.03,66.59,70.37,178,198,211.0,0.3,228
Wheat flour,cereals and tubers,2010,37,211,0,,70.37,71.32,61.93,68.7,79.42,228,216,216.8,0.267,239
Wheat flour,cereals and tubers,2010,41,181,0,,79.42,70.37,62.12,73.03,81.42,239,222,207.5,0.323,185
Wheat flour,cereals and tubers,2010,46,150,0,,81.42,79.42,71.0,75.63,81.15,185,178,203.5,0.309,162
Wheat flour,cereals and tubers,2010,50,120,0,,81.15,81.42,71.32,78.09,80.33,162,228,190.5,0.318,176
Wheat flour,cereals and tubers,2011,2,89,0,,80.33,81.15,70.37,80.58,82.01,176,239,174.0,0.351,173
Wheat flour,cereals and tubers,2011,7,58,0,,82.01,80.33,79.42,81.23,80.83,173,185,182.8,0.23,220
Wheat flour,cereals and tubers,2011,11,30,1,,80.83,82.01,81.42,81.08,81.01,220,162,194.0,0.293,207
Wheat flour,cereals and tubers,2011,15,365,0,,81.01,80.83,81.15,81.04,82.14,207,176,194.8,0.297,179
Wheat flour,cereals and tubers,2011,19,335,0,,82.14,81.01,80.33,81.5,81.62,179,173,190.0,0.259,154
Wheat flour,cereals and tubers,2011,24,304,0,,81.62,82.14,82.01,81.4,82.55,154,220,181.0,0.304,184
Wheat flour,cereals and tubers,2011,28,274,0,,82.55,81.62,80.83,81.83,82.4,184,207,170.5,0.29,165
Wheat flour,cereals and tubers,2011,33,243,0,,82.4,82.55,81.01,82.18,81.87,165,179,166.0,0.3,161
Wheat flour,cereals and tubers,2011,37,212,0,,81.87,82.4,82.14,82.11,80.43,161,154,171.2,0.26,175
Wheat flour,cereals and tubers,2011,41,182,0,,80.43,81.87,81.62,81.81,80.51,175,184,171.0,0.254,183
Wheat flour,cereals and tubers,2011,46,151,0,,80.51,80.43,82.55,81.3,80.06,183,165,172.5,0.339,171
Wheat flour,cereals and tubers,2011,50,121,0,,80.06,80.51,82.4,80.72,80.67,171,161,188.0,0.241,223
Wheat flour,cereals and tubers,2012,2,90,0,,80.67,80.06,81.87,80.42,79.96,223,175,184.5,0.357,161
Wheat flour,cereals and tubers,2012,7,59,0,,79.96,80.67,80.43,80.3,80.22,161,183,179.2,0.36,162
Wheat flour,cereals and tubers,2012,11,30,1,,80.22,79.96,80.51,80.23,80.98,162,171,196.2,0.321,239
Wheat flour,cereals and tubers,2012,15,364,0,,80.98,80.22,80.06,80.46,87.41,239,223,195.0,0.281,218
Wheat flour,cereals and tubers,2012,20,334,0,,87.41,80.98,80.67,82.14,89.24,218,161,202.8,0.253,192
Wheat flour,cereals and tubers,2012,24,303,0,,89.24,87.41,79.96,84.46,90.12,192,162,209.2,0.32,188
Wheat flour,cereals and tubers,2012,28,273,0,,90.12,89.24,80.22,86.94,93.33,188,239,197.5,0.33,192
Wheat flour,cereals and tubers,2012,33,242,0,,93.33,90.12,80.98,90.03,93.25,192,218,184.2,0.262,165
Wheat flour,cereals and tubers,2012,37,211,0,,93.25,93.33,87.41,91.49,93.18,165,192,181.5,0.34,181
Wheat flour,cereals and tubers,2012,42,181,0,,93.18,93.25,89.24,92.47,98.35,181,188,178.5,0.273,176
Wheat flour,cereals and tubers,2012,46,150,0,,98.35,93.18,90.12,94.53,98.57,176,192,175.8,0.316,181
Wheat flour,cereals and tubers,2012,50,120,0,,98.57,98.35,93.33,95.84,98.54,181,165,183.8,0.356,197
Wheat flour,cereals and tubers,2013,3,89,0,,98.54,98.57,93.25,97.16,99.08,197,181,190.2,0.206,207
Wheat flour,cereals and tubers,2013,7,58,0,,99.08,98.54,93.18,98.64,98.66,207,176,182.5,0.295,145
Wheat flour,cereals and tubers,2013,11,30,1,,98.66,99.08,98.35,98.71,99.42,145,181,195.5,0.279,233
Wheat flour,cereals and tubers,2013,16,364,0,,99.42,98.66,98.57,98.93,98.17,233,197,189.0,0.228,171
Wheat flour,cereals and tubers,2013,20,334,0,,98.17,99.42,98.54,98.83,98.38,171,207,186.2,0.284,196
Wheat flour,cereals and tubers,2013,24,303,0,,98.38,98.17,99.08,98.66,97.54,196,145,193.2,0.25,173
Wheat flour,cereals and tubers,2013,29,273,0,,97.54,98.38,98.66,98.38,98.0,173,233,182.5,0.26,190
Wheat flour,cereals and tubers,2013,33,242,0,,98.0,97.54,99.42,98.02,97.9,190,171,172.8,0.283,132
Wheat flour,cereals and tubers,2013,37,211,0,,97.9,98.0,98.17,97.96,98.0,132,196,167.0,0.323,173
Wheat flour,cereals and tubers,2013,42,181,0,,98.0,97.9,98.38,97.86,97.52,173,173,158.0,0.302,137
Wheat flour,cereals and tubers,2013,46,150,0,,97.52,98.0,97.54,97.86,97.32,137,190,149.2,0.291,155
Wheat flour,cereals and tubers,2013,50,120,0,,97.32,97.52,98.0,97.68,97.55,155,132,162.0,0.244,183
Wheat flour,cereals and tubers,2014,3,89,0,,97.55,97.32,97.9,97.6,97.52,183,173,164.5,0.3,183
Wheat flour,cereals and tubers,2014,7,58,0,,97.52,97.55,98.0,97.48,97.39,183,137,176.0,0.38,183
Wheat flour,cereals and tubers,2014,11,30,1,,97.39,97.52,97.52,97.44,97.38,183,155,189.8,0.279,210
Wheat flour,cereals and tubers,2014,16,364,0,,97.38,97.39,97.32,97.46,97.13,210,183,184.0,0.296,160
Wheat flour,cereals and tubers,2014,20,334,0,,97.13,97.38,97.55,97.35,97.54,160,183,174.5,0.405,145
Wheat flour,cereals and tubers,2014,24,303,0,,97.54,97.13,97.52,97.36,99.02,145,183,158.0,0.261,117
Wheat flour,cereals and tubers,2014,29,273,0,,99.02,97.54,97.39,97.77,97.2,117,210,144.2,0.288,155
Wheat flour,cereals and tubers,2014,33,242,0,,97.2,99.02,97.38,97.72,97.65,155,160,149.2,0.371,180
Wheat flour,cereals and tubers,2014,38,211,0,,97.65,97.2,97.13,97.85,97.58,180,145,161.5,0.382,194
Wheat flour,cereals and tubers,2014,42,181,0,,97.58,97.65,97.54,97.86,98.1,194,117,170.5,0.239,153
Wheat flour,cereals and tubers,2014,46,150,0,,98.1,97.58,99.02,97.63,97.84,153,155,174.8,0.279,172
Wheat flour,cereals and tubers,2014,51,120,0,,97.84,98.1,97.2,97.79,97.51,172,180,172.8,0.325,172
Wheat flour,cereals and tubers,2015,3,89,0,,97.51,97.84,97.65,97.76,87.16,172,194,166.2,0.258,168
Wheat flour,cereals and tubers,2015,7,58,0,,87.16,97.51,97.58,95.15,85.06,168,153,171.8,0.299,175
Wheat flour,cereals and tubers,2015,11,30,1,,85.06,87.16,98.1,91.89,84.45,175,172,195.8,0.297,268
Wheat flour,cereals and tubers,2015,16,365,0,,84.45,85.06,97.84,88.54,84.22,268,172,194.5,0.192,167
Wheat flour,cereals and tubers,2015,20,335,0,,84.22,84.45,97.51,85.22,84.22,167,168,198.8,0.329,185
Wheat flour,cereals and tubers,2015,25,304,0,,84.22,84.22,87.16,84.49,84.86,185,175,205.2,0.244,201
Wheat flour,cereals and tubers,2015,29,274,0,,84.86,84.22,85.06,84.44,84.42,201,268,187.2,0.205,196
Wheat flour,cereals and tubers,2015,33,243,0,,84.42,84.86,84.45,84.43,84.03,196,167,187.8,0.317,169
Wheat flour,cereals and tubers,2015,38,212,0,,84.03,84.42,84.22,84.38,83.78,169,185,191.2,0.29,199
Wheat flour,cereals and tubers,2015,42,182,0,,83.78,84.03,84.22,84.27,83.74,199,201,188.2,0.309,189
Wheat flour,cereals and tubers,2015,46,151,0,,83.74,83.78,84.86,83.99,84.02,189,196,177.8,0.299,154
Wheat flour,cereals and tubers,2015,51,121,0,,84.02,83.74,84.42,83.89,93.67,154,169,186.5,0.342,204
Wheat flour,cereals and tubers,2016,2,90,0,,93.67,84.02,84.03,86.3,85.53,204,199,184.2,0.294,190
Wheat flour,cereals and tubers,2016,7,59,0,,85.53,93.67,83.78,86.74,86.57,190,189,176.8,0.326,159
Wheat flour,cereals and tubers,2016,11,30,1,,86.57,85.53,83.74,87.45,91.12,159,154,198.0,0.31,239
Wheat flour,cereals and tubers,2016,15,364,0,,91.12,86.57,84.02,89.22,91.42,239,204,181.8,0.244,139
Wheat flour,cereals and tubers,2016,19,334,0,,91.42,91.12,93.67,88.66,91.44,139,190,180.0,0.283,183
Wheat flour,cereals and tubers,2016,24,303,0,,91.44,91.42,85.53,90.14,90.81,183,159,183.8,0.269,174
Wheat flour,cereals and tubers,2016,28,273,0,,90.81,91.44,86.57,91.2,88.1,174,239,167.2,0.319,173
Wheat flour,cereals and tubers,2016,33,242,0,,88.1,90.81,91.12,90.44,88.83,173,139,175.5,0.223,172
Wheat flour,cereals and tubers,2016,37,211,0,,88.83,88.1,91.42,89.8,88.83,172,183,174.0,0.276,177
Wheat flour,cereals and tubers,2016,41,181,0,,88.83,88.83,91.44,89.14,93.33,177,174,167.8,0.272,149
Wheat flour,cereals and tubers,2016,46,150,0,,93.33,88.83,90.81,89.77,88.93,149,173,176.2,0.326,207
Wheat flour,cereals and tubers,2016,50,120,0,,88.93,93.33,88.1,89.98,89.19,207,172,173.8,0.22,162
Wheat flour,cereals and tubers,2017,2,89,0,,89.19,88.93,88.83,90.07,89.12,162,177,181.2,0.366,207
Wheat flour,cereals and tubers,2017,7,58,0,,89.12,89.19,88.83,90.14,89.25,207,149,185.2,0.274,165
Wheat flour,cereals and tubers,2017,11,30,1,,89.25,89.12,93.33,89.12,89.75,165,207,200.5,0.351,268
Wheat flour,cereals and tubers,2017,15,364,0,,89.75,89.25,88.93,89.33,88.35,268,162,199.0,0.331,156
Wheat flour,cereals and tubers,2017,20,334,0,,88.35,89.75,89.19,89.12,88.82,156,207,198.0,0.323,203
Wheat flour,cereals and tubers,2017,24,303,0,,88.82,88.35,89.12,89.04,88.66,203,165,205.0,0.393,193
Wheat flour,cereals and tubers,2017,28,273,0,,88.66,88.82,89.25,88.9,88.41,193,268,188.5,0.357,202
Wheat flour,cereals and tubers,2017,33,242,0,,88.41,88.66,89.75,88.56,88.44,202,156,190.2,0.322,163
Wheat flour,cereals and tubers,2017,37,211,0,,88.44,88.41,88.35,88.58,88.84,163,203,185.2,0.3,183
Wheat flour,cereals and tubers,2017,41,181,0,,88.84,88.44,88.82,88.59,88.67,183,193,179.2,0.254,169
Wheat flour,cereals and tubers,2017,46,150,0,,88.67,88.84,88.66,88.59,88.73,169,202,176.8,0.224,192
Wheat flour,cereals and tubers,2017,50,120,0,,88.73,88.67,88.41,88.67,89.6,192,163,178.8,0.281,171
Wheat flour,cereals and tubers,2018,3,89,0,,89.6,88.73,88.44,88.96,90.0,171,183,167.5,0.26,138
Wheat flour,cereals and tubers,2018,7,58,0,,90.0,89.6,88.84,89.25,90.0,138,169,160.0,0.219,139
Wheat flour,cereals and tubers,2018,11,30,1,,90.0,90.0,88.67,89.58,90.33,139,192,184.5,0.347,290
Wheat flour,cereals and tubers,2018,15,364,0,,90.33,90.0,88.73,89.98,89.78,290,171,191.2,0.245,198
Wheat flour,cereals and tubers,2018,20,334,0,,89.78,90.33,89.6,90.03,90.04,198,138,204.8,0.273,192
Wheat flour,cereals and tubers,2018,24,303,0,,90.04,89.78,90.0,90.04,89.58,192,139,209.0,0.251,156
Wheat flour,cereals and tubers,2018,28,273,0,,89.58,90.04,90.0,89.93,90.32,156,290,185.8,0.259,197
Wheat flour,cereals and tubers,2018,33,242,0,,90.32,89.58,90.33,89.93,95.51,197,198,183.8,0.265,190
Wheat flour,cereals and tubers,2018,37,211,0,,95.51,90.32,89.78,91.36,95.42,190,192,184.8,0.352,196
Wheat flour,cereals and tubers,2018,42,181,0,,95.42,95.51,90.04,92.71,93.68,196,156,192.2,0.32,186
Wheat flour,cereals and tubers,2018,46,150,0,,93.68,95.42,89.58,93.73,94.66,186,197,197.5,0.255,218
Wheat flour,cereals and tubers,2018,50,120,0,,94.66,93.68,90.32,94.82,94.43,218,190,185.8,0.295,143
Wheat flour,cereals and tubers,2019,3,89,0,,94.43,94.66,95.51,94.55,94.41,143,196,179.5,0.27,171
Wheat flour,cereals and tubers,2019,7,58,0,,94.41,94.43,95.42,94.29,94.33,171,186,180.0,0.339,188
Wheat flour,cereals and tubers,2019,11,30,1,,94.33,94.41,93.68,94.46,93.97,188,218,180.2,0.291,219
Wheat flour,cereals and tubers,2019,16,365,0,,93.97,94.33,94.66,94.28,93.64,219,143,188.2,0.389,175
Wheat flour,cereals and tubers,2019,20,335,0,,93.64,93.97,94.43,94.09,94.39,175,171,198.2,0.329,211
Wheat flour,cereals and tubers,2019,24,304,0,,94.39,93.64,94.41,94.08,96.77,211,188,191.8,0.29,162
Wheat flour,cereals and tubers,2019,29,274,0,,96.77,94.39,94.33,94.69,95.95,162,219,176.2,0.395,157
Wheat flour,cereals and tubers,2019,33,243,0,,95.95,96.77,93.97,95.19,94.42,157,175,163.2,0.33,123
Wheat flour,cereals and tubers,2019,37,212,0,,94.42,95.95,93.64,95.38,93.37,123,211,149.5,0.26,156
Wheat flour,cereals and tubers,2019,42,182,0,,93.37,94.42,94.39,95.13,95.31,156,162,149.8,0.28,163
Wheat flour,cereals and tubers,2019,46,151,0,,95.31,93.37,96.77,94.76,93.2,163,157,158.0,0.371,190
Wheat flour,cereals and tubers,2019,50,121,0,,93.2,95.31,95.95,94.08,92.17,190,123,178.8,0.227,206
Wheat flour,cereals and tubers,2020,3,90,0,,92.17,93.2,94.42,93.51,92.55,206,156,182.2,0.386,170
Wheat flour,cereals and tubers,2020,7,59,0,,92.55,92.17,93.37,93.31,92.24,170,163,183.5,0.296,168
Wheat flour,cereals and tubers,2020,11,30,1,,92.24,92.55,95.31,92.54,89.04,168,190,199.8,0.294,255
Wheat flour,cereals and tubers,2020,16,364,0,,89.04,92.24,93.2,91.5,92.26,255,206,189.8,0.337,166
Wheat flour,cereals and tubers,2020,20,334,0,,92.26,89.04,92.17,91.52,94.21,166,170,190.8,0.407,174
Wheat flour,cereals and tubers,2020,25,303,0,,94.21,92.26,92.55,91.94,93.86,174,168,183.2,0.23,138
Wheat flour,cereals and tubers,2020,29,273,0,,93.86,94.21,92.24,92.34,92.45,138,255,155.0,0.201,142
Wheat flour,cereals and tubers,2020,33,242,0,,92.45,93.86,89.04,93.2,92.84,142,166,156.0,0.289,170
Wheat flour,cereals and tubers,2020,38,211,0,,92.84,92.45,92.26,93.34,93.03,170,174,152.0,0.328,158
Wheat flour,cereals and tubers,2020,42,181,0,,93.03,92.84,94.21,93.04,93.86,158,138,161.0,0.391,174
Wheat flour,cereals and tubers,2020,46,150,0,,93.86,93.03,93.86,93.05,94.68,174,142,172.8,0.315,189
Wheat flour,cereals and tubers,2020,51,120,0,,94.68,93.86,92.45,93.6,93.91,189,170,164.0,0.323,135
Wheat flour,cereals and tubers,2021,2,89,0,,93.91,94.68,92.84,93.87,92.76,135,158,158.5,0.365,136
Wheat flour,cereals and tubers,2021,7,58,0,,92.76,93.91,93.03,93.8,92.33,136,174,148.2,0.3,133
Wheat flour,cereals and tubers,2021,11,30,1,,92.33,92.76,93.86,93.42,92.75,133,189,170.5,0.273,278
Wheat flour,cereals and tubers,2021,15,364,0,,92.75,92.33,94.68,92.94,92.69,278,135,182.2,0.302,182
Wheat flour,cereals and tubers,2021,19,334,0,,92.69,92.75,93.91,92.63,93.75,182,136,183.0,0.245,139
Wheat flour,cereals and tubers,2021,24,303,0,,93.75,92.69,92.76,92.88,96.0,139,133,189.8,0.279,160
Wheat flour,cereals and tubers,2021,28,273,0,,96.0,93.75,92.33,93.8,95.0,160,278,157.8,0.311,150
Wheat flour,cereals and tubers,2021,32,242,0,,95.0,96.0,92.75,94.36,99.0,150,182,155.0,0.35,171
Wheat flour,cereals and tubers,2021,37,211,0,,99.0,95.0,92.69,95.94,112.0,171,139,158.2,0.25,152
Wheat flour,cereals and tubers,2021,41,181,0,,112.0,99.0,93.75,100.5,122.0,152,160,156.8,0.333,154
Wheat flour,cereals and tubers,2021,46,150,0,,122.0,112.0,96.0,107.0,135.92,154,150,150.0,0.354,123
Wheat flour,cereals and tubers,2021,50,120,0,,135.92,122.0,95.0,117.23,151.98,123,171,144.8,0.357,150
Wheat flour,cereals and tubers,2022,2,89,0,,151.98,135.92,99.0,130.48,156.78,150,152,144.0,0.284,149
Wheat flour,cereals and tubers,2022,7,58,0,,156.78,151.98,112.0,141.67,176.4,149,154,145.5,0.343,160
Wheat flour,cereals and tubers,2022,11,30,1,,176.4,156.78,122.0,155.27,233.46,160,123,165.2,0.354,202
Wheat flour,cereals and tubers,2022,15,364,0,,233.46,176.4,135.92,179.66,265.84,202,150,161.2,0.289,134
Wheat flour,cereals and tubers,2022,19,334,0,,265.84,233.46,151.98,208.12,284.31,134,149,160.5,0.275,146
Wheat flour,cereals and tubers,2022,24,303,0,,284.31,265.84,156.78,240.0,,146,160,157.0,0.212,146
