item,category,iso_year,iso_week,days_to_avurudu,festival_season,avg_wholesale_price_rs,avg_retail_price_rs,lag1_units,lag4_units,rolling4_mean_units,weekend_share,target_units_sold
Samba Rice (1),Grocery/Staple,2022,24,305,0,160.28,192.34,79,79,79,0.29,79
Samba Rice (1),Grocery/Staple,2022,25,298,0,163.6,196.32,79,80,79,0.29,80
Samba Rice (1),Grocery/Staple,2022,26,291,0,168.96,202.75,80,68,79.5,0.29,68
Samba Rice (1),Grocery/Staple,2022,27,284,0,174.32,209.18,68,81,75.7,0.29,81
Samba Rice (1),Grocery/Staple,2022,28,277,0,176.8,212.16,81,79,77,0.29,66
Samba Rice (1),Grocery/Staple,2022,29,270,0,179.89,215.87,66,80,73.8,0.29,76
Samba Rice (1),Grocery/Staple,2022,30,263,0,186.23,223.48,76,68,72.8,0.29,61
Samba Rice (1),Grocery/Staple,2022,31,256,0,188.97,226.76,61,81,71,0.29,70
Samba Rice (1),Grocery/Staple,2022,32,249,0,190.73,228.88,70,66,68.2,0.29,97
Samba Rice (1),Grocery/Staple,2022,33,242,0,200.17,240.2,97,76,76,0.29,81
Samba Rice (1),Grocery/Staple,2022,34,235,0,203.16,243.79,81,61,77.2,0.29,76
Samba Rice (1),Grocery/Staple,2022,35,228,0,206.1,247.32,76,70,81,0.29,67
Samba Rice (1),Grocery/Staple,2022,36,221,0,208.99,250.79,67,97,80.2,0.29,74
Samba Rice (1),Grocery/Staple,2022,37,214,0,214.24,257.09,74,81,74.5,0.29,79
Samba Rice (1),Grocery/Staple,2022,38,207,0,215.32,258.38,79,76,74,0.29,72
Samba Rice (1),Grocery/Staple,2022,39,200,0,220.45,264.54,72,67,73,0.29,63
Samba Rice (1),Grocery/Staple,2022,40,193,0,222.91,267.49,63,74,72,0.29,74
Samba Rice (1),Grocery/Staple,2022,41,186,0,226.99,272.39,74,79,72,0.29,62
Samba Rice (1),Grocery/Staple,2022,42,179,0,233.05,279.66,62,72,67.8,0.29,79
Samba Rice (1),Grocery/Staple,2022,43,172,0,233.11,279.73,79,63,69.5,0.29,55
Samba Rice (1),Grocery/Staple,2022,44,165,0,238.39,286.07,55,74,67.5,0.29,79
Samba Rice (1),Grocery/Staple,2022,45,158,0,240.25,288.3,79,62,68.8,0.29,70
Samba Rice (1),Grocery/Staple,2022,46,151,0,246.82,296.18,70,79,70.8,0.29,86
Samba Rice (1),Grocery/Staple,2022,47,144,0,250.49,300.59,86,55,72.5,0.29,82
Samba Rice (1),Grocery/Staple,2022,48,137,0,253.81,304.57,82,79,79.2,0.29,75
Samba Rice (1),Grocery/Staple,2022,49,130,0,258.49,310.19,75,70,78.2,0.29,66
Samba Rice (1),Grocery/Staple,2022,50,123,0,261.75,314.1,66,86,77.2,0.29,64
Samba Rice (1),Grocery/Staple,2022,51,116,0,260.91,313.09,64,82,71.8,0.29,61
Samba Rice (1),Grocery/Staple,2022,52,109,0,267.34,320.81,61,75,66.5,0.29,102
Samba Rice (1),Grocery/Staple,2023,1,102,0,275.04,330.05,102,66,73.2,0.29,89
Samba Rice (1),Grocery/Staple,2023,2,95,0,276.77,332.12,89,64,79,0.29,84
Samba Rice (1),Grocery/Staple,2023,3,88,0,278.79,334.55,84,61,84,0.29,80
Samba Rice (1),Grocery/Staple,2023,4,81,0,278.21,333.85,80,102,88.8,0.29,76
Samba Rice (1),Grocery/Staple,2023,5,74,0,285.56,342.67,76,89,82.2,0.29,69
Samba Rice (1),Grocery/Staple,2023,6,67,0,289.14,346.97,69,84,77.2,0.29,76
Samba Rice (1),Grocery/Staple,2023,7,60,0,291.85,350.22,76,80,75.2,0.29,62
Samba Rice (1),Grocery/Staple,2023,8,53,0,295.43,354.52,62,76,70.8,0.29,87
Samba Rice (1),Grocery/Staple,2023,9,46,0,296.64,355.97,87,69,73.5,0.29,78
Samba Rice (1),Grocery/Staple,2023,10,39,0,294.0,352.8,78,76,75.8,0.29,69
Samba Rice (1),Grocery/Staple,2023,11,32,0,292.26,350.71,69,62,74,0.29,69
Samba Rice (1),Grocery/Staple,2023,12,25,0,293.18,351.82,69,87,75.8,0.29,50
Samba Rice (1),Grocery/Staple,2023,13,18,1,292.51,351.01,50,78,66.5,0.29,72
Samba Rice (1),Grocery/Staple,2023,14,11,1,302.56,363.07,72,69,65,0.29,206
Samba Rice (1),Grocery/Staple,2023,15,4,1,305.17,366.2,206,69,99.2,0.29,250
Samba Rice (1),Grocery/Staple,2023,16,363,0,289.68,347.62,250,50,144.5,0.29,70
Samba Rice (1),Grocery/Staple,2023,17,356,0,286.11,343.33,70,72,149.5,0.29,64
Samba Rice (1),Grocery/Staple,2023,18,349,0,289.05,346.86,64,206,147.5,0.29,88
Samba Rice (1),Grocery/Staple,2023,19,342,0,285.84,343.01,88,250,118,0.29,58
Samba Rice (1),Grocery/Staple,2023,20,335,0,283.0,339.6,58,70,70,0.29,81
Samba Rice (1),Grocery/Staple,2023,21,328,0,285.73,342.88,81,64,72.8,0.29,65
Samba Rice (1),Grocery/Staple,2023,22,321,0,283.18,339.82,65,88,73,0.29,70
Samba Rice (1),Grocery/Staple,2023,23,314,0,282.71,339.25,70,58,68.5,0.29,74
Samba Rice (1),Grocery/Staple,2023,24,307,0,282.63,339.16,74,81,72.5,0.29,93
Samba Rice (1),Grocery/Staple,2023,25,300,0,282.22,338.66,93,65,75.5,0.29,68
Samba Rice (1),Grocery/Staple,2023,26,293,0,282.13,338.56,68,70,76.2,0.29,71
Samba Rice (1),Grocery/Staple,2023,27,286,0,282.26,338.71,71,74,76.5,0.29,86
Samba Rice (1),Grocery/Staple,2023,28,279,0,274.58,329.5,86,93,79.5,0.29,67
Samba Rice (1),Grocery/Staple,2023,29,272,0,279.48,335.38,67,68,73,0.29,81
Samba Rice (1),Grocery/Staple,2023,30,265,0,277.65,333.18,81,71,76.2,0.29,69
Samba Rice (1),Grocery/Staple,2023,31,258,0,279.1,334.92,69,86,75.8,0.29,87
Samba Rice (1),Grocery/Staple,2023,32,251,0,276.17,331.4,87,67,76,0.29,88
Samba Rice (1),Grocery/Staple,2023,33,244,0,278.49,334.19,88,81,81.2,0.29,74
Samba Rice (1),Grocery/Staple,2023,34,237,0,273.82,328.58,74,69,79.5,0.29,92
Samba Rice (1),Grocery/Staple,2023,35,230,0,274.62,329.54,92,87,85.2,0.29,80
Samba Rice (1),Grocery/Staple,2023,36,223,0,272.65,327.18,80,88,83.5,0.29,62
Samba Rice (1),Grocery/Staple,2023,37,216,0,271.37,325.64,62,74,77,0.29,77
Samba Rice (1),Grocery/Staple,2023,38,209,0,269.42,323.3,77,92,77.8,0.29,98
Samba Rice (1),Grocery/Staple,2023,39,202,0,271.26,325.51,98,80,79.2,0.29,65
Samba Rice (1),Grocery/Staple,2023,40,195,0,270.08,324.1,65,62,75.5,0.29,59
Samba Rice (1),Grocery/Staple,2023,41,188,0,270.62,324.74,59,77,74.8,0.29,74
Samba Rice (1),Grocery/Staple,2023,42,181,0,269.13,322.96,74,98,74,0.29,64
Samba Rice (1),Grocery/Staple,2023,43,174,0,262.76,315.31,64,65,65.5,0.29,73
Samba Rice (1),Grocery/Staple,2023,44,167,0,268.7,322.44,73,59,67.5,0.29,72
Samba Rice (1),Grocery/Staple,2023,45,160,0,265.66,318.79,72,74,70.8,0.29,76
Samba Rice (1),Grocery/Staple,2023,46,153,0,264.94,317.93,76,64,71.2,0.29,59
Samba Rice (1),Grocery/Staple,2023,47,146,0,263.71,316.45,59,73,70,0.29,55
Samba Rice (1),Grocery/Staple,2023,48,139,0,264.6,317.52,55,72,65.5,0.29,93
Samba Rice (1),Grocery/Staple,2023,49,132,0,262.76,315.31,93,76,70.8,0.29,62
Samba Rice (1),Grocery/Staple,2023,50,125,0,261.14,313.37,62,59,67.2,0.29,78
Samba Rice (1),Grocery/Staple,2023,51,118,0,262.36,314.83,78,55,72,0.29,86
Samba Rice (1),Grocery/Staple,2023,52,111,0,257.8,309.36,86,93,79.8,0.29,74
Samba Rice (1),Grocery/Staple,2024,1,104,0,258.3,309.96,74,62,75,0.29,57
Samba Rice (1),Grocery/Staple,2024,2,97,0,259.31,311.17,57,78,73.8,0.29,78
Samba Rice (1),Grocery/Staple,2024,3,90,0,259.59,311.51,78,86,73.8,0.29,90
Samba Rice (1),Grocery/Staple,2024,4,83,0,255.26,306.31,90,74,74.8,0.29,82
Samba Rice (1),Grocery/Staple,2024,5,76,0,257.18,308.62,82,57,76.8,0.29,81
Samba Rice (1),Grocery/Staple,2024,6,69,0,259.2,311.04,81,78,82.8,0.29,61
Samba Rice (1),Grocery/Staple,2024,7,62,0,254.12,304.94,61,90,78.5,0.29,93
Samba Rice (1),Grocery/Staple,2024,8,55,0,259.08,310.9,93,82,79.2,0.29,65
Samba Rice (1),Grocery/Staple,2024,9,48,0,257.01,308.41,65,81,75,0.29,49
Samba Rice (1),Grocery/Staple,2024,10,41,0,258.5,310.2,49,61,67,0.29,80
Samba Rice (1),Grocery/Staple,2024,11,34,0,258.21,309.85,80,93,71.8,0.29,93
Samba Rice (1),Grocery/Staple,2024,12,27,0,255.81,306.97,93,65,71.8,0.29,71
Samba Rice (1),Grocery/Staple,2024,13,20,1,256.54,307.85,71,49,73.2,0.29,66
Samba Rice (1),Grocery/Staple,2024,14,13,1,263.61,316.33,66,80,77.5,0.29,113
Samba Rice (1),Grocery/Staple,2024,15,6,1,268.91,322.69,113,93,85.8,0.29,250
Samba Rice (1),Grocery/Staple,2024,16,364,0,256.08,307.3,250,71,125,0.29,71
Samba Rice (1),Grocery/Staple,2024,17,357,0,256.55,307.86,71,66,125,0.29,91
Samba Rice (1),Grocery/Staple,2024,18,350,0,258.35,310.02,91,113,131.2,0.29,80
Samba Rice (1),Grocery/Staple,2024,19,343,0,254.7,305.64,80,250,123,0.29,68
Samba Rice (1),Grocery/Staple,2024,20,336,0,255.32,306.38,68,71,77.5,0.29,66
Samba Rice (1),Grocery/Staple,2024,21,329,0,252.74,303.29,66,91,76.2,0.29,85
Samba Rice (1),Grocery/Staple,2024,22,322,0,257.77,309.32,85,80,74.8,0.29,62
Samba Rice (1),Grocery/Staple,2024,23,315,0,257.85,309.42,62,68,70.2,0.29,55
Samba Rice (1),Grocery/Staple,2024,24,308,0,256.07,307.28,55,66,67,0.29,74
Samba Rice (1),Grocery/Staple,2024,25,301,0,258.17,309.8,74,85,69,0.29,76
Samba Rice (1),Grocery/Staple,2024,26,294,0,260.01,312.01,76,62,66.8,0.29,80
Samba Rice (1),Grocery/Staple,2024,27,287,0,255.22,306.26,80,55,71.2,0.29,72
Samba Rice (1),Grocery/Staple,2024,28,280,0,260.71,312.85,72,74,75.5,0.29,83
Samba Rice (1),Grocery/Staple,2024,29,273,0,255.83,307.0,83,76,77.8,0.29,58
Samba Rice (1),Grocery/Staple,2024,30,266,0,259.3,311.16,58,80,73.2,0.29,65
Samba Rice (1),Grocery/Staple,2024,31,259,0,257.67,309.2,65,72,69.5,0.29,67
Samba Rice (1),Grocery/Staple,2024,32,252,0,260.07,312.08,67,83,68.2,0.29,78
Samba Rice (1),Grocery/Staple,2024,33,245,0,257.38,308.86,78,58,67,0.29,78
Samba Rice (1),Grocery/Staple,2024,34,238,0,258.22,309.86,78,65,72,0.29,84
Samba Rice (1),Grocery/Staple,2024,35,231,0,256.38,307.66,84,67,76.8,0.29,71
Samba Rice (1),Grocery/Staple,2024,36,224,0,260.47,312.56,71,78,77.8,0.29,90
Samba Rice (1),Grocery/Staple,2024,37,217,0,258.09,309.71,90,78,80.8,0.29,60
Samba Rice (1),Grocery/Staple,2024,38,210,0,260.87,313.04,60,84,76.2,0.29,94
Samba Rice (1),Grocery/Staple,2024,39,203,0,258.21,309.85,94,71,78.8,0.29,94
Samba Rice (1),Grocery/Staple,2024,40,196,0,256.82,308.18,94,90,84.5,0.29,63
Samba Rice (1),Grocery/Staple,2024,41,189,0,258.93,310.72,63,60,77.8,0.29,76
Samba Rice (1),Grocery/Staple,2024,42,182,0,259.28,311.14,76,94,81.8,0.29,68
Samba Rice (1),Grocery/Staple,2024,43,175,0,257.53,309.04,68,94,75.2,0.29,70
Samba Rice (1),Grocery/Staple,2024,44,168,0,261.18,313.42,70,63,69.2,0.29,81
Samba Rice (1),Grocery/Staple,2024,45,161,0,259.83,311.8,81,76,73.8,0.29,67
Samba Rice (1),Grocery/Staple,2024,46,154,0,257.94,309.53,67,68,71.5,0.29,73
Samba Rice (1),Grocery/Staple,2024,47,147,0,261.82,314.18,73,70,72.8,0.29,75
Samba Rice (1),Grocery/Staple,2024,48,140,0,260.33,312.4,75,81,74,0.29,86
Samba Rice (1),Grocery/Staple,2024,49,133,0,264.05,316.86,86,67,75.2,0.29,83
Samba Rice (1),Grocery/Staple,2024,50,126,0,263.06,315.67,83,73,79.2,0.29,77
Samba Rice (1),Grocery/Staple,2024,51,119,0,260.09,312.11,77,75,80.2,0.29,76
Samba Rice (1),Grocery/Staple,2024,52,112,0,259.84,311.81,76,86,80.5,0.29,72
Samba Rice (1),Grocery/Staple,2025,1,105,0,263.22,315.86,72,83,77,0.29,86
Samba Rice (1),Grocery/Staple,2025,2,98,0,260.09,312.11,86,77,77.8,0.29,94
Samba Rice (1),Grocery/Staple,2025,3,91,0,261.44,313.73,94,76,82,0.29,82
Samba Rice (1),Grocery/Staple,2025,4,84,0,262.56,315.07,82,72,83.5,0.29,93
Samba Rice (1),Grocery/Staple,2025,5,77,0,264.29,317.15,93,86,88.8,0.29,109
Samba Rice (1),Grocery/Staple,2025,6,70,0,261.03,313.24,109,94,94.5,0.29,97
Samba Rice (1),Grocery/Staple,2025,7,63,0,259.96,311.95,97,82,95.2,0.29,88
Samba Rice (1),Grocery/Staple,2025,8,56,0,261.54,313.85,88,93,96.8,0.29,61
Samba Rice (1),Grocery/Staple,2025,9,49,0,263.04,315.65,61,109,88.8,0.29,81
Samba Rice (1),Grocery/Staple,2025,10,42,0,258.77,310.52,81,97,81.8,0.29,60
Samba Rice (1),Grocery/Staple,2025,11,35,0,263.67,316.4,60,88,72.5,0.29,68
Samba Rice (1),Grocery/Staple,2025,12,28,0,259.77,311.72,68,61,67.5,0.29,77
Samba Rice (1),Grocery/Staple,2025,13,21,1,263.79,316.55,77,81,71.5,0.29,75
Samba Rice (1),Grocery/Staple,2025,14,14,1,266.43,319.72,75,60,70,0.29,130
Samba Rice (1),Grocery/Staple,2025,15,7,1,272.83,327.4,130,68,87.5,0.29,361
Samba Rice (1),Grocery/Staple,2025,16,0,1,259.86,311.83,361,77,160.8,0.29,142
Samba Rice (1),Grocery/Staple,2025,17,358,0,261.0,313.2,142,75,177,0.29,77
Samba Rice (1),Grocery/Staple,2025,18,351,0,264.0,316.8,77,130,177.5,0.29,63
Samba Rice (1),Grocery/Staple,2025,19,344,0,260.99,313.19,63,361,160.8,0.29,90
Samba Rice (1),Grocery/Staple,2025,20,337,0,261.94,314.33,90,142,93,0.29,92
Samba Rice (1),Grocery/Staple,2025,21,330,0,262.57,315.08,92,77,80.5,0.29,64
Samba Rice (1),Grocery/Staple,2025,22,323,0,265.51,318.61,64,63,77.2,0.29,100
Samba Rice (1),Grocery/Staple,2025,23,316,0,261.63,313.96,100,90,86.5,0.29,83
Samba Rice (1),Grocery/Staple,2025,24,309,0,263.69,316.43,83,92,84.8,0.29,80
Samba Rice (1),Grocery/Staple,2025,25,302,0,262.1,314.52,80,64,81.8,0.29,88
Samba Rice (1),Grocery/Staple,2025,26,295,0,262.76,315.31,88,100,87.8,0.29,73
Samba Rice (1),Grocery/Staple,2025,27,288,0,262.09,314.51,73,83,81,0.29,80
Samba Rice (1),Grocery/Staple,2025,28,281,0,260.16,312.19,80,80,80.2,0.29,71
Samba Rice (1),Grocery/Staple,2025,29,274,0,262.08,314.5,71,88,78,0.29,84
Samba Rice (1),Grocery/Staple,2025,30,267,0,265.94,319.13,84,73,77,0.29,80
Samba Rice (1),Grocery/Staple,2025,31,260,0,260.94,313.13,80,80,78.8,0.29,74
Samba Rice (1),Grocery/Staple,2025,32,253,0,261.25,313.5,74,71,77.2,0.29,79
Samba Rice (1),Grocery/Staple,2025,33,246,0,260.56,312.67,79,84,79.2,0.29,83
Samba Rice (1),Grocery/Staple,2025,34,239,0,262.01,314.41,83,80,79,0.29,69
Samba Rice (1),Grocery/Staple,2025,35,232,0,260.34,312.41,69,74,76.2,0.29,69
Samba Rice (1),Grocery/Staple,2025,36,225,0,261.06,313.27,69,79,75,0.29,102
Samba Rice (1),Grocery/Staple,2025,37,218,0,261.4,313.68,102,83,80.8,0.29,85
Samba Rice (1),Grocery/Staple,2025,38,211,0,265.5,318.6,85,69,81.2,0.29,84
Samba Rice (1),Grocery/Staple,2025,39,204,0,260.53,312.64,84,69,85,0.29,98
Samba Rice (1),Grocery/Staple,2025,40,197,0,261.6,313.92,98,102,92.2,0.29,79
Samba Rice (1),Grocery/Staple,2025,41,190,0,264.02,316.82,79,85,86.5,0.29,90
Samba Rice (1),Grocery/Staple,2025,42,183,0,262.92,315.5,90,84,87.8,0.29,85
Samba Rice (1),Grocery/Staple,2025,43,176,0,262.39,314.87,85,98,88,0.29,87
Samba Rice (1),Grocery/Staple,2025,44,169,0,262.7,315.24,87,79,85.2,0.29,71
Samba Rice (1),Grocery/Staple,2025,45,162,0,267.05,320.46,71,90,83.2,0.29,83
Samba Rice (1),Grocery/Staple,2025,46,155,0,262.24,314.69,83,85,81.5,0.29,89
Samba Rice (1),Grocery/Staple,2025,47,148,0,263.03,315.64,89,87,82.5,0.29,94
Samba Rice (1),Grocery/Staple,2025,48,141,0,263.97,316.76,94,71,84.2,0.29,92
Samba Rice (1),Grocery/Staple,2025,49,134,0,263.68,316.42,92,83,89.5,0.29,98
Samba Rice (1),Grocery/Staple,2025,50,127,0,263.72,316.46,98,89,93.2,0.29,92
Samba Rice (1),Grocery/Staple,2025,51,120,0,265.7,318.84,92,94,94,0.29,97
Samba Rice (1),Grocery/Staple,2025,52,113,0,263.38,316.06,97,92,94.8,0.29,78
Samba Rice (1),Grocery/Staple,2026,1,106,0,264.29,317.15,78,98,91.2,0.29,70
Samba Rice (1),Grocery/Staple,2026,2,99,0,265.32,318.38,70,92,84.2,0.29,68
Samba Rice (1),Grocery/Staple,2026,3,92,0,262.66,315.19,68,97,78.2,0.29,76
Samba Rice (1),Grocery/Staple,2026,4,85,0,262.05,314.46,76,78,73,0.29,93
Samba Rice (1),Grocery/Staple,2026,5,78,0,264.89,317.87,93,70,76.8,0.29,87
Samba Rice (1),Grocery/Staple,2026,6,71,0,260.45,312.54,87,68,81,0.29,83
Samba Rice (1),Grocery/Staple,2026,7,64,0,266.16,319.39,83,76,84.8,0.29,71
Samba Rice (1),Grocery/Staple,2026,8,57,0,262.33,314.8,71,93,83.5,0.29,72
Samba Rice (1),Grocery/Staple,2026,9,50,0,264.56,317.47,72,87,78.2,0.29,84
Samba Rice (1),Grocery/Staple,2026,10,43,0,264.11,316.93,84,83,77.5,0.29,88
Samba Rice (1),Grocery/Staple,2026,11,36,0,262.38,314.86,88,71,78.8,0.29,99
Samba Rice (1),Grocery/Staple,2026,12,29,0,264.2,317.04,99,72,85.8,0.29,98
Samba Rice (1),Grocery/Staple,2026,13,22,0,265.51,318.61,98,84,92.2,0.29,94
Samba Rice (1),Grocery/Staple,2026,14,15,1,270.2,324.24,94,88,94.8,0.29,105
Samba Rice (1),Grocery/Staple,2026,15,8,1,276.22,331.46,105,99,99,0.29,270
Samba Rice (1),Grocery/Staple,2026,16,1,1,265.83,319.0,270,98,141.8,0.29,101
Samba Rice (1),Grocery/Staple,2026,17,359,0,262.46,314.95,101,94,142.5,0.29,78
Samba Rice (1),Grocery/Staple,2026,18,352,0,263.61,316.33,78,105,138.5,0.29,88
Samba Rice (1),Grocery/Staple,2026,19,345,0,262.49,314.99,88,270,134.2,0.29,75
Samba Rice (1),Grocery/Staple,2026,20,338,0,262.72,315.26,75,101,85.5,0.29,81
Samba Rice (1),Grocery/Staple,2026,21,331,0,264.46,317.35,81,78,80.5,0.29,52
Samba Rice (1),Grocery/Staple,2026,22,324,0,265.91,319.09,52,88,74,0.29,107
Samba Rice (1),Grocery/Staple,2026,23,317,0,259.48,311.38,107,75,78.8,0.29,74
Samba Rice (1),Grocery/Staple,2026,24,310,0,260.88,313.06,74,81,78.5,0.0,33
Keeri Samba Rice,Grocery/Staple,2022,24,305,0,205.33,246.4,38,38,38,0.29,38
Keeri Samba Rice,Grocery/Staple,2022,25,298,0,214.46,257.35,38,52,38,0.29,52
Keeri Samba Rice,Grocery/Staple,2022,26,291,0,217.66,261.19,52,69,45,0.29,69
Keeri Samba Rice,Grocery/Staple,2022,27,284,0,221.76,266.11,69,52,53,0.29,52
Keeri Samba Rice,Grocery/Staple,2022,28,277,0,227.07,272.48,52,38,52.8,0.29,42
Keeri Samba Rice,Grocery/Staple,2022,29,270,0,236.03,283.24,42,52,53.8,0.29,49
Keeri Samba Rice,Grocery/Staple,2022,30,263,0,239.37,287.24,49,69,53,0.29,44
Keeri Samba Rice,Grocery/Staple,2022,31,256,0,244.18,293.02,44,52,46.8,0.29,51
Keeri Samba Rice,Grocery/Staple,2022,32,249,0,249.34,299.21,51,42,46.5,0.29,62
Keeri Samba Rice,Grocery/Staple,2022,33,242,0,257.21,308.65,62,49,51.5,0.29,49
Keeri Samba Rice,Grocery/Staple,2022,34,235,0,259.43,311.32,49,44,51.5,0.29,48
Keeri Samba Rice,Grocery/Staple,2022,35,228,0,264.06,316.87,48,51,52.5,0.29,47
Keeri Samba Rice,Grocery/Staple,2022,36,221,0,271.06,325.27,47,62,51.5,0.29,52
Keeri Samba Rice,Grocery/Staple,2022,37,214,0,274.86,329.83,52,49,49,0.29,46
Keeri Samba Rice,Grocery/Staple,2022,38,207,0,280.52,336.62,46,48,48.2,0.29,40
Keeri Samba Rice,Grocery/Staple,2022,39,200,0,287.58,345.1,40,47,46.2,0.29,57
Keeri Samba Rice,Grocery/Staple,2022,40,193,0,291.26,349.51,57,52,48.8,0.29,57
Keeri Samba Rice,Grocery/Staple,2022,41,186,0,295.24,354.29,57,46,50,0.29,36
Keeri Samba Rice,Grocery/Staple,2022,42,179,0,295.61,354.73,36,40,47.5,0.29,53
Keeri Samba Rice,Grocery/Staple,2022,43,172,0,300.44,360.53,53,57,50.8,0.29,42
Keeri Samba Rice,Grocery/Staple,2022,44,165,0,307.95,369.54,42,57,47,0.29,48
Keeri Samba Rice,Grocery/Staple,2022,45,158,0,314.37,377.24,48,36,44.8,0.29,56
Keeri Samba Rice,Grocery/Staple,2022,46,151,0,318.4,382.08,56,53,49.8,0.29,51
Keeri Samba Rice,Grocery/Staple,2022,47,144,0,317.87,381.44,51,42,49.2,0.29,34
Keeri Samba Rice,Grocery/Staple,2022,48,137,0,328.23,393.88,34,48,47.2,0.29,29
Keeri Samba Rice,Grocery/Staple,2022,49,130,0,330.69,396.83,29,56,42.5,0.29,47
Keeri Samba Rice,Grocery/Staple,2022,50,123,0,339.17,407.0,47,51,40.2,0.29,40
Keeri Samba Rice,Grocery/Staple,2022,51,116,0,341.01,409.21,40,34,37.5,0.29,41
Keeri Samba Rice,Grocery/Staple,2022,52,109,0,345.92,415.1,41,29,39.2,0.29,54
Keeri Samba Rice,Grocery/Staple,2023,1,102,0,348.89,418.67,54,47,45.5,0.29,48
Keeri Samba Rice,Grocery/Staple,2023,2,95,0,356.26,427.51,48,40,45.8,0.29,60
Keeri Samba Rice,Grocery/Staple,2023,3,88,0,359.14,430.97,60,41,50.8,0.29,48
Keeri Samba Rice,Grocery/Staple,2023,4,81,0,363.27,435.92,48,54,52.5,0.29,53
Keeri Samba Rice,Grocery/Staple,2023,5,74,0,369.68,443.62,53,48,52.2,0.29,41
Keeri Samba Rice,Grocery/Staple,2023,6,67,0,369.48,443.38,41,60,50.5,0.29,63
Keeri Samba Rice,Grocery/Staple,2023,7,60,0,377.94,453.53,63,48,51.2,0.29,39
Keeri Samba Rice,Grocery/Staple,2023,8,53,0,374.53,449.44,39,53,49,0.29,36
Keeri Samba Rice,Grocery/Staple,2023,9,46,0,381.06,457.27,36,41,44.8,0.29,39
Keeri Samba Rice,Grocery/Staple,2023,10,39,0,381.43,457.72,39,63,44.2,0.29,42
Keeri Samba Rice,Grocery/Staple,2023,11,32,0,377.87,453.44,42,39,39,0.29,41
Keeri Samba Rice,Grocery/Staple,2023,12,25,0,376.63,451.96,41,36,39.5,0.29,36
Keeri Samba Rice,Grocery/Staple,2023,13,18,1,382.44,458.93,36,39,39.5,0.29,62
Keeri Samba Rice,Grocery/Staple,2023,14,11,1,391.8,470.16,62,42,45.2,0.29,74
Keeri Samba Rice,Grocery/Staple,2023,15,4,1,389.26,467.11,74,41,53.2,0.29,150
Keeri Samba Rice,Grocery/Staple,2023,16,363,0,373.11,447.73,150,36,80.5,0.29,52
Keeri Samba Rice,Grocery/Staple,2023,17,356,0,373.64,448.37,52,62,84.5,0.29,56
Keeri Samba Rice,Grocery/Staple,2023,18,349,0,373.8,448.56,56,74,83,0.29,53
Keeri Samba Rice,Grocery/Staple,2023,19,342,0,371.5,445.8,53,150,77.8,0.29,41
Keeri Samba Rice,Grocery/Staple,2023,20,335,0,372.58,447.1,41,52,50.5,0.29,46
Keeri Samba Rice,Grocery/Staple,2023,21,328,0,370.72,444.86,46,56,49,0.29,41
Keeri Samba Rice,Grocery/Staple,2023,22,321,0,367.94,441.53,41,53,45.2,0.29,53
Keeri Samba Rice,Grocery/Staple,2023,23,314,0,364.39,437.27,53,41,45.2,0.29,54
Keeri Samba Rice,Grocery/Staple,2023,24,307,0,367.72,441.26,54,46,48.5,0.29,53
Keeri Samba Rice,Grocery/Staple,2023,25,300,0,369.15,442.98,53,41,50.2,0.29,37
Keeri Samba Rice,Grocery/Staple,2023,26,293,0,363.66,436.39,37,53,49.2,0.29,31
Keeri Samba Rice,Grocery/Staple,2023,27,286,0,362.34,434.81,31,54,43.8,0.29,34
Keeri Samba Rice,Grocery/Staple,2023,28,279,0,366.05,439.26,34,53,38.8,0.29,50
Keeri Samba Rice,Grocery/Staple,2023,29,272,0,362.63,435.16,50,37,38,0.29,53
Keeri Samba Rice,Grocery/Staple,2023,30,265,0,359.17,431.0,53,31,42,0.29,49
Keeri Samba Rice,Grocery/Staple,2023,31,258,0,362.53,435.04,49,34,46.5,0.29,57
Keeri Samba Rice,Grocery/Staple,2023,32,251,0,358.58,430.3,57,50,52.2,0.29,44
Keeri Samba Rice,Grocery/Staple,2023,33,244,0,359.55,431.46,44,53,50.8,0.29,46
Keeri Samba Rice,Grocery/Staple,2023,34,237,0,357.48,428.98,46,49,49,0.29,54
Keeri Samba Rice,Grocery/Staple,2023,35,230,0,357.2,428.64,54,57,50.2,0.29,43
Keeri Samba Rice,Grocery/Staple,2023,36,223,0,354.15,424.98,43,44,46.8,0.29,50
Keeri Samba Rice,Grocery/Staple,2023,37,216,0,349.02,418.82,50,46,48.2,0.29,45
Keeri Samba Rice,Grocery/Staple,2023,38,209,0,352.71,423.25,45,54,48,0.29,43
Keeri Samba Rice,Grocery/Staple,2023,39,202,0,347.83,417.4,43,43,45.2,0.29,42
Keeri Samba Rice,Grocery/Staple,2023,40,195,0,354.13,424.96,42,50,45,0.29,57
Keeri Samba Rice,Grocery/Staple,2023,41,188,0,350.67,420.8,57,45,46.8,0.29,51
Keeri Samba Rice,Grocery/Staple,2023,42,181,0,345.31,414.37,51,43,48.2,0.29,46
Keeri Samba Rice,Grocery/Staple,2023,43,174,0,344.56,413.47,46,42,49,0.29,38
Keeri Samba Rice,Grocery/Staple,2023,44,167,0,340.22,408.26,38,57,48,0.29,52
Keeri Samba Rice,Grocery/Staple,2023,45,160,0,344.35,413.22,52,51,46.8,0.29,30
Keeri Samba Rice,Grocery/Staple,2023,46,153,0,345.79,414.95,30,46,41.5,0.29,62
Keeri Samba Rice,Grocery/Staple,2023,47,146,0,340.02,408.02,62,38,45.5,0.29,38
Keeri Samba Rice,Grocery/Staple,2023,48,139,0,334.86,401.83,38,52,45.5,0.29,63
Keeri Samba Rice,Grocery/Staple,2023,49,132,0,339.91,407.89,63,30,48.2,0.29,44
Keeri Samba Rice,Grocery/Staple,2023,50,125,0,340.74,408.89,44,62,51.8,0.29,48
Keeri Samba Rice,Grocery/Staple,2023,51,118,0,337.51,405.01,48,38,48.2,0.29,43
Keeri Samba Rice,Grocery/Staple,2023,52,111,0,331.27,397.52,43,63,49.5,0.29,46
Keeri Samba Rice,Grocery/Staple,2024,1,104,0,334.95,401.94,46,44,45.2,0.29,52
Keeri Samba Rice,Grocery/Staple,2024,2,97,0,335.34,402.41,52,48,47.2,0.29,68
Keeri Samba Rice,Grocery/Staple,2024,3,90,0,333.84,400.61,68,43,52.2,0.29,51
Keeri Samba Rice,Grocery/Staple,2024,4,83,0,331.81,398.17,51,46,54.2,0.29,44
Keeri Samba Rice,Grocery/Staple,2024,5,76,0,330.96,397.15,44,52,53.8,0.29,46
Keeri Samba Rice,Grocery/Staple,2024,6,69,0,333.48,400.18,46,68,52.2,0.29,60
Keeri Samba Rice,Grocery/Staple,2024,7,62,0,331.12,397.34,60,51,50.2,0.29,37
Keeri Samba Rice,Grocery/Staple,2024,8,55,0,330.64,396.77,37,44,46.8,0.29,43
Keeri Samba Rice,Grocery/Staple,2024,9,48,0,331.7,398.04,43,46,46.5,0.29,57
Keeri Samba Rice,Grocery/Staple,2024,10,41,0,333.59,400.31,57,60,49.2,0.29,68
Keeri Samba Rice,Grocery/Staple,2024,11,34,0,329.43,395.32,68,37,51.2,0.29,48
Keeri Samba Rice,Grocery/Staple,2024,12,27,0,331.93,398.32,48,43,54,0.29,40
Keeri Samba Rice,Grocery/Staple,2024,13,20,1,333.35,400.02,40,57,53.2,0.29,34
Keeri Samba Rice,Grocery/Staple,2024,14,13,1,339.8,407.76,34,68,47.5,0.29,93
Keeri Samba Rice,Grocery/Staple,2024,15,6,1,354.51,425.41,93,48,53.8,0.29,150
Keeri Samba Rice,Grocery/Staple,2024,16,364,0,329.45,395.34,150,40,79.2,0.29,46
Keeri Samba Rice,Grocery/Staple,2024,17,357,0,334.41,401.29,46,34,80.8,0.29,57
Keeri Samba Rice,Grocery/Staple,2024,18,350,0,329.94,395.93,57,93,86.5,0.29,47
Keeri Samba Rice,Grocery/Staple,2024,19,343,0,329.1,394.92,47,150,75,0.29,48
Keeri Samba Rice,Grocery/Staple,2024,20,336,0,329.28,395.14,48,46,49.5,0.29,30
Keeri Samba Rice,Grocery/Staple,2024,21,329,0,333.43,400.12,30,57,45.5,0.29,41
Keeri Samba Rice,Grocery/Staple,2024,22,322,0,331.09,397.31,41,47,41.5,0.29,37
Keeri Samba Rice,Grocery/Staple,2024,23,315,0,332.55,399.06,37,48,39,0.29,33
Keeri Samba Rice,Grocery/Staple,2024,24,308,0,332.58,399.1,33,30,35.2,0.29,68
Keeri Samba Rice,Grocery/Staple,2024,25,301,0,335.48,402.58,68,41,44.8,0.29,52
Keeri Samba Rice,Grocery/Staple,2024,26,294,0,332.59,399.11,52,37,47.5,0.29,43
Keeri Samba Rice,Grocery/Staple,2024,27,287,0,331.92,398.3,43,33,49,0.29,39
Keeri Samba Rice,Grocery/Staple,2024,28,280,0,332.19,398.63,39,68,50.5,0.29,37
Keeri Samba Rice,Grocery/Staple,2024,29,273,0,331.92,398.3,37,52,42.8,0.29,53
Keeri Samba Rice,Grocery/Staple,2024,30,266,0,332.0,398.4,53,43,43,0.29,56
Keeri Samba Rice,Grocery/Staple,2024,31,259,0,333.43,400.12,56,39,46.2,0.29,61
Keeri Samba Rice,Grocery/Staple,2024,32,252,0,333.32,399.98,61,37,51.8,0.29,39
Keeri Samba Rice,Grocery/Staple,2024,33,245,0,337.43,404.92,39,53,52.2,0.29,50
Keeri Samba Rice,Grocery/Staple,2024,34,238,0,331.14,397.37,50,56,51.5,0.29,26
Keeri Samba Rice,Grocery/Staple,2024,35,231,0,338.82,406.58,26,61,44,0.29,36
Keeri Samba Rice,Grocery/Staple,2024,36,224,0,333.22,399.86,36,39,37.8,0.29,33
Keeri Samba Rice,Grocery/Staple,2024,37,217,0,334.23,401.08,33,50,36.2,0.29,41
Keeri Samba Rice,Grocery/Staple,2024,38,210,0,338.66,406.39,41,26,34,0.29,57
Keeri Samba Rice,Grocery/Staple,2024,39,203,0,334.71,401.65,57,36,41.8,0.29,52
Keeri Samba Rice,Grocery/Staple,2024,40,196,0,333.31,399.97,52,33,45.8,0.29,53
Keeri Samba Rice,Grocery/Staple,2024,41,189,0,332.96,399.55,53,41,50.8,0.29,60
Keeri Samba Rice,Grocery/Staple,2024,42,182,0,332.9,399.48,60,57,55.5,0.29,53
Keeri Samba Rice,Grocery/Staple,2024,43,175,0,336.74,404.09,53,52,54.5,0.29,48
Keeri Samba Rice,Grocery/Staple,2024,44,168,0,335.23,402.28,48,53,53.5,0.29,43
Keeri Samba Rice,Grocery/Staple,2024,45,161,0,340.38,408.46,43,60,51,0.29,42
Keeri Samba Rice,Grocery/Staple,2024,46,154,0,335.86,403.03,42,53,46.5,0.29,48
Keeri Samba Rice,Grocery/Staple,2024,47,147,0,336.9,404.28,48,48,45.2,0.29,64
Keeri Samba Rice,Grocery/Staple,2024,48,140,0,337.21,404.65,64,43,49.2,0.29,39
Keeri Samba Rice,Grocery/Staple,2024,49,133,0,334.54,401.45,39,42,48.2,0.29,38
Keeri Samba Rice,Grocery/Staple,2024,50,126,0,332.89,399.47,38,48,47.2,0.29,49
Keeri Samba Rice,Grocery/Staple,2024,51,119,0,337.2,404.64,49,64,47.5,0.29,42
Keeri Samba Rice,Grocery/Staple,2024,52,112,0,341.72,410.06,42,39,42,0.29,58
Keeri Samba Rice,Grocery/Staple,2025,1,105,0,342.98,411.58,58,38,46.8,0.29,41
Keeri Samba Rice,Grocery/Staple,2025,2,98,0,342.18,410.62,41,49,47.5,0.29,51
Keeri Samba Rice,Grocery/Staple,2025,3,91,0,338.21,405.85,51,42,48,0.29,39
Keeri Samba Rice,Grocery/Staple,2025,4,84,0,336.96,404.35,39,58,47.2,0.29,59
Keeri Samba Rice,Grocery/Staple,2025,5,77,0,338.56,406.27,59,41,47.5,0.29,47
Keeri Samba Rice,Grocery/Staple,2025,6,70,0,339.79,407.75,47,51,49,0.29,46
Keeri Samba Rice,Grocery/Staple,2025,7,63,0,337.02,404.42,46,39,47.8,0.29,45
Keeri Samba Rice,Grocery/Staple,2025,8,56,0,339.14,406.97,45,59,49.2,0.29,47
Keeri Samba Rice,Grocery/Staple,2025,9,49,0,339.54,407.45,47,47,46.2,0.29,61
Keeri Samba Rice,Grocery/Staple,2025,10,42,0,339.39,407.27,61,46,49.8,0.29,60
Keeri Samba Rice,Grocery/Staple,2025,11,35,0,339.69,407.63,60,45,53.2,0.29,54
Keeri Samba Rice,Grocery/Staple,2025,12,28,0,339.24,407.09,54,47,55.5,0.29,46
Keeri Samba Rice,Grocery/Staple,2025,13,21,1,334.99,401.99,46,61,55.2,0.29,45
Keeri Samba Rice,Grocery/Staple,2025,14,14,1,342.91,411.49,45,60,51.2,0.29,105
Keeri Samba Rice,Grocery/Staple,2025,15,7,1,355.99,427.19,105,54,62.5,0.29,150
Keeri Samba Rice,Grocery/Staple,2025,16,0,1,341.73,410.08,150,46,86.5,0.29,138
Keeri Samba Rice,Grocery/Staple,2025,17,358,0,335.75,402.9,138,45,109.5,0.29,60
Keeri Samba Rice,Grocery/Staple,2025,18,351,0,334.01,400.81,60,105,113.2,0.29,49
Keeri Samba Rice,Grocery/Staple,2025,19,344,0,336.88,404.26,49,150,99.2,0.29,54
Keeri Samba Rice,Grocery/Staple,2025,20,337,0,338.84,406.61,54,138,75.2,0.29,64
Keeri Samba Rice,Grocery/Staple,2025,21,330,0,337.39,404.87,64,60,56.8,0.29,62
Keeri Samba Rice,Grocery/Staple,2025,22,323,0,339.56,407.47,62,49,57.2,0.29,30
Keeri Samba Rice,Grocery/Staple,2025,23,316,0,338.6,406.32,30,54,52.5,0.29,68
Keeri Samba Rice,Grocery/Staple,2025,24,309,0,343.56,412.27,68,64,56,0.29,56
Keeri Samba Rice,Grocery/Staple,2025,25,302,0,343.33,412.0,56,62,54,0.29,62
Keeri Samba Rice,Grocery/Staple,2025,26,295,0,335.25,402.3,62,30,54,0.29,47
Keeri Samba Rice,Grocery/Staple,2025,27,288,0,341.24,409.49,47,68,58.2,0.29,52
Keeri Samba Rice,Grocery/Staple,2025,28,281,0,336.47,403.76,52,56,54.2,0.29,44
Keeri Samba Rice,Grocery/Staple,2025,29,274,0,340.77,408.92,44,62,51.2,0.29,41
Keeri Samba Rice,Grocery/Staple,2025,30,267,0,341.0,409.2,41,47,46,0.29,75
Keeri Samba Rice,Grocery/Staple,2025,31,260,0,339.01,406.81,75,52,53,0.29,45
Keeri Samba Rice,Grocery/Staple,2025,32,253,0,341.93,410.32,45,44,51.2,0.29,42
Keeri Samba Rice,Grocery/Staple,2025,33,246,0,340.88,409.06,42,41,50.8,0.29,34
Keeri Samba Rice,Grocery/Staple,2025,34,239,0,342.84,411.41,34,75,49,0.29,57
Keeri Samba Rice,Grocery/Staple,2025,35,232,0,335.1,402.12,57,45,44.5,0.29,65
Keeri Samba Rice,Grocery/Staple,2025,36,225,0,343.29,411.95,65,42,49.5,0.29,46
Keeri Samba Rice,Grocery/Staple,2025,37,218,0,337.99,405.59,46,34,50.5,0.29,56
Keeri Samba Rice,Grocery/Staple,2025,38,211,0,338.55,406.26,56,57,56,0.29,69
Keeri Samba Rice,Grocery/Staple,2025,39,204,0,338.13,405.76,69,65,59,0.29,47
Keeri Samba Rice,Grocery/Staple,2025,40,197,0,339.0,406.8,47,46,54.5,0.29,57
Keeri Samba Rice,Grocery/Staple,2025,41,190,0,334.59,401.51,57,56,57.2,0.29,40
Keeri Samba Rice,Grocery/Staple,2025,42,183,0,338.17,405.8,40,69,53.2,0.29,53
Keeri Samba Rice,Grocery/Staple,2025,43,176,0,338.43,406.12,53,47,49.2,0.29,41
Keeri Samba Rice,Grocery/Staple,2025,44,169,0,337.98,405.58,41,57,47.8,0.29,55
Keeri Samba Rice,Grocery/Staple,2025,45,162,0,338.56,406.27,55,40,47.2,0.29,51
Keeri Samba Rice,Grocery/Staple,2025,46,155,0,337.8,405.36,51,53,50,0.29,64
Keeri Samba Rice,Grocery/Staple,2025,47,148,0,337.04,404.45,64,41,52.8,0.29,41
Keeri Samba Rice,Grocery/Staple,2025,48,141,0,337.29,404.75,41,55,52.8,0.29,52
Keeri Samba Rice,Grocery/Staple,2025,49,134,0,339.14,406.97,52,51,52,0.29,48
Keeri Samba Rice,Grocery/Staple,2025,50,127,0,342.1,410.52,48,64,51.2,0.29,36
Keeri Samba Rice,Grocery/Staple,2025,51,120,0,342.69,411.23,36,41,44.2,0.29,54
Keeri Samba Rice,Grocery/Staple,2025,52,113,0,339.42,407.3,54,52,47.5,0.29,47
Keeri Samba Rice,Grocery/Staple,2026,1,106,0,340.47,408.56,47,48,46.2,0.29,51
Keeri Samba Rice,Grocery/Staple,2026,2,99,0,343.35,412.02,51,36,47,0.29,60
Keeri Samba Rice,Grocery/Staple,2026,3,92,0,342.07,410.48,60,54,53,0.29,48
Keeri Samba Rice,Grocery/Staple,2026,4,85,0,333.41,400.09,48,47,51.5,0.29,71
Keeri Samba Rice,Grocery/Staple,2026,5,78,0,346.43,415.72,71,51,57.5,0.29,74
Keeri Samba Rice,Grocery/Staple,2026,6,71,0,338.11,405.73,74,60,63.2,0.29,59
Keeri Samba Rice,Grocery/Staple,2026,7,64,0,341.66,409.99,59,48,63,0.29,49
Keeri Samba Rice,Grocery/Staple,2026,8,57,0,344.12,412.94,49,71,63.2,0.29,60
Keeri Samba Rice,Grocery/Staple,2026,9,50,0,345.74,414.89,60,74,60.5,0.29,46
Keeri Samba Rice,Grocery/Staple,2026,10,43,0,339.83,407.8,46,59,53.5,0.29,71
Keeri Samba Rice,Grocery/Staple,2026,11,36,0,339.09,406.91,71,49,56.5,0.29,58
Keeri Samba Rice,Grocery/Staple,2026,12,29,0,340.78,408.94,58,60,58.8,0.29,58
Keeri Samba Rice,Grocery/Staple,2026,13,22,0,341.57,409.88,58,46,58.2,0.29,51
Keeri Samba Rice,Grocery/Staple,2026,14,15,1,340.76,408.91,51,71,59.5,0.29,46
Keeri Samba Rice,Grocery/Staple,2026,15,8,1,356.48,427.78,46,58,53.2,0.29,104
Keeri Samba Rice,Grocery/Staple,2026,16,1,1,345.91,415.09,104,58,64.8,0.29,125
Keeri Samba Rice,Grocery/Staple,2026,17,359,0,340.49,408.59,125,51,81.5,0.29,41
Keeri Samba Rice,Grocery/Staple,2026,18,352,0,341.17,409.4,41,46,79,0.29,55
Keeri Samba Rice,Grocery/Staple,2026,19,345,0,341.22,409.46,55,104,81.2,0.29,34
Keeri Samba Rice,Grocery/Staple,2026,20,338,0,340.52,408.62,34,125,63.8,0.29,51
Keeri Samba Rice,Grocery/Staple,2026,21,331,0,341.02,409.22,51,41,45.2,0.29,54
Keeri Samba Rice,Grocery/Staple,2026,22,324,0,341.97,410.36,54,55,48.5,0.29,45
Keeri Samba Rice,Grocery/Staple,2026,23,317,0,340.62,408.74,45,34,46,0.29,46
Keeri Samba Rice,Grocery/Staple,2026,24,310,0,342.63,411.16,46,51,49,0.0,14
Nadu Rice,Grocery/Staple,2022,24,305,0,137.53,165.04,68,68,68,0.29,68
Nadu Rice,Grocery/Staple,2022,25,298,0,141.0,169.2,68,70,68,0.29,70
Nadu Rice,Grocery/Staple,2022,26,291,0,145.2,174.24,70,62,69,0.29,62
Nadu Rice,Grocery/Staple,2022,27,284,0,149.23,179.08,62,83,66.7,0.29,83
Nadu Rice,Grocery/Staple,2022,28,277,0,151.5,181.8,83,68,70.8,0.29,76
Nadu Rice,Grocery/Staple,2022,29,270,0,156.13,187.36,76,70,72.8,0.29,91
Nadu Rice,Grocery/Staple,2022,30,263,0,157.55,189.06,91,62,78,0.29,79
Nadu Rice,Grocery/Staple,2022,31,256,0,162.83,195.4,79,83,82.2,0.29,65
Nadu Rice,Grocery/Staple,2022,32,249,0,168.97,202.76,65,76,77.8,0.29,70
Nadu Rice,Grocery/Staple,2022,33,242,0,168.07,201.68,70,91,76.2,0.29,84
Nadu Rice,Grocery/Staple,2022,34,235,0,174.88,209.86,84,79,74.5,0.29,49
Nadu Rice,Grocery/Staple,2022,35,228,0,178.29,213.95,49,65,67,0.29,65
Nadu Rice,Grocery/Staple,2022,36,221,0,179.51,215.41,65,70,67,0.29,70
Nadu Rice,Grocery/Staple,2022,37,214,0,183.87,220.64,70,84,67,0.29,56
Nadu Rice,Grocery/Staple,2022,38,207,0,185.7,222.84,56,49,60,0.29,65
Nadu Rice,Grocery/Staple,2022,39,200,0,190.21,228.25,65,65,64,0.29,63
Nadu Rice,Grocery/Staple,2022,40,193,0,191.58,229.9,63,70,63.5,0.29,55
Nadu Rice,Grocery/Staple,2022,41,186,0,194.82,233.78,55,56,59.8,0.29,75
Nadu Rice,Grocery/Staple,2022,42,179,0,197.18,236.62,75,65,64.5,0.29,72
Nadu Rice,Grocery/Staple,2022,43,172,0,202.27,242.72,72,63,66.2,0.29,63
Nadu Rice,Grocery/Staple,2022,44,165,0,205.37,246.44,63,55,66.2,0.29,60
Nadu Rice,Grocery/Staple,2022,45,158,0,207.37,248.84,60,75,67.5,0.29,89
Nadu Rice,Grocery/Staple,2022,46,151,0,209.52,251.42,89,72,71,0.29,60
Nadu Rice,Grocery/Staple,2022,47,144,0,213.45,256.14,60,63,68,0.29,82
Nadu Rice,Grocery/Staple,2022,48,137,0,219.59,263.51,82,60,72.8,0.29,62
Nadu Rice,Grocery/Staple,2022,49,130,0,217.39,260.87,62,89,73.2,0.29,62
Nadu Rice,Grocery/Staple,2022,50,123,0,225.05,270.06,62,60,66.5,0.29,51
Nadu Rice,Grocery/Staple,2022,51,116,0,229.24,275.09,51,82,64.2,0.29,66
Nadu Rice,Grocery/Staple,2022,52,109,0,231.58,277.9,66,62,60.2,0.29,60
Nadu Rice,Grocery/Staple,2023,1,102,0,230.61,276.73,60,62,59.8,0.29,71
Nadu Rice,Grocery/Staple,2023,2,95,0,236.56,283.87,71,51,62,0.29,78
Nadu Rice,Grocery/Staple,2023,3,88,0,239.81,287.77,78,66,68.8,0.29,72
Nadu Rice,Grocery/Staple,2023,4,81,0,241.2,289.44,72,60,70.2,0.29,46
Nadu Rice,Grocery/Staple,2023,5,74,0,242.73,291.28,46,71,66.8,0.29,81
Nadu Rice,Grocery/Staple,2023,6,67,0,246.64,295.97,81,78,69.2,0.29,82
Nadu Rice,Grocery/Staple,2023,7,60,0,249.03,298.84,82,72,70.2,0.29,74
Nadu Rice,Grocery/Staple,2023,8,53,0,251.66,301.99,74,46,70.8,0.29,58
Nadu Rice,Grocery/Staple,2023,9,46,0,254.46,305.35,58,81,73.8,0.29,67
Nadu Rice,Grocery/Staple,2023,10,39,0,253.28,303.94,67,82,70.2,0.29,75
Nadu Rice,Grocery/Staple,2023,11,32,0,255.35,306.42,75,74,68.5,0.29,78
Nadu Rice,Grocery/Staple,2023,12,25,0,250.77,300.92,78,58,69.5,0.29,81
Nadu Rice,Grocery/Staple,2023,13,18,1,251.68,302.02,81,67,75.2,0.29,72
Nadu Rice,Grocery/Staple,2023,14,11,1,255.28,306.34,72,75,76.5,0.29,152
Nadu Rice,Grocery/Staple,2023,15,4,1,258.61,310.33,152,78,95.8,0.29,183
Nadu Rice,Grocery/Staple,2023,16,363,0,249.48,299.38,183,81,122,0.29,85
Nadu Rice,Grocery/Staple,2023,17,356,0,249.07,298.88,85,72,123,0.29,59
Nadu Rice,Grocery/Staple,2023,18,349,0,248.49,298.19,59,152,119.8,0.29,62
Nadu Rice,Grocery/Staple,2023,19,342,0,247.9,297.48,62,183,97.2,0.29,85
Nadu Rice,Grocery/Staple,2023,20,335,0,244.94,293.93,85,85,72.8,0.29,83
Nadu Rice,Grocery/Staple,2023,21,328,0,243.93,292.72,83,59,72.2,0.29,55
Nadu Rice,Grocery/Staple,2023,22,321,0,246.95,296.34,55,62,71.2,0.29,91
Nadu Rice,Grocery/Staple,2023,23,314,0,248.16,297.79,91,85,78.5,0.29,48
Nadu Rice,Grocery/Staple,2023,24,307,0,243.48,292.18,48,83,69.2,0.29,74
Nadu Rice,Grocery/Staple,2023,25,300,0,245.55,294.66,74,55,67,0.29,61
Nadu Rice,Grocery/Staple,2023,26,293,0,241.83,290.2,61,91,68.5,0.29,77
Nadu Rice,Grocery/Staple,2023,27,286,0,239.08,286.9,77,48,65,0.29,69
Nadu Rice,Grocery/Staple,2023,28,279,0,240.72,288.86,69,74,70.2,0.29,89
Nadu Rice,Grocery/Staple,2023,29,272,0,241.05,289.26,89,61,74,0.29,74
Nadu Rice,Grocery/Staple,2023,30,265,0,240.8,288.96,74,77,77.2,0.29,44
Nadu Rice,Grocery/Staple,2023,31,258,0,240.35,288.42,44,69,69,0.29,65
Nadu Rice,Grocery/Staple,2023,32,251,0,236.0,283.2,65,89,68,0.29,48
Nadu Rice,Grocery/Staple,2023,33,244,0,237.2,284.64,48,74,57.8,0.29,76
Nadu Rice,Grocery/Staple,2023,34,237,0,237.26,284.71,76,44,58.2,0.29,63
Nadu Rice,Grocery/Staple,2023,35,230,0,235.13,282.16,63,65,63,0.29,59
Nadu Rice,Grocery/Staple,2023,36,223,0,235.64,282.77,59,48,61.5,0.29,90
Nadu Rice,Grocery/Staple,2023,37,216,0,233.0,279.6,90,76,72,0.29,74
Nadu Rice,Grocery/Staple,2023,38,209,0,233.74,280.49,74,63,71.5,0.29,60
Nadu Rice,Grocery/Staple,2023,39,202,0,232.84,279.41,60,59,70.8,0.29,71
Nadu Rice,Grocery/Staple,2023,40,195,0,229.39,275.27,71,90,73.8,0.29,67
Nadu Rice,Grocery/Staple,2023,41,188,0,233.36,280.03,67,74,68,0.29,72
Nadu Rice,Grocery/Staple,2023,42,181,0,231.94,278.33,72,60,67.5,0.29,68
Nadu Rice,Grocery/Staple,2023,43,174,0,228.51,274.21,68,71,69.5,0.29,72
Nadu Rice,Grocery/Staple,2023,44,167,0,226.59,271.91,72,67,69.8,0.29,90
Nadu Rice,Grocery/Staple,2023,45,160,0,226.76,272.11,90,72,75.5,0.29,58
Nadu Rice,Grocery/Staple,2023,46,153,0,224.69,269.63,58,68,72,0.29,80
Nadu Rice,Grocery/Staple,2023,47,146,0,229.19,275.03,80,72,75,0.29,63
Nadu Rice,Grocery/Staple,2023,48,139,0,224.8,269.76,63,90,72.8,0.29,91
Nadu Rice,Grocery/Staple,2023,49,132,0,227.33,272.8,91,58,73,0.29,64
Nadu Rice,Grocery/Staple,2023,50,125,0,223.69,268.43,64,80,74.5,0.29,64
Nadu Rice,Grocery/Staple,2023,51,118,0,222.56,267.07,64,63,70.5,0.29,73
Nadu Rice,Grocery/Staple,2023,52,111,0,222.31,266.77,73,91,73,0.29,66
Nadu Rice,Grocery/Staple,2024,1,104,0,222.43,266.92,66,64,66.8,0.29,61
Nadu Rice,Grocery/Staple,2024,2,97,0,220.77,264.92,61,64,66,0.29,73
Nadu Rice,Grocery/Staple,2024,3,90,0,222.35,266.82,73,73,68.2,0.29,42
Nadu Rice,Grocery/Staple,2024,4,83,0,221.06,265.27,42,66,60.5,0.29,72
Nadu Rice,Grocery/Staple,2024,5,76,0,222.85,267.42,72,61,62,0.29,57
Nadu Rice,Grocery/Staple,2024,6,69,0,223.46,268.15,57,73,61,0.29,41
Nadu Rice,Grocery/Staple,2024,7,62,0,222.06,266.47,41,42,53,0.29,73
Nadu Rice,Grocery/Staple,2024,8,55,0,221.62,265.94,73,72,60.8,0.29,72
Nadu Rice,Grocery/Staple,2024,9,48,0,221.06,265.27,72,57,60.8,0.29,72
Nadu Rice,Grocery/Staple,2024,10,41,0,220.65,264.78,72,41,64.5,0.29,77
Nadu Rice,Grocery/Staple,2024,11,34,0,219.6,263.52,77,73,73.5,0.29,62
Nadu Rice,Grocery/Staple,2024,12,27,0,220.95,265.14,62,72,70.8,0.29,78
Nadu Rice,Grocery/Staple,2024,13,20,1,223.56,268.27,78,72,72.2,0.29,80
Nadu Rice,Grocery/Staple,2024,14,13,1,223.79,268.55,80,77,74.2,0.29,126
Nadu Rice,Grocery/Staple,2024,15,6,1,227.22,272.66,126,62,86.5,0.29,238
Nadu Rice,Grocery/Staple,2024,16,364,0,219.65,263.58,238,78,130.5,0.29,59
Nadu Rice,Grocery/Staple,2024,17,357,0,221.3,265.56,59,80,125.8,0.29,80
Nadu Rice,Grocery/Staple,2024,18,350,0,220.73,264.88,80,126,125.8,0.29,77
Nadu Rice,Grocery/Staple,2024,19,343,0,221.17,265.4,77,238,113.5,0.29,80
Nadu Rice,Grocery/Staple,2024,20,336,0,217.94,261.53,80,59,74,0.29,70
Nadu Rice,Grocery/Staple,2024,21,329,0,221.31,265.57,70,80,76.8,0.29,82
Nadu Rice,Grocery/Staple,2024,22,322,0,215.43,258.52,82,77,77.2,0.29,70
Nadu Rice,Grocery/Staple,2024,23,315,0,217.38,260.86,70,80,75.5,0.29,69
Nadu Rice,Grocery/Staple,2024,24,308,0,219.62,263.54,69,70,72.8,0.29,68
Nadu Rice,Grocery/Staple,2024,25,301,0,221.11,265.33,68,82,72.2,0.29,72
Nadu Rice,Grocery/Staple,2024,26,294,0,220.78,264.94,72,70,69.8,0.29,48
Nadu Rice,Grocery/Staple,2024,27,287,0,221.85,266.22,48,69,64.2,0.29,52
Nadu Rice,Grocery/Staple,2024,28,280,0,221.53,265.84,52,68,60,0.29,86
Nadu Rice,Grocery/Staple,2024,29,273,0,220.34,264.41,86,72,64.5,0.29,66
Nadu Rice,Grocery/Staple,2024,30,266,0,222.22,266.66,66,48,63,0.29,79
Nadu Rice,Grocery/Staple,2024,31,259,0,221.2,265.44,79,52,70.8,0.29,90
Nadu Rice,Grocery/Staple,2024,32,252,0,222.11,266.53,90,86,80.2,0.29,72
Nadu Rice,Grocery/Staple,2024,33,245,0,221.67,266.0,72,66,76.8,0.29,80
Nadu Rice,Grocery/Staple,2024,34,238,0,222.21,266.65,80,79,80.2,0.29,77
Nadu Rice,Grocery/Staple,2024,35,231,0,221.7,266.04,77,90,79.8,0.29,79
Nadu Rice,Grocery/Staple,2024,36,224,0,222.43,266.92,79,72,77,0.29,66
Nadu Rice,Grocery/Staple,2024,37,217,0,223.62,268.34,66,80,75.5,0.29,66
Nadu Rice,Grocery/Staple,2024,38,210,0,221.22,265.46,66,77,72,0.29,71
Nadu Rice,Grocery/Staple,2024,39,203,0,226.38,271.66,71,79,70.5,0.29,71
Nadu Rice,Grocery/Staple,2024,40,196,0,223.3,267.96,71,66,68.5,0.29,80
Nadu Rice,Grocery/Staple,2024,41,189,0,225.05,270.06,80,66,72,0.29,82
Nadu Rice,Grocery/Staple,2024,42,182,0,222.54,267.05,82,71,76,0.29,62
Nadu Rice,Grocery/Staple,2024,43,175,0,222.11,266.53,62,71,73.8,0.29,61
Nadu Rice,Grocery/Staple,2024,44,168,0,223.14,267.77,61,80,71.2,0.29,68
Nadu Rice,Grocery/Staple,2024,45,161,0,223.02,267.62,68,82,68.2,0.29,63
Nadu Rice,Grocery/Staple,2024,46,154,0,226.16,271.39,63,62,63.5,0.29,77
Nadu Rice,Grocery/Staple,2024,47,147,0,223.82,268.58,77,61,67.2,0.29,79
Nadu Rice,Grocery/Staple,2024,48,140,0,224.77,269.72,79,68,71.8,0.29,61
Nadu Rice,Grocery/Staple,2024,49,133,0,221.97,266.36,61,63,70,0.29,107
Nadu Rice,Grocery/Staple,2024,50,126,0,224.23,269.08,107,77,81,0.29,105
Nadu Rice,Grocery/Staple,2024,51,119,0,226.82,272.18,105,79,88,0.29,87
Nadu Rice,Grocery/Staple,2024,52,112,0,221.47,265.76,87,61,90,0.29,70
Nadu Rice,Grocery/Staple,2025,1,105,0,227.16,272.59,70,107,92.2,0.29,68
Nadu Rice,Grocery/Staple,2025,2,98,0,226.28,271.54,68,105,82.5,0.29,68
Nadu Rice,Grocery/Staple,2025,3,91,0,225.28,270.34,68,87,73.2,0.29,78
Nadu Rice,Grocery/Staple,2025,4,84,0,223.69,268.43,78,70,71,0.29,71
Nadu Rice,Grocery/Staple,2025,5,77,0,222.67,267.2,71,68,71.2,0.29,85
Nadu Rice,Grocery/Staple,2025,6,70,0,224.45,269.34,85,68,75.5,0.29,72
Nadu Rice,Grocery/Staple,2025,7,63,0,225.61,270.73,72,78,76.5,0.29,49
Nadu Rice,Grocery/Staple,2025,8,56,0,225.5,270.6,49,71,69.2,0.29,72
Nadu Rice,Grocery/Staple,2025,9,49,0,225.64,270.77,72,85,69.5,0.29,55
Nadu Rice,Grocery/Staple,2025,10,42,0,225.37,270.44,55,72,62,0.29,91
Nadu Rice,Grocery/Staple,2025,11,35,0,225.84,271.01,91,49,66.8,0.29,60
Nadu Rice,Grocery/Staple,2025,12,28,0,223.2,267.84,60,72,69.5,0.29,72
Nadu Rice,Grocery/Staple,2025,13,21,1,227.2,272.64,72,55,69.5,0.29,65
Nadu Rice,Grocery/Staple,2025,14,14,1,227.67,273.2,65,91,72,0.29,104
Nadu Rice,Grocery/Staple,2025,15,7,1,231.24,277.49,104,60,75.2,0.29,250
Nadu Rice,Grocery/Staple,2025,16,0,1,224.93,269.92,250,72,122.8,0.29,110
Nadu Rice,Grocery/Staple,2025,17,358,0,226.92,272.3,110,65,132.2,0.29,82
Nadu Rice,Grocery/Staple,2025,18,351,0,225.32,270.38,82,104,136.5,0.29,78
Nadu Rice,Grocery/Staple,2025,19,344,0,226.69,272.03,78,250,130,0.29,68
Nadu Rice,Grocery/Staple,2025,20,337,0,222.54,267.05,68,110,84.5,0.29,73
Nadu Rice,Grocery/Staple,2025,21,330,0,227.2,272.64,73,82,75.2,0.29,61
Nadu Rice,Grocery/Staple,2025,22,323,0,225.9,271.08,61,78,70,0.29,63
Nadu Rice,Grocery/Staple,2025,23,316,0,225.91,271.09,63,68,66.2,0.29,76
Nadu Rice,Grocery/Staple,2025,24,309,0,226.47,271.76,76,73,68.2,0.29,66
Nadu Rice,Grocery/Staple,2025,25,302,0,225.63,270.76,66,61,66.5,0.29,73
Nadu Rice,Grocery/Staple,2025,26,295,0,225.02,270.02,73,63,69.5,0.29,69
Nadu Rice,Grocery/Staple,2025,27,288,0,226.37,271.64,69,76,71,0.29,76
Nadu Rice,Grocery/Staple,2025,28,281,0,224.63,269.56,76,66,71,0.29,99
Nadu Rice,Grocery/Staple,2025,29,274,0,224.56,269.47,99,73,79.2,0.29,71
Nadu Rice,Grocery/Staple,2025,30,267,0,225.93,271.12,71,69,78.8,0.29,67
Nadu Rice,Grocery/Staple,2025,31,260,0,225.01,270.01,67,76,78.2,0.29,79
Nadu Rice,Grocery/Staple,2025,32,253,0,227.35,272.82,79,99,79,0.29,61
Nadu Rice,Grocery/Staple,2025,33,246,0,227.73,273.28,61,71,69.5,0.29,71
Nadu Rice,Grocery/Staple,2025,34,239,0,228.32,273.98,71,67,69.5,0.29,57
Nadu Rice,Grocery/Staple,2025,35,232,0,223.2,267.84,57,79,67,0.29,76
Nadu Rice,Grocery/Staple,2025,36,225,0,224.2,269.04,76,61,66.2,0.29,59
Nadu Rice,Grocery/Staple,2025,37,218,0,226.61,271.93,59,71,65.8,0.29,58
Nadu Rice,Grocery/Staple,2025,38,211,0,223.47,268.16,58,57,62.5,0.29,88
Nadu Rice,Grocery/Staple,2025,39,204,0,225.44,270.53,88,76,70.2,0.29,55
Nadu Rice,Grocery/Staple,2025,40,197,0,228.58,274.3,55,59,65,0.29,83
Nadu Rice,Grocery/Staple,2025,41,190,0,225.75,270.9,83,58,71,0.29,77
Nadu Rice,Grocery/Staple,2025,42,183,0,226.21,271.45,77,88,75.8,0.29,69
Nadu Rice,Grocery/Staple,2025,43,176,0,224.26,269.11,69,55,71,0.29,78
Nadu Rice,Grocery/Staple,2025,44,169,0,225.82,270.98,78,83,76.8,0.29,79
Nadu Rice,Grocery/Staple,2025,45,162,0,225.58,270.7,79,77,75.8,0.29,105
Nadu Rice,Grocery/Staple,2025,46,155,0,227.59,273.11,105,69,82.8,0.29,63
Nadu Rice,Grocery/Staple,2025,47,148,0,226.12,271.34,63,78,81.2,0.29,64
Nadu Rice,Grocery/Staple,2025,48,141,0,226.18,271.42,64,79,77.8,0.29,74
Nadu Rice,Grocery/Staple,2025,49,134,0,229.22,275.06,74,105,76.5,0.29,67
Nadu Rice,Grocery/Staple,2025,50,127,0,225.05,270.06,67,63,67,0.29,88
Nadu Rice,Grocery/Staple,2025,51,120,0,225.36,270.43,88,64,73.2,0.29,79
Nadu Rice,Grocery/Staple,2025,52,113,0,223.26,267.91,79,74,77,0.29,65
Nadu Rice,Grocery/Staple,2026,1,106,0,226.2,271.44,65,67,74.8,0.29,69
Nadu Rice,Grocery/Staple,2026,2,99,0,228.06,273.67,69,88,75.2,0.29,80
Nadu Rice,Grocery/Staple,2026,3,92,0,226.78,272.14,80,79,73.2,0.29,65
Nadu Rice,Grocery/Staple,2026,4,85,0,227.74,273.29,65,65,69.8,0.29,77
Nadu Rice,Grocery/Staple,2026,5,78,0,226.0,271.2,77,69,72.8,0.29,43
Nadu Rice,Grocery/Staple,2026,6,71,0,227.28,272.74,43,80,66.2,0.29,68
Nadu Rice,Grocery/Staple,2026,7,64,0,228.01,273.61,68,65,63.2,0.29,74
Nadu Rice,Grocery/Staple,2026,8,57,0,226.18,271.42,74,77,65.5,0.29,57
Nadu Rice,Grocery/Staple,2026,9,50,0,224.88,269.86,57,43,60.5,0.29,82
Nadu Rice,Grocery/Staple,2026,10,43,0,227.23,272.68,82,68,70.2,0.29,96
Nadu Rice,Grocery/Staple,2026,11,36,0,225.53,270.64,96,74,77.2,0.29,69
Nadu Rice,Grocery/Staple,2026,12,29,0,226.38,271.66,69,57,76,0.29,75
Nadu Rice,Grocery/Staple,2026,13,22,0,227.41,272.89,75,82,80.5,0.29,92
Nadu Rice,Grocery/Staple,2026,14,15,1,226.72,272.06,92,96,83,0.29,90
Nadu Rice,Grocery/Staple,2026,15,8,1,236.01,283.21,90,69,81.5,0.29,160
Nadu Rice,Grocery/Staple,2026,16,1,1,228.26,273.91,160,75,104.2,0.29,166
Nadu Rice,Grocery/Staple,2026,17,359,0,225.71,270.85,166,92,127,0.29,64
Nadu Rice,Grocery/Staple,2026,18,352,0,228.68,274.42,64,90,120,0.29,84
Nadu Rice,Grocery/Staple,2026,19,345,0,224.38,269.26,84,160,118.5,0.29,83
Nadu Rice,Grocery/Staple,2026,20,338,0,227.75,273.3,83,166,99.2,0.29,83
Nadu Rice,Grocery/Staple,2026,21,331,0,225.67,270.8,83,64,78.5,0.29,70
Nadu Rice,Grocery/Staple,2026,22,324,0,225.8,270.96,70,84,80,0.29,74
Nadu Rice,Grocery/Staple,2026,23,317,0,228.15,273.78,74,83,77.5,0.29,53
Nadu Rice,Grocery/Staple,2026,24,310,0,223.62,268.34,53,83,70,0.0,29
Raw White Rice,Grocery/Staple,2022,24,305,0,119.64,143.57,35,35,35,0.29,35
Raw White Rice,Grocery/Staple,2022,25,298,0,122.18,146.62,35,49,35,0.29,49
Raw White Rice,Grocery/Staple,2022,26,291,0,123.5,148.2,49,29,42,0.29,29
Raw White Rice,Grocery/Staple,2022,27,284,0,128.75,154.5,29,41,37.7,0.29,41
Raw White Rice,Grocery/Staple,2022,28,277,0,130.88,157.06,41,35,38.5,0.29,47
Raw White Rice,Grocery/Staple,2022,29,270,0,133.43,160.12,47,49,41.5,0.29,56
Raw White Rice,Grocery/Staple,2022,30,263,0,136.2,163.44,56,29,43.2,0.29,16
Raw White Rice,Grocery/Staple,2022,31,256,0,140.97,169.16,16,41,40,0.29,33
Raw White Rice,Grocery/Staple,2022,32,249,0,144.43,173.32,33,47,38,0.29,40
Raw White Rice,Grocery/Staple,2022,33,242,0,146.78,176.14,40,56,36.2,0.29,33
Raw White Rice,Grocery/Staple,2022,34,235,0,148.43,178.12,33,16,30.5,0.29,36
Raw White Rice,Grocery/Staple,2022,35,228,0,151.69,182.03,36,33,35.5,0.29,46
Raw White Rice,Grocery/Staple,2022,36,221,0,155.04,186.05,46,40,38.8,0.29,46
Raw White Rice,Grocery/Staple,2022,37,214,0,157.86,189.43,46,33,40.2,0.29,54
Raw White Rice,Grocery/Staple,2022,38,207,0,160.91,193.09,54,36,45.5,0.29,33
Raw White Rice,Grocery/Staple,2022,39,200,0,161.96,194.35,33,46,44.8,0.29,16
Raw White Rice,Grocery/Staple,2022,40,193,0,168.34,202.01,16,46,37.2,0.29,41
Raw White Rice,Grocery/Staple,2022,41,186,0,169.96,203.95,41,54,36,0.29,34
Raw White Rice,Grocery/Staple,2022,42,179,0,172.01,206.41,34,33,31,0.29,39
Raw White Rice,Grocery/Staple,2022,43,172,0,175.03,210.04,39,16,32.5,0.29,30
Raw White Rice,Grocery/Staple,2022,44,165,0,176.39,211.67,30,41,36,0.29,34
Raw White Rice,Grocery/Staple,2022,45,158,0,178.05,213.66,34,34,34.2,0.29,55
Raw White Rice,Grocery/Staple,2022,46,151,0,179.99,215.99,55,39,39.5,0.29,42
Raw White Rice,Grocery/Staple,2022,47,144,0,186.93,224.32,42,30,40.2,0.29,34
Raw White Rice,Grocery/Staple,2022,48,137,0,189.58,227.5,34,34,41.2,0.29,30
Raw White Rice,Grocery/Staple,2022,49,130,0,188.76,226.51,30,55,40.2,0.29,30
Raw White Rice,Grocery/Staple,2022,50,123,0,193.43,232.12,30,42,34,0.29,37
Raw White Rice,Grocery/Staple,2022,51,116,0,193.09,231.71,37,34,32.8,0.29,38
Raw White Rice,Grocery/Staple,2022,52,109,0,198.71,238.45,38,30,33.8,0.29,45
Raw White Rice,Grocery/Staple,2023,1,102,0,201.72,242.06,45,30,37.5,0.29,49
Raw White Rice,Grocery/Staple,2023,2,95,0,201.91,242.29,49,37,42.2,0.29,30
Raw White Rice,Grocery/Staple,2023,3,88,0,203.7,244.44,30,38,40.5,0.29,41
Raw White Rice,Grocery/Staple,2023,4,81,0,209.01,250.81,41,45,41.2,0.29,38
Raw White Rice,Grocery/Staple,2023,5,74,0,208.28,249.94,38,49,39.5,0.29,38
Raw White Rice,Grocery/Staple,2023,6,67,0,213.36,256.03,38,30,36.8,0.29,44
Raw White Rice,Grocery/Staple,2023,7,60,0,217.42,260.9,44,41,40.2,0.29,53
Raw White Rice,Grocery/Staple,2023,8,53,0,215.95,259.14,53,38,43.2,0.29,41
Raw White Rice,Grocery/Staple,2023,9,46,0,220.63,264.76,41,38,44,0.29,60
Raw White Rice,Grocery/Staple,2023,10,39,0,217.91,261.49,60,44,49.5,0.29,47
Raw White Rice,Grocery/Staple,2023,11,32,0,220.21,264.25,47,53,50.2,0.29,50
Raw White Rice,Grocery/Staple,2023,12,25,0,214.57,257.48,50,41,49.5,0.29,40
Raw White Rice,Grocery/Staple,2023,13,18,1,217.82,261.38,40,60,49.2,0.29,46
Raw White Rice,Grocery/Staple,2023,14,11,1,219.49,263.39,46,47,45.8,0.29,79
Raw White Rice,Grocery/Staple,2023,15,4,1,219.38,263.26,79,50,53.8,0.29,101
Raw White Rice,Grocery/Staple,2023,16,363,0,214.26,257.11,101,40,66.5,0.29,44
Raw White Rice,Grocery/Staple,2023,17,356,0,215.4,258.48,44,46,67.5,0.29,36
Raw White Rice,Grocery/Staple,2023,18,349,0,214.31,257.17,36,79,65,0.29,37
Raw White Rice,Grocery/Staple,2023,19,342,0,211.98,254.38,37,101,54.5,0.29,27
Raw White Rice,Grocery/Staple,2023,20,335,0,212.64,255.17,27,44,36,0.29,34
Raw White Rice,Grocery/Staple,2023,21,328,0,211.76,254.11,34,36,33.5,0.29,55
Raw White Rice,Grocery/Staple,2023,22,321,0,211.58,253.9,55,37,38.2,0.29,52
Raw White Rice,Grocery/Staple,2023,23,314,0,210.9,253.08,52,27,42,0.29,51
Raw White Rice,Grocery/Staple,2023,24,307,0,209.41,251.29,51,34,48,0.29,34
Raw White Rice,Grocery/Staple,2023,25,300,0,209.77,251.72,34,55,48,0.29,31
Raw White Rice,Grocery/Staple,2023,26,293,0,209.62,251.54,31,52,42,0.29,43
Raw White Rice,Grocery/Staple,2023,27,286,0,209.11,250.93,43,51,39.8,0.29,45
Raw White Rice,Grocery/Staple,2023,28,279,0,207.65,249.18,45,34,38.2,0.29,37
Raw White Rice,Grocery/Staple,2023,29,272,0,208.01,249.61,37,31,39,0.29,26
Raw White Rice,Grocery/Staple,2023,30,265,0,208.41,250.09,26,43,37.8,0.29,46
Raw White Rice,Grocery/Staple,2023,31,258,0,208.23,249.88,46,45,38.5,0.29,39
Raw White Rice,Grocery/Staple,2023,32,251,0,205.65,246.78,39,37,37,0.29,58
Raw White Rice,Grocery/Staple,2023,33,244,0,203.74,244.49,58,26,42.2,0.29,46
Raw White Rice,Grocery/Staple,2023,34,237,0,203.1,243.72,46,46,47.2,0.29,35
Raw White Rice,Grocery/Staple,2023,35,230,0,202.04,242.45,35,39,44.5,0.29,42
Raw White Rice,Grocery/Staple,2023,36,223,0,203.6,244.32,42,58,45.2,0.29,45
Raw White Rice,Grocery/Staple,2023,37,216,0,200.31,240.37,45,46,42,0.29,46
Raw White Rice,Grocery/Staple,2023,38,209,0,200.27,240.32,46,35,42,0.29,41
Raw White Rice,Grocery/Staple,2023,39,202,0,201.19,241.43,41,42,43.5,0.29,34
Raw White Rice,Grocery/Staple,2023,40,195,0,198.18,237.82,34,45,41.5,0.29,54
Raw White Rice,Grocery/Staple,2023,41,188,0,199.62,239.54,54,46,43.8,0.29,50
Raw White Rice,Grocery/Staple,2023,42,181,0,199.87,239.84,50,41,44.8,0.29,43
Raw White Rice,Grocery/Staple,2023,43,174,0,198.63,238.36,43,34,45.2,0.29,24
Raw White Rice,Grocery/Staple,2023,44,167,0,199.39,239.27,24,54,42.8,0.29,51
Raw White Rice,Grocery/Staple,2023,45,160,0,199.11,238.93,51,50,42,0.29,42
Raw White Rice,Grocery/Staple,2023,46,153,0,196.08,235.3,42,43,40,0.29,35
Raw White Rice,Grocery/Staple,2023,47,146,0,195.8,234.96,35,24,38,0.29,30
Raw White Rice,Grocery/Staple,2023,48,139,0,194.08,232.9,30,51,39.5,0.29,47
Raw White Rice,Grocery/Staple,2023,49,132,0,193.26,231.91,47,42,38.5,0.29,45
Raw White Rice,Grocery/Staple,2023,50,125,0,194.18,233.02,45,35,39.2,0.29,49
Raw White Rice,Grocery/Staple,2023,51,118,0,192.29,230.75,49,30,42.8,0.29,35
Raw White Rice,Grocery/Staple,2023,52,111,0,193.37,232.04,35,47,44,0.29,40
Raw White Rice,Grocery/Staple,2024,1,104,0,192.19,230.63,40,45,42.2,0.29,40
Raw White Rice,Grocery/Staple,2024,2,97,0,191.61,229.93,40,49,41,0.29,46
Raw White Rice,Grocery/Staple,2024,3,90,0,191.54,229.85,46,35,40.2,0.29,31
Raw White Rice,Grocery/Staple,2024,4,83,0,191.88,230.26,31,40,39.2,0.29,43
Raw White Rice,Grocery/Staple,2024,5,76,0,191.45,229.74,43,40,40,0.29,41
Raw White Rice,Grocery/Staple,2024,6,69,0,190.09,228.11,41,46,40.2,0.29,40
Raw White Rice,Grocery/Staple,2024,7,62,0,190.76,228.91,40,31,38.8,0.29,31
Raw White Rice,Grocery/Staple,2024,8,55,0,190.74,228.89,31,43,38.8,0.29,31
Raw White Rice,Grocery/Staple,2024,9,48,0,189.81,227.77,31,41,35.8,0.29,34
Raw White Rice,Grocery/Staple,2024,10,41,0,191.26,229.51,34,40,34,0.29,37
Raw White Rice,Grocery/Staple,2024,11,34,0,188.73,226.48,37,31,33.2,0.29,28
Raw White Rice,Grocery/Staple,2024,12,27,0,192.14,230.57,28,31,32.5,0.29,39
Raw White Rice,Grocery/Staple,2024,13,20,1,189.44,227.33,39,34,34.5,0.29,43
Raw White Rice,Grocery/Staple,2024,14,13,1,191.84,230.21,43,37,36.8,0.29,55
Raw White Rice,Grocery/Staple,2024,15,6,1,197.06,236.47,55,28,41.2,0.29,65
Raw White Rice,Grocery/Staple,2024,16,364,0,188.67,226.4,65,39,50.5,0.29,21
Raw White Rice,Grocery/Staple,2024,17,357,0,190.71,228.85,21,43,46,0.29,33
Raw White Rice,Grocery/Staple,2024,18,350,0,189.91,227.89,33,55,43.5,0.29,41
Raw White Rice,Grocery/Staple,2024,19,343,0,189.79,227.75,41,65,40,0.29,43
Raw White Rice,Grocery/Staple,2024,20,336,0,191.1,229.32,43,21,34.5,0.29,37
Raw White Rice,Grocery/Staple,2024,21,329,0,189.26,227.11,37,33,38.5,0.29,53
Raw White Rice,Grocery/Staple,2024,22,322,0,190.32,228.38,53,41,43.5,0.29,51
Raw White Rice,Grocery/Staple,2024,23,315,0,190.62,228.74,51,43,46,0.29,35
Raw White Rice,Grocery/Staple,2024,24,308,0,192.11,230.53,35,37,44,0.29,43
Raw White Rice,Grocery/Staple,2024,25,301,0,188.21,225.85,43,53,45.5,0.29,35
Raw White Rice,Grocery/Staple,2024,26,294,0,188.72,226.46,35,51,41,0.29,37
Raw White Rice,Grocery/Staple,2024,27,287,0,190.53,228.64,37,35,37.5,0.29,30
Raw White Rice,Grocery/Staple,2024,28,280,0,190.63,228.76,30,43,36.2,0.29,41
Raw White Rice,Grocery/Staple,2024,29,273,0,192.01,230.41,41,35,35.8,0.29,42
Raw White Rice,Grocery/Staple,2024,30,266,0,187.99,225.59,42,37,37.5,0.29,42
Raw White Rice,Grocery/Staple,2024,31,259,0,190.38,228.46,42,30,38.8,0.29,62
Raw White Rice,Grocery/Staple,2024,32,252,0,192.77,231.32,62,41,46.8,0.29,50
Raw White Rice,Grocery/Staple,2024,33,245,0,190.09,228.11,50,42,49,0.29,21
Raw White Rice,Grocery/Staple,2024,34,238,0,191.93,230.32,21,42,43.8,0.29,49
Raw White Rice,Grocery/Staple,2024,35,231,0,191.75,230.1,49,62,45.5,0.29,47
Raw White Rice,Grocery/Staple,2024,36,224,0,191.71,230.05,47,50,41.8,0.29,32
Raw White Rice,Grocery/Staple,2024,37,217,0,191.02,229.22,32,21,37.2,0.29,40
Raw White Rice,Grocery/Staple,2024,38,210,0,192.2,230.64,40,49,42,0.29,54
Raw White Rice,Grocery/Staple,2024,39,203,0,193.71,232.45,54,47,43.2,0.29,49
Raw White Rice,Grocery/Staple,2024,40,196,0,193.39,232.07,49,32,43.8,0.29,47
Raw White Rice,Grocery/Staple,2024,41,189,0,192.0,230.4,47,40,47.5,0.29,43
Raw White Rice,Grocery/Staple,2024,42,182,0,191.71,230.05,43,54,48.2,0.29,57
Raw White Rice,Grocery/Staple,2024,43,175,0,193.85,232.62,57,49,49,0.29,45
Raw White Rice,Grocery/Staple,2024,44,168,0,193.78,232.54,45,47,48,0.29,54
Raw White Rice,Grocery/Staple,2024,45,161,0,190.69,228.83,54,43,49.8,0.29,38
Raw White Rice,Grocery/Staple,2024,46,154,0,192.0,230.4,38,57,48.5,0.29,45
Raw White Rice,Grocery/Staple,2024,47,147,0,191.09,229.31,45,45,45.5,0.29,40
Raw White Rice,Grocery/Staple,2024,48,140,0,192.46,230.95,40,54,44.2,0.29,30
Raw White Rice,Grocery/Staple,2024,49,133,0,192.91,231.49,30,38,38.2,0.29,47
Raw White Rice,Grocery/Staple,2024,50,126,0,194.23,233.08,47,45,40.5,0.29,42
Raw White Rice,Grocery/Staple,2024,51,119,0,193.36,232.03,42,40,39.8,0.29,48
Raw White Rice,Grocery/Staple,2024,52,112,0,194.06,232.87,48,30,41.8,0.29,46
Raw White Rice,Grocery/Staple,2025,1,105,0,194.79,233.75,46,47,45.8,0.29,45
Raw White Rice,Grocery/Staple,2025,2,98,0,193.89,232.67,45,42,45.2,0.29,46
Raw White Rice,Grocery/Staple,2025,3,91,0,197.32,236.78,46,48,46.2,0.29,42
Raw White Rice,Grocery/Staple,2025,4,84,0,196.03,235.24,42,46,44.8,0.29,53
Raw White Rice,Grocery/Staple,2025,5,77,0,192.25,230.7,53,45,46.5,0.29,51
Raw White Rice,Grocery/Staple,2025,6,70,0,193.97,232.76,51,46,48,0.29,19
Raw White Rice,Grocery/Staple,2025,7,63,0,193.86,232.63,19,42,41.2,0.29,57
Raw White Rice,Grocery/Staple,2025,8,56,0,193.35,232.02,57,53,45,0.29,69
Raw White Rice,Grocery/Staple,2025,9,49,0,193.54,232.25,69,51,49,0.29,41
Raw White Rice,Grocery/Staple,2025,10,42,0,193.29,231.95,41,19,46.5,0.29,30
Raw White Rice,Grocery/Staple,2025,11,35,0,193.81,232.57,30,57,49.2,0.29,37
Raw White Rice,Grocery/Staple,2025,12,28,0,194.96,233.95,37,69,44.2,0.29,30
Raw White Rice,Grocery/Staple,2025,13,21,1,192.32,230.78,30,41,34.5,0.29,28
Raw White Rice,Grocery/Staple,2025,14,14,1,193.59,232.31,28,30,31.2,0.29,57
Raw White Rice,Grocery/Staple,2025,15,7,1,200.3,240.36,57,37,38,0.29,132
Raw White Rice,Grocery/Staple,2025,16,0,1,197.19,236.63,132,30,61.8,0.29,54
Raw White Rice,Grocery/Staple,2025,17,358,0,197.06,236.47,54,28,67.8,0.29,64
Raw White Rice,Grocery/Staple,2025,18,351,0,193.44,232.13,64,57,76.8,0.29,55
Raw White Rice,Grocery/Staple,2025,19,344,0,193.79,232.55,55,132,76.2,0.29,43
Raw White Rice,Grocery/Staple,2025,20,337,0,192.79,231.35,43,54,54,0.29,53
Raw White Rice,Grocery/Staple,2025,21,330,0,196.19,235.43,53,64,53.8,0.29,36
Raw White Rice,Grocery/Staple,2025,22,323,0,194.19,233.03,36,55,46.8,0.29,44
Raw White Rice,Grocery/Staple,2025,23,316,0,194.63,233.56,44,43,44,0.29,47
Raw White Rice,Grocery/Staple,2025,24,309,0,195.38,234.46,47,53,45,0.29,47
Raw White Rice,Grocery/Staple,2025,25,302,0,193.61,232.33,47,36,43.5,0.29,34
Raw White Rice,Grocery/Staple,2025,26,295,0,194.48,233.38,34,44,43,0.29,41
Raw White Rice,Grocery/Staple,2025,27,288,0,194.26,233.11,41,47,42.2,0.29,40
Raw White Rice,Grocery/Staple,2025,28,281,0,195.32,234.38,40,47,40.5,0.29,41
Raw White Rice,Grocery/Staple,2025,29,274,0,192.5,231.0,41,34,39,0.29,47
Raw White Rice,Grocery/Staple,2025,30,267,0,195.88,235.06,47,41,42.2,0.29,56
Raw White Rice,Grocery/Staple,2025,31,260,0,195.6,234.72,56,40,46,0.29,50
Raw White Rice,Grocery/Staple,2025,32,253,0,193.21,231.85,50,41,48.5,0.29,32
Raw White Rice,Grocery/Staple,2025,33,246,0,195.79,234.95,32,47,46.2,0.29,27
Raw White Rice,Grocery/Staple,2025,34,239,0,193.98,232.78,27,56,41.2,0.29,42
Raw White Rice,Grocery/Staple,2025,35,232,0,195.96,235.15,42,50,37.8,0.29,37
Raw White Rice,Grocery/Staple,2025,36,225,0,194.15,232.98,37,32,34.5,0.29,40
Raw White Rice,Grocery/Staple,2025,37,218,0,194.76,233.71,40,27,36.5,0.29,43
Raw White Rice,Grocery/Staple,2025,38,211,0,196.51,235.81,43,42,40.5,0.29,49
Raw White Rice,Grocery/Staple,2025,39,204,0,195.6,234.72,49,37,42.2,0.29,43
Raw White Rice,Grocery/Staple,2025,40,197,0,194.31,233.17,43,40,43.8,0.29,38
Raw White Rice,Grocery/Staple,2025,41,190,0,193.76,232.51,38,43,43.2,0.29,42
Raw White Rice,Grocery/Staple,2025,42,183,0,196.09,235.31,42,49,43,0.29,38
Raw White Rice,Grocery/Staple,2025,43,176,0,195.67,234.8,38,43,40.2,0.29,67
Raw White Rice,Grocery/Staple,2025,44,169,0,195.05,234.06,67,38,46.2,0.29,37
Raw White Rice,Grocery/Staple,2025,45,162,0,193.04,231.65,37,42,46,0.29,57
Raw White Rice,Grocery/Staple,2025,46,155,0,194.79,233.75,57,38,49.8,0.29,48
Raw White Rice,Grocery/Staple,2025,47,148,0,197.72,237.26,48,67,52.2,0.29,30
Raw White Rice,Grocery/Staple,2025,48,141,0,193.9,232.68,30,37,43,0.29,38
Raw White Rice,Grocery/Staple,2025,49,134,0,194.31,233.17,38,57,43.2,0.29,39
Raw White Rice,Grocery/Staple,2025,50,127,0,195.94,235.13,39,48,38.8,0.29,36
Raw White Rice,Grocery/Staple,2025,51,120,0,193.5,232.2,36,30,35.8,0.29,35
Raw White Rice,Grocery/Staple,2025,52,113,0,194.78,233.74,35,38,37,0.29,40
Raw White Rice,Grocery/Staple,2026,1,106,0,194.37,233.24,40,39,37.5,0.29,36
Raw White Rice,Grocery/Staple,2026,2,99,0,194.33,233.2,36,36,36.8,0.29,43
Raw White Rice,Grocery/Staple,2026,3,92,0,194.66,233.59,43,35,38.5,0.29,35
Raw White Rice,Grocery/Staple,2026,4,85,0,196.29,235.55,35,40,38.5,0.29,48
Raw White Rice,Grocery/Staple,2026,5,78,0,194.92,233.9,48,36,40.5,0.29,48
Raw White Rice,Grocery/Staple,2026,6,71,0,196.55,235.86,48,43,43.5,0.29,41
Raw White Rice,Grocery/Staple,2026,7,64,0,193.74,232.49,41,35,43,0.29,28
Raw White Rice,Grocery/Staple,2026,8,57,0,193.05,231.66,28,48,41.2,0.29,42
Raw White Rice,Grocery/Staple,2026,9,50,0,196.55,235.86,42,48,39.8,0.29,46
Raw White Rice,Grocery/Staple,2026,10,43,0,193.2,231.84,46,41,39.2,0.29,39
Raw White Rice,Grocery/Staple,2026,11,36,0,196.62,235.94,39,28,38.8,0.29,37
Raw White Rice,Grocery/Staple,2026,12,29,0,196.83,236.2,37,42,41,0.29,43
Raw White Rice,Grocery/Staple,2026,13,22,0,192.68,231.22,43,46,41.2,0.29,50
Raw White Rice,Grocery/Staple,2026,14,15,1,196.85,236.22,50,39,42.2,0.29,66
Raw White Rice,Grocery/Staple,2026,15,8,1,203.05,243.66,66,37,49,0.29,71
Raw White Rice,Grocery/Staple,2026,16,1,1,196.07,235.28,71,43,57.5,0.29,79
Raw White Rice,Grocery/Staple,2026,17,359,0,193.99,232.79,79,50,66.5,0.29,36
Raw White Rice,Grocery/Staple,2026,18,352,0,198.97,238.76,36,66,63,0.29,37
Raw White Rice,Grocery/Staple,2026,19,345,0,194.32,233.18,37,71,55.8,0.29,36
Raw White Rice,Grocery/Staple,2026,20,338,0,196.3,235.56,36,79,47,0.29,39
Raw White Rice,Grocery/Staple,2026,21,331,0,196.72,236.06,39,36,37,0.29,31
Raw White Rice,Grocery/Staple,2026,22,324,0,195.12,234.14,31,37,35.8,0.29,42
Raw White Rice,Grocery/Staple,2026,23,317,0,195.35,234.42,42,36,37,0.29,38
Raw White Rice,Grocery/Staple,2026,24,310,0,199.83,239.8,38,39,37.5,0.0,8
Red Dhal,Grocery/Staple,2022,24,305,0,150.21,180.25,64,64,64,0.29,64
Red Dhal,Grocery/Staple,2022,25,298,0,151.93,182.32,64,72,64,0.29,72
Red Dhal,Grocery/Staple,2022,26,291,0,160.39,192.47,72,58,68,0.29,58
Red Dhal,Grocery/Staple,2022,27,284,0,162.91,195.49,58,44,64.7,0.29,44
Red Dhal,Grocery/Staple,2022,28,277,0,166.92,200.3,44,64,59.5,0.29,56
Red Dhal,Grocery/Staple,2022,29,270,0,170.03,204.04,56,72,57.5,0.29,59
Red Dhal,Grocery/Staple,2022,30,263,0,173.7,208.44,59,58,54.2,0.29,52
Red Dhal,Grocery/Staple,2022,31,256,0,176.6,211.92,52,44,52.8,0.29,50
Red Dhal,Grocery/Staple,2022,32,249,0,180.3,216.36,50,56,54.2,0.29,40
Red Dhal,Grocery/Staple,2022,33,242,0,185.78,222.94,40,59,50.2,0.29,81
Red Dhal,Grocery/Staple,2022,34,235,0,186.96,224.35,81,52,55.8,0.29,57
Red Dhal,Grocery/Staple,2022,35,228,0,191.97,230.36,57,50,57,0.29,67
Red Dhal,Grocery/Staple,2022,36,221,0,197.44,236.93,67,40,61.2,0.29,36
Red Dhal,Grocery/Staple,2022,37,214,0,199.21,239.05,36,81,60.2,0.29,88
Red Dhal,Grocery/Staple,2022,38,207,0,203.37,244.04,88,57,62,0.29,85
Red Dhal,Grocery/Staple,2022,39,200,0,206.39,247.67,85,67,69,0.29,78
Red Dhal,Grocery/Staple,2022,40,193,0,210.36,252.43,78,36,71.8,0.29,26
Red Dhal,Grocery/Staple,2022,41,186,0,213.32,255.98,26,88,69.2,0.29,64
Red Dhal,Grocery/Staple,2022,42,179,0,216.92,260.3,64,85,63.2,0.29,62
Red Dhal,Grocery/Staple,2022,43,172,0,221.31,265.57,62,78,57.5,0.29,70
Red Dhal,Grocery/Staple,2022,44,165,0,221.52,265.82,70,26,55.5,0.29,63
Red Dhal,Grocery/Staple,2022,45,158,0,227.9,273.48,63,64,64.8,0.29,54
Red Dhal,Grocery/Staple,2022,46,151,0,229.55,275.46,54,62,62.2,0.29,56
Red Dhal,Grocery/Staple,2022,47,144,0,232.35,278.82,56,70,60.8,0.29,34
Red Dhal,Grocery/Staple,2022,48,137,0,236.19,283.43,34,63,51.8,0.29,58
Red Dhal,Grocery/Staple,2022,49,130,0,242.39,290.87,58,54,50.5,0.29,65
Red Dhal,Grocery/Staple,2022,50,123,0,247.16,296.59,65,56,53.2,0.29,51
Red Dhal,Grocery/Staple,2022,51,116,0,250.86,301.03,51,34,52,0.29,66
Red Dhal,Grocery/Staple,2022,52,109,0,252.26,302.71,66,58,60,0.29,55
Red Dhal,Grocery/Staple,2023,1,102,0,256.15,307.38,55,65,59.2,0.29,56
Red Dhal,Grocery/Staple,2023,2,95,0,259.95,311.94,56,51,57,0.29,45
Red Dhal,Grocery/Staple,2023,3,88,0,258.0,309.6,45,66,55.5,0.29,45
Red Dhal,Grocery/Staple,2023,4,81,0,265.95,319.14,45,55,50.2,0.29,56
Red Dhal,Grocery/Staple,2023,5,74,0,268.53,322.24,56,56,50.5,0.29,67
Red Dhal,Grocery/Staple,2023,6,67,0,270.5,324.6,67,45,53.2,0.29,52
Red Dhal,Grocery/Staple,2023,7,60,0,270.42,324.5,52,45,55,0.29,57
Red Dhal,Grocery/Staple,2023,8,53,0,275.95,331.14,57,56,58,0.29,56
Red Dhal,Grocery/Staple,2023,9,46,0,278.65,334.38,56,67,58,0.29,58
Red Dhal,Grocery/Staple,2023,10,39,0,278.36,334.03,58,52,55.8,0.29,81
Red Dhal,Grocery/Staple,2023,11,32,0,277.38,332.86,81,57,63,0.29,55
Red Dhal,Grocery/Staple,2023,12,25,0,273.51,328.21,55,56,62.5,0.29,68
Red Dhal,Grocery/Staple,2023,13,18,1,274.3,329.16,68,58,65.5,0.29,52
Red Dhal,Grocery/Staple,2023,14,11,1,277.82,333.38,52,81,64,0.29,90
Red Dhal,Grocery/Staple,2023,15,4,1,282.88,339.46,90,55,66.2,0.29,180
Red Dhal,Grocery/Staple,2023,16,363,0,273.16,327.79,180,68,97.5,0.29,68
Red Dhal,Grocery/Staple,2023,17,356,0,269.37,323.24,68,52,97.5,0.29,49
Red Dhal,Grocery/Staple,2023,18,349,0,269.33,323.2,49,90,96.8,0.29,63
Red Dhal,Grocery/Staple,2023,19,342,0,268.99,322.79,63,180,90,0.29,55
Red Dhal,Grocery/Staple,2023,20,335,0,267.57,321.08,55,68,58.8,0.29,57
Red Dhal,Grocery/Staple,2023,21,328,0,265.36,318.43,57,49,56,0.29,56
Red Dhal,Grocery/Staple,2023,22,321,0,267.1,320.52,56,63,57.8,0.29,59
Red Dhal,Grocery/Staple,2023,23,314,0,267.43,320.92,59,55,56.8,0.29,61
Red Dhal,Grocery/Staple,2023,24,307,0,267.16,320.59,61,57,58.2,0.29,52
Red Dhal,Grocery/Staple,2023,25,300,0,264.81,317.77,52,56,57,0.29,48
Red Dhal,Grocery/Staple,2023,26,293,0,264.99,317.99,48,59,55,0.29,73
Red Dhal,Grocery/Staple,2023,27,286,0,264.49,317.39,73,61,58.5,0.29,47
Red Dhal,Grocery/Staple,2023,28,279,0,264.77,317.72,47,52,55,0.29,59
Red Dhal,Grocery/Staple,2023,29,272,0,262.91,315.49,59,48,56.8,0.29,80
Red Dhal,Grocery/Staple,2023,30,265,0,264.34,317.21,80,73,64.8,0.29,56
Red Dhal,Grocery/Staple,2023,31,258,0,262.22,314.66,56,47,60.5,0.29,51
Red Dhal,Grocery/Staple,2023,32,251,0,256.49,307.79,51,59,61.5,0.29,48
Red Dhal,Grocery/Staple,2023,33,244,0,261.55,313.86,48,80,58.8,0.29,42
Red Dhal,Grocery/Staple,2023,34,237,0,256.81,308.17,42,56,49.2,0.29,58
Red Dhal,Grocery/Staple,2023,35,230,0,259.88,311.86,58,51,49.8,0.29,72
Red Dhal,Grocery/Staple,2023,36,223,0,255.99,307.19,72,48,55,0.29,38
Red Dhal,Grocery/Staple,2023,37,216,0,258.1,309.72,38,42,52.5,0.29,54
Red Dhal,Grocery/Staple,2023,38,209,0,252.4,302.88,54,58,55.5,0.29,36
Red Dhal,Grocery/Staple,2023,39,202,0,255.79,306.95,36,72,50,0.29,44
Red Dhal,Grocery/Staple,2023,40,195,0,252.31,302.77,44,38,43,0.29,46
Red Dhal,Grocery/Staple,2023,41,188,0,254.17,305.0,46,54,45,0.29,52
Red Dhal,Grocery/Staple,2023,42,181,0,254.94,305.93,52,36,44.5,0.29,69
Red Dhal,Grocery/Staple,2023,43,174,0,249.2,299.04,69,44,52.8,0.29,47
Red Dhal,Grocery/Staple,2023,44,167,0,251.64,301.97,47,46,53.5,0.29,53
Red Dhal,Grocery/Staple,2023,45,160,0,249.87,299.84,53,52,55.2,0.29,37
Red Dhal,Grocery/Staple,2023,46,153,0,252.06,302.47,37,69,51.5,0.29,64
Red Dhal,Grocery/Staple,2023,47,146,0,247.62,297.14,64,47,50.2,0.29,70
Red Dhal,Grocery/Staple,2023,48,139,0,246.0,295.2,70,53,56,0.29,46
Red Dhal,Grocery/Staple,2023,49,132,0,242.13,290.56,46,37,54.2,0.29,67
Red Dhal,Grocery/Staple,2023,50,125,0,243.67,292.4,67,64,61.8,0.29,58
Red Dhal,Grocery/Staple,2023,51,118,0,244.89,293.87,58,70,60.2,0.29,51
Red Dhal,Grocery/Staple,2023,52,111,0,245.64,294.77,51,46,55.5,0.29,72
Red Dhal,Grocery/Staple,2024,1,104,0,241.65,289.98,72,67,62,0.29,48
Red Dhal,Grocery/Staple,2024,2,97,0,242.73,291.28,48,58,57.2,0.29,60
Red Dhal,Grocery/Staple,2024,3,90,0,241.75,290.1,60,51,57.8,0.29,69
Red Dhal,Grocery/Staple,2024,4,83,0,244.45,293.34,69,72,62.2,0.29,66
Red Dhal,Grocery/Staple,2024,5,76,0,242.75,291.3,66,48,60.8,0.29,45
Red Dhal,Grocery/Staple,2024,6,69,0,242.48,290.98,45,60,60,0.29,62
Red Dhal,Grocery/Staple,2024,7,62,0,244.31,293.17,62,69,60.5,0.29,61
Red Dhal,Grocery/Staple,2024,8,55,0,243.97,292.76,61,66,58.5,0.29,56
Red Dhal,Grocery/Staple,2024,9,48,0,240.4,288.48,56,45,56,0.29,65
Red Dhal,Grocery/Staple,2024,10,41,0,242.49,290.99,65,62,61,0.29,58
Red Dhal,Grocery/Staple,2024,11,34,0,240.94,289.13,58,61,60,0.29,42
Red Dhal,Grocery/Staple,2024,12,27,0,241.31,289.57,42,56,55.2,0.29,65
Red Dhal,Grocery/Staple,2024,13,20,1,237.93,285.52,65,65,57.5,0.29,52
Red Dhal,Grocery/Staple,2024,14,13,1,247.53,297.04,52,58,54.2,0.29,122
Red Dhal,Grocery/Staple,2024,15,6,1,255.75,306.9,122,42,70.2,0.29,180
Red Dhal,Grocery/Staple,2024,16,364,0,241.93,290.32,180,65,104.8,0.29,67
Red Dhal,Grocery/Staple,2024,17,357,0,239.24,287.09,67,52,105.2,0.29,44
Red Dhal,Grocery/Staple,2024,18,350,0,244.16,292.99,44,122,103.2,0.29,60
Red Dhal,Grocery/Staple,2024,19,343,0,239.92,287.9,60,180,87.8,0.29,57
Red Dhal,Grocery/Staple,2024,20,336,0,240.35,288.42,57,67,57,0.29,33
Red Dhal,Grocery/Staple,2024,21,329,0,239.5,287.4,33,44,48.5,0.29,61
Red Dhal,Grocery/Staple,2024,22,322,0,237.81,285.37,61,60,52.8,0.29,79
Red Dhal,Grocery/Staple,2024,23,315,0,240.93,289.12,79,57,57.5,0.29,61
Red Dhal,Grocery/Staple,2024,24,308,0,240.22,288.26,61,33,58.5,0.29,51
Red Dhal,Grocery/Staple,2024,25,301,0,239.86,287.83,51,61,63,0.29,56
Red Dhal,Grocery/Staple,2024,26,294,0,242.5,291.0,56,79,61.8,0.29,71
Red Dhal,Grocery/Staple,2024,27,287,0,239.01,286.81,71,61,59.8,0.29,50
Red Dhal,Grocery/Staple,2024,28,280,0,242.66,291.19,50,51,57,0.29,53
Red Dhal,Grocery/Staple,2024,29,273,0,241.46,289.75,53,56,57.5,0.29,67
Red Dhal,Grocery/Staple,2024,30,266,0,241.21,289.45,67,71,60.2,0.29,49
Red Dhal,Grocery/Staple,2024,31,259,0,240.54,288.65,49,50,54.8,0.29,61
Red Dhal,Grocery/Staple,2024,32,252,0,244.71,293.65,61,53,57.5,0.29,66
Red Dhal,Grocery/Staple,2024,33,245,0,242.01,290.41,66,67,60.8,0.29,50
Red Dhal,Grocery/Staple,2024,34,238,0,243.22,291.86,50,49,56.5,0.29,59
Red Dhal,Grocery/Staple,2024,35,231,0,243.28,291.94,59,61,59,0.29,55
Red Dhal,Grocery/Staple,2024,36,224,0,243.19,291.83,55,66,57.5,0.29,53
Red Dhal,Grocery/Staple,2024,37,217,0,242.42,290.9,53,50,54.2,0.29,57
Red Dhal,Grocery/Staple,2024,38,210,0,244.41,293.29,57,59,56,0.29,63
Red Dhal,Grocery/Staple,2024,39,203,0,239.75,287.7,63,55,57,0.29,46
Red Dhal,Grocery/Staple,2024,40,196,0,244.7,293.64,46,53,54.8,0.29,69
Red Dhal,Grocery/Staple,2024,41,189,0,243.31,291.97,69,57,58.8,0.29,53
Red Dhal,Grocery/Staple,2024,42,182,0,242.59,291.11,53,63,57.8,0.29,50
Red Dhal,Grocery/Staple,2024,43,175,0,245.31,294.37,50,46,54.5,0.29,67
Red Dhal,Grocery/Staple,2024,44,168,0,243.79,292.55,67,69,59.8,0.29,54
Red Dhal,Grocery/Staple,2024,45,161,0,244.03,292.84,54,53,56,0.29,53
Red Dhal,Grocery/Staple,2024,46,154,0,243.48,292.18,53,50,56,0.29,79
Red Dhal,Grocery/Staple,2024,47,147,0,244.59,293.51,79,67,63.2,0.29,75
Red Dhal,Grocery/Staple,2024,48,140,0,247.1,296.52,75,54,65.2,0.29,47
Red Dhal,Grocery/Staple,2024,49,133,0,242.38,290.86,47,53,63.5,0.29,43
Red Dhal,Grocery/Staple,2024,50,126,0,246.42,295.7,43,79,61,0.29,68
Red Dhal,Grocery/Staple,2024,51,119,0,246.32,295.58,68,75,58.2,0.29,68
Red Dhal,Grocery/Staple,2024,52,112,0,245.65,294.78,68,47,56.5,0.29,44
Red Dhal,Grocery/Staple,2025,1,105,0,244.4,293.28,44,43,55.8,0.29,62
Red Dhal,Grocery/Staple,2025,2,98,0,247.85,297.42,62,68,60.5,0.29,65
Red Dhal,Grocery/Staple,2025,3,91,0,248.06,297.67,65,68,59.8,0.29,87
Red Dhal,Grocery/Staple,2025,4,84,0,246.32,295.58,87,44,64.5,0.29,51
Red Dhal,Grocery/Staple,2025,5,77,0,241.62,289.94,51,62,66.2,0.29,65
Red Dhal,Grocery/Staple,2025,6,70,0,244.36,293.23,65,65,67,0.29,55
Red Dhal,Grocery/Staple,2025,7,63,0,245.18,294.22,55,87,64.5,0.29,51
Red Dhal,Grocery/Staple,2025,8,56,0,246.02,295.22,51,51,55.5,0.29,43
Red Dhal,Grocery/Staple,2025,9,49,0,242.11,290.53,43,65,53.5,0.29,47
Red Dhal,Grocery/Staple,2025,10,42,0,245.93,295.12,47,55,49,0.29,70
Red Dhal,Grocery/Staple,2025,11,35,0,243.75,292.5,70,51,52.8,0.29,53
Red Dhal,Grocery/Staple,2025,12,28,0,246.83,296.2,53,43,53.2,0.29,57
Red Dhal,Grocery/Staple,2025,13,21,1,244.74,293.69,57,47,56.8,0.29,68
Red Dhal,Grocery/Staple,2025,14,14,1,248.61,298.33,68,70,62,0.29,87
Red Dhal,Grocery/Staple,2025,15,7,1,258.75,310.5,87,53,66.2,0.29,115
Red Dhal,Grocery/Staple,2025,16,0,1,248.48,298.18,115,57,81.8,0.29,133
Red Dhal,Grocery/Staple,2025,17,358,0,243.06,291.67,133,68,100.8,0.29,47
Red Dhal,Grocery/Staple,2025,18,351,0,248.06,297.67,47,87,95.5,0.29,77
Red Dhal,Grocery/Staple,2025,19,344,0,247.0,296.4,77,115,93,0.29,67
Red Dhal,Grocery/Staple,2025,20,337,0,247.36,296.83,67,133,81,0.29,88
Red Dhal,Grocery/Staple,2025,21,330,0,246.12,295.34,88,47,69.8,0.29,59
Red Dhal,Grocery/Staple,2025,22,323,0,245.84,295.01,59,77,72.8,0.29,54
Red Dhal,Grocery/Staple,2025,23,316,0,245.72,294.86,54,67,67,0.29,71
Red Dhal,Grocery/Staple,2025,24,309,0,248.51,298.21,71,88,68,0.29,54
Red Dhal,Grocery/Staple,2025,25,302,0,247.82,297.38,54,59,59.5,0.29,55
Red Dhal,Grocery/Staple,2025,26,295,0,244.9,293.88,55,54,58.5,0.29,37
Red Dhal,Grocery/Staple,2025,27,288,0,247.62,297.14,37,71,54.2,0.29,53
Red Dhal,Grocery/Staple,2025,28,281,0,246.1,295.32,53,54,49.8,0.29,64
Red Dhal,Grocery/Staple,2025,29,274,0,247.38,296.86,64,55,52.2,0.29,69
Red Dhal,Grocery/Staple,2025,30,267,0,245.33,294.4,69,37,55.8,0.29,47
Red Dhal,Grocery/Staple,2025,31,260,0,246.02,295.22,47,53,58.2,0.29,71
Red Dhal,Grocery/Staple,2025,32,253,0,246.99,296.39,71,64,62.8,0.29,51
Red Dhal,Grocery/Staple,2025,33,246,0,250.95,301.14,51,69,59.5,0.29,55
Red Dhal,Grocery/Staple,2025,34,239,0,244.51,293.41,55,47,56,0.29,48
Red Dhal,Grocery/Staple,2025,35,232,0,247.56,297.07,48,71,56.2,0.29,42
Red Dhal,Grocery/Staple,2025,36,225,0,245.79,294.95,42,51,49,0.29,57
Red Dhal,Grocery/Staple,2025,37,218,0,249.78,299.74,57,55,50.5,0.29,56
Red Dhal,Grocery/Staple,2025,38,211,0,244.7,293.64,56,48,50.8,0.29,59
Red Dhal,Grocery/Staple,2025,39,204,0,248.69,298.43,59,42,53.5,0.29,79
Red Dhal,Grocery/Staple,2025,40,197,0,247.86,297.43,79,57,62.8,0.29,59
Red Dhal,Grocery/Staple,2025,41,190,0,247.9,297.48,59,56,63.2,0.29,75
Red Dhal,Grocery/Staple,2025,42,183,0,245.21,294.25,75,59,68,0.29,58
Red Dhal,Grocery/Staple,2025,43,176,0,245.63,294.76,58,79,67.8,0.29,58
Red Dhal,Grocery/Staple,2025,44,169,0,249.54,299.45,58,59,62.5,0.29,54
Red Dhal,Grocery/Staple,2025,45,162,0,245.59,294.71,54,75,61.2,0.29,85
Red Dhal,Grocery/Staple,2025,46,155,0,247.07,296.48,85,58,63.8,0.29,39
Red Dhal,Grocery/Staple,2025,47,148,0,247.29,296.75,39,58,59,0.29,78
Red Dhal,Grocery/Staple,2025,48,141,0,248.8,298.56,78,54,64,0.29,72
Red Dhal,Grocery/Staple,2025,49,134,0,246.72,296.06,72,85,68.5,0.29,62
Red Dhal,Grocery/Staple,2025,50,127,0,249.14,298.97,62,39,62.8,0.29,76
Red Dhal,Grocery/Staple,2025,51,120,0,247.78,297.34,76,78,72,0.29,49
Red Dhal,Grocery/Staple,2025,52,113,0,247.02,296.42,49,72,64.8,0.29,68
Red Dhal,Grocery/Staple,2026,1,106,0,249.45,299.34,68,62,63.8,0.29,60
Red Dhal,Grocery/Staple,2026,2,99,0,246.67,296.0,60,76,63.2,0.29,51
Red Dhal,Grocery/Staple,2026,3,92,0,248.58,298.3,51,49,57,0.29,65
Red Dhal,Grocery/Staple,2026,4,85,0,246.3,295.56,65,68,61,0.29,79
Red Dhal,Grocery/Staple,2026,5,78,0,247.49,296.99,79,60,63.8,0.29,36
Red Dhal,Grocery/Staple,2026,6,71,0,246.78,296.14,36,51,57.8,0.29,67
Red Dhal,Grocery/Staple,2026,7,64,0,248.94,298.73,67,65,61.8,0.29,64
Red Dhal,Grocery/Staple,2026,8,57,0,247.58,297.1,64,79,61.5,0.29,82
Red Dhal,Grocery/Staple,2026,9,50,0,246.53,295.84,82,36,62.2,0.29,98
Red Dhal,Grocery/Staple,2026,10,43,0,248.58,298.3,98,67,77.8,0.29,72
Red Dhal,Grocery/Staple,2026,11,36,0,246.13,295.36,72,64,79,0.29,40
Red Dhal,Grocery/Staple,2026,12,29,0,246.7,296.04,40,82,73,0.29,90
Red Dhal,Grocery/Staple,2026,13,22,0,246.58,295.9,90,98,75,0.29,74
Red Dhal,Grocery/Staple,2026,14,15,1,246.13,295.36,74,72,69,0.29,79
Red Dhal,Grocery/Staple,2026,15,8,1,259.01,310.81,79,40,70.8,0.29,117
Red Dhal,Grocery/Staple,2026,16,1,1,251.97,302.36,117,90,90,0.29,140
Red Dhal,Grocery/Staple,2026,17,359,0,247.73,297.28,140,74,102.5,0.29,69
Red Dhal,Grocery/Staple,2026,18,352,0,247.22,296.66,69,79,101.2,0.29,51
Red Dhal,Grocery/Staple,2026,19,345,0,246.7,296.04,51,117,94.2,0.29,54
Red Dhal,Grocery/Staple,2026,20,338,0,246.49,295.79,54,140,78.5,0.29,58
Red Dhal,Grocery/Staple,2026,21,331,0,246.91,296.29,58,69,58,0.29,61
Red Dhal,Grocery/Staple,2026,22,324,0,249.09,298.91,61,51,56,0.29,81
Red Dhal,Grocery/Staple,2026,23,317,0,250.63,300.76,81,54,63.5,0.29,56
Red Dhal,Grocery/Staple,2026,24,310,0,251.41,301.69,56,58,64,0.0,22
Green Gram,Grocery/Staple,2022,24,305,0,471.57,565.88,31,31,31,0.29,31
Green Gram,Grocery/Staple,2022,25,298,0,483.16,579.79,31,34,31,0.29,34
Green Gram,Grocery/Staple,2022,26,291,0,500.2,600.24,34,28,32.5,0.29,28
Green Gram,Grocery/Staple,2022,27,284,0,509.62,611.54,28,28,31,0.29,28
Green Gram,Grocery/Staple,2022,28,277,0,528.94,634.73,28,31,30.2,0.29,22
Green Gram,Grocery/Staple,2022,29,270,0,536.19,643.43,22,34,28,0.29,23
Green Gram,Grocery/Staple,2022,30,263,0,545.23,654.28,23,28,25.2,0.29,17
Green Gram,Grocery/Staple,2022,31,256,0,566.63,679.96,17,28,22.5,0.29,15
Green Gram,Grocery/Staple,2022,32,249,0,570.85,685.02,15,22,19.2,0.29,13
Green Gram,Grocery/Staple,2022,33,242,0,579.68,695.62,13,23,17,0.29,20
Green Gram,Grocery/Staple,2022,34,235,0,591.18,709.42,20,17,16.2,0.29,25
Green Gram,Grocery/Staple,2022,35,228,0,613.48,736.18,25,15,18.2,0.29,19
Green Gram,Grocery/Staple,2022,36,221,0,615.52,738.62,19,13,19.2,0.29,19
Green Gram,Grocery/Staple,2022,37,214,0,632.62,759.14,19,20,20.8,0.29,32
Green Gram,Grocery/Staple,2022,38,207,0,647.4,776.88,32,25,23.8,0.29,13
Green Gram,Grocery/Staple,2022,39,200,0,658.02,789.62,13,19,20.8,0.29,16
Green Gram,Grocery/Staple,2022,40,193,0,660.64,792.77,16,19,20,0.29,11
Green Gram,Grocery/Staple,2022,41,186,0,676.3,811.56,11,32,18,0.29,25
Green Gram,Grocery/Staple,2022,42,179,0,681.26,817.51,25,13,16.2,0.29,24
Green Gram,Grocery/Staple,2022,43,172,0,700.39,840.47,24,16,19,0.29,22
Green Gram,Grocery/Staple,2022,44,165,0,699.31,839.17,22,11,20.5,0.29,18
Green Gram,Grocery/Staple,2022,45,158,0,715.65,858.78,18,25,22.2,0.29,22
Green Gram,Grocery/Staple,2022,46,151,0,724.24,869.09,22,24,21.5,0.29,23
Green Gram,Grocery/Staple,2022,47,144,0,736.53,883.84,23,22,21.2,0.29,25
Green Gram,Grocery/Staple,2022,48,137,0,748.5,898.2,25,18,22,0.29,25
Green Gram,Grocery/Staple,2022,49,130,0,751.33,901.6,25,22,23.8,0.29,26
Green Gram,Grocery/Staple,2022,50,123,0,768.12,921.74,26,23,24.8,0.29,35
Green Gram,Grocery/Staple,2022,51,116,0,785.65,942.78,35,25,27.8,0.29,12
Green Gram,Grocery/Staple,2022,52,109,0,797.24,956.69,12,25,24.5,0.29,23
Green Gram,Grocery/Staple,2023,1,102,0,795.67,954.8,23,26,24,0.29,25
Green Gram,Grocery/Staple,2023,2,95,0,805.85,967.02,25,35,23.8,0.29,25
Green Gram,Grocery/Staple,2023,3,88,0,821.9,986.28,25,12,21.2,0.29,23
Green Gram,Grocery/Staple,2023,4,81,0,823.27,987.92,23,23,24,0.29,22
Green Gram,Grocery/Staple,2023,5,74,0,843.41,1012.09,22,25,23.8,0.29,22
Green Gram,Grocery/Staple,2023,6,67,0,844.47,1013.36,22,25,23,0.29,17
Green Gram,Grocery/Staple,2023,7,60,0,849.7,1019.64,17,23,21,0.29,24
Green Gram,Grocery/Staple,2023,8,53,0,864.35,1037.22,24,22,21.2,0.29,15
Green Gram,Grocery/Staple,2023,9,46,0,878.13,1053.76,15,22,19.5,0.29,18
Green Gram,Grocery/Staple,2023,10,39,0,868.09,1041.71,18,17,18.5,0.29,11
Green Gram,Grocery/Staple,2023,11,32,0,861.66,1033.99,11,24,17,0.29,16
Green Gram,Grocery/Staple,2023,12,25,0,855.55,1026.66,16,15,15,0.29,20
Green Gram,Grocery/Staple,2023,13,18,1,871.86,1046.23,20,18,16.2,0.29,22
Green Gram,Grocery/Staple,2023,14,11,1,888.52,1066.22,22,11,17.2,0.29,45
Green Gram,Grocery/Staple,2023,15,4,1,881.15,1057.38,45,16,25.8,0.29,63
Green Gram,Grocery/Staple,2023,16,363,0,844.48,1013.38,63,20,37.5,0.29,23
Green Gram,Grocery/Staple,2023,17,356,0,845.85,1015.02,23,22,38.2,0.29,20
Green Gram,Grocery/Staple,2023,18,349,0,852.48,1022.98,20,45,37.8,0.29,25
Green Gram,Grocery/Staple,2023,19,342,0,844.34,1013.21,25,63,32.8,0.29,21
Green Gram,Grocery/Staple,2023,20,335,0,850.6,1020.72,21,23,22.2,0.29,32
Green Gram,Grocery/Staple,2023,21,328,0,838.28,1005.94,32,20,24.5,0.29,18
Green Gram,Grocery/Staple,2023,22,321,0,845.73,1014.88,18,25,24,0.29,23
Green Gram,Grocery/Staple,2023,23,314,0,841.78,1010.14,23,21,23.5,0.29,24
Green Gram,Grocery/Staple,2023,24,307,0,834.12,1000.94,24,32,24.2,0.29,20
Green Gram,Grocery/Staple,2023,25,300,0,830.69,996.83,20,18,21.2,0.29,28
Green Gram,Grocery/Staple,2023,26,293,0,840.01,1008.01,28,23,23.8,0.29,21
Green Gram,Grocery/Staple,2023,27,286,0,824.28,989.14,21,24,23.2,0.29,22
Green Gram,Grocery/Staple,2023,28,279,0,829.07,994.88,22,20,22.8,0.29,24
Green Gram,Grocery/Staple,2023,29,272,0,835.67,1002.8,24,28,23.8,0.29,17
Green Gram,Grocery/Staple,2023,30,265,0,824.63,989.56,17,21,21,0.29,31
Green Gram,Grocery/Staple,2023,31,258,0,817.27,980.72,31,22,23.5,0.29,19
Green Gram,Grocery/Staple,2023,32,251,0,821.22,985.46,19,24,22.8,0.29,18
Green Gram,Grocery/Staple,2023,33,244,0,823.29,987.95,18,17,21.2,0.29,23
Green Gram,Grocery/Staple,2023,34,237,0,808.72,970.46,23,31,22.8,0.29,22
Green Gram,Grocery/Staple,2023,35,230,0,807.74,969.29,22,19,20.5,0.29,16
Green Gram,Grocery/Staple,2023,36,223,0,812.13,974.56,16,18,19.8,0.29,25
Green Gram,Grocery/Staple,2023,37,216,0,800.95,961.14,25,23,21.5,0.29,24
Green Gram,Grocery/Staple,2023,38,209,0,797.1,956.52,24,22,21.8,0.29,30
Green Gram,Grocery/Staple,2023,39,202,0,797.82,957.38,30,16,23.8,0.29,20
Green Gram,Grocery/Staple,2023,40,195,0,797.93,957.52,20,25,24.8,0.29,19
Green Gram,Grocery/Staple,2023,41,188,0,796.85,956.22,19,24,23.2,0.29,16
Green Gram,Grocery/Staple,2023,42,181,0,793.78,952.54,16,30,21.2,0.29,25
Green Gram,Grocery/Staple,2023,43,174,0,790.68,948.82,25,20,20,0.29,23
Green Gram,Grocery/Staple,2023,44,167,0,792.49,950.99,23,19,20.8,0.29,25
Green Gram,Grocery/Staple,2023,45,160,0,781.2,937.44,25,16,22.2,0.29,18
Green Gram,Grocery/Staple,2023,46,153,0,780.04,936.05,18,25,22.8,0.29,40
Green Gram,Grocery/Staple,2023,47,146,0,773.84,928.61,40,23,26.5,0.29,26
Green Gram,Grocery/Staple,2023,48,139,0,783.88,940.66,26,25,27.2,0.29,30
Green Gram,Grocery/Staple,2023,49,132,0,770.75,924.9,30,18,28.5,0.29,13
Green Gram,Grocery/Staple,2023,50,125,0,768.91,922.69,13,40,27.2,0.29,32
Green Gram,Grocery/Staple,2023,51,118,0,771.18,925.42,32,26,25.2,0.29,29
Green Gram,Grocery/Staple,2023,52,111,0,761.49,913.79,29,30,26,0.29,25
Green Gram,Grocery/Staple,2024,1,104,0,758.12,909.74,25,13,24.8,0.29,11
Green Gram,Grocery/Staple,2024,2,97,0,765.39,918.47,11,32,24.2,0.29,17
Green Gram,Grocery/Staple,2024,3,90,0,765.8,918.96,17,29,20.5,0.29,41
Green Gram,Grocery/Staple,2024,4,83,0,755.05,906.06,41,25,23.5,0.29,15
Green Gram,Grocery/Staple,2024,5,76,0,764.5,917.4,15,11,21,0.29,30
Green Gram,Grocery/Staple,2024,6,69,0,756.7,908.04,30,17,25.8,0.29,37
Green Gram,Grocery/Staple,2024,7,62,0,758.64,910.37,37,41,30.8,0.29,15
Green Gram,Grocery/Staple,2024,8,55,0,750.95,901.14,15,15,24.2,0.29,26
Green Gram,Grocery/Staple,2024,9,48,0,761.81,914.17,26,30,27,0.29,19
Green Gram,Grocery/Staple,2024,10,41,0,766.33,919.6,19,37,24.2,0.29,25
Green Gram,Grocery/Staple,2024,11,34,0,766.99,920.39,25,15,21.2,0.29,15
Green Gram,Grocery/Staple,2024,12,27,0,753.4,904.08,15,26,21.2,0.29,18
Green Gram,Grocery/Staple,2024,13,20,1,758.91,910.69,18,19,19.2,0.29,25
Green Gram,Grocery/Staple,2024,14,13,1,762.73,915.28,25,25,20.8,0.29,29
Green Gram,Grocery/Staple,2024,15,6,1,796.73,956.08,29,15,21.8,0.29,45
Green Gram,Grocery/Staple,2024,16,364,0,755.02,906.02,45,18,29.2,0.29,12
Green Gram,Grocery/Staple,2024,17,357,0,763.36,916.03,12,25,27.8,0.29,27
Green Gram,Grocery/Staple,2024,18,350,0,759.34,911.21,27,29,28.2,0.29,24
Green Gram,Grocery/Staple,2024,19,343,0,752.1,902.52,24,45,27,0.29,30
Green Gram,Grocery/Staple,2024,20,336,0,749.75,899.7,30,12,23.2,0.29,20
Green Gram,Grocery/Staple,2024,21,329,0,746.35,895.62,20,27,25.2,0.29,28
Green Gram,Grocery/Staple,2024,22,322,0,760.86,913.03,28,24,25.5,0.29,21
Green Gram,Grocery/Staple,2024,23,315,0,753.8,904.56,21,30,24.8,0.29,17
Green Gram,Grocery/Staple,2024,24,308,0,756.9,908.28,17,20,21.5,0.29,28
Green Gram,Grocery/Staple,2024,25,301,0,753.04,903.65,28,28,23.5,0.29,27
Green Gram,Grocery/Staple,2024,26,294,0,763.7,916.44,27,21,23.2,0.29,21
Green Gram,Grocery/Staple,2024,27,287,0,756.15,907.38,21,17,23.2,0.29,20
Green Gram,Grocery/Staple,2024,28,280,0,755.26,906.31,20,28,24,0.29,26
Green Gram,Grocery/Staple,2024,29,273,0,755.11,906.13,26,27,23.5,0.29,30
Green Gram,Grocery/Staple,2024,30,266,0,759.65,911.58,30,21,24.2,0.29,25
Green Gram,Grocery/Staple,2024,31,259,0,755.81,906.97,25,20,25.2,0.29,20
Green Gram,Grocery/Staple,2024,32,252,0,761.82,914.18,20,26,25.2,0.29,21
Green Gram,Grocery/Staple,2024,33,245,0,765.41,918.49,21,30,24,0.29,24
Green Gram,Grocery/Staple,2024,34,238,0,761.17,913.4,24,25,22.5,0.29,19
Green Gram,Grocery/Staple,2024,35,231,0,759.54,911.45,19,20,21,0.29,21
Green Gram,Grocery/Staple,2024,36,224,0,764.07,916.88,21,21,21.2,0.29,26
Green Gram,Grocery/Staple,2024,37,217,0,760.11,912.13,26,24,22.5,0.29,19
Green Gram,Grocery/Staple,2024,38,210,0,752.27,902.72,19,19,21.2,0.29,28
Green Gram,Grocery/Staple,2024,39,203,0,766.28,919.54,28,21,23.5,0.29,14
Green Gram,Grocery/Staple,2024,40,196,0,764.97,917.96,14,26,21.8,0.29,29
Green Gram,Grocery/Staple,2024,41,189,0,763.69,916.43,29,19,22.5,0.29,27
Green Gram,Grocery/Staple,2024,42,182,0,765.81,918.97,27,28,24.5,0.29,29
Green Gram,Grocery/Staple,2024,43,175,0,774.8,929.76,29,14,24.8,0.29,25
Green Gram,Grocery/Staple,2024,44,168,0,765.3,918.36,25,29,27.5,0.29,20
Green Gram,Grocery/Staple,2024,45,161,0,765.44,918.53,20,27,25.2,0.29,20
Green Gram,Grocery/Staple,2024,46,154,0,775.11,930.13,20,29,23.5,0.29,20
Green Gram,Grocery/Staple,2024,47,147,0,773.71,928.45,20,25,21.2,0.29,33
Green Gram,Grocery/Staple,2024,48,140,0,775.82,930.98,33,20,23.2,0.29,20
Green Gram,Grocery/Staple,2024,49,133,0,763.54,916.25,20,20,23.2,0.29,16
Green Gram,Grocery/Staple,2024,50,126,0,769.75,923.7,16,20,22.2,0.29,35
Green Gram,Grocery/Staple,2024,51,119,0,770.35,924.42,35,33,26,0.29,21
Green Gram,Grocery/Staple,2024,52,112,0,776.86,932.23,21,20,23,0.29,19
Green Gram,Grocery/Staple,2025,1,105,0,764.44,917.33,19,16,22.8,0.29,20
Green Gram,Grocery/Staple,2025,2,98,0,778.51,934.21,20,35,23.8,0.29,16
Green Gram,Grocery/Staple,2025,3,91,0,778.58,934.3,16,21,19,0.29,26
Green Gram,Grocery/Staple,2025,4,84,0,766.46,919.75,26,19,20.2,0.29,20
Green Gram,Grocery/Staple,2025,5,77,0,774.63,929.56,20,20,20.5,0.29,34
Green Gram,Grocery/Staple,2025,6,70,0,767.82,921.38,34,16,24,0.29,22
Green Gram,Grocery/Staple,2025,7,63,0,775.58,930.7,22,26,25.5,0.29,33
Green Gram,Grocery/Staple,2025,8,56,0,768.24,921.89,33,20,27.2,0.29,18
Green Gram,Grocery/Staple,2025,9,49,0,773.58,928.3,18,34,26.8,0.29,14
Green Gram,Grocery/Staple,2025,10,42,0,767.79,921.35,14,22,21.8,0.29,11
Green Gram,Grocery/Staple,2025,11,35,0,773.82,928.58,11,33,19,0.29,18
Green Gram,Grocery/Staple,2025,12,28,0,772.17,926.6,18,18,15.2,0.29,33
Green Gram,Grocery/Staple,2025,13,21,1,766.69,920.03,33,14,19,0.29,25
Green Gram,Grocery/Staple,2025,14,14,1,779.99,935.99,25,11,21.8,0.29,52
Green Gram,Grocery/Staple,2025,15,7,1,799.65,959.58,52,18,32,0.29,58
Green Gram,Grocery/Staple,2025,16,0,1,776.68,932.02,58,33,42,0.29,45
Green Gram,Grocery/Staple,2025,17,358,0,780.75,936.9,45,25,45,0.29,26
Green Gram,Grocery/Staple,2025,18,351,0,771.92,926.3,26,52,45.2,0.29,19
Green Gram,Grocery/Staple,2025,19,344,0,771.49,925.79,19,58,37,0.29,23
Green Gram,Grocery/Staple,2025,20,337,0,773.03,927.64,23,45,28.2,0.29,22
Green Gram,Grocery/Staple,2025,21,330,0,778.65,934.38,22,26,22.5,0.29,28
Green Gram,Grocery/Staple,2025,22,323,0,770.41,924.49,28,19,23,0.29,19
Green Gram,Grocery/Staple,2025,23,316,0,779.06,934.87,19,23,23,0.29,22
Green Gram,Grocery/Staple,2025,24,309,0,770.43,924.52,22,22,22.8,0.29,16
Green Gram,Grocery/Staple,2025,25,302,0,768.99,922.79,16,28,21.2,0.29,25
Green Gram,Grocery/Staple,2025,26,295,0,766.67,920.0,25,19,20.5,0.29,44
Green Gram,Grocery/Staple,2025,27,288,0,769.19,923.03,44,22,26.8,0.29,16
Green Gram,Grocery/Staple,2025,28,281,0,772.68,927.22,16,16,25.2,0.29,31
Green Gram,Grocery/Staple,2025,29,274,0,779.76,935.71,31,25,29,0.29,35
Green Gram,Grocery/Staple,2025,30,267,0,778.21,933.85,35,44,31.5,0.29,33
Green Gram,Grocery/Staple,2025,31,260,0,772.48,926.98,33,16,28.8,0.29,24
Green Gram,Grocery/Staple,2025,32,253,0,779.54,935.45,24,31,30.8,0.29,34
Green Gram,Grocery/Staple,2025,33,246,0,770.74,924.89,34,35,31.5,0.29,11
Green Gram,Grocery/Staple,2025,34,239,0,777.49,932.99,11,33,25.5,0.29,31
Green Gram,Grocery/Staple,2025,35,232,0,781.26,937.51,31,24,25,0.29,24
Green Gram,Grocery/Staple,2025,36,225,0,766.26,919.51,24,34,25,0.29,26
Green Gram,Grocery/Staple,2025,37,218,0,766.66,919.99,26,11,23,0.29,17
Green Gram,Grocery/Staple,2025,38,211,0,783.53,940.24,17,31,24.5,0.29,22
Green Gram,Grocery/Staple,2025,39,204,0,781.24,937.49,22,24,22.2,0.29,34
Green Gram,Grocery/Staple,2025,40,197,0,772.07,926.48,34,26,24.8,0.29,23
Green Gram,Grocery/Staple,2025,41,190,0,768.08,921.7,23,17,24,0.29,16
Green Gram,Grocery/Staple,2025,42,183,0,779.48,935.38,16,22,23.8,0.29,17
Green Gram,Grocery/Staple,2025,43,176,0,769.39,923.27,17,34,22.5,0.29,40
Green Gram,Grocery/Staple,2025,44,169,0,776.69,932.03,40,23,24,0.29,38
Green Gram,Grocery/Staple,2025,45,162,0,771.75,926.1,38,16,27.8,0.29,24
Green Gram,Grocery/Staple,2025,46,155,0,774.25,929.1,24,17,29.8,0.29,21
Green Gram,Grocery/Staple,2025,47,148,0,774.75,929.7,21,40,30.8,0.29,34
Green Gram,Grocery/Staple,2025,48,141,0,782.28,938.74,34,38,29.2,0.29,11
Green Gram,Grocery/Staple,2025,49,134,0,786.65,943.98,11,24,22.5,0.29,41
Green Gram,Grocery/Staple,2025,50,127,0,776.8,932.16,41,21,26.8,0.29,24
Green Gram,Grocery/Staple,2025,51,120,0,777.75,933.3,24,34,27.5,0.29,29
Green Gram,Grocery/Staple,2025,52,113,0,779.41,935.29,29,11,26.2,0.29,26
Green Gram,Grocery/Staple,2026,1,106,0,773.65,928.38,26,41,30,0.29,24
Green Gram,Grocery/Staple,2026,2,99,0,777.89,933.47,24,24,25.8,0.29,13
Green Gram,Grocery/Staple,2026,3,92,0,784.71,941.65,13,29,23,0.29,41
Green Gram,Grocery/Staple,2026,4,85,0,777.99,933.59,41,26,26,0.29,30
Green Gram,Grocery/Staple,2026,5,78,0,775.99,931.19,30,24,27,0.29,26
Green Gram,Grocery/Staple,2026,6,71,0,783.26,939.91,26,13,27.5,0.29,30
Green Gram,Grocery/Staple,2026,7,64,0,778.95,934.74,30,41,31.8,0.29,11
Green Gram,Grocery/Staple,2026,8,57,0,782.24,938.69,11,30,24.2,0.29,18
Green Gram,Grocery/Staple,2026,9,50,0,776.09,931.31,18,26,21.2,0.29,27
Green Gram,Grocery/Staple,2026,10,43,0,781.33,937.6,27,30,21.5,0.29,27
Green Gram,Grocery/Staple,2026,11,36,0,775.21,930.25,27,11,20.8,0.29,41
Green Gram,Grocery/Staple,2026,12,29,0,780.19,936.23,41,18,28.2,0.29,33
Green Gram,Grocery/Staple,2026,13,22,0,782.95,939.54,33,27,32,0.29,16
Green Gram,Grocery/Staple,2026,14,15,1,788.08,945.7,16,27,29.2,0.29,15
Green Gram,Grocery/Staple,2026,15,8,1,810.01,972.01,15,41,26.2,0.29,67
Green Gram,Grocery/Staple,2026,16,1,1,797.13,956.56,67,33,32.8,0.29,45
Green Gram,Grocery/Staple,2026,17,359,0,782.61,939.13,45,16,35.8,0.29,22
Green Gram,Grocery/Staple,2026,18,352,0,778.55,934.26,22,15,37.2,0.29,32
Green Gram,Grocery/Staple,2026,19,345,0,780.77,936.92,32,67,41.5,0.29,15
Green Gram,Grocery/Staple,2026,20,338,0,773.4,928.08,15,45,28.5,0.29,25
Green Gram,Grocery/Staple,2026,21,331,0,780.53,936.64,25,22,23.5,0.29,17
Green Gram,Grocery/Staple,2026,22,324,0,787.95,945.54,17,32,22.2,0.29,25
Green Gram,Grocery/Staple,2026,23,317,0,782.45,938.94,25,15,20.5,0.29,26
Green Gram,Grocery/Staple,2026,24,310,0,781.3,937.56,26,25,23.2,0.0,14
Cowpea,Grocery/Staple,2022,24,305,0,455.71,546.85,15,15,15,0.29,15
Cowpea,Grocery/Staple,2022,25,298,0,468.42,562.1,15,19,15,0.29,19
Cowpea,Grocery/Staple,2022,26,291,0,475.48,570.58,19,30,17,0.29,30
Cowpea,Grocery/Staple,2022,27,284,0,495.8,594.96,30,28,21.3,0.29,28
Cowpea,Grocery/Staple,2022,28,277,0,503.11,603.73,28,15,23,0.29,17
Cowpea,Grocery/Staple,2022,29,270,0,510.64,612.77,17,19,23.5,0.29,23
Cowpea,Grocery/Staple,2022,30,263,0,531.83,638.2,23,30,24.5,0.29,18
Cowpea,Grocery/Staple,2022,31,256,0,542.58,651.1,18,28,21.5,0.29,15
Cowpea,Grocery/Staple,2022,32,249,0,552.21,662.65,15,17,18.2,0.29,20
Cowpea,Grocery/Staple,2022,33,242,0,566.33,679.6,20,23,19,0.29,12
Cowpea,Grocery/Staple,2022,34,235,0,571.74,686.09,12,18,16.2,0.29,31
Cowpea,Grocery/Staple,2022,35,228,0,580.28,696.34,31,15,19.5,0.29,17
Cowpea,Grocery/Staple,2022,36,221,0,594.43,713.32,17,20,20,0.29,28
Cowpea,Grocery/Staple,2022,37,214,0,609.58,731.5,28,12,22,0.29,12
Cowpea,Grocery/Staple,2022,38,207,0,609.59,731.51,12,31,22,0.29,33
Cowpea,Grocery/Staple,2022,39,200,0,619.04,742.85,33,17,22.5,0.29,18
Cowpea,Grocery/Staple,2022,40,193,0,632.17,758.6,18,28,22.8,0.29,18
Cowpea,Grocery/Staple,2022,41,186,0,650.09,780.11,18,12,20.2,0.29,33
Cowpea,Grocery/Staple,2022,42,179,0,659.75,791.7,33,33,25.5,0.29,24
Cowpea,Grocery/Staple,2022,43,172,0,666.33,799.6,24,18,23.2,0.29,17
Cowpea,Grocery/Staple,2022,44,165,0,683.98,820.78,17,18,23,0.29,8
Cowpea,Grocery/Staple,2022,45,158,0,680.27,816.32,8,33,20.5,0.29,16
Cowpea,Grocery/Staple,2022,46,151,0,698.1,837.72,16,24,16.2,0.29,23
Cowpea,Grocery/Staple,2022,47,144,0,705.02,846.02,23,17,16,0.29,30
Cowpea,Grocery/Staple,2022,48,137,0,723.38,868.06,30,8,19.2,0.29,19
Cowpea,Grocery/Staple,2022,49,130,0,731.76,878.11,19,16,22,0.29,27
Cowpea,Grocery/Staple,2022,50,123,0,737.27,884.72,27,23,24.8,0.29,18
Cowpea,Grocery/Staple,2022,51,116,0,749.13,898.96,18,30,23.5,0.29,21
Cowpea,Grocery/Staple,2022,52,109,0,764.48,917.38,21,19,21.2,0.29,23
Cowpea,Grocery/Staple,2023,1,102,0,769.98,923.98,23,27,22.2,0.29,18
Cowpea,Grocery/Staple,2023,2,95,0,773.78,928.54,18,18,20,0.29,27
Cowpea,Grocery/Staple,2023,3,88,0,795.89,955.07,27,21,22.2,0.29,35
Cowpea,Grocery/Staple,2023,4,81,0,791.51,949.81,35,23,25.8,0.29,22
Cowpea,Grocery/Staple,2023,5,74,0,797.78,957.34,22,18,25.5,0.29,20
Cowpea,Grocery/Staple,2023,6,67,0,811.28,973.54,20,27,26,0.29,20
Cowpea,Grocery/Staple,2023,7,60,0,813.86,976.63,20,35,24.2,0.29,31
Cowpea,Grocery/Staple,2023,8,53,0,826.07,991.28,31,22,23.2,0.29,30
Cowpea,Grocery/Staple,2023,9,46,0,835.4,1002.48,30,20,25.2,0.29,32
Cowpea,Grocery/Staple,2023,10,39,0,836.38,1003.66,32,20,28.2,0.29,21
Cowpea,Grocery/Staple,2023,11,32,0,832.22,998.66,21,31,28.5,0.29,24
Cowpea,Grocery/Staple,2023,12,25,0,828.82,994.58,24,30,26.8,0.29,28
Cowpea,Grocery/Staple,2023,13,18,1,831.34,997.61,28,32,26.2,0.29,20
Cowpea,Grocery/Staple,2023,14,11,1,845.54,1014.65,20,21,23.2,0.29,55
Cowpea,Grocery/Staple,2023,15,4,1,857.18,1028.62,55,24,31.8,0.29,81
Cowpea,Grocery/Staple,2023,16,363,0,822.64,987.17,81,28,46,0.29,16
Cowpea,Grocery/Staple,2023,17,356,0,818.56,982.27,16,20,43,0.29,29
Cowpea,Grocery/Staple,2023,18,349,0,813.45,976.14,29,55,45.2,0.29,23
Cowpea,Grocery/Staple,2023,19,342,0,814.06,976.87,23,81,37.2,0.29,22
Cowpea,Grocery/Staple,2023,20,335,0,825.26,990.31,22,16,22.5,0.29,18
Cowpea,Grocery/Staple,2023,21,328,0,808.15,969.78,18,29,23,0.29,27
Cowpea,Grocery/Staple,2023,22,321,0,814.82,977.78,27,23,22.5,0.29,22
Cowpea,Grocery/Staple,2023,23,314,0,816.32,979.58,22,22,22.2,0.29,23
Cowpea,Grocery/Staple,2023,24,307,0,797.91,957.49,23,18,22.5,0.29,28
Cowpea,Grocery/Staple,2023,25,300,0,802.2,962.64,28,27,25,0.29,23
Cowpea,Grocery/Staple,2023,26,293,0,795.25,954.3,23,22,24,0.29,23
Cowpea,Grocery/Staple,2023,27,286,0,789.68,947.62,23,23,24.2,0.29,24
Cowpea,Grocery/Staple,2023,28,279,0,793.08,951.7,24,28,24.5,0.29,13
Cowpea,Grocery/Staple,2023,29,272,0,789.43,947.32,13,23,20.8,0.29,19
Cowpea,Grocery/Staple,2023,30,265,0,794.42,953.3,19,23,19.8,0.29,21
Cowpea,Grocery/Staple,2023,31,258,0,796.07,955.28,21,24,19.2,0.29,30
Cowpea,Grocery/Staple,2023,32,251,0,785.25,942.3,30,13,20.8,0.29,21
Cowpea,Grocery/Staple,2023,33,244,0,789.69,947.63,21,19,22.8,0.29,29
Cowpea,Grocery/Staple,2023,34,237,0,782.12,938.54,29,21,25.2,0.29,23
Cowpea,Grocery/Staple,2023,35,230,0,781.72,938.06,23,30,25.8,0.29,22
Cowpea,Grocery/Staple,2023,36,223,0,772.14,926.57,22,21,23.8,0.29,24
Cowpea,Grocery/Staple,2023,37,216,0,788.0,945.6,24,29,24.5,0.29,21
Cowpea,Grocery/Staple,2023,38,209,0,774.3,929.16,21,23,22.5,0.29,23
Cowpea,Grocery/Staple,2023,39,202,0,765.5,918.6,23,22,22.5,0.29,22
Cowpea,Grocery/Staple,2023,40,195,0,763.27,915.92,22,24,22.5,0.29,21
Cowpea,Grocery/Staple,2023,41,188,0,759.18,911.02,21,21,21.8,0.29,24
Cowpea,Grocery/Staple,2023,42,181,0,769.43,923.32,24,23,22.5,0.29,21
Cowpea,Grocery/Staple,2023,43,174,0,763.07,915.68,21,22,22,0.29,23
Cowpea,Grocery/Staple,2023,44,167,0,760.84,913.01,23,21,22.2,0.29,21
Cowpea,Grocery/Staple,2023,45,160,0,755.48,906.58,21,24,22.2,0.29,17
Cowpea,Grocery/Staple,2023,46,153,0,747.61,897.13,17,21,20.5,0.29,13
Cowpea,Grocery/Staple,2023,47,146,0,745.54,894.65,13,23,18.5,0.29,15
Cowpea,Grocery/Staple,2023,48,139,0,743.17,891.8,15,21,16.5,0.29,17
Cowpea,Grocery/Staple,2023,49,132,0,739.42,887.3,17,17,15.5,0.29,14
Cowpea,Grocery/Staple,2023,50,125,0,743.9,892.68,14,13,14.8,0.29,27
Cowpea,Grocery/Staple,2023,51,118,0,741.93,890.32,27,15,18.2,0.29,34
Cowpea,Grocery/Staple,2023,52,111,0,734.12,880.94,34,17,23,0.29,22
Cowpea,Grocery/Staple,2024,1,104,0,738.61,886.33,22,14,24.2,0.29,15
Cowpea,Grocery/Staple,2024,2,97,0,745.15,894.18,15,27,24.5,0.29,35
Cowpea,Grocery/Staple,2024,3,90,0,737.2,884.64,35,34,26.5,0.29,20
Cowpea,Grocery/Staple,2024,4,83,0,733.45,880.14,20,22,23,0.29,21
Cowpea,Grocery/Staple,2024,5,76,0,740.39,888.47,21,15,22.8,0.29,22
Cowpea,Grocery/Staple,2024,6,69,0,730.6,876.72,22,35,24.5,0.29,19
Cowpea,Grocery/Staple,2024,7,62,0,736.07,883.28,19,20,20.5,0.29,26
Cowpea,Grocery/Staple,2024,8,55,0,733.08,879.7,26,21,22,0.29,26
Cowpea,Grocery/Staple,2024,9,48,0,740.53,888.64,26,22,23.2,0.29,19
Cowpea,Grocery/Staple,2024,10,41,0,742.87,891.44,19,19,22.5,0.29,39
Cowpea,Grocery/Staple,2024,11,34,0,737.73,885.28,39,26,27.5,0.29,27
Cowpea,Grocery/Staple,2024,12,27,0,723.37,868.04,27,26,27.8,0.29,12
Cowpea,Grocery/Staple,2024,13,20,1,732.85,879.42,12,19,24.2,0.29,21
Cowpea,Grocery/Staple,2024,14,13,1,735.59,882.71,21,39,24.8,0.29,24
Cowpea,Grocery/Staple,2024,15,6,1,765.38,918.46,24,27,21,0.29,45
Cowpea,Grocery/Staple,2024,16,364,0,729.92,875.9,45,12,25.5,0.29,25
Cowpea,Grocery/Staple,2024,17,357,0,738.09,885.71,25,21,28.8,0.29,20
Cowpea,Grocery/Staple,2024,18,350,0,729.91,875.89,20,24,28.5,0.29,16
Cowpea,Grocery/Staple,2024,19,343,0,734.32,881.18,16,45,26.5,0.29,29
Cowpea,Grocery/Staple,2024,20,336,0,734.56,881.47,29,25,22.5,0.29,30
Cowpea,Grocery/Staple,2024,21,329,0,724.54,869.45,30,20,23.8,0.29,20
Cowpea,Grocery/Staple,2024,22,322,0,729.31,875.17,20,16,23.8,0.29,21
Cowpea,Grocery/Staple,2024,23,315,0,728.11,873.73,21,29,25,0.29,30
Cowpea,Grocery/Staple,2024,24,308,0,728.94,874.73,30,30,25.2,0.29,26
Cowpea,Grocery/Staple,2024,25,301,0,722.38,866.86,26,20,24.2,0.29,26
Cowpea,Grocery/Staple,2024,26,294,0,741.06,889.27,26,21,25.8,0.29,40
Cowpea,Grocery/Staple,2024,27,287,0,734.57,881.48,40,30,30.5,0.29,22
Cowpea,Grocery/Staple,2024,28,280,0,730.83,877.0,22,26,28.5,0.29,22
Cowpea,Grocery/Staple,2024,29,273,0,728.26,873.91,22,26,27.5,0.29,28
Cowpea,Grocery/Staple,2024,30,266,0,736.19,883.43,28,40,28,0.29,21
Cowpea,Grocery/Staple,2024,31,259,0,730.88,877.06,21,22,23.2,0.29,21
Cowpea,Grocery/Staple,2024,32,252,0,723.27,867.92,21,22,23,0.29,14
Cowpea,Grocery/Staple,2024,33,245,0,730.21,876.25,14,28,21,0.29,17
Cowpea,Grocery/Staple,2024,34,238,0,725.59,870.71,17,21,18.2,0.29,32
Cowpea,Grocery/Staple,2024,35,231,0,733.51,880.21,32,21,21,0.29,29
Cowpea,Grocery/Staple,2024,36,224,0,732.61,879.13,29,14,23,0.29,25
Cowpea,Grocery/Staple,2024,37,217,0,733.24,879.89,25,17,25.8,0.29,26
Cowpea,Grocery/Staple,2024,38,210,0,740.66,888.79,26,32,28,0.29,34
Cowpea,Grocery/Staple,2024,39,203,0,733.8,880.56,34,29,28.5,0.29,19
Cowpea,Grocery/Staple,2024,40,196,0,734.23,881.08,19,25,26,0.29,32
Cowpea,Grocery/Staple,2024,41,189,0,738.13,885.76,32,26,27.8,0.29,18
Cowpea,Grocery/Staple,2024,42,182,0,732.28,878.74,18,34,25.8,0.29,30
Cowpea,Grocery/Staple,2024,43,175,0,734.32,881.18,30,19,24.8,0.29,29
Cowpea,Grocery/Staple,2024,44,168,0,730.6,876.72,29,32,27.2,0.29,31
Cowpea,Grocery/Staple,2024,45,161,0,741.82,890.18,31,18,27,0.29,12
Cowpea,Grocery/Staple,2024,46,154,0,738.17,885.8,12,30,25.5,0.29,31
Cowpea,Grocery/Staple,2024,47,147,0,726.57,871.88,31,29,25.8,0.29,26
Cowpea,Grocery/Staple,2024,48,140,0,737.62,885.14,26,31,25,0.29,21
Cowpea,Grocery/Staple,2024,49,133,0,730.76,876.91,21,12,22.5,0.29,21
Cowpea,Grocery/Staple,2024,50,126,0,747.33,896.8,21,31,24.8,0.29,27
Cowpea,Grocery/Staple,2024,51,119,0,741.81,890.17,27,26,23.8,0.29,25
Cowpea,Grocery/Staple,2024,52,112,0,740.08,888.1,25,21,23.5,0.29,27
Cowpea,Grocery/Staple,2025,1,105,0,738.58,886.3,27,21,25,0.29,21
Cowpea,Grocery/Staple,2025,2,98,0,742.68,891.22,21,27,25,0.29,32
Cowpea,Grocery/Staple,2025,3,91,0,737.66,885.19,32,25,26.2,0.29,25
Cowpea,Grocery/Staple,2025,4,84,0,754.9,905.88,25,27,26.2,0.29,26
Cowpea,Grocery/Staple,2025,5,77,0,749.74,899.69,26,21,26,0.29,19
Cowpea,Grocery/Staple,2025,6,70,0,736.06,883.27,19,32,25.5,0.29,33
Cowpea,Grocery/Staple,2025,7,63,0,739.54,887.45,33,25,25.8,0.29,26
Cowpea,Grocery/Staple,2025,8,56,0,740.44,888.53,26,26,26,0.29,24
Cowpea,Grocery/Staple,2025,9,49,0,736.09,883.31,24,19,25.5,0.29,19
Cowpea,Grocery/Staple,2025,10,42,0,738.87,886.64,19,33,25.5,0.29,15
Cowpea,Grocery/Staple,2025,11,35,0,742.01,890.41,15,26,21,0.29,11
Cowpea,Grocery/Staple,2025,12,28,0,735.21,882.25,11,24,17.2,0.29,24
Cowpea,Grocery/Staple,2025,13,21,1,735.04,882.05,24,19,17.2,0.29,31
Cowpea,Grocery/Staple,2025,14,14,1,758.88,910.66,31,15,20.2,0.29,27
Cowpea,Grocery/Staple,2025,15,7,1,778.69,934.43,27,11,23.2,0.29,45
Cowpea,Grocery/Staple,2025,16,0,1,748.77,898.52,45,24,31.8,0.29,42
Cowpea,Grocery/Staple,2025,17,358,0,736.8,884.16,42,31,36.2,0.29,21
Cowpea,Grocery/Staple,2025,18,351,0,741.64,889.97,21,27,33.8,0.29,24
Cowpea,Grocery/Staple,2025,19,344,0,740.9,889.08,24,45,33,0.29,17
Cowpea,Grocery/Staple,2025,20,337,0,741.35,889.62,17,42,26,0.29,27
Cowpea,Grocery/Staple,2025,21,330,0,746.22,895.46,27,21,22.2,0.29,35
Cowpea,Grocery/Staple,2025,22,323,0,740.72,888.86,35,24,25.8,0.29,20
Cowpea,Grocery/Staple,2025,23,316,0,743.22,891.86,20,17,24.8,0.29,17
Cowpea,Grocery/Staple,2025,24,309,0,742.97,891.56,17,27,24.8,0.29,27
Cowpea,Grocery/Staple,2025,25,302,0,735.14,882.17,27,35,24.8,0.29,28
Cowpea,Grocery/Staple,2025,26,295,0,752.72,903.26,28,20,23,0.29,27
Cowpea,Grocery/Staple,2025,27,288,0,746.51,895.81,27,17,24.8,0.29,24
Cowpea,Grocery/Staple,2025,28,281,0,751.34,901.61,24,27,26.5,0.29,27
Cowpea,Grocery/Staple,2025,29,274,0,744.95,893.94,27,28,26.5,0.29,30
Cowpea,Grocery/Staple,2025,30,267,0,746.26,895.51,30,27,27,0.29,24
Cowpea,Grocery/Staple,2025,31,260,0,747.0,896.4,24,24,26.2,0.29,27
Cowpea,Grocery/Staple,2025,32,253,0,745.89,895.07,27,27,27,0.29,36
Cowpea,Grocery/Staple,2025,33,246,0,744.49,893.39,36,30,29.2,0.29,23
Cowpea,Grocery/Staple,2025,34,239,0,754.75,905.7,23,24,27.5,0.29,22
Cowpea,Grocery/Staple,2025,35,232,0,746.85,896.22,22,27,27,0.29,20
Cowpea,Grocery/Staple,2025,36,225,0,741.66,889.99,20,36,25.2,0.29,20
Cowpea,Grocery/Staple,2025,37,218,0,744.2,893.04,20,23,21.2,0.29,16
Cowpea,Grocery/Staple,2025,38,211,0,749.93,899.92,16,22,19.5,0.29,22
Cowpea,Grocery/Staple,2025,39,204,0,744.3,893.16,22,20,19.5,0.29,33
Cowpea,Grocery/Staple,2025,40,197,0,748.1,897.72,33,20,22.8,0.29,24
Cowpea,Grocery/Staple,2025,41,190,0,745.99,895.19,24,16,23.8,0.29,26
Cowpea,Grocery/Staple,2025,42,183,0,749.17,899.0,26,22,26.2,0.29,19
Cowpea,Grocery/Staple,2025,43,176,0,751.1,901.32,19,33,25.5,0.29,26
Cowpea,Grocery/Staple,2025,44,169,0,753.42,904.1,26,24,23.8,0.29,26
Cowpea,Grocery/Staple,2025,45,162,0,743.31,891.97,26,26,24.2,0.29,33
Cowpea,Grocery/Staple,2025,46,155,0,743.94,892.73,33,19,26,0.29,24
Cowpea,Grocery/Staple,2025,47,148,0,742.09,890.51,24,26,27.2,0.29,33
Cowpea,Grocery/Staple,2025,48,141,0,733.34,880.01,33,26,29,0.29,23
Cowpea,Grocery/Staple,2025,49,134,0,748.29,897.95,23,33,28.2,0.29,22
Cowpea,Grocery/Staple,2025,50,127,0,748.47,898.16,22,24,25.5,0.29,31
Cowpea,Grocery/Staple,2025,51,120,0,753.54,904.25,31,33,27.2,0.29,23
Cowpea,Grocery/Staple,2025,52,113,0,743.89,892.67,23,23,24.8,0.29,35
Cowpea,Grocery/Staple,2026,1,106,0,739.65,887.58,35,22,27.8,0.29,29
Cowpea,Grocery/Staple,2026,2,99,0,754.29,905.15,29,31,29.5,0.29,19
Cowpea,Grocery/Staple,2026,3,92,0,749.1,898.92,19,23,26.5,0.29,24
Cowpea,Grocery/Staple,2026,4,85,0,744.77,893.72,24,35,26.8,0.29,21
Cowpea,Grocery/Staple,2026,5,78,0,745.26,894.31,21,29,23.2,0.29,26
Cowpea,Grocery/Staple,2026,6,71,0,746.59,895.91,26,19,22.5,0.29,27
Cowpea,Grocery/Staple,2026,7,64,0,740.8,888.96,27,24,24.5,0.29,29
Cowpea,Grocery/Staple,2026,8,57,0,751.19,901.43,29,21,25.8,0.29,27
Cowpea,Grocery/Staple,2026,9,50,0,747.27,896.72,27,26,27.2,0.29,28
Cowpea,Grocery/Staple,2026,10,43,0,744.22,893.06,28,27,27.8,0.29,23
Cowpea,Grocery/Staple,2026,11,36,0,745.86,895.03,23,29,26.8,0.29,26
Cowpea,Grocery/Staple,2026,12,29,0,750.77,900.92,26,27,26,0.29,28
Cowpea,Grocery/Staple,2026,13,22,0,739.5,887.4,28,28,26.2,0.29,21
Cowpea,Grocery/Staple,2026,14,15,1,748.2,897.84,21,23,24.5,0.29,40
Cowpea,Grocery/Staple,2026,15,8,1,787.1,944.52,40,26,28.8,0.29,55
Cowpea,Grocery/Staple,2026,16,1,1,755.13,906.16,55,28,36,0.29,37
Cowpea,Grocery/Staple,2026,17,359,0,747.75,897.3,37,21,38.2,0.29,18
Cowpea,Grocery/Staple,2026,18,352,0,759.79,911.75,18,40,37.5,0.29,18
Cowpea,Grocery/Staple,2026,19,345,0,749.64,899.57,18,55,32,0.29,21
Cowpea,Grocery/Staple,2026,20,338,0,756.3,907.56,21,37,23.5,0.29,29
Cowpea,Grocery/Staple,2026,21,331,0,745.86,895.03,29,18,21.5,0.29,24
Cowpea,Grocery/Staple,2026,22,324,0,746.66,895.99,24,18,23,0.29,21
Cowpea,Grocery/Staple,2026,23,317,0,748.84,898.61,21,21,23.8,0.29,22
Cowpea,Grocery/Staple,2026,24,310,0,738.21,885.85,22,29,24,0.0,13
White Sugar,Grocery/Staple,2022,24,305,0,120.17,144.2,67,67,67,0.29,67
White Sugar,Grocery/Staple,2022,25,298,0,122.85,147.42,67,61,67,0.29,61
White Sugar,Grocery/Staple,2022,26,291,0,125.94,151.13,61,86,64,0.29,86
White Sugar,Grocery/Staple,2022,27,284,0,127.6,153.12,86,64,71.3,0.29,64
White Sugar,Grocery/Staple,2022,28,277,0,131.0,157.2,64,67,69.5,0.29,69
White Sugar,Grocery/Staple,2022,29,270,0,134.36,161.23,69,61,70,0.29,61
White Sugar,Grocery/Staple,2022,30,263,0,138.02,165.62,61,86,70,0.29,85
White Sugar,Grocery/Staple,2022,31,256,0,141.8,170.16,85,64,69.8,0.29,71
White Sugar,Grocery/Staple,2022,32,249,0,145.14,174.17,71,69,71.5,0.29,80
White Sugar,Grocery/Staple,2022,33,242,0,147.91,177.49,80,61,74.2,0.29,71
White Sugar,Grocery/Staple,2022,34,235,0,152.8,183.36,71,85,76.8,0.29,57
White Sugar,Grocery/Staple,2022,35,228,0,154.23,185.08,57,71,69.8,0.29,54
White Sugar,Grocery/Staple,2022,36,221,0,157.39,188.87,54,80,65.5,0.29,74
White Sugar,Grocery/Staple,2022,37,214,0,158.81,190.57,74,71,64,0.29,75
White Sugar,Grocery/Staple,2022,38,207,0,163.4,196.08,75,57,65,0.29,80
White Sugar,Grocery/Staple,2022,39,200,0,165.03,198.04,80,54,70.8,0.29,57
White Sugar,Grocery/Staple,2022,40,193,0,167.04,200.45,57,74,71.5,0.29,72
White Sugar,Grocery/Staple,2022,41,186,0,169.38,203.26,72,75,71,0.29,85
White Sugar,Grocery/Staple,2022,42,179,0,173.0,207.6,85,80,73.5,0.29,70
White Sugar,Grocery/Staple,2022,43,172,0,177.53,213.04,70,57,71,0.29,73
White Sugar,Grocery/Staple,2022,44,165,0,177.55,213.06,73,72,75,0.29,70
White Sugar,Grocery/Staple,2022,45,158,0,182.63,219.16,70,85,74.5,0.29,63
White Sugar,Grocery/Staple,2022,46,151,0,183.05,219.66,63,70,69,0.29,64
White Sugar,Grocery/Staple,2022,47,144,0,187.18,224.62,64,73,67.5,0.29,68
White Sugar,Grocery/Staple,2022,48,137,0,190.44,228.53,68,70,66.2,0.29,76
White Sugar,Grocery/Staple,2022,49,130,0,193.02,231.62,76,63,67.8,0.29,55
White Sugar,Grocery/Staple,2022,50,123,0,194.03,232.84,55,64,65.8,0.29,61
White Sugar,Grocery/Staple,2022,51,116,0,197.45,236.94,61,68,65,0.29,70
White Sugar,Grocery/Staple,2022,52,109,0,199.43,239.32,70,76,65.5,0.29,76
White Sugar,Grocery/Staple,2023,1,102,0,203.36,244.03,76,55,65.5,0.29,62
White Sugar,Grocery/Staple,2023,2,95,0,205.13,246.16,62,61,67.2,0.29,61
White Sugar,Grocery/Staple,2023,3,88,0,205.94,247.13,61,70,67.2,0.29,56
White Sugar,Grocery/Staple,2023,4,81,0,208.74,250.49,56,76,63.8,0.29,57
White Sugar,Grocery/Staple,2023,5,74,0,212.29,254.75,57,62,59,0.29,68
White Sugar,Grocery/Staple,2023,6,67,0,216.7,260.04,68,61,60.5,0.29,74
White Sugar,Grocery/Staple,2023,7,60,0,217.35,260.82,74,56,63.8,0.29,75
White Sugar,Grocery/Staple,2023,8,53,0,220.2,264.24,75,57,68.5,0.29,49
White Sugar,Grocery/Staple,2023,9,46,0,219.28,263.14,49,68,66.5,0.29,71
White Sugar,Grocery/Staple,2023,10,39,0,219.94,263.93,71,74,67.2,0.29,83
White Sugar,Grocery/Staple,2023,11,32,0,221.94,266.33,83,75,69.5,0.29,82
White Sugar,Grocery/Staple,2023,12,25,0,220.77,264.92,82,49,71.2,0.29,64
White Sugar,Grocery/Staple,2023,13,18,1,219.23,263.08,64,71,75,0.29,85
White Sugar,Grocery/Staple,2023,14,11,1,224.66,269.59,85,83,78.5,0.29,183
White Sugar,Grocery/Staple,2023,15,4,1,228.26,273.91,183,82,103.5,0.29,180
White Sugar,Grocery/Staple,2023,16,363,0,215.46,258.55,180,64,128,0.29,84
White Sugar,Grocery/Staple,2023,17,356,0,217.75,261.3,84,85,133,0.29,68
White Sugar,Grocery/Staple,2023,18,349,0,215.89,259.07,68,183,128.8,0.29,70
White Sugar,Grocery/Staple,2023,19,342,0,214.32,257.18,70,180,100.5,0.29,98
White Sugar,Grocery/Staple,2023,20,335,0,214.3,257.16,98,84,80,0.29,70
White Sugar,Grocery/Staple,2023,21,328,0,215.4,258.48,70,68,76.5,0.29,82
White Sugar,Grocery/Staple,2023,22,321,0,214.29,257.15,82,70,80,0.29,59
White Sugar,Grocery/Staple,2023,23,314,0,212.81,255.37,59,98,77.2,0.29,65
White Sugar,Grocery/Staple,2023,24,307,0,211.15,253.38,65,70,69,0.29,74
White Sugar,Grocery/Staple,2023,25,300,0,210.33,252.4,74,82,70,0.29,72
White Sugar,Grocery/Staple,2023,26,293,0,213.26,255.91,72,59,67.5,0.29,69
White Sugar,Grocery/Staple,2023,27,286,0,211.62,253.94,69,65,70,0.29,80
White Sugar,Grocery/Staple,2023,28,279,0,208.4,250.08,80,74,73.8,0.29,87
White Sugar,Grocery/Staple,2023,29,272,0,208.0,249.6,87,72,77,0.29,57
White Sugar,Grocery/Staple,2023,30,265,0,210.76,252.91,57,69,73.2,0.29,57
White Sugar,Grocery/Staple,2023,31,258,0,209.59,251.51,57,80,70.2,0.29,66
White Sugar,Grocery/Staple,2023,32,251,0,206.7,248.04,66,87,66.8,0.29,62
White Sugar,Grocery/Staple,2023,33,244,0,207.81,249.37,62,57,60.5,0.29,60
White Sugar,Grocery/Staple,2023,34,237,0,205.72,246.86,60,57,61.2,0.29,58
White Sugar,Grocery/Staple,2023,35,230,0,207.94,249.53,58,66,61.5,0.29,61
White Sugar,Grocery/Staple,2023,36,223,0,203.08,243.7,61,62,60.2,0.29,65
White Sugar,Grocery/Staple,2023,37,216,0,205.04,246.05,65,60,61,0.29,48
White Sugar,Grocery/Staple,2023,38,209,0,203.65,244.38,48,58,58,0.29,58
White Sugar,Grocery/Staple,2023,39,202,0,201.51,241.81,58,61,58,0.29,80
White Sugar,Grocery/Staple,2023,40,195,0,202.51,243.01,80,65,62.8,0.29,74
White Sugar,Grocery/Staple,2023,41,188,0,199.97,239.96,74,48,65,0.29,74
White Sugar,Grocery/Staple,2023,42,181,0,200.87,241.04,74,58,71.5,0.29,59
White Sugar,Grocery/Staple,2023,43,174,0,200.96,241.15,59,80,71.8,0.29,91
White Sugar,Grocery/Staple,2023,44,167,0,199.26,239.11,91,74,74.5,0.29,58
White Sugar,Grocery/Staple,2023,45,160,0,196.9,236.28,58,74,70.5,0.29,79
White Sugar,Grocery/Staple,2023,46,153,0,197.25,236.7,79,59,71.8,0.29,68
White Sugar,Grocery/Staple,2023,47,146,0,195.34,234.41,68,91,74,0.29,47
White Sugar,Grocery/Staple,2023,48,139,0,196.57,235.88,47,58,63,0.29,64
White Sugar,Grocery/Staple,2023,49,132,0,194.75,233.7,64,79,64.5,0.29,62
White Sugar,Grocery/Staple,2023,50,125,0,196.18,235.42,62,68,60.2,0.29,76
White Sugar,Grocery/Staple,2023,51,118,0,195.68,234.82,76,47,62.2,0.29,64
White Sugar,Grocery/Staple,2023,52,111,0,195.17,234.2,64,64,66.5,0.29,65
White Sugar,Grocery/Staple,2024,1,104,0,194.09,232.91,65,62,66.8,0.29,55
White Sugar,Grocery/Staple,2024,2,97,0,191.95,230.34,55,76,65,0.29,68
White Sugar,Grocery/Staple,2024,3,90,0,192.61,231.13,68,64,63,0.29,57
White Sugar,Grocery/Staple,2024,4,83,0,194.12,232.94,57,65,61.2,0.29,56
White Sugar,Grocery/Staple,2024,5,76,0,192.48,230.98,56,55,59,0.29,70
White Sugar,Grocery/Staple,2024,6,69,0,193.92,232.7,70,68,62.8,0.29,72
White Sugar,Grocery/Staple,2024,7,62,0,192.04,230.45,72,57,63.8,0.29,74
White Sugar,Grocery/Staple,2024,8,55,0,192.22,230.66,74,56,68,0.29,65
White Sugar,Grocery/Staple,2024,9,48,0,193.05,231.66,65,70,70.2,0.29,86
White Sugar,Grocery/Staple,2024,10,41,0,191.67,230.0,86,72,74.2,0.29,84
White Sugar,Grocery/Staple,2024,11,34,0,193.44,232.13,84,74,77.2,0.29,69
White Sugar,Grocery/Staple,2024,12,27,0,191.16,229.39,69,65,76,0.29,70
White Sugar,Grocery/Staple,2024,13,20,1,194.27,233.12,70,86,77.2,0.29,71
White Sugar,Grocery/Staple,2024,14,13,1,196.77,236.12,71,84,73.5,0.29,94
White Sugar,Grocery/Staple,2024,15,6,1,202.98,243.58,94,69,76,0.29,224
White Sugar,Grocery/Staple,2024,16,364,0,193.57,232.28,224,70,114.8,0.29,81
White Sugar,Grocery/Staple,2024,17,357,0,191.75,230.1,81,71,117.5,0.29,65
White Sugar,Grocery/Staple,2024,18,350,0,193.03,231.64,65,94,116,0.29,73
White Sugar,Grocery/Staple,2024,19,343,0,191.28,229.54,73,224,110.8,0.29,55
White Sugar,Grocery/Staple,2024,20,336,0,191.91,230.29,55,81,68.5,0.29,71
White Sugar,Grocery/Staple,2024,21,329,0,192.23,230.68,71,65,66,0.29,72
White Sugar,Grocery/Staple,2024,22,322,0,191.47,229.76,72,73,67.8,0.29,91
White Sugar,Grocery/Staple,2024,23,315,0,193.13,231.76,91,55,72.2,0.29,54
White Sugar,Grocery/Staple,2024,24,308,0,192.61,231.13,54,71,72,0.29,81
White Sugar,Grocery/Staple,2024,25,301,0,194.15,232.98,81,72,74.5,0.29,82
White Sugar,Grocery/Staple,2024,26,294,0,193.25,231.9,82,91,77,0.29,58
White Sugar,Grocery/Staple,2024,27,287,0,190.49,228.59,58,54,68.8,0.29,85
White Sugar,Grocery/Staple,2024,28,280,0,193.51,232.21,85,81,76.5,0.29,82
White Sugar,Grocery/Staple,2024,29,273,0,192.22,230.66,82,82,76.8,0.29,52
White Sugar,Grocery/Staple,2024,30,266,0,191.02,229.22,52,58,69.2,0.29,67
White Sugar,Grocery/Staple,2024,31,259,0,194.07,232.88,67,85,71.5,0.29,59
White Sugar,Grocery/Staple,2024,32,252,0,195.48,234.58,59,82,65,0.29,54
White Sugar,Grocery/Staple,2024,33,245,0,195.49,234.59,54,52,58,0.29,65
White Sugar,Grocery/Staple,2024,34,238,0,192.6,231.12,65,67,61.2,0.29,76
White Sugar,Grocery/Staple,2024,35,231,0,192.42,230.9,76,59,63.5,0.29,70
White Sugar,Grocery/Staple,2024,36,224,0,193.62,232.34,70,54,66.2,0.29,61
White Sugar,Grocery/Staple,2024,37,217,0,193.46,232.15,61,65,68,0.29,54
White Sugar,Grocery/Staple,2024,38,210,0,193.98,232.78,54,76,65.2,0.29,72
White Sugar,Grocery/Staple,2024,39,203,0,195.92,235.1,72,70,64.2,0.29,68
White Sugar,Grocery/Staple,2024,40,196,0,193.19,231.83,68,61,63.8,0.29,85
White Sugar,Grocery/Staple,2024,41,189,0,193.97,232.76,85,54,69.8,0.29,82
White Sugar,Grocery/Staple,2024,42,182,0,192.63,231.16,82,72,76.8,0.29,65
White Sugar,Grocery/Staple,2024,43,175,0,194.55,233.46,65,68,75,0.29,76
White Sugar,Grocery/Staple,2024,44,168,0,194.72,233.66,76,85,77,0.29,90
White Sugar,Grocery/Staple,2024,45,161,0,194.58,233.5,90,82,78.2,0.29,61
White Sugar,Grocery/Staple,2024,46,154,0,193.68,232.42,61,65,73,0.29,77
White Sugar,Grocery/Staple,2024,47,147,0,194.53,233.44,77,76,76,0.29,73
White Sugar,Grocery/Staple,2024,48,140,0,193.87,232.64,73,90,75.2,0.29,74
White Sugar,Grocery/Staple,2024,49,133,0,195.47,234.56,74,61,71.2,0.29,74
White Sugar,Grocery/Staple,2024,50,126,0,194.49,233.39,74,77,74.5,0.29,75
White Sugar,Grocery/Staple,2024,51,119,0,193.77,232.52,75,73,74,0.29,64
White Sugar,Grocery/Staple,2024,52,112,0,193.56,232.27,64,74,71.8,0.29,76
White Sugar,Grocery/Staple,2025,1,105,0,195.81,234.97,76,74,72.2,0.29,61
White Sugar,Grocery/Staple,2025,2,98,0,196.59,235.91,61,75,69,0.29,69
White Sugar,Grocery/Staple,2025,3,91,0,196.07,235.28,69,64,67.5,0.29,77
White Sugar,Grocery/Staple,2025,4,84,0,193.85,232.62,77,76,70.8,0.29,66
White Sugar,Grocery/Staple,2025,5,77,0,192.56,231.07,66,61,68.2,0.29,86
White Sugar,Grocery/Staple,2025,6,70,0,195.4,234.48,86,69,74.5,0.29,60
White Sugar,Grocery/Staple,2025,7,63,0,194.69,233.63,60,77,72.2,0.29,69
White Sugar,Grocery/Staple,2025,8,56,0,195.56,234.67,69,66,70.2,0.29,39
White Sugar,Grocery/Staple,2025,9,49,0,195.15,234.18,39,86,63.5,0.29,93
White Sugar,Grocery/Staple,2025,10,42,0,195.51,234.61,93,60,65.2,0.29,69
White Sugar,Grocery/Staple,2025,11,35,0,195.5,234.6,69,69,67.5,0.29,83
White Sugar,Grocery/Staple,2025,12,28,0,195.92,235.1,83,39,71,0.29,60
White Sugar,Grocery/Staple,2025,13,21,1,196.32,235.58,60,93,76.2,0.29,73
White Sugar,Grocery/Staple,2025,14,14,1,198.66,238.39,73,69,71.2,0.29,103
White Sugar,Grocery/Staple,2025,15,7,1,206.12,247.34,103,83,79.8,0.29,257
White Sugar,Grocery/Staple,2025,16,0,1,197.55,237.06,257,60,123.2,0.29,112
White Sugar,Grocery/Staple,2025,17,358,0,197.58,237.1,112,73,136.2,0.29,100
White Sugar,Grocery/Staple,2025,18,351,0,195.42,234.5,100,103,143,0.29,89
White Sugar,Grocery/Staple,2025,19,344,0,195.2,234.24,89,257,139.5,0.29,89
White Sugar,Grocery/Staple,2025,20,337,0,197.54,237.05,89,112,97.5,0.29,86
White Sugar,Grocery/Staple,2025,21,330,0,196.71,236.05,86,100,91,0.29,85
White Sugar,Grocery/Staple,2025,22,323,0,197.73,237.28,85,89,87.2,0.29,96
White Sugar,Grocery/Staple,2025,23,316,0,194.77,233.72,96,89,89,0.29,85
White Sugar,Grocery/Staple,2025,24,309,0,196.19,235.43,85,86,88,0.29,68
White Sugar,Grocery/Staple,2025,25,302,0,197.36,236.83,68,85,83.5,0.29,61
White Sugar,Grocery/Staple,2025,26,295,0,197.93,237.52,61,96,77.5,0.29,77
White Sugar,Grocery/Staple,2025,27,288,0,193.52,232.22,77,85,72.8,0.29,67
White Sugar,Grocery/Staple,2025,28,281,0,194.97,233.96,67,68,68.2,0.29,55
White Sugar,Grocery/Staple,2025,29,274,0,196.28,235.54,55,61,65,0.29,75
White Sugar,Grocery/Staple,2025,30,267,0,194.68,233.62,75,77,68.5,0.29,59
White Sugar,Grocery/Staple,2025,31,260,0,196.48,235.78,59,67,64,0.29,75
White Sugar,Grocery/Staple,2025,32,253,0,195.48,234.58,75,55,66,0.29,60
White Sugar,Grocery/Staple,2025,33,246,0,195.78,234.94,60,75,67.2,0.29,77
White Sugar,Grocery/Staple,2025,34,239,0,196.78,236.14,77,59,67.8,0.29,66
White Sugar,Grocery/Staple,2025,35,232,0,197.39,236.87,66,75,69.5,0.29,66
White Sugar,Grocery/Staple,2025,36,225,0,197.13,236.56,66,60,67.2,0.29,92
White Sugar,Grocery/Staple,2025,37,218,0,194.87,233.84,92,77,75.2,0.29,60
White Sugar,Grocery/Staple,2025,38,211,0,200.02,240.02,60,66,71,0.29,84
White Sugar,Grocery/Staple,2025,39,204,0,196.66,235.99,84,66,75.5,0.29,64
White Sugar,Grocery/Staple,2025,40,197,0,198.04,237.65,64,92,75,0.29,61
White Sugar,Grocery/Staple,2025,41,190,0,196.72,236.06,61,60,67.2,0.29,84
White Sugar,Grocery/Staple,2025,42,183,0,196.79,236.15,84,84,73.2,0.29,58
White Sugar,Grocery/Staple,2025,43,176,0,196.16,235.39,58,64,66.8,0.29,91
White Sugar,Grocery/Staple,2025,44,169,0,196.39,235.67,91,61,73.5,0.29,64
White Sugar,Grocery/Staple,2025,45,162,0,198.19,237.83,64,84,74.2,0.29,74
White Sugar,Grocery/Staple,2025,46,155,0,195.71,234.85,74,58,71.8,0.29,74
White Sugar,Grocery/Staple,2025,47,148,0,198.06,237.67,74,91,75.8,0.29,65
White Sugar,Grocery/Staple,2025,48,141,0,196.8,236.16,65,64,69.2,0.29,66
White Sugar,Grocery/Staple,2025,49,134,0,196.8,236.16,66,74,69.8,0.29,57
White Sugar,Grocery/Staple,2025,50,127,0,196.83,236.2,57,74,65.5,0.29,71
White Sugar,Grocery/Staple,2025,51,120,0,195.81,234.97,71,65,64.8,0.29,68
White Sugar,Grocery/Staple,2025,52,113,0,197.7,237.24,68,66,65.5,0.29,73
White Sugar,Grocery/Staple,2026,1,106,0,195.99,235.19,73,57,67.2,0.29,70
White Sugar,Grocery/Staple,2026,2,99,0,198.46,238.15,70,71,70.5,0.29,63
White Sugar,Grocery/Staple,2026,3,92,0,195.26,234.31,63,68,68.5,0.29,82
White Sugar,Grocery/Staple,2026,4,85,0,197.42,236.9,82,73,72,0.29,84
White Sugar,Grocery/Staple,2026,5,78,0,197.75,237.3,84,70,74.8,0.29,81
White Sugar,Grocery/Staple,2026,6,71,0,196.68,236.02,81,63,77.5,0.29,70
White Sugar,Grocery/Staple,2026,7,64,0,194.89,233.87,70,82,79.2,0.29,78
White Sugar,Grocery/Staple,2026,8,57,0,200.34,240.41,78,84,78.2,0.29,82
White Sugar,Grocery/Staple,2026,9,50,0,196.28,235.54,82,81,77.8,0.29,85
White Sugar,Grocery/Staple,2026,10,43,0,197.36,236.83,85,70,78.8,0.29,67
White Sugar,Grocery/Staple,2026,11,36,0,194.11,232.93,67,78,78,0.29,80
White Sugar,Grocery/Staple,2026,12,29,0,199.19,239.03,80,82,78.5,0.29,85
White Sugar,Grocery/Staple,2026,13,22,0,198.06,237.67,85,85,79.2,0.29,53
White Sugar,Grocery/Staple,2026,14,15,1,199.31,239.17,53,67,71.2,0.29,116
White Sugar,Grocery/Staple,2026,15,8,1,205.5,246.6,116,80,83.5,0.29,180
White Sugar,Grocery/Staple,2026,16,1,1,200.71,240.85,180,85,108.5,0.29,180
White Sugar,Grocery/Staple,2026,17,359,0,198.07,237.68,180,53,132.2,0.29,82
White Sugar,Grocery/Staple,2026,18,352,0,195.6,234.72,82,116,139.5,0.29,53
White Sugar,Grocery/Staple,2026,19,345,0,195.9,235.08,53,180,123.8,0.29,57
White Sugar,Grocery/Staple,2026,20,338,0,198.85,238.62,57,180,93,0.29,64
White Sugar,Grocery/Staple,2026,21,331,0,198.9,238.68,64,82,64,0.29,65
White Sugar,Grocery/Staple,2026,22,324,0,196.8,236.16,65,53,59.8,0.29,51
White Sugar,Grocery/Staple,2026,23,317,0,197.61,237.13,51,57,59.2,0.29,90
White Sugar,Grocery/Staple,2026,24,310,0,196.6,235.92,90,64,67.5,0.0,14
Wheat Flour,Grocery/Staple,2022,24,305,0,101.26,121.51,53,53,53,0.29,53
Wheat Flour,Grocery/Staple,2022,25,298,0,102.06,122.47,53,57,53,0.29,57
Wheat Flour,Grocery/Staple,2022,26,291,0,105.08,126.1,57,48,55,0.29,48
Wheat Flour,Grocery/Staple,2022,27,284,0,109.28,131.14,48,41,52.7,0.29,41
Wheat Flour,Grocery/Staple,2022,28,277,0,111.99,134.39,41,53,49.8,0.29,56
Wheat Flour,Grocery/Staple,2022,29,270,0,114.45,137.34,56,57,50.5,0.29,66
Wheat Flour,Grocery/Staple,2022,30,263,0,117.44,140.93,66,48,52.8,0.29,66
Wheat Flour,Grocery/Staple,2022,31,256,0,119.59,143.51,66,41,57.2,0.29,47
Wheat Flour,Grocery/Staple,2022,32,249,0,122.4,146.88,47,56,58.8,0.29,49
Wheat Flour,Grocery/Staple,2022,33,242,0,124.33,149.2,49,66,57,0.29,54
Wheat Flour,Grocery/Staple,2022,34,235,0,127.16,152.59,54,66,54,0.29,58
Wheat Flour,Grocery/Staple,2022,35,228,0,131.0,157.2,58,47,52,0.29,65
Wheat Flour,Grocery/Staple,2022,36,221,0,133.12,159.74,65,49,56.5,0.29,57
Wheat Flour,Grocery/Staple,2022,37,214,0,134.67,161.6,57,54,58.5,0.29,54
Wheat Flour,Grocery/Staple,2022,38,207,0,137.18,164.62,54,58,58.5,0.29,48
Wheat Flour,Grocery/Staple,2022,39,200,0,139.84,167.81,48,65,56,0.29,64
Wheat Flour,Grocery/Staple,2022,40,193,0,142.05,170.46,64,57,55.8,0.29,47
Wheat Flour,Grocery/Staple,2022,41,186,0,144.5,173.4,47,54,53.2,0.29,54
Wheat Flour,Grocery/Staple,2022,42,179,0,144.95,173.94,54,48,53.2,0.29,55
Wheat Flour,Grocery/Staple,2022,43,172,0,149.08,178.9,55,64,55,0.29,66
Wheat Flour,Grocery/Staple,2022,44,165,0,150.62,180.74,66,47,55.5,0.29,37
Wheat Flour,Grocery/Staple,2022,45,158,0,154.2,185.04,37,54,53,0.29,76
Wheat Flour,Grocery/Staple,2022,46,151,0,155.95,187.14,76,55,58.5,0.29,57
Wheat Flour,Grocery/Staple,2022,47,144,0,156.63,187.96,57,66,59,0.29,63
Wheat Flour,Grocery/Staple,2022,48,137,0,159.33,191.2,63,37,58.2,0.29,55
Wheat Flour,Grocery/Staple,2022,49,130,0,161.59,193.91,55,76,62.8,0.29,42
Wheat Flour,Grocery/Staple,2022,50,123,0,165.52,198.62,42,57,54.2,0.29,45
Wheat Flour,Grocery/Staple,2022,51,116,0,167.14,200.57,45,63,51.2,0.29,34
Wheat Flour,Grocery/Staple,2022,52,109,0,168.21,201.85,34,55,44,0.29,70
Wheat Flour,Grocery/Staple,2023,1,102,0,171.11,205.33,70,42,47.8,0.29,48
Wheat Flour,Grocery/Staple,2023,2,95,0,174.89,209.87,48,45,49.2,0.29,57
Wheat Flour,Grocery/Staple,2023,3,88,0,175.92,211.1,57,34,52.2,0.29,56
Wheat Flour,Grocery/Staple,2023,4,81,0,177.23,212.68,56,70,57.8,0.29,58
Wheat Flour,Grocery/Staple,2023,5,74,0,178.13,213.76,58,48,54.8,0.29,50
Wheat Flour,Grocery/Staple,2023,6,67,0,180.89,217.07,50,57,55.2,0.29,63
Wheat Flour,Grocery/Staple,2023,7,60,0,182.07,218.48,63,56,56.8,0.29,59
Wheat Flour,Grocery/Staple,2023,8,53,0,188.14,225.77,59,58,57.5,0.29,47
Wheat Flour,Grocery/Staple,2023,9,46,0,185.81,222.97,47,50,54.8,0.29,41
Wheat Flour,Grocery/Staple,2023,10,39,0,187.16,224.59,41,63,52.5,0.29,72
Wheat Flour,Grocery/Staple,2023,11,32,0,185.64,222.77,72,59,54.8,0.29,60
Wheat Flour,Grocery/Staple,2023,12,25,0,184.19,221.03,60,47,55,0.29,62
Wheat Flour,Grocery/Staple,2023,13,18,1,183.98,220.78,62,41,58.8,0.29,54
Wheat Flour,Grocery/Staple,2023,14,11,1,189.9,227.88,54,72,62,0.29,64
Wheat Flour,Grocery/Staple,2023,15,4,1,189.1,226.92,64,60,60,0.29,187
Wheat Flour,Grocery/Staple,2023,16,363,0,184.56,221.47,187,62,91.8,0.29,66
Wheat Flour,Grocery/Staple,2023,17,356,0,182.58,219.1,66,54,92.8,0.29,31
Wheat Flour,Grocery/Staple,2023,18,349,0,183.47,220.16,31,64,87,0.29,53
Wheat Flour,Grocery/Staple,2023,19,342,0,182.92,219.5,53,187,84.2,0.29,52
Wheat Flour,Grocery/Staple,2023,20,335,0,181.96,218.35,52,66,50.5,0.29,54
Wheat Flour,Grocery/Staple,2023,21,328,0,179.79,215.75,54,31,47.5,0.29,62
Wheat Flour,Grocery/Staple,2023,22,321,0,179.77,215.72,62,53,55.2,0.29,65
Wheat Flour,Grocery/Staple,2023,23,314,0,180.88,217.06,65,52,58.2,0.29,50
Wheat Flour,Grocery/Staple,2023,24,307,0,179.09,214.91,50,54,57.8,0.29,59
Wheat Flour,Grocery/Staple,2023,25,300,0,179.31,215.17,59,62,59,0.29,50
Wheat Flour,Grocery/Staple,2023,26,293,0,175.73,210.88,50,65,56,0.29,55
Wheat Flour,Grocery/Staple,2023,27,286,0,179.23,215.08,55,50,53.5,0.29,79
Wheat Flour,Grocery/Staple,2023,28,279,0,176.85,212.22,79,59,60.8,0.29,77
Wheat Flour,Grocery/Staple,2023,29,272,0,175.99,211.19,77,50,65.2,0.29,58
Wheat Flour,Grocery/Staple,2023,30,265,0,175.96,211.15,58,55,67.2,0.29,41
Wheat Flour,Grocery/Staple,2023,31,258,0,174.72,209.66,41,79,63.8,0.29,77
Wheat Flour,Grocery/Staple,2023,32,251,0,174.73,209.68,77,77,63.2,0.29,48
Wheat Flour,Grocery/Staple,2023,33,244,0,174.25,209.1,48,58,56,0.29,57
Wheat Flour,Grocery/Staple,2023,34,237,0,172.88,207.46,57,41,55.8,0.29,45
Wheat Flour,Grocery/Staple,2023,35,230,0,172.57,207.08,45,77,56.8,0.29,58
Wheat Flour,Grocery/Staple,2023,36,223,0,171.5,205.8,58,48,52,0.29,65
Wheat Flour,Grocery/Staple,2023,37,216,0,171.72,206.06,65,57,56.2,0.29,58
Wheat Flour,Grocery/Staple,2023,38,209,0,171.64,205.97,58,45,56.5,0.29,59
Wheat Flour,Grocery/Staple,2023,39,202,0,168.78,202.54,59,58,60,0.29,60
Wheat Flour,Grocery/Staple,2023,40,195,0,171.04,205.25,60,65,60.5,0.29,60
Wheat Flour,Grocery/Staple,2023,41,188,0,168.77,202.52,60,58,59.2,0.29,51
Wheat Flour,Grocery/Staple,2023,42,181,0,167.22,200.66,51,59,57.5,0.29,43
Wheat Flour,Grocery/Staple,2023,43,174,0,170.26,204.31,43,60,53.5,0.29,44
Wheat Flour,Grocery/Staple,2023,44,167,0,169.49,203.39,44,60,49.5,0.29,52
Wheat Flour,Grocery/Staple,2023,45,160,0,165.22,198.26,52,51,47.5,0.29,59
Wheat Flour,Grocery/Staple,2023,46,153,0,166.38,199.66,59,43,49.5,0.29,48
Wheat Flour,Grocery/Staple,2023,47,146,0,164.99,197.99,48,44,50.8,0.29,53
Wheat Flour,Grocery/Staple,2023,48,139,0,166.72,200.06,53,52,53,0.29,46
Wheat Flour,Grocery/Staple,2023,49,132,0,167.56,201.07,46,59,51.5,0.29,62
Wheat Flour,Grocery/Staple,2023,50,125,0,165.25,198.3,62,48,52.2,0.29,55
Wheat Flour,Grocery/Staple,2023,51,118,0,163.56,196.27,55,53,54,0.29,57
Wheat Flour,Grocery/Staple,2023,52,111,0,163.49,196.19,57,46,55,0.29,60
Wheat Flour,Grocery/Staple,2024,1,104,0,162.97,195.56,60,62,58.5,0.29,57
Wheat Flour,Grocery/Staple,2024,2,97,0,164.39,197.27,57,55,57.2,0.29,50
Wheat Flour,Grocery/Staple,2024,3,90,0,164.24,197.09,50,57,56,0.29,75
Wheat Flour,Grocery/Staple,2024,4,83,0,163.02,195.62,75,60,60.5,0.29,62
Wheat Flour,Grocery/Staple,2024,5,76,0,162.91,195.49,62,57,61,0.29,43
Wheat Flour,Grocery/Staple,2024,6,69,0,163.4,196.08,43,50,57.5,0.29,56
Wheat Flour,Grocery/Staple,2024,7,62,0,162.1,194.52,56,75,59,0.29,42
Wheat Flour,Grocery/Staple,2024,8,55,0,161.17,193.4,42,62,50.8,0.29,41
Wheat Flour,Grocery/Staple,2024,9,48,0,162.36,194.83,41,43,45.5,0.29,62
Wheat Flour,Grocery/Staple,2024,10,41,0,162.43,194.92,62,56,50.2,0.29,74
Wheat Flour,Grocery/Staple,2024,11,34,0,162.9,195.48,74,42,54.8,0.29,54
Wheat Flour,Grocery/Staple,2024,12,27,0,161.75,194.1,54,41,57.8,0.29,70
Wheat Flour,Grocery/Staple,2024,13,20,1,163.16,195.79,70,62,65,0.29,60
Wheat Flour,Grocery/Staple,2024,14,13,1,165.84,199.01,60,74,64.5,0.29,109
Wheat Flour,Grocery/Staple,2024,15,6,1,170.15,204.18,109,54,73.2,0.29,150
Wheat Flour,Grocery/Staple,2024,16,364,0,161.69,194.03,150,70,97.2,0.29,47
Wheat Flour,Grocery/Staple,2024,17,357,0,159.05,190.86,47,60,91.5,0.29,65
Wheat Flour,Grocery/Staple,2024,18,350,0,161.01,193.21,65,109,92.8,0.29,74
Wheat Flour,Grocery/Staple,2024,19,343,0,160.86,193.03,74,150,84,0.29,52
Wheat Flour,Grocery/Staple,2024,20,336,0,163.58,196.3,52,47,59.5,0.29,56
Wheat Flour,Grocery/Staple,2024,21,329,0,161.71,194.05,56,65,61.8,0.29,48
Wheat Flour,Grocery/Staple,2024,22,322,0,162.81,195.37,48,74,57.5,0.29,44
Wheat Flour,Grocery/Staple,2024,23,315,0,160.57,192.68,44,52,50,0.29,53
Wheat Flour,Grocery/Staple,2024,24,308,0,162.16,194.59,53,56,50.2,0.29,51
Wheat Flour,Grocery/Staple,2024,25,301,0,161.88,194.26,51,48,49,0.29,65
Wheat Flour,Grocery/Staple,2024,26,294,0,163.2,195.84,65,44,53.2,0.29,55
Wheat Flour,Grocery/Staple,2024,27,287,0,163.67,196.4,55,53,56,0.29,43
Wheat Flour,Grocery/Staple,2024,28,280,0,161.72,194.06,43,51,53.5,0.29,69
Wheat Flour,Grocery/Staple,2024,29,273,0,162.94,195.53,69,65,58,0.29,62
Wheat Flour,Grocery/Staple,2024,30,266,0,163.77,196.52,62,55,57.2,0.29,73
Wheat Flour,Grocery/Staple,2024,31,259,0,163.48,196.18,73,43,61.8,0.29,64
Wheat Flour,Grocery/Staple,2024,32,252,0,160.65,192.78,64,69,67,0.29,42
Wheat Flour,Grocery/Staple,2024,33,245,0,163.95,196.74,42,62,60.2,0.29,67
Wheat Flour,Grocery/Staple,2024,34,238,0,163.25,195.9,67,73,61.5,0.29,47
Wheat Flour,Grocery/Staple,2024,35,231,0,161.91,194.29,47,64,55,0.29,49
Wheat Flour,Grocery/Staple,2024,36,224,0,161.51,193.81,49,42,51.2,0.29,43
Wheat Flour,Grocery/Staple,2024,37,217,0,162.36,194.83,43,67,51.5,0.29,54
Wheat Flour,Grocery/Staple,2024,38,210,0,164.32,197.18,54,47,48.2,0.29,52
Wheat Flour,Grocery/Staple,2024,39,203,0,162.38,194.86,52,49,49.5,0.29,33
Wheat Flour,Grocery/Staple,2024,40,196,0,164.19,197.03,33,43,45.5,0.29,60
Wheat Flour,Grocery/Staple,2024,41,189,0,163.37,196.04,60,54,49.8,0.29,84
Wheat Flour,Grocery/Staple,2024,42,182,0,161.97,194.36,84,52,57.2,0.29,47
Wheat Flour,Grocery/Staple,2024,43,175,0,163.31,195.97,47,33,56,0.29,49
Wheat Flour,Grocery/Staple,2024,44,168,0,163.21,195.85,49,60,60,0.29,85
Wheat Flour,Grocery/Staple,2024,45,161,0,164.18,197.02,85,84,66.2,0.29,59
Wheat Flour,Grocery/Staple,2024,46,154,0,165.19,198.23,59,47,60,0.29,58
Wheat Flour,Grocery/Staple,2024,47,147,0,164.19,197.03,58,49,62.8,0.29,50
Wheat Flour,Grocery/Staple,2024,48,140,0,164.16,196.99,50,85,63,0.29,52
Wheat Flour,Grocery/Staple,2024,49,133,0,164.11,196.93,52,59,54.8,0.29,57
Wheat Flour,Grocery/Staple,2024,50,126,0,164.0,196.8,57,58,54.2,0.29,54
Wheat Flour,Grocery/Staple,2024,51,119,0,162.76,195.31,54,50,53.2,0.29,61
Wheat Flour,Grocery/Staple,2024,52,112,0,162.87,195.44,61,52,56,0.29,65
Wheat Flour,Grocery/Staple,2025,1,105,0,164.9,197.88,65,57,59.2,0.29,64
Wheat Flour,Grocery/Staple,2025,2,98,0,165.97,199.16,64,54,61,0.29,50
Wheat Flour,Grocery/Staple,2025,3,91,0,165.85,199.02,50,61,60,0.29,58
Wheat Flour,Grocery/Staple,2025,4,84,0,165.69,198.83,58,65,59.2,0.29,72
Wheat Flour,Grocery/Staple,2025,5,77,0,166.91,200.29,72,64,61,0.29,56
Wheat Flour,Grocery/Staple,2025,6,70,0,164.03,196.84,56,50,59,0.29,52
Wheat Flour,Grocery/Staple,2025,7,63,0,164.86,197.83,52,58,59.5,0.29,58
Wheat Flour,Grocery/Staple,2025,8,56,0,165.41,198.49,58,72,59.5,0.29,31
Wheat Flour,Grocery/Staple,2025,9,49,0,165.75,198.9,31,56,49.2,0.29,47
Wheat Flour,Grocery/Staple,2025,10,42,0,167.69,201.23,47,52,47,0.29,67
Wheat Flour,Grocery/Staple,2025,11,35,0,166.13,199.36,67,58,50.8,0.29,40
Wheat Flour,Grocery/Staple,2025,12,28,0,165.86,199.03,40,31,46.2,0.29,52
Wheat Flour,Grocery/Staple,2025,13,21,1,164.7,197.64,52,47,51.5,0.29,58
Wheat Flour,Grocery/Staple,2025,14,14,1,166.48,199.78,58,67,54.2,0.29,89
Wheat Flour,Grocery/Staple,2025,15,7,1,174.33,209.2,89,40,59.8,0.29,186
Wheat Flour,Grocery/Staple,2025,16,0,1,166.39,199.67,186,52,96.2,0.29,114
Wheat Flour,Grocery/Staple,2025,17,358,0,165.51,198.61,114,58,111.8,0.29,63
Wheat Flour,Grocery/Staple,2025,18,351,0,164.84,197.81,63,89,113,0.29,46
Wheat Flour,Grocery/Staple,2025,19,344,0,166.42,199.7,46,186,102.2,0.29,56
Wheat Flour,Grocery/Staple,2025,20,337,0,167.02,200.42,56,114,69.8,0.29,72
Wheat Flour,Grocery/Staple,2025,21,330,0,164.67,197.6,72,63,59.2,0.29,43
Wheat Flour,Grocery/Staple,2025,22,323,0,165.85,199.02,43,46,54.2,0.29,52
Wheat Flour,Grocery/Staple,2025,23,316,0,163.47,196.16,52,56,55.8,0.29,54
Wheat Flour,Grocery/Staple,2025,24,309,0,165.47,198.56,54,72,55.2,0.29,61
Wheat Flour,Grocery/Staple,2025,25,302,0,164.56,197.47,61,43,52.5,0.29,58
Wheat Flour,Grocery/Staple,2025,26,295,0,164.05,196.86,58,52,56.2,0.29,66
Wheat Flour,Grocery/Staple,2025,27,288,0,165.66,198.79,66,54,59.8,0.29,53
Wheat Flour,Grocery/Staple,2025,28,281,0,164.43,197.32,53,61,59.5,0.29,60
Wheat Flour,Grocery/Staple,2025,29,274,0,166.05,199.26,60,58,59.2,0.29,47
Wheat Flour,Grocery/Staple,2025,30,267,0,164.11,196.93,47,66,56.5,0.29,62
Wheat Flour,Grocery/Staple,2025,31,260,0,165.81,198.97,62,53,55.5,0.29,77
Wheat Flour,Grocery/Staple,2025,32,253,0,165.7,198.84,77,60,61.5,0.29,46
Wheat Flour,Grocery/Staple,2025,33,246,0,166.16,199.39,46,47,58,0.29,60
Wheat Flour,Grocery/Staple,2025,34,239,0,163.98,196.78,60,62,61.2,0.29,49
Wheat Flour,Grocery/Staple,2025,35,232,0,165.65,198.78,49,77,58,0.29,44
Wheat Flour,Grocery/Staple,2025,36,225,0,165.69,198.83,44,46,49.8,0.29,52
Wheat Flour,Grocery/Staple,2025,37,218,0,165.76,198.91,52,60,51.2,0.29,68
Wheat Flour,Grocery/Staple,2025,38,211,0,167.61,201.13,68,49,53.2,0.29,52
Wheat Flour,Grocery/Staple,2025,39,204,0,165.2,198.24,52,44,54,0.29,59
Wheat Flour,Grocery/Staple,2025,40,197,0,166.11,199.33,59,52,57.8,0.29,51
Wheat Flour,Grocery/Staple,2025,41,190,0,164.13,196.96,51,68,57.5,0.29,57
Wheat Flour,Grocery/Staple,2025,42,183,0,166.58,199.9,57,52,54.8,0.29,72
Wheat Flour,Grocery/Staple,2025,43,176,0,164.06,196.87,72,59,59.8,0.29,58
Wheat Flour,Grocery/Staple,2025,44,169,0,163.82,196.58,58,51,59.5,0.29,60
Wheat Flour,Grocery/Staple,2025,45,162,0,166.75,200.1,60,57,61.8,0.29,59
Wheat Flour,Grocery/Staple,2025,46,155,0,165.96,199.15,59,72,62.2,0.29,56
Wheat Flour,Grocery/Staple,2025,47,148,0,164.93,197.92,56,58,58.2,0.29,52
Wheat Flour,Grocery/Staple,2025,48,141,0,165.64,198.77,52,60,56.8,0.29,46
Wheat Flour,Grocery/Staple,2025,49,134,0,166.32,199.58,46,59,53.2,0.29,52
Wheat Flour,Grocery/Staple,2025,50,127,0,166.45,199.74,52,56,51.5,0.29,52
Wheat Flour,Grocery/Staple,2025,51,120,0,168.28,201.94,52,52,50.5,0.29,53
Wheat Flour,Grocery/Staple,2025,52,113,0,166.88,200.26,53,46,50.8,0.29,45
Wheat Flour,Grocery/Staple,2026,1,106,0,167.24,200.69,45,52,50.5,0.29,60
Wheat Flour,Grocery/Staple,2026,2,99,0,167.93,201.52,60,52,52.5,0.29,60
Wheat Flour,Grocery/Staple,2026,3,92,0,166.38,199.66,60,53,54.5,0.29,48
Wheat Flour,Grocery/Staple,2026,4,85,0,164.23,197.08,48,45,53.2,0.29,64
Wheat Flour,Grocery/Staple,2026,5,78,0,167.22,200.66,64,60,58,0.29,57
Wheat Flour,Grocery/Staple,2026,6,71,0,164.14,196.97,57,60,57.2,0.29,71
Wheat Flour,Grocery/Staple,2026,7,64,0,165.75,198.9,71,48,60,0.29,64
Wheat Flour,Grocery/Staple,2026,8,57,0,166.46,199.75,64,64,64,0.29,69
Wheat Flour,Grocery/Staple,2026,9,50,0,166.78,200.14,69,57,65.2,0.29,57
Wheat Flour,Grocery/Staple,2026,10,43,0,166.53,199.84,57,71,65.2,0.29,78
Wheat Flour,Grocery/Staple,2026,11,36,0,167.43,200.92,78,64,67,0.29,54
Wheat Flour,Grocery/Staple,2026,12,29,0,165.16,198.19,54,69,64.5,0.29,59
Wheat Flour,Grocery/Staple,2026,13,22,0,168.14,201.77,59,57,62,0.29,49
Wheat Flour,Grocery/Staple,2026,14,15,1,167.47,200.96,49,78,60,0.29,97
Wheat Flour,Grocery/Staple,2026,15,8,1,171.55,205.86,97,54,64.8,0.29,186
Wheat Flour,Grocery/Staple,2026,16,1,1,166.16,199.39,186,59,97.8,0.29,84
Wheat Flour,Grocery/Staple,2026,17,359,0,166.12,199.34,84,49,104,0.29,65
Wheat Flour,Grocery/Staple,2026,18,352,0,167.0,200.4,65,97,108,0.29,67
Wheat Flour,Grocery/Staple,2026,19,345,0,167.72,201.26,67,186,100.5,0.29,73
Wheat Flour,Grocery/Staple,2026,20,338,0,164.21,197.05,73,84,72.2,0.29,43
Wheat Flour,Grocery/Staple,2026,21,331,0,167.28,200.74,43,65,62,0.29,51
Wheat Flour,Grocery/Staple,2026,22,324,0,167.77,201.32,51,67,58.5,0.29,66
Wheat Flour,Grocery/Staple,2026,23,317,0,164.91,197.89,66,73,58.2,0.29,62
Wheat Flour,Grocery/Staple,2026,24,310,0,168.06,201.67,62,43,55.5,0.0,17
Big Onion,Grocery/Staple,2022,24,305,0,87.61,105.13,67,67,67,0.29,67
Big Onion,Grocery/Staple,2022,25,298,0,88.41,106.09,67,58,67,0.29,58
Big Onion,Grocery/Staple,2022,26,291,0,91.37,109.64,58,44,62.5,0.29,44
Big Onion,Grocery/Staple,2022,27,284,0,92.2,110.64,44,38,56.3,0.29,38
Big Onion,Grocery/Staple,2022,28,277,0,95.68,114.82,38,67,51.8,0.29,76
Big Onion,Grocery/Staple,2022,29,270,0,97.2,116.64,76,58,54,0.29,53
Big Onion,Grocery/Staple,2022,30,263,0,100.38,120.46,53,44,52.8,0.29,56
Big Onion,Grocery/Staple,2022,31,256,0,101.29,121.55,56,38,55.8,0.29,65
Big Onion,Grocery/Staple,2022,32,249,0,102.68,123.22,65,76,62.5,0.29,50
Big Onion,Grocery/Staple,2022,33,242,0,106.1,127.32,50,53,56,0.29,54
Big Onion,Grocery/Staple,2022,34,235,0,108.7,130.44,54,56,56.2,0.29,73
Big Onion,Grocery/Staple,2022,35,228,0,110.74,132.89,73,65,60.5,0.29,84
Big Onion,Grocery/Staple,2022,36,221,0,112.7,135.24,84,50,65.2,0.29,68
Big Onion,Grocery/Staple,2022,37,214,0,114.63,137.56,68,54,69.8,0.29,62
Big Onion,Grocery/Staple,2022,38,207,0,115.77,138.92,62,73,71.8,0.29,78
Big Onion,Grocery/Staple,2022,39,200,0,118.6,142.32,78,84,73,0.29,71
Big Onion,Grocery/Staple,2022,40,193,0,121.3,145.56,71,68,69.8,0.29,75
Big Onion,Grocery/Staple,2022,41,186,0,122.87,147.44,75,62,71.5,0.29,64
Big Onion,Grocery/Staple,2022,42,179,0,124.39,149.27,64,78,72,0.29,56
Big Onion,Grocery/Staple,2022,43,172,0,127.12,152.54,56,71,66.5,0.29,85
Big Onion,Grocery/Staple,2022,44,165,0,127.14,152.57,85,75,70,0.29,72
Big Onion,Grocery/Staple,2022,45,158,0,131.69,158.03,72,64,69.2,0.29,58
Big Onion,Grocery/Staple,2022,46,151,0,131.68,158.02,58,56,67.8,0.29,62
Big Onion,Grocery/Staple,2022,47,144,0,136.41,163.69,62,85,69.2,0.29,73
Big Onion,Grocery/Staple,2022,48,137,0,135.92,163.1,73,72,66.2,0.29,62
Big Onion,Grocery/Staple,2022,49,130,0,137.08,164.5,62,58,63.8,0.29,58
Big Onion,Grocery/Staple,2022,50,123,0,141.43,169.72,58,62,63.8,0.29,86
Big Onion,Grocery/Staple,2022,51,116,0,142.54,171.05,86,73,69.8,0.29,34
Big Onion,Grocery/Staple,2022,52,109,0,143.16,171.79,34,62,60,0.29,78
Big Onion,Grocery/Staple,2023,1,102,0,146.46,175.75,78,58,64,0.29,68
Big Onion,Grocery/Staple,2023,2,95,0,149.32,179.18,68,86,66.5,0.29,71
Big Onion,Grocery/Staple,2023,3,88,0,150.98,181.18,71,34,62.8,0.29,65
Big Onion,Grocery/Staple,2023,4,81,0,150.43,180.52,65,78,70.5,0.29,55
Big Onion,Grocery/Staple,2023,5,74,0,150.35,180.42,55,68,64.8,0.29,61
Big Onion,Grocery/Staple,2023,6,67,0,155.34,186.41,61,71,63,0.29,59
Big Onion,Grocery/Staple,2023,7,60,0,156.79,188.15,59,65,60,0.29,73
Big Onion,Grocery/Staple,2023,8,53,0,158.47,190.16,73,55,62,0.29,77
Big Onion,Grocery/Staple,2023,9,46,0,160.11,192.13,77,61,67.5,0.29,71
Big Onion,Grocery/Staple,2023,10,39,0,160.35,192.42,71,59,70,0.29,58
Big Onion,Grocery/Staple,2023,11,32,0,159.43,191.32,58,73,69.8,0.29,62
Big Onion,Grocery/Staple,2023,12,25,0,156.84,188.21,62,77,67,0.29,72
Big Onion,Grocery/Staple,2023,13,18,1,159.52,191.42,72,71,65.8,0.29,84
Big Onion,Grocery/Staple,2023,14,11,1,159.41,191.29,84,58,69,0.29,70
Big Onion,Grocery/Staple,2023,15,4,1,161.15,193.38,70,62,72,0.29,209
Big Onion,Grocery/Staple,2023,16,363,0,156.06,187.27,209,72,108.8,0.29,58
Big Onion,Grocery/Staple,2023,17,356,0,156.35,187.62,58,84,105.2,0.29,86
Big Onion,Grocery/Staple,2023,18,349,0,155.57,186.68,86,70,105.8,0.29,61
Big Onion,Grocery/Staple,2023,19,342,0,155.73,186.88,61,209,103.5,0.29,59
Big Onion,Grocery/Staple,2023,20,335,0,155.39,186.47,59,58,66,0.29,67
Big Onion,Grocery/Staple,2023,21,328,0,154.82,185.78,67,86,68.2,0.29,49
Big Onion,Grocery/Staple,2023,22,321,0,155.08,186.1,49,61,59,0.29,52
Big Onion,Grocery/Staple,2023,23,314,0,154.78,185.74,52,59,56.8,0.29,67
Big Onion,Grocery/Staple,2023,24,307,0,155.38,186.46,67,67,58.8,0.29,66
Big Onion,Grocery/Staple,2023,25,300,0,153.94,184.73,66,49,58.5,0.29,54
Big Onion,Grocery/Staple,2023,26,293,0,152.39,182.87,54,52,59.8,0.29,62
Big Onion,Grocery/Staple,2023,27,286,0,151.74,182.09,62,67,62.2,0.29,58
Big Onion,Grocery/Staple,2023,28,279,0,151.01,181.21,58,66,60,0.29,65
Big Onion,Grocery/Staple,2023,29,272,0,149.59,179.51,65,54,59.8,0.29,55
Big Onion,Grocery/Staple,2023,30,265,0,151.34,181.61,55,62,60,0.29,67
Big Onion,Grocery/Staple,2023,31,258,0,149.88,179.86,67,58,61.2,0.29,53
Big Onion,Grocery/Staple,2023,32,251,0,149.83,179.8,53,65,60,0.29,57
Big Onion,Grocery/Staple,2023,33,244,0,148.15,177.78,57,55,58,0.29,63
Big Onion,Grocery/Staple,2023,34,237,0,147.81,177.37,63,67,60,0.29,81
Big Onion,Grocery/Staple,2023,35,230,0,149.77,179.72,81,53,63.5,0.29,76
Big Onion,Grocery/Staple,2023,36,223,0,147.52,177.02,76,57,69.2,0.29,54
Big Onion,Grocery/Staple,2023,37,216,0,146.53,175.84,54,63,68.5,0.29,67
Big Onion,Grocery/Staple,2023,38,209,0,147.2,176.64,67,81,69.5,0.29,60
Big Onion,Grocery/Staple,2023,39,202,0,145.96,175.15,60,76,64.2,0.29,75
Big Onion,Grocery/Staple,2023,40,195,0,144.13,172.96,75,54,64,0.29,70
Big Onion,Grocery/Staple,2023,41,188,0,145.01,174.01,70,67,68,0.29,60
Big Onion,Grocery/Staple,2023,42,181,0,145.82,174.98,60,60,66.2,0.29,65
Big Onion,Grocery/Staple,2023,43,174,0,144.85,173.82,65,75,67.5,0.29,76
Big Onion,Grocery/Staple,2023,44,167,0,142.77,171.32,76,70,67.8,0.29,71
Big Onion,Grocery/Staple,2023,45,160,0,144.04,172.85,71,60,68,0.29,39
Big Onion,Grocery/Staple,2023,46,153,0,141.24,169.49,39,65,62.8,0.29,70
Big Onion,Grocery/Staple,2023,47,146,0,143.05,171.66,70,76,64,0.29,50
Big Onion,Grocery/Staple,2023,48,139,0,142.76,171.31,50,71,57.5,0.29,71
Big Onion,Grocery/Staple,2023,49,132,0,140.66,168.79,71,39,57.5,0.29,75
Big Onion,Grocery/Staple,2023,50,125,0,141.41,169.69,75,70,66.5,0.29,66
Big Onion,Grocery/Staple,2023,51,118,0,139.92,167.9,66,50,65.5,0.29,71
Big Onion,Grocery/Staple,2023,52,111,0,140.57,168.68,71,71,70.8,0.29,49
Big Onion,Grocery/Staple,2024,1,104,0,138.7,166.44,49,75,65.2,0.29,60
Big Onion,Grocery/Staple,2024,2,97,0,137.22,164.66,60,66,61.5,0.29,60
Big Onion,Grocery/Staple,2024,3,90,0,139.29,167.15,60,71,60,0.29,79
Big Onion,Grocery/Staple,2024,4,83,0,139.51,167.41,79,49,62,0.29,72
Big Onion,Grocery/Staple,2024,5,76,0,140.6,168.72,72,60,67.8,0.29,57
Big Onion,Grocery/Staple,2024,6,69,0,139.99,167.99,57,60,67,0.29,87
Big Onion,Grocery/Staple,2024,7,62,0,138.69,166.43,87,79,73.8,0.29,88
Big Onion,Grocery/Staple,2024,8,55,0,138.11,165.73,88,72,76,0.29,73
Big Onion,Grocery/Staple,2024,9,48,0,139.32,167.18,73,57,76.2,0.29,70
Big Onion,Grocery/Staple,2024,10,41,0,137.53,165.04,70,87,79.5,0.29,84
Big Onion,Grocery/Staple,2024,11,34,0,140.45,168.54,84,88,78.8,0.29,55
Big Onion,Grocery/Staple,2024,12,27,0,137.91,165.49,55,73,70.5,0.29,83
Big Onion,Grocery/Staple,2024,13,20,1,138.13,165.76,83,70,73,0.29,69
Big Onion,Grocery/Staple,2024,14,13,1,138.46,166.15,69,84,72.8,0.29,75
Big Onion,Grocery/Staple,2024,15,6,1,144.62,173.54,75,55,70.5,0.29,120
Big Onion,Grocery/Staple,2024,16,364,0,137.36,164.83,120,83,86.8,0.29,61
Big Onion,Grocery/Staple,2024,17,357,0,138.56,166.27,61,69,81.2,0.29,59
Big Onion,Grocery/Staple,2024,18,350,0,138.32,165.98,59,75,78.8,0.29,65
Big Onion,Grocery/Staple,2024,19,343,0,137.33,164.8,65,120,76.2,0.29,55
Big Onion,Grocery/Staple,2024,20,336,0,138.77,166.52,55,61,60,0.29,65
Big Onion,Grocery/Staple,2024,21,329,0,138.0,165.6,65,59,61,0.29,55
Big Onion,Grocery/Staple,2024,22,322,0,139.64,167.57,55,65,60,0.29,78
Big Onion,Grocery/Staple,2024,23,315,0,137.21,164.65,78,55,63.2,0.29,59
Big Onion,Grocery/Staple,2024,24,308,0,138.72,166.46,59,65,64.2,0.29,75
Big Onion,Grocery/Staple,2024,25,301,0,139.32,167.18,75,55,66.8,0.29,73
Big Onion,Grocery/Staple,2024,26,294,0,137.82,165.38,73,78,71.2,0.29,77
Big Onion,Grocery/Staple,2024,27,287,0,139.19,167.03,77,59,71,0.29,76
Big Onion,Grocery/Staple,2024,28,280,0,138.47,166.16,76,75,75.2,0.29,72
Big Onion,Grocery/Staple,2024,29,273,0,139.01,166.81,72,73,74.5,0.29,55
Big Onion,Grocery/Staple,2024,30,266,0,138.26,165.91,55,77,70,0.29,78
Big Onion,Grocery/Staple,2024,31,259,0,138.98,166.78,78,76,70.2,0.29,64
Big Onion,Grocery/Staple,2024,32,252,0,138.91,166.69,64,72,67.2,0.29,46
Big Onion,Grocery/Staple,2024,33,245,0,140.39,168.47,46,55,60.8,0.29,60
Big Onion,Grocery/Staple,2024,34,238,0,138.89,166.67,60,78,62,0.29,60
Big Onion,Grocery/Staple,2024,35,231,0,138.53,166.24,60,64,57.5,0.29,82
Big Onion,Grocery/Staple,2024,36,224,0,139.35,167.22,82,46,62,0.29,79
Big Onion,Grocery/Staple,2024,37,217,0,141.03,169.24,79,60,70.2,0.29,64
Big Onion,Grocery/Staple,2024,38,210,0,139.62,167.54,64,60,71.2,0.29,78
Big Onion,Grocery/Staple,2024,39,203,0,140.22,168.26,78,82,75.8,0.29,84
Big Onion,Grocery/Staple,2024,40,196,0,138.56,166.27,84,79,76.2,0.29,60
Big Onion,Grocery/Staple,2024,41,189,0,140.35,168.42,60,64,71.5,0.29,58
Big Onion,Grocery/Staple,2024,42,182,0,139.78,167.74,58,78,70,0.29,62
Big Onion,Grocery/Staple,2024,43,175,0,142.08,170.5,62,84,66,0.29,74
Big Onion,Grocery/Staple,2024,44,168,0,141.01,169.21,74,60,63.5,0.29,62
Big Onion,Grocery/Staple,2024,45,161,0,140.66,168.79,62,58,64,0.29,75
Big Onion,Grocery/Staple,2024,46,154,0,140.5,168.6,75,62,68.2,0.29,93
Big Onion,Grocery/Staple,2024,47,147,0,141.87,170.24,93,74,76,0.29,62
Big Onion,Grocery/Staple,2024,48,140,0,141.74,170.09,62,62,73,0.29,68
Big Onion,Grocery/Staple,2024,49,133,0,140.23,168.28,68,75,74.5,0.29,77
Big Onion,Grocery/Staple,2024,50,126,0,141.5,169.8,77,93,75,0.29,87
Big Onion,Grocery/Staple,2024,51,119,0,141.02,169.22,87,62,73.5,0.29,73
Big Onion,Grocery/Staple,2024,52,112,0,140.49,168.59,73,68,76.2,0.29,77
Big Onion,Grocery/Staple,2025,1,105,0,143.27,171.92,77,77,78.5,0.29,63
Big Onion,Grocery/Staple,2025,2,98,0,141.9,170.28,63,87,75,0.29,82
Big Onion,Grocery/Staple,2025,3,91,0,142.49,170.99,82,73,73.8,0.29,84
Big Onion,Grocery/Staple,2025,4,84,0,140.92,169.1,84,77,76.5,0.29,80
Big Onion,Grocery/Staple,2025,5,77,0,141.72,170.06,80,63,77.2,0.29,55
Big Onion,Grocery/Staple,2025,6,70,0,142.12,170.54,55,82,75.2,0.29,74
Big Onion,Grocery/Staple,2025,7,63,0,139.8,167.76,74,84,73.2,0.29,46
Big Onion,Grocery/Staple,2025,8,56,0,139.85,167.82,46,80,63.8,0.29,54
Big Onion,Grocery/Staple,2025,9,49,0,142.11,170.53,54,55,57.2,0.29,66
Big Onion,Grocery/Staple,2025,10,42,0,141.3,169.56,66,74,60,0.29,77
Big Onion,Grocery/Staple,2025,11,35,0,141.42,169.7,77,46,60.8,0.29,80
Big Onion,Grocery/Staple,2025,12,28,0,140.95,169.14,80,54,69.2,0.29,80
Big Onion,Grocery/Staple,2025,13,21,1,141.66,169.99,80,66,75.8,0.29,66
Big Onion,Grocery/Staple,2025,14,14,1,141.55,169.86,66,77,75.8,0.29,129
Big Onion,Grocery/Staple,2025,15,7,1,146.21,175.45,129,80,88.8,0.29,157
Big Onion,Grocery/Staple,2025,16,0,1,141.23,169.48,157,80,108,0.29,120
Big Onion,Grocery/Staple,2025,17,358,0,143.31,171.97,120,66,118,0.29,86
Big Onion,Grocery/Staple,2025,18,351,0,141.03,169.24,86,129,123,0.29,65
Big Onion,Grocery/Staple,2025,19,344,0,142.13,170.56,65,157,107,0.29,86
Big Onion,Grocery/Staple,2025,20,337,0,141.19,169.43,86,120,89.2,0.29,81
Big Onion,Grocery/Staple,2025,21,330,0,139.67,167.6,81,86,79.5,0.29,65
Big Onion,Grocery/Staple,2025,22,323,0,142.56,171.07,65,65,74.2,0.29,79
Big Onion,Grocery/Staple,2025,23,316,0,141.91,170.29,79,86,77.8,0.29,45
Big Onion,Grocery/Staple,2025,24,309,0,141.52,169.82,45,81,67.5,0.29,74
Big Onion,Grocery/Staple,2025,25,302,0,141.68,170.02,74,65,65.8,0.29,59
Big Onion,Grocery/Staple,2025,26,295,0,141.21,169.45,59,79,64.2,0.29,61
Big Onion,Grocery/Staple,2025,27,288,0,141.12,169.34,61,45,59.8,0.29,62
Big Onion,Grocery/Staple,2025,28,281,0,142.19,170.63,62,74,64,0.29,58
Big Onion,Grocery/Staple,2025,29,274,0,141.53,169.84,58,59,60,0.29,84
Big Onion,Grocery/Staple,2025,30,267,0,140.99,169.19,84,61,66.2,0.29,83
Big Onion,Grocery/Staple,2025,31,260,0,141.2,169.44,83,62,71.8,0.29,71
Big Onion,Grocery/Staple,2025,32,253,0,141.24,169.49,71,58,74,0.29,49
Big Onion,Grocery/Staple,2025,33,246,0,139.53,167.44,49,84,71.8,0.29,54
Big Onion,Grocery/Staple,2025,34,239,0,140.64,168.77,54,83,64.2,0.29,92
Big Onion,Grocery/Staple,2025,35,232,0,142.42,170.9,92,71,66.5,0.29,66
Big Onion,Grocery/Staple,2025,36,225,0,139.93,167.92,66,49,65.2,0.29,46
Big Onion,Grocery/Staple,2025,37,218,0,140.97,169.16,46,54,64.5,0.29,59
Big Onion,Grocery/Staple,2025,38,211,0,143.77,172.52,59,92,65.8,0.29,72
Big Onion,Grocery/Staple,2025,39,204,0,141.91,170.29,72,66,60.8,0.29,86
Big Onion,Grocery/Staple,2025,40,197,0,140.26,168.31,86,46,65.8,0.29,66
Big Onion,Grocery/Staple,2025,41,190,0,140.54,168.65,66,59,70.8,0.29,66
Big Onion,Grocery/Staple,2025,42,183,0,143.28,171.94,66,72,72.5,0.29,86
Big Onion,Grocery/Staple,2025,43,176,0,141.59,169.91,86,86,76,0.29,76
Big Onion,Grocery/Staple,2025,44,169,0,141.99,170.39,76,66,73.5,0.29,78
Big Onion,Grocery/Staple,2025,45,162,0,139.75,167.7,78,66,76.5,0.29,72
Big Onion,Grocery/Staple,2025,46,155,0,141.54,169.85,72,86,78,0.29,48
Big Onion,Grocery/Staple,2025,47,148,0,142.74,171.29,48,76,68.5,0.29,73
Big Onion,Grocery/Staple,2025,48,141,0,142.4,170.88,73,78,67.8,0.29,64
Big Onion,Grocery/Staple,2025,49,134,0,139.28,167.14,64,72,64.2,0.29,81
Big Onion,Grocery/Staple,2025,50,127,0,141.57,169.88,81,48,66.5,0.29,83
Big Onion,Grocery/Staple,2025,51,120,0,144.04,172.85,83,73,75.2,0.29,91
Big Onion,Grocery/Staple,2025,52,113,0,143.09,171.71,91,64,79.8,0.29,56
Big Onion,Grocery/Staple,2026,1,106,0,142.99,171.59,56,81,77.8,0.29,78
Big Onion,Grocery/Staple,2026,2,99,0,142.01,170.41,78,83,77,0.29,97
Big Onion,Grocery/Staple,2026,3,92,0,143.17,171.8,97,91,80.5,0.29,63
Big Onion,Grocery/Staple,2026,4,85,0,141.42,169.7,63,56,73.5,0.29,80
Big Onion,Grocery/Staple,2026,5,78,0,142.1,170.52,80,78,79.5,0.29,79
Big Onion,Grocery/Staple,2026,6,71,0,141.58,169.9,79,97,79.8,0.29,67
Big Onion,Grocery/Staple,2026,7,64,0,142.18,170.62,67,63,72.2,0.29,79
Big Onion,Grocery/Staple,2026,8,57,0,142.29,170.75,79,80,76.2,0.29,71
Big Onion,Grocery/Staple,2026,9,50,0,141.12,169.34,71,79,74,0.29,69
Big Onion,Grocery/Staple,2026,10,43,0,142.11,170.53,69,67,71.5,0.29,89
Big Onion,Grocery/Staple,2026,11,36,0,141.71,170.05,89,79,77,0.29,71
Big Onion,Grocery/Staple,2026,12,29,0,141.51,169.81,71,71,75,0.29,80
Big Onion,Grocery/Staple,2026,13,22,0,141.08,169.3,80,69,77.2,0.29,68
Big Onion,Grocery/Staple,2026,14,15,1,145.13,174.16,68,89,77,0.29,119
Big Onion,Grocery/Staple,2026,15,8,1,146.49,175.79,119,71,84.5,0.29,163
Big Onion,Grocery/Staple,2026,16,1,1,144.37,173.24,163,80,107.5,0.29,157
Big Onion,Grocery/Staple,2026,17,359,0,141.28,169.54,157,68,126.8,0.29,65
Big Onion,Grocery/Staple,2026,18,352,0,142.08,170.5,65,119,126,0.29,61
Big Onion,Grocery/Staple,2026,19,345,0,142.48,170.98,61,163,111.5,0.29,59
Big Onion,Grocery/Staple,2026,20,338,0,142.56,171.07,59,157,85.5,0.29,65
Big Onion,Grocery/Staple,2026,21,331,0,142.63,171.16,65,65,62.5,0.29,55
Big Onion,Grocery/Staple,2026,22,324,0,142.08,170.5,55,61,60,0.29,88
Big Onion,Grocery/Staple,2026,23,317,0,143.81,172.57,88,59,66.8,0.29,65
Big Onion,Grocery/Staple,2026,24,310,0,140.84,169.01,65,65,68.2,0.0,18
Red Onion (Sinnan),Grocery/Staple,2022,24,305,0,111.69,134.03,43,43,43,0.29,43
Red Onion (Sinnan),Grocery/Staple,2022,25,298,0,113.07,135.68,43,28,43,0.29,28
Red Onion (Sinnan),Grocery/Staple,2022,26,291,0,116.63,139.96,28,32,35.5,0.29,32
Red Onion (Sinnan),Grocery/Staple,2022,27,284,0,117.96,141.55,32,55,34.3,0.29,55
Red Onion (Sinnan),Grocery/Staple,2022,28,277,0,122.77,147.32,55,43,39.5,0.29,32
Red Onion (Sinnan),Grocery/Staple,2022,29,270,0,124.21,149.05,32,28,36.8,0.29,28
Red Onion (Sinnan),Grocery/Staple,2022,30,263,0,128.98,154.78,28,32,36.8,0.29,43
Red Onion (Sinnan),Grocery/Staple,2022,31,256,0,131.89,158.27,43,55,39.5,0.29,40
Red Onion (Sinnan),Grocery/Staple,2022,32,249,0,133.34,160.01,40,32,35.8,0.29,37
Red Onion (Sinnan),Grocery/Staple,2022,33,242,0,137.14,164.57,37,28,37,0.29,45
Red Onion (Sinnan),Grocery/Staple,2022,34,235,0,140.52,168.62,45,43,41.2,0.29,40
Red Onion (Sinnan),Grocery/Staple,2022,35,228,0,143.89,172.67,40,40,40.5,0.29,32
Red Onion (Sinnan),Grocery/Staple,2022,36,221,0,144.79,173.75,32,37,38.5,0.29,34
Red Onion (Sinnan),Grocery/Staple,2022,37,214,0,147.11,176.53,34,45,37.8,0.29,40
Red Onion (Sinnan),Grocery/Staple,2022,38,207,0,148.73,178.48,40,40,36.5,0.29,39
Red Onion (Sinnan),Grocery/Staple,2022,39,200,0,152.78,183.34,39,32,36.2,0.29,32
Red Onion (Sinnan),Grocery/Staple,2022,40,193,0,155.19,186.23,32,34,36.2,0.29,23
Red Onion (Sinnan),Grocery/Staple,2022,41,186,0,156.88,188.26,23,40,33.5,0.29,22
Red Onion (Sinnan),Grocery/Staple,2022,42,179,0,159.92,191.9,22,39,29,0.29,38
Red Onion (Sinnan),Grocery/Staple,2022,43,172,0,164.09,196.91,38,32,28.8,0.29,29
Red Onion (Sinnan),Grocery/Staple,2022,44,165,0,165.0,198.0,29,23,28,0.29,30
Red Onion (Sinnan),Grocery/Staple,2022,45,158,0,168.11,201.73,30,22,29.8,0.29,56
Red Onion (Sinnan),Grocery/Staple,2022,46,151,0,169.81,203.77,56,38,38.2,0.29,35
Red Onion (Sinnan),Grocery/Staple,2022,47,144,0,171.4,205.68,35,29,37.5,0.29,25
Red Onion (Sinnan),Grocery/Staple,2022,48,137,0,174.5,209.4,25,30,36.5,0.29,35
Red Onion (Sinnan),Grocery/Staple,2022,49,130,0,178.05,213.66,35,56,37.8,0.29,25
Red Onion (Sinnan),Grocery/Staple,2022,50,123,0,181.84,218.21,25,35,30,0.29,46
Red Onion (Sinnan),Grocery/Staple,2022,51,116,0,182.71,219.25,46,25,32.8,0.29,30
Red Onion (Sinnan),Grocery/Staple,2022,52,109,0,187.1,224.52,30,35,34,0.29,35
Red Onion (Sinnan),Grocery/Staple,2023,1,102,0,186.41,223.69,35,25,34,0.29,43
Red Onion (Sinnan),Grocery/Staple,2023,2,95,0,191.29,229.55,43,46,38.5,0.29,43
Red Onion (Sinnan),Grocery/Staple,2023,3,88,0,192.37,230.84,43,30,37.8,0.29,26
Red Onion (Sinnan),Grocery/Staple,2023,4,81,0,192.57,231.08,26,35,36.8,0.29,42
Red Onion (Sinnan),Grocery/Staple,2023,5,74,0,196.96,236.35,42,43,38.5,0.29,52
Red Onion (Sinnan),Grocery/Staple,2023,6,67,0,197.99,237.59,52,43,40.8,0.29,37
Red Onion (Sinnan),Grocery/Staple,2023,7,60,0,199.88,239.86,37,26,39.2,0.29,37
Red Onion (Sinnan),Grocery/Staple,2023,8,53,0,202.39,242.87,37,42,42,0.29,38
Red Onion (Sinnan),Grocery/Staple,2023,9,46,0,204.56,245.47,38,52,41,0.29,22
Red Onion (Sinnan),Grocery/Staple,2023,10,39,0,203.24,243.89,22,37,33.5,0.29,46
Red Onion (Sinnan),Grocery/Staple,2023,11,32,0,202.79,243.35,46,37,35.8,0.29,43
Red Onion (Sinnan),Grocery/Staple,2023,12,25,0,201.98,242.38,43,38,37.2,0.29,31
Red Onion (Sinnan),Grocery/Staple,2023,13,18,1,202.56,243.07,31,22,35.5,0.29,40
Red Onion (Sinnan),Grocery/Staple,2023,14,11,1,206.46,247.75,40,46,40,0.29,80
Red Onion (Sinnan),Grocery/Staple,2023,15,4,1,208.71,250.45,80,43,48.5,0.29,112
Red Onion (Sinnan),Grocery/Staple,2023,16,363,0,201.34,241.61,112,31,65.8,0.29,48
Red Onion (Sinnan),Grocery/Staple,2023,17,356,0,200.69,240.83,48,40,70,0.29,36
Red Onion (Sinnan),Grocery/Staple,2023,18,349,0,200.3,240.36,36,80,69,0.29,36
Red Onion (Sinnan),Grocery/Staple,2023,19,342,0,198.66,238.39,36,112,58,0.29,52
Red Onion (Sinnan),Grocery/Staple,2023,20,335,0,198.22,237.86,52,48,43,0.29,40
Red Onion (Sinnan),Grocery/Staple,2023,21,328,0,195.72,234.86,40,36,41,0.29,20
Red Onion (Sinnan),Grocery/Staple,2023,22,321,0,198.02,237.62,20,36,37,0.29,36
Red Onion (Sinnan),Grocery/Staple,2023,23,314,0,195.8,234.96,36,52,37,0.29,24
Red Onion (Sinnan),Grocery/Staple,2023,24,307,0,196.01,235.21,24,40,30,0.29,42
Red Onion (Sinnan),Grocery/Staple,2023,25,300,0,194.66,233.59,42,20,30.5,0.29,40
Red Onion (Sinnan),Grocery/Staple,2023,26,293,0,191.92,230.3,40,36,35.5,0.29,38
Red Onion (Sinnan),Grocery/Staple,2023,27,286,0,192.02,230.42,38,24,36,0.29,47
Red Onion (Sinnan),Grocery/Staple,2023,28,279,0,193.87,232.64,47,42,41.8,0.29,36
Red Onion (Sinnan),Grocery/Staple,2023,29,272,0,193.82,232.58,36,40,40.2,0.29,36
Red Onion (Sinnan),Grocery/Staple,2023,30,265,0,192.75,231.3,36,38,39.2,0.29,36
Red Onion (Sinnan),Grocery/Staple,2023,31,258,0,190.74,228.89,36,47,38.8,0.29,24
Red Onion (Sinnan),Grocery/Staple,2023,32,251,0,190.89,229.07,24,36,33,0.29,44
Red Onion (Sinnan),Grocery/Staple,2023,33,244,0,193.4,232.08,44,36,35,0.29,35
Red Onion (Sinnan),Grocery/Staple,2023,34,237,0,192.23,230.68,35,36,34.8,0.29,34
Red Onion (Sinnan),Grocery/Staple,2023,35,230,0,191.49,229.79,34,24,34.2,0.29,26
Red Onion (Sinnan),Grocery/Staple,2023,36,223,0,189.54,227.45,26,44,34.8,0.29,29
Red Onion (Sinnan),Grocery/Staple,2023,37,216,0,186.77,224.12,29,35,31,0.29,39
Red Onion (Sinnan),Grocery/Staple,2023,38,209,0,189.59,227.51,39,34,32,0.29,35
Red Onion (Sinnan),Grocery/Staple,2023,39,202,0,185.92,223.1,35,26,32.2,0.29,35
Red Onion (Sinnan),Grocery/Staple,2023,40,195,0,187.16,224.59,35,29,34.5,0.29,32
Red Onion (Sinnan),Grocery/Staple,2023,41,188,0,186.86,224.23,32,39,35.2,0.29,28
Red Onion (Sinnan),Grocery/Staple,2023,42,181,0,188.19,225.83,28,35,32.5,0.29,58
Red Onion (Sinnan),Grocery/Staple,2023,43,174,0,185.54,222.65,58,35,38.2,0.29,57
Red Onion (Sinnan),Grocery/Staple,2023,44,167,0,182.02,218.42,57,32,43.8,0.29,60
Red Onion (Sinnan),Grocery/Staple,2023,45,160,0,184.82,221.78,60,28,50.8,0.29,51
Red Onion (Sinnan),Grocery/Staple,2023,46,153,0,182.99,219.59,51,58,56.5,0.29,40
Red Onion (Sinnan),Grocery/Staple,2023,47,146,0,184.36,221.23,40,57,52,0.29,41
Red Onion (Sinnan),Grocery/Staple,2023,48,139,0,181.84,218.21,41,60,48,0.29,38
Red Onion (Sinnan),Grocery/Staple,2023,49,132,0,179.71,215.65,38,51,42.5,0.29,29
Red Onion (Sinnan),Grocery/Staple,2023,50,125,0,178.74,214.49,29,40,37,0.29,31
Red Onion (Sinnan),Grocery/Staple,2023,51,118,0,179.94,215.93,31,41,34.8,0.29,30
Red Onion (Sinnan),Grocery/Staple,2023,52,111,0,178.64,214.37,30,38,32,0.29,30
Red Onion (Sinnan),Grocery/Staple,2024,1,104,0,178.76,214.51,30,29,30,0.29,23
Red Onion (Sinnan),Grocery/Staple,2024,2,97,0,178.4,214.08,23,31,28.5,0.29,36
Red Onion (Sinnan),Grocery/Staple,2024,3,90,0,177.65,213.18,36,30,29.8,0.29,39
Red Onion (Sinnan),Grocery/Staple,2024,4,83,0,177.58,213.1,39,30,32,0.29,29
Red Onion (Sinnan),Grocery/Staple,2024,5,76,0,178.1,213.72,29,23,31.8,0.29,36
Red Onion (Sinnan),Grocery/Staple,2024,6,69,0,178.33,214.0,36,36,35,0.29,54
Red Onion (Sinnan),Grocery/Staple,2024,7,62,0,175.88,211.06,54,39,39.5,0.29,57
Red Onion (Sinnan),Grocery/Staple,2024,8,55,0,178.08,213.7,57,29,44,0.29,36
Red Onion (Sinnan),Grocery/Staple,2024,9,48,0,177.42,212.9,36,36,45.8,0.29,56
Red Onion (Sinnan),Grocery/Staple,2024,10,41,0,175.54,210.65,56,54,50.8,0.29,28
Red Onion (Sinnan),Grocery/Staple,2024,11,34,0,177.93,213.52,28,57,44.2,0.29,35
Red Onion (Sinnan),Grocery/Staple,2024,12,27,0,177.17,212.6,35,36,38.8,0.29,48
Red Onion (Sinnan),Grocery/Staple,2024,13,20,1,178.91,214.69,48,56,41.8,0.29,41
Red Onion (Sinnan),Grocery/Staple,2024,14,13,1,178.88,214.66,41,28,38,0.29,40
Red Onion (Sinnan),Grocery/Staple,2024,15,6,1,184.16,220.99,40,35,41,0.29,120
Red Onion (Sinnan),Grocery/Staple,2024,16,364,0,177.55,213.06,120,48,62.2,0.29,26
Red Onion (Sinnan),Grocery/Staple,2024,17,357,0,176.8,212.16,26,41,56.8,0.29,30
Red Onion (Sinnan),Grocery/Staple,2024,18,350,0,176.77,212.12,30,40,54,0.29,31
Red Onion (Sinnan),Grocery/Staple,2024,19,343,0,177.34,212.81,31,120,51.8,0.29,38
Red Onion (Sinnan),Grocery/Staple,2024,20,336,0,176.06,211.27,38,26,31.2,0.29,31
Red Onion (Sinnan),Grocery/Staple,2024,21,329,0,177.94,213.53,31,30,32.5,0.29,32
Red Onion (Sinnan),Grocery/Staple,2024,22,322,0,177.99,213.59,32,31,33,0.29,26
Red Onion (Sinnan),Grocery/Staple,2024,23,315,0,176.13,211.36,26,38,31.8,0.29,34
Red Onion (Sinnan),Grocery/Staple,2024,24,308,0,178.08,213.7,34,31,30.8,0.29,51
Red Onion (Sinnan),Grocery/Staple,2024,25,301,0,177.15,212.58,51,32,35.8,0.29,42
Red Onion (Sinnan),Grocery/Staple,2024,26,294,0,176.0,211.2,42,26,38.2,0.29,43
Red Onion (Sinnan),Grocery/Staple,2024,27,287,0,179.58,215.5,43,34,42.5,0.29,46
Red Onion (Sinnan),Grocery/Staple,2024,28,280,0,176.37,211.64,46,51,45.5,0.29,34
Red Onion (Sinnan),Grocery/Staple,2024,29,273,0,176.2,211.44,34,42,41.2,0.29,38
Red Onion (Sinnan),Grocery/Staple,2024,30,266,0,180.81,216.97,38,43,40.2,0.29,33
Red Onion (Sinnan),Grocery/Staple,2024,31,259,0,178.16,213.79,33,46,37.8,0.29,45
Red Onion (Sinnan),Grocery/Staple,2024,32,252,0,177.96,213.55,45,34,37.5,0.29,23
Red Onion (Sinnan),Grocery/Staple,2024,33,245,0,179.56,215.47,23,38,34.8,0.29,36
Red Onion (Sinnan),Grocery/Staple,2024,34,238,0,179.06,214.87,36,33,34.2,0.29,34
Red Onion (Sinnan),Grocery/Staple,2024,35,231,0,180.87,217.04,34,45,34.5,0.29,44
Red Onion (Sinnan),Grocery/Staple,2024,36,224,0,177.68,213.22,44,23,34.2,0.29,45
Red Onion (Sinnan),Grocery/Staple,2024,37,217,0,180.67,216.8,45,36,39.8,0.29,50
Red Onion (Sinnan),Grocery/Staple,2024,38,210,0,177.23,212.68,50,34,43.2,0.29,32
Red Onion (Sinnan),Grocery/Staple,2024,39,203,0,179.4,215.28,32,44,42.8,0.29,50
Red Onion (Sinnan),Grocery/Staple,2024,40,196,0,178.63,214.36,50,45,44.2,0.29,33
Red Onion (Sinnan),Grocery/Staple,2024,41,189,0,179.42,215.3,33,50,41.2,0.29,27
Red Onion (Sinnan),Grocery/Staple,2024,42,182,0,181.27,217.52,27,32,35.5,0.29,45
Red Onion (Sinnan),Grocery/Staple,2024,43,175,0,176.95,212.34,45,50,38.8,0.29,52
Red Onion (Sinnan),Grocery/Staple,2024,44,168,0,180.08,216.1,52,33,39.2,0.29,42
Red Onion (Sinnan),Grocery/Staple,2024,45,161,0,179.09,214.91,42,27,41.5,0.29,40
Red Onion (Sinnan),Grocery/Staple,2024,46,154,0,180.93,217.12,40,45,44.8,0.29,36
Red Onion (Sinnan),Grocery/Staple,2024,47,147,0,180.9,217.08,36,52,42.5,0.29,47
Red Onion (Sinnan),Grocery/Staple,2024,48,140,0,180.81,216.97,47,42,41.2,0.29,34
Red Onion (Sinnan),Grocery/Staple,2024,49,133,0,180.23,216.28,34,40,39.2,0.29,42
Red Onion (Sinnan),Grocery/Staple,2024,50,126,0,180.63,216.76,42,36,39.8,0.29,40
Red Onion (Sinnan),Grocery/Staple,2024,51,119,0,179.56,215.47,40,47,40.8,0.29,38
Red Onion (Sinnan),Grocery/Staple,2024,52,112,0,182.88,219.46,38,34,38.5,0.29,52
Red Onion (Sinnan),Grocery/Staple,2025,1,105,0,179.41,215.29,52,42,43,0.29,29
Red Onion (Sinnan),Grocery/Staple,2025,2,98,0,181.94,218.33,29,40,39.8,0.29,27
Red Onion (Sinnan),Grocery/Staple,2025,3,91,0,180.72,216.86,27,38,36.5,0.29,59
Red Onion (Sinnan),Grocery/Staple,2025,4,84,0,180.82,216.98,59,52,41.8,0.29,48
Red Onion (Sinnan),Grocery/Staple,2025,5,77,0,182.01,218.41,48,29,40.8,0.29,35
Red Onion (Sinnan),Grocery/Staple,2025,6,70,0,179.09,214.91,35,27,42.2,0.29,37
Red Onion (Sinnan),Grocery/Staple,2025,7,63,0,179.94,215.93,37,59,44.8,0.29,44
Red Onion (Sinnan),Grocery/Staple,2025,8,56,0,180.26,216.31,44,48,41,0.29,30
Red Onion (Sinnan),Grocery/Staple,2025,9,49,0,181.33,217.6,30,35,36.5,0.29,38
Red Onion (Sinnan),Grocery/Staple,2025,10,42,0,181.37,217.64,38,37,37.2,0.29,50
Red Onion (Sinnan),Grocery/Staple,2025,11,35,0,178.57,214.28,50,44,40.5,0.29,27
Red Onion (Sinnan),Grocery/Staple,2025,12,28,0,181.26,217.51,27,30,36.2,0.29,33
Red Onion (Sinnan),Grocery/Staple,2025,13,21,1,179.88,215.86,33,38,37,0.29,46
Red Onion (Sinnan),Grocery/Staple,2025,14,14,1,181.41,217.69,46,50,39,0.29,69
Red Onion (Sinnan),Grocery/Staple,2025,15,7,1,189.42,227.3,69,27,43.8,0.29,116
Red Onion (Sinnan),Grocery/Staple,2025,16,0,1,180.86,217.03,116,33,66,0.29,83
Red Onion (Sinnan),Grocery/Staple,2025,17,358,0,180.95,217.14,83,46,78.5,0.29,47
Red Onion (Sinnan),Grocery/Staple,2025,18,351,0,182.46,218.95,47,69,78.8,0.29,33
Red Onion (Sinnan),Grocery/Staple,2025,19,344,0,181.75,218.1,33,116,69.8,0.29,43
Red Onion (Sinnan),Grocery/Staple,2025,20,337,0,180.48,216.58,43,83,51.5,0.29,41
Red Onion (Sinnan),Grocery/Staple,2025,21,330,0,178.63,214.36,41,47,41,0.29,54
Red Onion (Sinnan),Grocery/Staple,2025,22,323,0,181.3,217.56,54,33,42.8,0.29,28
Red Onion (Sinnan),Grocery/Staple,2025,23,316,0,182.15,218.58,28,43,41.5,0.29,37
Red Onion (Sinnan),Grocery/Staple,2025,24,309,0,180.85,217.02,37,41,40,0.29,38
Red Onion (Sinnan),Grocery/Staple,2025,25,302,0,180.23,216.28,38,54,39.2,0.29,45
Red Onion (Sinnan),Grocery/Staple,2025,26,295,0,180.32,216.38,45,28,37,0.29,54
Red Onion (Sinnan),Grocery/Staple,2025,27,288,0,182.32,218.78,54,37,43.5,0.29,32
Red Onion (Sinnan),Grocery/Staple,2025,28,281,0,179.05,214.86,32,38,42.2,0.29,28
Red Onion (Sinnan),Grocery/Staple,2025,29,274,0,180.25,216.3,28,45,39.8,0.29,39
Red Onion (Sinnan),Grocery/Staple,2025,30,267,0,181.93,218.32,39,54,38.2,0.29,47
Red Onion (Sinnan),Grocery/Staple,2025,31,260,0,182.95,219.54,47,32,36.5,0.29,48
Red Onion (Sinnan),Grocery/Staple,2025,32,253,0,182.79,219.35,48,28,40.5,0.29,36
Red Onion (Sinnan),Grocery/Staple,2025,33,246,0,181.73,218.08,36,39,42.5,0.29,37
Red Onion (Sinnan),Grocery/Staple,2025,34,239,0,181.1,217.32,37,47,42,0.29,23
Red Onion (Sinnan),Grocery/Staple,2025,35,232,0,182.23,218.68,23,48,36,0.29,37
Red Onion (Sinnan),Grocery/Staple,2025,36,225,0,180.24,216.29,37,36,33.2,0.29,41
Red Onion (Sinnan),Grocery/Staple,2025,37,218,0,179.86,215.83,41,37,34.5,0.29,42
Red Onion (Sinnan),Grocery/Staple,2025,38,211,0,180.36,216.43,42,23,35.8,0.29,52
Red Onion (Sinnan),Grocery/Staple,2025,39,204,0,179.25,215.1,52,37,43,0.29,44
Red Onion (Sinnan),Grocery/Staple,2025,40,197,0,183.01,219.61,44,41,44.8,0.29,39
Red Onion (Sinnan),Grocery/Staple,2025,41,190,0,183.42,220.1,39,42,44.2,0.29,37
Red Onion (Sinnan),Grocery/Staple,2025,42,183,0,183.33,220.0,37,52,43,0.29,33
Red Onion (Sinnan),Grocery/Staple,2025,43,176,0,180.93,217.12,33,44,38.2,0.29,27
Red Onion (Sinnan),Grocery/Staple,2025,44,169,0,181.12,217.34,27,39,34,0.29,53
Red Onion (Sinnan),Grocery/Staple,2025,45,162,0,182.35,218.82,53,37,37.5,0.29,42
Red Onion (Sinnan),Grocery/Staple,2025,46,155,0,180.49,216.59,42,33,38.8,0.29,38
Red Onion (Sinnan),Grocery/Staple,2025,47,148,0,179.86,215.83,38,27,40,0.29,36
Red Onion (Sinnan),Grocery/Staple,2025,48,141,0,181.44,217.73,36,53,42.2,0.29,26
Red Onion (Sinnan),Grocery/Staple,2025,49,134,0,184.33,221.2,26,42,35.5,0.29,57
Red Onion (Sinnan),Grocery/Staple,2025,50,127,0,183.64,220.37,57,38,39.2,0.29,28
Red Onion (Sinnan),Grocery/Staple,2025,51,120,0,182.04,218.45,28,36,36.8,0.29,34
Red Onion (Sinnan),Grocery/Staple,2025,52,113,0,182.25,218.7,34,26,36.2,0.29,34
Red Onion (Sinnan),Grocery/Staple,2026,1,106,0,178.92,214.7,34,57,38.2,0.29,42
Red Onion (Sinnan),Grocery/Staple,2026,2,99,0,182.24,218.69,42,28,34.5,0.29,42
Red Onion (Sinnan),Grocery/Staple,2026,3,92,0,181.46,217.75,42,34,38,0.29,46
Red Onion (Sinnan),Grocery/Staple,2026,4,85,0,181.08,217.3,46,34,41,0.29,25
Red Onion (Sinnan),Grocery/Staple,2026,5,78,0,181.22,217.46,25,42,38.8,0.29,53
Red Onion (Sinnan),Grocery/Staple,2026,6,71,0,183.87,220.64,53,42,41.5,0.29,28
Red Onion (Sinnan),Grocery/Staple,2026,7,64,0,181.72,218.06,28,46,38,0.29,32
Red Onion (Sinnan),Grocery/Staple,2026,8,57,0,182.36,218.83,32,25,34.5,0.29,46
Red Onion (Sinnan),Grocery/Staple,2026,9,50,0,181.19,217.43,46,53,39.8,0.29,39
Red Onion (Sinnan),Grocery/Staple,2026,10,43,0,182.21,218.65,39,28,36.2,0.29,35
Red Onion (Sinnan),Grocery/Staple,2026,11,36,0,184.39,221.27,35,32,38,0.29,34
Red Onion (Sinnan),Grocery/Staple,2026,12,29,0,182.33,218.8,34,46,38.5,0.29,26
Red Onion (Sinnan),Grocery/Staple,2026,13,22,0,183.64,220.37,26,39,33.5,0.29,52
Red Onion (Sinnan),Grocery/Staple,2026,14,15,1,181.48,217.78,52,35,36.8,0.29,58
Red Onion (Sinnan),Grocery/Staple,2026,15,8,1,187.22,224.66,58,34,42.5,0.29,60
Red Onion (Sinnan),Grocery/Staple,2026,16,1,1,182.18,218.62,60,26,49,0.29,97
Red Onion (Sinnan),Grocery/Staple,2026,17,359,0,182.97,219.56,97,52,66.8,0.29,41
Red Onion (Sinnan),Grocery/Staple,2026,18,352,0,183.48,220.18,41,58,64,0.29,39
Red Onion (Sinnan),Grocery/Staple,2026,19,345,0,180.24,216.29,39,60,59.2,0.29,31
Red Onion (Sinnan),Grocery/Staple,2026,20,338,0,184.01,220.81,31,97,52,0.29,29
Red Onion (Sinnan),Grocery/Staple,2026,21,331,0,183.37,220.04,29,41,35,0.29,51
Red Onion (Sinnan),Grocery/Staple,2026,22,324,0,182.92,219.5,51,39,37.5,0.29,37
Red Onion (Sinnan),Grocery/Staple,2026,23,317,0,184.22,221.06,37,31,37,0.29,42
Red Onion (Sinnan),Grocery/Staple,2026,24,310,0,184.16,220.99,42,29,39.8,0.0,7
Potatoes,Grocery/Staple,2022,24,305,0,106.09,127.31,49,49,49,0.29,49
Potatoes,Grocery/Staple,2022,25,298,0,107.57,129.08,49,41,49,0.29,41
Potatoes,Grocery/Staple,2022,26,291,0,108.26,129.91,41,52,45,0.29,52
Potatoes,Grocery/Staple,2022,27,284,0,111.55,133.86,52,62,47.3,0.29,62
Potatoes,Grocery/Staple,2022,28,277,0,114.14,136.97,62,49,51,0.29,58
Potatoes,Grocery/Staple,2022,29,270,0,118.63,142.36,58,41,53.2,0.29,62
Potatoes,Grocery/Staple,2022,30,263,0,120.43,144.52,62,52,58.5,0.29,61
Potatoes,Grocery/Staple,2022,31,256,0,123.12,147.74,61,62,60.8,0.29,53
Potatoes,Grocery/Staple,2022,32,249,0,125.91,151.09,53,58,58.5,0.29,69
Potatoes,Grocery/Staple,2022,33,242,0,128.7,154.44,69,62,61.2,0.29,51
Potatoes,Grocery/Staple,2022,34,235,0,132.34,158.81,51,61,58.5,0.29,65
Potatoes,Grocery/Staple,2022,35,228,0,134.27,161.12,65,53,59.5,0.29,55
Potatoes,Grocery/Staple,2022,36,221,0,136.86,164.23,55,69,60,0.29,56
Potatoes,Grocery/Staple,2022,37,214,0,138.86,166.63,56,51,56.8,0.29,64
Potatoes,Grocery/Staple,2022,38,207,0,140.91,169.09,64,65,60,0.29,69
Potatoes,Grocery/Staple,2022,39,200,0,144.16,172.99,69,55,61,0.29,79
Potatoes,Grocery/Staple,2022,40,193,0,145.88,175.06,79,56,67,0.29,54
Potatoes,Grocery/Staple,2022,41,186,0,146.93,176.32,54,64,66.5,0.29,51
Potatoes,Grocery/Staple,2022,42,179,0,151.18,181.42,51,69,63.2,0.29,53
Potatoes,Grocery/Staple,2022,43,172,0,153.49,184.19,53,79,59.2,0.29,77
Potatoes,Grocery/Staple,2022,44,165,0,155.2,186.24,77,54,58.8,0.29,51
Potatoes,Grocery/Staple,2022,45,158,0,158.94,190.73,51,51,58,0.29,76
Potatoes,Grocery/Staple,2022,46,151,0,161.67,194.0,76,53,64.2,0.29,44
Potatoes,Grocery/Staple,2022,47,144,0,163.2,195.84,44,77,62,0.29,72
Potatoes,Grocery/Staple,2022,48,137,0,164.85,197.82,72,51,60.8,0.29,48
Potatoes,Grocery/Staple,2022,49,130,0,166.75,200.1,48,76,60,0.29,52
Potatoes,Grocery/Staple,2022,50,123,0,168.91,202.69,52,44,54,0.29,53
Potatoes,Grocery/Staple,2022,51,116,0,172.07,206.48,53,72,56.2,0.29,57
Potatoes,Grocery/Staple,2022,52,109,0,172.77,207.32,57,48,52.5,0.29,51
Potatoes,Grocery/Staple,2023,1,102,0,175.67,210.8,51,52,53.2,0.29,54
Potatoes,Grocery/Staple,2023,2,95,0,178.87,214.64,54,53,53.8,0.29,65
Potatoes,Grocery/Staple,2023,3,88,0,180.91,217.09,65,57,56.8,0.29,57
Potatoes,Grocery/Staple,2023,4,81,0,182.32,218.78,57,51,56.8,0.29,58
Potatoes,Grocery/Staple,2023,5,74,0,186.03,223.24,58,54,58.5,0.29,64
Potatoes,Grocery/Staple,2023,6,67,0,187.25,224.7,64,65,61,0.29,50
Potatoes,Grocery/Staple,2023,7,60,0,189.03,226.84,50,57,57.2,0.29,81
Potatoes,Grocery/Staple,2023,8,53,0,190.05,228.06,81,58,63.2,0.29,48
Potatoes,Grocery/Staple,2023,9,46,0,194.17,233.0,48,64,60.8,0.29,43
Potatoes,Grocery/Staple,2023,10,39,0,192.27,230.72,43,50,55.5,0.29,55
Potatoes,Grocery/Staple,2023,11,32,0,191.5,229.8,55,81,56.8,0.29,60
Potatoes,Grocery/Staple,2023,12,25,0,188.85,226.62,60,48,51.5,0.29,52
Potatoes,Grocery/Staple,2023,13,18,1,189.83,227.8,52,43,52.5,0.29,58
Potatoes,Grocery/Staple,2023,14,11,1,195.07,234.08,58,55,56.2,0.29,62
Potatoes,Grocery/Staple,2023,15,4,1,194.07,232.88,62,60,58,0.29,120
Potatoes,Grocery/Staple,2023,16,363,0,188.57,226.28,120,52,73,0.29,62
Potatoes,Grocery/Staple,2023,17,356,0,187.48,224.98,62,58,75.5,0.29,52
Potatoes,Grocery/Staple,2023,18,349,0,187.26,224.71,52,62,74,0.29,74
Potatoes,Grocery/Staple,2023,19,342,0,187.07,224.48,74,120,77,0.29,46
Potatoes,Grocery/Staple,2023,20,335,0,187.1,224.52,46,62,58.5,0.29,68
Potatoes,Grocery/Staple,2023,21,328,0,184.08,220.9,68,52,60,0.29,52
Potatoes,Grocery/Staple,2023,22,321,0,184.77,221.72,52,74,60,0.29,58
Potatoes,Grocery/Staple,2023,23,314,0,184.38,221.26,58,46,56,0.29,48
Potatoes,Grocery/Staple,2023,24,307,0,185.68,222.82,48,68,56.5,0.29,52
Potatoes,Grocery/Staple,2023,25,300,0,182.72,219.26,52,52,52.5,0.29,56
Potatoes,Grocery/Staple,2023,26,293,0,185.62,222.74,56,58,53.5,0.29,45
Potatoes,Grocery/Staple,2023,27,286,0,184.38,221.26,45,48,50.2,0.29,67
Potatoes,Grocery/Staple,2023,28,279,0,181.83,218.2,67,52,55,0.29,57
Potatoes,Grocery/Staple,2023,29,272,0,181.76,218.11,57,56,56.2,0.29,53
Potatoes,Grocery/Staple,2023,30,265,0,181.75,218.1,53,45,55.5,0.29,56
Potatoes,Grocery/Staple,2023,31,258,0,180.03,216.04,56,67,58.2,0.29,61
Potatoes,Grocery/Staple,2023,32,251,0,180.17,216.2,61,57,56.8,0.29,37
Potatoes,Grocery/Staple,2023,33,244,0,180.38,216.46,37,53,51.8,0.29,70
Potatoes,Grocery/Staple,2023,34,237,0,181.57,217.88,70,56,56,0.29,62
Potatoes,Grocery/Staple,2023,35,230,0,178.31,213.97,62,61,57.5,0.29,58
Potatoes,Grocery/Staple,2023,36,223,0,178.97,214.76,58,37,56.8,0.29,59
Potatoes,Grocery/Staple,2023,37,216,0,178.35,214.02,59,70,62.2,0.29,61
Potatoes,Grocery/Staple,2023,38,209,0,176.27,211.52,61,62,60,0.29,58
Potatoes,Grocery/Staple,2023,39,202,0,176.45,211.74,58,58,59,0.29,58
Potatoes,Grocery/Staple,2023,40,195,0,175.13,210.16,58,59,59,0.29,59
Potatoes,Grocery/Staple,2023,41,188,0,175.2,210.24,59,61,59,0.29,45
Potatoes,Grocery/Staple,2023,42,181,0,174.12,208.94,45,58,55,0.29,65
Potatoes,Grocery/Staple,2023,43,174,0,174.42,209.3,65,58,56.8,0.29,55
Potatoes,Grocery/Staple,2023,44,167,0,173.08,207.7,55,59,56,0.29,69
Potatoes,Grocery/Staple,2023,45,160,0,173.14,207.77,69,45,58.5,0.29,51
Potatoes,Grocery/Staple,2023,46,153,0,172.04,206.45,51,65,60,0.29,55
Potatoes,Grocery/Staple,2023,47,146,0,171.59,205.91,55,55,57.5,0.29,65
Potatoes,Grocery/Staple,2023,48,139,0,170.4,204.48,65,69,60,0.29,59
Potatoes,Grocery/Staple,2023,49,132,0,170.68,204.82,59,51,57.5,0.29,45
Potatoes,Grocery/Staple,2023,50,125,0,170.91,205.09,45,55,56,0.29,79
Potatoes,Grocery/Staple,2023,51,118,0,169.04,202.85,79,65,62,0.29,59
Potatoes,Grocery/Staple,2023,52,111,0,169.19,203.03,59,59,60.5,0.29,71
Potatoes,Grocery/Staple,2024,1,104,0,169.45,203.34,71,45,63.5,0.29,59
Potatoes,Grocery/Staple,2024,2,97,0,168.8,202.56,59,79,67,0.29,61
Potatoes,Grocery/Staple,2024,3,90,0,168.34,202.01,61,59,62.5,0.29,49
Potatoes,Grocery/Staple,2024,4,83,0,168.77,202.52,49,71,60,0.29,64
Potatoes,Grocery/Staple,2024,5,76,0,167.01,200.41,64,59,58.2,0.29,66
Potatoes,Grocery/Staple,2024,6,69,0,168.45,202.14,66,61,60,0.29,54
Potatoes,Grocery/Staple,2024,7,62,0,168.13,201.76,54,49,58.2,0.29,90
Potatoes,Grocery/Staple,2024,8,55,0,168.92,202.7,90,64,68.5,0.29,58
Potatoes,Grocery/Staple,2024,9,48,0,167.09,200.51,58,66,67,0.29,45
Potatoes,Grocery/Staple,2024,10,41,0,167.05,200.46,45,54,61.8,0.29,70
Potatoes,Grocery/Staple,2024,11,34,0,166.56,199.87,70,90,65.8,0.29,70
Potatoes,Grocery/Staple,2024,12,27,0,167.49,200.99,70,58,60.8,0.29,55
Potatoes,Grocery/Staple,2024,13,20,1,166.91,200.29,55,45,60,0.29,54
Potatoes,Grocery/Staple,2024,14,13,1,171.29,205.55,54,70,62.2,0.29,102
Potatoes,Grocery/Staple,2024,15,6,1,173.64,208.37,102,70,70.2,0.29,120
Potatoes,Grocery/Staple,2024,16,364,0,166.95,200.34,120,55,82.8,0.29,47
Potatoes,Grocery/Staple,2024,17,357,0,167.69,201.23,47,54,80.8,0.29,62
Potatoes,Grocery/Staple,2024,18,350,0,168.92,202.7,62,102,82.8,0.29,56
Potatoes,Grocery/Staple,2024,19,343,0,167.25,200.7,56,120,71.2,0.29,57
Potatoes,Grocery/Staple,2024,20,336,0,167.17,200.6,57,47,55.5,0.29,90
Potatoes,Grocery/Staple,2024,21,329,0,164.97,197.96,90,62,66.2,0.29,56
Potatoes,Grocery/Staple,2024,22,322,0,168.02,201.62,56,56,64.8,0.29,59
Potatoes,Grocery/Staple,2024,23,315,0,166.94,200.33,59,57,65.5,0.29,45
Potatoes,Grocery/Staple,2024,24,308,0,166.59,199.91,45,90,62.5,0.29,54
Potatoes,Grocery/Staple,2024,25,301,0,165.28,198.34,54,56,53.5,0.29,46
Potatoes,Grocery/Staple,2024,26,294,0,168.01,201.61,46,59,51,0.29,79
Potatoes,Grocery/Staple,2024,27,287,0,167.48,200.98,79,45,56,0.29,62
Potatoes,Grocery/Staple,2024,28,280,0,167.85,201.42,62,54,60.2,0.29,57
Potatoes,Grocery/Staple,2024,29,273,0,166.27,199.52,57,46,61,0.29,79
Potatoes,Grocery/Staple,2024,30,266,0,166.66,199.99,79,79,69.2,0.29,88
Potatoes,Grocery/Staple,2024,31,259,0,166.8,200.16,88,62,71.5,0.29,55
Potatoes,Grocery/Staple,2024,32,252,0,170.72,204.86,55,57,69.8,0.29,48
Potatoes,Grocery/Staple,2024,33,245,0,166.59,199.91,48,79,67.5,0.29,61
Potatoes,Grocery/Staple,2024,34,238,0,168.32,201.98,61,88,63,0.29,69
Potatoes,Grocery/Staple,2024,35,231,0,166.77,200.12,69,55,58.2,0.29,51
Potatoes,Grocery/Staple,2024,36,224,0,169.64,203.57,51,48,57.2,0.29,59
Potatoes,Grocery/Staple,2024,37,217,0,168.86,202.63,59,61,60,0.29,59
Potatoes,Grocery/Staple,2024,38,210,0,168.32,201.98,59,69,59.5,0.29,83
Potatoes,Grocery/Staple,2024,39,203,0,170.15,204.18,83,51,63,0.29,65
Potatoes,Grocery/Staple,2024,40,196,0,168.95,202.74,65,59,66.5,0.29,61
Potatoes,Grocery/Staple,2024,41,189,0,169.26,203.11,61,59,67,0.29,67
Potatoes,Grocery/Staple,2024,42,182,0,168.93,202.72,67,83,69,0.29,53
Potatoes,Grocery/Staple,2024,43,175,0,171.76,206.11,53,65,61.5,0.29,83
Potatoes,Grocery/Staple,2024,44,168,0,168.0,201.6,83,61,66,0.29,64
Potatoes,Grocery/Staple,2024,45,161,0,171.0,205.2,64,67,66.8,0.29,70
Potatoes,Grocery/Staple,2024,46,154,0,171.81,206.17,70,53,67.5,0.29,53
Potatoes,Grocery/Staple,2024,47,147,0,167.87,201.44,53,83,67.5,0.29,66
Potatoes,Grocery/Staple,2024,48,140,0,168.74,202.49,66,64,63.2,0.29,66
Potatoes,Grocery/Staple,2024,49,133,0,169.3,203.16,66,70,63.8,0.29,54
Potatoes,Grocery/Staple,2024,50,126,0,170.86,205.03,54,53,59.8,0.29,59
Potatoes,Grocery/Staple,2024,51,119,0,167.9,201.48,59,66,61.2,0.29,61
Potatoes,Grocery/Staple,2024,52,112,0,170.81,204.97,61,66,60,0.29,55
Potatoes,Grocery/Staple,2025,1,105,0,169.18,203.02,55,54,57.2,0.29,54
Potatoes,Grocery/Staple,2025,2,98,0,172.27,206.72,54,59,57.2,0.29,60
Potatoes,Grocery/Staple,2025,3,91,0,171.29,205.55,60,61,57.5,0.29,60
Potatoes,Grocery/Staple,2025,4,84,0,171.47,205.76,60,55,57.2,0.29,82
Potatoes,Grocery/Staple,2025,5,77,0,169.8,203.76,82,54,64,0.29,57
Potatoes,Grocery/Staple,2025,6,70,0,169.82,203.78,57,60,64.8,0.29,58
Potatoes,Grocery/Staple,2025,7,63,0,170.25,204.3,58,60,64.2,0.29,67
Potatoes,Grocery/Staple,2025,8,56,0,171.18,205.42,67,82,66,0.29,49
Potatoes,Grocery/Staple,2025,9,49,0,170.49,204.59,49,57,57.8,0.29,59
Potatoes,Grocery/Staple,2025,10,42,0,170.41,204.49,59,58,58.2,0.29,78
Potatoes,Grocery/Staple,2025,11,35,0,169.54,203.45,78,67,63.2,0.29,85
Potatoes,Grocery/Staple,2025,12,28,0,171.83,206.2,85,49,67.8,0.29,77
Potatoes,Grocery/Staple,2025,13,21,1,170.57,204.68,77,59,74.8,0.29,74
Potatoes,Grocery/Staple,2025,14,14,1,172.1,206.52,74,78,78.5,0.29,100
Potatoes,Grocery/Staple,2025,15,7,1,176.4,211.68,100,85,84,0.29,120
Potatoes,Grocery/Staple,2025,16,0,1,171.66,205.99,120,77,92.8,0.29,75
Potatoes,Grocery/Staple,2025,17,358,0,168.91,202.69,75,74,92.2,0.29,73
Potatoes,Grocery/Staple,2025,18,351,0,170.59,204.71,73,100,92,0.29,63
Potatoes,Grocery/Staple,2025,19,344,0,170.58,204.7,63,120,82.8,0.29,59
Potatoes,Grocery/Staple,2025,20,337,0,169.5,203.4,59,75,67.5,0.29,61
Potatoes,Grocery/Staple,2025,21,330,0,170.9,205.08,61,73,64,0.29,47
Potatoes,Grocery/Staple,2025,22,323,0,171.51,205.81,47,63,57.5,0.29,60
Potatoes,Grocery/Staple,2025,23,316,0,171.45,205.74,60,59,56.8,0.29,51
Potatoes,Grocery/Staple,2025,24,309,0,171.35,205.62,51,61,54.8,0.29,65
Potatoes,Grocery/Staple,2025,25,302,0,171.2,205.44,65,47,55.8,0.29,83
Potatoes,Grocery/Staple,2025,26,295,0,173.71,208.45,83,60,64.8,0.29,53
Potatoes,Grocery/Staple,2025,27,288,0,171.92,206.3,53,51,63,0.29,68
Potatoes,Grocery/Staple,2025,28,281,0,170.67,204.8,68,65,67.2,0.29,76
Potatoes,Grocery/Staple,2025,29,274,0,171.45,205.74,76,83,70,0.29,58
Potatoes,Grocery/Staple,2025,30,267,0,169.54,203.45,58,53,63.8,0.29,76
Potatoes,Grocery/Staple,2025,31,260,0,172.3,206.76,76,68,69.5,0.29,65
Potatoes,Grocery/Staple,2025,32,253,0,171.76,206.11,65,76,68.8,0.29,65
Potatoes,Grocery/Staple,2025,33,246,0,169.64,203.57,65,58,66,0.29,53
Potatoes,Grocery/Staple,2025,34,239,0,172.05,206.46,53,76,64.8,0.29,67
Potatoes,Grocery/Staple,2025,35,232,0,171.11,205.33,67,65,62.5,0.29,68
Potatoes,Grocery/Staple,2025,36,225,0,171.59,205.91,68,65,63.2,0.29,87
Potatoes,Grocery/Staple,2025,37,218,0,168.56,202.27,87,53,68.8,0.29,52
Potatoes,Grocery/Staple,2025,38,211,0,169.24,203.09,52,67,68.5,0.29,81
Potatoes,Grocery/Staple,2025,39,204,0,170.89,205.07,81,68,72,0.29,39
Potatoes,Grocery/Staple,2025,40,197,0,170.42,204.5,39,87,64.8,0.29,59
Potatoes,Grocery/Staple,2025,41,190,0,172.09,206.51,59,52,57.8,0.29,61
Potatoes,Grocery/Staple,2025,42,183,0,170.75,204.9,61,81,60,0.29,78
Potatoes,Grocery/Staple,2025,43,176,0,171.88,206.26,78,39,59.2,0.29,61
Potatoes,Grocery/Staple,2025,44,169,0,171.28,205.54,61,59,64.8,0.29,74
Potatoes,Grocery/Staple,2025,45,162,0,171.32,205.58,74,61,68.5,0.29,68
Potatoes,Grocery/Staple,2025,46,155,0,170.72,204.86,68,78,70.2,0.29,52
Potatoes,Grocery/Staple,2025,47,148,0,174.3,209.16,52,61,63.8,0.29,80
Potatoes,Grocery/Staple,2025,48,141,0,173.22,207.86,80,74,68.5,0.29,84
Potatoes,Grocery/Staple,2025,49,134,0,170.94,205.13,84,68,71,0.29,61
Potatoes,Grocery/Staple,2025,50,127,0,171.26,205.51,61,52,69.2,0.29,57
Potatoes,Grocery/Staple,2025,51,120,0,170.94,205.13,57,80,70.5,0.29,63
Potatoes,Grocery/Staple,2025,52,113,0,171.87,206.24,63,84,66.2,0.29,63
Potatoes,Grocery/Staple,2026,1,106,0,172.84,207.41,63,61,61,0.29,57
Potatoes,Grocery/Staple,2026,2,99,0,173.9,208.68,57,57,60,0.29,59
Potatoes,Grocery/Staple,2026,3,92,0,173.62,208.34,59,63,60.5,0.29,61
Potatoes,Grocery/Staple,2026,4,85,0,170.17,204.2,61,63,60,0.29,78
Potatoes,Grocery/Staple,2026,5,78,0,172.42,206.9,78,57,63.8,0.29,66
Potatoes,Grocery/Staple,2026,6,71,0,173.56,208.27,66,59,66,0.29,71
Potatoes,Grocery/Staple,2026,7,64,0,172.01,206.41,71,61,69,0.29,62
Potatoes,Grocery/Staple,2026,8,57,0,171.84,206.21,62,78,69.2,0.29,58
Potatoes,Grocery/Staple,2026,9,50,0,170.95,205.14,58,66,64.2,0.29,61
Potatoes,Grocery/Staple,2026,10,43,0,170.73,204.88,61,71,63,0.29,59
Potatoes,Grocery/Staple,2026,11,36,0,171.45,205.74,59,62,60,0.29,57
Potatoes,Grocery/Staple,2026,12,29,0,170.91,205.09,57,58,58.8,0.29,63
Potatoes,Grocery/Staple,2026,13,22,0,171.66,205.99,63,61,60,0.29,73
Potatoes,Grocery/Staple,2026,14,15,1,171.14,205.37,73,59,63,0.29,47
Potatoes,Grocery/Staple,2026,15,8,1,178.62,214.34,47,57,60,0.29,120
Potatoes,Grocery/Staple,2026,16,1,1,174.22,209.06,120,63,75.8,0.29,118
Potatoes,Grocery/Staple,2026,17,359,0,173.94,208.73,118,73,89.5,0.29,89
Potatoes,Grocery/Staple,2026,18,352,0,171.72,206.06,89,47,93.5,0.29,68
Potatoes,Grocery/Staple,2026,19,345,0,170.69,204.83,68,120,98.8,0.29,74
Potatoes,Grocery/Staple,2026,20,338,0,172.91,207.49,74,118,87.2,0.29,68
Potatoes,Grocery/Staple,2026,21,331,0,172.44,206.93,68,89,74.8,0.29,52
Potatoes,Grocery/Staple,2026,22,324,0,171.7,206.04,52,68,65.5,0.29,89
Potatoes,Grocery/Staple,2026,23,317,0,171.47,205.76,89,74,70.8,0.29,59
Potatoes,Grocery/Staple,2026,24,310,0,168.04,201.65,59,68,67,0.0,17
Dried Chillies,Grocery/Staple,2022,24,305,0,555.34,666.41,19,19,19,0.29,19
Dried Chillies,Grocery/Staple,2022,25,298,0,577.49,692.99,19,29,19,0.29,29
Dried Chillies,Grocery/Staple,2022,26,291,0,581.45,697.74,29,32,24,0.29,32
Dried Chillies,Grocery/Staple,2022,27,284,0,597.65,717.18,32,30,26.7,0.29,30
Dried Chillies,Grocery/Staple,2022,28,277,0,614.77,737.72,30,19,27.5,0.29,32
Dried Chillies,Grocery/Staple,2022,29,270,0,624.04,748.85,32,29,30.8,0.29,28
Dried Chillies,Grocery/Staple,2022,30,263,0,647.19,776.63,28,32,30.5,0.29,29
Dried Chillies,Grocery/Staple,2022,31,256,0,661.18,793.42,29,30,29.8,0.29,20
Dried Chillies,Grocery/Staple,2022,32,249,0,677.84,813.41,20,32,27.2,0.29,27
Dried Chillies,Grocery/Staple,2022,33,242,0,684.98,821.98,27,28,26,0.29,45
Dried Chillies,Grocery/Staple,2022,34,235,0,712.25,854.7,45,29,30.2,0.29,24
Dried Chillies,Grocery/Staple,2022,35,228,0,721.46,865.75,24,20,29,0.29,21
Dried Chillies,Grocery/Staple,2022,36,221,0,728.33,874.0,21,27,29.2,0.29,43
Dried Chillies,Grocery/Staple,2022,37,214,0,741.52,889.82,43,45,33.2,0.29,25
Dried Chillies,Grocery/Staple,2022,38,207,0,747.51,897.01,25,24,28.2,0.29,32
Dried Chillies,Grocery/Staple,2022,39,200,0,764.68,917.62,32,21,30.2,0.29,25
Dried Chillies,Grocery/Staple,2022,40,193,0,781.8,938.16,25,43,31.2,0.29,30
Dried Chillies,Grocery/Staple,2022,41,186,0,793.05,951.66,30,25,28,0.29,17
Dried Chillies,Grocery/Staple,2022,42,179,0,793.83,952.6,17,32,26,0.29,38
Dried Chillies,Grocery/Staple,2022,43,172,0,814.09,976.91,38,25,27.5,0.29,26
Dried Chillies,Grocery/Staple,2022,44,165,0,824.53,989.44,26,30,27.8,0.29,41
Dried Chillies,Grocery/Staple,2022,45,158,0,838.98,1006.78,41,17,30.5,0.29,21
Dried Chillies,Grocery/Staple,2022,46,151,0,850.47,1020.56,21,38,31.5,0.29,20
Dried Chillies,Grocery/Staple,2022,47,144,0,867.81,1041.37,20,26,27,0.29,25
Dried Chillies,Grocery/Staple,2022,48,137,0,892.27,1070.72,25,41,26.8,0.29,33
Dried Chillies,Grocery/Staple,2022,49,130,0,889.32,1067.18,33,21,24.8,0.29,30
Dried Chillies,Grocery/Staple,2022,50,123,0,907.07,1088.48,30,20,27,0.29,25
Dried Chillies,Grocery/Staple,2022,51,116,0,917.79,1101.35,25,25,28.2,0.29,28
Dried Chillies,Grocery/Staple,2022,52,109,0,940.98,1129.18,28,33,29,0.29,47
Dried Chillies,Grocery/Staple,2023,1,102,0,938.21,1125.85,47,30,32.5,0.29,15
Dried Chillies,Grocery/Staple,2023,2,95,0,953.67,1144.4,15,25,28.8,0.29,25
Dried Chillies,Grocery/Staple,2023,3,88,0,959.85,1151.82,25,28,28.8,0.29,35
Dried Chillies,Grocery/Staple,2023,4,81,0,971.74,1166.09,35,47,30.5,0.29,27
Dried Chillies,Grocery/Staple,2023,5,74,0,977.94,1173.53,27,15,25.5,0.29,26
Dried Chillies,Grocery/Staple,2023,6,67,0,990.1,1188.12,26,25,28.2,0.29,34
Dried Chillies,Grocery/Staple,2023,7,60,0,1011.92,1214.3,34,35,30.5,0.29,43
Dried Chillies,Grocery/Staple,2023,8,53,0,1014.87,1217.84,43,27,32.5,0.29,19
Dried Chillies,Grocery/Staple,2023,9,46,0,1022.03,1226.44,19,26,30.5,0.29,32
Dried Chillies,Grocery/Staple,2023,10,39,0,1024.24,1229.09,32,34,32,0.29,35
Dried Chillies,Grocery/Staple,2023,11,32,0,1024.83,1229.8,35,43,32.2,0.29,23
Dried Chillies,Grocery/Staple,2023,12,25,0,1025.54,1230.65,23,19,27.2,0.29,34
Dried Chillies,Grocery/Staple,2023,13,18,1,1017.14,1220.57,34,32,31,0.29,30
Dried Chillies,Grocery/Staple,2023,14,11,1,1038.67,1246.4,30,35,30.5,0.29,55
Dried Chillies,Grocery/Staple,2023,15,4,1,1041.65,1249.98,55,23,35.5,0.29,84
Dried Chillies,Grocery/Staple,2023,16,363,0,1002.66,1203.19,84,34,50.8,0.29,31
Dried Chillies,Grocery/Staple,2023,17,356,0,1001.27,1201.52,31,30,50,0.29,25
Dried Chillies,Grocery/Staple,2023,18,349,0,1003.74,1204.49,25,55,48.8,0.29,26
Dried Chillies,Grocery/Staple,2023,19,342,0,993.29,1191.95,26,84,41.5,0.29,32
Dried Chillies,Grocery/Staple,2023,20,335,0,1000.08,1200.1,32,31,28.5,0.29,31
Dried Chillies,Grocery/Staple,2023,21,328,0,996.74,1196.09,31,25,28.5,0.29,23
Dried Chillies,Grocery/Staple,2023,22,321,0,990.03,1188.04,23,26,28,0.29,36
Dried Chillies,Grocery/Staple,2023,23,314,0,994.28,1193.14,36,32,30.5,0.29,26
Dried Chillies,Grocery/Staple,2023,24,307,0,979.31,1175.17,26,31,29,0.29,26
Dried Chillies,Grocery/Staple,2023,25,300,0,986.64,1183.97,26,23,27.8,0.29,37
Dried Chillies,Grocery/Staple,2023,26,293,0,978.19,1173.83,37,36,31.2,0.29,29
Dried Chillies,Grocery/Staple,2023,27,286,0,975.62,1170.74,29,26,29.5,0.29,26
Dried Chillies,Grocery/Staple,2023,28,279,0,980.4,1176.48,26,26,29.5,0.29,31
Dried Chillies,Grocery/Staple,2023,29,272,0,969.54,1163.45,31,37,30.8,0.29,45
Dried Chillies,Grocery/Staple,2023,30,265,0,956.5,1147.8,45,29,32.8,0.29,28
Dried Chillies,Grocery/Staple,2023,31,258,0,960.66,1152.79,28,26,32.5,0.29,17
Dried Chillies,Grocery/Staple,2023,32,251,0,970.29,1164.35,17,31,30.2,0.29,38
Dried Chillies,Grocery/Staple,2023,33,244,0,961.81,1154.17,38,45,32,0.29,34
Dried Chillies,Grocery/Staple,2023,34,237,0,959.36,1151.23,34,28,29.2,0.29,29
Dried Chillies,Grocery/Staple,2023,35,230,0,957.38,1148.86,29,17,29.5,0.29,21
Dried Chillies,Grocery/Staple,2023,36,223,0,951.84,1142.21,21,38,30.5,0.29,30
Dried Chillies,Grocery/Staple,2023,37,216,0,946.59,1135.91,30,34,28.5,0.29,28
Dried Chillies,Grocery/Staple,2023,38,209,0,948.11,1137.73,28,29,27,0.29,32
Dried Chillies,Grocery/Staple,2023,39,202,0,940.68,1128.82,32,21,27.8,0.29,32
Dried Chillies,Grocery/Staple,2023,40,195,0,947.18,1136.62,32,30,30.5,0.29,39
Dried Chillies,Grocery/Staple,2023,41,188,0,932.49,1118.99,39,28,32.8,0.29,41
Dried Chillies,Grocery/Staple,2023,42,181,0,925.1,1110.12,41,32,36,0.29,47
Dried Chillies,Grocery/Staple,2023,43,174,0,925.37,1110.44,47,32,39.8,0.29,38
Dried Chillies,Grocery/Staple,2023,44,167,0,922.98,1107.58,38,39,41.2,0.29,18
Dried Chillies,Grocery/Staple,2023,45,160,0,935.12,1122.14,18,41,36,0.29,39
Dried Chillies,Grocery/Staple,2023,46,153,0,920.17,1104.2,39,47,35.5,0.29,28
Dried Chillies,Grocery/Staple,2023,47,146,0,923.2,1107.84,28,38,30.8,0.29,17
Dried Chillies,Grocery/Staple,2023,48,139,0,912.8,1095.36,17,18,25.5,0.29,45
Dried Chillies,Grocery/Staple,2023,49,132,0,910.31,1092.37,45,39,32.2,0.29,30
Dried Chillies,Grocery/Staple,2023,50,125,0,899.47,1079.36,30,28,30,0.29,31
Dried Chillies,Grocery/Staple,2023,51,118,0,902.94,1083.53,31,17,30.8,0.29,27
Dried Chillies,Grocery/Staple,2023,52,111,0,886.13,1063.36,27,45,33.2,0.29,24
Dried Chillies,Grocery/Staple,2024,1,104,0,901.04,1081.25,24,30,28,0.29,34
Dried Chillies,Grocery/Staple,2024,2,97,0,907.13,1088.56,34,31,29,0.29,32
Dried Chillies,Grocery/Staple,2024,3,90,0,907.08,1088.5,32,27,29.2,0.29,40
Dried Chillies,Grocery/Staple,2024,4,83,0,887.44,1064.93,40,24,32.5,0.29,36
Dried Chillies,Grocery/Staple,2024,5,76,0,902.43,1082.92,36,34,35.5,0.29,24
Dried Chillies,Grocery/Staple,2024,6,69,0,897.54,1077.05,24,32,33,0.29,30
Dried Chillies,Grocery/Staple,2024,7,62,0,888.35,1066.02,30,40,32.5,0.29,45
Dried Chillies,Grocery/Staple,2024,8,55,0,888.08,1065.7,45,36,33.8,0.29,22
Dried Chillies,Grocery/Staple,2024,9,48,0,897.45,1076.94,22,24,30.2,0.29,23
Dried Chillies,Grocery/Staple,2024,10,41,0,899.46,1079.35,23,30,30,0.29,38
Dried Chillies,Grocery/Staple,2024,11,34,0,897.23,1076.68,38,45,32,0.29,26
Dried Chillies,Grocery/Staple,2024,12,27,0,891.71,1070.05,26,22,27.2,0.29,29
Dried Chillies,Grocery/Staple,2024,13,20,1,898.84,1078.61,29,23,29,0.29,32
Dried Chillies,Grocery/Staple,2024,14,13,1,905.99,1087.19,32,38,31.2,0.29,45
Dried Chillies,Grocery/Staple,2024,15,6,1,944.0,1132.8,45,26,33,0.29,83
Dried Chillies,Grocery/Staple,2024,16,364,0,889.62,1067.54,83,29,47.2,0.29,25
Dried Chillies,Grocery/Staple,2024,17,357,0,891.38,1069.66,25,32,46.2,0.29,41
Dried Chillies,Grocery/Staple,2024,18,350,0,887.85,1065.42,41,45,48.5,0.29,24
Dried Chillies,Grocery/Staple,2024,19,343,0,886.75,1064.1,24,83,43.2,0.29,28
Dried Chillies,Grocery/Staple,2024,20,336,0,892.24,1070.69,28,25,29.5,0.29,24
Dried Chillies,Grocery/Staple,2024,21,329,0,896.12,1075.34,24,41,29.2,0.29,30
Dried Chillies,Grocery/Staple,2024,22,322,0,883.7,1060.44,30,24,26.5,0.29,32
Dried Chillies,Grocery/Staple,2024,23,315,0,880.75,1056.9,32,28,28.5,0.29,24
Dried Chillies,Grocery/Staple,2024,24,308,0,895.38,1074.46,24,24,27.5,0.29,34
Dried Chillies,Grocery/Staple,2024,25,301,0,890.6,1068.72,34,30,30,0.29,35
Dried Chillies,Grocery/Staple,2024,26,294,0,896.95,1076.34,35,32,31.2,0.29,39
Dried Chillies,Grocery/Staple,2024,27,287,0,886.77,1064.12,39,24,33,0.29,16
Dried Chillies,Grocery/Staple,2024,28,280,0,891.4,1069.68,16,34,31,0.29,25
Dried Chillies,Grocery/Staple,2024,29,273,0,890.21,1068.25,25,35,28.8,0.29,24
Dried Chillies,Grocery/Staple,2024,30,266,0,889.81,1067.77,24,39,26,0.29,31
Dried Chillies,Grocery/Staple,2024,31,259,0,899.42,1079.3,31,16,24,0.29,45
Dried Chillies,Grocery/Staple,2024,32,252,0,903.11,1083.73,45,25,31.2,0.29,34
Dried Chillies,Grocery/Staple,2024,33,245,0,903.3,1083.96,34,24,33.5,0.29,24
Dried Chillies,Grocery/Staple,2024,34,238,0,902.71,1083.25,24,31,33.5,0.29,32
Dried Chillies,Grocery/Staple,2024,35,231,0,890.94,1069.13,32,45,33.8,0.29,37
Dried Chillies,Grocery/Staple,2024,36,224,0,901.52,1081.82,37,34,31.8,0.29,40
Dried Chillies,Grocery/Staple,2024,37,217,0,899.17,1079.0,40,24,33.2,0.29,39
Dried Chillies,Grocery/Staple,2024,38,210,0,903.96,1084.75,39,32,37,0.29,32
Dried Chillies,Grocery/Staple,2024,39,203,0,898.09,1077.71,32,37,37,0.29,40
Dried Chillies,Grocery/Staple,2024,40,196,0,907.23,1088.68,40,40,37.8,0.29,37
Dried Chillies,Grocery/Staple,2024,41,189,0,907.02,1088.42,37,39,37,0.29,26
Dried Chillies,Grocery/Staple,2024,42,182,0,899.83,1079.8,26,32,33.8,0.29,45
Dried Chillies,Grocery/Staple,2024,43,175,0,908.11,1089.73,45,40,37,0.29,33
Dried Chillies,Grocery/Staple,2024,44,168,0,901.21,1081.45,33,37,35.2,0.29,30
Dried Chillies,Grocery/Staple,2024,45,161,0,909.96,1091.95,30,26,33.5,0.29,22
Dried Chillies,Grocery/Staple,2024,46,154,0,914.81,1097.77,22,45,32.5,0.29,32
Dried Chillies,Grocery/Staple,2024,47,147,0,902.76,1083.31,32,33,29.2,0.29,30
Dried Chillies,Grocery/Staple,2024,48,140,0,902.55,1083.06,30,30,28.5,0.29,28
Dried Chillies,Grocery/Staple,2024,49,133,0,911.83,1094.2,28,22,28,0.29,41
Dried Chillies,Grocery/Staple,2024,50,126,0,910.2,1092.24,41,32,32.8,0.29,40
Dried Chillies,Grocery/Staple,2024,51,119,0,913.81,1096.57,40,30,34.8,0.29,27
Dried Chillies,Grocery/Staple,2024,52,112,0,917.19,1100.63,27,28,34,0.29,40
Dried Chillies,Grocery/Staple,2025,1,105,0,917.07,1100.48,40,41,37,0.29,17
Dried Chillies,Grocery/Staple,2025,2,98,0,912.13,1094.56,17,40,31,0.29,40
Dried Chillies,Grocery/Staple,2025,3,91,0,911.57,1093.88,40,27,31,0.29,26
Dried Chillies,Grocery/Staple,2025,4,84,0,912.45,1094.94,26,40,30.8,0.29,19
Dried Chillies,Grocery/Staple,2025,5,77,0,912.38,1094.86,19,17,25.5,0.29,26
Dried Chillies,Grocery/Staple,2025,6,70,0,911.66,1093.99,26,40,27.8,0.29,19
Dried Chillies,Grocery/Staple,2025,7,63,0,906.3,1087.56,19,26,22.5,0.29,30
Dried Chillies,Grocery/Staple,2025,8,56,0,913.51,1096.21,30,19,23.5,0.29,31
Dried Chillies,Grocery/Staple,2025,9,49,0,904.91,1085.89,31,26,26.5,0.29,24
Dried Chillies,Grocery/Staple,2025,10,42,0,910.79,1092.95,24,19,26,0.29,37
Dried Chillies,Grocery/Staple,2025,11,35,0,908.11,1089.73,37,30,30.5,0.29,37
Dried Chillies,Grocery/Staple,2025,12,28,0,923.36,1108.03,37,31,32.2,0.29,36
Dried Chillies,Grocery/Staple,2025,13,21,1,912.06,1094.47,36,24,33.5,0.29,27
Dried Chillies,Grocery/Staple,2025,14,14,1,924.74,1109.69,27,37,34.2,0.29,27
Dried Chillies,Grocery/Staple,2025,15,7,1,954.61,1145.53,27,37,31.8,0.29,83
Dried Chillies,Grocery/Staple,2025,16,0,1,914.67,1097.6,83,36,43.2,0.29,41
Dried Chillies,Grocery/Staple,2025,17,358,0,919.59,1103.51,41,27,44.5,0.29,31
Dried Chillies,Grocery/Staple,2025,18,351,0,911.16,1093.39,31,27,45.5,0.29,14
Dried Chillies,Grocery/Staple,2025,19,344,0,908.8,1090.56,14,83,42.2,0.29,32
Dried Chillies,Grocery/Staple,2025,20,337,0,919.39,1103.27,32,41,29.5,0.29,32
Dried Chillies,Grocery/Staple,2025,21,330,0,905.77,1086.92,32,31,27.2,0.29,26
Dried Chillies,Grocery/Staple,2025,22,323,0,903.44,1084.13,26,14,26,0.29,41
Dried Chillies,Grocery/Staple,2025,23,316,0,903.03,1083.64,41,32,32.8,0.29,45
Dried Chillies,Grocery/Staple,2025,24,309,0,910.32,1092.38,45,32,36,0.29,31
Dried Chillies,Grocery/Staple,2025,25,302,0,903.71,1084.45,31,26,35.8,0.29,30
Dried Chillies,Grocery/Staple,2025,26,295,0,919.99,1103.99,30,41,36.8,0.29,29
Dried Chillies,Grocery/Staple,2025,27,288,0,909.52,1091.42,29,45,33.8,0.29,39
Dried Chillies,Grocery/Staple,2025,28,281,0,919.42,1103.3,39,31,32.2,0.29,39
Dried Chillies,Grocery/Staple,2025,29,274,0,911.1,1093.32,39,30,34.2,0.29,29
Dried Chillies,Grocery/Staple,2025,30,267,0,917.36,1100.83,29,29,34,0.29,28
Dried Chillies,Grocery/Staple,2025,31,260,0,903.18,1083.82,28,39,33.8,0.29,31
Dried Chillies,Grocery/Staple,2025,32,253,0,923.26,1107.91,31,39,31.8,0.29,26
Dried Chillies,Grocery/Staple,2025,33,246,0,923.39,1108.07,26,29,28.5,0.29,36
Dried Chillies,Grocery/Staple,2025,34,239,0,910.49,1092.59,36,28,30.2,0.29,29
Dried Chillies,Grocery/Staple,2025,35,232,0,909.69,1091.63,29,31,30.5,0.29,33
Dried Chillies,Grocery/Staple,2025,36,225,0,910.54,1092.65,33,26,31,0.29,39
Dried Chillies,Grocery/Staple,2025,37,218,0,900.21,1080.25,39,36,34.2,0.29,26
Dried Chillies,Grocery/Staple,2025,38,211,0,911.14,1093.37,26,29,31.8,0.29,37
Dried Chillies,Grocery/Staple,2025,39,204,0,916.97,1100.36,37,33,33.8,0.29,39
Dried Chillies,Grocery/Staple,2025,40,197,0,901.56,1081.87,39,39,35.2,0.29,19
Dried Chillies,Grocery/Staple,2025,41,190,0,909.45,1091.34,19,26,30.2,0.29,45
Dried Chillies,Grocery/Staple,2025,42,183,0,921.53,1105.84,45,37,35,0.29,32
Dried Chillies,Grocery/Staple,2025,43,176,0,908.24,1089.89,32,39,33.8,0.29,30
Dried Chillies,Grocery/Staple,2025,44,169,0,917.16,1100.59,30,19,31.5,0.29,28
Dried Chillies,Grocery/Staple,2025,45,162,0,909.78,1091.74,28,45,33.8,0.29,45
Dried Chillies,Grocery/Staple,2025,46,155,0,915.11,1098.13,45,32,33.8,0.29,34
Dried Chillies,Grocery/Staple,2025,47,148,0,902.65,1083.18,34,30,34.2,0.29,31
Dried Chillies,Grocery/Staple,2025,48,141,0,910.55,1092.66,31,28,34.5,0.29,22
Dried Chillies,Grocery/Staple,2025,49,134,0,918.27,1101.92,22,45,33,0.29,30
Dried Chillies,Grocery/Staple,2025,50,127,0,906.17,1087.4,30,34,29.2,0.29,30
Dried Chillies,Grocery/Staple,2025,51,120,0,914.6,1097.52,30,31,28.2,0.29,30
Dried Chillies,Grocery/Staple,2025,52,113,0,906.02,1087.22,30,22,28,0.29,25
Dried Chillies,Grocery/Staple,2026,1,106,0,914.38,1097.26,25,30,28.8,0.29,46
Dried Chillies,Grocery/Staple,2026,2,99,0,912.64,1095.17,46,30,32.8,0.29,27
Dried Chillies,Grocery/Staple,2026,3,92,0,909.31,1091.17,27,30,32,0.29,30
Dried Chillies,Grocery/Staple,2026,4,85,0,909.27,1091.12,30,25,32,0.29,45
Dried Chillies,Grocery/Staple,2026,5,78,0,902.18,1082.62,45,46,37,0.29,28
Dried Chillies,Grocery/Staple,2026,6,71,0,909.16,1090.99,28,27,32.5,0.29,40
Dried Chillies,Grocery/Staple,2026,7,64,0,911.38,1093.66,40,30,35.8,0.29,22
Dried Chillies,Grocery/Staple,2026,8,57,0,933.15,1119.78,22,45,33.8,0.29,44
Dried Chillies,Grocery/Staple,2026,9,50,0,924.78,1109.74,44,28,33.5,0.29,29
Dried Chillies,Grocery/Staple,2026,10,43,0,911.7,1094.04,29,40,33.8,0.29,44
Dried Chillies,Grocery/Staple,2026,11,36,0,917.12,1100.54,44,22,34.8,0.29,45
Dried Chillies,Grocery/Staple,2026,12,29,0,918.51,1102.21,45,44,40.5,0.29,40
Dried Chillies,Grocery/Staple,2026,13,22,0,911.31,1093.57,40,29,39.5,0.29,29
Dried Chillies,Grocery/Staple,2026,14,15,1,920.22,1104.26,29,44,39.5,0.29,27
Dried Chillies,Grocery/Staple,2026,15,8,1,951.56,1141.87,27,45,35.2,0.29,83
Dried Chillies,Grocery/Staple,2026,16,1,1,931.27,1117.52,83,40,44.8,0.29,63
Dried Chillies,Grocery/Staple,2026,17,359,0,908.53,1090.24,63,29,50.5,0.29,27
Dried Chillies,Grocery/Staple,2026,18,352,0,924.36,1109.23,27,27,50,0.29,24
Dried Chillies,Grocery/Staple,2026,19,345,0,918.92,1102.7,24,83,49.2,0.29,35
Dried Chillies,Grocery/Staple,2026,20,338,0,907.43,1088.92,35,63,37.2,0.29,30
Dried Chillies,Grocery/Staple,2026,21,331,0,924.74,1109.69,30,27,29,0.29,32
Dried Chillies,Grocery/Staple,2026,22,324,0,906.39,1087.67,32,24,30.2,0.29,30
Dried Chillies,Grocery/Staple,2026,23,317,0,922.29,1106.75,30,35,31.8,0.29,26
Dried Chillies,Grocery/Staple,2026,24,310,0,912.35,1094.82,26,30,29.5,0.0,11
Eggs (White),Grocery/Staple,2022,24,305,0,20.5,24.6,551,551,551,0.29,551
Eggs (White),Grocery/Staple,2022,25,298,0,20.87,25.04,551,527,551,0.29,527
Eggs (White),Grocery/Staple,2022,26,291,0,21.44,25.73,527,486,539,0.29,486
Eggs (White),Grocery/Staple,2022,27,284,0,21.77,26.12,486,360,521.3,0.29,360
Eggs (White),Grocery/Staple,2022,28,277,0,22.36,26.83,360,551,481,0.29,360
Eggs (White),Grocery/Staple,2022,29,270,0,22.84,27.41,360,527,433.2,0.29,360
Eggs (White),Grocery/Staple,2022,30,263,0,23.61,28.33,360,486,391.5,0.29,360
Eggs (White),Grocery/Staple,2022,31,256,0,24.03,28.84,360,360,360,0.29,360
Eggs (White),Grocery/Staple,2022,32,249,0,24.82,29.78,360,360,360,0.29,360
Eggs (White),Grocery/Staple,2022,33,242,0,25.23,30.28,360,360,360,0.29,360
Eggs (White),Grocery/Staple,2022,34,235,0,25.42,30.5,360,360,360,0.29,360
Eggs (White),Grocery/Staple,2022,35,228,0,25.84,31.01,360,360,360,0.29,360
Eggs (White),Grocery/Staple,2022,36,221,0,26.81,32.17,360,360,360,0.29,620
Eggs (White),Grocery/Staple,2022,37,214,0,27.03,32.44,620,360,425,0.29,360
Eggs (White),Grocery/Staple,2022,38,207,0,27.69,33.23,360,360,425,0.29,340
Eggs (White),Grocery/Staple,2022,39,200,0,27.83,33.4,340,360,420,0.29,360
Eggs (White),Grocery/Staple,2022,40,193,0,28.72,34.46,360,620,420,0.29,360
Eggs (White),Grocery/Staple,2022,41,186,0,29.19,35.03,360,360,355,0.29,360
Eggs (White),Grocery/Staple,2022,42,179,0,29.39,35.27,360,340,355,0.29,360
Eggs (White),Grocery/Staple,2022,43,172,0,29.83,35.8,360,360,360,0.29,346
Eggs (White),Grocery/Staple,2022,44,165,0,29.75,35.7,346,360,356.5,0.29,360
Eggs (White),Grocery/Staple,2022,45,158,0,30.78,36.94,360,360,356.5,0.29,360
Eggs (White),Grocery/Staple,2022,46,151,0,31.1,37.32,360,360,356.5,0.29,360
Eggs (White),Grocery/Staple,2022,47,144,0,31.53,37.84,360,346,356.5,0.29,360
Eggs (White),Grocery/Staple,2022,48,137,0,31.89,38.27,360,360,360,0.29,360
Eggs (White),Grocery/Staple,2022,49,130,0,32.79,39.35,360,360,360,0.29,360
Eggs (White),Grocery/Staple,2022,50,123,0,33.07,39.68,360,360,360,0.29,360
Eggs (White),Grocery/Staple,2022,51,116,0,34.02,40.82,360,360,360,0.29,360
Eggs (White),Grocery/Staple,2022,52,109,0,34.33,41.2,360,360,360,0.29,360
Eggs (White),Grocery/Staple,2023,1,102,0,34.41,41.29,360,360,360,0.29,360
Eggs (White),Grocery/Staple,2023,2,95,0,34.6,41.52,360,360,360,0.29,360
Eggs (White),Grocery/Staple,2023,3,88,0,35.46,42.55,360,360,360,0.29,360
Eggs (White),Grocery/Staple,2023,4,81,0,35.64,42.77,360,360,360,0.29,360
Eggs (White),Grocery/Staple,2023,5,74,0,35.73,42.88,360,360,360,0.29,360
Eggs (White),Grocery/Staple,2023,6,67,0,36.73,44.08,360,360,360,0.29,360
Eggs (White),Grocery/Staple,2023,7,60,0,37.06,44.47,360,360,360,0.29,360
Eggs (White),Grocery/Staple,2023,8,53,0,37.13,44.56,360,360,360,0.29,360
Eggs (White),Grocery/Staple,2023,9,46,0,38.12,45.74,360,360,360,0.29,360
Eggs (White),Grocery/Staple,2023,10,39,0,37.03,44.44,360,360,360,0.29,360
Eggs (White),Grocery/Staple,2023,11,32,0,37.13,44.56,360,360,360,0.29,360
Eggs (White),Grocery/Staple,2023,12,25,0,36.83,44.2,360,360,360,0.29,360
Eggs (White),Grocery/Staple,2023,13,18,1,36.82,44.18,360,360,360,0.29,360
Eggs (White),Grocery/Staple,2023,14,11,1,38.17,45.8,360,360,360,0.29,360
Eggs (White),Grocery/Staple,2023,15,4,1,38.53,46.24,360,360,360,0.29,720
Eggs (White),Grocery/Staple,2023,16,363,0,37.04,44.45,720,360,450,0.29,360
Eggs (White),Grocery/Staple,2023,17,356,0,36.31,43.57,360,360,450,0.29,360
Eggs (White),Grocery/Staple,2023,18,349,0,36.37,43.64,360,360,450,0.29,360
Eggs (White),Grocery/Staple,2023,19,342,0,36.66,43.99,360,720,450,0.29,360
Eggs (White),Grocery/Staple,2023,20,335,0,36.1,43.32,360,360,360,0.29,360
Eggs (White),Grocery/Staple,2023,21,328,0,36.38,43.66,360,360,360,0.29,360
Eggs (White),Grocery/Staple,2023,22,321,0,36.04,43.25,360,360,360,0.29,360
Eggs (White),Grocery/Staple,2023,23,314,0,36.05,43.26,360,360,360,0.29,360
Eggs (White),Grocery/Staple,2023,24,307,0,35.67,42.8,360,360,360,0.29,360
Eggs (White),Grocery/Staple,2023,25,300,0,36.05,43.26,360,360,360,0.29,360
Eggs (White),Grocery/Staple,2023,26,293,0,35.68,42.82,360,360,360,0.29,360
Eggs (White),Grocery/Staple,2023,27,286,0,35.91,43.09,360,360,360,0.29,360
Eggs (White),Grocery/Staple,2023,28,279,0,35.77,42.92,360,360,360,0.29,360
Eggs (White),Grocery/Staple,2023,29,272,0,35.66,42.79,360,360,360,0.29,360
Eggs (White),Grocery/Staple,2023,30,265,0,35.32,42.38,360,360,360,0.29,360
Eggs (White),Grocery/Staple,2023,31,258,0,35.22,42.26,360,360,360,0.29,360
Eggs (White),Grocery/Staple,2023,32,251,0,35.21,42.25,360,360,360,0.29,360
Eggs (White),Grocery/Staple,2023,33,244,0,35.0,42.0,360,360,360,0.29,360
Eggs (White),Grocery/Staple,2023,34,237,0,34.57,41.48,360,360,360,0.29,360
Eggs (White),Grocery/Staple,2023,35,230,0,34.66,41.59,360,360,360,0.29,360
Eggs (White),Grocery/Staple,2023,36,223,0,34.69,41.63,360,360,360,0.29,360
Eggs (White),Grocery/Staple,2023,37,216,0,34.79,41.75,360,360,360,0.29,360
Eggs (White),Grocery/Staple,2023,38,209,0,34.74,41.69,360,360,360,0.29,360
Eggs (White),Grocery/Staple,2023,39,202,0,34.81,41.77,360,360,360,0.29,360
Eggs (White),Grocery/Staple,2023,40,195,0,34.54,41.45,360,360,360,0.29,360
Eggs (White),Grocery/Staple,2023,41,188,0,34.41,41.29,360,360,360,0.29,360
Eggs (White),Grocery/Staple,2023,42,181,0,33.74,40.49,360,360,360,0.29,360
Eggs (White),Grocery/Staple,2023,43,174,0,33.9,40.68,360,360,360,0.29,360
Eggs (White),Grocery/Staple,2023,44,167,0,33.76,40.51,360,360,360,0.29,360
Eggs (White),Grocery/Staple,2023,45,160,0,33.84,40.61,360,360,360,0.29,360
Eggs (White),Grocery/Staple,2023,46,153,0,33.7,40.44,360,360,360,0.29,360
Eggs (White),Grocery/Staple,2023,47,146,0,33.55,40.26,360,360,360,0.29,360
Eggs (White),Grocery/Staple,2023,48,139,0,33.34,40.01,360,360,360,0.29,360
Eggs (White),Grocery/Staple,2023,49,132,0,33.49,40.19,360,360,360,0.29,360
Eggs (White),Grocery/Staple,2023,50,125,0,33.03,39.64,360,360,360,0.29,360
Eggs (White),Grocery/Staple,2023,51,118,0,33.2,39.84,360,360,360,0.29,360
Eggs (White),Grocery/Staple,2023,52,111,0,32.78,39.34,360,360,360,0.29,360
Eggs (White),Grocery/Staple,2024,1,104,0,32.61,39.13,360,360,360,0.29,360
Eggs (White),Grocery/Staple,2024,2,97,0,32.82,39.38,360,360,360,0.29,360
Eggs (White),Grocery/Staple,2024,3,90,0,32.61,39.13,360,360,360,0.29,360
Eggs (White),Grocery/Staple,2024,4,83,0,32.67,39.2,360,360,360,0.29,491
Eggs (White),Grocery/Staple,2024,5,76,0,32.98,39.58,491,360,392.8,0.29,453
Eggs (White),Grocery/Staple,2024,6,69,0,32.89,39.47,453,360,416,0.29,350
Eggs (White),Grocery/Staple,2024,7,62,0,33.21,39.85,350,360,413.5,0.29,461
Eggs (White),Grocery/Staple,2024,8,55,0,32.58,39.1,461,491,438.8,0.29,360
Eggs (White),Grocery/Staple,2024,9,48,0,32.74,39.29,360,453,406,0.29,360
Eggs (White),Grocery/Staple,2024,10,41,0,32.47,38.96,360,350,382.8,0.29,360
Eggs (White),Grocery/Staple,2024,11,34,0,32.79,39.35,360,461,385.2,0.29,360
Eggs (White),Grocery/Staple,2024,12,27,0,32.65,39.18,360,360,360,0.29,360
Eggs (White),Grocery/Staple,2024,13,20,1,32.8,39.36,360,360,360,0.29,360
Eggs (White),Grocery/Staple,2024,14,13,1,32.77,39.32,360,360,360,0.29,360
Eggs (White),Grocery/Staple,2024,15,6,1,34.26,41.11,360,360,360,0.29,720
Eggs (White),Grocery/Staple,2024,16,364,0,32.6,39.12,720,360,450,0.29,360
Eggs (White),Grocery/Staple,2024,17,357,0,32.53,39.04,360,360,450,0.29,360
Eggs (White),Grocery/Staple,2024,18,350,0,32.69,39.23,360,360,450,0.29,360
Eggs (White),Grocery/Staple,2024,19,343,0,32.24,38.69,360,720,450,0.29,360
Eggs (White),Grocery/Staple,2024,20,336,0,32.38,38.86,360,360,360,0.29,360
Eggs (White),Grocery/Staple,2024,21,329,0,32.74,39.29,360,360,360,0.29,598
Eggs (White),Grocery/Staple,2024,22,322,0,32.35,38.82,598,360,419.5,0.29,382
Eggs (White),Grocery/Staple,2024,23,315,0,32.48,38.98,382,360,425,0.29,360
Eggs (White),Grocery/Staple,2024,24,308,0,32.61,39.13,360,360,425,0.29,360
Eggs (White),Grocery/Staple,2024,25,301,0,32.78,39.34,360,598,425,0.29,360
Eggs (White),Grocery/Staple,2024,26,294,0,32.66,39.19,360,382,365.5,0.29,360
Eggs (White),Grocery/Staple,2024,27,287,0,32.57,39.08,360,360,360,0.29,360
Eggs (White),Grocery/Staple,2024,28,280,0,32.86,39.43,360,360,360,0.29,360
Eggs (White),Grocery/Staple,2024,29,273,0,32.84,39.41,360,360,360,0.29,360
Eggs (White),Grocery/Staple,2024,30,266,0,32.67,39.2,360,360,360,0.29,360
Eggs (White),Grocery/Staple,2024,31,259,0,32.6,39.12,360,360,360,0.29,360
Eggs (White),Grocery/Staple,2024,32,252,0,32.71,39.25,360,360,360,0.29,360
Eggs (White),Grocery/Staple,2024,33,245,0,32.63,39.16,360,360,360,0.29,360
Eggs (White),Grocery/Staple,2024,34,238,0,32.64,39.17,360,360,360,0.29,360
Eggs (White),Grocery/Staple,2024,35,231,0,33.03,39.64,360,360,360,0.29,360
Eggs (White),Grocery/Staple,2024,36,224,0,32.78,39.34,360,360,360,0.29,360
Eggs (White),Grocery/Staple,2024,37,217,0,33.1,39.72,360,360,360,0.29,360
Eggs (White),Grocery/Staple,2024,38,210,0,32.6,39.12,360,360,360,0.29,360
Eggs (White),Grocery/Staple,2024,39,203,0,32.64,39.17,360,360,360,0.29,360
Eggs (White),Grocery/Staple,2024,40,196,0,32.81,39.37,360,360,360,0.29,360
Eggs (White),Grocery/Staple,2024,41,189,0,32.66,39.19,360,360,360,0.29,360
Eggs (White),Grocery/Staple,2024,42,182,0,32.75,39.3,360,360,360,0.29,360
Eggs (White),Grocery/Staple,2024,43,175,0,33.15,39.78,360,360,360,0.29,360
Eggs (White),Grocery/Staple,2024,44,168,0,32.92,39.5,360,360,360,0.29,360
Eggs (White),Grocery/Staple,2024,45,161,0,33.23,39.88,360,360,360,0.29,360
Eggs (White),Grocery/Staple,2024,46,154,0,32.58,39.1,360,360,360,0.29,360
Eggs (White),Grocery/Staple,2024,47,147,0,32.84,39.41,360,360,360,0.29,360
Eggs (White),Grocery/Staple,2024,48,140,0,33.55,40.26,360,360,360,0.29,360
Eggs (White),Grocery/Staple,2024,49,133,0,33.12,39.74,360,360,360,0.29,360
Eggs (White),Grocery/Staple,2024,50,126,0,32.81,39.37,360,360,360,0.29,637
Eggs (White),Grocery/Staple,2024,51,119,0,33.05,39.66,637,360,429.2,0.29,360
Eggs (White),Grocery/Staple,2024,52,112,0,32.54,39.05,360,360,429.2,0.29,360
Eggs (White),Grocery/Staple,2025,1,105,0,33.07,39.68,360,360,429.2,0.29,360
Eggs (White),Grocery/Staple,2025,2,98,0,33.39,40.07,360,637,429.2,0.29,360
Eggs (White),Grocery/Staple,2025,3,91,0,32.91,39.49,360,360,360,0.29,360
Eggs (White),Grocery/Staple,2025,4,84,0,33.19,39.83,360,360,360,0.29,360
Eggs (White),Grocery/Staple,2025,5,77,0,32.93,39.52,360,360,360,0.29,360
Eggs (White),Grocery/Staple,2025,6,70,0,33.39,40.07,360,360,360,0.29,360
Eggs (White),Grocery/Staple,2025,7,63,0,33.16,39.79,360,360,360,0.29,360
Eggs (White),Grocery/Staple,2025,8,56,0,33.0,39.6,360,360,360,0.29,360
Eggs (White),Grocery/Staple,2025,9,49,0,33.1,39.72,360,360,360,0.29,360
Eggs (White),Grocery/Staple,2025,10,42,0,33.49,40.19,360,360,360,0.29,360
Eggs (White),Grocery/Staple,2025,11,35,0,32.91,39.49,360,360,360,0.29,360
Eggs (White),Grocery/Staple,2025,12,28,0,33.06,39.67,360,360,360,0.29,360
Eggs (White),Grocery/Staple,2025,13,21,1,33.19,39.83,360,360,360,0.29,360
Eggs (White),Grocery/Staple,2025,14,14,1,33.87,40.64,360,360,360,0.29,360
Eggs (White),Grocery/Staple,2025,15,7,1,34.25,41.1,360,360,360,0.29,720
Eggs (White),Grocery/Staple,2025,16,0,1,33.36,40.03,720,360,450,0.29,706
Eggs (White),Grocery/Staple,2025,17,358,0,33.47,40.16,706,360,536.5,0.29,560
Eggs (White),Grocery/Staple,2025,18,351,0,33.35,40.02,560,360,586.5,0.29,396
Eggs (White),Grocery/Staple,2025,19,344,0,33.23,39.88,396,720,595.5,0.29,425
Eggs (White),Grocery/Staple,2025,20,337,0,33.47,40.16,425,706,521.8,0.29,360
Eggs (White),Grocery/Staple,2025,21,330,0,33.03,39.64,360,560,435.2,0.29,360
Eggs (White),Grocery/Staple,2025,22,323,0,33.02,39.62,360,396,385.2,0.29,360
Eggs (White),Grocery/Staple,2025,23,316,0,33.18,39.82,360,425,376.2,0.29,360
Eggs (White),Grocery/Staple,2025,24,309,0,33.47,40.16,360,360,360,0.29,360
Eggs (White),Grocery/Staple,2025,25,302,0,33.17,39.8,360,360,360,0.29,360
Eggs (White),Grocery/Staple,2025,26,295,0,33.36,40.03,360,360,360,0.29,360
Eggs (White),Grocery/Staple,2025,27,288,0,33.27,39.92,360,360,360,0.29,360
Eggs (White),Grocery/Staple,2025,28,281,0,33.19,39.83,360,360,360,0.29,360
Eggs (White),Grocery/Staple,2025,29,274,0,33.16,39.79,360,360,360,0.29,360
Eggs (White),Grocery/Staple,2025,30,267,0,33.63,40.36,360,360,360,0.29,360
Eggs (White),Grocery/Staple,2025,31,260,0,33.37,40.04,360,360,360,0.29,360
Eggs (White),Grocery/Staple,2025,32,253,0,33.5,40.2,360,360,360,0.29,360
Eggs (White),Grocery/Staple,2025,33,246,0,33.46,40.15,360,360,360,0.29,627
Eggs (White),Grocery/Staple,2025,34,239,0,33.15,39.78,627,360,426.8,0.29,529
Eggs (White),Grocery/Staple,2025,35,232,0,33.18,39.82,529,360,469,0.29,511
Eggs (White),Grocery/Staple,2025,36,225,0,33.14,39.77,511,360,506.8,0.29,360
Eggs (White),Grocery/Staple,2025,37,218,0,33.48,40.18,360,627,506.8,0.29,360
Eggs (White),Grocery/Staple,2025,38,211,0,33.32,39.98,360,529,440,0.29,360
Eggs (White),Grocery/Staple,2025,39,204,0,33.29,39.95,360,511,397.8,0.29,360
Eggs (White),Grocery/Staple,2025,40,197,0,33.51,40.21,360,360,360,0.29,360
Eggs (White),Grocery/Staple,2025,41,190,0,33.66,40.39,360,360,360,0.29,360
Eggs (White),Grocery/Staple,2025,42,183,0,33.47,40.16,360,360,360,0.29,360
Eggs (White),Grocery/Staple,2025,43,176,0,33.51,40.21,360,360,360,0.29,360
Eggs (White),Grocery/Staple,2025,44,169,0,33.54,40.25,360,360,360,0.29,587
Eggs (White),Grocery/Staple,2025,45,162,0,33.39,40.07,587,360,416.8,0.29,401
Eggs (White),Grocery/Staple,2025,46,155,0,33.36,40.03,401,360,427,0.29,360
Eggs (White),Grocery/Staple,2025,47,148,0,33.3,39.96,360,360,427,0.29,360
Eggs (White),Grocery/Staple,2025,48,141,0,33.32,39.98,360,587,427,0.29,360
Eggs (White),Grocery/Staple,2025,49,134,0,33.3,39.96,360,401,370.2,0.29,360
Eggs (White),Grocery/Staple,2025,50,127,0,33.7,40.44,360,360,360,0.29,360
Eggs (White),Grocery/Staple,2025,51,120,0,33.3,39.96,360,360,360,0.29,360
Eggs (White),Grocery/Staple,2025,52,113,0,33.7,40.44,360,360,360,0.29,360
Eggs (White),Grocery/Staple,2026,1,106,0,33.55,40.26,360,360,360,0.29,360
Eggs (White),Grocery/Staple,2026,2,99,0,33.78,40.54,360,360,360,0.29,360
Eggs (White),Grocery/Staple,2026,3,92,0,33.73,40.48,360,360,360,0.29,360
Eggs (White),Grocery/Staple,2026,4,85,0,33.37,40.04,360,360,360,0.29,360
Eggs (White),Grocery/Staple,2026,5,78,0,33.53,40.24,360,360,360,0.29,560
Eggs (White),Grocery/Staple,2026,6,71,0,33.4,40.08,560,360,410,0.29,426
Eggs (White),Grocery/Staple,2026,7,64,0,33.52,40.22,426,360,426.5,0.29,360
Eggs (White),Grocery/Staple,2026,8,57,0,33.43,40.12,360,360,426.5,0.29,360
Eggs (White),Grocery/Staple,2026,9,50,0,33.34,40.01,360,560,426.5,0.29,360
Eggs (White),Grocery/Staple,2026,10,43,0,33.56,40.27,360,426,376.5,0.29,360
Eggs (White),Grocery/Staple,2026,11,36,0,33.14,39.77,360,360,360,0.29,360
Eggs (White),Grocery/Staple,2026,12,29,0,33.1,39.72,360,360,360,0.29,360
Eggs (White),Grocery/Staple,2026,13,22,0,33.41,40.09,360,360,360,0.29,360
Eggs (White),Grocery/Staple,2026,14,15,1,34.05,40.86,360,360,360,0.29,720
Eggs (White),Grocery/Staple,2026,15,8,1,34.96,41.95,720,360,450,0.29,720
Eggs (White),Grocery/Staple,2026,16,1,1,33.83,40.6,720,360,540,0.29,626
Eggs (White),Grocery/Staple,2026,17,359,0,33.42,40.1,626,360,606.5,0.29,454
Eggs (White),Grocery/Staple,2026,18,352,0,33.66,40.39,454,720,630,0.29,360
Eggs (White),Grocery/Staple,2026,19,345,0,33.44,40.13,360,720,540,0.29,360
Eggs (White),Grocery/Staple,2026,20,338,0,33.53,40.24,360,626,450,0.29,360
Eggs (White),Grocery/Staple,2026,21,331,0,33.55,40.26,360,454,383.5,0.29,360
Eggs (White),Grocery/Staple,2026,22,324,0,33.31,39.97,360,360,360,0.29,360
Eggs (White),Grocery/Staple,2026,23,317,0,33.47,40.16,360,360,360,0.29,360
Eggs (White),Grocery/Staple,2026,24,310,0,33.95,40.74,360,360,360,0.0,271
Eggs (Brown),Grocery/Staple,2022,24,305,0,20.92,25.1,310,310,310,0.29,310
Eggs (Brown),Grocery/Staple,2022,25,298,0,21.45,25.74,310,180,310,0.29,180
Eggs (Brown),Grocery/Staple,2022,26,291,0,22.08,26.5,180,180,245,0.29,180
Eggs (Brown),Grocery/Staple,2022,27,284,0,22.75,27.3,180,180,223.3,0.29,180
Eggs (Brown),Grocery/Staple,2022,28,277,0,23.4,28.08,180,310,212.5,0.29,180
Eggs (Brown),Grocery/Staple,2022,29,270,0,23.57,28.28,180,180,180,0.29,360
Eggs (Brown),Grocery/Staple,2022,30,263,0,24.07,28.88,360,180,225,0.29,180
Eggs (Brown),Grocery/Staple,2022,31,256,0,24.91,29.89,180,180,225,0.29,180
Eggs (Brown),Grocery/Staple,2022,32,249,0,25.42,30.5,180,180,225,0.29,180
Eggs (Brown),Grocery/Staple,2022,33,242,0,26.0,31.2,180,360,225,0.29,180
Eggs (Brown),Grocery/Staple,2022,34,235,0,26.07,31.28,180,180,180,0.29,180
Eggs (Brown),Grocery/Staple,2022,35,228,0,26.84,32.21,180,180,180,0.29,180
Eggs (Brown),Grocery/Staple,2022,36,221,0,27.22,32.66,180,180,180,0.29,180
Eggs (Brown),Grocery/Staple,2022,37,214,0,27.56,33.07,180,180,180,0.29,180
Eggs (Brown),Grocery/Staple,2022,38,207,0,28.31,33.97,180,180,180,0.29,328
Eggs (Brown),Grocery/Staple,2022,39,200,0,28.84,34.61,328,180,217,0.29,259
Eggs (Brown),Grocery/Staple,2022,40,193,0,29.39,35.27,259,180,236.8,0.29,263
Eggs (Brown),Grocery/Staple,2022,41,186,0,29.91,35.89,263,180,257.5,0.29,180
Eggs (Brown),Grocery/Staple,2022,42,179,0,30.33,36.4,180,328,257.5,0.29,123
Eggs (Brown),Grocery/Staple,2022,43,172,0,30.77,36.92,123,259,206.2,0.29,198
Eggs (Brown),Grocery/Staple,2022,44,165,0,31.29,37.55,198,263,191,0.29,105
Eggs (Brown),Grocery/Staple,2022,45,158,0,31.88,38.26,105,180,151.5,0.29,267
Eggs (Brown),Grocery/Staple,2022,46,151,0,32.39,38.87,267,123,173.2,0.29,283
Eggs (Brown),Grocery/Staple,2022,47,144,0,32.34,38.81,283,198,213.2,0.29,244
Eggs (Brown),Grocery/Staple,2022,48,137,0,33.12,39.74,244,105,224.8,0.29,271
Eggs (Brown),Grocery/Staple,2022,49,130,0,33.16,39.79,271,267,266.2,0.29,258
Eggs (Brown),Grocery/Staple,2022,50,123,0,34.53,41.44,258,283,264,0.29,157
Eggs (Brown),Grocery/Staple,2022,51,116,0,34.67,41.6,157,244,232.5,0.29,180
Eggs (Brown),Grocery/Staple,2022,52,109,0,34.97,41.96,180,271,216.5,0.29,180
Eggs (Brown),Grocery/Staple,2023,1,102,0,35.92,43.1,180,258,193.8,0.29,180
Eggs (Brown),Grocery/Staple,2023,2,95,0,35.91,43.09,180,157,174.2,0.29,180
Eggs (Brown),Grocery/Staple,2023,3,88,0,36.57,43.88,180,180,180,0.29,145
Eggs (Brown),Grocery/Staple,2023,4,81,0,36.94,44.33,145,180,171.2,0.29,204
Eggs (Brown),Grocery/Staple,2023,5,74,0,36.48,43.78,204,180,177.2,0.29,180
Eggs (Brown),Grocery/Staple,2023,6,67,0,37.54,45.05,180,180,177.2,0.29,180
Eggs (Brown),Grocery/Staple,2023,7,60,0,38.06,45.67,180,145,177.2,0.29,180
Eggs (Brown),Grocery/Staple,2023,8,53,0,38.33,46.0,180,204,186,0.29,180
Eggs (Brown),Grocery/Staple,2023,9,46,0,38.35,46.02,180,180,180,0.29,360
Eggs (Brown),Grocery/Staple,2023,10,39,0,37.94,45.53,360,180,225,0.29,180
Eggs (Brown),Grocery/Staple,2023,11,32,0,38.27,45.92,180,180,225,0.29,180
Eggs (Brown),Grocery/Staple,2023,12,25,0,38.54,46.25,180,180,225,0.29,343
Eggs (Brown),Grocery/Staple,2023,13,18,1,37.96,45.55,343,360,265.8,0.29,173
Eggs (Brown),Grocery/Staple,2023,14,11,1,39.18,47.02,173,180,219,0.29,180
Eggs (Brown),Grocery/Staple,2023,15,4,1,39.44,47.33,180,180,219,0.29,360
Eggs (Brown),Grocery/Staple,2023,16,363,0,38.13,45.76,360,343,264,0.29,180
Eggs (Brown),Grocery/Staple,2023,17,356,0,37.17,44.6,180,173,223.2,0.29,176
Eggs (Brown),Grocery/Staple,2023,18,349,0,37.41,44.89,176,180,224,0.29,180
Eggs (Brown),Grocery/Staple,2023,19,342,0,37.7,45.24,180,360,224,0.29,180
Eggs (Brown),Grocery/Staple,2023,20,335,0,37.63,45.16,180,180,179,0.29,180
Eggs (Brown),Grocery/Staple,2023,21,328,0,36.97,44.36,180,176,179,0.29,180
Eggs (Brown),Grocery/Staple,2023,22,321,0,37.23,44.68,180,180,180,0.29,330
Eggs (Brown),Grocery/Staple,2023,23,314,0,37.48,44.98,330,180,217.5,0.29,180
Eggs (Brown),Grocery/Staple,2023,24,307,0,37.06,44.47,180,180,217.5,0.29,283
Eggs (Brown),Grocery/Staple,2023,25,300,0,36.94,44.33,283,180,243.2,0.29,189
Eggs (Brown),Grocery/Staple,2023,26,293,0,36.82,44.18,189,330,245.5,0.29,188
Eggs (Brown),Grocery/Staple,2023,27,286,0,36.82,44.18,188,180,210,0.29,220
Eggs (Brown),Grocery/Staple,2023,28,279,0,36.59,43.91,220,283,220,0.29,241
Eggs (Brown),Grocery/Staple,2023,29,272,0,36.15,43.38,241,189,209.5,0.29,104
Eggs (Brown),Grocery/Staple,2023,30,265,0,36.53,43.84,104,188,188.2,0.29,180
Eggs (Brown),Grocery/Staple,2023,31,258,0,36.33,43.6,180,220,186.2,0.29,180
Eggs (Brown),Grocery/Staple,2023,32,251,0,36.55,43.86,180,241,176.2,0.29,180
Eggs (Brown),Grocery/Staple,2023,33,244,0,36.02,43.22,180,104,161,0.29,180
Eggs (Brown),Grocery/Staple,2023,34,237,0,35.81,42.97,180,180,180,0.29,180
Eggs (Brown),Grocery/Staple,2023,35,230,0,35.79,42.95,180,180,180,0.29,180
Eggs (Brown),Grocery/Staple,2023,36,223,0,35.62,42.74,180,180,180,0.29,180
Eggs (Brown),Grocery/Staple,2023,37,216,0,35.42,42.5,180,180,180,0.29,180
Eggs (Brown),Grocery/Staple,2023,38,209,0,35.19,42.23,180,180,180,0.29,351
Eggs (Brown),Grocery/Staple,2023,39,202,0,35.62,42.74,351,180,222.8,0.29,180
Eggs (Brown),Grocery/Staple,2023,40,195,0,35.35,42.42,180,180,222.8,0.29,180
Eggs (Brown),Grocery/Staple,2023,41,188,0,35.19,42.23,180,180,222.8,0.29,180
Eggs (Brown),Grocery/Staple,2023,42,181,0,34.96,41.95,180,351,222.8,0.29,180
Eggs (Brown),Grocery/Staple,2023,43,174,0,34.9,41.88,180,180,180,0.29,180
Eggs (Brown),Grocery/Staple,2023,44,167,0,34.55,41.46,180,180,180,0.29,180
Eggs (Brown),Grocery/Staple,2023,45,160,0,34.57,41.48,180,180,180,0.29,180
Eggs (Brown),Grocery/Staple,2023,46,153,0,34.5,41.4,180,180,180,0.29,180
Eggs (Brown),Grocery/Staple,2023,47,146,0,34.78,41.74,180,180,180,0.29,180
Eggs (Brown),Grocery/Staple,2023,48,139,0,34.37,41.24,180,180,180,0.29,110
Eggs (Brown),Grocery/Staple,2023,49,132,0,33.98,40.78,110,180,162.5,0.29,146
Eggs (Brown),Grocery/Staple,2023,50,125,0,34.4,41.28,146,180,154,0.29,104
Eggs (Brown),Grocery/Staple,2023,51,118,0,34.19,41.03,104,180,135,0.29,275
Eggs (Brown),Grocery/Staple,2023,52,111,0,33.68,40.42,275,110,158.8,0.29,227
Eggs (Brown),Grocery/Staple,2024,1,104,0,34.12,40.94,227,146,188,0.29,204
Eggs (Brown),Grocery/Staple,2024,2,97,0,33.97,40.76,204,104,202.5,0.29,180
Eggs (Brown),Grocery/Staple,2024,3,90,0,33.95,40.74,180,275,221.5,0.29,180
Eggs (Brown),Grocery/Staple,2024,4,83,0,33.66,40.39,180,227,197.8,0.29,180
Eggs (Brown),Grocery/Staple,2024,5,76,0,33.42,40.1,180,204,186,0.29,180
Eggs (Brown),Grocery/Staple,2024,6,69,0,33.54,40.25,180,180,180,0.29,143
Eggs (Brown),Grocery/Staple,2024,7,62,0,34.12,40.94,143,180,170.8,0.29,159
Eggs (Brown),Grocery/Staple,2024,8,55,0,34.19,41.03,159,180,165.5,0.29,182
Eggs (Brown),Grocery/Staple,2024,9,48,0,33.69,40.43,182,180,166,0.29,236
Eggs (Brown),Grocery/Staple,2024,10,41,0,33.3,39.96,236,143,180,0.29,153
Eggs (Brown),Grocery/Staple,2024,11,34,0,33.76,40.51,153,159,182.5,0.29,180
Eggs (Brown),Grocery/Staple,2024,12,27,0,33.88,40.66,180,182,187.8,0.29,180
Eggs (Brown),Grocery/Staple,2024,13,20,1,33.43,40.12,180,236,187.2,0.29,180
Eggs (Brown),Grocery/Staple,2024,14,13,1,33.93,40.72,180,153,173.2,0.29,180
Eggs (Brown),Grocery/Staple,2024,15,6,1,35.01,42.01,180,180,180,0.29,360
Eggs (Brown),Grocery/Staple,2024,16,364,0,33.57,40.28,360,180,225,0.29,155
Eggs (Brown),Grocery/Staple,2024,17,357,0,33.76,40.51,155,180,218.8,0.29,180
Eggs (Brown),Grocery/Staple,2024,18,350,0,33.41,40.09,180,180,218.8,0.29,180
Eggs (Brown),Grocery/Staple,2024,19,343,0,33.31,39.97,180,360,218.8,0.29,180
Eggs (Brown),Grocery/Staple,2024,20,336,0,33.55,40.26,180,155,173.8,0.29,180
Eggs (Brown),Grocery/Staple,2024,21,329,0,33.59,40.31,180,180,180,0.29,335
Eggs (Brown),Grocery/Staple,2024,22,322,0,33.75,40.5,335,180,218.8,0.29,180
Eggs (Brown),Grocery/Staple,2024,23,315,0,33.76,40.51,180,180,218.8,0.29,180
Eggs (Brown),Grocery/Staple,2024,24,308,0,33.37,40.04,180,180,218.8,0.29,132
Eggs (Brown),Grocery/Staple,2024,25,301,0,33.48,40.18,132,335,206.8,0.29,176
Eggs (Brown),Grocery/Staple,2024,26,294,0,33.5,40.2,176,180,167,0.29,154
Eggs (Brown),Grocery/Staple,2024,27,287,0,33.38,40.06,154,180,160.5,0.29,258
Eggs (Brown),Grocery/Staple,2024,28,280,0,33.4,40.08,258,132,180,0.29,180
Eggs (Brown),Grocery/Staple,2024,29,273,0,33.29,39.95,180,176,192,0.29,180
Eggs (Brown),Grocery/Staple,2024,30,266,0,33.55,40.26,180,154,193,0.29,180
Eggs (Brown),Grocery/Staple,2024,31,259,0,33.79,40.55,180,258,199.5,0.29,180
Eggs (Brown),Grocery/Staple,2024,32,252,0,33.39,40.07,180,180,180,0.29,180
Eggs (Brown),Grocery/Staple,2024,33,245,0,33.43,40.12,180,180,180,0.29,180
Eggs (Brown),Grocery/Staple,2024,34,238,0,33.81,40.57,180,180,180,0.29,339
Eggs (Brown),Grocery/Staple,2024,35,231,0,33.78,40.54,339,180,219.8,0.29,180
Eggs (Brown),Grocery/Staple,2024,36,224,0,33.62,40.34,180,180,219.8,0.29,180
Eggs (Brown),Grocery/Staple,2024,37,217,0,33.9,40.68,180,180,219.8,0.29,180
Eggs (Brown),Grocery/Staple,2024,38,210,0,33.69,40.43,180,339,219.8,0.29,180
Eggs (Brown),Grocery/Staple,2024,39,203,0,33.81,40.57,180,180,180,0.29,180
Eggs (Brown),Grocery/Staple,2024,40,196,0,33.85,40.62,180,180,180,0.29,180
Eggs (Brown),Grocery/Staple,2024,41,189,0,33.84,40.61,180,180,180,0.29,180
Eggs (Brown),Grocery/Staple,2024,42,182,0,33.88,40.66,180,180,180,0.29,180
Eggs (Brown),Grocery/Staple,2024,43,175,0,33.8,40.56,180,180,180,0.29,180
Eggs (Brown),Grocery/Staple,2024,44,168,0,34.2,41.04,180,180,180,0.29,338
Eggs (Brown),Grocery/Staple,2024,45,161,0,34.17,41.0,338,180,219.5,0.29,180
Eggs (Brown),Grocery/Staple,2024,46,154,0,33.64,40.37,180,180,219.5,0.29,180
Eggs (Brown),Grocery/Staple,2024,47,147,0,34.03,40.84,180,180,219.5,0.29,92
Eggs (Brown),Grocery/Staple,2024,48,140,0,34.32,41.18,92,338,197.5,0.29,199
Eggs (Brown),Grocery/Staple,2024,49,133,0,34.16,40.99,199,180,162.8,0.29,226
Eggs (Brown),Grocery/Staple,2024,50,126,0,34.08,40.9,226,180,174.2,0.29,180
Eggs (Brown),Grocery/Staple,2024,51,119,0,34.34,41.21,180,92,174.2,0.29,360
Eggs (Brown),Grocery/Staple,2024,52,112,0,34.24,41.09,360,199,241.2,0.29,180
Eggs (Brown),Grocery/Staple,2025,1,105,0,34.24,41.09,180,226,236.5,0.29,180
Eggs (Brown),Grocery/Staple,2025,2,98,0,34.34,41.21,180,180,225,0.29,180
Eggs (Brown),Grocery/Staple,2025,3,91,0,34.8,41.76,180,360,225,0.29,180
Eggs (Brown),Grocery/Staple,2025,4,84,0,34.37,41.24,180,180,180,0.29,180
Eggs (Brown),Grocery/Staple,2025,5,77,0,34.18,41.02,180,180,180,0.29,171
Eggs (Brown),Grocery/Staple,2025,6,70,0,33.89,40.67,171,180,177.8,0.29,180
Eggs (Brown),Grocery/Staple,2025,7,63,0,34.14,40.97,180,180,177.8,0.29,360
Eggs (Brown),Grocery/Staple,2025,8,56,0,33.95,40.74,360,180,222.8,0.29,358
Eggs (Brown),Grocery/Staple,2025,9,49,0,34.03,40.84,358,171,267.2,0.29,180
Eggs (Brown),Grocery/Staple,2025,10,42,0,34.49,41.39,180,180,269.5,0.29,180
Eggs (Brown),Grocery/Staple,2025,11,35,0,34.22,41.06,180,360,269.5,0.29,180
Eggs (Brown),Grocery/Staple,2025,12,28,0,34.18,41.02,180,358,224.5,0.29,180
Eggs (Brown),Grocery/Staple,2025,13,21,1,34.1,40.92,180,180,180,0.29,172
Eggs (Brown),Grocery/Staple,2025,14,14,1,34.34,41.21,172,180,178,0.29,180
Eggs (Brown),Grocery/Staple,2025,15,7,1,35.68,42.82,180,180,178,0.29,360
Eggs (Brown),Grocery/Staple,2025,16,0,1,34.62,41.54,360,180,223,0.29,321
Eggs (Brown),Grocery/Staple,2025,17,358,0,34.27,41.12,321,172,258.2,0.29,199
Eggs (Brown),Grocery/Staple,2025,18,351,0,34.22,41.06,199,180,265,0.29,180
Eggs (Brown),Grocery/Staple,2025,19,344,0,34.15,40.98,180,360,265,0.29,179
Eggs (Brown),Grocery/Staple,2025,20,337,0,34.28,41.14,179,321,219.8,0.29,180
Eggs (Brown),Grocery/Staple,2025,21,330,0,34.21,41.05,180,199,184.5,0.29,180
Eggs (Brown),Grocery/Staple,2025,22,323,0,34.26,41.11,180,180,179.8,0.29,180
Eggs (Brown),Grocery/Staple,2025,23,316,0,34.47,41.36,180,179,179.8,0.29,180
Eggs (Brown),Grocery/Staple,2025,24,309,0,34.38,41.26,180,180,180,0.29,180
Eggs (Brown),Grocery/Staple,2025,25,302,0,34.38,41.26,180,180,180,0.29,180
Eggs (Brown),Grocery/Staple,2025,26,295,0,34.42,41.3,180,180,180,0.29,333
Eggs (Brown),Grocery/Staple,2025,27,288,0,34.34,41.21,333,180,218.2,0.29,180
Eggs (Brown),Grocery/Staple,2025,28,281,0,34.51,41.41,180,180,218.2,0.29,180
Eggs (Brown),Grocery/Staple,2025,29,274,0,33.88,40.66,180,180,218.2,0.29,180
Eggs (Brown),Grocery/Staple,2025,30,267,0,34.5,41.4,180,333,218.2,0.29,180
Eggs (Brown),Grocery/Staple,2025,31,260,0,34.43,41.32,180,180,180,0.29,180
Eggs (Brown),Grocery/Staple,2025,32,253,0,34.35,41.22,180,180,180,0.29,180
Eggs (Brown),Grocery/Staple,2025,33,246,0,34.35,41.22,180,180,180,0.29,166
Eggs (Brown),Grocery/Staple,2025,34,239,0,34.19,41.03,166,180,176.5,0.29,326
Eggs (Brown),Grocery/Staple,2025,35,232,0,34.04,40.85,326,180,213,0.29,337
Eggs (Brown),Grocery/Staple,2025,36,225,0,34.06,40.87,337,180,252.2,0.29,318
Eggs (Brown),Grocery/Staple,2025,37,218,0,34.31,41.17,318,166,286.8,0.29,179
Eggs (Brown),Grocery/Staple,2025,38,211,0,34.31,41.17,179,326,290,0.29,341
Eggs (Brown),Grocery/Staple,2025,39,204,0,34.09,40.91,341,337,293.8,0.29,159
Eggs (Brown),Grocery/Staple,2025,40,197,0,34.03,40.84,159,318,249.2,0.29,180
Eggs (Brown),Grocery/Staple,2025,41,190,0,34.23,41.08,180,179,214.8,0.29,180
Eggs (Brown),Grocery/Staple,2025,42,183,0,33.96,40.75,180,341,215,0.29,180
Eggs (Brown),Grocery/Staple,2025,43,176,0,33.95,40.74,180,159,174.8,0.29,180
Eggs (Brown),Grocery/Staple,2025,44,169,0,34.75,41.7,180,180,180,0.29,180
Eggs (Brown),Grocery/Staple,2025,45,162,0,34.49,41.39,180,180,180,0.29,180
Eggs (Brown),Grocery/Staple,2025,46,155,0,34.17,41.0,180,180,180,0.29,180
Eggs (Brown),Grocery/Staple,2025,47,148,0,34.42,41.3,180,180,180,0.29,180
Eggs (Brown),Grocery/Staple,2025,48,141,0,34.62,41.54,180,180,180,0.29,324
Eggs (Brown),Grocery/Staple,2025,49,134,0,34.24,41.09,324,180,216,0.29,216
Eggs (Brown),Grocery/Staple,2025,50,127,0,34.73,41.68,216,180,225,0.29,180
Eggs (Brown),Grocery/Staple,2025,51,120,0,34.36,41.23,180,180,225,0.29,180
Eggs (Brown),Grocery/Staple,2025,52,113,0,34.69,41.63,180,324,225,0.29,180
Eggs (Brown),Grocery/Staple,2026,1,106,0,34.26,41.11,180,216,189,0.29,180
Eggs (Brown),Grocery/Staple,2026,2,99,0,34.65,41.58,180,180,180,0.29,180
Eggs (Brown),Grocery/Staple,2026,3,92,0,34.01,40.81,180,180,180,0.29,180
Eggs (Brown),Grocery/Staple,2026,4,85,0,34.42,41.3,180,180,180,0.29,283
Eggs (Brown),Grocery/Staple,2026,5,78,0,34.09,40.91,283,180,205.8,0.29,235
Eggs (Brown),Grocery/Staple,2026,6,71,0,34.57,41.48,235,180,219.5,0.29,180
Eggs (Brown),Grocery/Staple,2026,7,64,0,34.83,41.8,180,180,219.5,0.29,180
Eggs (Brown),Grocery/Staple,2026,8,57,0,34.32,41.18,180,283,219.5,0.29,349
Eggs (Brown),Grocery/Staple,2026,9,50,0,34.72,41.66,349,235,236,0.29,180
Eggs (Brown),Grocery/Staple,2026,10,43,0,34.29,41.15,180,180,222.2,0.29,180
Eggs (Brown),Grocery/Staple,2026,11,36,0,34.48,41.38,180,180,222.2,0.29,139
Eggs (Brown),Grocery/Staple,2026,12,29,0,34.36,41.23,139,349,212,0.29,221
Eggs (Brown),Grocery/Staple,2026,13,22,0,34.41,41.29,221,180,180,0.29,180
Eggs (Brown),Grocery/Staple,2026,14,15,1,34.76,41.71,180,180,180,0.29,180
Eggs (Brown),Grocery/Staple,2026,15,8,1,35.68,42.82,180,139,180,0.29,360
Eggs (Brown),Grocery/Staple,2026,16,1,1,35.29,42.35,360,221,235.2,0.29,360
Eggs (Brown),Grocery/Staple,2026,17,359,0,34.4,41.28,360,180,270,0.29,287
Eggs (Brown),Grocery/Staple,2026,18,352,0,34.46,41.35,287,180,296.8,0.29,226
Eggs (Brown),Grocery/Staple,2026,19,345,0,34.46,41.35,226,360,308.2,0.29,180
Eggs (Brown),Grocery/Staple,2026,20,338,0,34.44,41.33,180,360,263.2,0.29,180
Eggs (Brown),Grocery/Staple,2026,21,331,0,34.81,41.77,180,287,218.2,0.29,180
Eggs (Brown),Grocery/Staple,2026,22,324,0,34.63,41.56,180,226,191.5,0.29,344
Eggs (Brown),Grocery/Staple,2026,23,317,0,34.36,41.23,344,180,221,0.29,360
Eggs (Brown),Grocery/Staple,2026,24,310,0,34.04,40.85,360,180,266,0.0,82
Beans,Vegetable/Fruit,2022,24,305,0,227.85,273.42,30,30,30,0.29,30
Beans,Vegetable/Fruit,2022,25,298,0,237.78,285.34,30,39,30,0.29,39
Beans,Vegetable/Fruit,2022,26,291,0,243.6,292.32,39,47,34.5,0.29,47
Beans,Vegetable/Fruit,2022,27,284,0,246.63,295.96,47,33,38.7,0.29,33
Beans,Vegetable/Fruit,2022,28,277,0,256.95,308.34,33,30,37.2,0.29,31
Beans,Vegetable/Fruit,2022,29,270,0,259.77,311.72,31,39,37.5,0.29,50
Beans,Vegetable/Fruit,2022,30,263,0,268.96,322.75,50,47,40.2,0.29,49
Beans,Vegetable/Fruit,2022,31,256,0,276.23,331.48,49,33,40.8,0.29,50
Beans,Vegetable/Fruit,2022,32,249,0,278.4,334.08,50,31,45,0.29,50
Beans,Vegetable/Fruit,2022,33,242,0,287.06,344.47,50,50,49.8,0.29,50
Beans,Vegetable/Fruit,2022,34,235,0,291.47,349.76,50,49,49.8,0.29,38
Beans,Vegetable/Fruit,2022,35,228,0,296.59,355.91,38,50,47,0.29,37
Beans,Vegetable/Fruit,2022,36,221,0,303.73,364.48,37,50,43.8,0.29,24
Beans,Vegetable/Fruit,2022,37,214,0,307.46,368.95,24,50,37.2,0.29,46
Beans,Vegetable/Fruit,2022,38,207,0,309.16,370.99,46,38,36.2,0.29,50
Beans,Vegetable/Fruit,2022,39,200,0,319.76,383.71,50,37,39.2,0.29,39
Beans,Vegetable/Fruit,2022,40,193,0,321.93,386.32,39,24,39.8,0.29,42
Beans,Vegetable/Fruit,2022,41,186,0,332.37,398.84,42,46,44.2,0.29,55
Beans,Vegetable/Fruit,2022,42,179,0,334.98,401.98,55,50,46.5,0.29,50
Beans,Vegetable/Fruit,2022,43,172,0,339.75,407.7,50,39,46.5,0.29,46
Beans,Vegetable/Fruit,2022,44,165,0,346.06,415.27,46,42,48.2,0.29,43
Beans,Vegetable/Fruit,2022,45,158,0,350.63,420.76,43,55,48.5,0.29,50
Beans,Vegetable/Fruit,2022,46,151,0,356.11,427.33,50,50,47.2,0.29,35
Beans,Vegetable/Fruit,2022,47,144,0,359.45,431.34,35,46,43.5,0.29,33
Beans,Vegetable/Fruit,2022,48,137,0,364.03,436.84,33,43,40.2,0.29,32
Beans,Vegetable/Fruit,2022,49,130,0,374.5,449.4,32,50,37.5,0.29,41
Beans,Vegetable/Fruit,2022,50,123,0,375.25,450.3,41,35,35.2,0.29,36
Beans,Vegetable/Fruit,2022,51,116,0,386.35,463.62,36,33,35.5,0.29,23
Beans,Vegetable/Fruit,2022,52,109,0,392.78,471.34,23,32,33,0.29,45
Beans,Vegetable/Fruit,2023,1,102,0,395.21,474.25,45,41,36.2,0.29,41
Beans,Vegetable/Fruit,2023,2,95,0,397.66,477.19,41,36,36.2,0.29,41
Beans,Vegetable/Fruit,2023,3,88,0,400.95,481.14,41,23,37.5,0.29,18
Beans,Vegetable/Fruit,2023,4,81,0,405.94,487.13,18,45,36.2,0.29,46
Beans,Vegetable/Fruit,2023,5,74,0,414.69,497.63,46,41,36.5,0.29,32
Beans,Vegetable/Fruit,2023,6,67,0,415.18,498.22,32,41,34.2,0.29,44
Beans,Vegetable/Fruit,2023,7,60,0,419.94,503.93,44,18,35,0.29,53
Beans,Vegetable/Fruit,2023,8,53,0,418.54,502.25,53,46,43.8,0.29,43
Beans,Vegetable/Fruit,2023,9,46,0,427.11,512.53,43,32,43,0.29,22
Beans,Vegetable/Fruit,2023,10,39,0,425.59,510.71,22,44,40.5,0.29,50
Beans,Vegetable/Fruit,2023,11,32,0,427.9,513.48,50,53,42,0.29,31
Beans,Vegetable/Fruit,2023,12,25,0,426.98,512.38,31,43,36.5,0.29,38
Beans,Vegetable/Fruit,2023,13,18,1,423.45,508.14,38,22,35.2,0.29,25
Beans,Vegetable/Fruit,2023,14,11,1,424.74,509.69,25,50,36,0.29,50
Beans,Vegetable/Fruit,2023,15,4,1,429.39,515.27,50,31,36,0.29,92
Beans,Vegetable/Fruit,2023,16,363,0,420.82,504.98,92,38,51.2,0.29,33
Beans,Vegetable/Fruit,2023,17,356,0,420.47,504.56,33,25,50,0.29,42
Beans,Vegetable/Fruit,2023,18,349,0,419.37,503.24,42,50,54.2,0.29,68
Beans,Vegetable/Fruit,2023,19,342,0,416.3,499.56,68,92,58.8,0.29,35
Beans,Vegetable/Fruit,2023,20,335,0,416.78,500.14,35,33,44.5,0.29,34
Beans,Vegetable/Fruit,2023,21,328,0,411.2,493.44,34,42,44.8,0.29,25
Beans,Vegetable/Fruit,2023,22,321,0,416.73,500.08,25,68,40.5,0.29,40
Beans,Vegetable/Fruit,2023,23,314,0,414.52,497.42,40,35,33.5,0.29,42
Beans,Vegetable/Fruit,2023,24,307,0,410.56,492.67,42,34,35.2,0.29,50
Beans,Vegetable/Fruit,2023,25,300,0,404.84,485.81,50,25,39.2,0.29,42
Beans,Vegetable/Fruit,2023,26,293,0,409.47,491.36,42,40,43.5,0.29,49
Beans,Vegetable/Fruit,2023,27,286,0,409.37,491.24,49,42,45.8,0.29,25
Beans,Vegetable/Fruit,2023,28,279,0,407.65,489.18,25,50,41.5,0.29,50
Beans,Vegetable/Fruit,2023,29,272,0,403.11,483.73,50,42,41.5,0.29,50
Beans,Vegetable/Fruit,2023,30,265,0,404.19,485.03,50,49,43.5,0.29,50
Beans,Vegetable/Fruit,2023,31,258,0,405.22,486.26,50,25,43.8,0.29,50
Beans,Vegetable/Fruit,2023,32,251,0,403.27,483.92,50,50,50,0.29,43
Beans,Vegetable/Fruit,2023,33,244,0,399.22,479.06,43,50,48.2,0.29,50
Beans,Vegetable/Fruit,2023,34,237,0,402.41,482.89,50,50,48.2,0.29,36
Beans,Vegetable/Fruit,2023,35,230,0,398.38,478.06,36,50,44.8,0.29,43
Beans,Vegetable/Fruit,2023,36,223,0,396.85,476.22,43,43,43,0.29,45
Beans,Vegetable/Fruit,2023,37,216,0,394.86,473.83,45,50,43.5,0.29,26
Beans,Vegetable/Fruit,2023,38,209,0,391.67,470.0,26,36,37.5,0.29,45
Beans,Vegetable/Fruit,2023,39,202,0,391.96,470.35,45,43,39.8,0.29,50
Beans,Vegetable/Fruit,2023,40,195,0,393.26,471.91,50,45,41.5,0.29,50
Beans,Vegetable/Fruit,2023,41,188,0,390.2,468.24,50,26,42.8,0.29,50
Beans,Vegetable/Fruit,2023,42,181,0,386.19,463.43,50,45,48.8,0.29,24
Beans,Vegetable/Fruit,2023,43,174,0,387.12,464.54,24,50,43.5,0.29,50
Beans,Vegetable/Fruit,2023,44,167,0,384.0,460.8,50,50,43.5,0.29,54
Beans,Vegetable/Fruit,2023,45,160,0,382.93,459.52,54,50,44.5,0.29,42
Beans,Vegetable/Fruit,2023,46,153,0,377.51,453.01,42,24,42.5,0.29,25
Beans,Vegetable/Fruit,2023,47,146,0,380.83,457.0,25,50,42.8,0.29,29
Beans,Vegetable/Fruit,2023,48,139,0,378.22,453.86,29,54,37.5,0.29,52
Beans,Vegetable/Fruit,2023,49,132,0,380.24,456.29,52,42,37,0.29,48
Beans,Vegetable/Fruit,2023,50,125,0,375.75,450.9,48,25,38.5,0.29,36
Beans,Vegetable/Fruit,2023,51,118,0,378.17,453.8,36,29,41.2,0.29,53
Beans,Vegetable/Fruit,2023,52,111,0,377.16,452.59,53,52,47.2,0.29,47
Beans,Vegetable/Fruit,2024,1,104,0,370.87,445.04,47,48,46,0.29,51
Beans,Vegetable/Fruit,2024,2,97,0,376.03,451.24,51,36,46.8,0.29,48
Beans,Vegetable/Fruit,2024,3,90,0,375.81,450.97,48,53,49.8,0.29,30
Beans,Vegetable/Fruit,2024,4,83,0,370.42,444.5,30,47,44,0.29,33
Beans,Vegetable/Fruit,2024,5,76,0,369.9,443.88,33,51,40.5,0.29,42
Beans,Vegetable/Fruit,2024,6,69,0,376.47,451.76,42,48,38.2,0.29,46
Beans,Vegetable/Fruit,2024,7,62,0,373.47,448.16,46,30,37.8,0.29,46
Beans,Vegetable/Fruit,2024,8,55,0,373.1,447.72,46,33,41.8,0.29,28
Beans,Vegetable/Fruit,2024,9,48,0,376.95,452.34,28,42,40.5,0.29,22
Beans,Vegetable/Fruit,2024,10,41,0,373.74,448.49,22,46,35.5,0.29,44
Beans,Vegetable/Fruit,2024,11,34,0,375.76,450.91,44,46,35,0.29,50
Beans,Vegetable/Fruit,2024,12,27,0,371.79,446.15,50,28,36,0.29,45
Beans,Vegetable/Fruit,2024,13,20,1,369.67,443.6,45,22,40.2,0.29,43
Beans,Vegetable/Fruit,2024,14,13,1,379.2,455.04,43,44,45.5,0.29,50
Beans,Vegetable/Fruit,2024,15,6,1,384.64,461.57,50,50,47,0.29,100
Beans,Vegetable/Fruit,2024,16,364,0,371.13,445.36,100,45,59.5,0.29,50
Beans,Vegetable/Fruit,2024,17,357,0,374.97,449.96,50,43,60.8,0.29,45
Beans,Vegetable/Fruit,2024,18,350,0,369.69,443.63,45,50,61.2,0.29,46
Beans,Vegetable/Fruit,2024,19,343,0,370.32,444.38,46,100,60.2,0.29,50
Beans,Vegetable/Fruit,2024,20,336,0,372.86,447.43,50,50,47.8,0.29,49
Beans,Vegetable/Fruit,2024,21,329,0,372.64,447.17,49,45,47.5,0.29,50
Beans,Vegetable/Fruit,2024,22,322,0,369.16,442.99,50,46,48.8,0.29,45
Beans,Vegetable/Fruit,2024,23,315,0,369.96,443.95,45,50,48.5,0.29,47
Beans,Vegetable/Fruit,2024,24,308,0,374.85,449.82,47,49,47.8,0.29,50
Beans,Vegetable/Fruit,2024,25,301,0,372.93,447.52,50,50,48,0.29,41
Beans,Vegetable/Fruit,2024,26,294,0,375.6,450.72,41,45,45.8,0.29,48
Beans,Vegetable/Fruit,2024,27,287,0,368.26,441.91,48,47,46.5,0.29,33
Beans,Vegetable/Fruit,2024,28,280,0,373.27,447.92,33,50,43,0.29,53
Beans,Vegetable/Fruit,2024,29,273,0,372.87,447.44,53,41,43.8,0.29,45
Beans,Vegetable/Fruit,2024,30,266,0,373.88,448.66,45,48,44.8,0.29,46
Beans,Vegetable/Fruit,2024,31,259,0,371.66,445.99,46,33,44.2,0.29,22
Beans,Vegetable/Fruit,2024,32,252,0,373.89,448.67,22,53,41.5,0.29,50
Beans,Vegetable/Fruit,2024,33,245,0,370.88,445.06,50,45,40.8,0.29,42
Beans,Vegetable/Fruit,2024,34,238,0,378.64,454.37,42,46,40,0.29,50
Beans,Vegetable/Fruit,2024,35,231,0,377.23,452.68,50,22,41,0.29,41
Beans,Vegetable/Fruit,2024,36,224,0,376.1,451.32,41,50,45.8,0.29,56
Beans,Vegetable/Fruit,2024,37,217,0,376.31,451.57,56,42,47.2,0.29,42
Beans,Vegetable/Fruit,2024,38,210,0,372.79,447.35,42,50,47.2,0.29,39
Beans,Vegetable/Fruit,2024,39,203,0,373.6,448.32,39,41,44.5,0.29,37
Beans,Vegetable/Fruit,2024,40,196,0,376.89,452.27,37,56,43.5,0.29,52
Beans,Vegetable/Fruit,2024,41,189,0,377.99,453.59,52,42,42.5,0.29,53
Beans,Vegetable/Fruit,2024,42,182,0,375.66,450.79,53,39,45.2,0.29,43
Beans,Vegetable/Fruit,2024,43,175,0,378.58,454.3,43,37,46.2,0.29,43
Beans,Vegetable/Fruit,2024,44,168,0,380.29,456.35,43,52,47.8,0.29,25
Beans,Vegetable/Fruit,2024,45,161,0,373.32,447.98,25,53,41,0.29,50
Beans,Vegetable/Fruit,2024,46,154,0,375.64,450.77,50,43,40.2,0.29,50
Beans,Vegetable/Fruit,2024,47,147,0,375.26,450.31,50,43,42,0.29,48
Beans,Vegetable/Fruit,2024,48,140,0,374.01,448.81,48,25,43.2,0.29,35
Beans,Vegetable/Fruit,2024,49,133,0,373.74,448.49,35,50,45.8,0.29,62
Beans,Vegetable/Fruit,2024,50,126,0,377.82,453.38,62,50,48.8,0.29,50
Beans,Vegetable/Fruit,2024,51,119,0,380.1,456.12,50,48,48.8,0.29,37
Beans,Vegetable/Fruit,2024,52,112,0,378.63,454.36,37,35,46,0.29,47
Beans,Vegetable/Fruit,2025,1,105,0,379.26,455.11,47,62,49,0.29,38
Beans,Vegetable/Fruit,2025,2,98,0,375.67,450.8,38,50,43,0.29,50
Beans,Vegetable/Fruit,2025,3,91,0,382.42,458.9,50,37,43,0.29,22
Beans,Vegetable/Fruit,2025,4,84,0,376.83,452.2,22,47,39.2,0.29,48
Beans,Vegetable/Fruit,2025,5,77,0,378.6,454.32,48,38,39.5,0.29,50
Beans,Vegetable/Fruit,2025,6,70,0,379.05,454.86,50,50,42.5,0.29,42
Beans,Vegetable/Fruit,2025,7,63,0,375.68,450.82,42,22,40.5,0.29,50
Beans,Vegetable/Fruit,2025,8,56,0,382.19,458.63,50,48,47.5,0.29,50
Beans,Vegetable/Fruit,2025,9,49,0,379.34,455.21,50,50,48,0.29,50
Beans,Vegetable/Fruit,2025,10,42,0,377.74,453.29,50,42,48,0.29,50
Beans,Vegetable/Fruit,2025,11,35,0,379.13,454.96,50,50,50,0.29,44
Beans,Vegetable/Fruit,2025,12,28,0,380.98,457.18,44,50,48.5,0.29,50
Beans,Vegetable/Fruit,2025,13,21,1,381.72,458.06,50,50,48.5,0.29,47
Beans,Vegetable/Fruit,2025,14,14,1,380.72,456.86,47,50,47.8,0.29,50
Beans,Vegetable/Fruit,2025,15,7,1,383.26,459.91,50,44,47.8,0.29,96
Beans,Vegetable/Fruit,2025,16,0,1,381.57,457.88,96,50,60.8,0.29,50
Beans,Vegetable/Fruit,2025,17,358,0,377.29,452.75,50,47,60.8,0.29,43
Beans,Vegetable/Fruit,2025,18,351,0,377.42,452.9,43,50,59.8,0.29,50
Beans,Vegetable/Fruit,2025,19,344,0,376.92,452.3,50,96,59.8,0.29,46
Beans,Vegetable/Fruit,2025,20,337,0,378.08,453.7,46,50,47.2,0.29,50
Beans,Vegetable/Fruit,2025,21,330,0,376.35,451.62,50,43,47.2,0.29,50
Beans,Vegetable/Fruit,2025,22,323,0,379.73,455.68,50,50,49,0.29,50
Beans,Vegetable/Fruit,2025,23,316,0,375.93,451.12,50,46,49,0.29,41
Beans,Vegetable/Fruit,2025,24,309,0,378.12,453.74,41,50,47.8,0.29,46
Beans,Vegetable/Fruit,2025,25,302,0,380.14,456.17,46,50,46.8,0.29,51
Beans,Vegetable/Fruit,2025,26,295,0,376.81,452.17,51,50,47,0.29,32
Beans,Vegetable/Fruit,2025,27,288,0,380.33,456.4,32,41,42.5,0.29,30
Beans,Vegetable/Fruit,2025,28,281,0,377.58,453.1,30,46,39.8,0.29,47
Beans,Vegetable/Fruit,2025,29,274,0,374.23,449.08,47,51,40,0.29,35
Beans,Vegetable/Fruit,2025,30,267,0,382.06,458.47,35,32,36,0.29,45
Beans,Vegetable/Fruit,2025,31,260,0,376.66,451.99,45,30,39.2,0.29,20
Beans,Vegetable/Fruit,2025,32,253,0,380.87,457.04,20,47,36.8,0.29,50
Beans,Vegetable/Fruit,2025,33,246,0,379.82,455.78,50,35,37.5,0.29,50
Beans,Vegetable/Fruit,2025,34,239,0,379.63,455.56,50,45,41.2,0.29,42
Beans,Vegetable/Fruit,2025,35,232,0,381.83,458.2,42,20,40.5,0.29,38
Beans,Vegetable/Fruit,2025,36,225,0,380.82,456.98,38,50,45,0.29,52
Beans,Vegetable/Fruit,2025,37,218,0,381.54,457.85,52,50,45.5,0.29,31
Beans,Vegetable/Fruit,2025,38,211,0,375.13,450.16,31,42,40.8,0.29,59
Beans,Vegetable/Fruit,2025,39,204,0,379.37,455.24,59,38,45,0.29,44
Beans,Vegetable/Fruit,2025,40,197,0,381.55,457.86,44,52,46.5,0.29,21
Beans,Vegetable/Fruit,2025,41,190,0,383.81,460.57,21,31,38.8,0.29,50
Beans,Vegetable/Fruit,2025,42,183,0,383.35,460.02,50,59,43.5,0.29,40
Beans,Vegetable/Fruit,2025,43,176,0,377.97,453.56,40,44,38.8,0.29,44
Beans,Vegetable/Fruit,2025,44,169,0,378.35,454.02,44,21,38.8,0.29,39
Beans,Vegetable/Fruit,2025,45,162,0,383.14,459.77,39,50,43.2,0.29,43
Beans,Vegetable/Fruit,2025,46,155,0,386.46,463.75,43,40,41.5,0.29,34
Beans,Vegetable/Fruit,2025,47,148,0,381.14,457.37,34,44,40,0.29,50
Beans,Vegetable/Fruit,2025,48,141,0,379.04,454.85,50,39,41.5,0.29,36
Beans,Vegetable/Fruit,2025,49,134,0,380.15,456.18,36,43,40.8,0.29,55
Beans,Vegetable/Fruit,2025,50,127,0,380.56,456.67,55,34,43.8,0.29,38
Beans,Vegetable/Fruit,2025,51,120,0,380.7,456.84,38,50,44.8,0.29,45
Beans,Vegetable/Fruit,2025,52,113,0,378.83,454.6,45,36,43.5,0.29,43
Beans,Vegetable/Fruit,2026,1,106,0,380.73,456.88,43,55,45.2,0.29,55
Beans,Vegetable/Fruit,2026,2,99,0,380.31,456.37,55,38,45.2,0.29,52
Beans,Vegetable/Fruit,2026,3,92,0,384.25,461.1,52,45,48.8,0.29,40
Beans,Vegetable/Fruit,2026,4,85,0,379.72,455.66,40,43,47.5,0.29,49
Beans,Vegetable/Fruit,2026,5,78,0,384.36,461.23,49,55,49,0.29,57
Beans,Vegetable/Fruit,2026,6,71,0,384.65,461.58,57,52,49.5,0.29,41
Beans,Vegetable/Fruit,2026,7,64,0,377.02,452.42,41,40,46.8,0.29,47
Beans,Vegetable/Fruit,2026,8,57,0,384.05,460.86,47,49,48.5,0.29,53
Beans,Vegetable/Fruit,2026,9,50,0,385.12,462.14,53,57,49.5,0.29,46
Beans,Vegetable/Fruit,2026,10,43,0,382.64,459.17,46,41,46.8,0.29,53
Beans,Vegetable/Fruit,2026,11,36,0,379.36,455.23,53,47,49.8,0.29,40
Beans,Vegetable/Fruit,2026,12,29,0,382.17,458.6,40,53,48,0.29,61
Beans,Vegetable/Fruit,2026,13,22,0,377.41,452.89,61,46,50,0.29,37
Beans,Vegetable/Fruit,2026,14,15,1,380.01,456.01,37,53,47.8,0.29,75
Beans,Vegetable/Fruit,2026,15,8,1,395.89,475.07,75,40,53.2,0.29,50
Beans,Vegetable/Fruit,2026,16,1,1,386.31,463.57,50,61,55.8,0.29,50
Beans,Vegetable/Fruit,2026,17,359,0,382.75,459.3,50,37,53,0.29,50
Beans,Vegetable/Fruit,2026,18,352,0,378.19,453.83,50,75,56.2,0.29,50
Beans,Vegetable/Fruit,2026,19,345,0,377.75,453.3,50,50,50,0.29,42
Beans,Vegetable/Fruit,2026,20,338,0,380.42,456.5,42,50,48,0.29,35
Beans,Vegetable/Fruit,2026,21,331,0,379.93,455.92,35,50,44.2,0.29,50
Beans,Vegetable/Fruit,2026,22,324,0,381.23,457.48,50,50,44.2,0.29,39
Beans,Vegetable/Fruit,2026,23,317,0,382.42,458.9,39,42,41.5,0.29,60
Beans,Vegetable/Fruit,2026,24,310,0,380.49,456.59,60,35,46,0.0,10
Carrot,Vegetable/Fruit,2022,24,305,0,171.43,205.72,38,38,38,0.29,38
Carrot,Vegetable/Fruit,2022,25,298,0,179.75,215.7,38,42,38,0.29,42
Carrot,Vegetable/Fruit,2022,26,291,0,180.37,216.44,42,50,40,0.29,50
Carrot,Vegetable/Fruit,2022,27,284,0,188.01,225.61,50,40,43.3,0.29,40
Carrot,Vegetable/Fruit,2022,28,277,0,192.89,231.47,40,38,42.5,0.29,27
Carrot,Vegetable/Fruit,2022,29,270,0,196.53,235.84,27,42,39.8,0.29,33
Carrot,Vegetable/Fruit,2022,30,263,0,200.69,240.83,33,50,37.5,0.29,50
Carrot,Vegetable/Fruit,2022,31,256,0,207.44,248.93,50,40,37.5,0.29,41
Carrot,Vegetable/Fruit,2022,32,249,0,211.24,253.49,41,27,37.8,0.29,47
Carrot,Vegetable/Fruit,2022,33,242,0,215.1,258.12,47,33,42.8,0.29,53
Carrot,Vegetable/Fruit,2022,34,235,0,220.12,264.14,53,50,47.8,0.29,27
Carrot,Vegetable/Fruit,2022,35,228,0,223.21,267.85,27,41,42,0.29,32
Carrot,Vegetable/Fruit,2022,36,221,0,227.39,272.87,32,47,39.8,0.29,37
Carrot,Vegetable/Fruit,2022,37,214,0,233.12,279.74,37,53,37.2,0.29,40
Carrot,Vegetable/Fruit,2022,38,207,0,237.54,285.05,40,27,34,0.29,23
Carrot,Vegetable/Fruit,2022,39,200,0,242.29,290.75,23,32,33,0.29,50
Carrot,Vegetable/Fruit,2022,40,193,0,241.75,290.1,50,37,37.5,0.29,41
Carrot,Vegetable/Fruit,2022,41,186,0,247.19,296.63,41,40,38.5,0.29,27
Carrot,Vegetable/Fruit,2022,42,179,0,251.66,301.99,27,23,35.2,0.29,32
Carrot,Vegetable/Fruit,2022,43,172,0,254.9,305.88,32,50,37.5,0.29,50
Carrot,Vegetable/Fruit,2022,44,165,0,261.32,313.58,50,41,37.5,0.29,45
Carrot,Vegetable/Fruit,2022,45,158,0,265.84,319.01,45,27,38.5,0.29,37
Carrot,Vegetable/Fruit,2022,46,151,0,266.34,319.61,37,32,41,0.29,38
Carrot,Vegetable/Fruit,2022,47,144,0,272.89,327.47,38,50,42.5,0.29,25
Carrot,Vegetable/Fruit,2022,48,137,0,275.54,330.65,25,45,36.2,0.29,50
Carrot,Vegetable/Fruit,2022,49,130,0,277.65,333.18,50,37,37.5,0.29,50
Carrot,Vegetable/Fruit,2022,50,123,0,285.97,343.16,50,38,40.8,0.29,50
Carrot,Vegetable/Fruit,2022,51,116,0,286.7,344.04,50,25,43.8,0.29,40
Carrot,Vegetable/Fruit,2022,52,109,0,289.53,347.44,40,50,47.5,0.29,37
Carrot,Vegetable/Fruit,2023,1,102,0,295.06,354.07,37,50,44.2,0.29,51
Carrot,Vegetable/Fruit,2023,2,95,0,298.58,358.3,51,50,44.5,0.29,48
Carrot,Vegetable/Fruit,2023,3,88,0,301.86,362.23,48,40,44,0.29,52
Carrot,Vegetable/Fruit,2023,4,81,0,302.44,362.93,52,37,47,0.29,55
Carrot,Vegetable/Fruit,2023,5,74,0,310.66,372.79,55,51,51.5,0.29,45
Carrot,Vegetable/Fruit,2023,6,67,0,312.5,375.0,45,48,50,0.29,48
Carrot,Vegetable/Fruit,2023,7,60,0,317.03,380.44,48,52,50,0.29,52
Carrot,Vegetable/Fruit,2023,8,53,0,318.23,381.88,52,55,50,0.29,58
Carrot,Vegetable/Fruit,2023,9,46,0,323.43,388.12,58,45,50.8,0.29,41
Carrot,Vegetable/Fruit,2023,10,39,0,319.56,383.47,41,48,49.8,0.29,40
Carrot,Vegetable/Fruit,2023,11,32,0,317.7,381.24,40,52,47.8,0.29,46
Carrot,Vegetable/Fruit,2023,12,25,0,323.72,388.46,46,58,46.2,0.29,38
Carrot,Vegetable/Fruit,2023,13,18,1,318.5,382.2,38,41,41.2,0.29,28
Carrot,Vegetable/Fruit,2023,14,11,1,319.16,382.99,28,40,38,0.29,95
Carrot,Vegetable/Fruit,2023,15,4,1,323.59,388.31,95,46,51.8,0.29,100
Carrot,Vegetable/Fruit,2023,16,363,0,318.92,382.7,100,38,65.2,0.29,37
Carrot,Vegetable/Fruit,2023,17,356,0,312.86,375.43,37,28,65,0.29,42
Carrot,Vegetable/Fruit,2023,18,349,0,315.25,378.3,42,95,68.5,0.29,48
Carrot,Vegetable/Fruit,2023,19,342,0,316.24,379.49,48,100,56.8,0.29,23
Carrot,Vegetable/Fruit,2023,20,335,0,311.76,374.11,23,37,37.5,0.29,49
Carrot,Vegetable/Fruit,2023,21,328,0,308.25,369.9,49,42,40.5,0.29,50
Carrot,Vegetable/Fruit,2023,22,321,0,311.32,373.58,50,48,42.5,0.29,37
Carrot,Vegetable/Fruit,2023,23,314,0,308.27,369.92,37,23,39.8,0.29,36
Carrot,Vegetable/Fruit,2023,24,307,0,309.62,371.54,36,49,43,0.29,25
Carrot,Vegetable/Fruit,2023,25,300,0,307.5,369.0,25,50,37,0.29,37
Carrot,Vegetable/Fruit,2023,26,293,0,308.06,369.67,37,37,33.8,0.29,50
Carrot,Vegetable/Fruit,2023,27,286,0,304.14,364.97,50,36,37,0.29,28
Carrot,Vegetable/Fruit,2023,28,279,0,302.83,363.4,28,25,35,0.29,35
Carrot,Vegetable/Fruit,2023,29,272,0,300.85,361.02,35,37,37.5,0.29,50
Carrot,Vegetable/Fruit,2023,30,265,0,304.07,364.88,50,50,40.8,0.29,38
Carrot,Vegetable/Fruit,2023,31,258,0,303.26,363.91,38,28,37.8,0.29,40
Carrot,Vegetable/Fruit,2023,32,251,0,302.44,362.93,40,35,40.8,0.29,35
Carrot,Vegetable/Fruit,2023,33,244,0,300.32,360.38,35,50,40.8,0.29,28
Carrot,Vegetable/Fruit,2023,34,237,0,297.13,356.56,28,38,35.2,0.29,36
Carrot,Vegetable/Fruit,2023,35,230,0,297.37,356.84,36,40,34.8,0.29,43
Carrot,Vegetable/Fruit,2023,36,223,0,297.43,356.92,43,35,35.5,0.29,67
Carrot,Vegetable/Fruit,2023,37,216,0,293.45,352.14,67,28,43.5,0.29,45
Carrot,Vegetable/Fruit,2023,38,209,0,291.72,350.06,45,36,47.8,0.29,44
Carrot,Vegetable/Fruit,2023,39,202,0,291.41,349.69,44,43,49.8,0.29,43
Carrot,Vegetable/Fruit,2023,40,195,0,294.72,353.66,43,67,49.8,0.29,50
Carrot,Vegetable/Fruit,2023,41,188,0,291.68,350.02,50,45,45.5,0.29,42
Carrot,Vegetable/Fruit,2023,42,181,0,294.13,352.96,42,44,44.8,0.29,50
Carrot,Vegetable/Fruit,2023,43,174,0,291.73,350.08,50,43,46.2,0.29,42
Carrot,Vegetable/Fruit,2023,44,167,0,292.94,351.53,42,50,46,0.29,50
Carrot,Vegetable/Fruit,2023,45,160,0,287.98,345.58,50,42,46,0.29,46
Carrot,Vegetable/Fruit,2023,46,153,0,287.96,345.55,46,50,47,0.29,47
Carrot,Vegetable/Fruit,2023,47,146,0,288.35,346.02,47,42,46.2,0.29,35
Carrot,Vegetable/Fruit,2023,48,139,0,287.51,345.01,35,50,44.5,0.29,53
Carrot,Vegetable/Fruit,2023,49,132,0,287.92,345.5,53,46,45.2,0.29,36
Carrot,Vegetable/Fruit,2023,50,125,0,282.61,339.13,36,47,42.8,0.29,56
Carrot,Vegetable/Fruit,2023,51,118,0,279.5,335.4,56,35,45,0.29,18
Carrot,Vegetable/Fruit,2023,52,111,0,281.24,337.49,18,53,40.8,0.29,50
Carrot,Vegetable/Fruit,2024,1,104,0,281.07,337.28,50,36,40,0.29,50
Carrot,Vegetable/Fruit,2024,2,97,0,283.93,340.72,50,56,43.5,0.29,50
Carrot,Vegetable/Fruit,2024,3,90,0,281.45,337.74,50,18,42,0.29,39
Carrot,Vegetable/Fruit,2024,4,83,0,280.63,336.76,39,50,47.2,0.29,37
Carrot,Vegetable/Fruit,2024,5,76,0,275.56,330.67,37,50,44,0.29,48
Carrot,Vegetable/Fruit,2024,6,69,0,282.81,339.37,48,50,43.5,0.29,35
Carrot,Vegetable/Fruit,2024,7,62,0,280.44,336.53,35,39,39.8,0.29,31
Carrot,Vegetable/Fruit,2024,8,55,0,280.09,336.11,31,37,37.8,0.29,50
Carrot,Vegetable/Fruit,2024,9,48,0,279.49,335.39,50,48,41,0.29,50
Carrot,Vegetable/Fruit,2024,10,41,0,280.69,336.83,50,35,41.5,0.29,50
Carrot,Vegetable/Fruit,2024,11,34,0,276.68,332.02,50,31,45.2,0.29,50
Carrot,Vegetable/Fruit,2024,12,27,0,277.85,333.42,50,50,50,0.29,45
Carrot,Vegetable/Fruit,2024,13,20,1,280.53,336.64,45,50,48.8,0.29,50
Carrot,Vegetable/Fruit,2024,14,13,1,283.76,340.51,50,50,48.8,0.29,50
Carrot,Vegetable/Fruit,2024,15,6,1,286.02,343.22,50,50,48.8,0.29,100
Carrot,Vegetable/Fruit,2024,16,364,0,280.69,336.83,100,45,61.2,0.29,50
Carrot,Vegetable/Fruit,2024,17,357,0,279.32,335.18,50,50,62.5,0.29,48
Carrot,Vegetable/Fruit,2024,18,350,0,279.47,335.36,48,50,62,0.29,43
Carrot,Vegetable/Fruit,2024,19,343,0,279.13,334.96,43,100,60.2,0.29,50
Carrot,Vegetable/Fruit,2024,20,336,0,280.77,336.92,50,50,47.8,0.29,38
Carrot,Vegetable/Fruit,2024,21,329,0,280.6,336.72,38,48,44.8,0.29,44
Carrot,Vegetable/Fruit,2024,22,322,0,279.69,335.63,44,43,43.8,0.29,40
Carrot,Vegetable/Fruit,2024,23,315,0,280.18,336.22,40,50,43,0.29,28
Carrot,Vegetable/Fruit,2024,24,308,0,276.63,331.96,28,38,37.5,0.29,39
Carrot,Vegetable/Fruit,2024,25,301,0,278.59,334.31,39,44,37.8,0.29,32
Carrot,Vegetable/Fruit,2024,26,294,0,282.75,339.3,32,40,34.8,0.29,65
Carrot,Vegetable/Fruit,2024,27,287,0,280.69,336.83,65,28,41,0.29,37
Carrot,Vegetable/Fruit,2024,28,280,0,278.32,333.98,37,39,43.2,0.29,26
Carrot,Vegetable/Fruit,2024,29,273,0,277.5,333.0,26,32,40,0.29,41
Carrot,Vegetable/Fruit,2024,30,266,0,277.5,333.0,41,65,42.2,0.29,46
Carrot,Vegetable/Fruit,2024,31,259,0,279.18,335.02,46,37,37.5,0.29,38
Carrot,Vegetable/Fruit,2024,32,252,0,279.92,335.9,38,26,37.8,0.29,37
Carrot,Vegetable/Fruit,2024,33,245,0,281.67,338.0,37,41,40.5,0.29,30
Carrot,Vegetable/Fruit,2024,34,238,0,281.72,338.06,30,46,37.8,0.29,50
Carrot,Vegetable/Fruit,2024,35,231,0,282.12,338.54,50,38,38.8,0.29,50
Carrot,Vegetable/Fruit,2024,36,224,0,284.75,341.7,50,37,41.8,0.29,49
Carrot,Vegetable/Fruit,2024,37,217,0,280.59,336.71,49,30,44.8,0.29,30
Carrot,Vegetable/Fruit,2024,38,210,0,281.14,337.37,30,50,44.8,0.29,54
Carrot,Vegetable/Fruit,2024,39,203,0,281.69,338.03,54,50,45.8,0.29,47
Carrot,Vegetable/Fruit,2024,40,196,0,282.58,339.1,47,49,45,0.29,19
Carrot,Vegetable/Fruit,2024,41,189,0,282.65,339.18,19,30,37.5,0.29,44
Carrot,Vegetable/Fruit,2024,42,182,0,279.63,335.56,44,54,41,0.29,29
Carrot,Vegetable/Fruit,2024,43,175,0,280.72,336.86,29,47,34.8,0.29,40
Carrot,Vegetable/Fruit,2024,44,168,0,283.67,340.4,40,19,33,0.29,31
Carrot,Vegetable/Fruit,2024,45,161,0,282.7,339.24,31,44,36,0.29,35
Carrot,Vegetable/Fruit,2024,46,154,0,286.71,344.05,35,29,33.8,0.29,52
Carrot,Vegetable/Fruit,2024,47,147,0,280.45,336.54,52,40,39.5,0.29,40
Carrot,Vegetable/Fruit,2024,48,140,0,283.27,339.92,40,31,39.5,0.29,23
Carrot,Vegetable/Fruit,2024,49,133,0,282.98,339.58,23,35,37.5,0.29,43
Carrot,Vegetable/Fruit,2024,50,126,0,284.16,340.99,43,52,39.5,0.29,50
Carrot,Vegetable/Fruit,2024,51,119,0,283.9,340.68,50,40,39,0.29,40
Carrot,Vegetable/Fruit,2024,52,112,0,284.12,340.94,40,23,39,0.29,34
Carrot,Vegetable/Fruit,2025,1,105,0,282.35,338.82,34,43,41.8,0.29,55
Carrot,Vegetable/Fruit,2025,2,98,0,287.0,344.4,55,50,44.8,0.29,49
Carrot,Vegetable/Fruit,2025,3,91,0,280.67,336.8,49,40,44.5,0.29,41
Carrot,Vegetable/Fruit,2025,4,84,0,282.21,338.65,41,34,44.8,0.29,53
Carrot,Vegetable/Fruit,2025,5,77,0,283.39,340.07,53,55,49.5,0.29,50
Carrot,Vegetable/Fruit,2025,6,70,0,283.27,339.92,50,49,48.2,0.29,54
Carrot,Vegetable/Fruit,2025,7,63,0,284.36,341.23,54,41,49.5,0.29,44
Carrot,Vegetable/Fruit,2025,8,56,0,287.6,345.12,44,53,50.2,0.29,45
Carrot,Vegetable/Fruit,2025,9,49,0,283.95,340.74,45,50,48.2,0.29,44
Carrot,Vegetable/Fruit,2025,10,42,0,285.59,342.71,44,54,46.8,0.29,34
Carrot,Vegetable/Fruit,2025,11,35,0,285.43,342.52,34,44,41.8,0.29,33
Carrot,Vegetable/Fruit,2025,12,28,0,285.65,342.78,33,45,39,0.29,35
Carrot,Vegetable/Fruit,2025,13,21,1,286.75,344.1,35,44,36.5,0.29,15
Carrot,Vegetable/Fruit,2025,14,14,1,284.12,340.94,15,34,29.2,0.29,50
Carrot,Vegetable/Fruit,2025,15,7,1,291.88,350.26,50,33,33.2,0.29,100
Carrot,Vegetable/Fruit,2025,16,0,1,285.21,342.25,100,35,50,0.29,80
Carrot,Vegetable/Fruit,2025,17,358,0,286.55,343.86,80,15,61.2,0.29,40
Carrot,Vegetable/Fruit,2025,18,351,0,284.36,341.23,40,50,67.5,0.29,48
Carrot,Vegetable/Fruit,2025,19,344,0,284.45,341.34,48,100,67,0.29,25
Carrot,Vegetable/Fruit,2025,20,337,0,284.86,341.83,25,80,48.2,0.29,50
Carrot,Vegetable/Fruit,2025,21,330,0,284.9,341.88,50,40,40.8,0.29,44
Carrot,Vegetable/Fruit,2025,22,323,0,282.82,339.38,44,48,41.8,0.29,49
Carrot,Vegetable/Fruit,2025,23,316,0,284.14,340.97,49,25,42,0.29,50
Carrot,Vegetable/Fruit,2025,24,309,0,283.56,340.27,50,50,48.2,0.29,50
Carrot,Vegetable/Fruit,2025,25,302,0,286.21,343.45,50,44,48.2,0.29,37
Carrot,Vegetable/Fruit,2025,26,295,0,285.16,342.19,37,49,46.5,0.29,40
Carrot,Vegetable/Fruit,2025,27,288,0,283.86,340.63,40,50,44.2,0.29,50
Carrot,Vegetable/Fruit,2025,28,281,0,282.54,339.05,50,50,44.2,0.29,50
Carrot,Vegetable/Fruit,2025,29,274,0,287.95,345.54,50,37,44.2,0.29,52
Carrot,Vegetable/Fruit,2025,30,267,0,284.66,341.59,52,40,48,0.29,46
Carrot,Vegetable/Fruit,2025,31,260,0,283.87,340.64,46,50,49.5,0.29,60
Carrot,Vegetable/Fruit,2025,32,253,0,284.4,341.28,60,50,52,0.29,51
Carrot,Vegetable/Fruit,2025,33,246,0,286.17,343.4,51,52,52.2,0.29,30
Carrot,Vegetable/Fruit,2025,34,239,0,286.81,344.17,30,46,46.8,0.29,31
Carrot,Vegetable/Fruit,2025,35,232,0,282.71,339.25,31,60,43,0.29,50
Carrot,Vegetable/Fruit,2025,36,225,0,288.43,346.12,50,51,40.5,0.29,50
Carrot,Vegetable/Fruit,2025,37,218,0,286.78,344.14,50,30,40.2,0.29,28
Carrot,Vegetable/Fruit,2025,38,211,0,285.59,342.71,28,31,39.8,0.29,45
Carrot,Vegetable/Fruit,2025,39,204,0,286.57,343.88,45,50,43.2,0.29,46
Carrot,Vegetable/Fruit,2025,40,197,0,288.09,345.71,46,50,42.2,0.29,26
Carrot,Vegetable/Fruit,2025,41,190,0,287.07,344.48,26,28,36.2,0.29,46
Carrot,Vegetable/Fruit,2025,42,183,0,290.96,349.15,46,45,40.8,0.29,50
Carrot,Vegetable/Fruit,2025,43,176,0,290.54,348.65,50,46,42,0.29,43
Carrot,Vegetable/Fruit,2025,44,169,0,282.61,339.13,43,26,41.2,0.29,50
Carrot,Vegetable/Fruit,2025,45,162,0,289.26,347.11,50,46,47.2,0.29,50
Carrot,Vegetable/Fruit,2025,46,155,0,284.06,340.87,50,50,48.2,0.29,50
Carrot,Vegetable/Fruit,2025,47,148,0,289.76,347.71,50,43,48.2,0.29,50
Carrot,Vegetable/Fruit,2025,48,141,0,286.2,343.44,50,50,50,0.29,42
Carrot,Vegetable/Fruit,2025,49,134,0,287.93,345.52,42,50,48,0.29,45
Carrot,Vegetable/Fruit,2025,50,127,0,285.08,342.1,45,50,46.8,0.29,50
Carrot,Vegetable/Fruit,2025,51,120,0,286.79,344.15,50,50,46.8,0.29,50
Carrot,Vegetable/Fruit,2025,52,113,0,285.97,343.16,50,42,46.8,0.29,50
Carrot,Vegetable/Fruit,2026,1,106,0,286.76,344.11,50,45,48.8,0.29,41
Carrot,Vegetable/Fruit,2026,2,99,0,287.27,344.72,41,50,47.8,0.29,34
Carrot,Vegetable/Fruit,2026,3,92,0,286.03,343.24,34,50,43.8,0.29,49
Carrot,Vegetable/Fruit,2026,4,85,0,289.69,347.63,49,50,43.5,0.29,47
Carrot,Vegetable/Fruit,2026,5,78,0,286.46,343.75,47,41,42.8,0.29,52
Carrot,Vegetable/Fruit,2026,6,71,0,283.47,340.16,52,34,45.5,0.29,53
Carrot,Vegetable/Fruit,2026,7,64,0,287.21,344.65,53,49,50.2,0.29,63
Carrot,Vegetable/Fruit,2026,8,57,0,286.58,343.9,63,47,53.8,0.29,50
Carrot,Vegetable/Fruit,2026,9,50,0,288.85,346.62,50,52,54.5,0.29,50
Carrot,Vegetable/Fruit,2026,10,43,0,287.7,345.24,50,53,54,0.29,34
Carrot,Vegetable/Fruit,2026,11,36,0,292.17,350.6,34,63,49.2,0.29,54
Carrot,Vegetable/Fruit,2026,12,29,0,285.08,342.1,54,50,47,0.29,50
Carrot,Vegetable/Fruit,2026,13,22,0,286.12,343.34,50,50,47,0.29,34
Carrot,Vegetable/Fruit,2026,14,15,1,287.85,345.42,34,34,43,0.29,69
Carrot,Vegetable/Fruit,2026,15,8,1,293.73,352.48,69,54,51.8,0.29,59
Carrot,Vegetable/Fruit,2026,16,1,1,286.28,343.54,59,50,53,0.29,82
Carrot,Vegetable/Fruit,2026,17,359,0,287.7,345.24,82,34,61,0.29,55
Carrot,Vegetable/Fruit,2026,18,352,0,286.47,343.76,55,69,66.2,0.29,46
Carrot,Vegetable/Fruit,2026,19,345,0,286.3,343.56,46,59,60.5,0.29,50
Carrot,Vegetable/Fruit,2026,20,338,0,284.28,341.14,50,82,58.2,0.29,50
Carrot,Vegetable/Fruit,2026,21,331,0,288.5,346.2,50,55,50.2,0.29,45
Carrot,Vegetable/Fruit,2026,22,324,0,290.59,348.71,45,46,47.8,0.29,40
Carrot,Vegetable/Fruit,2026,23,317,0,286.8,344.16,40,50,46.2,0.29,25
Carrot,Vegetable/Fruit,2026,24,310,0,282.43,338.92,25,50,40,0.0,11
Brinjals,Vegetable/Fruit,2022,24,305,0,104.49,125.39,26,26,26,0.29,26
Brinjals,Vegetable/Fruit,2022,25,298,0,107.03,128.44,26,40,26,0.29,40
Brinjals,Vegetable/Fruit,2022,26,291,0,108.33,130.0,40,35,33,0.29,35
Brinjals,Vegetable/Fruit,2022,27,284,0,111.93,134.32,35,35,33.7,0.29,35
Brinjals,Vegetable/Fruit,2022,28,277,0,113.74,136.49,35,26,34,0.29,39
Brinjals,Vegetable/Fruit,2022,29,270,0,117.78,141.34,39,40,37.2,0.29,40
Brinjals,Vegetable/Fruit,2022,30,263,0,119.03,142.84,40,35,37.2,0.29,32
Brinjals,Vegetable/Fruit,2022,31,256,0,121.74,146.09,32,35,36.5,0.29,31
Brinjals,Vegetable/Fruit,2022,32,249,0,125.74,150.89,31,39,35.5,0.29,36
Brinjals,Vegetable/Fruit,2022,33,242,0,126.51,151.81,36,40,34.8,0.29,18
Brinjals,Vegetable/Fruit,2022,34,235,0,131.12,157.34,18,32,29.2,0.29,40
Brinjals,Vegetable/Fruit,2022,35,228,0,131.16,157.39,40,31,31.2,0.29,21
Brinjals,Vegetable/Fruit,2022,36,221,0,135.08,162.1,21,36,28.8,0.29,19
Brinjals,Vegetable/Fruit,2022,37,214,0,137.71,165.25,19,18,24.5,0.29,40
Brinjals,Vegetable/Fruit,2022,38,207,0,141.53,169.84,40,40,30,0.29,40
Brinjals,Vegetable/Fruit,2022,39,200,0,142.18,170.62,40,21,30,0.29,51
Brinjals,Vegetable/Fruit,2022,40,193,0,144.34,173.21,51,19,37.5,0.29,25
Brinjals,Vegetable/Fruit,2022,41,186,0,147.62,177.14,25,40,39,0.29,36
Brinjals,Vegetable/Fruit,2022,42,179,0,149.13,178.96,36,40,38,0.29,40
Brinjals,Vegetable/Fruit,2022,43,172,0,152.11,182.53,40,51,38,0.29,31
Brinjals,Vegetable/Fruit,2022,44,165,0,153.35,184.02,31,25,33,0.29,28
Brinjals,Vegetable/Fruit,2022,45,158,0,157.37,188.84,28,36,33.8,0.29,49
Brinjals,Vegetable/Fruit,2022,46,151,0,159.08,190.9,49,40,37,0.29,32
Brinjals,Vegetable/Fruit,2022,47,144,0,160.86,193.03,32,31,35,0.29,29
Brinjals,Vegetable/Fruit,2022,48,137,0,164.41,197.29,29,28,34.5,0.29,46
Brinjals,Vegetable/Fruit,2022,49,130,0,168.05,201.66,46,49,39,0.29,27
Brinjals,Vegetable/Fruit,2022,50,123,0,167.72,201.26,27,32,33.5,0.29,22
Brinjals,Vegetable/Fruit,2022,51,116,0,171.93,206.32,22,29,31,0.29,39
Brinjals,Vegetable/Fruit,2022,52,109,0,172.8,207.36,39,46,33.5,0.29,37
Brinjals,Vegetable/Fruit,2023,1,102,0,175.1,210.12,37,27,31.2,0.29,37
Brinjals,Vegetable/Fruit,2023,2,95,0,176.55,211.86,37,22,33.8,0.29,40
Brinjals,Vegetable/Fruit,2023,3,88,0,180.2,216.24,40,39,38.2,0.29,36
Brinjals,Vegetable/Fruit,2023,4,81,0,181.7,218.04,36,37,37.5,0.29,37
Brinjals,Vegetable/Fruit,2023,5,74,0,183.75,220.5,37,37,37.5,0.29,40
Brinjals,Vegetable/Fruit,2023,6,67,0,186.51,223.81,40,40,38.2,0.29,25
Brinjals,Vegetable/Fruit,2023,7,60,0,187.52,225.02,25,36,34.5,0.29,41
Brinjals,Vegetable/Fruit,2023,8,53,0,189.3,227.16,41,37,35.8,0.29,39
Brinjals,Vegetable/Fruit,2023,9,46,0,189.93,227.92,39,40,36.2,0.29,20
Brinjals,Vegetable/Fruit,2023,10,39,0,189.83,227.8,20,25,31.2,0.29,41
Brinjals,Vegetable/Fruit,2023,11,32,0,189.53,227.44,41,41,35.2,0.29,50
Brinjals,Vegetable/Fruit,2023,12,25,0,190.7,228.84,50,39,37.5,0.29,30
Brinjals,Vegetable/Fruit,2023,13,18,1,189.31,227.17,30,20,35.2,0.29,46
Brinjals,Vegetable/Fruit,2023,14,11,1,193.27,231.92,46,41,41.8,0.29,53
Brinjals,Vegetable/Fruit,2023,15,4,1,191.06,229.27,53,50,44.8,0.29,80
Brinjals,Vegetable/Fruit,2023,16,363,0,186.69,224.03,80,30,52.2,0.29,38
Brinjals,Vegetable/Fruit,2023,17,356,0,186.24,223.49,38,46,54.2,0.29,40
Brinjals,Vegetable/Fruit,2023,18,349,0,185.89,223.07,40,53,52.8,0.29,40
Brinjals,Vegetable/Fruit,2023,19,342,0,185.33,222.4,40,80,49.5,0.29,22
Brinjals,Vegetable/Fruit,2023,20,335,0,185.39,222.47,22,38,35,0.29,43
Brinjals,Vegetable/Fruit,2023,21,328,0,186.5,223.8,43,40,36.2,0.29,37
Brinjals,Vegetable/Fruit,2023,22,321,0,183.43,220.12,37,40,35.5,0.29,36
Brinjals,Vegetable/Fruit,2023,23,314,0,182.55,219.06,36,22,34.5,0.29,17
Brinjals,Vegetable/Fruit,2023,24,307,0,181.86,218.23,17,43,33.2,0.29,38
Brinjals,Vegetable/Fruit,2023,25,300,0,182.36,218.83,38,37,32,0.29,36
Brinjals,Vegetable/Fruit,2023,26,293,0,183.29,219.95,36,36,31.8,0.29,39
Brinjals,Vegetable/Fruit,2023,27,286,0,183.7,220.44,39,17,32.5,0.29,22
Brinjals,Vegetable/Fruit,2023,28,279,0,182.52,219.02,22,38,33.8,0.29,46
Brinjals,Vegetable/Fruit,2023,29,272,0,182.46,218.95,46,36,35.8,0.29,41
Brinjals,Vegetable/Fruit,2023,30,265,0,181.84,218.21,41,39,37,0.29,30
Brinjals,Vegetable/Fruit,2023,31,258,0,180.97,217.16,30,22,34.8,0.29,42
Brinjals,Vegetable/Fruit,2023,32,251,0,177.19,212.63,42,46,39.8,0.29,48
Brinjals,Vegetable/Fruit,2023,33,244,0,180.47,216.56,48,41,40.2,0.29,29
Brinjals,Vegetable/Fruit,2023,34,237,0,178.7,214.44,29,30,37.2,0.29,18
Brinjals,Vegetable/Fruit,2023,35,230,0,178.81,214.57,18,42,34.2,0.29,34
Brinjals,Vegetable/Fruit,2023,36,223,0,176.73,212.08,34,48,32.2,0.29,40
Brinjals,Vegetable/Fruit,2023,37,216,0,176.97,212.36,40,29,30.2,0.29,32
Brinjals,Vegetable/Fruit,2023,38,209,0,175.23,210.28,32,18,31,0.29,35
Brinjals,Vegetable/Fruit,2023,39,202,0,174.57,209.48,35,34,35.2,0.29,53
Brinjals,Vegetable/Fruit,2023,40,195,0,177.09,212.51,53,40,40,0.29,34
Brinjals,Vegetable/Fruit,2023,41,188,0,174.05,208.86,34,32,38.5,0.29,40
Brinjals,Vegetable/Fruit,2023,42,181,0,173.05,207.66,40,35,40.5,0.29,16
Brinjals,Vegetable/Fruit,2023,43,174,0,173.66,208.39,16,53,35.8,0.29,24
Brinjals,Vegetable/Fruit,2023,44,167,0,173.19,207.83,24,34,28.5,0.29,40
Brinjals,Vegetable/Fruit,2023,45,160,0,171.67,206.0,40,40,30,0.29,40
Brinjals,Vegetable/Fruit,2023,46,153,0,170.29,204.35,40,16,30,0.29,40
Brinjals,Vegetable/Fruit,2023,47,146,0,169.65,203.58,40,24,36,0.29,36
Brinjals,Vegetable/Fruit,2023,48,139,0,169.2,203.04,36,40,39,0.29,40
Brinjals,Vegetable/Fruit,2023,49,132,0,168.94,202.73,40,40,39,0.29,40
Brinjals,Vegetable/Fruit,2023,50,125,0,169.37,203.24,40,40,39,0.29,40
Brinjals,Vegetable/Fruit,2023,51,118,0,169.0,202.8,40,36,39,0.29,32
Brinjals,Vegetable/Fruit,2023,52,111,0,168.27,201.92,32,40,38,0.29,25
Brinjals,Vegetable/Fruit,2024,1,104,0,167.37,200.84,25,40,34.2,0.29,23
Brinjals,Vegetable/Fruit,2024,2,97,0,166.27,199.52,23,40,30,0.29,28
Brinjals,Vegetable/Fruit,2024,3,90,0,167.7,201.24,28,32,27,0.29,49
Brinjals,Vegetable/Fruit,2024,4,83,0,167.32,200.78,49,25,31.2,0.29,40
Brinjals,Vegetable/Fruit,2024,5,76,0,166.72,200.06,40,23,35,0.29,40
Brinjals,Vegetable/Fruit,2024,6,69,0,166.53,199.84,40,28,39.2,0.29,40
Brinjals,Vegetable/Fruit,2024,7,62,0,165.41,198.49,40,49,42.2,0.29,40
Brinjals,Vegetable/Fruit,2024,8,55,0,167.31,200.77,40,40,40,0.29,36
Brinjals,Vegetable/Fruit,2024,9,48,0,167.42,200.9,36,40,39,0.29,33
Brinjals,Vegetable/Fruit,2024,10,41,0,166.32,199.58,33,40,37.2,0.29,38
Brinjals,Vegetable/Fruit,2024,11,34,0,166.98,200.38,38,40,36.8,0.29,44
Brinjals,Vegetable/Fruit,2024,12,27,0,166.11,199.33,44,36,37.8,0.29,29
Brinjals,Vegetable/Fruit,2024,13,20,1,167.16,200.59,29,33,36,0.29,41
Brinjals,Vegetable/Fruit,2024,14,13,1,169.44,203.33,41,38,38,0.29,49
Brinjals,Vegetable/Fruit,2024,15,6,1,171.42,205.7,49,44,40.8,0.29,80
Brinjals,Vegetable/Fruit,2024,16,364,0,165.72,198.86,80,29,49.8,0.29,28
Brinjals,Vegetable/Fruit,2024,17,357,0,165.71,198.85,28,41,49.5,0.29,38
Brinjals,Vegetable/Fruit,2024,18,350,0,165.25,198.3,38,49,48.8,0.29,40
Brinjals,Vegetable/Fruit,2024,19,343,0,166.25,199.5,40,80,46.5,0.29,46
Brinjals,Vegetable/Fruit,2024,20,336,0,165.01,198.01,46,28,38,0.29,27
Brinjals,Vegetable/Fruit,2024,21,329,0,164.84,197.81,27,38,37.8,0.29,53
Brinjals,Vegetable/Fruit,2024,22,322,0,165.09,198.11,53,40,41.5,0.29,40
Brinjals,Vegetable/Fruit,2024,23,315,0,165.14,198.17,40,46,41.5,0.29,36
Brinjals,Vegetable/Fruit,2024,24,308,0,164.22,197.06,36,27,39,0.29,35
Brinjals,Vegetable/Fruit,2024,25,301,0,165.47,198.56,35,53,41,0.29,32
Brinjals,Vegetable/Fruit,2024,26,294,0,165.6,198.72,32,40,35.8,0.29,33
Brinjals,Vegetable/Fruit,2024,27,287,0,166.87,200.24,33,36,34,0.29,15
Brinjals,Vegetable/Fruit,2024,28,280,0,166.86,200.23,15,35,28.8,0.29,33
Brinjals,Vegetable/Fruit,2024,29,273,0,164.13,196.96,33,32,28.2,0.29,36
Brinjals,Vegetable/Fruit,2024,30,266,0,166.48,199.78,36,33,29.2,0.29,46
Brinjals,Vegetable/Fruit,2024,31,259,0,168.01,201.61,46,15,32.5,0.29,38
Brinjals,Vegetable/Fruit,2024,32,252,0,166.51,199.81,38,33,38.2,0.29,34
Brinjals,Vegetable/Fruit,2024,33,245,0,165.93,199.12,34,36,38.5,0.29,40
Brinjals,Vegetable/Fruit,2024,34,238,0,166.44,199.73,40,46,39.5,0.29,34
Brinjals,Vegetable/Fruit,2024,35,231,0,167.29,200.75,34,38,36.5,0.29,40
Brinjals,Vegetable/Fruit,2024,36,224,0,168.17,201.8,40,34,37,0.29,30
Brinjals,Vegetable/Fruit,2024,37,217,0,165.95,199.14,30,40,36,0.29,35
Brinjals,Vegetable/Fruit,2024,38,210,0,168.66,202.39,35,34,34.8,0.29,40
Brinjals,Vegetable/Fruit,2024,39,203,0,166.59,199.91,40,40,36.2,0.29,38
Brinjals,Vegetable/Fruit,2024,40,196,0,167.11,200.53,38,30,35.8,0.29,38
Brinjals,Vegetable/Fruit,2024,41,189,0,167.15,200.58,38,35,37.8,0.29,33
Brinjals,Vegetable/Fruit,2024,42,182,0,166.18,199.42,33,40,37.2,0.29,39
Brinjals,Vegetable/Fruit,2024,43,175,0,166.81,200.17,39,38,37,0.29,45
Brinjals,Vegetable/Fruit,2024,44,168,0,168.87,202.64,45,38,38.8,0.29,29
Brinjals,Vegetable/Fruit,2024,45,161,0,165.05,198.06,29,33,36.5,0.29,20
Brinjals,Vegetable/Fruit,2024,46,154,0,167.26,200.71,20,39,33.2,0.29,34
Brinjals,Vegetable/Fruit,2024,47,147,0,169.43,203.32,34,45,32,0.29,40
Brinjals,Vegetable/Fruit,2024,48,140,0,168.93,202.72,40,29,30.8,0.29,40
Brinjals,Vegetable/Fruit,2024,49,133,0,169.76,203.71,40,20,33.5,0.29,40
Brinjals,Vegetable/Fruit,2024,50,126,0,168.38,202.06,40,34,38.5,0.29,40
Brinjals,Vegetable/Fruit,2024,51,119,0,168.43,202.12,40,40,40,0.29,36
Brinjals,Vegetable/Fruit,2024,52,112,0,167.77,201.32,36,40,39,0.29,40
Brinjals,Vegetable/Fruit,2025,1,105,0,168.92,202.7,40,40,39,0.29,37
Brinjals,Vegetable/Fruit,2025,2,98,0,169.69,203.63,37,40,38.2,0.29,27
Brinjals,Vegetable/Fruit,2025,3,91,0,166.75,200.1,27,36,35,0.29,42
Brinjals,Vegetable/Fruit,2025,4,84,0,167.5,201.0,42,40,36.5,0.29,41
Brinjals,Vegetable/Fruit,2025,5,77,0,167.03,200.44,41,37,36.8,0.29,48
Brinjals,Vegetable/Fruit,2025,6,70,0,170.24,204.29,48,27,39.5,0.29,38
Brinjals,Vegetable/Fruit,2025,7,63,0,169.3,203.16,38,42,42.2,0.29,40
Brinjals,Vegetable/Fruit,2025,8,56,0,170.35,204.42,40,41,41.8,0.29,40
Brinjals,Vegetable/Fruit,2025,9,49,0,171.31,205.57,40,48,41.5,0.29,40
Brinjals,Vegetable/Fruit,2025,10,42,0,165.47,198.56,40,38,39.5,0.29,40
Brinjals,Vegetable/Fruit,2025,11,35,0,167.37,200.84,40,40,40,0.29,40
Brinjals,Vegetable/Fruit,2025,12,28,0,171.99,206.39,40,40,40,0.29,28
Brinjals,Vegetable/Fruit,2025,13,21,1,170.26,204.31,28,40,37,0.29,29
Brinjals,Vegetable/Fruit,2025,14,14,1,169.58,203.5,29,40,34.2,0.29,23
Brinjals,Vegetable/Fruit,2025,15,7,1,173.0,207.6,23,40,30,0.29,40
Brinjals,Vegetable/Fruit,2025,16,0,1,166.66,199.99,40,28,30,0.29,59
Brinjals,Vegetable/Fruit,2025,17,358,0,169.77,203.72,59,29,37.8,0.29,35
Brinjals,Vegetable/Fruit,2025,18,351,0,170.8,204.96,35,23,39.2,0.29,26
Brinjals,Vegetable/Fruit,2025,19,344,0,169.36,203.23,26,40,40,0.29,40
Brinjals,Vegetable/Fruit,2025,20,337,0,169.6,203.52,40,59,40,0.29,40
Brinjals,Vegetable/Fruit,2025,21,330,0,171.0,205.2,40,35,35.2,0.29,38
Brinjals,Vegetable/Fruit,2025,22,323,0,171.21,205.45,38,26,36,0.29,29
Brinjals,Vegetable/Fruit,2025,23,316,0,167.74,201.29,29,40,36.8,0.29,36
Brinjals,Vegetable/Fruit,2025,24,309,0,168.95,202.74,36,40,35.8,0.29,48
Brinjals,Vegetable/Fruit,2025,25,302,0,169.71,203.65,48,38,37.8,0.29,36
Brinjals,Vegetable/Fruit,2025,26,295,0,169.97,203.96,36,29,37.2,0.29,40
Brinjals,Vegetable/Fruit,2025,27,288,0,168.28,201.94,40,36,40,0.29,40
Brinjals,Vegetable/Fruit,2025,28,281,0,171.22,205.46,40,48,41,0.29,38
Brinjals,Vegetable/Fruit,2025,29,274,0,168.3,201.96,38,36,38.5,0.29,40
Brinjals,Vegetable/Fruit,2025,30,267,0,168.83,202.6,40,40,39.5,0.29,40
Brinjals,Vegetable/Fruit,2025,31,260,0,168.64,202.37,40,40,39.5,0.29,40
Brinjals,Vegetable/Fruit,2025,32,253,0,169.29,203.15,40,38,39.5,0.29,29
Brinjals,Vegetable/Fruit,2025,33,246,0,170.03,204.04,29,40,37.2,0.29,42
Brinjals,Vegetable/Fruit,2025,34,239,0,169.64,203.57,42,40,37.8,0.29,30
Brinjals,Vegetable/Fruit,2025,35,232,0,168.15,201.78,30,40,35.2,0.29,18
Brinjals,Vegetable/Fruit,2025,36,225,0,168.03,201.64,18,29,29.8,0.29,40
Brinjals,Vegetable/Fruit,2025,37,218,0,170.18,204.22,40,42,32.5,0.29,40
Brinjals,Vegetable/Fruit,2025,38,211,0,168.44,202.13,40,30,32,0.29,38
Brinjals,Vegetable/Fruit,2025,39,204,0,169.61,203.53,38,18,34,0.29,40
Brinjals,Vegetable/Fruit,2025,40,197,0,169.65,203.58,40,40,39.5,0.29,40
Brinjals,Vegetable/Fruit,2025,41,190,0,170.89,205.07,40,40,39.5,0.29,40
Brinjals,Vegetable/Fruit,2025,42,183,0,168.63,202.36,40,38,39.5,0.29,40
Brinjals,Vegetable/Fruit,2025,43,176,0,170.69,204.83,40,40,40,0.29,40
Brinjals,Vegetable/Fruit,2025,44,169,0,170.37,204.44,40,40,40,0.29,40
Brinjals,Vegetable/Fruit,2025,45,162,0,171.72,206.06,40,40,40,0.29,40
Brinjals,Vegetable/Fruit,2025,46,155,0,169.51,203.41,40,40,40,0.29,40
Brinjals,Vegetable/Fruit,2025,47,148,0,169.93,203.92,40,40,40,0.29,40
Brinjals,Vegetable/Fruit,2025,48,141,0,168.76,202.51,40,40,40,0.29,28
Brinjals,Vegetable/Fruit,2025,49,134,0,169.53,203.44,28,40,37,0.29,34
Brinjals,Vegetable/Fruit,2025,50,127,0,169.87,203.84,34,40,35.5,0.29,50
Brinjals,Vegetable/Fruit,2025,51,120,0,170.47,204.56,50,40,38,0.29,32
Brinjals,Vegetable/Fruit,2025,52,113,0,170.79,204.95,32,28,36,0.29,20
Brinjals,Vegetable/Fruit,2026,1,106,0,171.06,205.27,20,34,34,0.29,28
Brinjals,Vegetable/Fruit,2026,2,99,0,170.45,204.54,28,50,32.5,0.29,38
Brinjals,Vegetable/Fruit,2026,3,92,0,169.96,203.95,38,32,29.5,0.29,28
Brinjals,Vegetable/Fruit,2026,4,85,0,170.98,205.18,28,20,28.5,0.29,47
Brinjals,Vegetable/Fruit,2026,5,78,0,171.16,205.39,47,28,35.2,0.29,36
Brinjals,Vegetable/Fruit,2026,6,71,0,170.19,204.23,36,38,37.2,0.29,34
Brinjals,Vegetable/Fruit,2026,7,64,0,168.48,202.18,34,28,36.2,0.29,40
Brinjals,Vegetable/Fruit,2026,8,57,0,170.29,204.35,40,47,39.2,0.29,40
Brinjals,Vegetable/Fruit,2026,9,50,0,169.69,203.63,40,36,37.5,0.29,40
Brinjals,Vegetable/Fruit,2026,10,43,0,171.34,205.61,40,34,38.5,0.29,40
Brinjals,Vegetable/Fruit,2026,11,36,0,171.11,205.33,40,40,40,0.29,36
Brinjals,Vegetable/Fruit,2026,12,29,0,170.23,204.28,36,40,39,0.29,40
Brinjals,Vegetable/Fruit,2026,13,22,0,171.55,205.86,40,40,39,0.29,40
Brinjals,Vegetable/Fruit,2026,14,15,1,171.43,205.72,40,40,39,0.29,40
Brinjals,Vegetable/Fruit,2026,15,8,1,174.52,209.42,40,36,39,0.29,40
Brinjals,Vegetable/Fruit,2026,16,1,1,173.58,208.3,40,40,40,0.29,40
Brinjals,Vegetable/Fruit,2026,17,359,0,172.33,206.8,40,40,40,0.29,29
Brinjals,Vegetable/Fruit,2026,18,352,0,171.59,205.91,29,40,37.2,0.29,36
Brinjals,Vegetable/Fruit,2026,19,345,0,171.29,205.55,36,40,36.2,0.29,46
Brinjals,Vegetable/Fruit,2026,20,338,0,169.56,203.47,46,40,37.8,0.29,40
Brinjals,Vegetable/Fruit,2026,21,331,0,169.76,203.71,40,29,37.8,0.29,40
Brinjals,Vegetable/Fruit,2026,22,324,0,169.55,203.46,40,36,40.5,0.29,36
Brinjals,Vegetable/Fruit,2026,23,317,0,170.04,204.05,36,46,40.5,0.29,25
Brinjals,Vegetable/Fruit,2026,24,310,0,170.75,204.9,25,40,35.2,0.0,15
Cabbage,Vegetable/Fruit,2022,24,305,0,75.38,90.46,30,30,30,0.29,30
Cabbage,Vegetable/Fruit,2022,25,298,0,77.92,93.5,30,40,30,0.29,40
Cabbage,Vegetable/Fruit,2022,26,291,0,78.75,94.5,40,35,35,0.29,35
Cabbage,Vegetable/Fruit,2022,27,284,0,80.67,96.8,35,39,35,0.29,39
Cabbage,Vegetable/Fruit,2022,28,277,0,82.43,98.92,39,30,36,0.29,31
Cabbage,Vegetable/Fruit,2022,29,270,0,85.4,102.48,31,40,36.2,0.29,36
Cabbage,Vegetable/Fruit,2022,30,263,0,87.51,105.01,36,35,35.2,0.29,38
Cabbage,Vegetable/Fruit,2022,31,256,0,89.69,107.63,38,39,36,0.29,45
Cabbage,Vegetable/Fruit,2022,32,249,0,90.64,108.77,45,31,37.5,0.29,34
Cabbage,Vegetable/Fruit,2022,33,242,0,93.22,111.86,34,36,38.2,0.29,41
Cabbage,Vegetable/Fruit,2022,34,235,0,94.9,113.88,41,38,39.5,0.29,27
Cabbage,Vegetable/Fruit,2022,35,228,0,95.54,114.65,27,45,36.8,0.29,23
Cabbage,Vegetable/Fruit,2022,36,221,0,98.22,117.86,23,34,31.2,0.29,40
Cabbage,Vegetable/Fruit,2022,37,214,0,101.25,121.5,40,41,32.8,0.29,40
Cabbage,Vegetable/Fruit,2022,38,207,0,102.75,123.3,40,27,32.5,0.29,40
Cabbage,Vegetable/Fruit,2022,39,200,0,103.83,124.6,40,23,35.8,0.29,34
Cabbage,Vegetable/Fruit,2022,40,193,0,105.8,126.96,34,40,38.5,0.29,40
Cabbage,Vegetable/Fruit,2022,41,186,0,107.12,128.54,40,40,38.5,0.29,35
Cabbage,Vegetable/Fruit,2022,42,179,0,109.29,131.15,35,40,37.2,0.29,38
Cabbage,Vegetable/Fruit,2022,43,172,0,109.63,131.56,38,34,36.8,0.29,31
Cabbage,Vegetable/Fruit,2022,44,165,0,111.62,133.94,31,40,36,0.29,26
Cabbage,Vegetable/Fruit,2022,45,158,0,113.5,136.2,26,35,32.5,0.29,23
Cabbage,Vegetable/Fruit,2022,46,151,0,116.29,139.55,23,38,29.5,0.29,30
Cabbage,Vegetable/Fruit,2022,47,144,0,117.42,140.9,30,31,27.5,0.29,33
Cabbage,Vegetable/Fruit,2022,48,137,0,118.65,142.38,33,26,28,0.29,34
Cabbage,Vegetable/Fruit,2022,49,130,0,121.34,145.61,34,23,30,0.29,34
Cabbage,Vegetable/Fruit,2022,50,123,0,122.26,146.71,34,30,32.8,0.29,50
Cabbage,Vegetable/Fruit,2022,51,116,0,124.52,149.42,50,33,37.8,0.29,33
Cabbage,Vegetable/Fruit,2022,52,109,0,126.29,151.55,33,34,37.8,0.29,28
Cabbage,Vegetable/Fruit,2023,1,102,0,125.81,150.97,28,34,36.2,0.29,25
Cabbage,Vegetable/Fruit,2023,2,95,0,128.31,153.97,25,50,34,0.29,38
Cabbage,Vegetable/Fruit,2023,3,88,0,129.53,155.44,38,33,31,0.29,40
Cabbage,Vegetable/Fruit,2023,4,81,0,132.28,158.74,40,28,32.8,0.29,38
Cabbage,Vegetable/Fruit,2023,5,74,0,134.46,161.35,38,25,35.2,0.29,40
Cabbage,Vegetable/Fruit,2023,6,67,0,134.26,161.11,40,38,39,0.29,37
Cabbage,Vegetable/Fruit,2023,7,60,0,135.18,162.22,37,40,38.8,0.29,40
Cabbage,Vegetable/Fruit,2023,8,53,0,138.37,166.04,40,38,38.8,0.29,28
Cabbage,Vegetable/Fruit,2023,9,46,0,138.81,166.57,28,40,36.2,0.29,32
Cabbage,Vegetable/Fruit,2023,10,39,0,139.35,167.22,32,37,34.2,0.29,41
Cabbage,Vegetable/Fruit,2023,11,32,0,138.44,166.13,41,40,35.2,0.29,47
Cabbage,Vegetable/Fruit,2023,12,25,0,138.18,165.82,47,28,37,0.29,25
Cabbage,Vegetable/Fruit,2023,13,18,1,136.89,164.27,25,32,36.2,0.29,15
Cabbage,Vegetable/Fruit,2023,14,11,1,138.04,165.65,15,41,32,0.29,40
Cabbage,Vegetable/Fruit,2023,15,4,1,139.33,167.2,40,47,31.8,0.29,74
Cabbage,Vegetable/Fruit,2023,16,363,0,137.39,164.87,74,25,38.5,0.29,34
Cabbage,Vegetable/Fruit,2023,17,356,0,135.41,162.49,34,15,40.8,0.29,35
Cabbage,Vegetable/Fruit,2023,18,349,0,134.86,161.83,35,40,45.8,0.29,40
Cabbage,Vegetable/Fruit,2023,19,342,0,136.2,163.44,40,74,45.8,0.29,40
Cabbage,Vegetable/Fruit,2023,20,335,0,135.12,162.14,40,34,37.2,0.29,36
Cabbage,Vegetable/Fruit,2023,21,328,0,134.29,161.15,36,35,37.8,0.29,33
Cabbage,Vegetable/Fruit,2023,22,321,0,134.46,161.35,33,40,37.2,0.29,47
Cabbage,Vegetable/Fruit,2023,23,314,0,133.64,160.37,47,40,39,0.29,40
Cabbage,Vegetable/Fruit,2023,24,307,0,134.92,161.9,40,36,39,0.29,36
Cabbage,Vegetable/Fruit,2023,25,300,0,132.79,159.35,36,33,39,0.29,35
Cabbage,Vegetable/Fruit,2023,26,293,0,132.05,158.46,35,47,39.5,0.29,40
Cabbage,Vegetable/Fruit,2023,27,286,0,134.01,160.81,40,40,37.8,0.29,27
Cabbage,Vegetable/Fruit,2023,28,279,0,134.0,160.8,27,36,34.5,0.29,32
Cabbage,Vegetable/Fruit,2023,29,272,0,131.61,157.93,32,35,33.5,0.29,21
Cabbage,Vegetable/Fruit,2023,30,265,0,130.53,156.64,21,40,30,0.29,40
Cabbage,Vegetable/Fruit,2023,31,258,0,130.94,157.13,40,27,30,0.29,40
Cabbage,Vegetable/Fruit,2023,32,251,0,130.3,156.36,40,32,33.2,0.29,27
Cabbage,Vegetable/Fruit,2023,33,244,0,129.6,155.52,27,21,32,0.29,33
Cabbage,Vegetable/Fruit,2023,34,237,0,129.93,155.92,33,40,35,0.29,20
Cabbage,Vegetable/Fruit,2023,35,230,0,127.96,153.55,20,40,30,0.29,40
Cabbage,Vegetable/Fruit,2023,36,223,0,130.12,156.14,40,27,30,0.29,40
Cabbage,Vegetable/Fruit,2023,37,216,0,128.6,154.32,40,33,33.2,0.29,56
Cabbage,Vegetable/Fruit,2023,38,209,0,129.43,155.32,56,20,39,0.29,37
Cabbage,Vegetable/Fruit,2023,39,202,0,127.93,153.52,37,40,43.2,0.29,55
Cabbage,Vegetable/Fruit,2023,40,195,0,127.85,153.42,55,40,47,0.29,18
Cabbage,Vegetable/Fruit,2023,41,188,0,125.02,150.02,18,56,41.5,0.29,22
Cabbage,Vegetable/Fruit,2023,42,181,0,127.23,152.68,22,37,33,0.29,39
Cabbage,Vegetable/Fruit,2023,43,174,0,125.45,150.54,39,55,33.5,0.29,26
Cabbage,Vegetable/Fruit,2023,44,167,0,125.35,150.42,26,18,26.2,0.29,49
Cabbage,Vegetable/Fruit,2023,45,160,0,125.76,150.91,49,22,34,0.29,40
Cabbage,Vegetable/Fruit,2023,46,153,0,124.14,148.97,40,39,38.5,0.29,32
Cabbage,Vegetable/Fruit,2023,47,146,0,123.38,148.06,32,26,36.8,0.29,36
Cabbage,Vegetable/Fruit,2023,48,139,0,122.57,147.08,36,49,39.2,0.29,22
Cabbage,Vegetable/Fruit,2023,49,132,0,123.01,147.61,22,40,32.5,0.29,30
Cabbage,Vegetable/Fruit,2023,50,125,0,122.0,146.4,30,32,30,0.29,40
Cabbage,Vegetable/Fruit,2023,51,118,0,123.22,147.86,40,36,32,0.29,36
Cabbage,Vegetable/Fruit,2023,52,111,0,121.9,146.28,36,22,32,0.29,30
Cabbage,Vegetable/Fruit,2024,1,104,0,121.81,146.17,30,30,34,0.29,31
Cabbage,Vegetable/Fruit,2024,2,97,0,120.57,144.68,31,40,34.2,0.29,46
Cabbage,Vegetable/Fruit,2024,3,90,0,122.33,146.8,46,36,35.8,0.29,38
Cabbage,Vegetable/Fruit,2024,4,83,0,121.66,145.99,38,30,36.2,0.29,40
Cabbage,Vegetable/Fruit,2024,5,76,0,120.46,144.55,40,31,38.8,0.29,37
Cabbage,Vegetable/Fruit,2024,6,69,0,120.46,144.55,37,46,40.2,0.29,33
Cabbage,Vegetable/Fruit,2024,7,62,0,121.01,145.21,33,38,37,0.29,20
Cabbage,Vegetable/Fruit,2024,8,55,0,121.35,145.62,20,40,32.5,0.29,40
Cabbage,Vegetable/Fruit,2024,9,48,0,121.34,145.61,40,37,32.5,0.29,40
Cabbage,Vegetable/Fruit,2024,10,41,0,120.34,144.41,40,33,33.2,0.29,38
Cabbage,Vegetable/Fruit,2024,11,34,0,121.18,145.42,38,20,34.5,0.29,32
Cabbage,Vegetable/Fruit,2024,12,27,0,120.16,144.19,32,40,37.5,0.29,33
Cabbage,Vegetable/Fruit,2024,13,20,1,122.66,147.19,33,40,35.8,0.29,40
Cabbage,Vegetable/Fruit,2024,14,13,1,122.74,147.29,40,38,35.8,0.29,51
Cabbage,Vegetable/Fruit,2024,15,6,1,125.65,150.78,51,32,39,0.29,80
Cabbage,Vegetable/Fruit,2024,16,364,0,121.7,146.04,80,33,51,0.29,27
Cabbage,Vegetable/Fruit,2024,17,357,0,120.02,144.02,27,40,49.5,0.29,32
Cabbage,Vegetable/Fruit,2024,18,350,0,121.0,145.2,32,51,47.5,0.29,41
Cabbage,Vegetable/Fruit,2024,19,343,0,120.38,144.46,41,80,45,0.29,16
Cabbage,Vegetable/Fruit,2024,20,336,0,120.96,145.15,16,27,29,0.29,28
Cabbage,Vegetable/Fruit,2024,21,329,0,121.52,145.82,28,32,29.2,0.29,47
Cabbage,Vegetable/Fruit,2024,22,322,0,120.42,144.5,47,41,33,0.29,40
Cabbage,Vegetable/Fruit,2024,23,315,0,119.59,143.51,40,16,32.8,0.29,30
Cabbage,Vegetable/Fruit,2024,24,308,0,121.7,146.04,30,28,36.2,0.29,31
Cabbage,Vegetable/Fruit,2024,25,301,0,120.29,144.35,31,47,37,0.29,18
Cabbage,Vegetable/Fruit,2024,26,294,0,121.07,145.28,18,40,29.8,0.29,40
Cabbage,Vegetable/Fruit,2024,27,287,0,120.68,144.82,40,30,29.8,0.29,40
Cabbage,Vegetable/Fruit,2024,28,280,0,120.8,144.96,40,31,32.2,0.29,40
Cabbage,Vegetable/Fruit,2024,29,273,0,120.18,144.22,40,18,34.5,0.29,30
Cabbage,Vegetable/Fruit,2024,30,266,0,119.97,143.96,30,40,37.5,0.29,38
Cabbage,Vegetable/Fruit,2024,31,259,0,121.29,145.55,38,40,37,0.29,32
Cabbage,Vegetable/Fruit,2024,32,252,0,120.87,145.04,32,40,35,0.29,39
Cabbage,Vegetable/Fruit,2024,33,245,0,122.35,146.82,39,30,34.8,0.29,35
Cabbage,Vegetable/Fruit,2024,34,238,0,123.78,148.54,35,38,36,0.29,46
Cabbage,Vegetable/Fruit,2024,35,231,0,120.59,144.71,46,32,38,0.29,34
Cabbage,Vegetable/Fruit,2024,36,224,0,124.11,148.93,34,39,38.5,0.29,37
Cabbage,Vegetable/Fruit,2024,37,217,0,121.38,145.66,37,35,38,0.29,47
Cabbage,Vegetable/Fruit,2024,38,210,0,121.46,145.75,47,46,41,0.29,39
Cabbage,Vegetable/Fruit,2024,39,203,0,121.71,146.05,39,34,39.2,0.29,29
Cabbage,Vegetable/Fruit,2024,40,196,0,121.64,145.97,29,37,38,0.29,39
Cabbage,Vegetable/Fruit,2024,41,189,0,122.83,147.4,39,47,38.5,0.29,31
Cabbage,Vegetable/Fruit,2024,42,182,0,121.89,146.27,31,39,34.5,0.29,23
Cabbage,Vegetable/Fruit,2024,43,175,0,122.36,146.83,23,29,30.5,0.29,37
Cabbage,Vegetable/Fruit,2024,44,168,0,120.6,144.72,37,39,32.5,0.29,35
Cabbage,Vegetable/Fruit,2024,45,161,0,123.11,147.73,35,31,31.5,0.29,33
Cabbage,Vegetable/Fruit,2024,46,154,0,121.49,145.79,33,23,32,0.29,26
Cabbage,Vegetable/Fruit,2024,47,147,0,121.69,146.03,26,37,32.8,0.29,43
Cabbage,Vegetable/Fruit,2024,48,140,0,122.19,146.63,43,35,34.2,0.29,41
Cabbage,Vegetable/Fruit,2024,49,133,0,122.83,147.4,41,33,35.8,0.29,37
Cabbage,Vegetable/Fruit,2024,50,126,0,122.0,146.4,37,26,36.8,0.29,51
Cabbage,Vegetable/Fruit,2024,51,119,0,123.65,148.38,51,43,43,0.29,40
Cabbage,Vegetable/Fruit,2024,52,112,0,122.54,147.05,40,41,42.2,0.29,34
Cabbage,Vegetable/Fruit,2025,1,105,0,123.51,148.21,34,37,40.5,0.29,26
Cabbage,Vegetable/Fruit,2025,2,98,0,122.53,147.04,26,51,37.8,0.29,36
Cabbage,Vegetable/Fruit,2025,3,91,0,122.72,147.26,36,40,34,0.29,28
Cabbage,Vegetable/Fruit,2025,4,84,0,122.82,147.38,28,34,31,0.29,27
Cabbage,Vegetable/Fruit,2025,5,77,0,122.39,146.87,27,26,29.2,0.29,40
Cabbage,Vegetable/Fruit,2025,6,70,0,122.85,147.42,40,36,32.8,0.29,16
Cabbage,Vegetable/Fruit,2025,7,63,0,122.92,147.5,16,28,27.8,0.29,24
Cabbage,Vegetable/Fruit,2025,8,56,0,123.2,147.84,24,27,26.8,0.29,40
Cabbage,Vegetable/Fruit,2025,9,49,0,122.75,147.3,40,40,30,0.29,40
Cabbage,Vegetable/Fruit,2025,10,42,0,123.37,148.04,40,16,30,0.29,40
Cabbage,Vegetable/Fruit,2025,11,35,0,123.91,148.69,40,24,36,0.29,33
Cabbage,Vegetable/Fruit,2025,12,28,0,123.47,148.16,33,40,38.2,0.29,37
Cabbage,Vegetable/Fruit,2025,13,21,1,124.3,149.16,37,40,37.5,0.29,30
Cabbage,Vegetable/Fruit,2025,14,14,1,123.92,148.7,30,40,35,0.29,59
Cabbage,Vegetable/Fruit,2025,15,7,1,126.19,151.43,59,33,39.8,0.29,80
Cabbage,Vegetable/Fruit,2025,16,0,1,124.73,149.68,80,37,51.5,0.29,66
Cabbage,Vegetable/Fruit,2025,17,358,0,123.84,148.61,66,30,58.8,0.29,28
Cabbage,Vegetable/Fruit,2025,18,351,0,122.61,147.13,28,59,58.2,0.29,26
Cabbage,Vegetable/Fruit,2025,19,344,0,124.0,148.8,26,80,50,0.29,40
Cabbage,Vegetable/Fruit,2025,20,337,0,123.49,148.19,40,66,40,0.29,40
Cabbage,Vegetable/Fruit,2025,21,330,0,122.97,147.56,40,28,33.5,0.29,40
Cabbage,Vegetable/Fruit,2025,22,323,0,122.57,147.08,40,26,36.5,0.29,32
Cabbage,Vegetable/Fruit,2025,23,316,0,122.48,146.98,32,40,38,0.29,33
Cabbage,Vegetable/Fruit,2025,24,309,0,123.97,148.76,33,40,36.2,0.29,43
Cabbage,Vegetable/Fruit,2025,25,302,0,121.56,145.87,43,40,37,0.29,35
Cabbage,Vegetable/Fruit,2025,26,295,0,123.08,147.7,35,32,35.8,0.29,30
Cabbage,Vegetable/Fruit,2025,27,288,0,122.45,146.94,30,33,35.2,0.29,27
Cabbage,Vegetable/Fruit,2025,28,281,0,123.74,148.49,27,43,33.8,0.29,36
Cabbage,Vegetable/Fruit,2025,29,274,0,124.47,149.36,36,35,32,0.29,37
Cabbage,Vegetable/Fruit,2025,30,267,0,123.61,148.33,37,30,32.5,0.29,40
Cabbage,Vegetable/Fruit,2025,31,260,0,124.86,149.83,40,27,35,0.29,40
Cabbage,Vegetable/Fruit,2025,32,253,0,123.65,148.38,40,36,38.2,0.29,40
Cabbage,Vegetable/Fruit,2025,33,246,0,122.79,147.35,40,37,39.2,0.29,40
Cabbage,Vegetable/Fruit,2025,34,239,0,124.03,148.84,40,40,40,0.29,40
Cabbage,Vegetable/Fruit,2025,35,232,0,123.68,148.42,40,40,40,0.29,34
Cabbage,Vegetable/Fruit,2025,36,225,0,122.91,147.49,34,40,38.5,0.29,40
Cabbage,Vegetable/Fruit,2025,37,218,0,123.51,148.21,40,40,38.5,0.29,40
Cabbage,Vegetable/Fruit,2025,38,211,0,125.25,150.3,40,40,38.5,0.29,38
Cabbage,Vegetable/Fruit,2025,39,204,0,122.7,147.24,38,34,38,0.29,40
Cabbage,Vegetable/Fruit,2025,40,197,0,123.41,148.09,40,40,39.5,0.29,30
Cabbage,Vegetable/Fruit,2025,41,190,0,123.18,147.82,30,40,37,0.29,31
Cabbage,Vegetable/Fruit,2025,42,183,0,124.6,149.52,31,38,34.8,0.29,19
Cabbage,Vegetable/Fruit,2025,43,176,0,123.61,148.33,19,40,30,0.29,39
Cabbage,Vegetable/Fruit,2025,44,169,0,122.31,146.77,39,30,29.8,0.29,32
Cabbage,Vegetable/Fruit,2025,45,162,0,123.88,148.66,32,31,30.2,0.29,29
Cabbage,Vegetable/Fruit,2025,46,155,0,124.06,148.87,29,19,29.8,0.29,35
Cabbage,Vegetable/Fruit,2025,47,148,0,123.91,148.69,35,39,33.8,0.29,24
Cabbage,Vegetable/Fruit,2025,48,141,0,123.3,147.96,24,32,30,0.29,38
Cabbage,Vegetable/Fruit,2025,49,134,0,122.63,147.16,38,29,31.5,0.29,40
Cabbage,Vegetable/Fruit,2025,50,127,0,123.41,148.09,40,35,34.2,0.29,34
Cabbage,Vegetable/Fruit,2025,51,120,0,123.02,147.62,34,24,34,0.29,40
Cabbage,Vegetable/Fruit,2025,52,113,0,124.75,149.7,40,38,38,0.29,39
Cabbage,Vegetable/Fruit,2026,1,106,0,122.43,146.92,39,40,38.2,0.29,40
Cabbage,Vegetable/Fruit,2026,2,99,0,122.78,147.34,40,34,38.2,0.29,33
Cabbage,Vegetable/Fruit,2026,3,92,0,122.78,147.34,33,40,38,0.29,26
Cabbage,Vegetable/Fruit,2026,4,85,0,122.08,146.5,26,39,34.5,0.29,53
Cabbage,Vegetable/Fruit,2026,5,78,0,124.02,148.82,53,40,38,0.29,24
Cabbage,Vegetable/Fruit,2026,6,71,0,124.6,149.52,24,33,34,0.29,24
Cabbage,Vegetable/Fruit,2026,7,64,0,124.21,149.05,24,26,31.8,0.29,38
Cabbage,Vegetable/Fruit,2026,8,57,0,124.48,149.38,38,53,34.8,0.29,38
Cabbage,Vegetable/Fruit,2026,9,50,0,124.35,149.22,38,24,31,0.29,29
Cabbage,Vegetable/Fruit,2026,10,43,0,123.06,147.67,29,24,32.2,0.29,25
Cabbage,Vegetable/Fruit,2026,11,36,0,122.97,147.56,25,38,32.5,0.29,45
Cabbage,Vegetable/Fruit,2026,12,29,0,124.24,149.09,45,38,34.2,0.29,38
Cabbage,Vegetable/Fruit,2026,13,22,0,122.51,147.01,38,29,34.2,0.29,23
Cabbage,Vegetable/Fruit,2026,14,15,1,124.93,149.92,23,25,32.8,0.29,40
Cabbage,Vegetable/Fruit,2026,15,8,1,127.13,152.56,40,45,36.5,0.29,76
Cabbage,Vegetable/Fruit,2026,16,1,1,124.03,148.84,76,38,44.2,0.29,60
Cabbage,Vegetable/Fruit,2026,17,359,0,123.2,147.84,60,23,49.8,0.29,20
Cabbage,Vegetable/Fruit,2026,18,352,0,124.56,149.47,20,40,49,0.29,35
Cabbage,Vegetable/Fruit,2026,19,345,0,123.88,148.66,35,76,47.8,0.29,34
Cabbage,Vegetable/Fruit,2026,20,338,0,124.52,149.42,34,60,37.2,0.29,36
Cabbage,Vegetable/Fruit,2026,21,331,0,124.08,148.9,36,20,31.2,0.29,39
Cabbage,Vegetable/Fruit,2026,22,324,0,125.53,150.64,39,35,36,0.29,40
Cabbage,Vegetable/Fruit,2026,23,317,0,125.36,150.43,40,34,37.2,0.29,23
Cabbage,Vegetable/Fruit,2026,24,310,0,122.3,146.76,23,36,34.5,0.0,17
Bitter Gourd,Vegetable/Fruit,2022,24,305,0,230.03,276.04,20,20,20,0.29,20
Bitter Gourd,Vegetable/Fruit,2022,25,298,0,236.33,283.6,20,18,20,0.29,18
Bitter Gourd,Vegetable/Fruit,2022,26,291,0,242.02,290.42,18,10,19,0.29,10
Bitter Gourd,Vegetable/Fruit,2022,27,284,0,249.91,299.89,10,27,16,0.29,27
Bitter Gourd,Vegetable/Fruit,2022,28,277,0,255.94,307.13,27,20,18.8,0.29,28
Bitter Gourd,Vegetable/Fruit,2022,29,270,0,262.13,314.56,28,18,20.8,0.29,28
Bitter Gourd,Vegetable/Fruit,2022,30,263,0,266.88,320.26,28,10,23.2,0.29,28
Bitter Gourd,Vegetable/Fruit,2022,31,256,0,271.62,325.94,28,27,27.8,0.29,23
Bitter Gourd,Vegetable/Fruit,2022,32,249,0,275.21,330.25,23,28,26.8,0.29,19
Bitter Gourd,Vegetable/Fruit,2022,33,242,0,282.0,338.4,19,28,24.5,0.29,23
Bitter Gourd,Vegetable/Fruit,2022,34,235,0,290.74,348.89,23,28,23.2,0.29,19
Bitter Gourd,Vegetable/Fruit,2022,35,228,0,297.51,357.01,19,23,21,0.29,20
Bitter Gourd,Vegetable/Fruit,2022,36,221,0,301.43,361.72,20,19,20.2,0.29,17
Bitter Gourd,Vegetable/Fruit,2022,37,214,0,305.86,367.03,17,23,19.8,0.29,15
Bitter Gourd,Vegetable/Fruit,2022,38,207,0,311.99,374.39,15,19,17.8,0.29,21
Bitter Gourd,Vegetable/Fruit,2022,39,200,0,317.61,381.13,21,20,18.2,0.29,30
Bitter Gourd,Vegetable/Fruit,2022,40,193,0,322.64,387.17,30,17,20.8,0.29,28
Bitter Gourd,Vegetable/Fruit,2022,41,186,0,326.07,391.28,28,15,23.5,0.29,28
Bitter Gourd,Vegetable/Fruit,2022,42,179,0,335.1,402.12,28,21,26.8,0.29,25
Bitter Gourd,Vegetable/Fruit,2022,43,172,0,331.33,397.6,25,30,27.8,0.29,28
Bitter Gourd,Vegetable/Fruit,2022,44,165,0,343.9,412.68,28,28,27.2,0.29,17
Bitter Gourd,Vegetable/Fruit,2022,45,158,0,350.06,420.07,17,28,24.5,0.29,26
Bitter Gourd,Vegetable/Fruit,2022,46,151,0,355.22,426.26,26,25,24,0.29,13
Bitter Gourd,Vegetable/Fruit,2022,47,144,0,357.63,429.16,13,28,21,0.29,12
Bitter Gourd,Vegetable/Fruit,2022,48,137,0,361.06,433.27,12,17,17,0.29,16
Bitter Gourd,Vegetable/Fruit,2022,49,130,0,368.05,441.66,16,26,16.8,0.29,18
Bitter Gourd,Vegetable/Fruit,2022,50,123,0,373.28,447.94,18,13,14.8,0.29,22
Bitter Gourd,Vegetable/Fruit,2022,51,116,0,375.48,450.58,22,12,17,0.29,23
Bitter Gourd,Vegetable/Fruit,2022,52,109,0,383.03,459.64,23,16,19.8,0.29,21
Bitter Gourd,Vegetable/Fruit,2023,1,102,0,390.78,468.94,21,18,21,0.29,21
Bitter Gourd,Vegetable/Fruit,2023,2,95,0,389.22,467.06,21,22,21.8,0.29,22
Bitter Gourd,Vegetable/Fruit,2023,3,88,0,397.86,477.43,22,23,21.8,0.29,21
Bitter Gourd,Vegetable/Fruit,2023,4,81,0,404.99,485.99,21,21,21.2,0.29,28
Bitter Gourd,Vegetable/Fruit,2023,5,74,0,406.19,487.43,28,21,23,0.29,13
Bitter Gourd,Vegetable/Fruit,2023,6,67,0,412.45,494.94,13,22,21,0.29,21
Bitter Gourd,Vegetable/Fruit,2023,7,60,0,416.22,499.46,21,21,20.8,0.29,16
Bitter Gourd,Vegetable/Fruit,2023,8,53,0,421.2,505.44,16,28,19.5,0.29,19
Bitter Gourd,Vegetable/Fruit,2023,9,46,0,420.4,504.48,19,13,17.2,0.29,16
Bitter Gourd,Vegetable/Fruit,2023,10,39,0,425.99,511.19,16,21,18,0.29,25
Bitter Gourd,Vegetable/Fruit,2023,11,32,0,422.36,506.83,25,16,19,0.29,30
Bitter Gourd,Vegetable/Fruit,2023,12,25,0,415.57,498.68,30,19,22.5,0.29,24
Bitter Gourd,Vegetable/Fruit,2023,13,18,1,417.85,501.42,24,16,23.8,0.29,28
Bitter Gourd,Vegetable/Fruit,2023,14,11,1,420.49,504.59,28,25,26.8,0.29,13
Bitter Gourd,Vegetable/Fruit,2023,15,4,1,420.45,504.54,13,30,23.8,0.29,43
Bitter Gourd,Vegetable/Fruit,2023,16,363,0,413.81,496.57,43,24,27,0.29,30
Bitter Gourd,Vegetable/Fruit,2023,17,356,0,422.18,506.62,30,28,28.5,0.29,11
Bitter Gourd,Vegetable/Fruit,2023,18,349,0,410.58,492.7,11,13,24.2,0.29,22
Bitter Gourd,Vegetable/Fruit,2023,19,342,0,412.44,494.93,22,43,26.5,0.29,22
Bitter Gourd,Vegetable/Fruit,2023,20,335,0,413.24,495.89,22,30,21.2,0.29,27
Bitter Gourd,Vegetable/Fruit,2023,21,328,0,414.65,497.58,27,11,20.5,0.29,11
Bitter Gourd,Vegetable/Fruit,2023,22,321,0,408.19,489.83,11,22,20.5,0.29,21
Bitter Gourd,Vegetable/Fruit,2023,23,314,0,404.03,484.84,21,22,20.2,0.29,21
Bitter Gourd,Vegetable/Fruit,2023,24,307,0,407.0,488.4,21,27,20,0.29,32
Bitter Gourd,Vegetable/Fruit,2023,25,300,0,407.51,489.01,32,11,21.2,0.29,17
Bitter Gourd,Vegetable/Fruit,2023,26,293,0,401.95,482.34,17,21,22.8,0.29,17
Bitter Gourd,Vegetable/Fruit,2023,27,286,0,406.54,487.85,17,21,21.8,0.29,18
Bitter Gourd,Vegetable/Fruit,2023,28,279,0,400.05,480.06,18,32,21,0.29,29
Bitter Gourd,Vegetable/Fruit,2023,29,272,0,398.57,478.28,29,17,20.2,0.29,8
Bitter Gourd,Vegetable/Fruit,2023,30,265,0,397.45,476.94,8,17,18,0.29,21
Bitter Gourd,Vegetable/Fruit,2023,31,258,0,399.53,479.44,21,18,19,0.29,12
Bitter Gourd,Vegetable/Fruit,2023,32,251,0,399.62,479.54,12,29,17.5,0.29,23
Bitter Gourd,Vegetable/Fruit,2023,33,244,0,393.14,471.77,23,8,16,0.29,14
Bitter Gourd,Vegetable/Fruit,2023,34,237,0,393.6,472.32,14,21,17.5,0.29,14
Bitter Gourd,Vegetable/Fruit,2023,35,230,0,395.99,475.19,14,12,15.8,0.29,22
Bitter Gourd,Vegetable/Fruit,2023,36,223,0,392.43,470.92,22,23,18.2,0.29,18
Bitter Gourd,Vegetable/Fruit,2023,37,216,0,390.37,468.44,18,14,17,0.29,16
Bitter Gourd,Vegetable/Fruit,2023,38,209,0,391.27,469.52,16,14,17.5,0.29,28
Bitter Gourd,Vegetable/Fruit,2023,39,202,0,387.93,465.52,28,22,21,0.29,22
Bitter Gourd,Vegetable/Fruit,2023,40,195,0,385.94,463.13,22,18,21,0.29,11
Bitter Gourd,Vegetable/Fruit,2023,41,188,0,390.77,468.92,11,16,19.2,0.29,16
Bitter Gourd,Vegetable/Fruit,2023,42,181,0,383.43,460.12,16,28,19.2,0.29,15
Bitter Gourd,Vegetable/Fruit,2023,43,174,0,383.21,459.85,15,22,16,0.29,20
Bitter Gourd,Vegetable/Fruit,2023,44,167,0,383.56,460.27,20,11,15.5,0.29,27
Bitter Gourd,Vegetable/Fruit,2023,45,160,0,379.67,455.6,27,16,19.5,0.29,28
Bitter Gourd,Vegetable/Fruit,2023,46,153,0,379.46,455.35,28,15,22.5,0.29,28
Bitter Gourd,Vegetable/Fruit,2023,47,146,0,378.73,454.48,28,20,25.8,0.29,28
Bitter Gourd,Vegetable/Fruit,2023,48,139,0,373.39,448.07,28,27,27.8,0.29,24
Bitter Gourd,Vegetable/Fruit,2023,49,132,0,377.32,452.78,24,28,27,0.29,28
Bitter Gourd,Vegetable/Fruit,2023,50,125,0,374.39,449.27,28,28,27,0.29,20
Bitter Gourd,Vegetable/Fruit,2023,51,118,0,373.59,448.31,20,28,25,0.29,25
Bitter Gourd,Vegetable/Fruit,2023,52,111,0,370.35,444.42,25,24,24.2,0.29,33
Bitter Gourd,Vegetable/Fruit,2024,1,104,0,368.98,442.78,33,28,26.5,0.29,25
Bitter Gourd,Vegetable/Fruit,2024,2,97,0,370.31,444.37,25,20,25.8,0.29,7
Bitter Gourd,Vegetable/Fruit,2024,3,90,0,371.01,445.21,7,25,22.5,0.29,28
Bitter Gourd,Vegetable/Fruit,2024,4,83,0,368.94,442.73,28,33,23.2,0.29,23
Bitter Gourd,Vegetable/Fruit,2024,5,76,0,370.57,444.68,23,25,20.8,0.29,23
Bitter Gourd,Vegetable/Fruit,2024,6,69,0,367.67,441.2,23,7,20.2,0.29,18
Bitter Gourd,Vegetable/Fruit,2024,7,62,0,372.94,447.53,18,28,23,0.29,19
Bitter Gourd,Vegetable/Fruit,2024,8,55,0,367.46,440.95,19,23,20.8,0.29,21
Bitter Gourd,Vegetable/Fruit,2024,9,48,0,369.26,443.11,21,23,20.2,0.29,22
Bitter Gourd,Vegetable/Fruit,2024,10,41,0,365.84,439.01,22,18,20,0.29,27
Bitter Gourd,Vegetable/Fruit,2024,11,34,0,365.51,438.61,27,19,22.2,0.29,21
Bitter Gourd,Vegetable/Fruit,2024,12,27,0,366.29,439.55,21,21,22.8,0.29,36
Bitter Gourd,Vegetable/Fruit,2024,13,20,1,369.3,443.16,36,22,26.5,0.29,26
Bitter Gourd,Vegetable/Fruit,2024,14,13,1,369.31,443.17,26,27,27.5,0.29,23
Bitter Gourd,Vegetable/Fruit,2024,15,6,1,380.22,456.26,23,21,26.5,0.29,42
Bitter Gourd,Vegetable/Fruit,2024,16,364,0,367.23,440.68,42,36,31.8,0.29,28
Bitter Gourd,Vegetable/Fruit,2024,17,357,0,372.88,447.46,28,26,29.8,0.29,25
Bitter Gourd,Vegetable/Fruit,2024,18,350,0,369.43,443.32,25,23,29.5,0.29,28
Bitter Gourd,Vegetable/Fruit,2024,19,343,0,368.18,441.82,28,42,30.8,0.29,23
Bitter Gourd,Vegetable/Fruit,2024,20,336,0,367.73,441.28,23,28,26,0.29,13
Bitter Gourd,Vegetable/Fruit,2024,21,329,0,367.56,441.07,13,25,22.2,0.29,20
Bitter Gourd,Vegetable/Fruit,2024,22,322,0,365.49,438.59,20,28,21,0.29,28
Bitter Gourd,Vegetable/Fruit,2024,23,315,0,370.64,444.77,28,23,21,0.29,22
Bitter Gourd,Vegetable/Fruit,2024,24,308,0,370.45,444.54,22,13,20.8,0.29,30
Bitter Gourd,Vegetable/Fruit,2024,25,301,0,370.66,444.79,30,20,25,0.29,12
Bitter Gourd,Vegetable/Fruit,2024,26,294,0,364.79,437.75,12,28,23,0.29,16
Bitter Gourd,Vegetable/Fruit,2024,27,287,0,368.66,442.39,16,22,20,0.29,21
Bitter Gourd,Vegetable/Fruit,2024,28,280,0,373.37,448.04,21,30,19.8,0.29,32
Bitter Gourd,Vegetable/Fruit,2024,29,273,0,365.02,438.02,32,12,20.2,0.29,23
Bitter Gourd,Vegetable/Fruit,2024,30,266,0,370.37,444.44,23,16,23,0.29,28
Bitter Gourd,Vegetable/Fruit,2024,31,259,0,371.6,445.92,28,21,26,0.29,13
Bitter Gourd,Vegetable/Fruit,2024,32,252,0,368.04,441.65,13,32,24,0.29,19
Bitter Gourd,Vegetable/Fruit,2024,33,245,0,367.39,440.87,19,23,20.8,0.29,28
Bitter Gourd,Vegetable/Fruit,2024,34,238,0,374.7,449.64,28,28,22,0.29,17
Bitter Gourd,Vegetable/Fruit,2024,35,231,0,373.47,448.16,17,13,19.2,0.29,22
Bitter Gourd,Vegetable/Fruit,2024,36,224,0,369.8,443.76,22,19,21.5,0.29,17
Bitter Gourd,Vegetable/Fruit,2024,37,217,0,373.52,448.22,17,28,21,0.29,28
Bitter Gourd,Vegetable/Fruit,2024,38,210,0,370.46,444.55,28,17,21,0.29,26
Bitter Gourd,Vegetable/Fruit,2024,39,203,0,370.55,444.66,26,22,23.2,0.29,23
Bitter Gourd,Vegetable/Fruit,2024,40,196,0,372.85,447.42,23,17,23.5,0.29,29
Bitter Gourd,Vegetable/Fruit,2024,41,189,0,372.36,446.83,29,28,26.5,0.29,28
Bitter Gourd,Vegetable/Fruit,2024,42,182,0,374.61,449.53,28,26,26.5,0.29,25
Bitter Gourd,Vegetable/Fruit,2024,43,175,0,373.41,448.09,25,23,26.2,0.29,19
Bitter Gourd,Vegetable/Fruit,2024,44,168,0,374.34,449.21,19,29,25.2,0.29,24
Bitter Gourd,Vegetable/Fruit,2024,45,161,0,372.88,447.46,24,28,24,0.29,13
Bitter Gourd,Vegetable/Fruit,2024,46,154,0,372.52,447.02,13,25,20.2,0.29,15
Bitter Gourd,Vegetable/Fruit,2024,47,147,0,371.98,446.38,15,19,17.8,0.29,21
Bitter Gourd,Vegetable/Fruit,2024,48,140,0,370.42,444.5,21,24,18.2,0.29,18
Bitter Gourd,Vegetable/Fruit,2024,49,133,0,371.95,446.34,18,13,16.8,0.29,24
Bitter Gourd,Vegetable/Fruit,2024,50,126,0,376.98,452.38,24,15,19.5,0.29,28
Bitter Gourd,Vegetable/Fruit,2024,51,119,0,372.3,446.76,28,21,22.8,0.29,28
Bitter Gourd,Vegetable/Fruit,2024,52,112,0,378.88,454.66,28,18,24.5,0.29,24
Bitter Gourd,Vegetable/Fruit,2025,1,105,0,376.1,451.32,24,24,26,0.29,24
Bitter Gourd,Vegetable/Fruit,2025,2,98,0,374.95,449.94,24,28,26,0.29,28
Bitter Gourd,Vegetable/Fruit,2025,3,91,0,372.36,446.83,28,28,26,0.29,28
Bitter Gourd,Vegetable/Fruit,2025,4,84,0,374.5,449.4,28,24,26,0.29,28
Bitter Gourd,Vegetable/Fruit,2025,5,77,0,378.46,454.15,28,24,27,0.29,22
Bitter Gourd,Vegetable/Fruit,2025,6,70,0,376.47,451.76,22,28,26.5,0.29,21
Bitter Gourd,Vegetable/Fruit,2025,7,63,0,371.44,445.73,21,28,24.8,0.29,29
Bitter Gourd,Vegetable/Fruit,2025,8,56,0,378.36,454.03,29,28,25,0.29,12
Bitter Gourd,Vegetable/Fruit,2025,9,49,0,375.5,450.6,12,22,21,0.29,27
Bitter Gourd,Vegetable/Fruit,2025,10,42,0,377.59,453.11,27,21,22.2,0.29,23
Bitter Gourd,Vegetable/Fruit,2025,11,35,0,377.73,453.28,23,29,22.8,0.29,13
Bitter Gourd,Vegetable/Fruit,2025,12,28,0,372.33,446.8,13,12,18.8,0.29,20
Bitter Gourd,Vegetable/Fruit,2025,13,21,1,374.45,449.34,20,27,20.8,0.29,21
Bitter Gourd,Vegetable/Fruit,2025,14,14,1,377.61,453.13,21,23,19.2,0.29,35
Bitter Gourd,Vegetable/Fruit,2025,15,7,1,386.14,463.37,35,13,22.2,0.29,28
Bitter Gourd,Vegetable/Fruit,2025,16,0,1,375.88,451.06,28,20,26,0.29,28
Bitter Gourd,Vegetable/Fruit,2025,17,358,0,376.82,452.18,28,21,28,0.29,28
Bitter Gourd,Vegetable/Fruit,2025,18,351,0,371.06,445.27,28,35,29.8,0.29,24
Bitter Gourd,Vegetable/Fruit,2025,19,344,0,373.85,448.62,24,28,27,0.29,23
Bitter Gourd,Vegetable/Fruit,2025,20,337,0,377.37,452.84,23,28,25.8,0.29,18
Bitter Gourd,Vegetable/Fruit,2025,21,330,0,374.32,449.18,18,28,23.2,0.29,34
Bitter Gourd,Vegetable/Fruit,2025,22,323,0,375.7,450.84,34,24,24.8,0.29,23
Bitter Gourd,Vegetable/Fruit,2025,23,316,0,374.38,449.26,23,23,24.5,0.29,28
Bitter Gourd,Vegetable/Fruit,2025,24,309,0,375.68,450.82,28,18,25.8,0.29,32
Bitter Gourd,Vegetable/Fruit,2025,25,302,0,375.32,450.38,32,34,29.2,0.29,23
Bitter Gourd,Vegetable/Fruit,2025,26,295,0,378.06,453.67,23,23,26.5,0.29,13
Bitter Gourd,Vegetable/Fruit,2025,27,288,0,375.62,450.74,13,28,24,0.29,23
Bitter Gourd,Vegetable/Fruit,2025,28,281,0,378.03,453.64,23,32,22.8,0.29,19
Bitter Gourd,Vegetable/Fruit,2025,29,274,0,378.78,454.54,19,23,19.5,0.29,22
Bitter Gourd,Vegetable/Fruit,2025,30,267,0,376.63,451.96,22,13,19.2,0.29,13
Bitter Gourd,Vegetable/Fruit,2025,31,260,0,373.85,448.62,13,23,19.2,0.29,16
Bitter Gourd,Vegetable/Fruit,2025,32,253,0,376.49,451.79,16,19,17.5,0.29,12
Bitter Gourd,Vegetable/Fruit,2025,33,246,0,379.17,455.0,12,22,15.8,0.29,28
Bitter Gourd,Vegetable/Fruit,2025,34,239,0,375.66,450.79,28,13,17.2,0.29,28
Bitter Gourd,Vegetable/Fruit,2025,35,232,0,382.76,459.31,28,16,21,0.29,16
Bitter Gourd,Vegetable/Fruit,2025,36,225,0,372.17,446.6,16,12,21,0.29,27
Bitter Gourd,Vegetable/Fruit,2025,37,218,0,378.47,454.16,27,28,24.8,0.29,12
Bitter Gourd,Vegetable/Fruit,2025,38,211,0,381.09,457.31,12,28,20.8,0.29,28
Bitter Gourd,Vegetable/Fruit,2025,39,204,0,379.36,455.23,28,16,20.8,0.29,28
Bitter Gourd,Vegetable/Fruit,2025,40,197,0,377.19,452.63,28,27,23.8,0.29,28
Bitter Gourd,Vegetable/Fruit,2025,41,190,0,376.07,451.28,28,12,24,0.29,28
Bitter Gourd,Vegetable/Fruit,2025,42,183,0,372.92,447.5,28,28,28,0.29,23
Bitter Gourd,Vegetable/Fruit,2025,43,176,0,376.45,451.74,23,28,26.8,0.29,27
Bitter Gourd,Vegetable/Fruit,2025,44,169,0,376.92,452.3,27,28,26.5,0.29,20
Bitter Gourd,Vegetable/Fruit,2025,45,162,0,376.75,452.1,20,28,24.5,0.29,14
Bitter Gourd,Vegetable/Fruit,2025,46,155,0,376.95,452.34,14,23,21,0.29,20
Bitter Gourd,Vegetable/Fruit,2025,47,148,0,378.51,454.21,20,27,20.2,0.29,20
Bitter Gourd,Vegetable/Fruit,2025,48,141,0,378.01,453.61,20,20,18.5,0.29,16
Bitter Gourd,Vegetable/Fruit,2025,49,134,0,376.61,451.93,16,14,17.5,0.29,24
Bitter Gourd,Vegetable/Fruit,2025,50,127,0,379.75,455.7,24,20,20,0.29,28
Bitter Gourd,Vegetable/Fruit,2025,51,120,0,379.73,455.68,28,20,22,0.29,28
Bitter Gourd,Vegetable/Fruit,2025,52,113,0,376.16,451.39,28,16,24,0.29,17
Bitter Gourd,Vegetable/Fruit,2026,1,106,0,377.43,452.92,17,24,24.2,0.29,32
Bitter Gourd,Vegetable/Fruit,2026,2,99,0,379.12,454.94,32,28,26.2,0.29,24
Bitter Gourd,Vegetable/Fruit,2026,3,92,0,379.5,455.4,24,28,25.2,0.29,23
Bitter Gourd,Vegetable/Fruit,2026,4,85,0,376.77,452.12,23,17,24,0.29,20
Bitter Gourd,Vegetable/Fruit,2026,5,78,0,378.17,453.8,20,32,24.8,0.29,20
Bitter Gourd,Vegetable/Fruit,2026,6,71,0,381.28,457.54,20,24,21.8,0.29,28
Bitter Gourd,Vegetable/Fruit,2026,7,64,0,376.91,452.29,28,23,22.8,0.29,28
Bitter Gourd,Vegetable/Fruit,2026,8,57,0,378.18,453.82,28,20,24,0.29,24
Bitter Gourd,Vegetable/Fruit,2026,9,50,0,381.01,457.21,24,20,25,0.29,28
Bitter Gourd,Vegetable/Fruit,2026,10,43,0,376.67,452.0,28,28,27,0.29,20
Bitter Gourd,Vegetable/Fruit,2026,11,36,0,381.71,458.05,20,28,25,0.29,27
Bitter Gourd,Vegetable/Fruit,2026,12,29,0,378.16,453.79,27,24,24.8,0.29,37
Bitter Gourd,Vegetable/Fruit,2026,13,22,0,376.84,452.21,37,28,28,0.29,28
Bitter Gourd,Vegetable/Fruit,2026,14,15,1,382.16,458.59,28,20,28,0.29,24
Bitter Gourd,Vegetable/Fruit,2026,15,8,1,388.57,466.28,24,27,29,0.29,28
Bitter Gourd,Vegetable/Fruit,2026,16,1,1,382.04,458.45,28,37,29.2,0.29,28
Bitter Gourd,Vegetable/Fruit,2026,17,359,0,380.56,456.67,28,28,27,0.29,28
Bitter Gourd,Vegetable/Fruit,2026,18,352,0,382.26,458.71,28,24,27,0.29,25
Bitter Gourd,Vegetable/Fruit,2026,19,345,0,381.35,457.62,25,28,27.2,0.29,28
Bitter Gourd,Vegetable/Fruit,2026,20,338,0,383.22,459.86,28,28,27.2,0.29,24
Bitter Gourd,Vegetable/Fruit,2026,21,331,0,380.43,456.52,24,28,26.2,0.29,28
Bitter Gourd,Vegetable/Fruit,2026,22,324,0,378.9,454.68,28,25,26.2,0.29,23
Bitter Gourd,Vegetable/Fruit,2026,23,317,0,378.38,454.06,23,28,25.8,0.29,22
Bitter Gourd,Vegetable/Fruit,2026,24,310,0,383.91,460.69,22,24,24.2,0.0,6
Ladies Fingers,Vegetable/Fruit,2022,24,305,0,92.13,110.56,23,23,23,0.29,23
Ladies Fingers,Vegetable/Fruit,2022,25,298,0,95.94,115.13,23,26,23,0.29,26
Ladies Fingers,Vegetable/Fruit,2022,26,291,0,98.32,117.98,26,34,24.5,0.29,34
Ladies Fingers,Vegetable/Fruit,2022,27,284,0,99.52,119.42,34,36,27.7,0.29,36
Ladies Fingers,Vegetable/Fruit,2022,28,277,0,101.81,122.17,36,23,29.8,0.29,26
Ladies Fingers,Vegetable/Fruit,2022,29,270,0,104.12,124.94,26,26,30.5,0.29,30
Ladies Fingers,Vegetable/Fruit,2022,30,263,0,106.87,128.24,30,34,31.5,0.29,20
Ladies Fingers,Vegetable/Fruit,2022,31,256,0,109.78,131.74,20,36,28,0.29,26
Ladies Fingers,Vegetable/Fruit,2022,32,249,0,110.93,133.12,26,26,25.5,0.29,32
Ladies Fingers,Vegetable/Fruit,2022,33,242,0,113.28,135.94,32,30,27,0.29,39
Ladies Fingers,Vegetable/Fruit,2022,34,235,0,116.22,139.46,39,20,29.2,0.29,25
Ladies Fingers,Vegetable/Fruit,2022,35,228,0,119.48,143.38,25,26,30.5,0.29,18
Ladies Fingers,Vegetable/Fruit,2022,36,221,0,119.78,143.74,18,32,28.5,0.29,35
Ladies Fingers,Vegetable/Fruit,2022,37,214,0,123.71,148.45,35,39,29.2,0.29,35
Ladies Fingers,Vegetable/Fruit,2022,38,207,0,124.01,148.81,35,25,28.2,0.29,35
Ladies Fingers,Vegetable/Fruit,2022,39,200,0,128.0,153.6,35,18,30.8,0.29,22
Ladies Fingers,Vegetable/Fruit,2022,40,193,0,130.45,156.54,22,35,31.8,0.29,24
Ladies Fingers,Vegetable/Fruit,2022,41,186,0,130.3,156.36,24,35,29,0.29,22
Ladies Fingers,Vegetable/Fruit,2022,42,179,0,134.33,161.2,22,35,25.8,0.29,33
Ladies Fingers,Vegetable/Fruit,2022,43,172,0,136.17,163.4,33,22,25.2,0.29,35
Ladies Fingers,Vegetable/Fruit,2022,44,165,0,139.25,167.1,35,24,28.5,0.29,34
Ladies Fingers,Vegetable/Fruit,2022,45,158,0,140.98,169.18,34,22,31,0.29,34
Ladies Fingers,Vegetable/Fruit,2022,46,151,0,141.53,169.84,34,33,34,0.29,26
Ladies Fingers,Vegetable/Fruit,2022,47,144,0,145.2,174.24,26,35,32.2,0.29,27
Ladies Fingers,Vegetable/Fruit,2022,48,137,0,145.56,174.67,27,34,30.2,0.29,38
Ladies Fingers,Vegetable/Fruit,2022,49,130,0,147.73,177.28,38,34,31.2,0.29,30
Ladies Fingers,Vegetable/Fruit,2022,50,123,0,150.03,180.04,30,26,30.2,0.29,27
Ladies Fingers,Vegetable/Fruit,2022,51,116,0,152.96,183.55,27,27,30.5,0.29,22
Ladies Fingers,Vegetable/Fruit,2022,52,109,0,154.42,185.3,22,38,29.2,0.29,35
Ladies Fingers,Vegetable/Fruit,2023,1,102,0,157.25,188.7,35,30,28.5,0.29,31
Ladies Fingers,Vegetable/Fruit,2023,2,95,0,161.38,193.66,31,27,28.8,0.29,35
Ladies Fingers,Vegetable/Fruit,2023,3,88,0,159.77,191.72,35,22,30.8,0.29,35
Ladies Fingers,Vegetable/Fruit,2023,4,81,0,162.77,195.32,35,35,34,0.29,27
Ladies Fingers,Vegetable/Fruit,2023,5,74,0,165.22,198.26,27,31,32,0.29,19
Ladies Fingers,Vegetable/Fruit,2023,6,67,0,167.36,200.83,19,35,29,0.29,24
Ladies Fingers,Vegetable/Fruit,2023,7,60,0,167.2,200.64,24,35,26.2,0.29,33
Ladies Fingers,Vegetable/Fruit,2023,8,53,0,170.21,204.25,33,27,25.8,0.29,22
Ladies Fingers,Vegetable/Fruit,2023,9,46,0,171.5,205.8,22,19,24.5,0.29,13
Ladies Fingers,Vegetable/Fruit,2023,10,39,0,168.81,202.57,13,24,23,0.29,26
Ladies Fingers,Vegetable/Fruit,2023,11,32,0,170.6,204.72,26,33,23.5,0.29,25
Ladies Fingers,Vegetable/Fruit,2023,12,25,0,167.88,201.46,25,22,21.5,0.29,28
Ladies Fingers,Vegetable/Fruit,2023,13,18,1,169.27,203.12,28,13,23,0.29,24
Ladies Fingers,Vegetable/Fruit,2023,14,11,1,169.75,203.7,24,26,25.8,0.29,35
Ladies Fingers,Vegetable/Fruit,2023,15,4,1,172.52,207.02,35,25,28,0.29,70
Ladies Fingers,Vegetable/Fruit,2023,16,363,0,168.86,202.63,70,28,39.2,0.29,35
Ladies Fingers,Vegetable/Fruit,2023,17,356,0,167.37,200.84,35,24,41,0.29,18
Ladies Fingers,Vegetable/Fruit,2023,18,349,0,167.28,200.74,18,35,39.5,0.29,42
Ladies Fingers,Vegetable/Fruit,2023,19,342,0,167.85,201.42,42,70,41.2,0.29,32
Ladies Fingers,Vegetable/Fruit,2023,20,335,0,166.38,199.66,32,35,31.8,0.29,39
Ladies Fingers,Vegetable/Fruit,2023,21,328,0,163.55,196.26,39,18,32.8,0.29,28
Ladies Fingers,Vegetable/Fruit,2023,22,321,0,164.52,197.42,28,42,35.2,0.29,25
Ladies Fingers,Vegetable/Fruit,2023,23,314,0,164.67,197.6,25,32,31,0.29,22
Ladies Fingers,Vegetable/Fruit,2023,24,307,0,164.09,196.91,22,39,28.5,0.29,32
Ladies Fingers,Vegetable/Fruit,2023,25,300,0,161.22,193.46,32,28,26.8,0.29,29
Ladies Fingers,Vegetable/Fruit,2023,26,293,0,163.91,196.69,29,25,27,0.29,25
Ladies Fingers,Vegetable/Fruit,2023,27,286,0,163.07,195.68,25,22,27,0.29,37
Ladies Fingers,Vegetable/Fruit,2023,28,279,0,162.23,194.68,37,32,30.8,0.29,12
Ladies Fingers,Vegetable/Fruit,2023,29,272,0,161.86,194.23,12,29,25.8,0.29,35
Ladies Fingers,Vegetable/Fruit,2023,30,265,0,158.34,190.01,35,25,27.2,0.29,30
Ladies Fingers,Vegetable/Fruit,2023,31,258,0,159.29,191.15,30,37,28.5,0.29,23
Ladies Fingers,Vegetable/Fruit,2023,32,251,0,161.29,193.55,23,12,25,0.29,27
Ladies Fingers,Vegetable/Fruit,2023,33,244,0,159.07,190.88,27,35,28.8,0.29,16
Ladies Fingers,Vegetable/Fruit,2023,34,237,0,158.36,190.03,16,30,24,0.29,17
Ladies Fingers,Vegetable/Fruit,2023,35,230,0,159.39,191.27,17,23,20.8,0.29,18
Ladies Fingers,Vegetable/Fruit,2023,36,223,0,158.8,190.56,18,27,19.5,0.29,35
Ladies Fingers,Vegetable/Fruit,2023,37,216,0,156.73,188.08,35,16,21.5,0.29,28
Ladies Fingers,Vegetable/Fruit,2023,38,209,0,159.44,191.33,28,17,24.5,0.29,22
Ladies Fingers,Vegetable/Fruit,2023,39,202,0,155.75,186.9,22,18,25.8,0.29,39
Ladies Fingers,Vegetable/Fruit,2023,40,195,0,156.56,187.87,39,35,31,0.29,34
Ladies Fingers,Vegetable/Fruit,2023,41,188,0,155.95,187.14,34,28,30.8,0.29,12
Ladies Fingers,Vegetable/Fruit,2023,42,181,0,155.55,186.66,12,22,26.8,0.29,28
Ladies Fingers,Vegetable/Fruit,2023,43,174,0,154.99,185.99,28,39,28.2,0.29,37
Ladies Fingers,Vegetable/Fruit,2023,44,167,0,155.74,186.89,37,34,27.8,0.29,32
Ladies Fingers,Vegetable/Fruit,2023,45,160,0,154.83,185.8,32,12,27.2,0.29,23
Ladies Fingers,Vegetable/Fruit,2023,46,153,0,152.21,182.65,23,28,30,0.29,33
Ladies Fingers,Vegetable/Fruit,2023,47,146,0,153.64,184.37,33,37,31.2,0.29,40
Ladies Fingers,Vegetable/Fruit,2023,48,139,0,154.04,184.85,40,32,32,0.29,35
Ladies Fingers,Vegetable/Fruit,2023,49,132,0,151.79,182.15,35,23,32.8,0.29,16
Ladies Fingers,Vegetable/Fruit,2023,50,125,0,150.5,180.6,16,33,31,0.29,26
Ladies Fingers,Vegetable/Fruit,2023,51,118,0,152.29,182.75,26,40,29.2,0.29,35
Ladies Fingers,Vegetable/Fruit,2023,52,111,0,149.83,179.8,35,35,28,0.29,35
Ladies Fingers,Vegetable/Fruit,2024,1,104,0,150.62,180.74,35,16,28,0.29,35
Ladies Fingers,Vegetable/Fruit,2024,2,97,0,148.86,178.63,35,26,32.8,0.29,35
Ladies Fingers,Vegetable/Fruit,2024,3,90,0,148.27,177.92,35,35,35,0.29,35
Ladies Fingers,Vegetable/Fruit,2024,4,83,0,149.82,179.78,35,35,35,0.29,27
Ladies Fingers,Vegetable/Fruit,2024,5,76,0,149.38,179.26,27,35,33,0.29,29
Ladies Fingers,Vegetable/Fruit,2024,6,69,0,150.01,180.01,29,35,31.5,0.29,34
Ladies Fingers,Vegetable/Fruit,2024,7,62,0,147.65,177.18,34,35,31.2,0.29,36
Ladies Fingers,Vegetable/Fruit,2024,8,55,0,150.47,180.56,36,27,31.5,0.29,22
Ladies Fingers,Vegetable/Fruit,2024,9,48,0,150.41,180.49,22,29,30.2,0.29,22
Ladies Fingers,Vegetable/Fruit,2024,10,41,0,149.14,178.97,22,34,28.5,0.29,31
Ladies Fingers,Vegetable/Fruit,2024,11,34,0,150.31,180.37,31,36,27.8,0.29,19
Ladies Fingers,Vegetable/Fruit,2024,12,27,0,150.71,180.85,19,22,23.5,0.29,31
Ladies Fingers,Vegetable/Fruit,2024,13,20,1,147.99,177.59,31,22,25.8,0.29,20
Ladies Fingers,Vegetable/Fruit,2024,14,13,1,149.58,179.5,20,31,25.2,0.29,35
Ladies Fingers,Vegetable/Fruit,2024,15,6,1,152.0,182.4,35,19,26.2,0.29,70
Ladies Fingers,Vegetable/Fruit,2024,16,364,0,148.93,178.72,70,31,39,0.29,34
Ladies Fingers,Vegetable/Fruit,2024,17,357,0,147.33,176.8,34,20,39.8,0.29,34
Ladies Fingers,Vegetable/Fruit,2024,18,350,0,149.78,179.74,34,35,43.2,0.29,34
Ladies Fingers,Vegetable/Fruit,2024,19,343,0,148.81,178.57,34,70,43,0.29,35
Ladies Fingers,Vegetable/Fruit,2024,20,336,0,147.89,177.47,35,34,34.2,0.29,32
Ladies Fingers,Vegetable/Fruit,2024,21,329,0,149.15,178.98,32,34,33.8,0.29,35
Ladies Fingers,Vegetable/Fruit,2024,22,322,0,148.49,178.19,35,34,34,0.29,31
Ladies Fingers,Vegetable/Fruit,2024,23,315,0,147.33,176.8,31,35,33.2,0.29,35
Ladies Fingers,Vegetable/Fruit,2024,24,308,0,147.9,177.48,35,32,33.2,0.29,25
Ladies Fingers,Vegetable/Fruit,2024,25,301,0,148.62,178.34,25,35,31.5,0.29,25
Ladies Fingers,Vegetable/Fruit,2024,26,294,0,148.88,178.66,25,31,29,0.29,24
Ladies Fingers,Vegetable/Fruit,2024,27,287,0,149.39,179.27,24,35,27.2,0.29,26
Ladies Fingers,Vegetable/Fruit,2024,28,280,0,148.34,178.01,26,25,25,0.29,28
Ladies Fingers,Vegetable/Fruit,2024,29,273,0,148.19,177.83,28,25,25.8,0.29,42
Ladies Fingers,Vegetable/Fruit,2024,30,266,0,148.66,178.39,42,24,30,0.29,35
Ladies Fingers,Vegetable/Fruit,2024,31,259,0,149.13,178.96,35,26,32.8,0.29,22
Ladies Fingers,Vegetable/Fruit,2024,32,252,0,150.86,181.03,22,28,31.8,0.29,27
Ladies Fingers,Vegetable/Fruit,2024,33,245,0,148.56,178.27,27,42,31.5,0.29,21
Ladies Fingers,Vegetable/Fruit,2024,34,238,0,149.46,179.35,21,35,26.2,0.29,31
Ladies Fingers,Vegetable/Fruit,2024,35,231,0,150.38,180.46,31,22,25.2,0.29,35
Ladies Fingers,Vegetable/Fruit,2024,36,224,0,149.73,179.68,35,27,28.5,0.29,24
Ladies Fingers,Vegetable/Fruit,2024,37,217,0,151.15,181.38,24,21,27.8,0.29,31
Ladies Fingers,Vegetable/Fruit,2024,38,210,0,149.42,179.3,31,31,30.2,0.29,24
Ladies Fingers,Vegetable/Fruit,2024,39,203,0,150.17,180.2,24,35,28.5,0.29,19
Ladies Fingers,Vegetable/Fruit,2024,40,196,0,151.7,182.04,19,24,24.5,0.29,30
Ladies Fingers,Vegetable/Fruit,2024,41,189,0,150.34,180.41,30,31,26,0.29,27
Ladies Fingers,Vegetable/Fruit,2024,42,182,0,149.91,179.89,27,24,25,0.29,19
Ladies Fingers,Vegetable/Fruit,2024,43,175,0,149.75,179.7,19,19,23.8,0.29,24
Ladies Fingers,Vegetable/Fruit,2024,44,168,0,149.22,179.06,24,30,25,0.29,29
Ladies Fingers,Vegetable/Fruit,2024,45,161,0,150.11,180.13,29,27,24.8,0.29,28
Ladies Fingers,Vegetable/Fruit,2024,46,154,0,151.19,181.43,28,19,25,0.29,35
Ladies Fingers,Vegetable/Fruit,2024,47,147,0,150.49,180.59,35,24,29,0.29,47
Ladies Fingers,Vegetable/Fruit,2024,48,140,0,152.4,182.88,47,29,34.8,0.29,35
Ladies Fingers,Vegetable/Fruit,2024,49,133,0,151.2,181.44,35,28,36.2,0.29,30
Ladies Fingers,Vegetable/Fruit,2024,50,126,0,152.16,182.59,30,35,36.8,0.29,26
Ladies Fingers,Vegetable/Fruit,2024,51,119,0,150.92,181.1,26,47,34.5,0.29,43
Ladies Fingers,Vegetable/Fruit,2024,52,112,0,151.73,182.08,43,35,33.5,0.29,31
Ladies Fingers,Vegetable/Fruit,2025,1,105,0,152.87,183.44,31,30,32.5,0.29,35
Ladies Fingers,Vegetable/Fruit,2025,2,98,0,152.07,182.48,35,26,33.8,0.29,35
Ladies Fingers,Vegetable/Fruit,2025,3,91,0,152.75,183.3,35,43,36,0.29,35
Ladies Fingers,Vegetable/Fruit,2025,4,84,0,151.86,182.23,35,31,34,0.29,18
Ladies Fingers,Vegetable/Fruit,2025,5,77,0,151.94,182.33,18,35,30.8,0.29,29
Ladies Fingers,Vegetable/Fruit,2025,6,70,0,151.35,181.62,29,35,29.2,0.29,23
Ladies Fingers,Vegetable/Fruit,2025,7,63,0,152.79,183.35,23,35,26.2,0.29,35
Ladies Fingers,Vegetable/Fruit,2025,8,56,0,149.6,179.52,35,18,26.2,0.29,30
Ladies Fingers,Vegetable/Fruit,2025,9,49,0,149.63,179.56,30,29,29.2,0.29,35
Ladies Fingers,Vegetable/Fruit,2025,10,42,0,152.42,182.9,35,23,30.8,0.29,35
Ladies Fingers,Vegetable/Fruit,2025,11,35,0,150.18,180.22,35,35,33.8,0.29,35
Ladies Fingers,Vegetable/Fruit,2025,12,28,0,152.87,183.44,35,30,33.8,0.29,26
Ladies Fingers,Vegetable/Fruit,2025,13,21,1,151.46,181.75,26,35,32.8,0.29,35
Ladies Fingers,Vegetable/Fruit,2025,14,14,1,152.01,182.41,35,35,32.8,0.29,36
Ladies Fingers,Vegetable/Fruit,2025,15,7,1,156.8,188.16,36,35,33,0.29,43
Ladies Fingers,Vegetable/Fruit,2025,16,0,1,152.71,183.25,43,26,35,0.29,46
Ladies Fingers,Vegetable/Fruit,2025,17,358,0,152.17,182.6,46,35,40,0.29,24
Ladies Fingers,Vegetable/Fruit,2025,18,351,0,152.2,182.64,24,36,37.2,0.29,29
Ladies Fingers,Vegetable/Fruit,2025,19,344,0,153.49,184.19,29,43,35.5,0.29,27
Ladies Fingers,Vegetable/Fruit,2025,20,337,0,150.59,180.71,27,46,31.5,0.29,34
Ladies Fingers,Vegetable/Fruit,2025,21,330,0,151.73,182.08,34,24,28.5,0.29,23
Ladies Fingers,Vegetable/Fruit,2025,22,323,0,150.92,181.1,23,29,28.2,0.29,47
Ladies Fingers,Vegetable/Fruit,2025,23,316,0,150.23,180.28,47,27,32.8,0.29,32
Ladies Fingers,Vegetable/Fruit,2025,24,309,0,152.22,182.66,32,34,34,0.29,40
Ladies Fingers,Vegetable/Fruit,2025,25,302,0,152.72,183.26,40,23,35.5,0.29,35
Ladies Fingers,Vegetable/Fruit,2025,26,295,0,150.54,180.65,35,47,38.5,0.29,35
Ladies Fingers,Vegetable/Fruit,2025,27,288,0,151.52,181.82,35,32,35.5,0.29,29
Ladies Fingers,Vegetable/Fruit,2025,28,281,0,152.5,183.0,29,40,34.8,0.29,37
Ladies Fingers,Vegetable/Fruit,2025,29,274,0,150.46,180.55,37,35,34,0.29,35
Ladies Fingers,Vegetable/Fruit,2025,30,267,0,151.52,181.82,35,35,34,0.29,35
Ladies Fingers,Vegetable/Fruit,2025,31,260,0,152.69,183.23,35,29,34,0.29,35
Ladies Fingers,Vegetable/Fruit,2025,32,253,0,153.57,184.28,35,37,35.5,0.29,23
Ladies Fingers,Vegetable/Fruit,2025,33,246,0,151.21,181.45,23,35,32,0.29,46
Ladies Fingers,Vegetable/Fruit,2025,34,239,0,150.46,180.55,46,35,34.8,0.29,32
Ladies Fingers,Vegetable/Fruit,2025,35,232,0,152.47,182.96,32,35,34,0.29,35
Ladies Fingers,Vegetable/Fruit,2025,36,225,0,151.2,181.44,35,23,34,0.29,34
Ladies Fingers,Vegetable/Fruit,2025,37,218,0,152.04,182.45,34,46,36.8,0.29,34
Ladies Fingers,Vegetable/Fruit,2025,38,211,0,152.47,182.96,34,32,33.8,0.29,26
Ladies Fingers,Vegetable/Fruit,2025,39,204,0,151.89,182.27,26,35,32.2,0.29,22
Ladies Fingers,Vegetable/Fruit,2025,40,197,0,152.32,182.78,22,34,29,0.29,33
Ladies Fingers,Vegetable/Fruit,2025,41,190,0,153.42,184.1,33,34,28.8,0.29,20
Ladies Fingers,Vegetable/Fruit,2025,42,183,0,150.88,181.06,20,26,25.2,0.29,35
Ladies Fingers,Vegetable/Fruit,2025,43,176,0,152.61,183.13,35,22,27.5,0.29,25
Ladies Fingers,Vegetable/Fruit,2025,44,169,0,151.94,182.33,25,33,28.2,0.29,12
Ladies Fingers,Vegetable/Fruit,2025,45,162,0,152.98,183.58,12,20,23,0.29,31
Ladies Fingers,Vegetable/Fruit,2025,46,155,0,153.08,183.7,31,35,25.8,0.29,29
Ladies Fingers,Vegetable/Fruit,2025,47,148,0,151.03,181.24,29,25,24.2,0.29,34
Ladies Fingers,Vegetable/Fruit,2025,48,141,0,152.84,183.41,34,12,26.5,0.29,38
Ladies Fingers,Vegetable/Fruit,2025,49,134,0,152.77,183.32,38,31,33,0.29,32
Ladies Fingers,Vegetable/Fruit,2025,50,127,0,151.86,182.23,32,29,33.2,0.29,35
Ladies Fingers,Vegetable/Fruit,2025,51,120,0,153.43,184.12,35,34,34.8,0.29,30
Ladies Fingers,Vegetable/Fruit,2025,52,113,0,152.71,183.25,30,38,33.8,0.29,30
Ladies Fingers,Vegetable/Fruit,2026,1,106,0,151.78,182.14,30,32,31.8,0.29,30
Ladies Fingers,Vegetable/Fruit,2026,2,99,0,153.5,184.2,30,35,31.2,0.29,31
Ladies Fingers,Vegetable/Fruit,2026,3,92,0,151.57,181.88,31,30,30.2,0.29,35
Ladies Fingers,Vegetable/Fruit,2026,4,85,0,151.75,182.1,35,30,31.5,0.29,35
Ladies Fingers,Vegetable/Fruit,2026,5,78,0,152.68,183.22,35,30,32.8,0.29,35
Ladies Fingers,Vegetable/Fruit,2026,6,71,0,154.39,185.27,35,31,34,0.29,35
Ladies Fingers,Vegetable/Fruit,2026,7,64,0,152.32,182.78,35,35,35,0.29,35
Ladies Fingers,Vegetable/Fruit,2026,8,57,0,152.37,182.84,35,35,35,0.29,35
Ladies Fingers,Vegetable/Fruit,2026,9,50,0,152.29,182.75,35,35,35,0.29,31
Ladies Fingers,Vegetable/Fruit,2026,10,43,0,150.37,180.44,31,35,34,0.29,31
Ladies Fingers,Vegetable/Fruit,2026,11,36,0,152.04,182.45,31,35,33,0.29,32
Ladies Fingers,Vegetable/Fruit,2026,12,29,0,150.72,180.86,32,35,32.2,0.29,35
Ladies Fingers,Vegetable/Fruit,2026,13,22,0,153.15,183.78,35,31,32.2,0.29,23
Ladies Fingers,Vegetable/Fruit,2026,14,15,1,153.73,184.48,23,31,30.2,0.29,47
Ladies Fingers,Vegetable/Fruit,2026,15,8,1,156.15,187.38,47,32,34.2,0.29,35
Ladies Fingers,Vegetable/Fruit,2026,16,1,1,153.04,183.65,35,35,35,0.29,35
Ladies Fingers,Vegetable/Fruit,2026,17,359,0,153.41,184.09,35,23,35,0.29,35
Ladies Fingers,Vegetable/Fruit,2026,18,352,0,152.43,182.92,35,47,38,0.29,28
Ladies Fingers,Vegetable/Fruit,2026,19,345,0,152.96,183.55,28,35,33.2,0.29,26
Ladies Fingers,Vegetable/Fruit,2026,20,338,0,153.77,184.52,26,35,31,0.29,25
Ladies Fingers,Vegetable/Fruit,2026,21,331,0,152.64,183.17,25,35,28.5,0.29,23
Ladies Fingers,Vegetable/Fruit,2026,22,324,0,154.83,185.8,23,28,25.5,0.29,20
Ladies Fingers,Vegetable/Fruit,2026,23,317,0,154.88,185.86,20,26,23.5,0.29,41
Ladies Fingers,Vegetable/Fruit,2026,24,310,0,152.25,182.7,41,25,27.2,0.0,9
Green Chillies,Vegetable/Fruit,2022,24,305,0,168.19,201.83,25,25,25,0.29,25
Green Chillies,Vegetable/Fruit,2022,25,298,0,171.17,205.4,25,35,25,0.29,35
Green Chillies,Vegetable/Fruit,2022,26,291,0,175.94,211.13,35,35,30,0.29,35
Green Chillies,Vegetable/Fruit,2022,27,284,0,180.87,217.04,35,24,31.7,0.29,24
Green Chillies,Vegetable/Fruit,2022,28,277,0,184.56,221.47,24,25,29.8,0.29,20
Green Chillies,Vegetable/Fruit,2022,29,270,0,187.45,224.94,20,35,28.5,0.29,46
Green Chillies,Vegetable/Fruit,2022,30,263,0,194.16,232.99,46,35,31.2,0.29,43
Green Chillies,Vegetable/Fruit,2022,31,256,0,199.72,239.66,43,24,33.2,0.29,33
Green Chillies,Vegetable/Fruit,2022,32,249,0,200.48,240.58,33,20,35.5,0.29,29
Green Chillies,Vegetable/Fruit,2022,33,242,0,208.22,249.86,29,46,37.8,0.29,33
Green Chillies,Vegetable/Fruit,2022,34,235,0,214.32,257.18,33,43,34.5,0.29,43
Green Chillies,Vegetable/Fruit,2022,35,228,0,213.12,255.74,43,33,34.5,0.29,35
Green Chillies,Vegetable/Fruit,2022,36,221,0,217.69,261.23,35,29,35,0.29,34
Green Chillies,Vegetable/Fruit,2022,37,214,0,224.47,269.36,34,33,36.2,0.29,35
Green Chillies,Vegetable/Fruit,2022,38,207,0,225.08,270.1,35,43,36.8,0.29,35
Green Chillies,Vegetable/Fruit,2022,39,200,0,231.43,277.72,35,35,34.8,0.29,35
Green Chillies,Vegetable/Fruit,2022,40,193,0,236.19,283.43,35,34,34.8,0.29,35
Green Chillies,Vegetable/Fruit,2022,41,186,0,236.86,284.23,35,35,35,0.29,35
Green Chillies,Vegetable/Fruit,2022,42,179,0,242.22,290.66,35,35,35,0.29,34
Green Chillies,Vegetable/Fruit,2022,43,172,0,250.36,300.43,34,35,34.8,0.29,35
Green Chillies,Vegetable/Fruit,2022,44,165,0,249.25,299.1,35,35,34.8,0.29,26
Green Chillies,Vegetable/Fruit,2022,45,158,0,253.48,304.18,26,35,32.5,0.29,31
Green Chillies,Vegetable/Fruit,2022,46,151,0,257.77,309.32,31,34,31.5,0.29,30
Green Chillies,Vegetable/Fruit,2022,47,144,0,260.99,313.19,30,35,30.5,0.29,18
Green Chillies,Vegetable/Fruit,2022,48,137,0,265.54,318.65,18,26,26.2,0.29,34
Green Chillies,Vegetable/Fruit,2022,49,130,0,269.49,323.39,34,31,28.2,0.29,35
Green Chillies,Vegetable/Fruit,2022,50,123,0,274.65,329.58,35,30,29.2,0.29,35
Green Chillies,Vegetable/Fruit,2022,51,116,0,276.12,331.34,35,18,30.5,0.29,29
Green Chillies,Vegetable/Fruit,2022,52,109,0,280.97,337.16,29,34,33.2,0.29,25
Green Chillies,Vegetable/Fruit,2023,1,102,0,283.94,340.73,25,35,31,0.29,43
Green Chillies,Vegetable/Fruit,2023,2,95,0,289.73,347.68,43,35,33,0.29,24
Green Chillies,Vegetable/Fruit,2023,3,88,0,291.57,349.88,24,29,30.2,0.29,19
Green Chillies,Vegetable/Fruit,2023,4,81,0,298.21,357.85,19,25,27.8,0.29,35
Green Chillies,Vegetable/Fruit,2023,5,74,0,301.05,361.26,35,43,30.2,0.29,32
Green Chillies,Vegetable/Fruit,2023,6,67,0,299.62,359.54,32,24,27.5,0.29,33
Green Chillies,Vegetable/Fruit,2023,7,60,0,302.22,362.66,33,19,29.8,0.29,35
Green Chillies,Vegetable/Fruit,2023,8,53,0,303.28,363.94,35,35,33.8,0.29,33
Green Chillies,Vegetable/Fruit,2023,9,46,0,315.42,378.5,33,32,33.2,0.29,27
Green Chillies,Vegetable/Fruit,2023,10,39,0,307.01,368.41,27,33,32,0.29,34
Green Chillies,Vegetable/Fruit,2023,11,32,0,308.26,369.91,34,35,32.2,0.29,35
Green Chillies,Vegetable/Fruit,2023,12,25,0,305.26,366.31,35,33,32.2,0.29,31
Green Chillies,Vegetable/Fruit,2023,13,18,1,307.39,368.87,31,27,31.8,0.29,27
Green Chillies,Vegetable/Fruit,2023,14,11,1,310.92,373.1,27,34,31.8,0.29,56
Green Chillies,Vegetable/Fruit,2023,15,4,1,309.1,370.92,56,35,37.2,0.29,70
Green Chillies,Vegetable/Fruit,2023,16,363,0,301.45,361.74,70,31,46,0.29,35
Green Chillies,Vegetable/Fruit,2023,17,356,0,303.16,363.79,35,27,47,0.29,35
Green Chillies,Vegetable/Fruit,2023,18,349,0,298.89,358.67,35,56,49,0.29,35
Green Chillies,Vegetable/Fruit,2023,19,342,0,301.68,362.02,35,70,43.8,0.29,32
Green Chillies,Vegetable/Fruit,2023,20,335,0,299.99,359.99,32,35,34.2,0.29,35
Green Chillies,Vegetable/Fruit,2023,21,328,0,298.62,358.34,35,35,34.2,0.29,35
Green Chillies,Vegetable/Fruit,2023,22,321,0,297.55,357.06,35,35,34.2,0.29,35
Green Chillies,Vegetable/Fruit,2023,23,314,0,301.06,361.27,35,32,34.2,0.29,35
Green Chillies,Vegetable/Fruit,2023,24,307,0,297.13,356.56,35,35,35,0.29,35
Green Chillies,Vegetable/Fruit,2023,25,300,0,295.03,354.04,35,35,35,0.29,35
Green Chillies,Vegetable/Fruit,2023,26,293,0,297.02,356.42,35,35,35,0.29,35
Green Chillies,Vegetable/Fruit,2023,27,286,0,295.08,354.1,35,35,35,0.29,34
Green Chillies,Vegetable/Fruit,2023,28,279,0,298.1,357.72,34,35,34.8,0.29,27
Green Chillies,Vegetable/Fruit,2023,29,272,0,292.57,351.08,27,35,32.8,0.29,43
Green Chillies,Vegetable/Fruit,2023,30,265,0,294.21,353.05,43,35,34.8,0.29,35
Green Chillies,Vegetable/Fruit,2023,31,258,0,294.04,352.85,35,34,34.8,0.29,35
Green Chillies,Vegetable/Fruit,2023,32,251,0,290.36,348.43,35,27,35,0.29,23
Green Chillies,Vegetable/Fruit,2023,33,244,0,290.6,348.72,23,43,34,0.29,34
Green Chillies,Vegetable/Fruit,2023,34,237,0,288.49,346.19,34,35,31.8,0.29,46
Green Chillies,Vegetable/Fruit,2023,35,230,0,289.31,347.17,46,35,34.5,0.29,35
Green Chillies,Vegetable/Fruit,2023,36,223,0,287.19,344.63,35,23,34.5,0.29,35
Green Chillies,Vegetable/Fruit,2023,37,216,0,284.91,341.89,35,34,37.5,0.29,35
Green Chillies,Vegetable/Fruit,2023,38,209,0,285.42,342.5,35,46,37.8,0.29,35
Green Chillies,Vegetable/Fruit,2023,39,202,0,286.77,344.12,35,35,35,0.29,35
Green Chillies,Vegetable/Fruit,2023,40,195,0,284.72,341.66,35,35,35,0.29,34
Green Chillies,Vegetable/Fruit,2023,41,188,0,284.82,341.78,34,35,34.8,0.29,29
Green Chillies,Vegetable/Fruit,2023,42,181,0,284.23,341.08,29,35,33.2,0.29,31
Green Chillies,Vegetable/Fruit,2023,43,174,0,278.35,334.02,31,35,32.2,0.29,43
Green Chillies,Vegetable/Fruit,2023,44,167,0,282.12,338.54,43,34,34.2,0.29,35
Green Chillies,Vegetable/Fruit,2023,45,160,0,277.79,333.35,35,29,34.5,0.29,35
Green Chillies,Vegetable/Fruit,2023,46,153,0,277.37,332.84,35,31,36,0.29,35
Green Chillies,Vegetable/Fruit,2023,47,146,0,275.54,330.65,35,43,37,0.29,35
Green Chillies,Vegetable/Fruit,2023,48,139,0,274.76,329.71,35,35,35,0.29,28
Green Chillies,Vegetable/Fruit,2023,49,132,0,272.34,326.81,28,35,33.2,0.29,31
Green Chillies,Vegetable/Fruit,2023,50,125,0,276.47,331.76,31,35,32.2,0.29,35
Green Chillies,Vegetable/Fruit,2023,51,118,0,272.29,326.75,35,35,32.2,0.29,31
Green Chillies,Vegetable/Fruit,2023,52,111,0,270.24,324.29,31,28,31.2,0.29,36
Green Chillies,Vegetable/Fruit,2024,1,104,0,269.87,323.84,36,31,33.2,0.29,45
Green Chillies,Vegetable/Fruit,2024,2,97,0,273.23,327.88,45,35,36.8,0.29,35
Green Chillies,Vegetable/Fruit,2024,3,90,0,270.92,325.1,35,31,36.8,0.29,35
Green Chillies,Vegetable/Fruit,2024,4,83,0,268.28,321.94,35,36,37.8,0.29,35
Green Chillies,Vegetable/Fruit,2024,5,76,0,270.97,325.16,35,45,37.5,0.29,26
Green Chillies,Vegetable/Fruit,2024,6,69,0,269.67,323.6,26,35,32.8,0.29,37
Green Chillies,Vegetable/Fruit,2024,7,62,0,269.51,323.41,37,35,33.2,0.29,28
Green Chillies,Vegetable/Fruit,2024,8,55,0,270.8,324.96,28,35,31.5,0.29,36
Green Chillies,Vegetable/Fruit,2024,9,48,0,269.72,323.66,36,26,31.8,0.29,48
Green Chillies,Vegetable/Fruit,2024,10,41,0,271.5,325.8,48,37,37.2,0.29,35
Green Chillies,Vegetable/Fruit,2024,11,34,0,269.1,322.92,35,28,36.8,0.29,35
Green Chillies,Vegetable/Fruit,2024,12,27,0,269.19,323.03,35,36,38.5,0.29,27
Green Chillies,Vegetable/Fruit,2024,13,20,1,268.65,322.38,27,48,36.2,0.29,33
Green Chillies,Vegetable/Fruit,2024,14,13,1,273.02,327.62,33,35,32.5,0.29,45
Green Chillies,Vegetable/Fruit,2024,15,6,1,280.39,336.47,45,35,35,0.29,70
Green Chillies,Vegetable/Fruit,2024,16,364,0,265.78,318.94,70,27,43.8,0.29,35
Green Chillies,Vegetable/Fruit,2024,17,357,0,267.63,321.16,35,33,45.8,0.29,31
Green Chillies,Vegetable/Fruit,2024,18,350,0,270.21,324.25,31,45,45.2,0.29,35
Green Chillies,Vegetable/Fruit,2024,19,343,0,270.01,324.01,35,70,42.8,0.29,35
Green Chillies,Vegetable/Fruit,2024,20,336,0,271.16,325.39,35,35,34,0.29,20
Green Chillies,Vegetable/Fruit,2024,21,329,0,270.28,324.34,20,31,30.2,0.29,48
Green Chillies,Vegetable/Fruit,2024,22,322,0,265.66,318.79,48,35,34.5,0.29,35
Green Chillies,Vegetable/Fruit,2024,23,315,0,266.52,319.82,35,35,34.5,0.29,35
Green Chillies,Vegetable/Fruit,2024,24,308,0,267.45,320.94,35,20,34.5,0.29,35
Green Chillies,Vegetable/Fruit,2024,25,301,0,272.66,327.19,35,48,38.2,0.29,35
Green Chillies,Vegetable/Fruit,2024,26,294,0,267.83,321.4,35,35,35,0.29,35
Green Chillies,Vegetable/Fruit,2024,27,287,0,266.48,319.78,35,35,35,0.29,34
Green Chillies,Vegetable/Fruit,2024,28,280,0,268.38,322.06,34,35,34.8,0.29,23
Green Chillies,Vegetable/Fruit,2024,29,273,0,268.6,322.32,23,35,31.8,0.29,39
Green Chillies,Vegetable/Fruit,2024,30,266,0,268.63,322.36,39,35,32.8,0.29,35
Green Chillies,Vegetable/Fruit,2024,31,259,0,271.7,326.04,35,34,32.8,0.29,38
Green Chillies,Vegetable/Fruit,2024,32,252,0,269.1,322.92,38,23,33.8,0.29,30
Green Chillies,Vegetable/Fruit,2024,33,245,0,270.75,324.9,30,39,35.5,0.29,35
Green Chillies,Vegetable/Fruit,2024,34,238,0,268.49,322.19,35,35,34.5,0.29,35
Green Chillies,Vegetable/Fruit,2024,35,231,0,269.76,323.71,35,38,34.5,0.29,35
Green Chillies,Vegetable/Fruit,2024,36,224,0,271.02,325.22,35,30,33.8,0.29,33
Green Chillies,Vegetable/Fruit,2024,37,217,0,267.19,320.63,33,35,34.5,0.29,30
Green Chillies,Vegetable/Fruit,2024,38,210,0,270.79,324.95,30,35,33.2,0.29,35
Green Chillies,Vegetable/Fruit,2024,39,203,0,272.23,326.68,35,35,33.2,0.29,35
Green Chillies,Vegetable/Fruit,2024,40,196,0,272.68,327.22,35,33,33.2,0.29,35
Green Chillies,Vegetable/Fruit,2024,41,189,0,270.2,324.24,35,30,33.8,0.29,32
Green Chillies,Vegetable/Fruit,2024,42,182,0,271.05,325.26,32,35,34.2,0.29,35
Green Chillies,Vegetable/Fruit,2024,43,175,0,273.7,328.44,35,35,34.2,0.29,35
Green Chillies,Vegetable/Fruit,2024,44,168,0,270.71,324.85,35,35,34.2,0.29,35
Green Chillies,Vegetable/Fruit,2024,45,161,0,269.89,323.87,35,32,34.2,0.29,35
Green Chillies,Vegetable/Fruit,2024,46,154,0,274.02,328.82,35,35,35,0.29,26
Green Chillies,Vegetable/Fruit,2024,47,147,0,272.08,326.5,26,35,32.8,0.29,38
Green Chillies,Vegetable/Fruit,2024,48,140,0,272.96,327.55,38,35,33.5,0.29,26
Green Chillies,Vegetable/Fruit,2024,49,133,0,276.77,332.12,26,35,31.2,0.29,41
Green Chillies,Vegetable/Fruit,2024,50,126,0,276.35,331.62,41,26,32.8,0.29,44
Green Chillies,Vegetable/Fruit,2024,51,119,0,274.19,329.03,44,38,37.2,0.29,35
Green Chillies,Vegetable/Fruit,2024,52,112,0,274.0,328.8,35,26,36.5,0.29,35
Green Chillies,Vegetable/Fruit,2025,1,105,0,275.75,330.9,35,41,38.8,0.29,35
Green Chillies,Vegetable/Fruit,2025,2,98,0,274.6,329.52,35,44,37.2,0.29,35
Green Chillies,Vegetable/Fruit,2025,3,91,0,275.49,330.59,35,35,35,0.29,35
Green Chillies,Vegetable/Fruit,2025,4,84,0,274.85,329.82,35,35,35,0.29,35
Green Chillies,Vegetable/Fruit,2025,5,77,0,275.16,330.19,35,35,35,0.29,31
Green Chillies,Vegetable/Fruit,2025,6,70,0,276.14,331.37,31,35,34,0.29,33
Green Chillies,Vegetable/Fruit,2025,7,63,0,273.23,327.88,33,35,33.5,0.29,35
Green Chillies,Vegetable/Fruit,2025,8,56,0,275.03,330.04,35,35,33.5,0.29,31
Green Chillies,Vegetable/Fruit,2025,9,49,0,272.09,326.51,31,31,32.5,0.29,35
Green Chillies,Vegetable/Fruit,2025,10,42,0,274.58,329.5,35,33,33.5,0.29,35
Green Chillies,Vegetable/Fruit,2025,11,35,0,273.76,328.51,35,35,34,0.29,35
Green Chillies,Vegetable/Fruit,2025,12,28,0,275.7,330.84,35,31,34,0.29,35
Green Chillies,Vegetable/Fruit,2025,13,21,1,274.52,329.42,35,35,35,0.29,35
Green Chillies,Vegetable/Fruit,2025,14,14,1,279.53,335.44,35,35,35,0.29,35
Green Chillies,Vegetable/Fruit,2025,15,7,1,280.92,337.1,35,35,35,0.29,69
Green Chillies,Vegetable/Fruit,2025,16,0,1,273.79,328.55,69,35,43.5,0.29,70
Green Chillies,Vegetable/Fruit,2025,17,358,0,272.09,326.51,70,35,52.2,0.29,35
Green Chillies,Vegetable/Fruit,2025,18,351,0,276.83,332.2,35,35,52.2,0.29,35
Green Chillies,Vegetable/Fruit,2025,19,344,0,273.13,327.76,35,69,52.2,0.29,35
Green Chillies,Vegetable/Fruit,2025,20,337,0,272.03,326.44,35,70,43.8,0.29,35
Green Chillies,Vegetable/Fruit,2025,21,330,0,274.57,329.48,35,35,35,0.29,26
Green Chillies,Vegetable/Fruit,2025,22,323,0,274.49,329.39,26,35,32.8,0.29,38
Green Chillies,Vegetable/Fruit,2025,23,316,0,273.03,327.64,38,35,33.5,0.29,26
Green Chillies,Vegetable/Fruit,2025,24,309,0,276.58,331.9,26,35,31.2,0.29,41
Green Chillies,Vegetable/Fruit,2025,25,302,0,273.94,328.73,41,26,32.8,0.29,36
Green Chillies,Vegetable/Fruit,2025,26,295,0,270.92,325.1,36,38,35.2,0.29,43
Green Chillies,Vegetable/Fruit,2025,27,288,0,274.36,329.23,43,26,36.5,0.29,35
Green Chillies,Vegetable/Fruit,2025,28,281,0,277.13,332.56,35,41,38.8,0.29,59
Green Chillies,Vegetable/Fruit,2025,29,274,0,277.87,333.44,59,36,43.2,0.29,31
Green Chillies,Vegetable/Fruit,2025,30,267,0,276.14,331.37,31,43,42,0.29,47
Green Chillies,Vegetable/Fruit,2025,31,260,0,275.95,331.14,47,35,43,0.29,35
Green Chillies,Vegetable/Fruit,2025,32,253,0,272.19,326.63,35,59,43,0.29,35
Green Chillies,Vegetable/Fruit,2025,33,246,0,276.28,331.54,35,31,37,0.29,35
Green Chillies,Vegetable/Fruit,2025,34,239,0,275.24,330.29,35,47,38,0.29,33
Green Chillies,Vegetable/Fruit,2025,35,232,0,275.98,331.18,33,35,34.5,0.29,35
Green Chillies,Vegetable/Fruit,2025,36,225,0,275.63,330.76,35,35,34.5,0.29,35
Green Chillies,Vegetable/Fruit,2025,37,218,0,277.08,332.5,35,35,34.5,0.29,32
Green Chillies,Vegetable/Fruit,2025,38,211,0,275.05,330.06,32,33,33.8,0.29,24
Green Chillies,Vegetable/Fruit,2025,39,204,0,275.5,330.6,24,35,31.5,0.29,45
Green Chillies,Vegetable/Fruit,2025,40,197,0,276.29,331.55,45,35,34,0.29,58
Green Chillies,Vegetable/Fruit,2025,41,190,0,272.57,327.08,58,32,39.8,0.29,42
Green Chillies,Vegetable/Fruit,2025,42,183,0,272.65,327.18,42,24,42.2,0.29,35
Green Chillies,Vegetable/Fruit,2025,43,176,0,275.72,330.86,35,45,45,0.29,35
Green Chillies,Vegetable/Fruit,2025,44,169,0,274.64,329.57,35,58,42.5,0.29,35
Green Chillies,Vegetable/Fruit,2025,45,162,0,276.76,332.11,35,42,36.8,0.29,35
Green Chillies,Vegetable/Fruit,2025,46,155,0,276.47,331.76,35,35,35,0.29,35
Green Chillies,Vegetable/Fruit,2025,47,148,0,276.6,331.92,35,35,35,0.29,35
Green Chillies,Vegetable/Fruit,2025,48,141,0,276.0,331.2,35,35,35,0.29,35
Green Chillies,Vegetable/Fruit,2025,49,134,0,277.28,332.74,35,35,35,0.29,35
Green Chillies,Vegetable/Fruit,2025,50,127,0,276.26,331.51,35,35,35,0.29,35
Green Chillies,Vegetable/Fruit,2025,51,120,0,274.18,329.02,35,35,35,0.29,33
Green Chillies,Vegetable/Fruit,2025,52,113,0,276.32,331.58,33,35,34.5,0.29,35
Green Chillies,Vegetable/Fruit,2026,1,106,0,276.46,331.75,35,35,34.5,0.29,35
Green Chillies,Vegetable/Fruit,2026,2,99,0,278.21,333.85,35,35,34.5,0.29,35
Green Chillies,Vegetable/Fruit,2026,3,92,0,276.41,331.69,35,33,34.5,0.29,34
Green Chillies,Vegetable/Fruit,2026,4,85,0,272.86,327.43,34,35,34.8,0.29,35
Green Chillies,Vegetable/Fruit,2026,5,78,0,277.23,332.68,35,35,34.8,0.29,35
Green Chillies,Vegetable/Fruit,2026,6,71,0,274.79,329.75,35,35,34.8,0.29,35
Green Chillies,Vegetable/Fruit,2026,7,64,0,277.63,333.16,35,34,34.8,0.29,35
Green Chillies,Vegetable/Fruit,2026,8,57,0,277.08,332.5,35,35,35,0.29,35
Green Chillies,Vegetable/Fruit,2026,9,50,0,276.19,331.43,35,35,35,0.29,35
Green Chillies,Vegetable/Fruit,2026,10,43,0,278.3,333.96,35,35,35,0.29,35
Green Chillies,Vegetable/Fruit,2026,11,36,0,276.42,331.7,35,35,35,0.29,34
Green Chillies,Vegetable/Fruit,2026,12,29,0,275.65,330.78,34,35,34.8,0.29,34
Green Chillies,Vegetable/Fruit,2026,13,22,0,276.52,331.82,34,35,34.5,0.29,35
Green Chillies,Vegetable/Fruit,2026,14,15,1,277.11,332.53,35,35,34.5,0.29,35
Green Chillies,Vegetable/Fruit,2026,15,8,1,282.5,339.0,35,34,34.5,0.29,70
Green Chillies,Vegetable/Fruit,2026,16,1,1,276.94,332.33,70,34,43.5,0.29,62
Green Chillies,Vegetable/Fruit,2026,17,359,0,276.22,331.46,62,35,50.5,0.29,37
Green Chillies,Vegetable/Fruit,2026,18,352,0,275.43,330.52,37,35,51,0.29,37
Green Chillies,Vegetable/Fruit,2026,19,345,0,279.16,334.99,37,70,51.5,0.29,35
Green Chillies,Vegetable/Fruit,2026,20,338,0,274.57,329.48,35,62,42.8,0.29,35
Green Chillies,Vegetable/Fruit,2026,21,331,0,275.93,331.12,35,37,36,0.29,35
Green Chillies,Vegetable/Fruit,2026,22,324,0,273.71,328.45,35,37,35.5,0.29,35
Green Chillies,Vegetable/Fruit,2026,23,317,0,277.42,332.9,35,35,35,0.29,35
Green Chillies,Vegetable/Fruit,2026,24,310,0,273.11,327.73,35,35,35,0.0,6
Lime,Vegetable/Fruit,2022,24,305,0,86.2,103.44,20,20,20,0.29,20
Lime,Vegetable/Fruit,2022,25,298,0,88.02,105.62,20,28,20,0.29,28
Lime,Vegetable/Fruit,2022,26,291,0,91.45,109.74,28,27,24,0.29,27
Lime,Vegetable/Fruit,2022,27,284,0,92.63,111.16,27,28,25,0.29,28
Lime,Vegetable/Fruit,2022,28,277,0,96.2,115.44,28,20,25.8,0.29,28
Lime,Vegetable/Fruit,2022,29,270,0,97.93,117.52,28,28,27.8,0.29,28
Lime,Vegetable/Fruit,2022,30,263,0,99.75,119.7,28,27,27.8,0.29,27
Lime,Vegetable/Fruit,2022,31,256,0,103.17,123.8,27,28,27.8,0.29,25
Lime,Vegetable/Fruit,2022,32,249,0,104.49,125.39,25,28,27,0.29,20
Lime,Vegetable/Fruit,2022,33,242,0,106.08,127.3,20,28,25,0.29,36
Lime,Vegetable/Fruit,2022,34,235,0,108.69,130.43,36,27,27,0.29,28
Lime,Vegetable/Fruit,2022,35,228,0,110.77,132.92,28,25,27.2,0.29,28
Lime,Vegetable/Fruit,2022,36,221,0,113.47,136.16,28,20,28,0.29,28
Lime,Vegetable/Fruit,2022,37,214,0,116.02,139.22,28,36,30,0.29,40
Lime,Vegetable/Fruit,2022,38,207,0,116.33,139.6,40,28,31,0.29,13
Lime,Vegetable/Fruit,2022,39,200,0,117.53,141.04,13,28,27.2,0.29,28
Lime,Vegetable/Fruit,2022,40,193,0,121.13,145.36,28,28,27.2,0.29,28
Lime,Vegetable/Fruit,2022,41,186,0,123.37,148.04,28,40,27.2,0.29,46
Lime,Vegetable/Fruit,2022,42,179,0,125.82,150.98,46,13,28.8,0.29,21
Lime,Vegetable/Fruit,2022,43,172,0,127.79,153.35,21,28,30.8,0.29,14
Lime,Vegetable/Fruit,2022,44,165,0,128.24,153.89,14,28,27.2,0.29,17
Lime,Vegetable/Fruit,2022,45,158,0,130.97,157.16,17,46,24.5,0.29,32
Lime,Vegetable/Fruit,2022,46,151,0,133.82,160.58,32,21,21,0.29,28
Lime,Vegetable/Fruit,2022,47,144,0,134.78,161.74,28,14,22.8,0.29,26
Lime,Vegetable/Fruit,2022,48,137,0,135.42,162.5,26,17,25.8,0.29,24
Lime,Vegetable/Fruit,2022,49,130,0,138.46,166.15,24,32,27.5,0.29,21
Lime,Vegetable/Fruit,2022,50,123,0,139.41,167.29,21,28,24.8,0.29,33
Lime,Vegetable/Fruit,2022,51,116,0,142.18,170.62,33,26,26,0.29,24
Lime,Vegetable/Fruit,2022,52,109,0,145.62,174.74,24,24,25.5,0.29,25
Lime,Vegetable/Fruit,2023,1,102,0,144.3,173.16,25,21,25.8,0.29,12
Lime,Vegetable/Fruit,2023,2,95,0,148.99,178.79,12,33,23.5,0.29,16
Lime,Vegetable/Fruit,2023,3,88,0,148.75,178.5,16,24,19.2,0.29,26
Lime,Vegetable/Fruit,2023,4,81,0,152.25,182.7,26,25,19.8,0.29,35
Lime,Vegetable/Fruit,2023,5,74,0,153.8,184.56,35,12,22.2,0.29,20
Lime,Vegetable/Fruit,2023,6,67,0,155.59,186.71,20,16,24.2,0.29,19
Lime,Vegetable/Fruit,2023,7,60,0,155.58,186.7,19,26,25,0.29,18
Lime,Vegetable/Fruit,2023,8,53,0,159.18,191.02,18,35,23,0.29,28
Lime,Vegetable/Fruit,2023,9,46,0,160.3,192.36,28,20,21.2,0.29,28
Lime,Vegetable/Fruit,2023,10,39,0,160.1,192.12,28,19,23.2,0.29,28
Lime,Vegetable/Fruit,2023,11,32,0,158.44,190.13,28,18,25.5,0.29,28
Lime,Vegetable/Fruit,2023,12,25,0,157.77,189.32,28,28,28,0.29,21
Lime,Vegetable/Fruit,2023,13,18,1,160.17,192.2,21,28,26.2,0.29,31
Lime,Vegetable/Fruit,2023,14,11,1,159.36,191.23,31,28,27,0.29,28
Lime,Vegetable/Fruit,2023,15,4,1,161.91,194.29,28,28,27,0.29,56
Lime,Vegetable/Fruit,2023,16,363,0,157.72,189.26,56,21,34,0.29,28
Lime,Vegetable/Fruit,2023,17,356,0,156.73,188.08,28,31,35.8,0.29,28
Lime,Vegetable/Fruit,2023,18,349,0,155.48,186.58,28,28,35,0.29,28
Lime,Vegetable/Fruit,2023,19,342,0,155.02,186.02,28,56,35,0.29,25
Lime,Vegetable/Fruit,2023,20,335,0,153.29,183.95,25,28,27.2,0.29,28
Lime,Vegetable/Fruit,2023,21,328,0,155.4,186.48,28,28,27.2,0.29,28
Lime,Vegetable/Fruit,2023,22,321,0,154.39,185.27,28,28,27.2,0.29,28
Lime,Vegetable/Fruit,2023,23,314,0,153.9,184.68,28,25,27.2,0.29,28
Lime,Vegetable/Fruit,2023,24,307,0,151.24,181.49,28,28,28,0.29,28
Lime,Vegetable/Fruit,2023,25,300,0,153.86,184.63,28,28,28,0.29,28
Lime,Vegetable/Fruit,2023,26,293,0,152.41,182.89,28,28,28,0.29,28
Lime,Vegetable/Fruit,2023,27,286,0,151.89,182.27,28,28,28,0.29,28
Lime,Vegetable/Fruit,2023,28,279,0,153.36,184.03,28,28,28,0.29,28
Lime,Vegetable/Fruit,2023,29,272,0,152.43,182.92,28,28,28,0.29,28
Lime,Vegetable/Fruit,2023,30,265,0,149.37,179.24,28,28,28,0.29,28
Lime,Vegetable/Fruit,2023,31,258,0,149.8,179.76,28,28,28,0.29,28
Lime,Vegetable/Fruit,2023,32,251,0,149.04,178.85,28,28,28,0.29,28
Lime,Vegetable/Fruit,2023,33,244,0,150.13,180.16,28,28,28,0.29,21
Lime,Vegetable/Fruit,2023,34,237,0,147.66,177.19,21,28,26.2,0.29,7
Lime,Vegetable/Fruit,2023,35,230,0,148.66,178.39,7,28,21,0.29,28
Lime,Vegetable/Fruit,2023,36,223,0,148.93,178.72,28,28,21,0.29,28
Lime,Vegetable/Fruit,2023,37,216,0,147.13,176.56,28,21,21,0.29,28
Lime,Vegetable/Fruit,2023,38,209,0,146.74,176.09,28,7,22.8,0.29,27
Lime,Vegetable/Fruit,2023,39,202,0,147.14,176.57,27,28,27.8,0.29,28
Lime,Vegetable/Fruit,2023,40,195,0,146.67,176.0,28,28,27.8,0.29,27
Lime,Vegetable/Fruit,2023,41,188,0,145.7,174.84,27,28,27.5,0.29,28
Lime,Vegetable/Fruit,2023,42,181,0,144.51,173.41,28,27,27.5,0.29,18
Lime,Vegetable/Fruit,2023,43,174,0,144.39,173.27,18,28,25.2,0.29,28
Lime,Vegetable/Fruit,2023,44,167,0,143.02,171.62,28,27,25.2,0.29,30
Lime,Vegetable/Fruit,2023,45,160,0,143.75,172.5,30,28,26,0.29,25
Lime,Vegetable/Fruit,2023,46,153,0,141.75,170.1,25,18,25.2,0.29,36
Lime,Vegetable/Fruit,2023,47,146,0,142.72,171.26,36,28,29.8,0.29,28
Lime,Vegetable/Fruit,2023,48,139,0,142.64,171.17,28,30,29.8,0.29,28
Lime,Vegetable/Fruit,2023,49,132,0,141.27,169.52,28,25,29.2,0.29,28
Lime,Vegetable/Fruit,2023,50,125,0,142.93,171.52,28,36,30,0.29,56
Lime,Vegetable/Fruit,2023,51,118,0,140.65,168.78,56,28,35,0.29,22
Lime,Vegetable/Fruit,2023,52,111,0,140.57,168.68,22,28,33.5,0.29,34
Lime,Vegetable/Fruit,2024,1,104,0,141.59,169.91,34,28,35,0.29,28
Lime,Vegetable/Fruit,2024,2,97,0,139.61,167.53,28,56,35,0.29,28
Lime,Vegetable/Fruit,2024,3,90,0,139.71,167.65,28,22,28,0.29,28
Lime,Vegetable/Fruit,2024,4,83,0,140.58,168.7,28,34,29.5,0.29,28
Lime,Vegetable/Fruit,2024,5,76,0,140.69,168.83,28,28,28,0.29,28
Lime,Vegetable/Fruit,2024,6,69,0,138.91,166.69,28,28,28,0.29,23
Lime,Vegetable/Fruit,2024,7,62,0,139.18,167.02,23,28,26.8,0.29,26
Lime,Vegetable/Fruit,2024,8,55,0,138.49,166.19,26,28,26.2,0.29,32
Lime,Vegetable/Fruit,2024,9,48,0,140.71,168.85,32,28,27.2,0.29,23
Lime,Vegetable/Fruit,2024,10,41,0,139.75,167.7,23,23,26,0.29,19
Lime,Vegetable/Fruit,2024,11,34,0,140.15,168.18,19,26,25,0.29,33
Lime,Vegetable/Fruit,2024,12,27,0,139.15,166.98,33,32,26.8,0.29,28
Lime,Vegetable/Fruit,2024,13,20,1,137.2,164.64,28,23,25.8,0.29,28
Lime,Vegetable/Fruit,2024,14,13,1,140.64,168.77,28,19,27,0.29,37
Lime,Vegetable/Fruit,2024,15,6,1,142.81,171.37,37,33,31.5,0.29,56
Lime,Vegetable/Fruit,2024,16,364,0,139.11,166.93,56,28,37.2,0.29,28
Lime,Vegetable/Fruit,2024,17,357,0,138.52,166.22,28,28,37.2,0.29,27
Lime,Vegetable/Fruit,2024,18,350,0,139.76,167.71,27,37,37,0.29,28
Lime,Vegetable/Fruit,2024,19,343,0,136.62,163.94,28,56,34.8,0.29,28
Lime,Vegetable/Fruit,2024,20,336,0,138.78,166.54,28,28,27.8,0.29,48
Lime,Vegetable/Fruit,2024,21,329,0,138.52,166.22,48,27,32.8,0.29,27
Lime,Vegetable/Fruit,2024,22,322,0,138.44,166.13,27,28,32.8,0.29,37
Lime,Vegetable/Fruit,2024,23,315,0,139.4,167.28,37,28,35,0.29,28
Lime,Vegetable/Fruit,2024,24,308,0,138.44,166.13,28,48,35,0.29,28
Lime,Vegetable/Fruit,2024,25,301,0,137.97,165.56,28,27,30,0.29,28
Lime,Vegetable/Fruit,2024,26,294,0,139.58,167.5,28,37,30.2,0.29,28
Lime,Vegetable/Fruit,2024,27,287,0,139.88,167.86,28,28,28,0.29,28
Lime,Vegetable/Fruit,2024,28,280,0,138.45,166.14,28,28,28,0.29,28
Lime,Vegetable/Fruit,2024,29,273,0,137.84,165.41,28,28,28,0.29,48
Lime,Vegetable/Fruit,2024,30,266,0,138.73,166.48,48,28,33,0.29,16
Lime,Vegetable/Fruit,2024,31,259,0,137.78,165.34,16,28,30,0.29,16
Lime,Vegetable/Fruit,2024,32,252,0,139.74,167.69,16,28,27,0.29,19
Lime,Vegetable/Fruit,2024,33,245,0,139.47,167.36,19,48,24.8,0.29,34
Lime,Vegetable/Fruit,2024,34,238,0,139.88,167.86,34,16,21.2,0.29,28
Lime,Vegetable/Fruit,2024,35,231,0,140.1,168.12,28,16,24.2,0.29,24
Lime,Vegetable/Fruit,2024,36,224,0,141.71,170.05,24,19,26.2,0.29,28
Lime,Vegetable/Fruit,2024,37,217,0,140.29,168.35,28,34,28.5,0.29,28
Lime,Vegetable/Fruit,2024,38,210,0,139.31,167.17,28,28,27,0.29,28
Lime,Vegetable/Fruit,2024,39,203,0,139.36,167.23,28,24,27,0.29,28
Lime,Vegetable/Fruit,2024,40,196,0,139.76,167.71,28,28,28,0.29,28
Lime,Vegetable/Fruit,2024,41,189,0,140.76,168.91,28,28,28,0.29,23
Lime,Vegetable/Fruit,2024,42,182,0,139.56,167.47,23,28,26.8,0.29,26
Lime,Vegetable/Fruit,2024,43,175,0,140.94,169.13,26,28,26.2,0.29,17
Lime,Vegetable/Fruit,2024,44,168,0,139.71,167.65,17,28,23.5,0.29,29
Lime,Vegetable/Fruit,2024,45,161,0,139.24,167.09,29,23,23.8,0.29,39
Lime,Vegetable/Fruit,2024,46,154,0,140.83,169.0,39,26,27.8,0.29,34
Lime,Vegetable/Fruit,2024,47,147,0,140.18,168.22,34,17,29.8,0.29,28
Lime,Vegetable/Fruit,2024,48,140,0,141.44,169.73,28,29,32.5,0.29,16
Lime,Vegetable/Fruit,2024,49,133,0,141.11,169.33,16,39,29.2,0.29,29
Lime,Vegetable/Fruit,2024,50,126,0,142.54,171.05,29,34,26.8,0.29,27
Lime,Vegetable/Fruit,2024,51,119,0,140.34,168.41,27,28,25,0.29,30
Lime,Vegetable/Fruit,2024,52,112,0,141.44,169.73,30,16,25.5,0.29,17
Lime,Vegetable/Fruit,2025,1,105,0,142.0,170.4,17,29,25.8,0.29,17
Lime,Vegetable/Fruit,2025,2,98,0,141.03,169.24,17,27,22.8,0.29,19
Lime,Vegetable/Fruit,2025,3,91,0,141.85,170.22,19,30,20.8,0.29,32
Lime,Vegetable/Fruit,2025,4,84,0,140.72,168.86,32,17,21.2,0.29,23
Lime,Vegetable/Fruit,2025,5,77,0,141.64,169.97,23,17,22.8,0.29,38
Lime,Vegetable/Fruit,2025,6,70,0,141.29,169.55,38,19,28,0.29,28
Lime,Vegetable/Fruit,2025,7,63,0,142.73,171.28,28,32,30.2,0.29,28
Lime,Vegetable/Fruit,2025,8,56,0,139.42,167.3,28,23,29.2,0.29,14
Lime,Vegetable/Fruit,2025,9,49,0,140.43,168.52,14,38,27,0.29,36
Lime,Vegetable/Fruit,2025,10,42,0,140.22,168.26,36,28,26.5,0.29,28
Lime,Vegetable/Fruit,2025,11,35,0,140.44,168.53,28,28,26.5,0.29,28
Lime,Vegetable/Fruit,2025,12,28,0,142.64,171.17,28,14,26.5,0.29,28
Lime,Vegetable/Fruit,2025,13,21,1,142.31,170.77,28,36,30,0.29,26
Lime,Vegetable/Fruit,2025,14,14,1,142.08,170.5,26,28,27.5,0.29,28
Lime,Vegetable/Fruit,2025,15,7,1,144.17,173.0,28,28,27.5,0.29,28
Lime,Vegetable/Fruit,2025,16,0,1,141.5,169.8,28,28,27.5,0.29,46
Lime,Vegetable/Fruit,2025,17,358,0,141.3,169.56,46,26,32,0.29,30
Lime,Vegetable/Fruit,2025,18,351,0,140.4,168.48,30,28,33,0.29,34
Lime,Vegetable/Fruit,2025,19,344,0,141.82,170.18,34,28,34.5,0.29,28
Lime,Vegetable/Fruit,2025,20,337,0,139.97,167.96,28,46,34.5,0.29,28
Lime,Vegetable/Fruit,2025,21,330,0,140.98,169.18,28,30,30,0.29,21
Lime,Vegetable/Fruit,2025,22,323,0,142.76,171.31,21,34,27.8,0.29,32
Lime,Vegetable/Fruit,2025,23,316,0,141.26,169.51,32,28,27.2,0.29,28
Lime,Vegetable/Fruit,2025,24,309,0,143.28,171.94,28,28,27.2,0.29,23
Lime,Vegetable/Fruit,2025,25,302,0,142.41,170.89,23,21,26,0.29,25
Lime,Vegetable/Fruit,2025,26,295,0,140.96,169.15,25,32,27,0.29,26
Lime,Vegetable/Fruit,2025,27,288,0,143.32,171.98,26,28,25.5,0.29,32
Lime,Vegetable/Fruit,2025,28,281,0,139.98,167.98,32,23,26.5,0.29,30
Lime,Vegetable/Fruit,2025,29,274,0,142.42,170.9,30,25,28.2,0.29,28
Lime,Vegetable/Fruit,2025,30,267,0,141.22,169.46,28,26,29,0.29,28
Lime,Vegetable/Fruit,2025,31,260,0,142.33,170.8,28,32,29.5,0.29,28
Lime,Vegetable/Fruit,2025,32,253,0,142.24,170.69,28,30,28.5,0.29,28
Lime,Vegetable/Fruit,2025,33,246,0,142.59,171.11,28,28,28,0.29,24
Lime,Vegetable/Fruit,2025,34,239,0,140.84,169.01,24,28,27,0.29,28
Lime,Vegetable/Fruit,2025,35,232,0,141.67,170.0,28,28,27,0.29,28
Lime,Vegetable/Fruit,2025,36,225,0,143.01,171.61,28,28,27,0.29,28
Lime,Vegetable/Fruit,2025,37,218,0,141.5,169.8,28,24,27,0.29,25
Lime,Vegetable/Fruit,2025,38,211,0,141.38,169.66,25,28,27.2,0.29,27
Lime,Vegetable/Fruit,2025,39,204,0,141.86,170.23,27,28,27,0.29,28
Lime,Vegetable/Fruit,2025,40,197,0,142.47,170.96,28,28,27,0.29,28
Lime,Vegetable/Fruit,2025,41,190,0,141.91,170.29,28,25,27,0.29,28
Lime,Vegetable/Fruit,2025,42,183,0,143.44,172.13,28,27,27.8,0.29,28
Lime,Vegetable/Fruit,2025,43,176,0,142.64,171.17,28,28,28,0.29,28
Lime,Vegetable/Fruit,2025,44,169,0,142.83,171.4,28,28,28,0.29,24
Lime,Vegetable/Fruit,2025,45,162,0,141.27,169.52,24,28,27,0.29,28
Lime,Vegetable/Fruit,2025,46,155,0,142.02,170.42,28,28,27,0.29,27
Lime,Vegetable/Fruit,2025,47,148,0,141.04,169.25,27,28,26.8,0.29,28
Lime,Vegetable/Fruit,2025,48,141,0,143.14,171.77,28,24,26.8,0.29,28
Lime,Vegetable/Fruit,2025,49,134,0,142.69,171.23,28,28,27.8,0.29,28
Lime,Vegetable/Fruit,2025,50,127,0,141.95,170.34,28,27,27.8,0.29,28
Lime,Vegetable/Fruit,2025,51,120,0,142.05,170.46,28,28,28,0.29,28
Lime,Vegetable/Fruit,2025,52,113,0,141.79,170.15,28,28,28,0.29,28
Lime,Vegetable/Fruit,2026,1,106,0,142.87,171.44,28,28,28,0.29,28
Lime,Vegetable/Fruit,2026,2,99,0,141.16,169.39,28,28,28,0.29,28
Lime,Vegetable/Fruit,2026,3,92,0,142.22,170.66,28,28,28,0.29,28
Lime,Vegetable/Fruit,2026,4,85,0,141.99,170.39,28,28,28,0.29,28
Lime,Vegetable/Fruit,2026,5,78,0,141.7,170.04,28,28,28,0.29,28
Lime,Vegetable/Fruit,2026,6,71,0,141.85,170.22,28,28,28,0.29,26
Lime,Vegetable/Fruit,2026,7,64,0,143.73,172.48,26,28,27.5,0.29,26
Lime,Vegetable/Fruit,2026,8,57,0,142.53,171.04,26,28,27,0.29,28
Lime,Vegetable/Fruit,2026,9,50,0,143.18,171.82,28,28,27,0.29,28
Lime,Vegetable/Fruit,2026,10,43,0,142.65,171.18,28,26,27,0.29,26
Lime,Vegetable/Fruit,2026,11,36,0,141.62,169.94,26,26,27,0.29,28
Lime,Vegetable/Fruit,2026,12,29,0,142.58,171.1,28,28,27.5,0.29,28
Lime,Vegetable/Fruit,2026,13,22,0,142.74,171.29,28,28,27.5,0.29,28
Lime,Vegetable/Fruit,2026,14,15,1,144.77,173.72,28,26,27.5,0.29,28
Lime,Vegetable/Fruit,2026,15,8,1,146.44,175.73,28,28,28,0.29,56
Lime,Vegetable/Fruit,2026,16,1,1,145.0,174.0,56,28,35,0.29,49
Lime,Vegetable/Fruit,2026,17,359,0,141.72,170.06,49,28,40.2,0.29,26
Lime,Vegetable/Fruit,2026,18,352,0,143.73,172.48,26,28,39.8,0.29,24
Lime,Vegetable/Fruit,2026,19,345,0,141.12,169.34,24,56,38.8,0.29,33
Lime,Vegetable/Fruit,2026,20,338,0,142.72,171.26,33,49,33,0.29,31
Lime,Vegetable/Fruit,2026,21,331,0,142.64,171.17,31,26,28.5,0.29,18
Lime,Vegetable/Fruit,2026,22,324,0,143.37,172.04,18,24,26.5,0.29,37
Lime,Vegetable/Fruit,2026,23,317,0,142.31,170.77,37,33,29.8,0.29,28
Lime,Vegetable/Fruit,2026,24,310,0,139.74,167.69,28,31,28.5,0.0,14
Cucumber,Vegetable/Fruit,2022,24,305,0,51.87,62.24,26,26,26,0.29,26
Cucumber,Vegetable/Fruit,2022,25,298,0,52.9,63.48,26,25,26,0.29,25
Cucumber,Vegetable/Fruit,2022,26,291,0,54.6,65.52,25,32,25.5,0.29,32
Cucumber,Vegetable/Fruit,2022,27,284,0,55.34,66.41,32,17,27.7,0.29,17
Cucumber,Vegetable/Fruit,2022,28,277,0,57.0,68.4,17,26,25,0.29,25
Cucumber,Vegetable/Fruit,2022,29,270,0,58.22,69.86,25,25,24.8,0.29,25
Cucumber,Vegetable/Fruit,2022,30,263,0,59.22,71.06,25,32,24.8,0.29,35
Cucumber,Vegetable/Fruit,2022,31,256,0,60.96,73.15,35,17,25.5,0.29,24
Cucumber,Vegetable/Fruit,2022,32,249,0,62.71,75.25,24,25,27.2,0.29,21
Cucumber,Vegetable/Fruit,2022,33,242,0,63.58,76.3,21,25,26.2,0.29,29
Cucumber,Vegetable/Fruit,2022,34,235,0,65.09,78.11,29,35,27.2,0.29,36
Cucumber,Vegetable/Fruit,2022,35,228,0,66.6,79.92,36,24,27.5,0.29,20
Cucumber,Vegetable/Fruit,2022,36,221,0,67.4,80.88,20,21,26.5,0.29,28
Cucumber,Vegetable/Fruit,2022,37,214,0,68.07,81.68,28,29,28.2,0.29,38
Cucumber,Vegetable/Fruit,2022,38,207,0,69.64,83.57,38,36,30.5,0.29,25
Cucumber,Vegetable/Fruit,2022,39,200,0,71.44,85.73,25,20,27.8,0.29,24
Cucumber,Vegetable/Fruit,2022,40,193,0,72.36,86.83,24,28,28.8,0.29,35
Cucumber,Vegetable/Fruit,2022,41,186,0,73.4,88.08,35,38,30.5,0.29,32
Cucumber,Vegetable/Fruit,2022,42,179,0,74.79,89.75,32,25,29,0.29,27
Cucumber,Vegetable/Fruit,2022,43,172,0,75.33,90.4,27,24,29.5,0.29,27
Cucumber,Vegetable/Fruit,2022,44,165,0,76.21,91.45,27,35,30.2,0.29,16
Cucumber,Vegetable/Fruit,2022,45,158,0,77.96,93.55,16,32,25.5,0.29,35
Cucumber,Vegetable/Fruit,2022,46,151,0,79.74,95.69,35,27,26.2,0.29,34
Cucumber,Vegetable/Fruit,2022,47,144,0,79.89,95.87,34,27,28,0.29,22
Cucumber,Vegetable/Fruit,2022,48,137,0,81.18,97.42,22,16,26.8,0.29,18
Cucumber,Vegetable/Fruit,2022,49,130,0,82.94,99.53,18,35,27.2,0.29,27
Cucumber,Vegetable/Fruit,2022,50,123,0,84.5,101.4,27,34,25.2,0.29,32
Cucumber,Vegetable/Fruit,2022,51,116,0,85.37,102.44,32,22,24.8,0.29,21
Cucumber,Vegetable/Fruit,2022,52,109,0,86.64,103.97,21,18,24.5,0.29,14
Cucumber,Vegetable/Fruit,2023,1,102,0,87.57,105.08,14,27,23.5,0.29,20
Cucumber,Vegetable/Fruit,2023,2,95,0,87.52,105.02,20,32,21.8,0.29,15
Cucumber,Vegetable/Fruit,2023,3,88,0,88.52,106.22,15,21,17.5,0.29,35
Cucumber,Vegetable/Fruit,2023,4,81,0,90.19,108.23,35,14,21,0.29,35
Cucumber,Vegetable/Fruit,2023,5,74,0,91.06,109.27,35,20,26.2,0.29,32
Cucumber,Vegetable/Fruit,2023,6,67,0,93.42,112.1,32,15,29.2,0.29,16
Cucumber,Vegetable/Fruit,2023,7,60,0,94.45,113.34,16,35,29.5,0.29,19
Cucumber,Vegetable/Fruit,2023,8,53,0,94.9,113.88,19,35,25.5,0.29,16
Cucumber,Vegetable/Fruit,2023,9,46,0,94.91,113.89,16,32,20.8,0.29,19
Cucumber,Vegetable/Fruit,2023,10,39,0,95.48,114.58,19,16,17.5,0.29,13
Cucumber,Vegetable/Fruit,2023,11,32,0,94.93,113.92,13,19,16.8,0.29,19
Cucumber,Vegetable/Fruit,2023,12,25,0,93.21,111.85,19,16,16.8,0.29,25
Cucumber,Vegetable/Fruit,2023,13,18,1,94.5,113.4,25,19,19,0.29,10
Cucumber,Vegetable/Fruit,2023,14,11,1,95.34,114.41,10,13,16.8,0.29,35
Cucumber,Vegetable/Fruit,2023,15,4,1,95.6,114.72,35,19,22.2,0.29,68
Cucumber,Vegetable/Fruit,2023,16,363,0,94.15,112.98,68,25,34.5,0.29,31
Cucumber,Vegetable/Fruit,2023,17,356,0,92.35,110.82,31,10,36,0.29,34
Cucumber,Vegetable/Fruit,2023,18,349,0,92.66,111.19,34,35,42,0.29,35
Cucumber,Vegetable/Fruit,2023,19,342,0,92.58,111.1,35,68,42,0.29,35
Cucumber,Vegetable/Fruit,2023,20,335,0,93.46,112.15,35,31,33.8,0.29,35
Cucumber,Vegetable/Fruit,2023,21,328,0,91.96,110.35,35,34,34.8,0.29,29
Cucumber,Vegetable/Fruit,2023,22,321,0,91.92,110.3,29,35,33.5,0.29,14
Cucumber,Vegetable/Fruit,2023,23,314,0,91.39,109.67,14,35,28.2,0.29,27
Cucumber,Vegetable/Fruit,2023,24,307,0,92.04,110.45,27,35,26.2,0.29,29
Cucumber,Vegetable/Fruit,2023,25,300,0,91.28,109.54,29,29,24.8,0.29,24
Cucumber,Vegetable/Fruit,2023,26,293,0,91.44,109.73,24,14,23.5,0.29,17
Cucumber,Vegetable/Fruit,2023,27,286,0,90.64,108.77,17,27,24.2,0.29,35
Cucumber,Vegetable/Fruit,2023,28,279,0,90.55,108.66,35,29,26.2,0.29,26
Cucumber,Vegetable/Fruit,2023,29,272,0,89.47,107.36,26,24,25.5,0.29,22
Cucumber,Vegetable/Fruit,2023,30,265,0,89.82,107.78,22,17,25,0.29,22
Cucumber,Vegetable/Fruit,2023,31,258,0,88.79,106.55,22,35,26.2,0.29,24
Cucumber,Vegetable/Fruit,2023,32,251,0,89.9,107.88,24,26,23.5,0.29,20
Cucumber,Vegetable/Fruit,2023,33,244,0,88.48,106.18,20,22,22,0.29,21
Cucumber,Vegetable/Fruit,2023,34,237,0,87.88,105.46,21,22,21.8,0.29,22
Cucumber,Vegetable/Fruit,2023,35,230,0,88.8,106.56,22,24,21.8,0.29,40
Cucumber,Vegetable/Fruit,2023,36,223,0,88.3,105.96,40,20,25.8,0.29,40
Cucumber,Vegetable/Fruit,2023,37,216,0,86.93,104.32,40,21,30.8,0.29,30
Cucumber,Vegetable/Fruit,2023,38,209,0,86.58,103.9,30,22,33,0.29,35
Cucumber,Vegetable/Fruit,2023,39,202,0,87.22,104.66,35,40,36.2,0.29,35
Cucumber,Vegetable/Fruit,2023,40,195,0,85.66,102.79,35,40,35,0.29,26
Cucumber,Vegetable/Fruit,2023,41,188,0,87.52,105.02,26,30,31.5,0.29,24
Cucumber,Vegetable/Fruit,2023,42,181,0,86.15,103.38,24,35,30,0.29,36
Cucumber,Vegetable/Fruit,2023,43,174,0,85.56,102.67,36,35,30.2,0.29,31
Cucumber,Vegetable/Fruit,2023,44,167,0,85.85,103.02,31,26,29.2,0.29,13
Cucumber,Vegetable/Fruit,2023,45,160,0,85.66,102.79,13,24,26,0.29,21
Cucumber,Vegetable/Fruit,2023,46,153,0,85.44,102.53,21,36,25.2,0.29,38
Cucumber,Vegetable/Fruit,2023,47,146,0,85.72,102.86,38,31,25.8,0.29,24
Cucumber,Vegetable/Fruit,2023,48,139,0,85.05,102.06,24,13,24,0.29,22
Cucumber,Vegetable/Fruit,2023,49,132,0,84.29,101.15,22,21,26.2,0.29,29
Cucumber,Vegetable/Fruit,2023,50,125,0,83.55,100.26,29,38,28.2,0.29,29
Cucumber,Vegetable/Fruit,2023,51,118,0,83.51,100.21,29,24,26,0.29,27
Cucumber,Vegetable/Fruit,2023,52,111,0,82.47,98.96,27,22,26.8,0.29,26
Cucumber,Vegetable/Fruit,2024,1,104,0,83.09,99.71,26,29,27.8,0.29,23
Cucumber,Vegetable/Fruit,2024,2,97,0,82.53,99.04,23,29,26.2,0.29,23
Cucumber,Vegetable/Fruit,2024,3,90,0,83.66,100.39,23,27,24.8,0.29,23
Cucumber,Vegetable/Fruit,2024,4,83,0,83.09,99.71,23,26,23.8,0.29,24
Cucumber,Vegetable/Fruit,2024,5,76,0,83.51,100.21,24,23,23.2,0.29,35
Cucumber,Vegetable/Fruit,2024,6,69,0,82.6,99.12,35,23,26.2,0.29,30
Cucumber,Vegetable/Fruit,2024,7,62,0,82.77,99.32,30,23,28,0.29,26
Cucumber,Vegetable/Fruit,2024,8,55,0,82.43,98.92,26,24,28.8,0.29,24
Cucumber,Vegetable/Fruit,2024,9,48,0,82.05,98.46,24,35,28.8,0.29,19
Cucumber,Vegetable/Fruit,2024,10,41,0,82.87,99.44,19,30,24.8,0.29,34
Cucumber,Vegetable/Fruit,2024,11,34,0,83.06,99.67,34,26,25.8,0.29,15
Cucumber,Vegetable/Fruit,2024,12,27,0,81.87,98.24,15,24,23,0.29,20
Cucumber,Vegetable/Fruit,2024,13,20,1,82.71,99.25,20,19,22,0.29,27
Cucumber,Vegetable/Fruit,2024,14,13,1,83.21,99.85,27,34,24,0.29,26
Cucumber,Vegetable/Fruit,2024,15,6,1,84.53,101.44,26,15,22,0.29,52
Cucumber,Vegetable/Fruit,2024,16,364,0,82.06,98.47,52,20,31.2,0.29,25
Cucumber,Vegetable/Fruit,2024,17,357,0,81.86,98.23,25,27,32.5,0.29,37
Cucumber,Vegetable/Fruit,2024,18,350,0,82.15,98.58,37,26,35,0.29,29
Cucumber,Vegetable/Fruit,2024,19,343,0,82.76,99.31,29,52,35.8,0.29,31
Cucumber,Vegetable/Fruit,2024,20,336,0,82.5,99.0,31,25,30.5,0.29,25
Cucumber,Vegetable/Fruit,2024,21,329,0,82.18,98.62,25,37,30.5,0.29,56
Cucumber,Vegetable/Fruit,2024,22,322,0,82.42,98.9,56,29,35.2,0.29,35
Cucumber,Vegetable/Fruit,2024,23,315,0,82.72,99.26,35,31,36.8,0.29,34
Cucumber,Vegetable/Fruit,2024,24,308,0,82.18,98.62,34,25,37.5,0.29,29
Cucumber,Vegetable/Fruit,2024,25,301,0,82.84,99.41,29,56,38.5,0.29,20
Cucumber,Vegetable/Fruit,2024,26,294,0,82.72,99.26,20,35,29.5,0.29,21
Cucumber,Vegetable/Fruit,2024,27,287,0,82.22,98.66,21,34,26,0.29,26
Cucumber,Vegetable/Fruit,2024,28,280,0,82.72,99.26,26,29,24,0.29,22
Cucumber,Vegetable/Fruit,2024,29,273,0,83.42,100.1,22,20,22.2,0.29,44
Cucumber,Vegetable/Fruit,2024,30,266,0,82.67,99.2,44,21,28.2,0.29,28
Cucumber,Vegetable/Fruit,2024,31,259,0,82.71,99.25,28,26,30,0.29,15
Cucumber,Vegetable/Fruit,2024,32,252,0,82.56,99.07,15,22,27.2,0.29,35
Cucumber,Vegetable/Fruit,2024,33,245,0,82.62,99.14,35,44,30.5,0.29,22
Cucumber,Vegetable/Fruit,2024,34,238,0,83.76,100.51,22,28,25,0.29,35
Cucumber,Vegetable/Fruit,2024,35,231,0,82.55,99.06,35,15,26.8,0.29,29
Cucumber,Vegetable/Fruit,2024,36,224,0,84.0,100.8,29,35,30.2,0.29,17
Cucumber,Vegetable/Fruit,2024,37,217,0,83.64,100.37,17,22,25.8,0.29,35
Cucumber,Vegetable/Fruit,2024,38,210,0,83.52,100.22,35,35,29,0.29,35
Cucumber,Vegetable/Fruit,2024,39,203,0,83.2,99.84,35,29,29,0.29,35
Cucumber,Vegetable/Fruit,2024,40,196,0,83.71,100.45,35,17,30.5,0.29,26
Cucumber,Vegetable/Fruit,2024,41,189,0,82.76,99.31,26,35,32.8,0.29,27
Cucumber,Vegetable/Fruit,2024,42,182,0,84.09,100.91,27,35,30.8,0.29,26
Cucumber,Vegetable/Fruit,2024,43,175,0,83.43,100.12,26,35,28.5,0.29,21
Cucumber,Vegetable/Fruit,2024,44,168,0,83.2,99.84,21,26,25,0.29,30
Cucumber,Vegetable/Fruit,2024,45,161,0,83.74,100.49,30,27,26,0.29,35
Cucumber,Vegetable/Fruit,2024,46,154,0,83.02,99.62,35,26,28,0.29,35
Cucumber,Vegetable/Fruit,2024,47,147,0,84.35,101.22,35,21,30.2,0.29,35
Cucumber,Vegetable/Fruit,2024,48,140,0,84.16,100.99,35,30,33.8,0.29,22
Cucumber,Vegetable/Fruit,2024,49,133,0,83.4,100.08,22,35,31.8,0.29,27
Cucumber,Vegetable/Fruit,2024,50,126,0,83.15,99.78,27,35,29.8,0.29,28
Cucumber,Vegetable/Fruit,2024,51,119,0,83.22,99.86,28,35,28,0.29,21
Cucumber,Vegetable/Fruit,2024,52,112,0,83.33,100.0,21,22,24.5,0.29,21
Cucumber,Vegetable/Fruit,2025,1,105,0,83.92,100.7,21,27,24.2,0.29,35
Cucumber,Vegetable/Fruit,2025,2,98,0,84.01,100.81,35,28,26.2,0.29,22
Cucumber,Vegetable/Fruit,2025,3,91,0,84.81,101.77,22,21,24.8,0.29,24
Cucumber,Vegetable/Fruit,2025,4,84,0,84.33,101.2,24,21,25.5,0.29,31
Cucumber,Vegetable/Fruit,2025,5,77,0,84.03,100.84,31,35,28,0.29,35
Cucumber,Vegetable/Fruit,2025,6,70,0,84.31,101.17,35,22,28,0.29,33
Cucumber,Vegetable/Fruit,2025,7,63,0,83.57,100.28,33,24,30.8,0.29,20
Cucumber,Vegetable/Fruit,2025,8,56,0,84.17,101.0,20,31,29.8,0.29,39
Cucumber,Vegetable/Fruit,2025,9,49,0,84.39,101.27,39,35,31.8,0.29,36
Cucumber,Vegetable/Fruit,2025,10,42,0,83.66,100.39,36,33,32,0.29,22
Cucumber,Vegetable/Fruit,2025,11,35,0,84.07,100.88,22,20,29.2,0.29,33
Cucumber,Vegetable/Fruit,2025,12,28,0,84.58,101.5,33,39,32.5,0.29,33
Cucumber,Vegetable/Fruit,2025,13,21,1,83.96,100.75,33,36,31,0.29,38
Cucumber,Vegetable/Fruit,2025,14,14,1,84.46,101.35,38,22,31.5,0.29,46
Cucumber,Vegetable/Fruit,2025,15,7,1,85.84,103.01,46,33,37.5,0.29,35
Cucumber,Vegetable/Fruit,2025,16,0,1,83.75,100.5,35,33,38,0.29,50
Cucumber,Vegetable/Fruit,2025,17,358,0,85.03,102.04,50,38,42.2,0.29,20
Cucumber,Vegetable/Fruit,2025,18,351,0,84.13,100.96,20,46,37.8,0.29,23
Cucumber,Vegetable/Fruit,2025,19,344,0,84.98,101.98,23,35,32,0.29,12
Cucumber,Vegetable/Fruit,2025,20,337,0,84.02,100.82,12,50,26.2,0.29,15
Cucumber,Vegetable/Fruit,2025,21,330,0,84.17,101.0,15,20,17.5,0.29,20
Cucumber,Vegetable/Fruit,2025,22,323,0,84.67,101.6,20,23,17.5,0.29,35
Cucumber,Vegetable/Fruit,2025,23,316,0,84.35,101.22,35,12,20.5,0.29,28
Cucumber,Vegetable/Fruit,2025,24,309,0,84.18,101.02,28,15,24.5,0.29,40
Cucumber,Vegetable/Fruit,2025,25,302,0,84.45,101.34,40,20,30.8,0.29,35
Cucumber,Vegetable/Fruit,2025,26,295,0,83.53,100.24,35,35,34.5,0.29,15
Cucumber,Vegetable/Fruit,2025,27,288,0,83.42,100.1,15,28,29.5,0.29,42
Cucumber,Vegetable/Fruit,2025,28,281,0,84.28,101.14,42,40,33,0.29,34
Cucumber,Vegetable/Fruit,2025,29,274,0,84.25,101.1,34,35,31.5,0.29,24
Cucumber,Vegetable/Fruit,2025,30,267,0,84.25,101.1,24,15,28.8,0.29,39
Cucumber,Vegetable/Fruit,2025,31,260,0,84.39,101.27,39,42,34.8,0.29,16
Cucumber,Vegetable/Fruit,2025,32,253,0,84.31,101.17,16,34,28.2,0.29,34
Cucumber,Vegetable/Fruit,2025,33,246,0,83.91,100.69,34,24,28.2,0.29,30
Cucumber,Vegetable/Fruit,2025,34,239,0,84.42,101.3,30,39,29.8,0.29,31
Cucumber,Vegetable/Fruit,2025,35,232,0,84.94,101.93,31,16,27.8,0.29,20
Cucumber,Vegetable/Fruit,2025,36,225,0,85.62,102.74,20,34,28.8,0.29,29
Cucumber,Vegetable/Fruit,2025,37,218,0,84.14,100.97,29,30,27.5,0.29,33
Cucumber,Vegetable/Fruit,2025,38,211,0,84.66,101.59,33,31,28.2,0.29,32
Cucumber,Vegetable/Fruit,2025,39,204,0,84.04,100.85,32,20,28.5,0.29,41
Cucumber,Vegetable/Fruit,2025,40,197,0,83.93,100.72,41,29,33.8,0.29,30
Cucumber,Vegetable/Fruit,2025,41,190,0,84.37,101.24,30,33,34,0.29,28
Cucumber,Vegetable/Fruit,2025,42,183,0,85.08,102.1,28,32,32.8,0.29,22
Cucumber,Vegetable/Fruit,2025,43,176,0,85.8,102.96,22,41,30.2,0.29,35
Cucumber,Vegetable/Fruit,2025,44,169,0,83.46,100.15,35,30,28.8,0.29,35
Cucumber,Vegetable/Fruit,2025,45,162,0,84.56,101.47,35,28,30,0.29,29
Cucumber,Vegetable/Fruit,2025,46,155,0,84.99,101.99,29,22,30.2,0.29,26
Cucumber,Vegetable/Fruit,2025,47,148,0,84.69,101.63,26,35,31.2,0.29,36
Cucumber,Vegetable/Fruit,2025,48,141,0,84.29,101.15,36,35,31.5,0.29,27
Cucumber,Vegetable/Fruit,2025,49,134,0,83.94,100.73,27,29,29.5,0.29,17
Cucumber,Vegetable/Fruit,2025,50,127,0,84.88,101.86,17,26,26.5,0.29,22
Cucumber,Vegetable/Fruit,2025,51,120,0,84.92,101.9,22,36,25.5,0.29,28
Cucumber,Vegetable/Fruit,2025,52,113,0,84.02,100.82,28,27,23.5,0.29,19
Cucumber,Vegetable/Fruit,2026,1,106,0,85.15,102.18,19,17,21.5,0.29,35
Cucumber,Vegetable/Fruit,2026,2,99,0,85.11,102.13,35,22,26,0.29,35
Cucumber,Vegetable/Fruit,2026,3,92,0,84.73,101.68,35,28,29.2,0.29,33
Cucumber,Vegetable/Fruit,2026,4,85,0,84.68,101.62,33,19,30.5,0.29,23
Cucumber,Vegetable/Fruit,2026,5,78,0,84.64,101.57,23,35,31.5,0.29,33
Cucumber,Vegetable/Fruit,2026,6,71,0,84.13,100.96,33,35,31,0.29,25
Cucumber,Vegetable/Fruit,2026,7,64,0,84.06,100.87,25,33,28.5,0.29,35
Cucumber,Vegetable/Fruit,2026,8,57,0,84.47,101.36,35,23,29,0.29,38
Cucumber,Vegetable/Fruit,2026,9,50,0,84.91,101.89,38,33,32.8,0.29,34
Cucumber,Vegetable/Fruit,2026,10,43,0,85.18,102.22,34,25,33,0.29,26
Cucumber,Vegetable/Fruit,2026,11,36,0,85.41,102.49,26,35,33.2,0.29,25
Cucumber,Vegetable/Fruit,2026,12,29,0,85.4,102.48,25,38,30.8,0.29,35
Cucumber,Vegetable/Fruit,2026,13,22,0,85.26,102.31,35,34,30,0.29,35
Cucumber,Vegetable/Fruit,2026,14,15,1,84.59,101.51,35,26,30.2,0.29,35
Cucumber,Vegetable/Fruit,2026,15,8,1,87.28,104.74,35,25,32.5,0.29,35
Cucumber,Vegetable/Fruit,2026,16,1,1,85.8,102.96,35,35,35,0.29,50
Cucumber,Vegetable/Fruit,2026,17,359,0,83.45,100.14,50,35,38.8,0.29,35
Cucumber,Vegetable/Fruit,2026,18,352,0,85.08,102.1,35,35,38.8,0.29,28
Cucumber,Vegetable/Fruit,2026,19,345,0,84.07,100.88,28,35,37,0.29,21
Cucumber,Vegetable/Fruit,2026,20,338,0,85.3,102.36,21,50,33.5,0.29,25
Cucumber,Vegetable/Fruit,2026,21,331,0,85.54,102.65,25,35,27.2,0.29,24
Cucumber,Vegetable/Fruit,2026,22,324,0,84.84,101.81,24,28,24.5,0.29,34
Cucumber,Vegetable/Fruit,2026,23,317,0,85.42,102.5,34,21,26,0.29,35
Cucumber,Vegetable/Fruit,2026,24,310,0,84.44,101.33,35,25,29.5,0.0,9
Leeks,Vegetable/Fruit,2022,24,305,0,124.75,149.7,14,14,14,0.29,14
Leeks,Vegetable/Fruit,2022,25,298,0,129.63,155.56,14,17,14,0.29,17
Leeks,Vegetable/Fruit,2022,26,291,0,132.7,159.24,17,16,15.5,0.29,16
Leeks,Vegetable/Fruit,2022,27,284,0,136.71,164.05,16,17,15.7,0.29,17
Leeks,Vegetable/Fruit,2022,28,277,0,140.65,168.78,17,14,16,0.29,20
Leeks,Vegetable/Fruit,2022,29,270,0,142.45,170.94,20,17,17.5,0.29,36
Leeks,Vegetable/Fruit,2022,30,263,0,145.64,174.77,36,16,22.2,0.29,29
Leeks,Vegetable/Fruit,2022,31,256,0,149.29,179.15,29,17,25.5,0.29,8
Leeks,Vegetable/Fruit,2022,32,249,0,151.36,181.63,8,20,23.2,0.29,22
Leeks,Vegetable/Fruit,2022,33,242,0,157.29,188.75,22,36,23.8,0.29,27
Leeks,Vegetable/Fruit,2022,34,235,0,160.48,192.58,27,29,21.5,0.29,7
Leeks,Vegetable/Fruit,2022,35,228,0,163.53,196.24,7,8,16,0.29,15
Leeks,Vegetable/Fruit,2022,36,221,0,166.67,200.0,15,22,17.8,0.29,25
Leeks,Vegetable/Fruit,2022,37,214,0,167.44,200.93,25,27,18.5,0.29,30
Leeks,Vegetable/Fruit,2022,38,207,0,171.08,205.3,30,7,19.2,0.29,10
Leeks,Vegetable/Fruit,2022,39,200,0,172.55,207.06,10,15,20,0.29,23
Leeks,Vegetable/Fruit,2022,40,193,0,176.95,212.34,23,25,22,0.29,21
Leeks,Vegetable/Fruit,2022,41,186,0,177.9,213.48,21,30,21,0.29,11
Leeks,Vegetable/Fruit,2022,42,179,0,181.28,217.54,11,10,16.2,0.29,16
Leeks,Vegetable/Fruit,2022,43,172,0,186.79,224.15,16,23,17.8,0.29,22
Leeks,Vegetable/Fruit,2022,44,165,0,189.22,227.06,22,21,17.5,0.29,10
Leeks,Vegetable/Fruit,2022,45,158,0,192.21,230.65,10,11,14.8,0.29,17
Leeks,Vegetable/Fruit,2022,46,151,0,193.47,232.16,17,16,16.2,0.29,16
Leeks,Vegetable/Fruit,2022,47,144,0,195.89,235.07,16,22,16.2,0.29,12
Leeks,Vegetable/Fruit,2022,48,137,0,200.64,240.77,12,10,13.8,0.29,16
Leeks,Vegetable/Fruit,2022,49,130,0,203.95,244.74,16,17,15.2,0.29,28
Leeks,Vegetable/Fruit,2022,50,123,0,204.64,245.57,28,16,18,0.29,27
Leeks,Vegetable/Fruit,2022,51,116,0,206.21,247.45,27,12,20.8,0.29,28
Leeks,Vegetable/Fruit,2022,52,109,0,211.16,253.39,28,16,24.8,0.29,18
Leeks,Vegetable/Fruit,2023,1,102,0,213.9,256.68,18,28,25.2,0.29,22
Leeks,Vegetable/Fruit,2023,2,95,0,217.27,260.72,22,27,23.8,0.29,38
Leeks,Vegetable/Fruit,2023,3,88,0,218.05,261.66,38,28,26.5,0.29,25
Leeks,Vegetable/Fruit,2023,4,81,0,220.65,264.78,25,18,25.8,0.29,18
Leeks,Vegetable/Fruit,2023,5,74,0,223.07,267.68,18,22,25.8,0.29,19
Leeks,Vegetable/Fruit,2023,6,67,0,227.99,273.59,19,38,25,0.29,18
Leeks,Vegetable/Fruit,2023,7,60,0,228.44,274.13,18,25,20,0.29,28
Leeks,Vegetable/Fruit,2023,8,53,0,232.57,279.08,28,18,20.8,0.29,16
Leeks,Vegetable/Fruit,2023,9,46,0,232.78,279.34,16,19,20.2,0.29,25
Leeks,Vegetable/Fruit,2023,10,39,0,236.35,283.62,25,18,21.8,0.29,11
Leeks,Vegetable/Fruit,2023,11,32,0,233.64,280.37,11,28,20,0.29,22
Leeks,Vegetable/Fruit,2023,12,25,0,230.05,276.06,22,16,18.5,0.29,27
Leeks,Vegetable/Fruit,2023,13,18,1,231.19,277.43,27,25,21.2,0.29,27
Leeks,Vegetable/Fruit,2023,14,11,1,233.5,280.2,27,11,21.8,0.29,33
Leeks,Vegetable/Fruit,2023,15,4,1,233.38,280.06,33,22,27.2,0.29,56
Leeks,Vegetable/Fruit,2023,16,363,0,228.2,273.84,56,27,35.8,0.29,24
Leeks,Vegetable/Fruit,2023,17,356,0,227.78,273.34,24,27,35,0.29,19
Leeks,Vegetable/Fruit,2023,18,349,0,228.39,274.07,19,33,33,0.29,14
Leeks,Vegetable/Fruit,2023,19,342,0,230.0,276.0,14,56,28.2,0.29,18
Leeks,Vegetable/Fruit,2023,20,335,0,229.0,274.8,18,24,18.8,0.29,22
Leeks,Vegetable/Fruit,2023,21,328,0,223.75,268.5,22,19,18.2,0.29,26
Leeks,Vegetable/Fruit,2023,22,321,0,225.88,271.06,26,14,20,0.29,22
Leeks,Vegetable/Fruit,2023,23,314,0,223.66,268.39,22,18,22,0.29,19
Leeks,Vegetable/Fruit,2023,24,307,0,222.62,267.14,19,22,22.2,0.29,27
Leeks,Vegetable/Fruit,2023,25,300,0,226.56,271.87,27,26,23.5,0.29,28
Leeks,Vegetable/Fruit,2023,26,293,0,223.46,268.15,28,22,24,0.29,28
Leeks,Vegetable/Fruit,2023,27,286,0,225.21,270.25,28,19,25.5,0.29,28
Leeks,Vegetable/Fruit,2023,28,279,0,221.65,265.98,28,27,27.8,0.29,13
Leeks,Vegetable/Fruit,2023,29,272,0,219.84,263.81,13,28,24.2,0.29,15
Leeks,Vegetable/Fruit,2023,30,265,0,219.79,263.75,15,28,21,0.29,18
Leeks,Vegetable/Fruit,2023,31,258,0,221.94,266.33,18,28,18.5,0.29,29
Leeks,Vegetable/Fruit,2023,32,251,0,218.43,262.12,29,13,18.8,0.29,21
Leeks,Vegetable/Fruit,2023,33,244,0,219.52,263.42,21,15,20.8,0.29,24
Leeks,Vegetable/Fruit,2023,34,237,0,217.38,260.86,24,18,23,0.29,28
Leeks,Vegetable/Fruit,2023,35,230,0,214.58,257.5,28,29,25.5,0.29,14
Leeks,Vegetable/Fruit,2023,36,223,0,217.67,261.2,14,21,21.8,0.29,28
Leeks,Vegetable/Fruit,2023,37,216,0,217.07,260.48,28,24,23.5,0.29,28
Leeks,Vegetable/Fruit,2023,38,209,0,215.15,258.18,28,28,24.5,0.29,28
Leeks,Vegetable/Fruit,2023,39,202,0,213.36,256.03,28,14,24.5,0.29,17
Leeks,Vegetable/Fruit,2023,40,195,0,211.75,254.1,17,28,25.2,0.29,32
Leeks,Vegetable/Fruit,2023,41,188,0,212.72,255.26,32,28,26.2,0.29,31
Leeks,Vegetable/Fruit,2023,42,181,0,211.84,254.21,31,28,27,0.29,24
Leeks,Vegetable/Fruit,2023,43,174,0,212.12,254.54,24,17,26,0.29,24
Leeks,Vegetable/Fruit,2023,44,167,0,209.19,251.03,24,32,27.8,0.29,26
Leeks,Vegetable/Fruit,2023,45,160,0,210.0,252.0,26,31,26.2,0.29,25
Leeks,Vegetable/Fruit,2023,46,153,0,208.26,249.91,25,24,24.8,0.29,28
Leeks,Vegetable/Fruit,2023,47,146,0,208.83,250.6,28,24,25.8,0.29,23
Leeks,Vegetable/Fruit,2023,48,139,0,207.35,248.82,23,26,25.5,0.29,17
Leeks,Vegetable/Fruit,2023,49,132,0,205.71,246.85,17,25,23.2,0.29,16
Leeks,Vegetable/Fruit,2023,50,125,0,204.86,245.83,16,28,21,0.29,9
Leeks,Vegetable/Fruit,2023,51,118,0,204.17,245.0,9,23,16.2,0.29,19
Leeks,Vegetable/Fruit,2023,52,111,0,204.81,245.77,19,17,15.2,0.29,28
Leeks,Vegetable/Fruit,2024,1,104,0,202.53,243.04,28,16,18,0.29,20
Leeks,Vegetable/Fruit,2024,2,97,0,207.94,249.53,20,9,19,0.29,18
Leeks,Vegetable/Fruit,2024,3,90,0,202.82,243.38,18,19,21.2,0.29,18
Leeks,Vegetable/Fruit,2024,4,83,0,203.28,243.94,18,28,21,0.29,28
Leeks,Vegetable/Fruit,2024,5,76,0,206.03,247.24,28,20,21,0.29,28
Leeks,Vegetable/Fruit,2024,6,69,0,200.87,241.04,28,18,23,0.29,28
Leeks,Vegetable/Fruit,2024,7,62,0,205.99,247.19,28,18,25.5,0.29,24
Leeks,Vegetable/Fruit,2024,8,55,0,202.16,242.59,24,28,27,0.29,24
Leeks,Vegetable/Fruit,2024,9,48,0,205.18,246.22,24,28,26,0.29,18
Leeks,Vegetable/Fruit,2024,10,41,0,204.51,245.41,18,28,23.5,0.29,22
Leeks,Vegetable/Fruit,2024,11,34,0,202.04,242.45,22,24,22,0.29,25
Leeks,Vegetable/Fruit,2024,12,27,0,203.44,244.13,25,24,22.2,0.29,22
Leeks,Vegetable/Fruit,2024,13,20,1,201.61,241.93,22,18,21.8,0.29,18
Leeks,Vegetable/Fruit,2024,14,13,1,204.91,245.89,18,22,21.8,0.29,24
Leeks,Vegetable/Fruit,2024,15,6,1,209.58,251.5,24,25,22.2,0.29,52
Leeks,Vegetable/Fruit,2024,16,364,0,200.78,240.94,52,22,29,0.29,16
Leeks,Vegetable/Fruit,2024,17,357,0,202.17,242.6,16,18,27.5,0.29,27
Leeks,Vegetable/Fruit,2024,18,350,0,200.25,240.3,27,24,29.8,0.29,24
Leeks,Vegetable/Fruit,2024,19,343,0,201.71,242.05,24,52,29.8,0.29,27
Leeks,Vegetable/Fruit,2024,20,336,0,205.74,246.89,27,16,23.5,0.29,14
Leeks,Vegetable/Fruit,2024,21,329,0,202.47,242.96,14,27,23,0.29,28
Leeks,Vegetable/Fruit,2024,22,322,0,200.73,240.88,28,24,23.2,0.29,25
Leeks,Vegetable/Fruit,2024,23,315,0,203.37,244.04,25,27,23.5,0.29,28
Leeks,Vegetable/Fruit,2024,24,308,0,200.51,240.61,28,14,23.8,0.29,27
Leeks,Vegetable/Fruit,2024,25,301,0,202.89,243.47,27,28,27,0.29,23
Leeks,Vegetable/Fruit,2024,26,294,0,203.58,244.3,23,25,25.8,0.29,15
Leeks,Vegetable/Fruit,2024,27,287,0,204.39,245.27,15,28,23.2,0.29,14
Leeks,Vegetable/Fruit,2024,28,280,0,203.59,244.31,14,27,19.8,0.29,28
Leeks,Vegetable/Fruit,2024,29,273,0,202.71,243.25,28,23,20,0.29,24
Leeks,Vegetable/Fruit,2024,30,266,0,203.34,244.01,24,15,20.2,0.29,28
Leeks,Vegetable/Fruit,2024,31,259,0,204.87,245.84,28,14,23.5,0.29,27
Leeks,Vegetable/Fruit,2024,32,252,0,205.26,246.31,27,28,26.8,0.29,22
Leeks,Vegetable/Fruit,2024,33,245,0,204.78,245.74,22,24,25.2,0.29,26
Leeks,Vegetable/Fruit,2024,34,238,0,206.11,247.33,26,28,25.8,0.29,19
Leeks,Vegetable/Fruit,2024,35,231,0,202.41,242.89,19,27,23.5,0.29,16
Leeks,Vegetable/Fruit,2024,36,224,0,205.74,246.89,16,22,20.8,0.29,26
Leeks,Vegetable/Fruit,2024,37,217,0,203.24,243.89,26,26,21.8,0.29,16
Leeks,Vegetable/Fruit,2024,38,210,0,206.16,247.39,16,19,19.2,0.29,21
Leeks,Vegetable/Fruit,2024,39,203,0,204.55,245.46,21,16,19.8,0.29,16
Leeks,Vegetable/Fruit,2024,40,196,0,204.54,245.45,16,26,19.8,0.29,24
Leeks,Vegetable/Fruit,2024,41,189,0,205.9,247.08,24,16,19.2,0.29,22
Leeks,Vegetable/Fruit,2024,42,182,0,205.75,246.9,22,21,20.8,0.29,22
Leeks,Vegetable/Fruit,2024,43,175,0,205.07,246.08,22,16,21,0.29,21
Leeks,Vegetable/Fruit,2024,44,168,0,203.56,244.27,21,24,22.2,0.29,26
Leeks,Vegetable/Fruit,2024,45,161,0,205.12,246.14,26,22,22.8,0.29,13
Leeks,Vegetable/Fruit,2024,46,154,0,206.83,248.2,13,22,20.5,0.29,27
Leeks,Vegetable/Fruit,2024,47,147,0,207.92,249.5,27,21,21.8,0.29,26
Leeks,Vegetable/Fruit,2024,48,140,0,204.33,245.2,26,26,23,0.29,17
Leeks,Vegetable/Fruit,2024,49,133,0,206.06,247.27,17,13,20.8,0.29,32
Leeks,Vegetable/Fruit,2024,50,126,0,208.28,249.94,32,27,25.5,0.29,17
Leeks,Vegetable/Fruit,2024,51,119,0,204.87,245.84,17,26,23,0.29,14
Leeks,Vegetable/Fruit,2024,52,112,0,208.68,250.42,14,17,20,0.29,19
Leeks,Vegetable/Fruit,2025,1,105,0,207.02,248.42,19,32,20.5,0.29,18
Leeks,Vegetable/Fruit,2025,2,98,0,206.18,247.42,18,17,17,0.29,19
Leeks,Vegetable/Fruit,2025,3,91,0,205.84,247.01,19,14,17.5,0.29,15
Leeks,Vegetable/Fruit,2025,4,84,0,207.09,248.51,15,19,17.8,0.29,13
Leeks,Vegetable/Fruit,2025,5,77,0,204.37,245.24,13,18,16.2,0.29,28
Leeks,Vegetable/Fruit,2025,6,70,0,206.7,248.04,28,19,18.8,0.29,23
Leeks,Vegetable/Fruit,2025,7,63,0,207.89,249.47,23,15,19.8,0.29,25
Leeks,Vegetable/Fruit,2025,8,56,0,205.56,246.67,25,13,22.2,0.29,21
Leeks,Vegetable/Fruit,2025,9,49,0,207.28,248.74,21,28,24.2,0.29,22
Leeks,Vegetable/Fruit,2025,10,42,0,206.47,247.76,22,23,22.8,0.29,27
Leeks,Vegetable/Fruit,2025,11,35,0,205.77,246.92,27,25,23.8,0.29,17
Leeks,Vegetable/Fruit,2025,12,28,0,206.86,248.23,17,21,21.8,0.29,17
Leeks,Vegetable/Fruit,2025,13,21,1,206.54,247.85,17,22,20.8,0.29,25
Leeks,Vegetable/Fruit,2025,14,14,1,209.64,251.57,25,27,21.5,0.29,14
Leeks,Vegetable/Fruit,2025,15,7,1,213.19,255.83,14,17,18.2,0.29,28
Leeks,Vegetable/Fruit,2025,16,0,1,204.56,245.47,28,17,21,0.29,28
Leeks,Vegetable/Fruit,2025,17,358,0,206.46,247.75,28,25,23.8,0.29,18
Leeks,Vegetable/Fruit,2025,18,351,0,208.12,249.74,18,14,22,0.29,27
Leeks,Vegetable/Fruit,2025,19,344,0,205.58,246.7,27,28,25.2,0.29,22
Leeks,Vegetable/Fruit,2025,20,337,0,205.75,246.9,22,28,23.8,0.29,33
Leeks,Vegetable/Fruit,2025,21,330,0,209.94,251.93,33,18,25,0.29,28
Leeks,Vegetable/Fruit,2025,22,323,0,206.91,248.29,28,27,27.5,0.29,26
Leeks,Vegetable/Fruit,2025,23,316,0,205.1,246.12,26,22,27.2,0.29,18
Leeks,Vegetable/Fruit,2025,24,309,0,207.75,249.3,18,33,26.2,0.29,15
Leeks,Vegetable/Fruit,2025,25,302,0,209.35,251.22,15,28,21.8,0.29,28
Leeks,Vegetable/Fruit,2025,26,295,0,207.13,248.56,28,26,21.8,0.29,26
Leeks,Vegetable/Fruit,2025,27,288,0,207.13,248.56,26,18,21.8,0.29,28
Leeks,Vegetable/Fruit,2025,28,281,0,207.02,248.42,28,15,24.2,0.29,25
Leeks,Vegetable/Fruit,2025,29,274,0,207.55,249.06,25,28,26.8,0.29,21
Leeks,Vegetable/Fruit,2025,30,267,0,207.78,249.34,21,26,25,0.29,24
Leeks,Vegetable/Fruit,2025,31,260,0,207.27,248.72,24,28,24.5,0.29,22
Leeks,Vegetable/Fruit,2025,32,253,0,209.21,251.05,22,25,23,0.29,13
Leeks,Vegetable/Fruit,2025,33,246,0,206.68,248.02,13,21,20,0.29,21
Leeks,Vegetable/Fruit,2025,34,239,0,206.25,247.5,21,24,20,0.29,24
Leeks,Vegetable/Fruit,2025,35,232,0,207.58,249.1,24,22,20,0.29,10
Leeks,Vegetable/Fruit,2025,36,225,0,208.62,250.34,10,13,17,0.29,22
Leeks,Vegetable/Fruit,2025,37,218,0,209.24,251.09,22,21,19.2,0.29,18
Leeks,Vegetable/Fruit,2025,38,211,0,206.55,247.86,18,24,18.5,0.29,39
Leeks,Vegetable/Fruit,2025,39,204,0,207.67,249.2,39,10,22.2,0.29,28
Leeks,Vegetable/Fruit,2025,40,197,0,206.36,247.63,28,22,26.8,0.29,26
Leeks,Vegetable/Fruit,2025,41,190,0,208.2,249.84,26,18,27.8,0.29,27
Leeks,Vegetable/Fruit,2025,42,183,0,206.99,248.39,27,39,30,0.29,17
Leeks,Vegetable/Fruit,2025,43,176,0,208.38,250.06,17,28,24.5,0.29,11
Leeks,Vegetable/Fruit,2025,44,169,0,208.7,250.44,11,26,20.2,0.29,28
Leeks,Vegetable/Fruit,2025,45,162,0,210.12,252.14,28,27,20.8,0.29,28
Leeks,Vegetable/Fruit,2025,46,155,0,206.33,247.6,28,17,21,0.29,25
Leeks,Vegetable/Fruit,2025,47,148,0,208.85,250.62,25,11,23,0.29,19
Leeks,Vegetable/Fruit,2025,48,141,0,212.02,254.42,19,28,25,0.29,16
Leeks,Vegetable/Fruit,2025,49,134,0,204.77,245.72,16,28,22,0.29,21
Leeks,Vegetable/Fruit,2025,50,127,0,207.98,249.58,21,25,20.2,0.29,22
Leeks,Vegetable/Fruit,2025,51,120,0,210.5,252.6,22,19,19.5,0.29,21
Leeks,Vegetable/Fruit,2025,52,113,0,206.71,248.05,21,16,20,0.29,13
Leeks,Vegetable/Fruit,2026,1,106,0,209.34,251.21,13,21,19.2,0.29,28
Leeks,Vegetable/Fruit,2026,2,99,0,207.78,249.34,28,22,21,0.29,27
Leeks,Vegetable/Fruit,2026,3,92,0,206.42,247.7,27,21,22.2,0.29,28
Leeks,Vegetable/Fruit,2026,4,85,0,210.96,253.15,28,13,24,0.29,23
Leeks,Vegetable/Fruit,2026,5,78,0,206.83,248.2,23,28,26.5,0.29,24
Leeks,Vegetable/Fruit,2026,6,71,0,207.81,249.37,24,27,25.5,0.29,15
Leeks,Vegetable/Fruit,2026,7,64,0,205.64,246.77,15,28,22.5,0.29,11
Leeks,Vegetable/Fruit,2026,8,57,0,205.41,246.49,11,23,18.2,0.29,11
Leeks,Vegetable/Fruit,2026,9,50,0,208.62,250.34,11,24,15.2,0.29,28
Leeks,Vegetable/Fruit,2026,10,43,0,206.91,248.29,28,15,16.2,0.29,28
Leeks,Vegetable/Fruit,2026,11,36,0,209.02,250.82,28,11,19.5,0.29,24
Leeks,Vegetable/Fruit,2026,12,29,0,208.23,249.88,24,11,22.8,0.29,23
Leeks,Vegetable/Fruit,2026,13,22,0,206.6,247.92,23,28,25.8,0.29,24
Leeks,Vegetable/Fruit,2026,14,15,1,210.93,253.12,24,28,24.8,0.29,30
Leeks,Vegetable/Fruit,2026,15,8,1,212.77,255.32,30,24,25.2,0.29,55
Leeks,Vegetable/Fruit,2026,16,1,1,211.02,253.22,55,23,33,0.29,31
Leeks,Vegetable/Fruit,2026,17,359,0,209.89,251.87,31,24,35,0.29,20
Leeks,Vegetable/Fruit,2026,18,352,0,207.66,249.19,20,30,34,0.29,23
Leeks,Vegetable/Fruit,2026,19,345,0,207.16,248.59,23,55,32.2,0.29,21
Leeks,Vegetable/Fruit,2026,20,338,0,209.76,251.71,21,31,23.8,0.29,13
Leeks,Vegetable/Fruit,2026,21,331,0,207.79,249.35,13,20,19.2,0.29,19
Leeks,Vegetable/Fruit,2026,22,324,0,207.66,249.19,19,23,19,0.29,26
Leeks,Vegetable/Fruit,2026,23,317,0,209.7,251.64,26,21,19.8,0.29,30
Leeks,Vegetable/Fruit,2026,24,310,0,205.75,246.9,30,13,22,0.0,7
Banana (Ambul),Vegetable/Fruit,2022,24,305,0,74.68,89.62,38,38,38,0.29,38
Banana (Ambul),Vegetable/Fruit,2022,25,298,0,78.55,94.26,38,50,38,0.29,50
Banana (Ambul),Vegetable/Fruit,2022,26,291,0,78.96,94.75,50,39,44,0.29,39
Banana (Ambul),Vegetable/Fruit,2022,27,284,0,81.16,97.39,39,47,42.3,0.29,47
Banana (Ambul),Vegetable/Fruit,2022,28,277,0,84.88,101.86,47,38,43.5,0.29,40
Banana (Ambul),Vegetable/Fruit,2022,29,270,0,85.65,102.78,40,50,44,0.29,54
Banana (Ambul),Vegetable/Fruit,2022,30,263,0,87.84,105.41,54,39,45,0.29,52
Banana (Ambul),Vegetable/Fruit,2022,31,256,0,89.42,107.3,52,47,48.2,0.29,42
Banana (Ambul),Vegetable/Fruit,2022,32,249,0,91.49,109.79,42,40,47,0.29,41
Banana (Ambul),Vegetable/Fruit,2022,33,242,0,93.37,112.04,41,54,47.2,0.29,44
Banana (Ambul),Vegetable/Fruit,2022,34,235,0,94.71,113.65,44,52,44.8,0.29,55
Banana (Ambul),Vegetable/Fruit,2022,35,228,0,97.89,117.47,55,42,45.5,0.29,21
Banana (Ambul),Vegetable/Fruit,2022,36,221,0,99.2,119.04,21,41,40.2,0.29,47
Banana (Ambul),Vegetable/Fruit,2022,37,214,0,100.08,120.1,47,44,41.8,0.29,48
Banana (Ambul),Vegetable/Fruit,2022,38,207,0,102.39,122.87,48,55,42.8,0.29,23
Banana (Ambul),Vegetable/Fruit,2022,39,200,0,104.46,125.35,23,21,34.8,0.29,27
Banana (Ambul),Vegetable/Fruit,2022,40,193,0,107.1,128.52,27,47,36.2,0.29,50
Banana (Ambul),Vegetable/Fruit,2022,41,186,0,107.73,129.28,50,48,37,0.29,50
Banana (Ambul),Vegetable/Fruit,2022,42,179,0,108.71,130.45,50,23,37.5,0.29,47
Banana (Ambul),Vegetable/Fruit,2022,43,172,0,111.25,133.5,47,27,43.5,0.29,42
Banana (Ambul),Vegetable/Fruit,2022,44,165,0,112.52,135.02,42,50,47.2,0.29,40
Banana (Ambul),Vegetable/Fruit,2022,45,158,0,114.82,137.78,40,50,44.8,0.29,41
Banana (Ambul),Vegetable/Fruit,2022,46,151,0,116.41,139.69,41,47,42.5,0.29,47
Banana (Ambul),Vegetable/Fruit,2022,47,144,0,117.8,141.36,47,42,42.5,0.29,50
Banana (Ambul),Vegetable/Fruit,2022,48,137,0,121.32,145.58,50,40,44.5,0.29,43
Banana (Ambul),Vegetable/Fruit,2022,49,130,0,122.95,147.54,43,41,45.2,0.29,54
Banana (Ambul),Vegetable/Fruit,2022,50,123,0,122.61,147.13,54,47,48.5,0.29,32
Banana (Ambul),Vegetable/Fruit,2022,51,116,0,125.46,150.55,32,50,44.8,0.29,29
Banana (Ambul),Vegetable/Fruit,2022,52,109,0,127.07,152.48,29,43,39.5,0.29,50
Banana (Ambul),Vegetable/Fruit,2023,1,102,0,129.22,155.06,50,54,41.2,0.29,36
Banana (Ambul),Vegetable/Fruit,2023,2,95,0,129.36,155.23,36,32,36.8,0.29,37
Banana (Ambul),Vegetable/Fruit,2023,3,88,0,130.52,156.62,37,29,38,0.29,25
Banana (Ambul),Vegetable/Fruit,2023,4,81,0,132.24,158.69,25,50,37,0.29,50
Banana (Ambul),Vegetable/Fruit,2023,5,74,0,135.08,162.1,50,36,37,0.29,50
Banana (Ambul),Vegetable/Fruit,2023,6,67,0,138.06,165.67,50,37,40.5,0.29,43
Banana (Ambul),Vegetable/Fruit,2023,7,60,0,137.85,165.42,43,25,42,0.29,42
Banana (Ambul),Vegetable/Fruit,2023,8,53,0,138.7,166.44,42,50,46.2,0.29,46
Banana (Ambul),Vegetable/Fruit,2023,9,46,0,141.34,169.61,46,50,45.2,0.29,50
Banana (Ambul),Vegetable/Fruit,2023,10,39,0,138.59,166.31,50,43,45.2,0.29,42
Banana (Ambul),Vegetable/Fruit,2023,11,32,0,138.16,165.79,42,42,45,0.29,27
Banana (Ambul),Vegetable/Fruit,2023,12,25,0,137.99,165.59,27,46,41.2,0.29,41
Banana (Ambul),Vegetable/Fruit,2023,13,18,1,138.53,166.24,41,50,40,0.29,52
Banana (Ambul),Vegetable/Fruit,2023,14,11,1,141.44,169.73,52,42,40.5,0.29,74
Banana (Ambul),Vegetable/Fruit,2023,15,4,1,141.31,169.57,74,27,48.5,0.29,100
Banana (Ambul),Vegetable/Fruit,2023,16,363,0,137.15,164.58,100,41,66.8,0.29,33
Banana (Ambul),Vegetable/Fruit,2023,17,356,0,137.99,165.59,33,52,64.8,0.29,37
Banana (Ambul),Vegetable/Fruit,2023,18,349,0,136.01,163.21,37,74,61,0.29,57
Banana (Ambul),Vegetable/Fruit,2023,19,342,0,134.98,161.98,57,100,56.8,0.29,46
Banana (Ambul),Vegetable/Fruit,2023,20,335,0,135.55,162.66,46,33,43.2,0.29,24
Banana (Ambul),Vegetable/Fruit,2023,21,328,0,133.13,159.76,24,37,41,0.29,50
Banana (Ambul),Vegetable/Fruit,2023,22,321,0,135.25,162.3,50,57,44.2,0.29,50
Banana (Ambul),Vegetable/Fruit,2023,23,314,0,135.82,162.98,50,46,42.5,0.29,41
Banana (Ambul),Vegetable/Fruit,2023,24,307,0,133.65,160.38,41,24,41.2,0.29,44
Banana (Ambul),Vegetable/Fruit,2023,25,300,0,134.1,160.92,44,50,46.2,0.29,57
Banana (Ambul),Vegetable/Fruit,2023,26,293,0,133.31,159.97,57,50,48,0.29,37
Banana (Ambul),Vegetable/Fruit,2023,27,286,0,133.3,159.96,37,41,44.8,0.29,44
Banana (Ambul),Vegetable/Fruit,2023,28,279,0,132.69,159.23,44,44,45.5,0.29,33
Banana (Ambul),Vegetable/Fruit,2023,29,272,0,131.4,157.68,33,57,42.8,0.29,27
Banana (Ambul),Vegetable/Fruit,2023,30,265,0,132.3,158.76,27,37,35.2,0.29,50
Banana (Ambul),Vegetable/Fruit,2023,31,258,0,132.15,158.58,50,44,38.5,0.29,50
Banana (Ambul),Vegetable/Fruit,2023,32,251,0,132.19,158.63,50,33,40,0.29,50
Banana (Ambul),Vegetable/Fruit,2023,33,244,0,129.7,155.64,50,27,44.2,0.29,50
Banana (Ambul),Vegetable/Fruit,2023,34,237,0,130.5,156.6,50,50,50,0.29,50
Banana (Ambul),Vegetable/Fruit,2023,35,230,0,130.34,156.41,50,50,50,0.29,50
Banana (Ambul),Vegetable/Fruit,2023,36,223,0,128.5,154.2,50,50,50,0.29,25
Banana (Ambul),Vegetable/Fruit,2023,37,216,0,128.7,154.44,25,50,43.8,0.29,25
Banana (Ambul),Vegetable/Fruit,2023,38,209,0,129.04,154.85,25,50,37.5,0.29,50
Banana (Ambul),Vegetable/Fruit,2023,39,202,0,128.52,154.22,50,50,37.5,0.29,50
Banana (Ambul),Vegetable/Fruit,2023,40,195,0,126.86,152.23,50,25,37.5,0.29,31
Banana (Ambul),Vegetable/Fruit,2023,41,188,0,127.74,153.29,31,25,39,0.29,51
Banana (Ambul),Vegetable/Fruit,2023,42,181,0,125.42,150.5,51,50,45.5,0.29,39
Banana (Ambul),Vegetable/Fruit,2023,43,174,0,126.41,151.69,39,50,42.8,0.29,45
Banana (Ambul),Vegetable/Fruit,2023,44,167,0,126.03,151.24,45,31,41.5,0.29,24
Banana (Ambul),Vegetable/Fruit,2023,45,160,0,127.04,152.45,24,51,39.8,0.29,35
Banana (Ambul),Vegetable/Fruit,2023,46,153,0,124.82,149.78,35,39,35.8,0.29,43
Banana (Ambul),Vegetable/Fruit,2023,47,146,0,124.58,149.5,43,45,36.8,0.29,57
Banana (Ambul),Vegetable/Fruit,2023,48,139,0,124.1,148.92,57,24,39.8,0.29,43
Banana (Ambul),Vegetable/Fruit,2023,49,132,0,124.81,149.77,43,35,44.5,0.29,56
Banana (Ambul),Vegetable/Fruit,2023,50,125,0,123.06,147.67,56,43,49.8,0.29,60
Banana (Ambul),Vegetable/Fruit,2023,51,118,0,122.7,147.24,60,57,54,0.29,49
Banana (Ambul),Vegetable/Fruit,2023,52,111,0,121.93,146.32,49,43,52,0.29,50
Banana (Ambul),Vegetable/Fruit,2024,1,104,0,121.15,145.38,50,56,53.8,0.29,50
Banana (Ambul),Vegetable/Fruit,2024,2,97,0,122.26,146.71,50,60,52.2,0.29,34
Banana (Ambul),Vegetable/Fruit,2024,3,90,0,121.3,145.56,34,49,45.8,0.29,57
Banana (Ambul),Vegetable/Fruit,2024,4,83,0,121.85,146.22,57,50,47.8,0.29,52
Banana (Ambul),Vegetable/Fruit,2024,5,76,0,121.03,145.24,52,50,48.2,0.29,50
Banana (Ambul),Vegetable/Fruit,2024,6,69,0,121.98,146.38,50,34,48.2,0.29,42
Banana (Ambul),Vegetable/Fruit,2024,7,62,0,123.65,148.38,42,57,50.2,0.29,50
Banana (Ambul),Vegetable/Fruit,2024,8,55,0,124.19,149.03,50,52,48.5,0.29,50
Banana (Ambul),Vegetable/Fruit,2024,9,48,0,122.25,146.7,50,50,48,0.29,50
Banana (Ambul),Vegetable/Fruit,2024,10,41,0,123.06,147.67,50,42,48,0.29,50
Banana (Ambul),Vegetable/Fruit,2024,11,34,0,121.27,145.52,50,50,50,0.29,50
Banana (Ambul),Vegetable/Fruit,2024,12,27,0,122.24,146.69,50,50,50,0.29,47
Banana (Ambul),Vegetable/Fruit,2024,13,20,1,122.64,147.17,47,50,49.2,0.29,47
Banana (Ambul),Vegetable/Fruit,2024,14,13,1,123.08,147.7,47,50,48.5,0.29,50
Banana (Ambul),Vegetable/Fruit,2024,15,6,1,127.77,153.32,50,50,48.5,0.29,98
Banana (Ambul),Vegetable/Fruit,2024,16,364,0,122.85,147.42,98,47,60.5,0.29,42
Banana (Ambul),Vegetable/Fruit,2024,17,357,0,121.93,146.32,42,47,59.2,0.29,37
Banana (Ambul),Vegetable/Fruit,2024,18,350,0,121.49,145.79,37,50,56.8,0.29,47
Banana (Ambul),Vegetable/Fruit,2024,19,343,0,121.69,146.03,47,98,56,0.29,44
Banana (Ambul),Vegetable/Fruit,2024,20,336,0,122.05,146.46,44,42,42.5,0.29,16
Banana (Ambul),Vegetable/Fruit,2024,21,329,0,120.05,144.06,16,37,36,0.29,47
Banana (Ambul),Vegetable/Fruit,2024,22,322,0,120.44,144.53,47,47,38.5,0.29,38
Banana (Ambul),Vegetable/Fruit,2024,23,315,0,120.15,144.18,38,44,36.2,0.29,33
Banana (Ambul),Vegetable/Fruit,2024,24,308,0,121.57,145.88,33,16,33.5,0.29,29
Banana (Ambul),Vegetable/Fruit,2024,25,301,0,122.53,147.04,29,47,36.8,0.29,41
Banana (Ambul),Vegetable/Fruit,2024,26,294,0,122.44,146.93,41,38,35.2,0.29,42
Banana (Ambul),Vegetable/Fruit,2024,27,287,0,121.54,145.85,42,33,36.2,0.29,39
Banana (Ambul),Vegetable/Fruit,2024,28,280,0,121.09,145.31,39,29,37.8,0.29,53
Banana (Ambul),Vegetable/Fruit,2024,29,273,0,121.02,145.22,53,41,43.8,0.29,49
Banana (Ambul),Vegetable/Fruit,2024,30,266,0,121.89,146.27,49,42,45.8,0.29,46
Banana (Ambul),Vegetable/Fruit,2024,31,259,0,120.61,144.73,46,39,46.8,0.29,57
Banana (Ambul),Vegetable/Fruit,2024,32,252,0,121.63,145.96,57,53,51.2,0.29,50
Banana (Ambul),Vegetable/Fruit,2024,33,245,0,121.76,146.11,50,49,50.5,0.29,43
Banana (Ambul),Vegetable/Fruit,2024,34,238,0,123.61,148.33,43,46,49,0.29,50
Banana (Ambul),Vegetable/Fruit,2024,35,231,0,121.17,145.4,50,57,50,0.29,47
Banana (Ambul),Vegetable/Fruit,2024,36,224,0,121.92,146.3,47,50,47.5,0.29,34
Banana (Ambul),Vegetable/Fruit,2024,37,217,0,122.05,146.46,34,43,43.5,0.29,56
Banana (Ambul),Vegetable/Fruit,2024,38,210,0,123.33,148.0,56,50,46.8,0.29,47
Banana (Ambul),Vegetable/Fruit,2024,39,203,0,122.4,146.88,47,47,46,0.29,50
Banana (Ambul),Vegetable/Fruit,2024,40,196,0,122.63,147.16,50,34,46.8,0.29,50
Banana (Ambul),Vegetable/Fruit,2024,41,189,0,122.9,147.48,50,56,50.8,0.29,50
Banana (Ambul),Vegetable/Fruit,2024,42,182,0,123.03,147.64,50,47,49.2,0.29,50
Banana (Ambul),Vegetable/Fruit,2024,43,175,0,122.02,146.42,50,50,50,0.29,39
Banana (Ambul),Vegetable/Fruit,2024,44,168,0,123.36,148.03,39,50,47.2,0.29,27
Banana (Ambul),Vegetable/Fruit,2024,45,161,0,122.36,146.83,27,50,41.5,0.29,32
Banana (Ambul),Vegetable/Fruit,2024,46,154,0,122.14,146.57,32,50,37,0.29,50
Banana (Ambul),Vegetable/Fruit,2024,47,147,0,122.65,147.18,50,39,37,0.29,47
Banana (Ambul),Vegetable/Fruit,2024,48,140,0,123.88,148.66,47,27,39,0.29,45
Banana (Ambul),Vegetable/Fruit,2024,49,133,0,123.83,148.6,45,32,43.5,0.29,50
Banana (Ambul),Vegetable/Fruit,2024,50,126,0,124.82,149.78,50,50,48,0.29,50
Banana (Ambul),Vegetable/Fruit,2024,51,119,0,123.98,148.78,50,47,48,0.29,50
Banana (Ambul),Vegetable/Fruit,2024,52,112,0,123.26,147.91,50,45,48.8,0.29,36
Banana (Ambul),Vegetable/Fruit,2025,1,105,0,123.85,148.62,36,50,46.5,0.29,52
Banana (Ambul),Vegetable/Fruit,2025,2,98,0,122.22,146.66,52,50,47,0.29,42
Banana (Ambul),Vegetable/Fruit,2025,3,91,0,124.21,149.05,42,50,45,0.29,42
Banana (Ambul),Vegetable/Fruit,2025,4,84,0,123.98,148.78,42,36,43,0.29,74
Banana (Ambul),Vegetable/Fruit,2025,5,77,0,122.46,146.95,74,52,52.5,0.29,50
Banana (Ambul),Vegetable/Fruit,2025,6,70,0,124.17,149.0,50,42,52,0.29,50
Banana (Ambul),Vegetable/Fruit,2025,7,63,0,121.72,146.06,50,42,54,0.29,50
Banana (Ambul),Vegetable/Fruit,2025,8,56,0,124.86,149.83,50,74,56,0.29,47
Banana (Ambul),Vegetable/Fruit,2025,9,49,0,121.46,145.75,47,50,49.2,0.29,50
Banana (Ambul),Vegetable/Fruit,2025,10,42,0,123.8,148.56,50,50,49.2,0.29,50
Banana (Ambul),Vegetable/Fruit,2025,11,35,0,122.27,146.72,50,50,49.2,0.29,50
Banana (Ambul),Vegetable/Fruit,2025,12,28,0,124.09,148.91,50,47,49.2,0.29,44
Banana (Ambul),Vegetable/Fruit,2025,13,21,1,123.74,148.49,44,50,48.5,0.29,35
Banana (Ambul),Vegetable/Fruit,2025,14,14,1,124.91,149.89,35,50,44.8,0.29,50
Banana (Ambul),Vegetable/Fruit,2025,15,7,1,129.06,154.87,50,50,44.8,0.29,65
Banana (Ambul),Vegetable/Fruit,2025,16,0,1,124.63,149.56,65,44,48.5,0.29,45
Banana (Ambul),Vegetable/Fruit,2025,17,358,0,122.97,147.56,45,35,48.8,0.29,50
Banana (Ambul),Vegetable/Fruit,2025,18,351,0,124.52,149.42,50,50,52.5,0.29,50
Banana (Ambul),Vegetable/Fruit,2025,19,344,0,123.59,148.31,50,65,52.5,0.29,50
Banana (Ambul),Vegetable/Fruit,2025,20,337,0,124.43,149.32,50,45,48.8,0.29,50
Banana (Ambul),Vegetable/Fruit,2025,21,330,0,123.57,148.28,50,50,50,0.29,50
Banana (Ambul),Vegetable/Fruit,2025,22,323,0,122.94,147.53,50,50,50,0.29,50
Banana (Ambul),Vegetable/Fruit,2025,23,316,0,122.22,146.66,50,50,50,0.29,50
Banana (Ambul),Vegetable/Fruit,2025,24,309,0,123.94,148.73,50,50,50,0.29,47
Banana (Ambul),Vegetable/Fruit,2025,25,302,0,124.49,149.39,47,50,49.2,0.29,50
Banana (Ambul),Vegetable/Fruit,2025,26,295,0,124.16,148.99,50,50,49.2,0.29,50
Banana (Ambul),Vegetable/Fruit,2025,27,288,0,124.67,149.6,50,50,49.2,0.29,38
Banana (Ambul),Vegetable/Fruit,2025,28,281,0,125.64,150.77,38,47,46.2,0.29,30
Banana (Ambul),Vegetable/Fruit,2025,29,274,0,123.64,148.37,30,50,42,0.29,32
Banana (Ambul),Vegetable/Fruit,2025,30,267,0,123.95,148.74,32,50,37.5,0.29,50
Banana (Ambul),Vegetable/Fruit,2025,31,260,0,124.2,149.04,50,38,37.5,0.29,50
Banana (Ambul),Vegetable/Fruit,2025,32,253,0,124.5,149.4,50,30,40.5,0.29,50
Banana (Ambul),Vegetable/Fruit,2025,33,246,0,125.36,150.43,50,32,45.5,0.29,43
Banana (Ambul),Vegetable/Fruit,2025,34,239,0,124.54,149.45,43,50,48.2,0.29,50
Banana (Ambul),Vegetable/Fruit,2025,35,232,0,124.9,149.88,50,50,48.2,0.29,50
Banana (Ambul),Vegetable/Fruit,2025,36,225,0,125.69,150.83,50,50,48.2,0.29,50
Banana (Ambul),Vegetable/Fruit,2025,37,218,0,124.12,148.94,50,43,48.2,0.29,50
Banana (Ambul),Vegetable/Fruit,2025,38,211,0,124.77,149.72,50,50,50,0.29,48
Banana (Ambul),Vegetable/Fruit,2025,39,204,0,124.98,149.98,48,50,49.5,0.29,50
Banana (Ambul),Vegetable/Fruit,2025,40,197,0,124.57,149.48,50,50,49.5,0.29,34
Banana (Ambul),Vegetable/Fruit,2025,41,190,0,124.44,149.33,34,50,45.5,0.29,66
Banana (Ambul),Vegetable/Fruit,2025,42,183,0,124.9,149.88,66,48,49.5,0.29,48
Banana (Ambul),Vegetable/Fruit,2025,43,176,0,123.23,147.88,48,50,49.5,0.29,37
Banana (Ambul),Vegetable/Fruit,2025,44,169,0,124.93,149.92,37,34,46.2,0.29,60
Banana (Ambul),Vegetable/Fruit,2025,45,162,0,124.77,149.72,60,66,52.8,0.29,50
Banana (Ambul),Vegetable/Fruit,2025,46,155,0,124.49,149.39,50,48,48.8,0.29,50
Banana (Ambul),Vegetable/Fruit,2025,47,148,0,125.79,150.95,50,37,49.2,0.29,42
Banana (Ambul),Vegetable/Fruit,2025,48,141,0,126.14,151.37,42,60,50.5,0.29,50
Banana (Ambul),Vegetable/Fruit,2025,49,134,0,125.63,150.76,50,50,48,0.29,50
Banana (Ambul),Vegetable/Fruit,2025,50,127,0,125.6,150.72,50,50,48,0.29,50
Banana (Ambul),Vegetable/Fruit,2025,51,120,0,126.81,152.17,50,42,48,0.29,50
Banana (Ambul),Vegetable/Fruit,2025,52,113,0,124.87,149.84,50,50,50,0.29,29
Banana (Ambul),Vegetable/Fruit,2026,1,106,0,125.88,151.06,29,50,44.8,0.29,21
Banana (Ambul),Vegetable/Fruit,2026,2,99,0,124.93,149.92,21,50,37.5,0.29,50
Banana (Ambul),Vegetable/Fruit,2026,3,92,0,123.3,147.96,50,50,37.5,0.29,50
Banana (Ambul),Vegetable/Fruit,2026,4,85,0,124.39,149.27,50,29,37.5,0.29,50
Banana (Ambul),Vegetable/Fruit,2026,5,78,0,124.49,149.39,50,21,42.8,0.29,50
Banana (Ambul),Vegetable/Fruit,2026,6,71,0,124.65,149.58,50,50,50,0.29,50
Banana (Ambul),Vegetable/Fruit,2026,7,64,0,125.04,150.05,50,50,50,0.29,50
Banana (Ambul),Vegetable/Fruit,2026,8,57,0,123.63,148.36,50,50,50,0.29,50
Banana (Ambul),Vegetable/Fruit,2026,9,50,0,125.14,150.17,50,50,50,0.29,50
Banana (Ambul),Vegetable/Fruit,2026,10,43,0,125.98,151.18,50,50,50,0.29,50
Banana (Ambul),Vegetable/Fruit,2026,11,36,0,124.52,149.42,50,50,50,0.29,50
Banana (Ambul),Vegetable/Fruit,2026,12,29,0,126.35,151.62,50,50,50,0.29,50
Banana (Ambul),Vegetable/Fruit,2026,13,22,0,124.64,149.57,50,50,50,0.29,50
Banana (Ambul),Vegetable/Fruit,2026,14,15,1,124.95,149.94,50,50,50,0.29,45
Banana (Ambul),Vegetable/Fruit,2026,15,8,1,131.29,157.55,45,50,48.8,0.29,100
Banana (Ambul),Vegetable/Fruit,2026,16,1,1,126.14,151.37,100,50,61.2,0.29,68
Banana (Ambul),Vegetable/Fruit,2026,17,359,0,123.78,148.54,68,50,65.8,0.29,49
Banana (Ambul),Vegetable/Fruit,2026,18,352,0,125.15,150.18,49,45,65.5,0.29,54
Banana (Ambul),Vegetable/Fruit,2026,19,345,0,125.47,150.56,54,100,67.8,0.29,40
Banana (Ambul),Vegetable/Fruit,2026,20,338,0,126.25,151.5,40,68,52.8,0.29,51
Banana (Ambul),Vegetable/Fruit,2026,21,331,0,125.6,150.72,51,49,48.5,0.29,62
Banana (Ambul),Vegetable/Fruit,2026,22,324,0,123.81,148.57,62,54,51.8,0.29,49
Banana (Ambul),Vegetable/Fruit,2026,23,317,0,124.76,149.71,49,40,50.5,0.29,50
Banana (Ambul),Vegetable/Fruit,2026,24,310,0,122.53,147.04,50,51,53,0.0,23
