item,category,iso_year,iso_week,current_price_rs,price_change_4wk_pct,price_vs_3mo_avg_pct,days_to_festival,festival_season,expected_price_next_4wk_rs,target_buy_now
Ash Plantains,Low Country,2023,1,192.25,,0.0,102,0,201.55,1
Ash Plantains,Low Country,2023,2,201.55,,2.36,95,0,198.17,0
Ash Plantains,Low Country,2023,3,194.8,,-0.72,88,0,196.23,1
Ash Plantains,Low Country,2023,4,192.35,,-1.48,81,0,194.83,1
Ash Plantains,Low Country,2023,5,190.62,-0.85,-1.9,74,0,191.45,1
Ash Plantains,Low Country,2023,6,188.04,-6.7,-2.7,67,0,190.56,1
Ash Plantains,Low Country,2023,7,191.22,-1.83,-0.91,60,0,190.02,0
Ash Plantains,Low Country,2023,8,190.2,-1.11,-1.26,53,0,190.15,0
Ash Plantains,Low Country,2023,9,191.12,0.27,-0.7,46,0,188.69,0
Ash Plantains,Low Country,2023,10,182.19,-3.11,-4.83,39,1,185.42,1
Ash Plantains,Low Country,2023,11,178.16,-6.83,-6.34,32,1,182.08,1
Ash Plantains,Low Country,2023,12,176.84,-7.03,-6.49,25,1,177.02,1
Ash Plantains,Low Country,2023,13,170.9,-10.58,-8.96,18,1,171.41,1
Ash Plantains,Low Country,2023,14,159.74,-12.32,-13.75,11,1,165.71,1
Ash Plantains,Low Country,2023,15,155.36,-12.8,-14.48,4,1,160.84,1
Ash Plantains,Low Country,2023,16,157.36,-11.02,-11.98,363,0,154.63,0
Ash Plantains,Low Country,2023,17,146.07,-14.53,-16.63,356,0,151.25,1
Ash Plantains,Low Country,2023,18,146.22,-8.46,-14.89,349,0,150.12,1
Ash Plantains,Low Country,2023,19,150.83,-2.91,-10.72,342,0,150.04,0
Ash Plantains,Low Country,2023,20,157.02,-0.21,-5.58,335,0,151.68,0
Ash Plantains,Low Country,2023,21,152.65,4.51,-6.59,328,0,153.68,1
Ash Plantains,Low Country,2023,22,154.23,5.48,-3.96,321,0,155.22,1
Ash Plantains,Low Country,2023,23,156.99,4.08,-1.04,314,0,155.34,0
Ash Plantains,Low Country,2023,24,157.5,0.3,0.28,307,0,157.23,0
Ash Plantains,Low Country,2023,25,160.2,4.95,2.84,300,0,161.42,1
Ash Plantains,Low Country,2023,26,170.97,10.86,9.75,293,0,162.67,0
Ash Plantains,Low Country,2023,27,162.0,3.19,3.88,286,0,161.66,0
Ash Plantains,Low Country,2023,28,153.49,-2.55,-1.49,279,0,161.13,1
Ash Plantains,Low Country,2023,29,158.06,-1.34,1.41,272,0,157.27,0
Ash Plantains,Low Country,2023,30,155.54,-9.03,-0.67,265,0,156.31,1
Ash Plantains,Low Country,2023,31,158.14,-2.38,0.4,258,0,158.13,0
Ash Plantains,Low Country,2023,32,160.77,4.74,1.57,251,0,159.82,0
Ash Plantains,Low Country,2023,33,164.85,4.29,3.76,244,0,161.84,0
Ash Plantains,Low Country,2023,34,163.62,5.2,2.44,237,0,163.43,0
Ash Plantains,Low Country,2023,35,164.5,4.02,2.49,230,0,164.86,1
Ash Plantains,Low Country,2023,36,166.48,3.55,3.25,223,0,166.97,1
Ash Plantains,Low Country,2023,37,173.27,5.11,6.66,216,0,169.48,0
Ash Plantains,Low Country,2023,38,173.67,6.14,6.23,209,0,173.0,0
Ash Plantains,Low Country,2023,39,178.57,8.55,8.84,202,0,177.55,0
Ash Plantains,Low Country,2023,40,184.69,10.94,11.38,195,0,181.4,0
Ash Plantains,Low Country,2023,41,188.67,8.89,11.96,188,0,186.25,0
Ash Plantains,Low Country,2023,42,193.06,11.16,12.76,181,0,191.79,0
Ash Plantains,Low Country,2023,43,200.74,12.41,14.91,174,0,197.43,0
Ash Plantains,Low Country,2023,44,207.24,12.21,16.12,167,0,206.08,0
Ash Plantains,Low Country,2023,45,223.27,18.33,21.82,160,0,215.62,0
Ash Plantains,Low Country,2023,46,231.22,19.77,22.74,153,0,228.1,0
Ash Plantains,Low Country,2023,47,250.67,24.88,28.5,146,0,241.04,0
Ash Plantains,Low Country,2023,48,259.0,24.97,28.0,139,0,250.37,0
Ash Plantains,Low Country,2023,49,260.56,16.7,24.32,132,0,257.87,0
Ash Plantains,Low Country,2023,50,261.22,12.97,20.74,125,0,260.63,0
Ash Plantains,Low Country,2023,51,261.73,4.41,17.3,118,0,261.4,0
Ash Plantains,Low Country,2023,52,262.1,1.2,14.18,111,0,261.37,0
Ash Plantains,Low Country,2024,1,260.43,-0.05,10.64,104,0,262.85,1
Ash Plantains,Low Country,2024,2,267.14,2.27,10.66,97,0,266.57,0
Ash Plantains,Low Country,2024,3,276.63,5.69,11.62,90,0,270.31,0
Ash Plantains,Low Country,2024,4,277.05,5.7,9.2,83,0,274.62,0
Ash Plantains,Low Country,2024,5,277.67,6.62,7.15,76,0,275.38,0
Ash Plantains,Low Country,2024,6,270.19,1.14,2.83,69,0,273.99,1
Ash Plantains,Low Country,2024,7,271.05,-2.02,1.98,62,0,270.34,0
Ash Plantains,Low Country,2024,8,262.45,-5.27,-1.6,55,0,264.85,1
Ash Plantains,Low Country,2024,9,255.71,-7.91,-4.03,48,0,257.25,1
Ash Plantains,Low Country,2024,10,239.8,-11.25,-9.46,41,1,245.82,1
Ash Plantains,Low Country,2024,11,225.31,-16.88,-14.04,34,1,226.32,1
Ash Plantains,Low Country,2024,12,184.46,-29.72,-27.99,27,1,202.64,1
Ash Plantains,Low Country,2024,13,161.0,-37.04,-35.18,20,1,177.79,1
Ash Plantains,Low Country,2024,14,140.41,-41.45,-41.29,13,1,155.8,1
Ash Plantains,Low Country,2024,15,137.32,-39.05,-40.08,6,1,142.63,1
Ash Plantains,Low Country,2024,16,131.79,-28.55,-39.55,364,0,132.48,1
Ash Plantains,Low Country,2024,17,120.38,-25.23,-41.55,357,0,127.69,1
Ash Plantains,Low Country,2024,18,121.27,-13.63,-37.47,350,0,122.0,1
Ash Plantains,Low Country,2024,19,114.57,-16.57,-37.04,343,0,116.44,1
Ash Plantains,Low Country,2024,20,109.56,-16.87,-35.38,336,0,116.97,1
Ash Plantains,Low Country,2024,21,122.5,1.76,-22.85,329,0,120.89,0
Ash Plantains,Low Country,2024,22,136.92,12.91,-8.5,322,0,132.07,0
Ash Plantains,Low Country,2024,23,159.3,39.05,11.05,315,0,149.66,0
Ash Plantains,Low Country,2024,24,179.93,64.23,28.56,308,0,164.54,0
Ash Plantains,Low Country,2024,25,182.0,48.57,30.22,301,0,177.02,0
Ash Plantains,Low Country,2024,26,186.84,36.46,31.8,294,0,188.07,1
Ash Plantains,Low Country,2024,27,203.49,27.74,38.8,287,0,193.44,0
Ash Plantains,Low Country,2024,28,201.44,11.95,32.93,280,0,198.14,0
Ash Plantains,Low Country,2024,29,200.79,10.32,28.02,273,0,203.4,1
Ash Plantains,Low Country,2024,30,207.86,11.25,27.07,266,0,202.2,0
Ash Plantains,Low Country,2024,31,198.69,-2.36,17.2,259,0,199.98,1
Ash Plantains,Low Country,2024,32,192.57,-4.4,9.71,252,0,194.49,1
Ash Plantains,Low Country,2024,33,178.86,-10.92,-1.11,245,0,187.73,1
Ash Plantains,Low Country,2024,34,180.79,-13.02,-2.46,238,0,182.48,1
Ash Plantains,Low Country,2024,35,177.71,-10.56,-5.71,231,0,179.11,1
Ash Plantains,Low Country,2024,36,179.07,-7.01,-5.75,224,0,179.08,1
Ash Plantains,Low Country,2024,37,178.75,-0.06,-5.88,217,0,178.98,1
Ash Plantains,Low Country,2024,38,180.37,-0.23,-4.96,210,0,178.43,0
Ash Plantains,Low Country,2024,39,175.53,-1.23,-7.09,203,0,173.14,0
Ash Plantains,Low Country,2024,40,157.91,-11.82,-14.83,196,0,164.99,1
Ash Plantains,Low Country,2024,41,146.14,-18.24,-19.33,189,0,155.3,1
Ash Plantains,Low Country,2024,42,141.61,-21.49,-19.82,182,0,145.41,1
Ash Plantains,Low Country,2024,43,135.97,-22.54,-20.52,175,0,138.04,1
Ash Plantains,Low Country,2024,44,128.43,-18.67,-22.48,168,0,131.81,1
Ash Plantains,Low Country,2024,45,121.24,-17.04,-24.31,161,0,126.83,1
Ash Plantains,Low Country,2024,46,121.67,-14.08,-21.9,154,0,122.13,1
Ash Plantains,Low Country,2024,47,117.18,-13.82,-22.34,147,0,118.52,1
Ash Plantains,Low Country,2024,48,113.98,-11.25,-21.93,140,0,120.02,1
Ash Plantains,Low Country,2024,49,127.24,4.96,-10.39,133,0,123.23,0
Ash Plantains,Low Country,2024,50,134.51,10.55,-2.95,126,0,128.57,0
Ash Plantains,Low Country,2024,51,138.56,18.25,2.35,119,0,132.54,0
Ash Plantains,Low Country,2024,52,129.83,13.9,-1.55,112,0,134.04,1
Ash Plantains,Low Country,2025,1,133.27,4.74,2.54,105,0,127.5,0
Ash Plantains,Low Country,2025,35,108.33,-19.46,-14.74,232,0,136.23,1
Ash Plantains,Low Country,2026,1,173.48,25.2,33.94,106,0,146.11,0
Ash Plantains,Low Country,2026,2,169.37,30.46,28.23,99,0,155.58,0
Ash Plantains,Low Country,2026,3,171.13,28.41,26.42,92,0,171.55,1
Ash Plantains,Low Country,2026,4,172.21,58.96,23.63,85,0,170.62,0
Ash Plantains,Low Country,2026,5,169.78,-2.13,18.74,78,0,166.84,0
Ash Plantains,Low Country,2026,6,154.22,-8.94,5.75,71,0,163.32,1
Ash Plantains,Low Country,2026,7,157.07,-8.21,5.31,64,0,158.79,1
Ash Plantains,Low Country,2026,8,154.06,-10.54,1.88,57,0,153.39,0
Ash Plantains,Low Country,2026,9,148.18,-12.72,-2.69,50,0,151.64,1
Ash Plantains,Low Country,2026,10,147.25,-4.52,-3.72,43,1,146.44,0
Ash Plantains,Low Country,2026,11,136.26,-13.25,-11.19,36,1,141.89,1
Ash Plantains,Low Country,2026,12,135.85,-11.82,-11.57,29,1,137.05,1
Ash Plantains,Low Country,2026,13,128.84,-13.05,-16.99,22,1,130.66,1
Ash Plantains,Low Country,2026,14,121.7,-17.35,-19.53,15,1,123.66,1
Ash Plantains,Low Country,2026,15,108.27,-20.55,-26.11,8,1,121.72,1
Ash Plantains,Low Country,2026,16,128.08,-5.72,-10.57,1,1,117.44,0
Ash Plantains,Low Country,2026,17,111.72,-13.29,-19.37,359,0,114.11,1
Ash Plantains,Low Country,2026,18,108.37,-10.95,-19.03,352,0,112.94,1
Ash Plantains,Low Country,2026,19,103.59,-4.32,-20.28,345,0,106.65,1
Ash Plantains,Low Country,2026,20,102.92,-19.65,-18.17,338,0,105.54,1
Ash Plantains,Low Country,2026,21,107.28,-3.97,-12.19,331,0,105.37,0
Ash Plantains,Low Country,2026,22,107.7,-0.62,-9.55,324,0,107.12,0
Ash Plantains,Low Country,2026,23,110.59,6.76,-4.87,317,0,108.82,0
Ash Plantains,Low Country,2026,24,109.69,6.59,-3.95,310,0,109.67,0
Ash Plantains,Low Country,2026,25,110.69,3.18,-1.4,303,0,110.32,0
Avocado (Rs/Fruit),Fruit,2023,1,165.0,,0.0,102,0,161.25,0
Avocado (Rs/Fruit),Fruit,2023,2,161.25,,-1.15,95,0,156.62,0
Avocado (Rs/Fruit),Fruit,2023,3,152.0,,-4.65,88,0,158.42,1
Avocado (Rs/Fruit),Fruit,2023,4,162.0,,1.21,81,0,160.06,0
Avocado (Rs/Fruit),Fruit,2023,5,165.0,0.0,2.45,74,0,153.0,0
Avocado (Rs/Fruit),Fruit,2023,6,133.0,-17.52,-14.95,67,0,158.5,1
Avocado (Rs/Fruit),Fruit,2023,7,174.0,14.47,9.51,60,0,154.5,0
Avocado (Rs/Fruit),Fruit,2023,8,146.0,-9.88,-7.17,53,0,144.75,0
Avocado (Rs/Fruit),Fruit,2023,9,126.0,-23.64,-18.08,46,0,148.06,1
Avocado (Rs/Fruit),Fruit,2023,10,146.25,9.96,-4.44,39,1,135.06,0
Avocado (Rs/Fruit),Fruit,2023,11,122.0,-29.89,-18.79,32,1,130.06,1
Avocado (Rs/Fruit),Fruit,2023,12,126.0,-13.7,-14.98,25,1,129.81,1
Avocado (Rs/Fruit),Fruit,2023,13,125.0,-0.79,-14.63,18,1,119.5,0
Avocado (Rs/Fruit),Fruit,2023,14,105.0,-28.21,-25.96,11,1,118.38,1
Avocado (Rs/Fruit),Fruit,2023,15,117.5,-3.69,-15.13,4,1,119.62,1
Avocado (Rs/Fruit),Fruit,2023,16,131.0,3.97,-4.26,363,0,116.88,0
Avocado (Rs/Fruit),Fruit,2023,17,114.0,-8.8,-14.37,356,0,115.62,1
Avocado (Rs/Fruit),Fruit,2023,18,100.0,-4.76,-21.96,349,0,110.25,1
Avocado (Rs/Fruit),Fruit,2023,19,96.0,-18.3,-23.38,342,0,98.3,1
Avocado (Rs/Fruit),Fruit,2023,20,83.2,-36.49,-29.67,335,0,91.8,1
Avocado (Rs/Fruit),Fruit,2023,21,88.0,-22.81,-22.7,328,0,86.3,0
Avocado (Rs/Fruit),Fruit,2023,22,78.0,-22.0,-29.19,321,0,80.05,1
Avocado (Rs/Fruit),Fruit,2023,23,71.0,-26.04,-31.97,314,0,74.5,1
Avocado (Rs/Fruit),Fruit,2023,24,61.0,-26.68,-38.8,307,0,70.0,1
Avocado (Rs/Fruit),Fruit,2023,25,70.0,-20.45,-26.6,300,0,67.69,0
Avocado (Rs/Fruit),Fruit,2023,26,68.75,-11.86,-24.48,293,0,68.06,0
Avocado (Rs/Fruit),Fruit,2023,27,72.5,2.11,-18.11,286,0,71.56,0
Avocado (Rs/Fruit),Fruit,2023,28,75.0,22.95,-12.04,279,0,72.06,0
Avocado (Rs/Fruit),Fruit,2023,29,72.0,2.86,-10.81,272,0,73.0,1
Avocado (Rs/Fruit),Fruit,2023,30,72.5,5.45,-6.49,265,0,70.81,0
Avocado (Rs/Fruit),Fruit,2023,31,63.75,-12.07,-14.71,258,0,75.06,1
Avocado (Rs/Fruit),Fruit,2023,32,92.0,22.67,23.59,251,0,81.56,0
Avocado (Rs/Fruit),Fruit,2023,33,98.0,36.11,29.67,244,0,84.94,0
Avocado (Rs/Fruit),Fruit,2023,34,86.0,18.62,14.02,237,0,88.06,1
Avocado (Rs/Fruit),Fruit,2023,35,76.25,19.61,1.28,230,0,81.06,1
Avocado (Rs/Fruit),Fruit,2023,36,64.0,-30.43,-14.38,223,0,75.56,1
Avocado (Rs/Fruit),Fruit,2023,37,76.0,-22.45,0.13,216,0,74.56,0
Avocado (Rs/Fruit),Fruit,2023,38,82.0,-4.65,6.73,209,0,75.5,0
Avocado (Rs/Fruit),Fruit,2023,39,80.0,4.92,2.97,202,0,77.25,0
Avocado (Rs/Fruit),Fruit,2023,40,71.0,10.94,-8.48,195,0,76.5,1
Avocado (Rs/Fruit),Fruit,2023,41,73.0,-3.95,-5.71,188,0,75.5,1
Avocado (Rs/Fruit),Fruit,2023,42,78.0,-4.88,0.15,181,0,78.5,1
Avocado (Rs/Fruit),Fruit,2023,43,92.0,15.0,15.89,174,0,85.25,0
Avocado (Rs/Fruit),Fruit,2023,44,98.0,38.03,19.48,167,0,92.5,0
Avocado (Rs/Fruit),Fruit,2023,45,102.0,39.73,23.21,160,0,102.25,1
Avocado (Rs/Fruit),Fruit,2023,46,117.0,50.0,38.87,153,0,106.5,0
Avocado (Rs/Fruit),Fruit,2023,47,109.0,18.48,26.72,146,0,111.17,1
Avocado (Rs/Fruit),Fruit,2023,48,116.67,19.05,30.9,139,0,127.67,1
Avocado (Rs/Fruit),Fruit,2023,49,168.0,64.71,72.97,132,0,158.67,0
Avocado (Rs/Fruit),Fruit,2023,50,241.0,105.98,119.45,125,0,195.17,0
Avocado (Rs/Fruit),Fruit,2023,51,255.0,133.94,107.1,118,0,235.58,0
Avocado (Rs/Fruit),Fruit,2023,52,278.33,138.57,101.13,111,0,263.58,0
Avocado (Rs/Fruit),Fruit,2024,1,280.0,66.67,81.27,104,0,248.83,0
Avocado (Rs/Fruit),Fruit,2024,2,182.0,-24.48,11.76,97,0,224.46,1
Avocado (Rs/Fruit),Fruit,2024,3,157.5,-38.24,-6.78,90,0,200.5,1
Avocado (Rs/Fruit),Fruit,2024,4,182.5,-34.43,3.74,83,0,185.0,1
Avocado (Rs/Fruit),Fruit,2024,5,218.0,-22.14,17.74,76,0,207.25,0
Avocado (Rs/Fruit),Fruit,2024,6,271.0,48.9,36.76,69,0,243.38,0
Avocado (Rs/Fruit),Fruit,2024,7,302.0,91.75,42.19,62,0,268.06,0
Avocado (Rs/Fruit),Fruit,2024,8,281.25,54.11,24.65,55,0,288.88,1
Avocado (Rs/Fruit),Fruit,2024,9,301.25,38.19,25.61,48,0,281.75,0
Avocado (Rs/Fruit),Fruit,2024,10,242.5,-10.52,-1.25,41,1,271.5,1
Avocado (Rs/Fruit),Fruit,2024,11,261.0,-13.58,5.62,34,1,268.06,1
Avocado (Rs/Fruit),Fruit,2024,12,267.5,-4.89,7.84,27,1,254.31,0
Avocado (Rs/Fruit),Fruit,2024,13,246.25,-18.26,0.27,20,1,233.19,0
Avocado (Rs/Fruit),Fruit,2024,14,158.0,-34.85,-33.11,13,1,210.44,1
Avocado (Rs/Fruit),Fruit,2024,15,170.0,-34.87,-27.75,6,1,189.5,1
Avocado (Rs/Fruit),Fruit,2024,16,183.75,-31.31,-22.57,364,0,164.5,0
Avocado (Rs/Fruit),Fruit,2024,17,146.25,-40.61,-37.64,357,0,150.62,1
Avocado (Rs/Fruit),Fruit,2024,18,102.5,-35.13,-54.57,350,0,128.88,1
Avocado (Rs/Fruit),Fruit,2024,19,83.0,-51.18,-60.7,343,0,101.69,1
Avocado (Rs/Fruit),Fruit,2024,20,75.0,-59.18,-61.28,336,0,82.62,1
Avocado (Rs/Fruit),Fruit,2024,21,70.0,-52.14,-60.55,329,0,74.5,1
Avocado (Rs/Fruit),Fruit,2024,22,70.0,-31.71,-56.16,322,0,71.0,1
Avocado (Rs/Fruit),Fruit,2024,23,69.0,-16.87,-52.85,315,0,69.0,0
Avocado (Rs/Fruit),Fruit,2024,24,67.0,-10.67,-49.01,308,0,68.17,1
Avocado (Rs/Fruit),Fruit,2024,25,66.67,-4.76,-42.51,301,0,65.87,0
Avocado (Rs/Fruit),Fruit,2024,26,60.8,-13.14,-40.21,294,0,72.12,1
Avocado (Rs/Fruit),Fruit,2024,27,94.0,36.23,-2.86,287,0,79.62,0
Avocado (Rs/Fruit),Fruit,2024,28,97.0,44.78,6.42,280,0,91.95,0
Avocado (Rs/Fruit),Fruit,2024,29,116.0,74.0,34.98,273,0,103.25,0
Avocado (Rs/Fruit),Fruit,2024,30,106.0,74.34,27.95,266,0,100.88,0
Avocado (Rs/Fruit),Fruit,2024,31,84.5,-10.11,3.73,259,0,103.62,1
Avocado (Rs/Fruit),Fruit,2024,32,108.0,11.34,29.52,252,0,99.38,0
Avocado (Rs/Fruit),Fruit,2024,33,99.0,-14.66,16.16,245,0,98.19,0
Avocado (Rs/Fruit),Fruit,2024,34,101.25,-4.48,15.54,238,0,98.81,0
Avocado (Rs/Fruit),Fruit,2024,35,87.0,2.96,-2.18,231,0,94.06,1
Avocado (Rs/Fruit),Fruit,2024,36,89.0,-17.59,-1.63,224,0,91.34,1
Avocado (Rs/Fruit),Fruit,2024,37,88.12,-10.98,-4.32,217,0,92.07,1
Avocado (Rs/Fruit),Fruit,2024,38,104.17,2.88,9.66,210,0,93.79,0
Avocado (Rs/Fruit),Fruit,2024,39,93.88,7.9,-3.75,203,0,108.89,1
Avocado (Rs/Fruit),Fruit,2024,40,149.4,67.87,46.77,196,0,117.96,0
Avocado (Rs/Fruit),Fruit,2024,41,124.4,41.16,19.73,189,0,133.04,1
Avocado (Rs/Fruit),Fruit,2024,42,164.5,57.92,52.84,182,0,161.88,0
Avocado (Rs/Fruit),Fruit,2024,43,209.2,122.85,81.02,175,0,168.69,0
Avocado (Rs/Fruit),Fruit,2024,44,176.67,18.25,44.03,168,0,189.84,1
Avocado (Rs/Fruit),Fruit,2024,45,209.0,68.01,60.24,161,0,213.09,1
Avocado (Rs/Fruit),Fruit,2024,46,257.5,56.53,80.55,154,0,241.17,0
Avocado (Rs/Fruit),Fruit,2024,47,321.5,53.68,101.49,147,0,303.38,0
Avocado (Rs/Fruit),Fruit,2024,48,425.5,140.85,129.25,140,0,357.0,0
Avocado (Rs/Fruit),Fruit,2024,49,423.5,102.63,100.39,133,0,402.62,0
Avocado (Rs/Fruit),Fruit,2024,50,440.0,70.87,84.56,126,0,418.75,0
Avocado (Rs/Fruit),Fruit,2024,51,386.0,20.06,48.42,119,0,408.0,1
Avocado (Rs/Fruit),Fruit,2024,52,382.5,-10.11,35.5,112,0,416.5,1
Avocado (Rs/Fruit),Fruit,2025,1,457.5,8.03,49.52,105,0,361.5,0
Avocado (Rs/Fruit),Fruit,2025,35,220.0,-50.0,-29.79,232,0,375.62,1
Avocado (Rs/Fruit),Fruit,2026,1,442.5,14.64,32.2,106,0,391.88,0
Avocado (Rs/Fruit),Fruit,2026,2,447.5,16.99,26.75,99,0,394.38,0
Avocado (Rs/Fruit),Fruit,2026,3,467.5,2.19,24.53,92,0,454.38,0
Avocado (Rs/Fruit),Fruit,2026,4,460.0,109.09,16.54,85,0,457.92,0
Avocado (Rs/Fruit),Fruit,2026,5,456.7,3.21,11.38,78,0,433.86,0
Avocado (Rs/Fruit),Fruit,2026,6,351.25,-21.51,-14.82,71,0,392.61,1
Avocado (Rs/Fruit),Fruit,2026,7,302.5,-35.29,-24.92,64,0,363.86,1
Avocado (Rs/Fruit),Fruit,2026,8,345.0,-25.0,-13.06,57,0,321.94,0
Avocado (Rs/Fruit),Fruit,2026,9,289.0,-36.72,-24.98,50,0,308.29,1
Avocado (Rs/Fruit),Fruit,2026,10,296.67,-15.54,-21.59,43,1,294.79,0
Avocado (Rs/Fruit),Fruit,2026,11,248.5,-17.85,-32.48,36,1,261.04,1
Avocado (Rs/Fruit),Fruit,2026,12,210.0,-39.13,-39.83,29,1,235.04,1
Avocado (Rs/Fruit),Fruit,2026,13,185.0,-35.99,-46.58,22,1,205.88,1
Avocado (Rs/Fruit),Fruit,2026,14,180.0,-39.33,-44.81,15,1,190.25,1
Avocado (Rs/Fruit),Fruit,2026,15,186.0,-25.15,-39.22,8,1,191.25,1
Avocado (Rs/Fruit),Fruit,2026,17,214.0,1.9,-25.31,359,0,204.84,0
Avocado (Rs/Fruit),Fruit,2026,18,239.38,29.39,-11.19,352,0,214.59,0
Avocado (Rs/Fruit),Fruit,2026,19,219.0,21.67,-12.84,345,0,220.22,1
Avocado (Rs/Fruit),Fruit,2026,20,208.5,12.1,-13.22,338,0,212.97,1
Avocado (Rs/Fruit),Fruit,2026,21,185.0,-13.55,-19.99,331,0,201.56,1
Avocado (Rs/Fruit),Fruit,2026,22,193.75,-19.06,-11.77,324,0,192.56,0
Avocado (Rs/Fruit),Fruit,2026,23,183.0,-16.44,-13.45,317,0,181.56,0
Avocado (Rs/Fruit),Fruit,2026,24,164.5,-21.1,-18.27,310,0,173.44,1
Avocado (Rs/Fruit),Fruit,2026,25,152.5,-17.57,-21.35,303,0,166.67,1
Banana - Ambul (Rs/Kg),Fruit,2023,1,181.25,,0.0,102,0,202.5,1
Banana - Ambul (Rs/Kg),Fruit,2023,2,202.5,,5.54,95,0,180.25,0
Banana - Ambul (Rs/Kg),Fruit,2023,3,158.0,,-12.51,88,0,186.5,1
Banana - Ambul (Rs/Kg),Fruit,2023,4,199.0,,7.46,81,0,187.62,0
Banana - Ambul (Rs/Kg),Fruit,2023,5,191.0,5.38,2.5,74,0,184.25,0
Banana - Ambul (Rs/Kg),Fruit,2023,6,189.0,-6.67,1.18,67,0,185.25,0
Banana - Ambul (Rs/Kg),Fruit,2023,7,162.0,2.53,-11.6,60,0,177.0,1
Banana - Ambul (Rs/Kg),Fruit,2023,8,166.0,-16.58,-8.33,53,0,172.0,1
Banana - Ambul (Rs/Kg),Fruit,2023,9,171.0,-10.47,-4.99,46,0,168.5,0
Banana - Ambul (Rs/Kg),Fruit,2023,10,175.0,-7.41,-2.49,39,1,168.75,0
Banana - Ambul (Rs/Kg),Fruit,2023,11,163.0,0.62,-8.42,32,1,170.0,1
Banana - Ambul (Rs/Kg),Fruit,2023,12,171.0,3.01,-3.61,25,1,173.75,1
Banana - Ambul (Rs/Kg),Fruit,2023,13,186.0,8.77,4.46,18,1,179.58,0
Banana - Ambul (Rs/Kg),Fruit,2023,14,198.33,13.33,10.57,11,1,195.71,0
Banana - Ambul (Rs/Kg),Fruit,2023,15,227.5,39.57,25.49,4,1,212.21,0
Banana - Ambul (Rs/Kg),Fruit,2023,16,237.0,38.6,26.49,363,0,213.71,0
Banana - Ambul (Rs/Kg),Fruit,2023,17,192.0,3.23,2.77,356,0,200.79,1
Banana - Ambul (Rs/Kg),Fruit,2023,18,146.67,-26.05,-20.04,349,0,174.67,1
Banana - Ambul (Rs/Kg),Fruit,2023,19,123.0,-45.93,-31.03,342,0,135.42,1
Banana - Ambul (Rs/Kg),Fruit,2023,20,80.0,-66.24,-53.5,335,0,107.67,1
Banana - Ambul (Rs/Kg),Fruit,2023,21,81.0,-57.81,-51.06,328,0,95.5,1
Banana - Ambul (Rs/Kg),Fruit,2023,22,98.0,-33.18,-38.71,321,0,96.25,0
Banana - Ambul (Rs/Kg),Fruit,2023,23,126.0,2.44,-19.29,314,0,100.75,0
Banana - Ambul (Rs/Kg),Fruit,2023,24,98.0,22.5,-35.15,307,0,108.0,1
Banana - Ambul (Rs/Kg),Fruit,2023,25,110.0,35.8,-24.88,300,0,113.81,1
Banana - Ambul (Rs/Kg),Fruit,2023,26,121.25,23.72,-14.28,293,0,117.0,0
Banana - Ambul (Rs/Kg),Fruit,2023,27,138.75,10.12,1.38,286,0,125.0,0
Banana - Ambul (Rs/Kg),Fruit,2023,28,130.0,32.65,0.5,279,0,127.5,0
Banana - Ambul (Rs/Kg),Fruit,2023,29,120.0,9.09,-0.3,272,0,127.5,1
Banana - Ambul (Rs/Kg),Fruit,2023,30,121.25,0.0,5.51,265,0,131.88,1
Banana - Ambul (Rs/Kg),Fruit,2023,31,156.25,12.61,35.1,258,0,138.62,0
Banana - Ambul (Rs/Kg),Fruit,2023,32,157.0,20.77,32.75,251,0,152.62,0
Banana - Ambul (Rs/Kg),Fruit,2023,33,176.0,46.67,40.07,244,0,177.31,1
Banana - Ambul (Rs/Kg),Fruit,2023,34,220.0,81.44,61.35,237,0,192.62,0
Banana - Ambul (Rs/Kg),Fruit,2023,35,217.5,39.2,49.45,230,0,204.38,0
Banana - Ambul (Rs/Kg),Fruit,2023,36,204.0,29.94,34.62,223,0,209.12,1
Banana - Ambul (Rs/Kg),Fruit,2023,37,195.0,10.8,22.64,216,0,196.88,1
Banana - Ambul (Rs/Kg),Fruit,2023,38,171.0,-22.27,4.46,209,0,182.5,1
Banana - Ambul (Rs/Kg),Fruit,2023,39,160.0,-26.44,-4.0,202,0,165.25,1
Banana - Ambul (Rs/Kg),Fruit,2023,40,135.0,-33.82,-18.86,195,0,148.25,1
Banana - Ambul (Rs/Kg),Fruit,2023,41,127.0,-34.87,-23.56,188,0,137.82,1
Banana - Ambul (Rs/Kg),Fruit,2023,42,129.29,-24.39,-22.52,181,0,132.93,1
Banana - Ambul (Rs/Kg),Fruit,2023,43,140.42,-12.24,-16.59,174,0,132.93,0
Banana - Ambul (Rs/Kg),Fruit,2023,44,135.0,0.0,-19.02,167,0,134.39,0
Banana - Ambul (Rs/Kg),Fruit,2023,45,132.86,4.61,-19.41,160,0,138.5,1
Banana - Ambul (Rs/Kg),Fruit,2023,46,145.71,12.71,-10.34,153,0,140.27,0
Banana - Ambul (Rs/Kg),Fruit,2023,47,147.5,5.04,-6.02,146,0,142.39,0
Banana - Ambul (Rs/Kg),Fruit,2023,48,143.5,6.3,-5.13,139,0,138.73,0
Banana - Ambul (Rs/Kg),Fruit,2023,49,118.21,-11.02,-18.28,132,0,132.48,1
Banana - Ambul (Rs/Kg),Fruit,2023,50,120.71,-17.16,-13.12,125,0,128.91,1
Banana - Ambul (Rs/Kg),Fruit,2023,51,133.21,-9.69,-2.07,118,0,129.66,0
Banana - Ambul (Rs/Kg),Fruit,2023,52,146.5,2.09,8.52,111,0,135.84,0
Banana - Ambul (Rs/Kg),Fruit,2024,1,142.92,20.9,5.39,104,0,139.32,0
Banana - Ambul (Rs/Kg),Fruit,2024,2,134.64,11.54,-1.14,97,0,136.82,1
Banana - Ambul (Rs/Kg),Fruit,2024,3,123.21,-7.51,-9.22,90,0,130.19,1
Banana - Ambul (Rs/Kg),Fruit,2024,4,120.0,-18.09,-10.55,83,0,124.82,1
Banana - Ambul (Rs/Kg),Fruit,2024,5,121.43,-15.04,-8.78,76,0,120.89,0
Banana - Ambul (Rs/Kg),Fruit,2024,6,118.93,-11.67,-9.93,69,0,119.2,1
Banana - Ambul (Rs/Kg),Fruit,2024,7,116.43,-5.51,-10.29,62,0,118.36,1
Banana - Ambul (Rs/Kg),Fruit,2024,8,116.67,-2.78,-8.43,55,0,117.38,1
Banana - Ambul (Rs/Kg),Fruit,2024,9,117.5,-3.24,-6.31,48,0,118.27,1
Banana - Ambul (Rs/Kg),Fruit,2024,10,122.5,3.0,-2.58,41,1,119.88,0
Banana - Ambul (Rs/Kg),Fruit,2024,11,122.86,5.52,-2.42,34,1,120.82,0
Banana - Ambul (Rs/Kg),Fruit,2024,12,120.42,3.21,-3.61,27,1,122.28,1
Banana - Ambul (Rs/Kg),Fruit,2024,13,123.33,4.96,0.16,20,1,124.87,1
Banana - Ambul (Rs/Kg),Fruit,2024,14,132.86,8.45,8.57,13,1,136.86,1
Banana - Ambul (Rs/Kg),Fruit,2024,15,170.83,39.05,36.5,6,1,147.69,0
Banana - Ambul (Rs/Kg),Fruit,2024,16,163.75,35.99,27.66,364,0,148.53,0
Banana - Ambul (Rs/Kg),Fruit,2024,17,126.67,2.7,-1.64,357,0,144.33,1
Banana - Ambul (Rs/Kg),Fruit,2024,18,116.07,-12.63,-9.58,350,0,128.87,1
Banana - Ambul (Rs/Kg),Fruit,2024,19,109.0,-36.2,-14.58,343,0,112.68,1
Banana - Ambul (Rs/Kg),Fruit,2024,20,99.0,-39.54,-21.59,336,0,104.77,1
Banana - Ambul (Rs/Kg),Fruit,2024,21,95.0,-25.0,-23.76,329,0,99.5,1
Banana - Ambul (Rs/Kg),Fruit,2024,22,95.0,-18.15,-22.68,322,0,96.12,1
Banana - Ambul (Rs/Kg),Fruit,2024,23,95.5,-12.39,-20.94,315,0,98.38,1
Banana - Ambul (Rs/Kg),Fruit,2024,24,108.0,9.09,-9.74,308,0,104.42,0
Banana - Ambul (Rs/Kg),Fruit,2024,25,119.17,25.44,-0.32,301,0,111.83,0
Banana - Ambul (Rs/Kg),Fruit,2024,26,124.64,31.2,4.17,294,0,118.76,0
Banana - Ambul (Rs/Kg),Fruit,2024,27,123.21,29.02,3.62,287,0,125.06,1
Banana - Ambul (Rs/Kg),Fruit,2024,28,133.21,23.35,14.82,280,0,133.77,1
Banana - Ambul (Rs/Kg),Fruit,2024,29,154.0,29.23,33.6,273,0,141.45,0
Banana - Ambul (Rs/Kg),Fruit,2024,30,155.36,24.64,32.25,266,0,148.27,0
Banana - Ambul (Rs/Kg),Fruit,2024,31,150.5,22.14,25.29,259,0,153.46,1
Banana - Ambul (Rs/Kg),Fruit,2024,32,154.0,15.6,24.61,252,0,153.59,0
Banana - Ambul (Rs/Kg),Fruit,2024,33,154.5,0.32,20.84,245,0,153.5,0
Banana - Ambul (Rs/Kg),Fruit,2024,34,155.0,-0.23,17.01,238,0,153.38,0
Banana - Ambul (Rs/Kg),Fruit,2024,35,150.0,-0.33,9.73,231,0,153.5,1
Banana - Ambul (Rs/Kg),Fruit,2024,36,154.5,0.32,9.39,224,0,156.12,1
Banana - Ambul (Rs/Kg),Fruit,2024,37,165.0,6.8,13.31,217,0,157.38,0
Banana - Ambul (Rs/Kg),Fruit,2024,38,160.0,3.23,7.55,210,0,157.84,0
Banana - Ambul (Rs/Kg),Fruit,2024,39,151.88,1.25,0.67,203,0,150.59,0
Banana - Ambul (Rs/Kg),Fruit,2024,40,125.5,-18.77,-16.91,196,0,140.59,1
Banana - Ambul (Rs/Kg),Fruit,2024,41,125.0,-24.24,-16.89,189,0,129.97,1
Banana - Ambul (Rs/Kg),Fruit,2024,42,117.5,-26.56,-20.39,182,0,116.75,0
Banana - Ambul (Rs/Kg),Fruit,2024,43,99.0,-34.81,-30.89,175,0,108.08,1
Banana - Ambul (Rs/Kg),Fruit,2024,44,90.83,-27.62,-34.5,168,0,101.46,1
Banana - Ambul (Rs/Kg),Fruit,2024,45,98.5,-21.2,-26.71,161,0,95.05,0
Banana - Ambul (Rs/Kg),Fruit,2024,46,91.88,-21.81,-29.1,154,0,93.3,1
Banana - Ambul (Rs/Kg),Fruit,2024,47,92.0,-7.07,-26.24,147,0,89.84,0
Banana - Ambul (Rs/Kg),Fruit,2024,48,77.0,-15.23,-35.36,140,0,84.09,1
Banana - Ambul (Rs/Kg),Fruit,2024,49,75.5,-23.35,-33.21,133,0,82.38,1
Banana - Ambul (Rs/Kg),Fruit,2024,50,85.0,-7.48,-20.48,126,0,85.25,1
Banana - Ambul (Rs/Kg),Fruit,2024,51,103.5,12.5,0.93,119,0,94.75,0
Banana - Ambul (Rs/Kg),Fruit,2024,52,115.0,49.35,15.34,112,0,112.12,0
Banana - Ambul (Rs/Kg),Fruit,2025,1,145.0,92.05,43.27,105,0,119.0,0
Banana - Ambul (Rs/Kg),Fruit,2025,35,112.5,32.35,12.22,232,0,131.88,1
Banana - Ambul (Rs/Kg),Fruit,2026,1,155.0,49.76,50.29,106,0,145.12,0
Banana - Ambul (Rs/Kg),Fruit,2026,2,168.0,46.09,54.93,99,0,151.58,0
Banana - Ambul (Rs/Kg),Fruit,2026,3,170.83,17.82,49.08,92,0,158.15,0
Banana - Ambul (Rs/Kg),Fruit,2026,4,138.75,23.33,17.9,85,0,152.27,1
Banana - Ambul (Rs/Kg),Fruit,2026,5,131.5,-15.16,8.91,78,0,142.46,1
Banana - Ambul (Rs/Kg),Fruit,2026,6,128.75,-23.36,4.2,71,0,131.5,1
Banana - Ambul (Rs/Kg),Fruit,2026,7,127.0,-25.66,-0.32,64,0,130.94,1
Banana - Ambul (Rs/Kg),Fruit,2026,8,136.5,-1.62,3.33,57,0,130.81,0
Banana - Ambul (Rs/Kg),Fruit,2026,9,131.0,-0.38,-3.42,50,0,129.67,0
Banana - Ambul (Rs/Kg),Fruit,2026,10,124.17,-3.56,-9.52,43,1,126.17,1
Banana - Ambul (Rs/Kg),Fruit,2026,11,113.0,-11.02,-17.56,36,1,122.42,1
Banana - Ambul (Rs/Kg),Fruit,2026,12,121.5,-10.99,-10.18,29,1,118.92,0
Banana - Ambul (Rs/Kg),Fruit,2026,13,117.0,-10.69,-13.73,22,1,118.29,1
Banana - Ambul (Rs/Kg),Fruit,2026,14,121.67,-2.01,-8.56,15,1,125.67,1
Banana - Ambul (Rs/Kg),Fruit,2026,15,142.5,26.11,8.7,8,1,133.29,0
Banana - Ambul (Rs/Kg),Fruit,2026,17,152.0,25.1,17.25,359,0,134.35,0
Banana - Ambul (Rs/Kg),Fruit,2026,18,121.25,3.63,-5.49,352,0,130.81,1
Banana - Ambul (Rs/Kg),Fruit,2026,19,107.5,-11.64,-14.99,345,0,118.06,1
Banana - Ambul (Rs/Kg),Fruit,2026,20,91.5,-35.79,-25.96,338,0,102.69,1
Banana - Ambul (Rs/Kg),Fruit,2026,21,90.5,-40.46,-25.07,331,0,94.88,1
Banana - Ambul (Rs/Kg),Fruit,2026,22,90.0,-25.77,-23.21,324,0,94.38,1
Banana - Ambul (Rs/Kg),Fruit,2026,23,105.5,-1.86,-8.45,317,0,99.38,0
Banana - Ambul (Rs/Kg),Fruit,2026,24,111.5,21.86,-2.42,310,0,107.38,0
Banana - Ambul (Rs/Kg),Fruit,2026,25,122.5,35.36,6.53,303,0,113.17,0
Banana - Anamalu (Rs/Fruit),Fruit,2023,1,20.0,,0.0,102,0,21.0,1
Banana - Anamalu (Rs/Fruit),Fruit,2023,2,21.0,,2.44,95,0,19.9,0
Banana - Anamalu (Rs/Fruit),Fruit,2023,3,18.8,,-5.69,88,0,20.13,1
Banana - Anamalu (Rs/Fruit),Fruit,2023,4,20.6,,2.49,81,0,20.2,0
Banana - Anamalu (Rs/Fruit),Fruit,2023,5,20.4,2.0,1.19,74,0,20.02,0
Banana - Anamalu (Rs/Fruit),Fruit,2023,6,20.3,-3.33,0.58,67,0,21.0,1
Banana - Anamalu (Rs/Fruit),Fruit,2023,7,22.7,20.74,10.5,60,0,21.95,0
Banana - Anamalu (Rs/Fruit),Fruit,2023,8,24.4,18.45,16.05,53,0,23.42,0
Banana - Anamalu (Rs/Fruit),Fruit,2023,9,26.3,28.92,21.7,46,0,25.48,0
Banana - Anamalu (Rs/Fruit),Fruit,2023,10,28.5,40.39,27.8,39,1,26.98,0
Banana - Anamalu (Rs/Fruit),Fruit,2023,11,28.7,26.43,25.43,32,1,28.35,0
Banana - Anamalu (Rs/Fruit),Fruit,2023,12,29.9,22.54,27.41,25,1,29.82,0
Banana - Anamalu (Rs/Fruit),Fruit,2023,13,32.2,22.43,33.4,18,1,30.82,0
Banana - Anamalu (Rs/Fruit),Fruit,2023,14,32.5,14.04,29.48,11,1,32.28,0
Banana - Anamalu (Rs/Fruit),Fruit,2023,15,34.5,20.21,31.99,4,1,33.2,0
Banana - Anamalu (Rs/Fruit),Fruit,2023,16,33.6,12.37,23.18,363,0,32.4,0
Banana - Anamalu (Rs/Fruit),Fruit,2023,17,29.0,-9.94,3.86,356,0,31.07,1
Banana - Anamalu (Rs/Fruit),Fruit,2023,18,27.17,-16.41,-4.49,349,0,28.99,1
Banana - Anamalu (Rs/Fruit),Fruit,2023,19,26.2,-24.06,-9.33,342,0,25.64,0
Banana - Anamalu (Rs/Fruit),Fruit,2023,20,20.2,-39.88,-29.63,335,0,22.84,1
Banana - Anamalu (Rs/Fruit),Fruit,2023,21,17.8,-38.62,-36.87,328,0,20.85,1
Banana - Anamalu (Rs/Fruit),Fruit,2023,22,19.2,-29.33,-30.56,321,0,20.0,1
Banana - Anamalu (Rs/Fruit),Fruit,2023,23,22.8,-12.98,-16.22,314,0,20.05,0
Banana - Anamalu (Rs/Fruit),Fruit,2023,24,20.4,0.99,-23.23,307,0,20.68,1
Banana - Anamalu (Rs/Fruit),Fruit,2023,25,20.3,14.04,-21.43,300,0,21.0,1
Banana - Anamalu (Rs/Fruit),Fruit,2023,26,20.5,6.77,-17.79,293,0,21.49,1
Banana - Anamalu (Rs/Fruit),Fruit,2023,27,24.75,8.55,1.69,286,0,22.39,0
Banana - Anamalu (Rs/Fruit),Fruit,2023,28,24.0,17.65,1.99,279,0,22.89,0
Banana - Anamalu (Rs/Fruit),Fruit,2023,29,22.3,9.85,-1.6,272,0,22.79,1
Banana - Anamalu (Rs/Fruit),Fruit,2023,30,20.12,-1.83,-8.44,265,0,22.64,1
Banana - Anamalu (Rs/Fruit),Fruit,2023,31,24.12,-2.53,10.94,258,0,23.86,0
Banana - Anamalu (Rs/Fruit),Fruit,2023,32,28.9,20.42,31.64,251,0,25.14,0
Banana - Anamalu (Rs/Fruit),Fruit,2023,33,27.4,22.87,21.74,244,0,27.11,0
Banana - Anamalu (Rs/Fruit),Fruit,2023,34,28.0,39.13,20.21,237,0,28.23,1
Banana - Anamalu (Rs/Fruit),Fruit,2023,35,28.62,18.65,19.18,230,0,27.68,0
Banana - Anamalu (Rs/Fruit),Fruit,2023,36,26.7,-7.61,9.8,223,0,27.01,1
Banana - Anamalu (Rs/Fruit),Fruit,2023,37,24.7,-9.85,0.21,216,0,26.08,1
Banana - Anamalu (Rs/Fruit),Fruit,2023,38,24.3,-13.21,-2.63,209,0,24.92,1
Banana - Anamalu (Rs/Fruit),Fruit,2023,39,24.0,-16.16,-4.86,202,0,24.15,1
Banana - Anamalu (Rs/Fruit),Fruit,2023,40,23.6,-11.61,-6.11,195,0,24.4,1
Banana - Anamalu (Rs/Fruit),Fruit,2023,41,25.7,4.05,1.71,188,0,25.12,0
Banana - Anamalu (Rs/Fruit),Fruit,2023,42,27.2,11.93,6.07,181,0,25.88,0
Banana - Anamalu (Rs/Fruit),Fruit,2023,43,27.0,12.5,3.16,174,0,26.82,0
Banana - Anamalu (Rs/Fruit),Fruit,2023,44,27.4,16.1,3.69,167,0,27.02,0
Banana - Anamalu (Rs/Fruit),Fruit,2023,45,26.5,3.11,0.99,160,0,26.95,1
Banana - Anamalu (Rs/Fruit),Fruit,2023,46,26.9,-1.1,2.66,153,0,27.08,1
Banana - Anamalu (Rs/Fruit),Fruit,2023,47,27.5,1.85,5.11,146,0,26.89,0
Banana - Anamalu (Rs/Fruit),Fruit,2023,48,26.67,-2.68,2.51,139,0,26.19,0
Banana - Anamalu (Rs/Fruit),Fruit,2023,49,23.7,-10.57,-8.08,132,0,26.37,1
Banana - Anamalu (Rs/Fruit),Fruit,2023,50,27.6,2.6,6.13,125,0,26.58,0
Banana - Anamalu (Rs/Fruit),Fruit,2023,51,28.33,3.03,7.67,118,0,27.41,0
Banana - Anamalu (Rs/Fruit),Fruit,2023,52,30.0,12.5,12.04,111,0,29.01,0
Banana - Anamalu (Rs/Fruit),Fruit,2024,1,30.12,27.11,10.43,104,0,29.49,0
Banana - Anamalu (Rs/Fruit),Fruit,2024,2,29.5,6.88,7.0,97,0,29.41,0
Banana - Anamalu (Rs/Fruit),Fruit,2024,3,28.0,-1.18,1.33,90,0,29.28,1
Banana - Anamalu (Rs/Fruit),Fruit,2024,4,29.5,-1.67,6.02,83,0,29.02,0
Banana - Anamalu (Rs/Fruit),Fruit,2024,5,29.1,-3.4,4.09,76,0,29.32,1
Banana - Anamalu (Rs/Fruit),Fruit,2024,6,30.7,4.07,8.56,69,0,29.2,0
Banana - Anamalu (Rs/Fruit),Fruit,2024,7,27.5,-1.79,-2.91,62,0,28.7,1
Banana - Anamalu (Rs/Fruit),Fruit,2024,8,27.5,-6.78,-2.91,55,0,28.27,1
Banana - Anamalu (Rs/Fruit),Fruit,2024,9,27.38,-5.93,-3.54,48,0,27.5,1
Banana - Anamalu (Rs/Fruit),Fruit,2024,10,27.62,-10.02,-3.68,41,1,27.5,0
Banana - Anamalu (Rs/Fruit),Fruit,2024,11,27.5,0.0,-4.09,34,1,27.5,0
Banana - Anamalu (Rs/Fruit),Fruit,2024,12,27.5,0.0,-3.88,27,1,27.53,1
Banana - Anamalu (Rs/Fruit),Fruit,2024,13,27.5,0.46,-3.23,20,1,28.35,1
Banana - Anamalu (Rs/Fruit),Fruit,2024,14,30.9,11.86,8.51,13,1,30.35,0
Banana - Anamalu (Rs/Fruit),Fruit,2024,15,35.5,29.09,22.67,6,1,31.85,0
Banana - Anamalu (Rs/Fruit),Fruit,2024,16,33.5,21.82,14.09,364,0,31.85,0
Banana - Anamalu (Rs/Fruit),Fruit,2024,17,27.5,0.0,-5.85,357,0,31.0,1
Banana - Anamalu (Rs/Fruit),Fruit,2024,18,27.5,-11.0,-5.45,350,0,28.08,1
Banana - Anamalu (Rs/Fruit),Fruit,2024,19,23.8,-32.96,-16.65,343,0,25.08,1
Banana - Anamalu (Rs/Fruit),Fruit,2024,20,21.5,-35.82,-23.47,336,0,23.24,1
Banana - Anamalu (Rs/Fruit),Fruit,2024,21,20.17,-26.67,-26.74,329,0,21.87,1
Banana - Anamalu (Rs/Fruit),Fruit,2024,22,22.0,-20.0,-18.86,322,0,21.59,0
Banana - Anamalu (Rs/Fruit),Fruit,2024,23,22.7,-4.62,-15.1,315,0,22.57,0
Banana - Anamalu (Rs/Fruit),Fruit,2024,24,25.4,18.14,-4.42,308,0,24.4,0
Banana - Anamalu (Rs/Fruit),Fruit,2024,25,27.5,36.36,3.48,301,0,25.82,0
Banana - Anamalu (Rs/Fruit),Fruit,2024,26,27.7,25.91,4.18,294,0,27.42,0
Banana - Anamalu (Rs/Fruit),Fruit,2024,27,29.1,28.19,10.01,287,0,28.58,0
Banana - Anamalu (Rs/Fruit),Fruit,2024,28,30.0,18.11,15.26,280,0,29.4,0
Banana - Anamalu (Rs/Fruit),Fruit,2024,29,30.8,12.0,19.29,273,0,32.0,1
Banana - Anamalu (Rs/Fruit),Fruit,2024,30,38.1,37.55,43.04,266,0,33.5,0
Banana - Anamalu (Rs/Fruit),Fruit,2024,31,35.1,20.62,28.95,259,0,34.22,0
Banana - Anamalu (Rs/Fruit),Fruit,2024,32,32.9,9.67,17.83,252,0,35.15,1
Banana - Anamalu (Rs/Fruit),Fruit,2024,33,34.5,12.01,19.29,245,0,33.91,0
Banana - Anamalu (Rs/Fruit),Fruit,2024,34,33.12,-13.06,10.72,238,0,33.63,1
Banana - Anamalu (Rs/Fruit),Fruit,2024,35,34.0,-3.13,10.25,231,0,33.53,0
Banana - Anamalu (Rs/Fruit),Fruit,2024,36,32.5,-1.22,2.87,224,0,33.09,1
Banana - Anamalu (Rs/Fruit),Fruit,2024,37,32.75,-5.07,1.84,217,0,32.6,0
Banana - Anamalu (Rs/Fruit),Fruit,2024,38,31.17,-5.91,-3.93,210,0,32.48,1
Banana - Anamalu (Rs/Fruit),Fruit,2024,39,33.5,-1.47,1.86,203,0,32.15,0
Banana - Anamalu (Rs/Fruit),Fruit,2024,40,31.2,-4.0,-5.6,196,0,31.74,1
Banana - Anamalu (Rs/Fruit),Fruit,2024,41,31.1,-5.04,-6.14,189,0,31.54,1
Banana - Anamalu (Rs/Fruit),Fruit,2024,42,30.38,-2.54,-8.24,182,0,30.59,1
Banana - Anamalu (Rs/Fruit),Fruit,2024,43,29.7,-11.34,-8.49,175,0,30.38,1
Banana - Anamalu (Rs/Fruit),Fruit,2024,44,30.33,-2.78,-5.47,168,0,30.98,1
Banana - Anamalu (Rs/Fruit),Fruit,2024,45,33.5,7.72,4.25,161,0,31.51,0
Banana - Anamalu (Rs/Fruit),Fruit,2024,46,32.5,7.0,1.62,154,0,31.28,0
Banana - Anamalu (Rs/Fruit),Fruit,2024,47,28.8,-3.03,-9.0,147,0,30.22,1
Banana - Anamalu (Rs/Fruit),Fruit,2024,48,26.1,-13.96,-15.92,140,0,28.55,1
Banana - Anamalu (Rs/Fruit),Fruit,2024,49,26.8,-20.0,-12.42,133,0,27.15,1
Banana - Anamalu (Rs/Fruit),Fruit,2024,50,26.9,-17.23,-10.79,126,0,27.6,1
Banana - Anamalu (Rs/Fruit),Fruit,2024,51,30.6,6.25,1.63,119,0,28.92,0
Banana - Anamalu (Rs/Fruit),Fruit,2024,52,31.38,20.21,4.78,112,0,30.59,0
Banana - Anamalu (Rs/Fruit),Fruit,2025,1,33.5,25.0,11.22,105,0,31.99,0
Banana - Anamalu (Rs/Fruit),Fruit,2025,35,32.5,20.82,7.51,232,0,32.84,1
Banana - Anamalu (Rs/Fruit),Fruit,2026,1,34.0,11.11,11.44,106,0,33.48,0
Banana - Anamalu (Rs/Fruit),Fruit,2026,2,33.9,8.05,9.95,99,0,33.98,1
Banana - Anamalu (Rs/Fruit),Fruit,2026,3,35.5,5.97,13.68,92,0,34.4,0
Banana - Anamalu (Rs/Fruit),Fruit,2026,4,34.2,5.23,9.33,85,0,34.88,1
Banana - Anamalu (Rs/Fruit),Fruit,2026,5,35.9,5.59,13.81,78,0,35.28,0
Banana - Anamalu (Rs/Fruit),Fruit,2026,6,35.5,4.72,10.73,71,0,35.55,1
Banana - Anamalu (Rs/Fruit),Fruit,2026,7,36.6,3.1,11.36,64,0,36.53,0
Banana - Anamalu (Rs/Fruit),Fruit,2026,8,38.1,11.4,12.93,57,0,37.42,0
Banana - Anamalu (Rs/Fruit),Fruit,2026,9,39.5,10.03,13.81,50,0,37.88,0
Banana - Anamalu (Rs/Fruit),Fruit,2026,10,37.33,5.16,5.99,43,1,38.06,1
Banana - Anamalu (Rs/Fruit),Fruit,2026,11,37.3,1.91,4.54,36,1,37.83,1
Banana - Anamalu (Rs/Fruit),Fruit,2026,12,37.2,-2.36,3.44,29,1,37.31,1
Banana - Anamalu (Rs/Fruit),Fruit,2026,13,37.4,-5.32,2.91,22,1,37.56,1
Banana - Anamalu (Rs/Fruit),Fruit,2026,14,38.33,2.68,4.52,15,1,38.16,0
Banana - Anamalu (Rs/Fruit),Fruit,2026,15,39.7,6.43,6.95,8,1,38.68,0
Banana - Anamalu (Rs/Fruit),Fruit,2026,17,39.3,5.65,5.04,359,0,37.83,0
Banana - Anamalu (Rs/Fruit),Fruit,2026,18,34.0,-9.09,-9.08,352,0,36.2,1
Banana - Anamalu (Rs/Fruit),Fruit,2026,19,31.8,-17.04,-14.24,345,0,33.08,1
Banana - Anamalu (Rs/Fruit),Fruit,2026,20,27.2,-31.49,-25.36,338,0,29.42,1
Banana - Anamalu (Rs/Fruit),Fruit,2026,21,24.7,-37.15,-30.48,331,0,27.74,1
Banana - Anamalu (Rs/Fruit),Fruit,2026,22,27.25,-19.85,-21.46,324,0,26.76,0
Banana - Anamalu (Rs/Fruit),Fruit,2026,23,27.9,-12.26,-17.46,317,0,26.96,0
Banana - Anamalu (Rs/Fruit),Fruit,2026,24,28.0,2.94,-15.37,310,0,27.74,0
Banana - Anamalu (Rs/Fruit),Fruit,2026,25,27.8,12.55,-14.07,303,0,27.9,1
Banana - Kolikuttu (Rs/Kg),Fruit,2023,1,386.25,,0.0,102,0,380.0,0
Banana - Kolikuttu (Rs/Kg),Fruit,2023,2,380.0,,-0.82,95,0,356.0,0
Banana - Kolikuttu (Rs/Kg),Fruit,2023,3,332.0,,-9.31,88,0,359.33,1
Banana - Kolikuttu (Rs/Kg),Fruit,2023,4,366.0,,-0.02,81,0,355.5,0
Banana - Kolikuttu (Rs/Kg),Fruit,2023,5,344.0,-10.94,-4.88,74,0,353.0,1
Banana - Kolikuttu (Rs/Kg),Fruit,2023,6,370.0,-2.63,1.92,67,0,351.75,0
Banana - Kolikuttu (Rs/Kg),Fruit,2023,7,327.0,-1.51,-8.63,60,0,342.25,1
Banana - Kolikuttu (Rs/Kg),Fruit,2023,8,328.0,-10.38,-7.39,53,0,344.75,1
Banana - Kolikuttu (Rs/Kg),Fruit,2023,9,354.0,2.91,-0.04,46,0,346.0,0
Banana - Kolikuttu (Rs/Kg),Fruit,2023,10,375.0,1.35,5.27,39,1,358.0,0
Banana - Kolikuttu (Rs/Kg),Fruit,2023,11,375.0,14.68,4.77,32,1,378.62,1
Banana - Kolikuttu (Rs/Kg),Fruit,2023,12,410.5,25.15,13.3,25,1,404.62,0
Banana - Kolikuttu (Rs/Kg),Fruit,2023,13,458.0,29.38,23.89,18,1,427.96,0
Banana - Kolikuttu (Rs/Kg),Fruit,2023,14,468.33,24.89,24.56,11,1,456.08,0
Banana - Kolikuttu (Rs/Kg),Fruit,2023,15,487.5,30.0,26.87,4,1,485.96,0
Banana - Kolikuttu (Rs/Kg),Fruit,2023,16,530.0,29.11,32.67,363,0,472.46,0
Banana - Kolikuttu (Rs/Kg),Fruit,2023,17,404.0,-11.79,0.4,356,0,448.29,1
Banana - Kolikuttu (Rs/Kg),Fruit,2023,18,371.67,-20.64,-8.13,349,0,420.67,1
Banana - Kolikuttu (Rs/Kg),Fruit,2023,19,377.0,-22.67,-6.93,342,0,369.67,0
Banana - Kolikuttu (Rs/Kg),Fruit,2023,20,326.0,-38.49,-19.51,335,0,342.42,1
Banana - Kolikuttu (Rs/Kg),Fruit,2023,21,295.0,-26.98,-26.7,328,0,318.25,1
Banana - Kolikuttu (Rs/Kg),Fruit,2023,22,275.0,-26.01,-30.62,321,0,311.0,1
Banana - Kolikuttu (Rs/Kg),Fruit,2023,23,348.0,-7.69,-11.74,314,0,304.0,0
Banana - Kolikuttu (Rs/Kg),Fruit,2023,24,298.0,-8.59,-23.27,307,0,313.5,1
Banana - Kolikuttu (Rs/Kg),Fruit,2023,25,333.0,12.88,-12.92,300,0,336.62,1
Banana - Kolikuttu (Rs/Kg),Fruit,2023,26,367.5,33.64,-2.12,293,0,355.25,0
Banana - Kolikuttu (Rs/Kg),Fruit,2023,27,422.5,21.41,13.59,286,0,381.0,0
Banana - Kolikuttu (Rs/Kg),Fruit,2023,28,401.0,34.56,9.78,279,0,393.25,0
Banana - Kolikuttu (Rs/Kg),Fruit,2023,29,382.0,14.71,7.94,272,0,393.56,1
Banana - Kolikuttu (Rs/Kg),Fruit,2023,30,368.75,0.34,5.0,265,0,386.06,1
Banana - Kolikuttu (Rs/Kg),Fruit,2023,31,392.5,-7.1,11.26,258,0,384.56,0
Banana - Kolikuttu (Rs/Kg),Fruit,2023,32,395.0,-1.5,11.53,251,0,405.06,1
Banana - Kolikuttu (Rs/Kg),Fruit,2023,33,464.0,21.47,27.2,244,0,446.12,0
Banana - Kolikuttu (Rs/Kg),Fruit,2023,34,533.0,44.54,39.13,237,0,488.94,0
Banana - Kolikuttu (Rs/Kg),Fruit,2023,35,563.75,43.63,39.09,230,0,528.19,0
Banana - Kolikuttu (Rs/Kg),Fruit,2023,36,552.0,39.75,31.12,223,0,554.69,1
Banana - Kolikuttu (Rs/Kg),Fruit,2023,37,570.0,22.84,28.98,216,0,559.94,0
Banana - Kolikuttu (Rs/Kg),Fruit,2023,38,554.0,3.94,20.72,209,0,550.88,0
Banana - Kolikuttu (Rs/Kg),Fruit,2023,39,527.5,-6.43,11.94,202,0,533.88,1
Banana - Kolikuttu (Rs/Kg),Fruit,2023,40,484.0,-12.32,1.69,195,0,501.12,1
Banana - Kolikuttu (Rs/Kg),Fruit,2023,41,439.0,-22.98,-8.33,188,0,462.54,1
Banana - Kolikuttu (Rs/Kg),Fruit,2023,42,399.64,-27.86,-16.78,181,0,435.56,1
Banana - Kolikuttu (Rs/Kg),Fruit,2023,43,419.58,-20.46,-13.34,174,0,414.74,0
Banana - Kolikuttu (Rs/Kg),Fruit,2023,44,400.71,-17.21,-17.34,167,0,406.68,1
Banana - Kolikuttu (Rs/Kg),Fruit,2023,45,406.79,-7.34,-16.25,160,0,410.97,1
Banana - Kolikuttu (Rs/Kg),Fruit,2023,46,416.79,4.29,-13.54,153,0,409.2,0
Banana - Kolikuttu (Rs/Kg),Fruit,2023,47,412.5,-1.69,-12.75,146,0,412.14,0
Banana - Kolikuttu (Rs/Kg),Fruit,2023,48,412.5,2.94,-10.55,139,0,399.73,0
Banana - Kolikuttu (Rs/Kg),Fruit,2023,49,357.14,-12.2,-19.95,132,0,383.21,1
Banana - Kolikuttu (Rs/Kg),Fruit,2023,50,350.71,-15.85,-18.31,125,0,366.7,1
Banana - Kolikuttu (Rs/Kg),Fruit,2023,51,346.43,-16.02,-16.19,118,0,357.95,1
Banana - Kolikuttu (Rs/Kg),Fruit,2023,52,377.5,-8.48,-6.05,111,0,358.97,0
Banana - Kolikuttu (Rs/Kg),Fruit,2024,1,361.25,1.15,-7.93,104,0,356.56,0
Banana - Kolikuttu (Rs/Kg),Fruit,2024,2,341.07,-2.75,-11.37,97,0,350.94,1
Banana - Kolikuttu (Rs/Kg),Fruit,2024,3,323.93,-6.49,-14.53,90,0,333.12,1
Banana - Kolikuttu (Rs/Kg),Fruit,2024,4,306.25,-18.87,-17.29,83,0,317.54,1
Banana - Kolikuttu (Rs/Kg),Fruit,2024,5,298.93,-17.25,-17.52,76,0,303.53,1
Banana - Kolikuttu (Rs/Kg),Fruit,2024,6,285.0,-16.44,-19.28,69,0,289.6,1
Banana - Kolikuttu (Rs/Kg),Fruit,2024,7,268.21,-17.2,-21.49,62,0,280.85,1
Banana - Kolikuttu (Rs/Kg),Fruit,2024,8,271.25,-11.43,-18.0,55,0,273.3,1
Banana - Kolikuttu (Rs/Kg),Fruit,2024,9,268.75,-10.1,-15.94,48,0,275.0,1
Banana - Kolikuttu (Rs/Kg),Fruit,2024,10,291.79,2.38,-7.28,41,1,285.89,0
Banana - Kolikuttu (Rs/Kg),Fruit,2024,11,311.79,16.25,0.03,34,1,295.48,0
Banana - Kolikuttu (Rs/Kg),Fruit,2024,12,309.58,14.13,0.23,27,1,306.52,0
Banana - Kolikuttu (Rs/Kg),Fruit,2024,13,312.92,16.43,2.97,20,1,320.18,1
Banana - Kolikuttu (Rs/Kg),Fruit,2024,14,346.43,18.73,14.42,13,1,348.69,1
Banana - Kolikuttu (Rs/Kg),Fruit,2024,15,425.83,36.58,37.68,6,1,391.92,0
Banana - Kolikuttu (Rs/Kg),Fruit,2024,16,482.5,55.85,50.09,364,0,392.96,0
Banana - Kolikuttu (Rs/Kg),Fruit,2024,17,317.08,1.33,-1.62,357,0,379.12,1
Banana - Kolikuttu (Rs/Kg),Fruit,2024,18,291.07,-15.98,-9.52,350,0,340.66,1
Banana - Kolikuttu (Rs/Kg),Fruit,2024,19,272.0,-36.13,-15.19,343,0,281.54,1
Banana - Kolikuttu (Rs/Kg),Fruit,2024,20,246.0,-49.02,-22.88,336,0,263.31,1
Banana - Kolikuttu (Rs/Kg),Fruit,2024,21,244.17,-23.0,-22.96,329,0,257.04,1
Banana - Kolikuttu (Rs/Kg),Fruit,2024,22,266.0,-8.61,-16.01,322,0,256.92,0
Banana - Kolikuttu (Rs/Kg),Fruit,2024,23,271.5,-0.18,-13.85,315,0,266.92,0
Banana - Kolikuttu (Rs/Kg),Fruit,2024,24,286.0,16.26,-8.67,308,0,287.54,1
Banana - Kolikuttu (Rs/Kg),Fruit,2024,25,326.67,33.79,3.88,301,0,301.4,0
Banana - Kolikuttu (Rs/Kg),Fruit,2024,26,321.43,20.84,2.0,294,0,313.97,0
Banana - Kolikuttu (Rs/Kg),Fruit,2024,27,321.79,18.52,2.73,287,0,328.1,1
Banana - Kolikuttu (Rs/Kg),Fruit,2024,28,342.5,19.76,11.63,280,0,346.18,1
Banana - Kolikuttu (Rs/Kg),Fruit,2024,29,399.0,22.14,32.82,273,0,364.39,0
Banana - Kolikuttu (Rs/Kg),Fruit,2024,30,394.29,22.67,28.71,266,0,385.45,0
Banana - Kolikuttu (Rs/Kg),Fruit,2024,31,406.0,26.17,28.82,259,0,391.82,0
Banana - Kolikuttu (Rs/Kg),Fruit,2024,32,368.0,7.45,14.09,252,0,374.7,1
Banana - Kolikuttu (Rs/Kg),Fruit,2024,33,330.5,-17.17,0.44,245,0,359.88,1
Banana - Kolikuttu (Rs/Kg),Fruit,2024,34,335.0,-15.04,-0.31,238,0,350.0,1
Banana - Kolikuttu (Rs/Kg),Fruit,2024,35,366.5,-9.73,6.61,231,0,357.25,0
Banana - Kolikuttu (Rs/Kg),Fruit,2024,36,397.0,7.88,12.33,224,0,378.38,0
Banana - Kolikuttu (Rs/Kg),Fruit,2024,37,415.0,25.57,14.21,217,0,397.33,0
Banana - Kolikuttu (Rs/Kg),Fruit,2024,38,410.83,22.64,11.09,210,0,407.74,0
Banana - Kolikuttu (Rs/Kg),Fruit,2024,39,408.12,11.36,8.4,203,0,392.61,0
Banana - Kolikuttu (Rs/Kg),Fruit,2024,40,336.5,-15.24,-10.89,196,0,363.11,1
Banana - Kolikuttu (Rs/Kg),Fruit,2024,41,297.0,-28.43,-20.62,189,0,322.12,1
Banana - Kolikuttu (Rs/Kg),Fruit,2024,42,246.88,-39.91,-31.88,182,0,278.72,1
Banana - Kolikuttu (Rs/Kg),Fruit,2024,43,234.5,-42.54,-33.03,175,0,248.14,1
Banana - Kolikuttu (Rs/Kg),Fruit,2024,44,214.17,-36.35,-36.14,168,0,229.76,1
Banana - Kolikuttu (Rs/Kg),Fruit,2024,45,223.5,-24.75,-31.08,161,0,220.7,0
Banana - Kolikuttu (Rs/Kg),Fruit,2024,46,210.62,-14.68,-33.15,154,0,215.07,1
Banana - Kolikuttu (Rs/Kg),Fruit,2024,47,212.0,-9.59,-30.63,147,0,206.09,0
Banana - Kolikuttu (Rs/Kg),Fruit,2024,48,178.25,-16.77,-38.77,140,0,195.47,1
Banana - Kolikuttu (Rs/Kg),Fruit,2024,49,181.0,-19.02,-34.06,133,0,193.56,1
Banana - Kolikuttu (Rs/Kg),Fruit,2024,50,203.0,-3.62,-21.37,126,0,194.19,0
Banana - Kolikuttu (Rs/Kg),Fruit,2024,51,214.5,1.18,-11.76,119,0,210.41,0
Banana - Kolikuttu (Rs/Kg),Fruit,2024,52,243.12,36.4,5.53,112,0,226.72,0
Banana - Kolikuttu (Rs/Kg),Fruit,2025,1,246.25,36.05,10.21,105,0,243.47,0
Banana - Kolikuttu (Rs/Kg),Fruit,2025,35,270.0,33.0,21.97,232,0,252.66,0
Banana - Kolikuttu (Rs/Kg),Fruit,2026,1,251.25,17.13,13.33,106,0,250.5,0
Banana - Kolikuttu (Rs/Kg),Fruit,2026,2,234.5,-3.55,5.77,99,0,245.6,1
Banana - Kolikuttu (Rs/Kg),Fruit,2026,3,226.67,-7.95,1.8,92,0,232.48,1
Banana - Kolikuttu (Rs/Kg),Fruit,2026,4,217.5,-19.44,-2.12,85,0,222.17,1
Banana - Kolikuttu (Rs/Kg),Fruit,2026,5,210.0,-16.42,-5.47,78,0,219.64,1
Banana - Kolikuttu (Rs/Kg),Fruit,2026,6,224.38,-4.32,0.57,71,0,218.59,0
Banana - Kolikuttu (Rs/Kg),Fruit,2026,7,222.5,-1.84,-1.77,64,0,228.84,1
Banana - Kolikuttu (Rs/Kg),Fruit,2026,8,258.5,18.85,11.2,57,0,248.97,0
Banana - Kolikuttu (Rs/Kg),Fruit,2026,9,290.5,38.33,21.44,50,0,262.46,0
Banana - Kolikuttu (Rs/Kg),Fruit,2026,10,278.33,24.05,14.02,43,1,271.96,0
Banana - Kolikuttu (Rs/Kg),Fruit,2026,11,260.5,17.08,6.13,36,1,275.83,1
Banana - Kolikuttu (Rs/Kg),Fruit,2026,12,274.0,6.0,10.67,29,1,273.21,0
Banana - Kolikuttu (Rs/Kg),Fruit,2026,13,280.0,-3.61,12.74,22,1,279.88,0
Banana - Kolikuttu (Rs/Kg),Fruit,2026,14,305.0,9.58,20.8,15,1,297.38,0
Banana - Kolikuttu (Rs/Kg),Fruit,2026,15,330.5,26.87,27.18,8,1,312.38,0
Banana - Kolikuttu (Rs/Kg),Fruit,2026,17,334.0,21.9,24.57,359,0,315.34,0
Banana - Kolikuttu (Rs/Kg),Fruit,2026,18,291.88,4.24,6.58,352,0,299.84,1
Banana - Kolikuttu (Rs/Kg),Fruit,2026,19,243.0,-20.33,-12.08,345,0,267.34,1
Banana - Kolikuttu (Rs/Kg),Fruit,2026,20,200.5,-39.33,-26.97,338,0,234.72,1
Banana - Kolikuttu (Rs/Kg),Fruit,2026,21,203.5,-39.07,-25.48,331,0,220.5,1
Banana - Kolikuttu (Rs/Kg),Fruit,2026,22,235.0,-19.49,-13.38,324,0,220.62,0
Banana - Kolikuttu (Rs/Kg),Fruit,2026,23,243.5,0.21,-9.03,317,0,240.62,0
Banana - Kolikuttu (Rs/Kg),Fruit,2026,24,280.5,39.9,4.73,310,0,265.38,0
Banana - Kolikuttu (Rs/Kg),Fruit,2026,25,302.5,48.65,11.6,303,0,275.5,0
Banana - Seeni (Rs/Kg),Fruit,2023,1,116.25,,0.0,102,0,135.0,1
Banana - Seeni (Rs/Kg),Fruit,2023,2,135.0,,7.46,95,0,129.0,0
Banana - Seeni (Rs/Kg),Fruit,2023,3,123.0,,-1.4,88,0,129.33,1
Banana - Seeni (Rs/Kg),Fruit,2023,4,130.0,,3.12,81,0,130.75,1
Banana - Seeni (Rs/Kg),Fruit,2023,5,135.0,16.13,5.59,74,0,130.75,0
Banana - Seeni (Rs/Kg),Fruit,2023,6,135.0,0.0,4.62,67,0,132.75,0
Banana - Seeni (Rs/Kg),Fruit,2023,7,131.0,6.5,1.3,60,0,132.5,1
Banana - Seeni (Rs/Kg),Fruit,2023,8,129.0,-0.77,-0.22,53,0,131.5,1
Banana - Seeni (Rs/Kg),Fruit,2023,9,131.0,-2.96,1.18,46,0,131.81,1
Banana - Seeni (Rs/Kg),Fruit,2023,10,136.25,0.93,4.69,39,1,131.31,0
Banana - Seeni (Rs/Kg),Fruit,2023,11,129.0,-1.53,-0.8,32,1,133.06,1
Banana - Seeni (Rs/Kg),Fruit,2023,12,136.0,5.43,4.18,25,1,139.06,1
Banana - Seeni (Rs/Kg),Fruit,2023,13,155.0,18.32,17.05,18,1,145.0,0
Banana - Seeni (Rs/Kg),Fruit,2023,14,160.0,17.43,17.83,11,1,154.0,0
Banana - Seeni (Rs/Kg),Fruit,2023,15,165.0,27.91,19.48,4,1,159.75,0
Banana - Seeni (Rs/Kg),Fruit,2023,16,159.0,16.91,12.87,363,0,157.75,0
Banana - Seeni (Rs/Kg),Fruit,2023,17,147.0,-5.16,3.4,356,0,146.5,0
Banana - Seeni (Rs/Kg),Fruit,2023,18,115.0,-28.12,-18.23,349,0,134.75,1
Banana - Seeni (Rs/Kg),Fruit,2023,19,118.0,-28.48,-15.31,342,0,117.5,0
Banana - Seeni (Rs/Kg),Fruit,2023,20,90.0,-43.4,-33.91,335,0,104.25,1
Banana - Seeni (Rs/Kg),Fruit,2023,21,94.0,-36.05,-29.58,328,0,99.75,1
Banana - Seeni (Rs/Kg),Fruit,2023,22,97.0,-15.65,-25.88,321,0,100.5,1
Banana - Seeni (Rs/Kg),Fruit,2023,23,121.0,2.54,-6.7,314,0,100.75,0
Banana - Seeni (Rs/Kg),Fruit,2023,24,91.0,1.11,-28.22,307,0,102.5,1
Banana - Seeni (Rs/Kg),Fruit,2023,25,101.0,7.45,-18.6,300,0,105.44,1
Banana - Seeni (Rs/Kg),Fruit,2023,26,108.75,12.11,-9.77,293,0,104.56,0
Banana - Seeni (Rs/Kg),Fruit,2023,27,117.5,-2.89,0.21,286,0,107.56,0
Banana - Seeni (Rs/Kg),Fruit,2023,28,103.0,13.19,-8.43,279,0,108.56,1
Banana - Seeni (Rs/Kg),Fruit,2023,29,105.0,3.96,-3.07,272,0,107.94,1
Banana - Seeni (Rs/Kg),Fruit,2023,30,106.25,-2.3,1.01,265,0,111.06,1
Banana - Seeni (Rs/Kg),Fruit,2023,31,130.0,10.64,22.24,258,0,118.56,0
Banana - Seeni (Rs/Kg),Fruit,2023,32,133.0,29.13,23.72,251,0,126.81,0
Banana - Seeni (Rs/Kg),Fruit,2023,33,138.0,31.43,24.11,244,0,134.0,0
Banana - Seeni (Rs/Kg),Fruit,2023,34,135.0,27.06,18.06,237,0,137.44,1
Banana - Seeni (Rs/Kg),Fruit,2023,35,143.75,10.58,21.88,230,0,137.44,0
Banana - Seeni (Rs/Kg),Fruit,2023,36,133.0,0.0,11.89,223,0,136.44,1
Banana - Seeni (Rs/Kg),Fruit,2023,37,134.0,-2.9,9.68,216,0,136.19,1
Banana - Seeni (Rs/Kg),Fruit,2023,38,134.0,-0.74,7.45,209,0,134.62,1
Banana - Seeni (Rs/Kg),Fruit,2023,39,137.5,-4.35,8.33,202,0,134.88,0
Banana - Seeni (Rs/Kg),Fruit,2023,40,134.0,0.75,4.53,195,0,134.12,1
Banana - Seeni (Rs/Kg),Fruit,2023,41,131.0,-2.24,0.5,188,0,132.95,1
Banana - Seeni (Rs/Kg),Fruit,2023,42,129.29,-3.52,-2.22,181,0,130.13,1
Banana - Seeni (Rs/Kg),Fruit,2023,43,126.25,-8.18,-5.61,174,0,128.15,1
Banana - Seeni (Rs/Kg),Fruit,2023,44,126.07,-5.92,-5.53,167,0,126.47,1
Banana - Seeni (Rs/Kg),Fruit,2023,45,124.29,-5.13,-6.4,160,0,126.12,1
Banana - Seeni (Rs/Kg),Fruit,2023,46,127.86,-1.1,-3.14,153,0,126.64,0
Banana - Seeni (Rs/Kg),Fruit,2023,47,128.33,1.65,-2.4,146,0,127.24,0
Banana - Seeni (Rs/Kg),Fruit,2023,48,128.5,1.93,-1.39,139,0,125.9,0
Banana - Seeni (Rs/Kg),Fruit,2023,49,118.93,-4.31,-7.97,132,0,122.87,1
Banana - Seeni (Rs/Kg),Fruit,2023,50,115.71,-9.5,-9.47,125,0,121.32,1
Banana - Seeni (Rs/Kg),Fruit,2023,51,122.14,-4.82,-3.76,118,0,122.32,1
Banana - Seeni (Rs/Kg),Fruit,2023,52,132.5,3.11,4.72,111,0,123.42,0
Banana - Seeni (Rs/Kg),Fruit,2024,1,123.33,3.7,-1.89,104,0,124.14,1
Banana - Seeni (Rs/Kg),Fruit,2024,2,118.57,2.47,-4.95,97,0,122.26,1
Banana - Seeni (Rs/Kg),Fruit,2024,3,114.64,-6.14,-7.27,90,0,116.74,1
Banana - Seeni (Rs/Kg),Fruit,2024,4,110.42,-16.67,-9.8,83,0,114.57,1
Banana - Seeni (Rs/Kg),Fruit,2024,5,114.64,-7.05,-5.67,76,0,113.32,0
Banana - Seeni (Rs/Kg),Fruit,2024,6,113.57,-4.22,-5.91,69,0,112.25,0
Banana - Seeni (Rs/Kg),Fruit,2024,7,110.36,-3.74,-7.54,62,0,111.73,1
Banana - Seeni (Rs/Kg),Fruit,2024,8,108.33,-1.89,-8.05,55,0,111.19,1
Banana - Seeni (Rs/Kg),Fruit,2024,9,112.5,-1.87,-3.51,48,0,110.83,0
Banana - Seeni (Rs/Kg),Fruit,2024,10,112.14,-1.26,-3.38,41,1,112.35,1
Banana - Seeni (Rs/Kg),Fruit,2024,11,116.43,5.5,0.26,34,1,114.02,0
Banana - Seeni (Rs/Kg),Fruit,2024,12,115.0,6.15,-0.5,27,1,114.33,0
Banana - Seeni (Rs/Kg),Fruit,2024,13,113.75,1.11,-0.33,20,1,117.63,1
Banana - Seeni (Rs/Kg),Fruit,2024,14,125.36,11.78,9.69,13,1,124.36,0
Banana - Seeni (Rs/Kg),Fruit,2024,15,143.33,23.11,23.36,6,1,132.59,0
Banana - Seeni (Rs/Kg),Fruit,2024,16,147.92,28.62,24.56,364,0,131.44,0
Banana - Seeni (Rs/Kg),Fruit,2024,17,109.17,-4.03,-8.0,357,0,124.75,1
Banana - Seeni (Rs/Kg),Fruit,2024,18,98.57,-21.37,-16.05,350,0,113.29,1
Banana - Seeni (Rs/Kg),Fruit,2024,19,97.5,-31.98,-16.08,343,0,99.81,1
Banana - Seeni (Rs/Kg),Fruit,2024,20,94.0,-36.45,-18.21,336,0,94.6,1
Banana - Seeni (Rs/Kg),Fruit,2024,21,88.33,-19.08,-22.09,329,0,92.96,1
Banana - Seeni (Rs/Kg),Fruit,2024,22,92.0,-6.67,-17.72,322,0,91.46,0
Banana - Seeni (Rs/Kg),Fruit,2024,23,91.5,-6.15,-16.98,315,0,93.33,1
Banana - Seeni (Rs/Kg),Fruit,2024,24,101.5,7.98,-6.94,308,0,98.33,0
Banana - Seeni (Rs/Kg),Fruit,2024,25,108.33,22.64,-0.21,301,0,102.57,0
Banana - Seeni (Rs/Kg),Fruit,2024,26,108.93,18.4,0.68,294,0,106.74,0
Banana - Seeni (Rs/Kg),Fruit,2024,27,108.21,18.27,1.26,287,0,108.69,1
Banana - Seeni (Rs/Kg),Fruit,2024,28,109.29,7.67,4.83,280,0,113.23,1
Banana - Seeni (Rs/Kg),Fruit,2024,29,126.5,16.77,23.29,273,0,118.32,0
Banana - Seeni (Rs/Kg),Fruit,2024,30,129.29,18.69,24.13,266,0,124.14,0
Banana - Seeni (Rs/Kg),Fruit,2024,31,131.5,21.52,23.26,259,0,129.45,0
Banana - Seeni (Rs/Kg),Fruit,2024,32,130.5,19.41,19.48,252,0,130.45,0
Banana - Seeni (Rs/Kg),Fruit,2024,33,130.5,3.16,16.49,245,0,130.16,0
Banana - Seeni (Rs/Kg),Fruit,2024,34,128.12,-0.9,11.33,238,0,130.03,1
Banana - Seeni (Rs/Kg),Fruit,2024,35,131.0,-0.38,10.93,231,0,129.53,0
Banana - Seeni (Rs/Kg),Fruit,2024,36,128.5,-1.53,6.25,224,0,130.03,1
Banana - Seeni (Rs/Kg),Fruit,2024,37,132.5,1.53,7.44,217,0,130.08,0
Banana - Seeni (Rs/Kg),Fruit,2024,38,128.33,0.16,2.78,210,0,128.9,1
Banana - Seeni (Rs/Kg),Fruit,2024,39,126.25,-3.63,0.05,203,0,125.15,0
Banana - Seeni (Rs/Kg),Fruit,2024,40,113.5,-11.67,-10.35,196,0,121.9,1
Banana - Seeni (Rs/Kg),Fruit,2024,41,119.5,-9.81,-6.19,189,0,117.16,0
Banana - Seeni (Rs/Kg),Fruit,2024,42,109.38,-14.77,-13.24,182,0,111.09,1
Banana - Seeni (Rs/Kg),Fruit,2024,43,102.0,-19.21,-17.72,175,0,106.47,1
Banana - Seeni (Rs/Kg),Fruit,2024,44,95.0,-16.3,-21.59,168,0,102.47,1
Banana - Seeni (Rs/Kg),Fruit,2024,45,103.5,-13.39,-13.09,161,0,99.81,0
Banana - Seeni (Rs/Kg),Fruit,2024,46,98.75,-9.71,-15.34,154,0,99.44,1
Banana - Seeni (Rs/Kg),Fruit,2024,47,100.5,-1.47,-12.24,147,0,99.56,0
Banana - Seeni (Rs/Kg),Fruit,2024,48,95.5,0.53,-14.57,140,0,99.06,1
Banana - Seeni (Rs/Kg),Fruit,2024,49,101.5,-1.93,-7.48,133,0,101.75,1
Banana - Seeni (Rs/Kg),Fruit,2024,50,109.5,10.89,1.45,126,0,104.75,0
Banana - Seeni (Rs/Kg),Fruit,2024,51,112.5,11.94,5.41,119,0,110.09,0
Banana - Seeni (Rs/Kg),Fruit,2024,52,116.88,22.38,10.26,112,0,114.72,0
Banana - Seeni (Rs/Kg),Fruit,2025,1,120.0,18.23,12.68,105,0,113.59,0
Banana - Seeni (Rs/Kg),Fruit,2025,35,105.0,-4.11,-0.36,232,0,116.09,1
Banana - Seeni (Rs/Kg),Fruit,2026,1,122.5,8.89,15.14,106,0,119.62,0
Banana - Seeni (Rs/Kg),Fruit,2026,2,131.0,12.09,20.6,99,0,122.33,0
Banana - Seeni (Rs/Kg),Fruit,2026,3,130.83,9.03,17.46,92,0,126.71,0
Banana - Seeni (Rs/Kg),Fruit,2026,4,122.5,16.67,8.56,85,0,128.46,1
Banana - Seeni (Rs/Kg),Fruit,2026,5,129.5,5.71,12.41,78,0,128.36,0
Banana - Seeni (Rs/Kg),Fruit,2026,6,130.62,-0.29,11.15,71,0,125.91,0
Banana - Seeni (Rs/Kg),Fruit,2026,7,121.0,-7.52,1.27,64,0,128.91,1
Banana - Seeni (Rs/Kg),Fruit,2026,8,134.5,9.8,10.22,57,0,128.41,0
Banana - Seeni (Rs/Kg),Fruit,2026,9,127.5,-1.54,3.31,50,0,127.21,0
Banana - Seeni (Rs/Kg),Fruit,2026,10,125.83,-3.67,1.12,43,1,124.83,0
Banana - Seeni (Rs/Kg),Fruit,2026,11,111.5,-7.85,-10.1,36,1,120.33,1
Banana - Seeni (Rs/Kg),Fruit,2026,12,116.5,-13.38,-5.86,29,1,116.71,1
Banana - Seeni (Rs/Kg),Fruit,2026,13,113.0,-11.37,-9.14,22,1,114.0,1
Banana - Seeni (Rs/Kg),Fruit,2026,14,115.0,-8.61,-7.1,15,1,117.88,1
Banana - Seeni (Rs/Kg),Fruit,2026,15,127.0,13.9,2.85,8,1,119.38,0
Banana - Seeni (Rs/Kg),Fruit,2026,17,122.5,5.15,-0.28,359,0,117.84,0
Banana - Seeni (Rs/Kg),Fruit,2026,18,106.88,-5.42,-12.14,352,0,113.72,1
Banana - Seeni (Rs/Kg),Fruit,2026,19,98.5,-14.35,-17.4,345,0,103.72,1
Banana - Seeni (Rs/Kg),Fruit,2026,20,87.0,-31.5,-24.94,338,0,95.47,1
Banana - Seeni (Rs/Kg),Fruit,2026,21,89.5,-26.94,-21.13,331,0,91.56,1
Banana - Seeni (Rs/Kg),Fruit,2026,22,91.25,-14.62,-17.16,324,0,93.06,1
Banana - Seeni (Rs/Kg),Fruit,2026,23,104.5,6.09,-3.58,317,0,96.06,0
Banana - Seeni (Rs/Kg),Fruit,2026,24,99.0,13.79,-6.88,310,0,99.69,1
Banana - Seeni (Rs/Kg),Fruit,2026,25,104.0,16.2,-1.65,303,0,102.5,0
Beans,Up Country,2023,1,535.13,,0.0,102,0,425.71,0
Beans,Up Country,2023,2,425.71,,-11.39,95,0,371.31,0
Beans,Up Country,2023,3,316.91,,-25.59,88,0,370.91,1
Beans,Up Country,2023,4,370.1,,-10.16,81,0,368.85,0
Beans,Up Country,2023,5,362.65,-32.23,-9.81,74,0,352.71,0
Beans,Up Country,2023,6,361.17,-15.16,-8.63,67,0,362.46,1
Beans,Up Country,2023,7,355.9,12.3,-8.66,60,0,332.19,0
Beans,Up Country,2023,8,249.02,-32.72,-33.07,53,0,293.33,1
Beans,Up Country,2023,9,207.22,-42.86,-41.42,46,0,262.9,1
Beans,Up Country,2023,10,239.47,-33.7,-30.05,39,1,222.14,0
Beans,Up Country,2023,11,192.86,-45.81,-41.33,32,1,192.53,0
Beans,Up Country,2023,12,130.57,-47.56,-58.18,25,1,172.85,1
Beans,Up Country,2023,13,128.48,-38.0,-56.9,18,1,143.58,1
Beans,Up Country,2023,14,122.41,-48.88,-54.04,11,1,150.37,1
Beans,Up Country,2023,15,220.0,14.07,-12.18,4,1,153.36,0
Beans,Up Country,2023,16,142.56,9.18,-39.88,363,0,167.07,1
Beans,Up Country,2023,17,183.3,42.67,-17.71,356,0,208.09,1
Beans,Up Country,2023,18,286.5,134.05,32.1,349,0,250.1,0
Beans,Up Country,2023,19,388.05,76.39,77.23,342,0,302.9,0
Beans,Up Country,2023,20,353.75,148.14,61.69,335,0,324.86,0
Beans,Up Country,2023,21,271.12,47.91,22.97,328,0,332.95,1
Beans,Up Country,2023,22,318.88,11.3,39.2,321,0,319.61,1
Beans,Up Country,2023,23,334.68,-13.75,41.58,314,0,327.78,0
Beans,Up Country,2023,24,386.43,9.24,53.78,307,0,369.48,0
Beans,Up Country,2023,25,437.93,61.52,59.29,300,0,399.67,0
Beans,Up Country,2023,26,439.62,37.86,47.1,293,0,412.91,0
Beans,Up Country,2023,27,387.68,15.84,21.43,286,0,422.04,1
Beans,Up Country,2023,28,422.93,9.44,26.29,279,0,399.98,0
Beans,Up Country,2023,29,349.68,-20.15,-0.32,272,0,377.78,1
Beans,Up Country,2023,30,350.84,-20.19,-3.53,265,0,367.48,1
Beans,Up Country,2023,31,346.46,-10.63,-5.93,258,0,344.03,0
Beans,Up Country,2023,32,329.13,-22.18,-9.53,251,0,344.33,1
Beans,Up Country,2023,33,350.87,0.34,-3.49,244,0,342.75,0
Beans,Up Country,2023,34,344.52,-1.8,-6.68,237,0,320.37,0
Beans,Up Country,2023,35,256.94,-25.84,-29.5,230,0,309.71,1
Beans,Up Country,2023,36,286.51,-12.95,-20.58,223,0,311.73,1
Beans,Up Country,2023,37,358.97,2.31,0.1,216,0,301.93,0
Beans,Up Country,2023,38,305.32,-11.38,-12.37,209,0,312.24,1
Beans,Up Country,2023,39,298.15,16.04,-11.67,202,0,327.2,1
Beans,Up Country,2023,40,346.35,20.89,3.59,195,0,325.81,0
Beans,Up Country,2023,41,353.41,-1.55,7.42,188,0,348.78,0
Beans,Up Country,2023,42,397.22,30.1,19.4,181,0,404.26,1
Beans,Up Country,2023,43,520.07,74.43,50.44,174,0,410.97,0
Beans,Up Country,2023,44,373.17,7.75,7.31,167,0,415.38,1
Beans,Up Country,2023,45,371.04,4.99,5.72,160,0,414.56,1
Beans,Up Country,2023,46,393.97,-0.82,11.2,153,0,408.69,1
Beans,Up Country,2023,47,496.59,-4.51,35.69,146,0,453.82,0
Beans,Up Country,2023,48,553.67,48.37,42.4,139,0,488.94,0
Beans,Up Country,2023,49,511.55,37.87,25.96,132,0,488.09,0
Beans,Up Country,2023,50,390.56,-0.87,-4.4,125,0,480.49,1
Beans,Up Country,2023,51,466.19,-6.12,10.76,118,0,475.72,1
Beans,Up Country,2023,52,534.59,-3.44,21.75,111,0,470.95,0
Beans,Up Country,2024,1,492.46,-3.73,9.35,104,0,516.96,1
Beans,Up Country,2024,2,574.6,47.12,22.95,97,0,617.01,1
Beans,Up Country,2024,3,866.39,85.84,72.09,90,0,614.01,0
Beans,Up Country,2024,29,522.61,-2.24,3.76,273,0,639.11,1
Beans,Up Country,2024,30,592.83,20.38,13.89,266,0,609.17,1
Beans,Up Country,2024,31,454.86,-20.84,-13.69,259,0,480.73,1
Beans,Up Country,2024,32,352.64,-59.3,-32.68,252,0,442.81,1
Beans,Up Country,2024,33,370.93,-29.02,-27.85,245,0,377.73,1
Beans,Up Country,2024,34,332.5,-43.91,-33.12,238,0,339.92,1
Beans,Up Country,2024,35,303.61,-33.25,-36.9,231,0,303.18,0
Beans,Up Country,2024,36,205.67,-41.68,-55.95,224,0,254.49,1
Beans,Up Country,2024,37,176.17,-52.51,-60.38,217,0,226.58,1
Beans,Up Country,2024,38,220.87,-33.57,-47.47,210,0,215.7,0
Beans,Up Country,2024,39,260.09,-14.33,-35.4,203,0,237.13,0
Beans,Up Country,2024,40,291.41,41.69,-23.48,196,0,264.39,0
Beans,Up Country,2024,41,285.21,61.89,-15.14,189,0,300.42,1
Beans,Up Country,2024,42,364.96,65.24,12.65,182,0,311.37,0
Beans,Up Country,2024,43,303.9,16.84,0.71,175,0,309.41,1
Beans,Up Country,2024,44,283.57,-2.69,-1.74,168,0,309.35,1
Beans,Up Country,2024,45,284.96,-0.09,0.56,161,0,318.44,1
Beans,Up Country,2024,46,401.33,9.97,40.47,154,0,347.22,0
Beans,Up Country,2024,47,419.03,37.88,43.32,147,0,401.33,0
Beans,Up Country,2024,48,499.98,76.32,62.61,140,0,488.15,0
Beans,Up Country,2024,49,632.27,121.88,85.8,133,0,509.66,0
Beans,Up Country,2024,50,487.36,21.44,33.81,126,0,483.37,0
Beans,Up Country,2024,51,313.88,-25.09,-15.48,119,0,461.6,1
Beans,Up Country,2024,52,412.9,-17.42,7.77,112,0,404.47,0
Beans,Up Country,2025,1,403.75,-36.14,3.06,105,0,412.94,1
Beans,Up Country,2025,35,521.25,6.95,27.15,232,0,512.32,0
Beans,Up Country,2026,1,711.4,126.65,62.95,106,0,531.98,0
Beans,Up Country,2026,2,491.51,19.04,8.98,99,0,542.54,1
Beans,Up Country,2026,3,446.0,10.46,-3.78,92,0,521.34,1
Beans,Up Country,2026,4,436.47,-16.27,-8.14,85,0,436.67,1
Beans,Up Country,2026,5,372.7,-47.61,-21.2,78,0,380.59,1
Beans,Up Country,2026,6,267.22,-45.63,-42.07,71,0,369.76,1
Beans,Up Country,2026,7,402.64,-9.72,-11.27,64,0,353.29,0
Beans,Up Country,2026,8,370.62,-15.09,-14.54,57,0,341.43,0
Beans,Up Country,2026,9,325.25,-12.73,-22.78,50,0,352.89,1
Beans,Up Country,2026,10,313.06,17.15,-25.66,43,1,317.64,1
Beans,Up Country,2026,11,261.65,-35.02,-36.11,36,1,278.35,1
Beans,Up Country,2026,12,213.44,-42.41,-45.94,29,1,273.49,1
Beans,Up Country,2026,13,305.83,-5.97,-19.15,22,1,264.75,0
Beans,Up Country,2026,14,278.07,-11.18,-19.39,15,1,276.04,0
Beans,Up Country,2026,15,306.82,17.26,-7.24,8,1,285.17,0
Beans,Up Country,2026,16,249.98,17.12,-20.81,1,1,310.68,1
Beans,Up Country,2026,17,407.85,33.36,30.11,359,0,367.23,0
Beans,Up Country,2026,18,504.28,81.35,55.84,352,0,420.37,0
Beans,Up Country,2026,19,519.38,69.28,51.43,345,0,482.0,0
Beans,Up Country,2026,20,496.48,98.61,41.77,338,0,523.03,1
Beans,Up Country,2026,21,571.99,40.25,56.41,331,0,531.87,0
Beans,Up Country,2026,22,539.64,7.01,41.2,324,0,494.36,0
Beans,Up Country,2026,23,369.33,-28.89,-4.45,317,0,473.99,1
Beans,Up Country,2026,24,415.0,-16.41,4.19,310,0,447.29,1
Beans,Up Country,2026,25,465.18,-18.67,11.37,303,0,416.5,0
Beet Root,Up Country,2023,1,406.16,,0.0,102,0,370.4,0
Beet Root,Up Country,2023,2,370.4,,-4.61,95,0,334.57,0
Beet Root,Up Country,2023,3,298.74,,-16.65,88,0,284.49,0
Beet Root,Up Country,2023,4,184.32,,-41.47,81,0,245.0,1
Beet Root,Up Country,2023,5,126.55,-68.84,-54.35,74,0,178.17,1
Beet Root,Up Country,2023,6,103.09,-72.17,-58.47,67,0,136.83,1
Beet Root,Up Country,2023,7,133.38,-55.35,-42.46,60,0,133.29,0
Beet Root,Up Country,2023,8,170.15,-7.69,-24.07,53,0,146.62,0
Beet Root,Up Country,2023,9,179.85,42.12,-17.95,46,0,155.48,0
Beet Root,Up Country,2023,10,138.56,34.41,-34.37,39,1,150.03,1
Beet Root,Up Country,2023,11,111.54,-16.37,-44.8,32,1,132.28,1
Beet Root,Up Country,2023,12,99.18,-41.71,-48.74,25,1,110.58,1
Beet Root,Up Country,2023,13,93.06,-48.26,-49.91,18,1,101.88,1
Beet Root,Up Country,2023,14,103.76,-25.12,-36.15,11,1,106.97,1
Beet Root,Up Country,2023,15,131.88,18.23,-8.52,4,1,124.41,0
Beet Root,Up Country,2023,16,168.95,70.35,25.92,363,0,144.31,0
Beet Root,Up Country,2023,17,172.67,85.55,29.56,356,0,163.67,0
Beet Root,Up Country,2023,18,181.2,74.64,31.8,349,0,182.89,1
Beet Root,Up Country,2023,19,208.72,58.27,43.35,342,0,203.26,0
Beet Root,Up Country,2023,20,250.43,48.23,61.97,335,0,235.35,0
Beet Root,Up Country,2023,21,301.05,74.35,82.81,328,0,271.85,0
Beet Root,Up Country,2023,22,327.18,80.56,85.88,321,0,295.38,0
Beet Root,Up Country,2023,23,302.86,45.1,60.54,314,0,304.66,1
Beet Root,Up Country,2023,24,287.55,14.83,42.22,307,0,305.15,1
Beet Root,Up Country,2023,25,302.99,0.64,39.07,300,0,298.02,0
Beet Root,Up Country,2023,26,298.69,-8.71,27.82,293,0,300.2,1
Beet Root,Up Country,2023,27,311.56,2.87,24.79,286,0,290.54,0
Beet Root,Up Country,2023,28,248.9,-13.44,-3.78,279,0,263.22,1
Beet Root,Up Country,2023,29,193.72,-36.06,-25.66,272,0,229.15,1
Beet Root,Up Country,2023,30,162.42,-45.62,-37.48,265,0,178.63,1
Beet Root,Up Country,2023,31,109.49,-64.86,-56.94,258,0,139.48,1
Beet Root,Up Country,2023,32,92.3,-62.92,-62.38,251,0,111.8,1
Beet Root,Up Country,2023,33,83.01,-57.15,-64.29,244,0,90.71,1
Beet Root,Up Country,2023,34,78.05,-51.94,-63.74,237,0,88.91,1
Beet Root,Up Country,2023,35,102.27,-6.59,-48.34,230,0,90.46,0
Beet Root,Up Country,2023,36,98.5,6.73,-45.96,223,0,93.57,0
Beet Root,Up Country,2023,37,95.45,14.99,-43.01,216,0,97.36,1
Beet Root,Up Country,2023,38,93.21,19.42,-38.41,209,0,96.93,1
Beet Root,Up Country,2023,39,100.56,-1.68,-26.12,202,0,96.17,0
Beet Root,Up Country,2023,40,95.44,-3.11,-20.12,195,0,94.47,0
Beet Root,Up Country,2023,41,88.66,-7.12,-17.27,188,0,94.01,1
Beet Root,Up Country,2023,42,91.37,-1.98,-7.97,181,0,93.34,1
Beet Root,Up Country,2023,43,97.89,-2.65,3.78,174,0,101.21,1
Beet Root,Up Country,2023,44,126.95,33.01,32.7,167,0,109.55,0
Beet Root,Up Country,2023,45,121.99,37.59,24.54,160,0,133.61,1
Beet Root,Up Country,2023,46,187.62,105.34,77.0,153,0,173.53,0
Beet Root,Up Country,2023,47,257.58,163.14,115.0,146,0,225.84,0
Beet Root,Up Country,2023,48,336.17,164.81,143.96,139,0,297.1,0
Beet Root,Up Country,2023,49,407.04,233.67,151.99,132,0,356.29,0
Beet Root,Up Country,2023,50,424.37,126.19,127.14,125,0,392.2,0
Beet Root,Up Country,2023,51,401.24,55.77,90.59,118,0,426.72,1
Beet Root,Up Country,2023,52,474.21,41.07,98.19,111,0,458.55,0
Beet Root,Up Country,2024,1,534.39,31.29,95.72,104,0,494.9,0
Beet Root,Up Country,2024,2,569.74,34.26,83.76,97,0,551.81,0
Beet Root,Up Country,2024,3,628.91,56.74,78.98,90,0,501.5,0
Beet Root,Up Country,2024,29,272.96,-42.44,-25.19,273,0,442.15,1
Beet Root,Up Country,2024,30,296.97,-44.43,-21.42,266,0,356.13,1
Beet Root,Up Country,2024,31,225.68,-60.39,-41.52,259,0,235.96,1
Beet Root,Up Country,2024,32,148.21,-76.43,-61.29,252,0,198.22,1
Beet Root,Up Country,2024,33,122.02,-55.3,-67.24,245,0,145.41,1
Beet Root,Up Country,2024,34,85.72,-71.13,-75.73,238,0,107.43,1
Beet Root,Up Country,2024,35,73.75,-67.32,-77.48,231,0,87.16,1
Beet Root,Up Country,2024,36,67.13,-54.71,-77.63,224,0,73.23,1
Beet Root,Up Country,2024,37,66.31,-45.66,-75.83,217,0,75.31,1
Beet Root,Up Country,2024,38,94.07,9.73,-61.62,210,0,81.7,0
Beet Root,Up Country,2024,39,99.31,34.66,-53.07,203,0,86.87,0
Beet Root,Up Country,2024,40,87.79,30.78,-49.7,196,0,90.25,1
Beet Root,Up Country,2024,41,79.84,20.41,-39.65,189,0,88.1,1
Beet Root,Up Country,2024,42,85.48,-9.13,-27.48,182,0,85.5,1
Beet Root,Up Country,2024,43,88.88,-10.5,-12.75,175,0,88.01,0
Beet Root,Up Country,2024,44,97.86,11.47,6.33,168,0,90.58,0
Beet Root,Up Country,2024,45,90.09,12.84,2.9,161,0,97.6,1
Beet Root,Up Country,2024,46,113.58,32.88,30.69,154,0,110.45,0
Beet Root,Up Country,2024,47,140.27,57.83,53.97,147,0,134.19,0
Beet Root,Up Country,2024,48,192.83,97.05,92.32,140,0,163.05,0
Beet Root,Up Country,2024,49,205.51,128.11,85.3,133,0,195.38,0
Beet Root,Up Country,2024,50,242.93,113.88,95.13,126,0,237.36,0
Beet Root,Up Country,2024,51,308.16,119.69,118.61,119,0,264.93,0
Beet Root,Up Country,2024,52,303.12,57.2,93.51,112,0,295.96,0
Beet Root,Up Country,2025,1,329.64,60.4,88.1,105,0,274.16,0
Beet Root,Up Country,2025,35,155.71,-35.9,-14.01,232,0,351.01,1
Beet Root,Up Country,2026,1,615.58,99.76,177.47,106,0,428.94,0
Beet Root,Up Country,2026,2,614.83,102.84,134.39,99,0,475.85,0
Beet Root,Up Country,2026,3,517.26,56.92,75.59,92,0,547.56,1
Beet Root,Up Country,2026,4,442.57,184.22,37.58,85,0,482.77,1
Beet Root,Up Country,2026,5,356.43,-42.1,4.72,78,0,392.61,1
Beet Root,Up Country,2026,6,254.2,-58.66,-27.19,71,0,304.06,1
Beet Root,Up Country,2026,7,163.06,-68.48,-52.99,64,0,228.58,1
Beet Root,Up Country,2026,8,140.61,-68.23,-58.87,57,0,161.08,1
Beet Root,Up Country,2026,9,86.43,-75.75,-73.79,50,0,117.38,1
Beet Root,Up Country,2026,10,79.43,-68.75,-74.56,43,1,92.08,1
Beet Root,Up Country,2026,11,61.84,-62.08,-78.94,36,1,74.95,1
Beet Root,Up Country,2026,12,72.09,-48.73,-73.67,29,1,69.61,0
Beet Root,Up Country,2026,13,65.1,-24.68,-75.61,22,1,66.86,1
Beet Root,Up Country,2026,14,68.4,-13.88,-69.57,15,1,70.7,1
Beet Root,Up Country,2026,15,77.19,24.83,-57.92,8,1,77.31,1
Beet Root,Up Country,2026,16,98.53,36.67,-34.85,1,1,82.84,0
Beet Root,Up Country,2026,17,87.24,34.01,-29.58,359,0,91.6,1
Beet Root,Up Country,2026,18,103.43,51.2,-0.96,352,0,111.76,1
Beet Root,Up Country,2026,19,157.86,104.49,62.71,345,0,150.02,0
Beet Root,Up Country,2026,20,251.53,155.29,142.27,338,0,184.9,0
Beet Root,Up Country,2026,21,226.8,159.96,105.34,331,0,219.48,0
Beet Root,Up Country,2026,22,241.74,133.72,97.5,324,0,258.11,1
Beet Root,Up Country,2026,23,312.36,97.88,122.61,317,0,274.59,0
Beet Root,Up Country,2026,24,317.47,26.21,98.44,310,0,293.39,0
Beet Root,Up Country,2026,25,302.0,33.16,69.98,303,0,310.61,1
Beet Root (N'Eliya),Up Country,2023,1,362.0,,0.0,102,0,352.31,0
Beet Root (N'Eliya),Up Country,2023,2,352.31,,-1.36,95,0,332.45,0
Beet Root (N'Eliya),Up Country,2023,3,312.6,,-8.68,88,0,290.65,0
Beet Root (N'Eliya),Up Country,2023,4,207.05,,-32.88,81,0,255.31,1
Beet Root (N'Eliya),Up Country,2023,5,149.31,-58.76,-46.03,74,0,198.89,1
Beet Root (N'Eliya),Up Country,2023,6,126.61,-64.06,-49.69,67,0,153.84,1
Beet Root (N'Eliya),Up Country,2023,7,132.38,-57.65,-43.57,60,0,143.14,1
Beet Root (N'Eliya),Up Country,2023,8,164.29,-20.65,-27.25,53,0,149.67,0
Beet Root (N'Eliya),Up Country,2023,9,175.39,17.47,-20.35,46,0,156.09,0
Beet Root (N'Eliya),Up Country,2023,10,152.29,20.29,-28.64,39,1,155.85,1
Beet Root (N'Eliya),Up Country,2023,11,131.43,-0.72,-36.19,32,1,143.64,1
Beet Root (N'Eliya),Up Country,2023,12,115.43,-29.74,-41.83,25,1,126.57,1
Beet Root (N'Eliya),Up Country,2023,13,107.14,-38.91,-44.02,18,1,116.29,1
Beet Root (N'Eliya),Up Country,2023,14,111.17,-27.0,-35.41,11,1,116.18,1
Beet Root (N'Eliya),Up Country,2023,15,131.0,-0.33,-15.53,4,1,127.84,0
Beet Root (N'Eliya),Up Country,2023,16,162.04,40.38,12.92,363,0,142.44,0
Beet Root (N'Eliya),Up Country,2023,17,165.57,54.53,18.0,356,0,161.25,0
Beet Root (N'Eliya),Up Country,2023,18,186.4,67.68,30.2,349,0,187.92,1
Beet Root (N'Eliya),Up Country,2023,19,237.67,81.43,56.66,342,0,221.13,0
Beet Root (N'Eliya),Up Country,2023,20,294.9,82.0,79.59,335,0,264.21,0
Beet Root (N'Eliya),Up Country,2023,21,337.87,104.06,90.28,328,0,310.25,0
Beet Root (N'Eliya),Up Country,2023,22,370.56,98.8,92.42,321,0,342.63,0
Beet Root (N'Eliya),Up Country,2023,23,367.19,54.5,75.6,314,0,357.02,0
Beet Root (N'Eliya),Up Country,2023,24,352.45,19.52,55.88,307,0,359.25,1
Beet Root (N'Eliya),Up Country,2023,25,346.79,2.64,42.18,300,0,351.56,1
Beet Root (N'Eliya),Up Country,2023,26,339.8,-8.3,29.79,293,0,345.11,1
Beet Root (N'Eliya),Up Country,2023,27,341.42,-7.02,22.15,286,0,330.33,0
Beet Root (N'Eliya),Up Country,2023,28,293.33,-16.77,0.46,279,0,298.1,1
Beet Root (N'Eliya),Up Country,2023,29,217.86,-37.18,-26.47,272,0,260.24,1
Beet Root (N'Eliya),Up Country,2023,30,188.36,-44.57,-36.8,265,0,211.1,1
Beet Root (N'Eliya),Up Country,2023,31,144.83,-57.58,-50.88,258,0,169.16,1
Beet Root (N'Eliya),Up Country,2023,32,125.6,-57.18,-56.12,251,0,142.32,1
Beet Root (N'Eliya),Up Country,2023,33,110.49,-49.28,-59.38,244,0,119.79,1
Beet Root (N'Eliya),Up Country,2023,34,98.25,-47.84,-61.26,237,0,112.34,1
Beet Root (N'Eliya),Up Country,2023,35,115.03,-20.58,-50.83,230,0,108.23,0
Beet Root (N'Eliya),Up Country,2023,36,109.17,-13.08,-49.01,223,0,106.58,0
Beet Root (N'Eliya),Up Country,2023,37,103.87,-6.0,-46.73,216,0,107.83,1
Beet Root (N'Eliya),Up Country,2023,38,103.27,5.12,-41.41,209,0,105.99,1
Beet Root (N'Eliya),Up Country,2023,39,107.64,-6.42,-32.04,202,0,106.31,0
Beet Root (N'Eliya),Up Country,2023,40,110.48,1.2,-21.44,195,0,107.3,0
Beet Root (N'Eliya),Up Country,2023,41,107.8,3.78,-14.69,188,0,108.44,1
Beet Root (N'Eliya),Up Country,2023,42,107.86,4.44,-8.51,181,0,110.29,1
Beet Root (N'Eliya),Up Country,2023,43,115.01,6.85,2.46,174,0,117.16,1
Beet Root (N'Eliya),Up Country,2023,44,137.98,24.89,23.5,167,0,128.3,0
Beet Root (N'Eliya),Up Country,2023,45,152.36,41.34,33.9,160,0,152.97,1
Beet Root (N'Eliya),Up Country,2023,46,206.55,91.5,70.46,153,0,190.96,0
Beet Root (N'Eliya),Up Country,2023,47,266.97,132.12,99.01,146,0,242.32,0
Beet Root (N'Eliya),Up Country,2023,48,343.4,148.88,126.34,139,0,298.31,0
Beet Root (N'Eliya),Up Country,2023,49,376.33,147.0,118.45,132,0,346.53,0
Beet Root (N'Eliya),Up Country,2023,50,399.4,93.37,104.82,125,0,384.9,0
Beet Root (N'Eliya),Up Country,2023,51,420.48,57.5,91.65,118,0,415.79,0
Beet Root (N'Eliya),Up Country,2023,52,466.94,35.98,89.01,111,0,449.13,0
Beet Root (N'Eliya),Up Country,2024,1,509.71,35.44,83.51,104,0,485.71,0
Beet Root (N'Eliya),Up Country,2024,2,545.71,36.63,75.22,97,0,539.31,0
Beet Root (N'Eliya),Up Country,2024,3,634.88,50.99,80.37,90,0,496.03,0
Beet Root (N'Eliya),Up Country,2024,29,293.81,-37.08,-19.66,273,0,439.67,1
Beet Root (N'Eliya),Up Country,2024,30,284.29,-44.23,-24.59,266,0,362.98,1
Beet Root (N'Eliya),Up Country,2024,31,238.93,-56.22,-37.72,259,0,248.47,1
Beet Root (N'Eliya),Up Country,2024,32,176.86,-72.14,-53.62,252,0,212.14,1
Beet Root (N'Eliya),Up Country,2024,33,148.5,-49.46,-60.11,245,0,170.94,1
Beet Root (N'Eliya),Up Country,2024,34,119.46,-57.98,-66.35,238,0,136.14,1
Beet Root (N'Eliya),Up Country,2024,35,99.73,-58.26,-70.12,231,0,114.62,1
Beet Root (N'Eliya),Up Country,2024,36,90.8,-48.66,-70.71,224,0,98.56,1
Beet Root (N'Eliya),Up Country,2024,37,84.25,-43.27,-70.35,217,0,95.67,1
Beet Root (N'Eliya),Up Country,2024,38,107.88,-9.7,-57.95,210,0,99.04,0
Beet Root (N'Eliya),Up Country,2024,39,113.24,13.55,-49.9,203,0,100.2,0
Beet Root (N'Eliya),Up Country,2024,40,95.45,5.11,-50.13,196,0,100.99,1
Beet Root (N'Eliya),Up Country,2024,41,87.41,3.75,-41.44,189,0,98.7,1
Beet Root (N'Eliya),Up Country,2024,42,98.71,-8.5,-26.48,182,0,97.11,0
Beet Root (N'Eliya),Up Country,2024,43,106.89,-5.61,-11.38,175,0,100.35,0
Beet Root (N'Eliya),Up Country,2024,44,108.4,13.57,-1.97,168,0,105.48,0
Beet Root (N'Eliya),Up Country,2024,45,107.92,23.46,2.5,161,0,114.11,1
Beet Root (N'Eliya),Up Country,2024,46,133.25,34.99,27.99,154,0,126.45,0
Beet Root (N'Eliya),Up Country,2024,47,156.23,46.15,46.09,147,0,150.88,0
Beet Root (N'Eliya),Up Country,2024,48,206.14,90.17,79.07,140,0,187.54,0
Beet Root (N'Eliya),Up Country,2024,49,254.55,135.87,99.31,133,0,223.05,0
Beet Root (N'Eliya),Up Country,2024,50,275.28,106.59,93.3,126,0,262.21,0
Beet Root (N'Eliya),Up Country,2024,51,312.86,100.26,97.79,119,0,293.47,0
Beet Root (N'Eliya),Up Country,2024,52,331.19,60.66,89.31,112,0,325.46,0
Beet Root (N'Eliya),Up Country,2025,1,382.5,50.27,94.14,105,0,297.14,0
Beet Root (N'Eliya),Up Country,2025,35,162.0,-41.15,-20.1,232,0,356.26,1
Beet Root (N'Eliya),Up Country,2026,1,549.33,75.59,131.37,106,0,424.77,0
Beet Root (N'Eliya),Up Country,2026,2,605.26,82.75,119.49,99,0,460.79,0
Beet Root (N'Eliya),Up Country,2026,3,526.58,37.67,71.01,92,0,527.32,1
Beet Root (N'Eliya),Up Country,2026,4,428.12,164.27,28.73,85,0,486.98,1
Beet Root (N'Eliya),Up Country,2026,5,387.97,-29.37,10.17,78,0,410.3,1
Beet Root (N'Eliya),Up Country,2026,6,298.52,-50.68,-17.78,71,0,329.65,1
Beet Root (N'Eliya),Up Country,2026,7,204.0,-61.26,-43.79,64,0,264.92,1
Beet Root (N'Eliya),Up Country,2026,8,169.17,-60.49,-52.53,57,0,201.21,1
Beet Root (N'Eliya),Up Country,2026,9,133.14,-65.68,-61.46,50,0,159.29,1
Beet Root (N'Eliya),Up Country,2026,10,130.83,-56.17,-60.52,43,1,136.09,1
Beet Root (N'Eliya),Up Country,2026,11,111.21,-45.48,-64.64,36,1,120.79,1
Beet Root (N'Eliya),Up Country,2026,12,107.95,-36.19,-63.21,29,1,112.86,1
Beet Root (N'Eliya),Up Country,2026,13,101.44,-23.81,-64.87,22,1,106.87,1
Beet Root (N'Eliya),Up Country,2026,14,106.89,-18.3,-58.03,15,1,108.2,1
Beet Root (N'Eliya),Up Country,2026,15,116.52,4.77,-46.33,8,1,111.2,0
Beet Root (N'Eliya),Up Country,2026,16,119.96,11.12,-35.45,1,1,117.34,0
Beet Root (N'Eliya),Up Country,2026,17,125.98,24.19,-22.52,359,0,123.29,0
Beet Root (N'Eliya),Up Country,2026,18,130.72,22.29,-8.46,352,0,140.81,1
Beet Root (N'Eliya),Up Country,2026,19,186.6,60.13,39.06,345,0,181.56,0
Beet Root (N'Eliya),Up Country,2026,20,282.95,135.88,101.74,338,0,222.81,0
Beet Root (N'Eliya),Up Country,2026,21,290.98,130.98,94.47,331,0,263.49,0
Beet Root (N'Eliya),Up Country,2026,22,293.43,124.48,81.18,324,0,302.0,1
Beet Root (N'Eliya),Up Country,2026,23,340.63,82.55,91.26,317,0,319.39,0
Beet Root (N'Eliya),Up Country,2026,24,352.5,24.58,79.25,310,0,331.21,0
Beet Root (N'Eliya),Up Country,2026,25,338.27,16.25,57.79,303,0,343.8,1
Big Onion (Imported),Low Country,2023,1,169.22,,0.0,102,0,166.67,0
Big Onion (Imported),Low Country,2023,2,166.67,,-0.76,95,0,155.79,0
Big Onion (Imported),Low Country,2023,3,144.92,,-9.58,88,0,147.95,1
Big Onion (Imported),Low Country,2023,4,132.27,,-13.7,81,0,143.8,1
Big Onion (Imported),Low Country,2023,5,131.36,-22.37,-11.77,74,0,133.45,1
Big Onion (Imported),Low Country,2023,6,125.25,-24.85,-13.59,67,0,128.29,1
Big Onion (Imported),Low Country,2023,7,124.28,-14.24,-12.48,60,0,122.46,0
Big Onion (Imported),Low Country,2023,8,108.95,-17.63,-20.97,53,0,117.2,1
Big Onion (Imported),Low Country,2023,9,110.33,-16.01,-18.15,46,0,111.49,1
Big Onion (Imported),Low Country,2023,10,102.42,-18.23,-22.15,39,1,106.12,1
Big Onion (Imported),Low Country,2023,11,102.8,-17.28,-20.28,32,1,103.0,1
Big Onion (Imported),Low Country,2023,12,96.46,-11.46,-23.59,25,1,99.01,1
Big Onion (Imported),Low Country,2023,13,94.35,-14.48,-23.78,18,1,96.87,1
Big Onion (Imported),Low Country,2023,14,93.87,-8.34,-20.44,11,1,94.63,1
Big Onion (Imported),Low Country,2023,15,93.82,-8.73,-16.52,4,1,94.59,1
Big Onion (Imported),Low Country,2023,16,96.31,-0.16,-11.36,363,0,95.78,0
Big Onion (Imported),Low Country,2023,17,99.13,5.06,-6.57,356,0,97.85,0
Big Onion (Imported),Low Country,2023,18,102.12,8.79,-1.67,349,0,100.23,0
Big Onion (Imported),Low Country,2023,19,103.35,10.15,1.16,342,0,102.75,0
Big Onion (Imported),Low Country,2023,20,106.4,10.48,5.56,335,0,103.65,0
Big Onion (Imported),Low Country,2023,21,102.72,3.61,2.39,328,0,101.5,0
Big Onion (Imported),Low Country,2023,22,93.53,-8.41,-5.55,321,0,98.89,1
Big Onion (Imported),Low Country,2023,23,92.91,-10.1,-5.47,314,0,97.65,1
Big Onion (Imported),Low Country,2023,24,101.45,-4.65,3.33,307,0,96.34,0
Big Onion (Imported),Low Country,2023,25,97.48,-5.1,-0.8,300,0,97.96,1
Big Onion (Imported),Low Country,2023,26,100.0,6.91,1.31,293,0,104.19,1
Big Onion (Imported),Low Country,2023,27,117.84,26.83,17.21,286,0,108.67,0
Big Onion (Imported),Low Country,2023,28,119.38,17.67,16.46,279,0,111.45,0
Big Onion (Imported),Low Country,2023,29,108.59,11.4,4.97,272,0,112.91,1
Big Onion (Imported),Low Country,2023,30,105.82,5.82,1.78,265,0,109.36,1
Big Onion (Imported),Low Country,2023,31,103.65,-12.05,-0.42,258,0,109.13,1
Big Onion (Imported),Low Country,2023,32,118.45,-0.78,12.54,251,0,117.96,0
Big Onion (Imported),Low Country,2023,33,143.93,32.54,33.11,244,0,132.75,0
Big Onion (Imported),Low Country,2023,34,164.98,55.91,46.09,237,0,145.84,0
Big Onion (Imported),Low Country,2023,35,155.98,50.49,32.49,230,0,152.59,0
Big Onion (Imported),Low Country,2023,36,145.48,22.82,19.47,223,0,151.9,1
Big Onion (Imported),Low Country,2023,37,141.17,-1.92,13.09,216,0,144.43,1
Big Onion (Imported),Low Country,2023,38,135.07,-18.13,5.75,209,0,138.8,1
Big Onion (Imported),Low Country,2023,39,133.49,-14.42,2.45,202,0,146.04,1
Big Onion (Imported),Low Country,2023,40,174.45,19.91,29.56,195,0,151.27,0
Big Onion (Imported),Low Country,2023,41,162.07,14.8,17.5,188,0,163.36,1
Big Onion (Imported),Low Country,2023,42,183.42,35.8,27.65,181,0,184.48,1
Big Onion (Imported),Low Country,2023,43,217.99,63.3,43.11,174,0,199.58,0
Big Onion (Imported),Low Country,2023,44,234.85,34.63,44.6,167,0,210.83,0
Big Onion (Imported),Low Country,2023,45,207.07,27.76,22.36,160,0,216.0,1
Big Onion (Imported),Low Country,2023,46,204.11,11.28,17.4,153,0,213.42,1
Big Onion (Imported),Low Country,2023,47,207.67,-4.74,17.23,146,0,206.58,0
Big Onion (Imported),Low Country,2023,48,207.48,-11.66,14.56,139,0,213.79,1
Big Onion (Imported),Low Country,2023,49,235.9,13.92,25.44,132,0,261.41,1
Big Onion (Imported),Low Country,2023,50,394.62,93.34,90.13,125,0,316.11,0
Big Onion (Imported),Low Country,2023,51,426.45,105.35,85.44,118,0,370.27,0
Big Onion (Imported),Low Country,2023,52,424.12,104.42,68.09,111,0,412.12,0
Big Onion (Imported),Low Country,2024,1,403.3,70.97,49.41,104,0,414.41,1
Big Onion (Imported),Low Country,2024,2,403.76,2.32,39.94,97,0,398.04,0
Big Onion (Imported),Low Country,2024,3,360.97,-15.36,19.46,90,0,384.37,1
Big Onion (Imported),Low Country,2024,4,369.46,-12.89,17.73,83,0,362.66,0
Big Onion (Imported),Low Country,2024,5,316.43,-21.54,-1.15,76,0,342.04,1
Big Onion (Imported),Low Country,2024,6,321.28,-20.43,-2.31,69,0,344.95,1
Big Onion (Imported),Low Country,2024,7,372.63,3.23,9.0,62,0,344.66,0
Big Onion (Imported),Low Country,2024,8,368.31,-0.31,3.98,55,0,354.91,0
Big Onion (Imported),Low Country,2024,9,357.41,12.95,-2.28,48,0,378.82,1
Big Onion (Imported),Low Country,2024,10,416.93,29.77,9.81,41,1,414.41,0
Big Onion (Imported),Low Country,2024,11,514.97,38.2,32.41,34,1,440.18,0
Big Onion (Imported),Low Country,2024,12,471.4,27.99,20.14,27,1,474.61,1
Big Onion (Imported),Low Country,2024,13,495.16,38.54,24.46,20,1,482.77,0
Big Onion (Imported),Low Country,2024,14,449.56,7.83,12.0,13,1,464.27,1
Big Onion (Imported),Low Country,2024,15,440.96,-14.37,9.08,6,1,445.22,1
Big Onion (Imported),Low Country,2024,16,395.21,-16.16,-2.87,364,0,434.2,1
Big Onion (Imported),Low Country,2024,17,451.07,-8.9,9.17,357,0,418.8,0
Big Onion (Imported),Low Country,2024,18,387.97,-13.7,-7.33,350,0,352.24,0
Big Onion (Imported),Low Country,2024,19,174.7,-60.38,-57.12,343,0,294.21,1
Big Onion (Imported),Low Country,2024,20,163.1,-58.73,-58.32,336,0,224.17,1
Big Onion (Imported),Low Country,2024,21,170.93,-62.11,-54.55,329,0,172.44,1
Big Onion (Imported),Low Country,2024,22,181.03,-53.34,-50.06,322,0,178.07,0
Big Onion (Imported),Low Country,2024,23,197.23,12.9,-42.94,315,0,190.65,0
Big Onion (Imported),Low Country,2024,24,213.39,30.83,-33.82,308,0,202.63,0
Big Onion (Imported),Low Country,2024,25,218.88,28.05,-27.77,301,0,208.96,0
Big Onion (Imported),Low Country,2024,26,206.35,13.98,-26.51,294,0,207.15,1
Big Onion (Imported),Low Country,2024,27,189.98,-3.68,-27.16,287,0,202.47,1
Big Onion (Imported),Low Country,2024,28,194.68,-8.77,-19.52,280,0,197.96,1
Big Onion (Imported),Low Country,2024,29,200.83,-8.25,-11.5,273,0,194.12,0
Big Onion (Imported),Low Country,2024,30,190.99,-7.44,-7.7,266,0,192.44,1
Big Onion (Imported),Low Country,2024,31,183.24,-3.55,-4.15,259,0,192.86,1
Big Onion (Imported),Low Country,2024,32,196.37,0.87,1.83,252,0,194.68,0
Big Onion (Imported),Low Country,2024,33,208.12,3.63,6.02,245,0,200.52,0
Big Onion (Imported),Low Country,2024,34,214.35,12.23,7.36,238,0,210.84,0
Big Onion (Imported),Low Country,2024,35,224.53,22.53,10.61,231,0,217.75,0
Big Onion (Imported),Low Country,2024,36,224.01,14.08,9.25,224,0,221.88,0
Big Onion (Imported),Low Country,2024,37,224.65,7.94,9.1,217,0,225.6,1
Big Onion (Imported),Low Country,2024,38,229.22,6.94,10.89,210,0,226.08,0
Big Onion (Imported),Low Country,2024,39,226.44,0.85,8.73,203,0,226.36,0
Big Onion (Imported),Low Country,2024,40,225.12,0.49,6.71,196,0,226.75,1
Big Onion (Imported),Low Country,2024,41,226.19,0.69,6.0,189,0,226.52,1
Big Onion (Imported),Low Country,2024,42,228.33,-0.39,5.95,182,0,228.7,1
Big Onion (Imported),Low Country,2024,43,235.15,3.84,7.42,175,0,238.64,1
Big Onion (Imported),Low Country,2024,44,264.88,17.66,17.63,168,0,247.06,0
Big Onion (Imported),Low Country,2024,45,259.89,14.9,12.96,161,0,260.23,1
Big Onion (Imported),Low Country,2024,46,281.0,23.07,19.23,154,0,275.11,0
Big Onion (Imported),Low Country,2024,47,294.68,25.32,21.84,147,0,281.02,0
Big Onion (Imported),Low Country,2024,48,288.51,8.92,16.91,140,0,280.85,0
Big Onion (Imported),Low Country,2024,49,259.2,-0.27,3.9,133,0,270.66,1
Big Onion (Imported),Low Country,2024,50,240.26,-14.5,-4.16,126,0,244.51,1
Big Onion (Imported),Low Country,2024,51,190.06,-35.5,-23.26,119,0,209.66,1
Big Onion (Imported),Low Country,2024,52,149.13,-48.31,-38.31,112,0,190.26,1
Big Onion (Imported),Low Country,2025,1,181.61,-29.94,-23.81,105,0,166.36,0
Big Onion (Imported),Low Country,2025,35,144.64,-39.8,-37.68,232,0,164.5,1
Big Onion (Imported),Low Country,2026,1,182.64,-3.9,-20.1,106,0,166.34,0
Big Onion (Imported),Low Country,2026,2,156.46,4.92,-29.69,99,0,157.1,1
Big Onion (Imported),Low Country,2026,3,144.66,-20.34,-32.17,92,0,155.31,1
Big Onion (Imported),Low Country,2026,4,137.47,-4.96,-32.57,85,0,149.18,1
Big Onion (Imported),Low Country,2026,5,158.12,-13.42,-18.67,78,0,148.76,0
Big Onion (Imported),Low Country,2026,6,154.78,-1.07,-15.72,71,0,149.69,0
Big Onion (Imported),Low Country,2026,7,148.41,2.59,-14.16,64,0,151.77,1
Big Onion (Imported),Low Country,2026,8,145.78,6.05,-11.19,57,0,145.61,0
Big Onion (Imported),Low Country,2026,9,133.45,-15.6,-14.42,50,0,144.78,1
Big Onion (Imported),Low Country,2026,10,151.49,-2.13,-0.97,43,1,143.19,0
Big Onion (Imported),Low Country,2026,11,142.05,-4.29,-6.81,36,1,143.29,1
Big Onion (Imported),Low Country,2026,12,146.17,0.27,-2.36,29,1,150.35,1
Big Onion (Imported),Low Country,2026,13,161.68,21.15,7.06,22,1,149.68,0
Big Onion (Imported),Low Country,2026,14,148.83,-1.75,0.28,15,1,145.21,0
Big Onion (Imported),Low Country,2026,15,124.15,-12.6,-14.92,8,1,141.73,1
Big Onion (Imported),Low Country,2026,16,132.24,-9.53,-8.78,1,1,135.17,1
Big Onion (Imported),Low Country,2026,17,135.45,-16.22,-6.47,359,0,132.92,0
Big Onion (Imported),Low Country,2026,18,139.82,-6.05,-2.5,352,0,149.53,1
Big Onion (Imported),Low Country,2026,19,190.59,53.52,30.4,345,0,165.28,0
Big Onion (Imported),Low Country,2026,20,195.25,47.64,30.37,338,0,175.44,0
Big Onion (Imported),Low Country,2026,21,176.09,30.0,15.77,331,0,191.32,1
Big Onion (Imported),Low Country,2026,22,203.36,45.44,29.14,324,0,192.39,0
Big Onion (Imported),Low Country,2026,23,194.86,2.24,21.17,317,0,188.52,0
Big Onion (Imported),Low Country,2026,24,179.78,-7.93,9.81,310,0,187.15,1
Big Onion (Imported),Low Country,2026,25,170.62,-3.1,3.04,303,0,181.75,1
Big Onion (Local),Low Country,2023,36,196.67,,0.0,223,0,185.36,0
Big Onion (Local),Low Country,2023,37,185.36,,-2.96,216,0,176.55,0
Big Onion (Local),Low Country,2023,38,167.74,,-8.47,209,0,175.16,1
Big Onion (Local),Low Country,2023,39,172.39,,-4.51,202,0,185.67,1
Big Onion (Local),Low Country,2023,40,217.21,10.45,15.62,195,0,192.72,0
Big Onion (Local),Low Country,2023,41,213.55,15.21,11.13,188,0,206.04,0
Big Onion (Local),Low Country,2023,42,221.02,31.77,12.61,181,0,225.28,1
Big Onion (Local),Low Country,2023,43,249.35,44.64,22.89,174,0,240.35,0
Big Onion (Local),Low Country,2023,44,277.48,27.75,31.38,167,0,251.5,0
Big Onion (Local),Low Country,2023,45,258.17,20.9,19.58,160,0,260.08,1
Big Onion (Local),Low Country,2023,46,255.33,15.52,16.33,153,0,262.38,1
Big Onion (Local),Low Country,2023,47,258.54,3.69,16.08,146,0,254.88,0
Big Onion (Local),Low Country,2023,48,247.5,-10.8,10.18,139,0,247.84,1
Big Onion (Local),Low Country,2024,32,230.0,-10.91,1.23,252,0,238.18,1
Big Onion (Local),Low Country,2024,33,216.67,-15.14,-5.64,245,0,232.5,1
Big Onion (Local),Low Country,2024,34,235.83,-8.78,0.42,238,0,230.89,0
Big Onion (Local),Low Country,2024,35,241.07,-2.6,0.39,231,0,234.84,0
Big Onion (Local),Low Country,2024,36,245.77,6.86,1.42,224,0,244.22,0
Big Onion (Local),Low Country,2024,37,254.21,17.33,3.57,217,0,250.46,0
Big Onion (Local),Low Country,2024,38,260.77,10.57,4.93,210,0,256.88,0
Big Onion (Local),Low Country,2024,39,266.77,10.66,6.77,203,0,253.82,0
Big Onion (Local),Low Country,2024,40,233.54,-4.98,-5.25,196,0,250.42,1
Big Onion (Local),Low Country,2024,41,240.62,-5.35,-1.84,189,0,247.15,1
Big Onion (Local),Low Country,2024,42,247.69,-5.02,1.29,182,0,245.63,0
Big Onion (Local),Low Country,2024,43,260.68,-2.28,6.53,175,0,257.16,0
Big Onion (Local),Low Country,2024,44,279.64,19.74,13.14,168,0,270.81,0
Big Onion (Local),Low Country,2024,45,295.23,22.7,17.07,161,0,288.44,0
Big Onion (Local),Low Country,2024,46,318.2,28.47,22.38,154,0,318.25,1
Big Onion (Local),Low Country,2024,47,379.91,45.74,40.14,147,0,344.11,0
Big Onion (Local),Low Country,2024,48,383.1,36.99,35.84,140,0,364.05,0
Big Onion (Local),Low Country,2024,49,375.0,27.02,28.45,133,0,345.75,0
Big Onion (Local),Low Country,2026,1,245.0,-23.0,-15.88,106,0,334.37,1
Big Onion - Imported,Grocery/Staple,2023,1,163.75,,0.0,102,0,158.25,0
Big Onion - Imported,Grocery/Staple,2023,2,158.25,,-1.71,95,0,147.72,0
Big Onion - Imported,Grocery/Staple,2023,3,137.2,,-10.37,88,0,141.88,1
Big Onion - Imported,Grocery/Staple,2023,4,130.2,,-11.64,81,0,137.76,1
Big Onion - Imported,Grocery/Staple,2023,5,125.4,-23.42,-12.28,74,0,126.8,1
Big Onion - Imported,Grocery/Staple,2023,6,114.4,-27.71,-17.22,67,0,122.6,1
Big Onion - Imported,Grocery/Staple,2023,7,120.4,-12.24,-11.25,60,0,115.95,0
Big Onion - Imported,Grocery/Staple,2023,8,103.6,-20.43,-21.31,53,0,110.1,1
Big Onion - Imported,Grocery/Staple,2023,9,102.0,-18.66,-20.53,46,0,105.75,1
Big Onion - Imported,Grocery/Staple,2023,10,97.0,-15.21,-22.54,39,1,99.6,1
Big Onion - Imported,Grocery/Staple,2023,11,95.8,-20.43,-21.82,32,1,96.65,1
Big Onion - Imported,Grocery/Staple,2023,12,91.8,-11.39,-23.49,25,1,94.54,1
Big Onion - Imported,Grocery/Staple,2023,13,93.56,-8.27,-20.68,18,1,92.37,0
Big Onion - Imported,Grocery/Staple,2023,14,88.33,-8.93,-21.24,11,1,90.74,1
Big Onion - Imported,Grocery/Staple,2023,15,89.25,-6.84,-16.47,4,1,90.82,1
Big Onion - Imported,Grocery/Staple,2023,16,92.12,0.35,-10.89,363,0,91.57,0
Big Onion - Imported,Grocery/Staple,2023,17,96.56,3.21,-4.19,356,0,93.72,0
Big Onion - Imported,Grocery/Staple,2023,18,96.93,9.74,-1.69,349,0,95.75,0
Big Onion - Imported,Grocery/Staple,2023,19,97.4,9.13,0.11,342,0,98.49,1
Big Onion - Imported,Grocery/Staple,2023,20,103.08,11.9,7.42,335,0,98.45,0
Big Onion - Imported,Grocery/Staple,2023,21,96.4,-0.17,1.05,328,0,95.97,0
Big Onion - Imported,Grocery/Staple,2023,22,87.0,-10.25,-7.69,321,0,93.2,1
Big Onion - Imported,Grocery/Staple,2023,23,86.32,-11.38,-7.61,314,0,92.53,1
Big Onion - Imported,Grocery/Staple,2023,24,100.4,-2.6,7.06,307,0,91.63,0
Big Onion - Imported,Grocery/Staple,2023,25,92.8,-3.73,-1.13,300,0,93.8,1
Big Onion - Imported,Grocery/Staple,2023,26,95.7,10.0,1.78,293,0,99.85,1
Big Onion - Imported,Grocery/Staple,2023,27,110.5,28.01,15.43,286,0,106.1,0
Big Onion - Imported,Grocery/Staple,2023,28,125.4,24.9,27.3,279,0,109.75,0
Big Onion - Imported,Grocery/Staple,2023,29,107.4,15.73,7.74,272,0,113.72,1
Big Onion - Imported,Grocery/Staple,2023,30,111.6,16.61,10.67,265,0,114.35,1
Big Onion - Imported,Grocery/Staple,2023,31,113.0,2.26,10.7,258,0,116.1,1
Big Onion - Imported,Grocery/Staple,2023,32,132.4,5.58,26.37,251,0,127.25,0
Big Onion - Imported,Grocery/Staple,2023,33,152.0,41.53,40.05,244,0,139.75,0
Big Onion - Imported,Grocery/Staple,2023,34,161.6,44.8,42.32,237,0,150.75,0
Big Onion - Imported,Grocery/Staple,2023,35,157.0,38.94,32.01,230,0,152.65,0
Big Onion - Imported,Grocery/Staple,2023,36,140.0,5.74,13.76,223,0,149.5,1
Big Onion - Imported,Grocery/Staple,2023,37,139.4,-8.29,10.58,216,0,141.2,1
Big Onion - Imported,Grocery/Staple,2023,38,128.4,-20.54,-0.31,209,0,135.2,1
Big Onion - Imported,Grocery/Staple,2023,39,133.0,-15.29,1.01,202,0,142.65,1
Big Onion - Imported,Grocery/Staple,2023,40,169.8,21.29,24.64,195,0,152.55,0
Big Onion - Imported,Grocery/Staple,2023,41,179.0,28.41,27.53,188,0,161.85,0
Big Onion - Imported,Grocery/Staple,2023,42,165.6,28.97,14.34,181,0,177.6,1
Big Onion - Imported,Grocery/Staple,2023,43,196.0,47.37,29.52,174,0,190.15,0
Big Onion - Imported,Grocery/Staple,2023,44,220.0,29.56,37.88,167,0,196.73,0
Big Onion - Imported,Grocery/Staple,2023,45,205.33,14.71,24.32,160,0,206.33,1
Big Onion - Imported,Grocery/Staple,2023,46,204.0,23.19,20.59,153,0,210.63,1
Big Onion - Imported,Grocery/Staple,2023,47,213.2,8.78,23.14,146,0,208.3,0
Big Onion - Imported,Grocery/Staple,2023,48,210.67,-4.24,18.85,139,0,209.47,0
Big Onion - Imported,Grocery/Staple,2023,49,210.0,2.27,14.98,132,0,259.47,1
Big Onion - Imported,Grocery/Staple,2023,50,404.0,98.04,99.01,125,0,318.42,0
Big Onion - Imported,Grocery/Staple,2023,51,449.0,110.6,97.22,118,0,369.08,0
Big Onion - Imported,Grocery/Staple,2023,52,413.33,96.2,65.85,111,0,413.28,0
Big Onion - Imported,Grocery/Staple,2024,1,386.8,84.19,45.46,104,0,406.68,1
Big Onion - Imported,Grocery/Staple,2024,2,377.6,-6.53,34.28,97,0,370.68,0
Big Onion - Imported,Grocery/Staple,2024,3,305.0,-32.07,4.48,90,0,352.72,1
Big Onion - Imported,Grocery/Staple,2024,4,341.5,-17.38,12.67,83,0,331.72,0
Big Onion - Imported,Grocery/Staple,2024,5,302.8,-21.72,-2.16,76,0,313.62,1
Big Onion - Imported,Grocery/Staple,2024,6,305.2,-19.17,-3.77,69,0,328.68,1
Big Onion - Imported,Grocery/Staple,2024,7,365.2,19.74,10.81,62,0,332.3,0
Big Onion - Imported,Grocery/Staple,2024,8,356.0,4.25,4.54,55,0,343.85,0
Big Onion - Imported,Grocery/Staple,2024,9,349.0,15.26,-0.62,48,0,355.68,1
Big Onion - Imported,Grocery/Staple,2024,10,352.5,15.5,-2.66,41,1,391.48,1
Big Onion - Imported,Grocery/Staple,2024,11,508.4,39.21,37.34,34,1,419.17,0
Big Onion - Imported,Grocery/Staple,2024,12,466.8,31.12,25.64,27,1,457.17,0
Big Onion - Imported,Grocery/Staple,2024,13,501.0,43.55,32.44,20,1,468.95,0
Big Onion - Imported,Grocery/Staple,2024,14,399.6,13.36,5.36,13,1,431.18,1
Big Onion - Imported,Grocery/Staple,2024,15,357.33,-29.71,-5.4,6,1,395.61,1
Big Onion - Imported,Grocery/Staple,2024,16,324.5,-30.48,-14.43,364,0,379.11,1
Big Onion - Imported,Grocery/Staple,2024,17,435.0,-13.17,12.57,357,0,378.58,0
Big Onion - Imported,Grocery/Staple,2024,18,397.5,-0.53,0.97,350,0,330.15,0
Big Onion - Imported,Grocery/Staple,2024,19,163.6,-54.22,-57.26,343,0,286.82,1
Big Onion - Imported,Grocery/Staple,2024,20,151.2,-53.41,-58.73,336,0,214.74,1
Big Onion - Imported,Grocery/Staple,2024,21,146.67,-66.28,-58.12,329,0,158.07,1
Big Onion - Imported,Grocery/Staple,2024,22,170.8,-57.03,-49.25,322,0,162.67,0
Big Onion - Imported,Grocery/Staple,2024,23,182.0,11.25,-43.73,315,0,173.92,0
Big Onion - Imported,Grocery/Staple,2024,24,196.2,29.76,-34.47,308,0,189.0,0
Big Onion - Imported,Grocery/Staple,2024,25,207.0,41.14,-25.92,301,0,197.4,0
Big Onion - Imported,Grocery/Staple,2024,26,204.4,19.67,-20.34,294,0,197.95,0
Big Onion - Imported,Grocery/Staple,2024,27,184.2,1.21,-23.26,287,0,194.35,1
Big Onion - Imported,Grocery/Staple,2024,28,181.8,-7.34,-19.75,280,0,188.5,1
Big Onion - Imported,Grocery/Staple,2024,29,183.6,-11.3,-14.88,273,0,183.25,0
Big Onion - Imported,Grocery/Staple,2024,30,183.4,-10.27,-6.59,266,0,179.2,0
Big Onion - Imported,Grocery/Staple,2024,31,168.0,-8.79,-5.98,259,0,179.5,1
Big Onion - Imported,Grocery/Staple,2024,32,183.0,0.66,1.57,252,0,181.8,0
Big Onion - Imported,Grocery/Staple,2024,33,192.8,5.01,5.14,245,0,187.95,0
Big Onion - Imported,Grocery/Staple,2024,34,208.0,13.41,10.58,238,0,200.99,0
Big Onion - Imported,Grocery/Staple,2024,35,220.16,31.05,14.73,231,0,211.24,0
Big Onion - Imported,Grocery/Staple,2024,36,224.0,22.4,14.8,224,0,215.85,0
Big Onion - Imported,Grocery/Staple,2024,37,211.25,9.57,7.63,217,0,226.35,1
Big Onion - Imported,Grocery/Staple,2024,38,250.0,20.19,25.26,210,0,226.19,0
Big Onion - Imported,Grocery/Staple,2024,39,219.5,-0.3,9.34,203,0,222.39,1
Big Onion - Imported,Grocery/Staple,2024,40,208.8,-6.79,3.04,196,0,223.48,1
Big Onion - Imported,Grocery/Staple,2024,41,215.6,2.06,5.05,189,0,215.54,0
Big Onion - Imported,Grocery/Staple,2024,42,218.25,-12.7,4.98,182,0,217.21,0
Big Onion - Imported,Grocery/Staple,2024,43,226.2,3.05,7.1,175,0,223.35,0
Big Onion - Imported,Grocery/Staple,2024,44,233.33,11.75,7.91,168,0,227.15,0
Big Onion - Imported,Grocery/Staple,2024,45,230.8,7.05,4.96,161,0,237.33,1
Big Onion - Imported,Grocery/Staple,2024,46,259.0,18.67,15.12,154,0,247.28,0
Big Onion - Imported,Grocery/Staple,2024,47,266.0,17.6,15.93,147,0,252.15,0
Big Onion - Imported,Grocery/Staple,2024,48,252.8,8.34,8.98,140,0,254.55,1
Big Onion - Imported,Grocery/Staple,2024,49,240.4,4.16,3.08,133,0,244.1,1
Big Onion - Imported,Grocery/Staple,2024,50,217.2,-16.14,-7.05,126,0,224.5,1
Big Onion - Imported,Grocery/Staple,2024,51,187.6,-29.47,-18.04,119,0,192.68,1
Big Onion - Imported,Grocery/Staple,2024,52,125.5,-50.36,-43.38,112,0,178.82,1
Big Onion - Imported,Grocery/Staple,2025,1,185.0,-23.04,-15.84,105,0,160.77,0
Big Onion - Imported,Grocery/Staple,2025,35,145.0,-33.24,-32.37,232,0,158.88,1
Big Onion - Imported,Grocery/Staple,2026,1,180.0,-4.05,-14.87,106,0,164.62,0
Big Onion - Imported,Grocery/Staple,2026,2,148.5,18.33,-27.73,99,0,152.67,1
Big Onion - Imported,Grocery/Staple,2026,3,137.17,-25.86,-30.75,92,0,148.62,1
Big Onion - Imported,Grocery/Staple,2026,4,128.8,-11.17,-32.29,85,0,141.87,1
Big Onion - Imported,Grocery/Staple,2026,5,153.0,-15.0,-15.97,78,0,141.99,0
Big Onion - Imported,Grocery/Staple,2026,6,149.0,0.34,-13.91,71,0,141.05,0
Big Onion - Imported,Grocery/Staple,2026,7,133.4,-2.75,-18.6,64,0,142.95,1
Big Onion - Imported,Grocery/Staple,2026,8,136.4,5.9,-12.5,57,0,136.16,0
Big Onion - Imported,Grocery/Staple,2026,9,125.84,-17.75,-15.47,50,0,135.58,1
Big Onion - Imported,Grocery/Staple,2026,10,146.67,-1.57,0.65,43,1,134.98,0
Big Onion - Imported,Grocery/Staple,2026,11,131.0,-1.8,-10.36,36,1,135.28,1
Big Onion - Imported,Grocery/Staple,2026,12,137.6,0.88,-3.43,29,1,143.67,1
Big Onion - Imported,Grocery/Staple,2026,13,159.4,26.67,11.0,22,1,143.46,0
Big Onion - Imported,Grocery/Staple,2026,14,145.83,-0.57,3.45,15,1,138.96,0
Big Onion - Imported,Grocery/Staple,2026,15,113.0,-13.74,-18.26,8,1,137.18,1
Big Onion - Imported,Grocery/Staple,2026,17,130.5,-5.16,-5.25,359,0,131.08,1
Big Onion - Imported,Grocery/Staple,2026,18,135.0,-15.31,-2.32,352,0,136.75,1
Big Onion - Imported,Grocery/Staple,2026,19,168.5,15.54,20.88,345,0,158.69,0
Big Onion - Imported,Grocery/Staple,2026,20,200.75,77.65,40.02,338,0,164.56,0
Big Onion - Imported,Grocery/Staple,2026,21,154.0,18.01,6.24,331,0,179.09,1
Big Onion - Imported,Grocery/Staple,2026,22,193.12,43.06,29.33,324,0,181.72,0
Big Onion - Imported,Grocery/Staple,2026,23,179.0,6.23,16.68,317,0,175.81,0
Big Onion - Imported,Grocery/Staple,2026,24,177.1,-11.78,13.7,310,0,177.86,1
Big Onion - Imported,Grocery/Staple,2026,25,162.2,5.32,2.56,303,0,172.77,1
Bitter Gourd,Low Country,2023,1,284.76,,0.0,102,0,294.05,1
Bitter Gourd,Low Country,2023,2,294.05,,1.6,95,0,295.14,1
Bitter Gourd,Low Country,2023,3,296.22,,1.56,88,0,287.23,0
Bitter Gourd,Low Country,2023,4,271.43,,-5.3,81,0,281.79,1
Bitter Gourd,Low Country,2023,5,265.48,-6.77,-5.99,74,0,272.79,1
Bitter Gourd,Low Country,2023,6,258.04,-12.25,-7.29,67,0,273.69,1
Bitter Gourd,Low Country,2023,7,299.8,1.21,6.54,60,0,284.65,0
Bitter Gourd,Low Country,2023,8,315.31,16.17,10.39,53,0,297.47,0
Bitter Gourd,Low Country,2023,9,316.73,19.31,9.56,46,0,306.42,0
Bitter Gourd,Low Country,2023,10,293.83,13.87,1.47,39,1,296.24,1
Bitter Gourd,Low Country,2023,11,259.08,-13.58,-9.66,32,1,268.86,1
Bitter Gourd,Low Country,2023,12,205.78,-34.74,-26.52,25,1,232.93,1
Bitter Gourd,Low Country,2023,13,173.03,-45.37,-36.34,18,1,199.64,1
Bitter Gourd,Low Country,2023,14,160.65,-45.32,-38.74,11,1,180.04,1
Bitter Gourd,Low Country,2023,15,180.71,-30.25,-28.73,4,1,167.19,0
Bitter Gourd,Low Country,2023,16,154.38,-24.98,-36.37,363,0,170.54,1
Bitter Gourd,Low Country,2023,17,186.43,7.75,-21.04,356,0,185.36,0
Bitter Gourd,Low Country,2023,18,219.91,36.89,-5.45,349,0,210.86,0
Bitter Gourd,Low Country,2023,19,282.72,56.45,20.57,342,0,272.91,0
Bitter Gourd,Low Country,2023,20,402.59,160.78,66.08,335,0,333.4,0
Bitter Gourd,Low Country,2023,21,428.37,129.78,70.6,328,0,389.25,0
Bitter Gourd,Low Country,2023,22,443.33,101.59,69.97,321,0,427.36,0
Bitter Gourd,Low Country,2023,23,435.14,53.91,60.15,314,0,436.11,1
Bitter Gourd,Low Country,2023,24,437.59,8.69,53.31,307,0,427.66,0
Bitter Gourd,Low Country,2023,25,394.59,-7.88,31.55,300,0,402.44,1
Bitter Gourd,Low Country,2023,26,342.47,-22.75,9.42,293,0,362.15,1
Bitter Gourd,Low Country,2023,27,273.97,-37.04,-14.84,286,0,319.35,1
Bitter Gourd,Low Country,2023,28,266.36,-39.13,-18.87,279,0,281.67,1
Bitter Gourd,Low Country,2023,29,243.88,-38.19,-27.24,272,0,249.65,1
Bitter Gourd,Low Country,2023,30,214.4,-37.39,-36.44,265,0,227.89,1
Bitter Gourd,Low Country,2023,31,186.93,-31.77,-44.17,258,0,207.43,1
Bitter Gourd,Low Country,2023,32,184.49,-30.74,-43.62,251,0,193.85,1
Bitter Gourd,Low Country,2023,33,189.59,-22.26,-39.01,244,0,190.43,1
Bitter Gourd,Low Country,2023,34,200.71,-6.39,-31.58,237,0,194.0,0
Bitter Gourd,Low Country,2023,35,201.21,7.64,-26.76,230,0,198.21,0
Bitter Gourd,Low Country,2023,36,201.33,9.13,-21.58,223,0,210.41,1
Bitter Gourd,Low Country,2023,37,238.37,25.73,-1.26,216,0,229.49,0
Bitter Gourd,Low Country,2023,38,277.04,38.03,19.23,209,0,249.9,0
Bitter Gourd,Low Country,2023,39,282.86,40.58,24.18,202,0,266.22,0
Bitter Gourd,Low Country,2023,40,266.63,32.44,17.35,195,0,274.23,1
Bitter Gourd,Low Country,2023,41,270.41,13.44,18.85,188,0,274.34,1
Bitter Gourd,Low Country,2023,42,277.45,0.15,20.57,181,0,281.52,1
Bitter Gourd,Low Country,2023,43,311.6,10.16,31.15,174,0,302.59,0
Bitter Gourd,Low Country,2023,44,350.92,31.61,40.25,167,0,336.64,0
Bitter Gourd,Low Country,2023,45,406.58,50.36,52.12,160,0,378.57,0
Bitter Gourd,Low Country,2023,46,445.2,60.46,55.15,153,0,424.73,0
Bitter Gourd,Low Country,2023,47,496.23,59.25,60.24,146,0,468.08,0
Bitter Gourd,Low Country,2023,48,524.31,49.41,56.73,139,0,477.89,0
Bitter Gourd,Low Country,2023,49,445.8,9.65,26.17,132,0,465.21,1
Bitter Gourd,Low Country,2023,50,394.49,-11.39,7.98,125,0,429.95,1
Bitter Gourd,Low Country,2023,51,355.2,-28.42,-4.35,118,0,385.59,1
Bitter Gourd,Low Country,2023,52,346.88,-33.84,-7.81,111,0,358.67,1
Bitter Gourd,Low Country,2024,1,338.1,-24.16,-11.44,104,0,347.62,1
Bitter Gourd,Low Country,2024,2,350.31,-11.2,-9.7,97,0,355.5,1
Bitter Gourd,Low Country,2024,3,386.73,8.88,-2.42,90,0,363.19,0
Bitter Gourd,Low Country,2024,4,377.64,8.87,-5.92,83,0,375.07,0
Bitter Gourd,Low Country,2024,5,385.61,14.05,-4.57,76,0,377.74,0
Bitter Gourd,Low Country,2024,6,360.95,3.04,-9.89,69,0,368.27,1
Bitter Gourd,Low Country,2024,7,348.88,-9.79,-11.26,62,0,351.87,1
Bitter Gourd,Low Country,2024,8,312.02,-17.38,-17.67,55,0,323.44,1
Bitter Gourd,Low Country,2024,9,271.9,-29.49,-24.38,48,0,292.31,1
Bitter Gourd,Low Country,2024,10,236.43,-34.5,-31.17,41,1,257.54,1
Bitter Gourd,Low Country,2024,11,209.8,-39.87,-36.28,34,1,220.01,1
Bitter Gourd,Low Country,2024,12,161.9,-48.11,-48.5,27,1,183.69,1
Bitter Gourd,Low Country,2024,13,126.61,-53.44,-57.43,20,1,155.7,1
Bitter Gourd,Low Country,2024,14,124.49,-47.35,-55.7,13,1,136.73,1
Bitter Gourd,Low Country,2024,15,133.93,-36.16,-49.34,6,1,123.64,0
Bitter Gourd,Low Country,2024,16,109.54,-32.35,-54.93,364,0,124.95,1
Bitter Gourd,Low Country,2024,17,131.86,4.14,-41.17,357,0,135.69,1
Bitter Gourd,Low Country,2024,18,167.45,34.51,-19.25,350,0,148.73,0
Bitter Gourd,Low Country,2024,19,186.06,38.92,-4.05,343,0,176.63,0
Bitter Gourd,Low Country,2024,20,221.14,101.89,20.13,336,0,220.44,0
Bitter Gourd,Low Country,2024,21,307.12,132.92,67.18,329,0,282.27,0
Bitter Gourd,Low Country,2024,22,414.78,147.7,113.04,322,0,363.45,0
Bitter Gourd,Low Country,2024,23,510.78,174.53,136.69,315,0,446.92,0
Bitter Gourd,Low Country,2024,24,555.02,150.98,129.01,308,0,509.55,0
Bitter Gourd,Low Country,2024,25,557.63,81.57,104.41,301,0,531.86,0
Bitter Gourd,Low Country,2024,26,503.99,21.51,66.98,294,0,522.24,1
Bitter Gourd,Low Country,2024,27,472.32,-7.53,43.74,287,0,469.68,0
Bitter Gourd,Low Country,2024,28,344.8,-37.88,-0.0,280,0,394.43,1
Bitter Gourd,Low Country,2024,29,256.62,-53.98,-27.94,273,0,319.17,1
Bitter Gourd,Low Country,2024,30,202.95,-59.73,-43.87,266,0,245.64,1
Bitter Gourd,Low Country,2024,31,178.18,-62.28,-50.84,259,0,199.79,1
Bitter Gourd,Low Country,2024,32,161.39,-53.19,-55.23,252,0,172.13,1
Bitter Gourd,Low Country,2024,33,145.99,-43.11,-58.85,245,0,154.48,1
Bitter Gourd,Low Country,2024,34,132.34,-34.79,-61.22,238,0,149.23,1
Bitter Gourd,Low Country,2024,35,157.21,-11.77,-51.1,231,0,154.18,0
Bitter Gourd,Low Country,2024,36,181.19,12.27,-38.81,224,0,167.89,0
Bitter Gourd,Low Country,2024,37,200.82,37.56,-25.31,217,0,191.16,0
Bitter Gourd,Low Country,2024,38,225.4,70.32,-7.36,210,0,213.94,0
Bitter Gourd,Low Country,2024,39,248.34,57.96,11.03,203,0,242.57,0
Bitter Gourd,Low Country,2024,40,295.71,63.21,40.77,196,0,270.07,0
Bitter Gourd,Low Country,2024,41,310.8,54.77,49.81,189,0,294.54,0
Bitter Gourd,Low Country,2024,42,323.32,43.44,52.09,182,0,316.77,0
Bitter Gourd,Low Country,2024,43,337.22,35.79,51.28,175,0,332.12,0
Bitter Gourd,Low Country,2024,44,357.12,20.77,50.89,168,0,344.39,0
Bitter Gourd,Low Country,2024,45,359.88,15.79,42.84,161,0,358.83,0
Bitter Gourd,Low Country,2024,46,381.11,17.87,41.13,154,0,374.7,0
Bitter Gourd,Low Country,2024,47,400.7,18.82,37.85,147,0,396.99,0
Bitter Gourd,Low Country,2024,48,446.27,24.96,42.62,140,0,444.36,0
Bitter Gourd,Low Country,2024,49,549.36,52.65,60.99,133,0,498.92,0
Bitter Gourd,Low Country,2024,50,599.36,57.27,61.17,126,0,534.9,0
Bitter Gourd,Low Country,2024,51,544.61,35.92,37.37,119,0,553.15,1
Bitter Gourd,Low Country,2024,52,519.27,16.36,24.44,112,0,532.09,1
Bitter Gourd,Low Country,2025,1,465.12,-15.33,8.09,105,0,464.93,0
Bitter Gourd,Low Country,2025,35,330.71,-44.82,-23.42,232,0,474.51,1
Bitter Gourd,Low Country,2026,1,582.94,7.04,29.02,106,0,461.48,0
Bitter Gourd,Low Country,2026,2,467.15,-10.04,1.15,99,0,459.21,0
Bitter Gourd,Low Country,2026,3,456.03,-1.95,-2.85,92,0,492.48,1
Bitter Gourd,Low Country,2026,4,463.78,40.24,-2.86,85,0,462.18,0
Bitter Gourd,Low Country,2026,5,461.77,-20.79,-4.52,78,0,449.8,0
Bitter Gourd,Low Country,2026,6,417.6,-10.61,-13.88,71,0,433.21,1
Bitter Gourd,Low Country,2026,7,389.7,-14.54,-18.91,64,0,409.53,1
Bitter Gourd,Low Country,2026,8,369.06,-20.43,-20.92,57,0,375.68,1
Bitter Gourd,Low Country,2026,9,326.38,-29.32,-26.77,50,0,343.18,1
Bitter Gourd,Low Country,2026,10,287.59,-31.13,-32.48,43,1,305.68,1
Bitter Gourd,Low Country,2026,11,239.68,-38.5,-40.74,36,1,256.52,1
Bitter Gourd,Low Country,2026,12,172.42,-53.28,-54.85,29,1,208.83,1
Bitter Gourd,Low Country,2026,13,135.62,-58.45,-63.04,22,1,172.39,1
Bitter Gourd,Low Country,2026,14,141.82,-50.69,-57.41,15,1,151.48,1
Bitter Gourd,Low Country,2026,15,156.06,-34.89,-49.5,8,1,148.19,0
Bitter Gourd,Low Country,2026,16,159.27,-7.63,-44.35,1,1,159.36,1
Bitter Gourd,Low Country,2026,17,180.28,32.93,-31.82,359,0,196.27,1
Bitter Gourd,Low Country,2026,18,289.46,104.11,15.26,352,0,248.48,0
Bitter Gourd,Low Country,2026,19,364.92,133.84,47.68,345,0,315.34,0
Bitter Gourd,Low Country,2026,20,426.68,167.9,70.71,338,0,392.48,0
Bitter Gourd,Low Country,2026,21,488.86,171.17,88.64,331,0,454.96,0
Bitter Gourd,Low Country,2026,22,539.36,86.33,95.75,324,0,501.25,0
Bitter Gourd,Low Country,2026,23,550.1,50.74,86.01,317,0,529.51,0
Bitter Gourd,Low Country,2026,24,539.71,26.49,69.29,310,0,537.62,0
Bitter Gourd,Low Country,2026,25,521.3,6.64,50.82,303,0,537.04,1
Brinjals,Low Country,2023,1,334.86,,0.0,102,0,366.4,1
Brinjals,Low Country,2023,2,366.4,,4.5,95,0,330.01,0
Brinjals,Low Country,2023,3,293.61,,-11.46,88,0,276.16,0
Brinjals,Low Country,2023,4,168.47,,-42.07,81,0,236.43,1
Brinjals,Low Country,2023,5,117.24,-64.99,-54.22,74,0,169.31,1
Brinjals,Low Country,2023,6,97.9,-73.28,-57.39,67,0,125.87,1
Brinjals,Low Country,2023,7,119.88,-59.17,-44.0,60,0,127.32,1
Brinjals,Low Country,2023,8,174.29,3.45,-16.64,53,0,156.37,0
Brinjals,Low Country,2023,9,233.43,99.1,10.22,46,0,178.69,0
Brinjals,Low Country,2023,10,187.15,91.17,-10.59,39,1,185.32,0
Brinjals,Low Country,2023,11,146.43,22.15,-28.08,32,1,174.01,1
Brinjals,Low Country,2023,12,129.04,-25.96,-34.63,25,1,147.71,1
Brinjals,Low Country,2023,13,128.2,-45.08,-33.25,18,1,142.95,1
Brinjals,Low Country,2023,14,168.13,-10.16,-6.2,11,1,170.09,1
Brinjals,Low Country,2023,15,255.0,74.15,49.41,4,1,187.37,0
Brinjals,Low Country,2023,16,198.12,53.53,21.3,363,0,194.84,0
Brinjals,Low Country,2023,17,158.08,23.31,-2.74,356,0,191.22,1
Brinjals,Low Country,2023,18,153.67,-8.61,-7.06,349,0,172.88,1
Brinjals,Low Country,2023,19,181.64,-28.77,5.74,342,0,199.44,1
Brinjals,Low Country,2023,20,304.39,53.63,63.68,335,0,254.03,0
Brinjals,Low Country,2023,21,376.41,138.11,86.79,328,0,305.06,0
Brinjals,Low Country,2023,22,357.79,132.83,69.5,321,0,310.17,0
Brinjals,Low Country,2023,23,202.09,11.26,-4.78,314,0,279.73,1
Brinjals,Low Country,2023,24,182.63,-40.0,-15.06,307,0,231.42,1
Brinjals,Low Country,2023,25,183.17,-51.34,-16.43,300,0,193.18,1
Brinjals,Low Country,2023,26,204.85,-42.75,-8.99,293,0,198.03,0
Brinjals,Low Country,2023,27,221.47,9.59,-3.36,286,0,219.27,0
Brinjals,Low Country,2023,28,267.59,46.52,16.27,279,0,244.15,0
Brinjals,Low Country,2023,29,282.68,54.33,19.45,272,0,266.59,0
Brinjals,Low Country,2023,30,294.64,43.84,19.21,265,0,277.51,0
Brinjals,Low Country,2023,31,265.13,19.72,3.68,258,0,266.1,1
Brinjals,Low Country,2023,32,221.96,-17.05,-14.24,251,0,247.15,1
Brinjals,Low Country,2023,33,206.88,-26.82,-17.69,244,0,225.7,1
Brinjals,Low Country,2023,34,208.84,-29.12,-12.41,237,0,211.96,1
Brinjals,Low Country,2023,35,210.17,-20.73,-7.45,230,0,205.35,0
Brinjals,Low Country,2023,36,195.54,-11.91,-13.7,223,0,207.7,1
Brinjals,Low Country,2023,37,216.25,4.53,-5.64,216,0,211.58,0
Brinjals,Low Country,2023,38,224.38,7.44,-3.43,209,0,218.62,0
Brinjals,Low Country,2023,39,238.33,13.4,1.46,202,0,229.18,0
Brinjals,Low Country,2023,40,237.77,21.6,0.68,195,0,231.03,0
Brinjals,Low Country,2023,41,223.66,3.43,-3.92,188,0,224.65,1
Brinjals,Low Country,2023,42,198.84,-11.38,-12.15,181,0,230.1,1
Brinjals,Low Country,2023,43,260.13,9.15,16.29,174,0,237.99,0
Brinjals,Low Country,2023,44,269.34,13.28,20.24,167,0,254.59,0
Brinjals,Low Country,2023,45,290.04,29.68,26.52,160,0,278.05,0
Brinjals,Low Country,2023,46,292.68,47.19,24.1,153,0,283.69,0
Brinjals,Low Country,2023,47,282.72,8.68,17.06,146,0,291.37,1
Brinjals,Low Country,2023,48,300.03,11.4,20.77,139,0,295.2,0
Brinjals,Low Country,2023,49,305.36,5.28,18.87,132,0,305.14,0
Brinjals,Low Country,2023,50,332.45,13.59,25.06,125,0,327.04,0
Brinjals,Low Country,2023,51,370.31,30.98,33.66,118,0,368.62,0
Brinjals,Low Country,2023,52,466.36,55.44,58.31,111,0,408.17,0
Brinjals,Low Country,2024,1,463.57,51.81,48.6,104,0,426.1,0
Brinjals,Low Country,2024,2,404.18,21.58,24.04,97,0,455.9,1
Brinjals,Low Country,2024,3,489.49,32.19,40.58,90,0,458.52,0
Brinjals,Low Country,2024,4,476.84,2.25,30.69,83,0,450.22,0
Brinjals,Low Country,2024,5,430.36,-7.16,14.07,76,0,412.27,0
Brinjals,Low Country,2024,6,252.39,-37.56,-32.58,69,0,329.26,1
Brinjals,Low Country,2024,7,157.47,-67.83,-56.73,62,0,245.3,1
Brinjals,Low Country,2024,8,141.0,-70.43,-60.06,55,0,167.77,1
Brinjals,Low Country,2024,9,120.21,-72.07,-64.56,48,0,142.46,1
Brinjals,Low Country,2024,10,151.16,-40.11,-53.83,41,1,150.5,0
Brinjals,Low Country,2024,11,189.64,20.43,-40.06,34,1,157.37,0
Brinjals,Low Country,2024,12,168.45,19.47,-44.01,27,1,164.64,0
Brinjals,Low Country,2024,13,149.3,24.2,-46.0,20,1,159.55,1
Brinjals,Low Country,2024,14,130.8,-13.47,-47.86,13,1,158.23,1
Brinjals,Low Country,2024,15,184.38,-2.78,-21.19,6,1,146.67,0
Brinjals,Low Country,2024,16,122.21,-27.45,-40.59,364,0,132.86,1
Brinjals,Low Country,2024,17,94.05,-37.01,-46.64,357,0,128.2,1
Brinjals,Low Country,2024,18,112.15,-14.26,-26.11,350,0,120.46,1
Brinjals,Low Country,2024,19,153.42,-16.79,6.42,343,0,128.49,0
Brinjals,Low Country,2024,20,154.34,26.28,7.23,336,0,149.78,0
Brinjals,Low Country,2024,21,179.2,90.54,22.01,329,0,182.53,1
Brinjals,Low Country,2024,22,243.15,116.8,55.54,322,0,226.15,0
Brinjals,Low Country,2024,23,327.91,113.73,92.97,315,0,281.21,0
Brinjals,Low Country,2024,24,374.58,142.7,103.41,308,0,314.35,0
Brinjals,Low Country,2024,25,311.76,73.97,59.73,301,0,309.41,0
Brinjals,Low Country,2024,26,223.4,-8.12,11.21,294,0,279.27,1
Brinjals,Low Country,2024,27,207.36,-36.76,0.29,287,0,225.36,1
Brinjals,Low Country,2024,28,158.91,-57.58,-22.41,280,0,185.5,1
Brinjals,Low Country,2024,29,152.33,-51.14,-26.45,273,0,177.86,1
Brinjals,Low Country,2024,30,192.86,-13.67,-10.18,266,0,181.62,0
Brinjals,Low Country,2024,31,222.39,7.25,-0.36,259,0,192.26,0
Brinjals,Low Country,2024,32,201.48,26.79,-11.2,252,0,197.61,0
Brinjals,Low Country,2024,33,173.7,14.03,-23.94,245,0,188.3,1
Brinjals,Low Country,2024,34,155.64,-19.3,-31.31,238,0,173.83,1
Brinjals,Low Country,2024,35,164.52,-26.02,-25.4,231,0,172.21,1
Brinjals,Low Country,2024,36,195.0,-3.22,-7.28,224,0,187.39,0
Brinjals,Low Country,2024,37,234.41,34.95,17.49,217,0,203.79,0
Brinjals,Low Country,2024,38,221.25,42.16,14.9,210,0,206.04,0
Brinjals,Low Country,2024,39,173.49,5.46,-8.07,203,0,189.89,1
Brinjals,Low Country,2024,40,130.41,-33.12,-28.66,196,0,156.88,1
Brinjals,Low Country,2024,41,102.38,-56.32,-42.63,189,0,129.54,1
Brinjals,Low Country,2024,42,111.87,-49.44,-36.2,182,0,123.88,1
Brinjals,Low Country,2024,43,150.84,-13.05,-12.35,175,0,147.84,0
Brinjals,Low Country,2024,44,226.25,73.49,31.23,168,0,178.18,0
Brinjals,Low Country,2024,45,223.74,118.54,28.5,161,0,198.94,0
Brinjals,Low Country,2024,46,194.91,74.23,10.9,154,0,195.77,1
Brinjals,Low Country,2024,47,138.2,-8.38,-20.76,147,0,184.64,1
Brinjals,Low Country,2024,48,181.7,-19.69,3.4,140,0,192.25,1
Brinjals,Low Country,2024,49,254.2,13.61,41.0,133,0,206.63,0
Brinjals,Low Country,2024,50,252.41,29.5,38.94,126,0,248.87,0
Brinjals,Low Country,2024,51,307.18,122.28,63.16,119,0,290.12,0
Brinjals,Low Country,2024,52,346.69,90.81,71.97,112,0,315.18,0
Brinjals,Low Country,2025,1,354.42,39.43,61.96,105,0,309.89,0
Brinjals,Low Country,2025,35,231.25,-8.38,1.1,232,0,341.15,1
Brinjals,Low Country,2026,1,432.23,40.71,70.58,106,0,336.62,0
Brinjals,Low Country,2026,2,328.57,-5.23,23.03,99,0,310.93,0
Brinjals,Low Country,2026,3,251.68,-28.99,-6.44,92,0,294.91,1
Brinjals,Low Country,2026,4,167.17,-27.71,-36.84,85,0,225.03,1
Brinjals,Low Country,2026,5,152.71,-64.67,-41.58,78,0,179.58,1
Brinjals,Low Country,2026,6,146.78,-55.33,-43.99,71,0,151.38,1
Brinjals,Low Country,2026,7,138.85,-44.83,-46.34,64,0,139.74,1
Brinjals,Low Country,2026,8,120.63,-27.84,-51.46,57,0,132.98,1
Brinjals,Low Country,2026,9,125.64,-17.72,-47.37,50,0,135.6,1
Brinjals,Low Country,2026,10,157.28,7.15,-30.78,43,1,158.96,1
Brinjals,Low Country,2026,11,232.29,67.3,6.35,36,1,189.27,0
Brinjals,Low Country,2026,12,241.88,100.51,15.31,29,1,193.26,0
Brinjals,Low Country,2026,13,141.58,12.68,-30.21,22,1,178.34,1
Brinjals,Low Country,2026,14,97.6,-37.94,-44.9,15,1,151.85,1
Brinjals,Low Country,2026,15,126.33,-45.62,-21.81,8,1,125.3,0
Brinjals,Low Country,2026,16,135.7,-43.9,-11.1,1,1,119.78,0
Brinjals,Low Country,2026,17,119.48,-15.6,-19.8,359,0,142.33,1
Brinjals,Low Country,2026,18,187.81,92.42,23.82,352,0,174.66,0
Brinjals,Low Country,2026,19,255.65,102.37,59.73,345,0,219.81,0
Brinjals,Low Country,2026,20,316.31,133.09,82.09,338,0,278.3,0
Brinjals,Low Country,2026,21,353.41,195.78,84.44,331,0,325.75,0
Brinjals,Low Country,2026,22,377.62,101.07,78.97,324,0,355.66,0
Brinjals,Low Country,2026,23,375.3,46.8,64.77,317,0,343.54,0
Brinjals,Low Country,2026,24,267.82,-15.33,16.19,310,0,305.44,1
Brinjals,Low Country,2026,25,201.04,-43.12,-11.58,303,0,281.38,1
Cabbage,Up Country,2023,1,77.38,,0.0,102,0,67.38,0
Cabbage,Up Country,2023,2,67.38,,-6.91,95,0,61.94,0
Cabbage,Up Country,2023,3,56.5,,-15.78,88,0,55.88,0
Cabbage,Up Country,2023,4,43.75,,-28.57,81,0,54.75,1
Cabbage,Up Country,2023,5,51.39,-33.58,-13.31,74,0,49.82,0
Cabbage,Up Country,2023,6,47.62,-29.31,-16.94,67,0,47.75,1
Cabbage,Up Country,2023,7,48.25,-14.6,-13.9,60,0,49.04,1
Cabbage,Up Country,2023,8,48.89,11.75,-11.34,53,0,50.81,1
Cabbage,Up Country,2023,9,58.47,13.78,5.33,46,0,52.3,0
Cabbage,Up Country,2023,10,53.58,12.51,-3.14,39,1,53.22,0
Cabbage,Up Country,2023,11,51.94,7.66,-5.58,32,1,56.1,1
Cabbage,Up Country,2023,12,60.42,23.58,8.93,25,1,60.31,0
Cabbage,Up Country,2023,13,75.28,28.74,32.09,18,1,67.86,0
Cabbage,Up Country,2023,14,83.8,56.39,45.78,11,1,86.51,1
Cabbage,Up Country,2023,16,126.56,143.65,104.02,363,0,102.66,0
Cabbage,Up Country,2023,17,125.0,106.9,85.72,356,0,116.24,0
Cabbage,Up Country,2023,18,129.58,72.14,75.33,349,0,132.16,1
Cabbage,Up Country,2023,19,147.5,76.02,81.43,342,0,163.49,1
Cabbage,Up Country,2023,20,251.88,99.01,159.63,335,0,206.3,0
Cabbage,Up Country,2023,21,296.25,137.0,155.19,328,0,244.66,0
Cabbage,Up Country,2023,22,283.0,118.39,111.04,321,0,264.34,0
Cabbage,Up Country,2023,23,226.25,53.39,53.91,314,0,242.31,1
Cabbage,Up Country,2023,24,163.75,-34.99,5.32,307,0,208.64,1
Cabbage,Up Country,2023,25,161.56,-45.46,-1.43,300,0,181.35,1
Cabbage,Up Country,2023,26,173.84,-38.57,0.7,293,0,166.93,0
Cabbage,Up Country,2023,27,168.57,-25.49,-6.25,286,0,167.99,0
Cabbage (Kandy),Up Country,2023,1,85.12,,0.0,102,0,64.38,0
Cabbage (Kandy),Up Country,2023,2,64.38,,-13.88,95,0,60.72,0
Cabbage (Kandy),Up Country,2023,3,57.07,,-17.11,88,0,57.2,1
Cabbage (Kandy),Up Country,2023,4,50.14,,-21.87,81,0,52.86,1
Cabbage (Kandy),Up Country,2023,5,39.86,-53.17,-32.8,74,0,47.73,1
Cabbage (Kandy),Up Country,2023,6,43.86,-31.87,-22.7,67,0,44.68,1
Cabbage (Kandy),Up Country,2023,7,44.86,-21.4,-18.5,60,0,42.96,0
Cabbage (Kandy),Up Country,2023,8,43.29,-13.68,-19.2,53,0,44.33,1
Cabbage (Kandy),Up Country,2023,9,45.33,13.74,-13.91,46,0,45.8,1
Cabbage (Kandy),Up Country,2023,10,49.73,13.4,-5.02,39,1,47.09,0
Cabbage (Kandy),Up Country,2023,11,50.0,11.46,-4.12,32,1,48.9,0
Cabbage (Kandy),Up Country,2023,12,50.52,16.72,-2.86,25,1,53.81,1
Cabbage (Kandy),Up Country,2023,13,64.97,43.32,22.57,18,1,59.28,0
Cabbage (Kandy),Up Country,2023,14,71.62,44.01,37.81,11,1,67.98,0
Cabbage (Kandy),Up Country,2023,15,84.82,69.64,58.41,4,1,87.21,1
Cabbage (Kandy),Up Country,2023,16,127.44,152.24,116.16,363,0,101.14,0
Cabbage (Kandy),Up Country,2023,17,120.67,85.72,87.42,356,0,115.07,0
Cabbage (Kandy),Up Country,2023,18,127.36,77.83,79.1,349,0,128.6,1
Cabbage (Kandy),Up Country,2023,19,138.92,63.78,77.13,342,0,147.99,1
Cabbage (Kandy),Up Country,2023,20,205.0,60.86,125.91,335,0,182.95,0
Cabbage (Kandy),Up Country,2023,21,260.53,115.91,142.46,328,0,222.88,0
Cabbage (Kandy),Up Country,2023,22,287.08,125.41,127.75,321,0,256.58,0
Cabbage (Kandy),Up Country,2023,23,273.72,97.04,91.03,314,0,253.01,0
Cabbage (Kandy),Up Country,2023,24,190.7,-6.98,23.75,307,0,229.36,1
Cabbage (Kandy),Up Country,2023,25,165.93,-36.31,1.81,300,0,199.71,1
Cabbage (Kandy),Up Country,2023,26,168.48,-41.31,-1.44,293,0,177.4,1
Cabbage (Kandy),Up Country,2023,27,184.48,-32.6,2.7,286,0,163.68,0
Cabbage (Kandy),Up Country,2023,28,135.83,-28.77,-26.0,279,0,158.37,1
Cabbage (Kandy),Up Country,2023,29,144.7,-12.79,-21.73,272,0,151.56,1
Cabbage (Kandy),Up Country,2023,30,141.22,-16.18,-24.26,265,0,143.95,1
Cabbage (Kandy),Up Country,2023,31,154.05,-16.5,-18.28,258,0,147.57,0
Cabbage (Kandy),Up Country,2023,32,150.31,10.65,-20.64,251,0,145.28,0
Cabbage (Kandy),Up Country,2023,33,135.54,-6.33,-26.36,244,0,142.44,1
Cabbage (Kandy),Up Country,2023,34,129.88,-8.03,-25.35,237,0,130.9,1
Cabbage (Kandy),Up Country,2023,35,107.89,-29.97,-32.66,230,0,114.65,1
Cabbage (Kandy),Up Country,2023,36,85.3,-43.25,-41.46,223,0,98.21,1
Cabbage (Kandy),Up Country,2023,37,69.76,-48.53,-48.86,216,0,81.29,1
Cabbage (Kandy),Up Country,2023,38,62.21,-52.1,-51.56,209,0,71.95,1
Cabbage (Kandy),Up Country,2023,39,70.54,-34.62,-41.66,202,0,68.52,0
Cabbage (Kandy),Up Country,2023,40,71.58,-16.08,-36.21,195,0,69.36,0
Cabbage (Kandy),Up Country,2023,41,73.11,4.8,-31.92,188,0,75.67,1
Cabbage (Kandy),Up Country,2023,42,87.43,40.54,-15.1,181,0,90.33,1
Cabbage (Kandy),Up Country,2023,43,129.2,83.17,26.59,174,0,115.14,0
Cabbage (Kandy),Up Country,2023,44,170.81,138.62,65.27,167,0,140.96,0
Cabbage (Kandy),Up Country,2023,45,176.41,141.29,67.44,160,0,169.52,0
Cabbage (Kandy),Up Country,2023,46,201.67,130.66,82.59,153,0,198.64,0
Cabbage (Kandy),Up Country,2023,47,245.69,90.17,105.85,146,0,231.34,0
Cabbage (Kandy),Up Country,2023,48,301.6,76.57,124.65,139,0,261.7,0
Cabbage (Kandy),Up Country,2023,49,297.86,68.84,97.77,132,0,289.4,0
Cabbage (Kandy),Up Country,2023,50,312.43,54.92,84.57,125,0,306.48,0
Cabbage (Kandy),Up Country,2023,51,314.03,27.81,66.47,118,0,329.46,1
Cabbage (Kandy),Up Country,2023,52,393.54,30.48,84.34,111,0,352.81,0
Cabbage (Kandy),Up Country,2024,1,391.24,31.35,64.33,104,0,381.86,0
Cabbage (Kandy),Up Country,2024,2,428.62,37.19,61.48,97,0,445.12,1
Cabbage (Kandy),Up Country,2024,3,567.08,80.58,87.58,90,0,399.9,0
Cabbage (Kandy),Up Country,2024,29,212.66,-45.96,-31.12,273,0,366.38,1
Cabbage (Kandy),Up Country,2024,30,257.14,-34.28,-18.47,266,0,324.13,1
Cabbage (Kandy),Up Country,2024,31,259.64,-39.42,-19.31,259,0,230.34,0
Cabbage (Kandy),Up Country,2024,32,191.9,-66.16,-40.22,252,0,220.13,1
Cabbage (Kandy),Up Country,2024,33,171.85,-19.19,-45.51,245,0,196.13,1
Cabbage (Kandy),Up Country,2024,34,161.15,-37.33,-47.09,238,0,170.32,1
Cabbage (Kandy),Up Country,2024,35,156.38,-39.77,-46.75,231,0,165.97,1
Cabbage (Kandy),Up Country,2024,36,174.5,-9.07,-38.35,224,0,163.2,0
Cabbage (Kandy),Up Country,2024,37,160.78,-6.44,-40.73,217,0,168.12,1
Cabbage (Kandy),Up Country,2024,38,180.83,12.22,-29.06,210,0,173.94,0
Cabbage (Kandy),Up Country,2024,39,179.64,14.88,-24.72,203,0,162.88,0
Cabbage (Kandy),Up Country,2024,40,130.29,-25.34,-39.59,196,0,146.82,1
Cabbage (Kandy),Up Country,2024,41,96.52,-39.96,-46.22,189,0,125.44,1
Cabbage (Kandy),Up Country,2024,42,95.29,-47.3,-44.1,182,0,104.34,1
Cabbage (Kandy),Up Country,2024,43,95.26,-46.97,-39.71,175,0,93.42,0
Cabbage (Kandy),Up Country,2024,44,86.58,-33.54,-40.16,168,0,87.55,1
Cabbage (Kandy),Up Country,2024,45,73.05,-24.32,-46.11,161,0,84.31,1
Cabbage (Kandy),Up Country,2024,46,82.34,-13.59,-36.0,154,0,78.69,0
Cabbage (Kandy),Up Country,2024,47,72.79,-23.59,-40.27,147,0,80.83,1
Cabbage (Kandy),Up Country,2024,48,95.12,9.86,-18.81,140,0,89.16,0
Cabbage (Kandy),Up Country,2024,49,106.39,45.65,-4.93,133,0,108.53,1
Cabbage (Kandy),Up Country,2024,50,159.81,94.08,42.89,126,0,133.33,0
Cabbage (Kandy),Up Country,2024,51,172.01,136.3,54.74,119,0,144.25,0
Cabbage (Kandy),Up Country,2024,52,138.81,45.93,28.5,112,0,151.63,1
Cabbage (Kandy),Up Country,2025,1,135.89,27.73,25.3,105,0,137.21,1
Cabbage (Kandy),Up Country,2025,35,102.14,-36.08,-6.19,232,0,161.78,1
Cabbage (Kandy),Up Country,2026,1,270.28,57.13,120.92,106,0,183.46,0
Cabbage (Kandy),Up Country,2026,2,225.51,62.46,70.37,99,0,200.6,0
Cabbage (Kandy),Up Country,2026,3,204.46,50.46,44.57,92,0,222.38,1
Cabbage (Kandy),Up Country,2026,4,189.25,85.28,25.86,85,0,204.99,1
Cabbage (Kandy),Up Country,2026,5,200.71,-25.74,25.86,78,0,196.1,0
Cabbage (Kandy),Up Country,2026,6,189.96,-15.77,12.74,71,0,182.43,0
Cabbage (Kandy),Up Country,2026,7,149.8,-26.74,-13.26,64,0,164.56,1
Cabbage (Kandy),Up Country,2026,8,117.76,-37.78,-32.16,57,0,139.84,1
Cabbage (Kandy),Up Country,2026,9,101.84,-49.26,-39.78,50,0,126.41,1
Cabbage (Kandy),Up Country,2026,10,136.25,-28.27,-18.1,43,1,128.14,0
Cabbage (Kandy),Up Country,2026,11,156.73,4.63,-6.56,36,1,128.01,0
Cabbage (Kandy),Up Country,2026,12,117.23,-0.45,-29.51,29,1,127.69,1
Cabbage (Kandy),Up Country,2026,13,100.54,-1.27,-39.5,22,1,118.2,1
Cabbage (Kandy),Up Country,2026,14,98.29,-27.86,-35.74,15,1,102.04,1
Cabbage (Kandy),Up Country,2026,15,92.09,-41.24,-35.46,8,1,97.97,1
Cabbage (Kandy),Up Country,2026,16,100.96,-13.88,-25.06,1,1,96.33,0
Cabbage (Kandy),Up Country,2026,17,93.99,-6.52,-26.22,359,0,95.11,1
Cabbage (Kandy),Up Country,2026,18,93.4,-4.97,-21.6,352,0,97.2,1
Cabbage (Kandy),Up Country,2026,19,100.44,9.07,-10.52,345,0,98.47,0
Cabbage (Kandy),Up Country,2026,20,106.04,5.03,-2.62,338,0,105.6,0
Cabbage (Kandy),Up Country,2026,21,122.5,30.34,12.12,331,0,116.08,0
Cabbage (Kandy),Up Country,2026,22,135.33,44.89,21.02,324,0,130.91,0
Cabbage (Kandy),Up Country,2026,23,159.76,59.06,40.59,317,0,138.5,0
Cabbage (Kandy),Up Country,2026,24,136.4,28.64,21.71,310,0,140.5,1
Cabbage (Kandy),Up Country,2026,25,130.5,6.53,15.39,303,0,142.22,1
Cabbage (N'Eliya),Up Country,2023,1,104.29,,0.0,102,0,80.36,0
Cabbage (N'Eliya),Up Country,2023,2,80.36,,-12.96,95,0,77.88,0
Cabbage (N'Eliya),Up Country,2023,3,75.4,,-13.02,88,0,72.49,0
Cabbage (N'Eliya),Up Country,2023,4,61.72,,-23.27,81,0,66.46,1
Cabbage (N'Eliya),Up Country,2023,5,48.35,-53.63,-34.68,74,0,60.17,1
Cabbage (N'Eliya),Up Country,2023,6,55.19,-31.32,-22.14,67,0,55.88,1
Cabbage (N'Eliya),Up Country,2023,7,58.24,-22.75,-15.69,60,0,54.63,0
Cabbage (N'Eliya),Up Country,2023,8,56.71,-8.11,-16.02,53,0,57.76,1
Cabbage (N'Eliya),Up Country,2023,9,60.9,25.96,-8.82,46,0,59.32,0
Cabbage (N'Eliya),Up Country,2023,10,61.43,11.31,-7.28,39,1,59.39,0
Cabbage (N'Eliya),Up Country,2023,11,58.5,0.44,-10.76,32,1,60.35,1
Cabbage (N'Eliya),Up Country,2023,12,60.57,6.8,-7.01,25,1,65.52,1
Cabbage (N'Eliya),Up Country,2023,13,81.57,33.93,22.84,18,1,71.95,0
Cabbage (N'Eliya),Up Country,2023,14,87.17,41.9,33.93,11,1,80.33,0
Cabbage (N'Eliya),Up Country,2023,15,92.0,57.26,39.43,4,1,100.63,1
Cabbage (N'Eliya),Up Country,2023,16,141.77,134.06,99.43,363,0,114.65,0
Cabbage (N'Eliya),Up Country,2023,17,137.64,68.74,78.92,356,0,126.53,0
Cabbage (N'Eliya),Up Country,2023,18,134.72,54.54,61.2,349,0,139.28,1
Cabbage (N'Eliya),Up Country,2023,19,142.98,55.41,58.29,342,0,159.96,1
Cabbage (N'Eliya),Up Country,2023,20,224.5,58.35,117.72,335,0,194.58,0
Cabbage (N'Eliya),Up Country,2023,21,276.13,100.61,130.12,328,0,239.22,0
Cabbage (N'Eliya),Up Country,2023,22,313.26,132.52,124.71,321,0,277.75,0
Cabbage (N'Eliya),Up Country,2023,23,297.12,107.81,88.61,314,0,268.36,0
Cabbage (N'Eliya),Up Country,2023,24,186.94,-16.73,11.66,307,0,241.58,1
Cabbage (N'Eliya),Up Country,2023,25,168.99,-38.8,-3.85,300,0,208.03,1
Cabbage (N'Eliya),Up Country,2023,26,179.08,-42.83,-2.28,293,0,183.54,1
Cabbage (N'Eliya),Up Country,2023,27,199.16,-32.97,3.8,286,0,173.95,0
Cabbage (N'Eliya),Up Country,2023,28,148.59,-20.52,-24.28,279,0,171.7,1
Cabbage (N'Eliya),Up Country,2023,29,159.96,-5.34,-19.06,272,0,164.63,1
Cabbage (N'Eliya),Up Country,2023,30,150.81,-15.79,-24.08,265,0,157.75,1
Cabbage (N'Eliya),Up Country,2023,31,171.63,-13.82,-14.81,258,0,161.5,0
Cabbage (N'Eliya),Up Country,2023,32,163.61,10.11,-19.43,251,0,158.62,0
Cabbage (N'Eliya),Up Country,2023,33,148.41,-7.22,-24.74,244,0,156.26,1
Cabbage (N'Eliya),Up Country,2023,34,141.39,-6.25,-24.33,237,0,143.4,1
Cabbage (N'Eliya),Up Country,2023,35,120.19,-29.97,-30.12,230,0,126.45,1
Cabbage (N'Eliya),Up Country,2023,36,95.79,-41.45,-38.79,223,0,109.15,1
Cabbage (N'Eliya),Up Country,2023,37,79.25,-46.6,-46.53,216,0,91.56,1
Cabbage (N'Eliya),Up Country,2023,38,70.99,-49.79,-49.54,209,0,81.58,1
Cabbage (N'Eliya),Up Country,2023,39,80.28,-33.21,-39.68,202,0,78.64,0
Cabbage (N'Eliya),Up Country,2023,40,84.05,-12.26,-32.34,195,0,79.76,0
Cabbage (N'Eliya),Up Country,2023,41,83.73,5.66,-29.78,188,0,87.88,1
Cabbage (N'Eliya),Up Country,2023,42,103.45,45.72,-9.96,181,0,104.87,1
Cabbage (N'Eliya),Up Country,2023,43,148.27,84.69,29.27,174,0,133.1,0
Cabbage (N'Eliya),Up Country,2023,44,196.94,134.32,68.84,167,0,162.95,0
Cabbage (N'Eliya),Up Country,2023,45,203.15,142.63,69.74,160,0,193.16,0
Cabbage (N'Eliya),Up Country,2023,46,224.29,116.8,78.68,153,0,221.05,0
Cabbage (N'Eliya),Up Country,2023,47,259.8,75.23,92.98,146,0,252.14,0
Cabbage (N'Eliya),Up Country,2023,48,321.31,63.15,114.07,139,0,284.27,0
Cabbage (N'Eliya),Up Country,2023,49,331.69,63.27,97.14,132,0,315.99,0
Cabbage (N'Eliya),Up Country,2023,50,351.15,56.56,85.64,125,0,337.84,0
Cabbage (N'Eliya),Up Country,2023,51,347.22,33.65,65.02,118,0,366.06,1
Cabbage (N'Eliya),Up Country,2023,52,434.18,35.13,82.71,111,0,389.75,0
Cabbage (N'Eliya),Up Country,2024,1,426.45,28.57,61.55,104,0,417.61,0
Cabbage (N'Eliya),Up Country,2024,2,462.58,31.73,57.82,97,0,481.77,1
Cabbage (N'Eliya),Up Country,2024,3,603.89,73.92,82.11,90,0,432.16,0
Cabbage (N'Eliya),Up Country,2024,29,235.72,-45.71,-30.33,273,0,395.96,1
Cabbage (N'Eliya),Up Country,2024,30,281.66,-33.95,-18.33,266,0,350.59,1
Cabbage (N'Eliya),Up Country,2024,31,281.1,-39.23,-19.88,259,0,258.32,0
Cabbage (N'Eliya),Up Country,2024,32,234.8,-61.12,-33.23,252,0,249.09,1
Cabbage (N'Eliya),Up Country,2024,33,198.83,-15.65,-42.7,245,0,220.5,1
Cabbage (N'Eliya),Up Country,2024,34,167.28,-40.61,-50.08,238,0,188.0,1
Cabbage (N'Eliya),Up Country,2024,35,151.11,-46.24,-52.96,231,0,175.91,1
Cabbage (N'Eliya),Up Country,2024,36,186.43,-20.6,-39.58,224,0,168.9,0
Cabbage (N'Eliya),Up Country,2024,37,170.77,-14.11,-42.11,217,0,173.85,1
Cabbage (N'Eliya),Up Country,2024,38,187.1,11.85,-32.2,210,0,186.77,0
Cabbage (N'Eliya),Up Country,2024,39,202.8,34.21,-21.63,203,0,176.04,0
Cabbage (N'Eliya),Up Country,2024,40,143.5,-23.02,-38.73,196,0,161.01,1
Cabbage (N'Eliya),Up Country,2024,41,110.62,-35.22,-43.64,189,0,139.42,1
Cabbage (N'Eliya),Up Country,2024,42,100.77,-46.14,-45.8,182,0,113.06,1
Cabbage (N'Eliya),Up Country,2024,43,97.35,-52.0,-43.31,175,0,99.42,1
Cabbage (N'Eliya),Up Country,2024,44,88.93,-38.03,-43.34,168,0,93.38,1
Cabbage (N'Eliya),Up Country,2024,45,86.47,-21.83,-40.58,161,0,90.57,1
Cabbage (N'Eliya),Up Country,2024,46,89.54,-11.14,-34.7,154,0,87.06,0
Cabbage (N'Eliya),Up Country,2024,47,83.3,-14.43,-36.25,147,0,90.45,1
Cabbage (N'Eliya),Up Country,2024,48,102.5,15.26,-19.25,140,0,100.17,0
Cabbage (N'Eliya),Up Country,2024,49,125.32,44.93,2.53,133,0,119.4,0
Cabbage (N'Eliya),Up Country,2024,50,166.47,85.91,36.56,126,0,143.29,0
Cabbage (N'Eliya),Up Country,2024,51,178.88,114.75,47.51,119,0,154.89,0
Cabbage (N'Eliya),Up Country,2024,52,148.88,45.25,27.12,112,0,169.49,1
Cabbage (N'Eliya),Up Country,2025,1,183.75,46.62,52.85,105,0,149.13,0
Cabbage (N'Eliya),Up Country,2025,35,85.0,-48.94,-28.11,232,0,176.18,1
Cabbage (N'Eliya),Up Country,2026,1,287.08,60.49,116.54,106,0,196.47,0
Cabbage (N'Eliya),Up Country,2026,2,230.06,54.53,61.13,99,0,203.37,0
Cabbage (N'Eliya),Up Country,2026,3,211.32,15.0,38.85,92,0,234.5,1
Cabbage (N'Eliya),Up Country,2026,4,209.52,146.5,29.6,85,0,220.28,1
Cabbage (N'Eliya),Up Country,2026,5,230.21,-19.81,33.47,78,0,211.19,0
Cabbage (N'Eliya),Up Country,2026,6,193.69,-15.81,7.03,71,0,190.31,0
Cabbage (N'Eliya),Up Country,2026,7,127.8,-39.52,-30.14,64,0,167.79,1
Cabbage (N'Eliya),Up Country,2026,8,119.46,-42.98,-34.53,57,0,134.69,1
Cabbage (N'Eliya),Up Country,2026,9,97.83,-57.5,-44.79,50,0,120.3,1
Cabbage (N'Eliya),Up Country,2026,10,136.12,-29.72,-21.72,43,1,124.96,0
Cabbage (N'Eliya),Up Country,2026,11,146.43,14.58,-15.71,36,1,122.68,0
Cabbage (N'Eliya),Up Country,2026,12,110.36,-7.62,-34.34,29,1,123.35,1
Cabbage (N'Eliya),Up Country,2026,13,100.48,2.71,-40.64,22,1,113.08,1
Cabbage (N'Eliya),Up Country,2026,14,95.07,-30.16,-38.46,15,1,100.55,1
Cabbage (N'Eliya),Up Country,2026,15,96.31,-34.23,-33.21,8,1,98.2,1
Cabbage (N'Eliya),Up Country,2026,16,100.94,-8.54,-25.62,1,1,95.33,0
Cabbage (N'Eliya),Up Country,2026,17,88.99,-11.43,-29.62,359,0,92.24,1
Cabbage (N'Eliya),Up Country,2026,18,82.71,-13.0,-28.14,352,0,88.69,1
Cabbage (N'Eliya),Up Country,2026,19,82.11,-14.74,-22.9,345,0,87.53,1
Cabbage (N'Eliya),Up Country,2026,20,96.31,-4.58,-7.47,338,0,96.58,1
Cabbage (N'Eliya),Up Country,2026,21,125.18,40.67,19.76,331,0,107.13,0
Cabbage (N'Eliya),Up Country,2026,22,124.92,51.03,17.17,324,0,122.08,0
Cabbage (N'Eliya),Up Country,2026,23,141.9,72.82,32.55,317,0,129.79,0
Cabbage (N'Eliya),Up Country,2026,24,127.14,32.01,20.43,310,0,130.2,1
Cabbage (N'Eliya),Up Country,2026,25,126.83,1.32,18.72,303,0,131.96,1
Capsicum,Low Country,2023,1,657.61,,0.0,102,0,660.94,1
Capsicum,Low Country,2023,2,660.94,,0.25,95,0,663.39,1
Capsicum,Low Country,2023,3,665.85,,0.66,88,0,655.32,0
Capsicum,Low Country,2023,4,639.17,,-2.55,81,0,648.11,1
Capsicum,Low Country,2023,5,626.5,-4.73,-3.62,74,0,602.63,0
Capsicum,Low Country,2023,6,479.0,-27.53,-22.93,67,0,553.86,1
Capsicum,Low Country,2023,7,470.79,-29.3,-21.53,60,0,510.16,1
Capsicum,Low Country,2023,8,464.37,-27.35,-20.35,53,0,459.99,0
Capsicum,Low Country,2023,9,425.79,-32.04,-24.71,46,0,425.5,0
Capsicum,Low Country,2023,10,341.05,-28.8,-37.2,39,1,384.15,1
Capsicum,Low Country,2023,11,305.4,-35.13,-41.44,32,1,340.44,1
Capsicum,Low Country,2023,12,289.5,-37.66,-42.35,25,1,307.97,1
Capsicum,Low Country,2023,13,295.93,-30.5,-39.15,18,1,303.86,1
Capsicum,Low Country,2023,14,324.63,-4.82,-29.53,11,1,338.35,1
Capsicum,Low Country,2023,15,443.33,45.17,-0.14,4,1,366.03,0
Capsicum,Low Country,2023,16,400.23,38.25,-5.5,363,0,362.86,0
Capsicum,Low Country,2023,17,283.25,-4.28,-28.5,356,0,349.7,1
Capsicum,Low Country,2023,18,271.99,-16.21,-26.26,349,0,318.87,1
Capsicum,Low Country,2023,19,320.0,-27.82,-10.27,342,0,313.47,0
Capsicum,Low Country,2023,20,378.65,-5.39,8.33,335,0,347.32,0
Capsicum,Low Country,2023,21,418.64,47.8,20.98,328,0,389.03,0
Capsicum,Low Country,2023,22,438.82,61.33,26.45,321,0,404.02,0
Capsicum,Low Country,2023,23,379.97,18.74,8.55,314,0,386.38,1
Capsicum,Low Country,2023,24,308.09,-18.63,-12.03,307,0,358.21,1
Capsicum,Low Country,2023,25,305.94,-26.92,-12.96,300,0,330.26,1
Capsicum,Low Country,2023,26,327.03,-25.47,-7.59,293,0,324.73,0
Capsicum,Low Country,2023,27,357.84,-5.82,0.39,286,0,334.29,0
Capsicum,Low Country,2023,28,346.36,12.42,-0.75,279,0,338.76,0
Capsicum,Low Country,2023,29,323.81,5.84,-5.62,272,0,337.77,1
Capsicum,Low Country,2023,30,323.07,-1.21,-6.67,265,0,324.19,1
Capsicum,Low Country,2023,31,303.51,-15.18,-12.93,258,0,302.6,0
Capsicum,Low Country,2023,32,260.0,-24.93,-24.41,251,0,276.82,1
Capsicum,Low Country,2023,33,220.71,-31.84,-33.49,244,0,246.91,1
Capsicum,Low Country,2023,34,203.41,-37.04,-35.48,237,0,224.99,1
Capsicum,Low Country,2023,35,215.83,-28.89,-27.6,230,0,211.3,0
Capsicum,Low Country,2023,36,205.24,-21.06,-27.91,223,0,213.72,1
Capsicum,Low Country,2023,37,230.4,4.39,-17.33,216,0,222.33,0
Capsicum,Low Country,2023,38,237.86,16.93,-13.02,209,0,229.58,0
Capsicum,Low Country,2023,39,244.81,13.43,-8.36,202,0,237.71,0
Capsicum,Low Country,2023,40,237.78,15.85,-7.8,195,0,246.58,1
Capsicum,Low Country,2023,41,265.87,15.4,5.62,188,0,259.66,0
Capsicum,Low Country,2023,42,290.16,21.99,16.47,181,0,294.53,1
Capsicum,Low Country,2023,43,384.31,56.98,51.4,174,0,356.53,0
Capsicum,Low Country,2023,44,485.79,104.31,81.36,167,0,416.08,0
Capsicum,Low Country,2023,45,504.04,89.58,75.85,160,0,488.12,0
Capsicum,Low Country,2023,46,578.33,99.32,84.1,153,0,538.51,0
Capsicum,Low Country,2023,47,585.88,52.45,70.53,146,0,566.55,0
Capsicum,Low Country,2023,48,597.95,23.09,60.33,139,0,583.44,0
Capsicum,Low Country,2023,49,571.59,13.4,42.49,132,0,561.22,0
Capsicum,Low Country,2023,50,489.44,-15.37,16.24,125,0,526.27,1
Capsicum,Low Country,2023,51,446.11,-23.86,2.07,118,0,520.36,1
Capsicum,Low Country,2023,52,574.31,-3.95,24.19,111,0,526.74,0
Capsicum,Low Country,2024,1,597.09,4.46,21.84,104,0,564.64,0
Capsicum,Low Country,2024,2,641.03,30.97,23.53,97,0,650.19,1
Capsicum,Low Country,2024,3,788.33,76.71,41.47,90,0,721.96,0
Capsicum,Low Country,2024,4,861.37,49.98,45.03,83,0,811.85,0
Capsicum,Low Country,2024,5,956.68,60.22,51.81,76,0,877.67,0
Capsicum,Low Country,2024,6,904.3,41.07,36.82,69,0,870.17,0
Capsicum,Low Country,2024,7,758.35,-3.8,12.38,62,0,808.25,1
Capsicum,Low Country,2024,8,613.66,-28.76,-9.35,55,0,682.76,1
Capsicum,Low Country,2024,9,454.73,-52.47,-31.71,48,0,559.41,1
Capsicum,Low Country,2024,10,410.87,-54.56,-37.13,41,1,490.43,1
Capsicum,Low Country,2024,11,482.46,-36.38,-26.12,34,1,448.97,0
Capsicum,Low Country,2024,12,447.8,-27.03,-31.44,27,1,427.45,0
Capsicum,Low Country,2024,13,368.68,-18.92,-42.15,20,1,408.82,1
Capsicum,Low Country,2024,14,336.35,-18.14,-45.51,13,1,384.18,1
Capsicum,Low Country,2024,15,383.89,-20.43,-35.75,6,1,354.94,0
Capsicum,Low Country,2024,16,330.85,-26.12,-41.16,364,0,315.94,0
Capsicum,Low Country,2024,17,212.66,-42.32,-58.5,357,0,278.39,1
Capsicum,Low Country,2024,18,186.17,-44.65,-58.91,350,0,224.97,1
Capsicum,Low Country,2024,19,170.19,-55.67,-57.09,343,0,185.82,1
Capsicum,Low Country,2024,20,174.25,-47.33,-50.46,336,0,183.83,1
Capsicum,Low Country,2024,21,204.71,-3.74,-36.08,329,0,209.32,1
Capsicum,Low Country,2024,22,288.12,54.76,-6.29,322,0,269.66,0
Capsicum,Low Country,2024,23,411.58,141.83,33.84,315,0,339.99,0
Capsicum,Low Country,2024,24,455.55,161.44,49.14,308,0,436.32,0
Capsicum,Low Country,2024,25,590.02,188.23,86.49,301,0,522.51,0
Capsicum,Low Country,2024,26,632.9,119.66,87.96,294,0,573.02,0
Capsicum,Low Country,2024,27,613.61,49.09,71.38,287,0,623.3,1
Capsicum,Low Country,2024,28,656.68,44.15,73.26,280,0,648.47,0
Capsicum,Low Country,2024,29,690.69,17.06,69.83,273,0,687.65,0
Capsicum,Low Country,2024,30,789.63,24.76,75.05,266,0,744.95,0
Capsicum,Low Country,2024,31,842.82,37.35,68.03,259,0,754.23,0
Capsicum,Low Country,2024,32,693.78,5.65,28.03,252,0,722.52,1
Capsicum,Low Country,2024,33,563.84,-18.37,-1.4,245,0,642.81,1
Capsicum,Low Country,2024,34,470.8,-40.38,-20.51,238,0,552.61,1
Capsicum,Low Country,2024,35,482.02,-42.81,-20.62,231,0,488.89,1
Capsicum,Low Country,2024,36,438.88,-36.74,-27.97,224,0,448.55,1
Capsicum,Low Country,2024,37,402.48,-28.62,-33.5,217,0,433.13,1
Capsicum,Low Country,2024,38,409.12,-13.1,-30.81,210,0,418.73,1
Capsicum,Low Country,2024,39,424.43,-11.95,-26.22,203,0,416.38,0
Capsicum,Low Country,2024,40,429.48,-2.14,-23.46,196,0,429.7,1
Capsicum,Low Country,2024,41,455.75,13.23,-16.48,189,0,448.9,0
Capsicum,Low Country,2024,42,485.93,18.77,-8.3,182,0,476.37,0
Capsicum,Low Country,2024,43,534.32,25.89,4.71,175,0,490.21,0
Capsicum,Low Country,2024,44,484.87,12.9,0.44,168,0,499.54,1
Capsicum,Low Country,2024,45,493.05,8.19,5.51,161,0,501.64,1
Capsicum,Low Country,2024,46,494.33,1.73,7.01,154,0,491.04,0
Capsicum,Low Country,2024,47,491.9,-7.94,6.11,147,0,506.55,1
Capsicum,Low Country,2024,48,546.92,12.8,16.72,140,0,545.66,0
Capsicum,Low Country,2024,49,649.49,31.73,33.98,133,0,597.72,0
Capsicum,Low Country,2024,50,702.56,42.12,38.34,126,0,637.13,0
Capsicum,Low Country,2024,51,649.54,32.05,23.4,119,0,674.3,1
Capsicum,Low Country,2024,52,695.61,27.19,27.12,112,0,680.08,0
Capsicum,Low Country,2025,1,672.6,3.56,18.85,105,0,577.36,0
Capsicum,Low Country,2025,35,291.67,-58.49,-47.29,232,0,693.58,1
Capsicum,Low Country,2026,1,1114.44,71.57,85.23,106,0,701.86,0
Capsicum,Low Country,2026,2,728.72,4.76,18.19,99,0,691.45,0
Capsicum,Low Country,2026,3,630.97,-6.19,0.5,92,0,784.98,1
Capsicum,Low Country,2026,4,665.78,128.27,3.85,85,0,696.36,1
Capsicum,Low Country,2026,5,759.98,-31.81,14.88,78,0,685.43,0
Capsicum,Low Country,2026,6,684.97,-6.0,1.27,71,0,661.11,0
Capsicum,Low Country,2026,7,533.72,-15.41,-20.98,64,0,609.61,1
Capsicum,Low Country,2026,8,459.79,-30.94,-30.42,57,0,499.17,1
Capsicum,Low Country,2026,9,318.21,-58.13,-49.59,50,0,394.81,1
Capsicum,Low Country,2026,10,267.51,-60.94,-55.55,43,1,327.87,1
Capsicum,Low Country,2026,11,265.98,-50.17,-53.24,36,1,271.05,1
Capsicum,Low Country,2026,12,232.48,-49.44,-56.54,29,1,231.23,0
Capsicum,Low Country,2026,13,158.96,-50.04,-69.71,22,1,212.16,1
Capsicum,Low Country,2026,14,191.21,-28.52,-57.86,15,1,211.57,1
Capsicum,Low Country,2026,15,263.63,-0.88,-36.92,8,1,233.53,0
Capsicum,Low Country,2026,16,320.32,37.78,-18.71,1,1,254.91,0
Capsicum,Low Country,2026,17,244.48,53.79,-32.4,359,0,277.06,1
Capsicum,Low Country,2026,18,279.79,46.32,-13.83,352,0,287.72,1
Capsicum,Low Country,2026,19,306.31,16.19,3.63,345,0,304.05,0
Capsicum,Low Country,2026,20,385.62,20.38,35.7,338,0,374.03,0
Capsicum,Low Country,2026,21,524.39,114.5,81.36,331,0,429.93,0
Capsicum,Low Country,2026,22,503.39,79.92,65.92,324,0,462.88,0
Capsicum,Low Country,2026,23,438.13,43.03,38.42,317,0,446.9,1
Capsicum,Low Country,2026,24,321.69,-16.58,0.28,310,0,408.55,1
Capsicum,Low Country,2026,25,370.99,-29.25,11.93,303,0,376.94,1
Carrot,Up Country,2023,1,188.39,,0.0,102,0,159.57,0
Carrot,Up Country,2023,2,159.57,,-8.28,95,0,152.23,0
Carrot,Up Country,2023,3,144.89,,-11.81,88,0,143.96,0
Carrot,Up Country,2023,4,127.42,,-17.83,81,0,135.57,1
Carrot,Up Country,2023,5,110.4,-41.4,-24.46,74,0,123.93,1
Carrot,Up Country,2023,6,113.01,-29.18,-19.63,67,0,119.64,1
Carrot,Up Country,2023,7,127.74,-11.84,-7.95,60,0,118.64,0
Carrot,Up Country,2023,8,123.41,-3.15,-9.82,53,0,118.57,0
Carrot,Up Country,2023,9,110.13,-0.24,-17.74,46,0,117.22,1
Carrot,Up Country,2023,10,107.62,-4.78,-18.01,39,1,109.32,1
Carrot,Up Country,2023,11,96.12,-24.76,-24.95,32,1,101.51,1
Carrot,Up Country,2023,12,92.17,-25.31,-26.3,25,1,100.92,1
Carrot,Up Country,2023,13,107.77,-2.14,-12.91,18,1,99.47,0
Carrot,Up Country,2023,14,101.83,-5.38,-13.03,11,1,101.3,0
Carrot,Up Country,2023,15,103.44,7.62,-8.27,4,1,115.71,1
Carrot,Up Country,2023,16,149.79,62.51,32.39,363,0,121.35,0
Carrot,Up Country,2023,17,130.36,20.96,14.99,356,0,129.26,0
Carrot,Up Country,2023,18,133.44,31.05,15.89,349,0,137.25,1
Carrot,Up Country,2023,19,135.41,30.91,15.87,342,0,162.57,1
Carrot,Up Country,2023,20,251.07,67.61,98.71,335,0,200.36,0
Carrot,Up Country,2023,21,281.53,115.97,103.25,328,0,246.01,0
Carrot,Up Country,2023,22,316.02,136.83,104.74,321,0,289.1,0
Carrot,Up Country,2023,23,307.78,127.3,81.32,314,0,302.67,0
Carrot,Up Country,2023,24,305.36,21.62,64.31,307,0,315.69,1
Carrot,Up Country,2023,25,333.6,18.5,63.2,300,0,332.47,0
Carrot,Up Country,2023,26,383.13,21.24,69.83,293,0,355.36,0
Carrot,Up Country,2023,27,399.35,29.75,60.71,286,0,365.1,0
Carrot,Up Country,2023,28,344.32,12.76,28.95,279,0,382.43,1
Carrot,Up Country,2023,29,402.94,20.78,40.65,272,0,391.0,0
Carrot,Up Country,2023,30,417.41,8.95,35.27,265,0,393.76,0
Carrot,Up Country,2023,31,410.38,2.76,24.41,258,0,405.79,0
Carrot,Up Country,2023,32,392.46,13.98,12.25,251,0,395.22,1
Carrot,Up Country,2023,33,360.63,-10.5,0.72,244,0,367.22,1
Carrot,Up Country,2023,34,305.4,-26.83,-15.15,237,0,328.42,1
Carrot,Up Country,2023,35,255.2,-37.81,-28.16,230,0,282.59,1
Carrot,Up Country,2023,36,209.13,-46.71,-39.84,223,0,236.32,1
Carrot,Up Country,2023,37,175.56,-51.32,-48.01,216,0,196.72,1
Carrot,Up Country,2023,38,146.98,-51.87,-54.54,209,0,171.16,1
Carrot,Up Country,2023,39,152.96,-40.06,-49.95,202,0,164.23,1
Carrot,Up Country,2023,40,181.43,-13.24,-37.18,195,0,159.95,0
Carrot,Up Country,2023,41,158.41,-9.76,-42.3,188,0,167.49,1
Carrot,Up Country,2023,42,177.14,20.52,-31.12,181,0,183.51,1
Carrot,Up Country,2023,43,217.05,41.9,-10.22,174,0,202.24,0
Carrot,Up Country,2023,44,256.35,41.29,11.5,167,0,227.74,0
Carrot,Up Country,2023,45,260.41,64.39,18.51,160,0,263.02,1
Carrot,Up Country,2023,46,318.25,79.66,47.01,153,0,281.82,0
Carrot,Up Country,2023,47,292.25,34.64,35.63,146,0,296.18,1
Carrot,Up Country,2023,48,313.79,22.41,42.65,139,0,309.79,0
Carrot,Up Country,2023,49,314.88,20.92,38.04,132,0,319.5,1
Carrot,Up Country,2023,50,357.06,12.19,47.5,125,0,347.82,0
Carrot,Up Country,2023,51,405.56,38.77,54.81,118,0,421.21,1
Carrot,Up Country,2023,52,607.35,93.55,104.55,111,0,502.97,0
Carrot,Up Country,2024,1,641.9,103.86,93.15,104,0,642.65,1
Carrot,Up Country,2024,2,915.79,156.48,134.46,97,0,911.49,0
Carrot,Up Country,2024,3,1480.93,265.16,201.68,90,0,843.4,0
Carrot,Up Country,2024,29,334.96,-44.85,-33.0,273,0,767.4,1
Carrot,Up Country,2024,30,337.93,-47.36,-33.25,266,0,609.77,1
Carrot,Up Country,2024,31,285.27,-68.85,-43.86,259,0,291.02,1
Carrot,Up Country,2024,32,205.94,-86.09,-58.77,252,0,261.36,1
Carrot,Up Country,2024,33,216.3,-35.42,-56.18,245,0,224.13,1
Carrot,Up Country,2024,34,188.99,-44.07,-60.96,238,0,198.0,1
Carrot,Up Country,2024,35,180.78,-36.63,-61.84,231,0,193.56,1
Carrot,Up Country,2024,36,188.17,-8.63,-59.16,224,0,178.12,0
Carrot,Up Country,2024,37,154.53,-28.56,-65.0,217,0,170.11,1
Carrot,Up Country,2024,38,156.97,-16.94,-61.41,210,0,162.34,1
Carrot,Up Country,2024,39,149.68,-17.2,-59.43,203,0,139.53,0
Carrot,Up Country,2024,40,96.93,-48.49,-68.32,196,0,123.03,1
Carrot,Up Country,2024,41,88.52,-42.71,-55.48,189,0,105.42,1
Carrot,Up Country,2024,42,86.53,-44.87,-51.86,182,0,89.9,1
Carrot,Up Country,2024,43,87.59,-41.48,-45.42,175,0,86.82,0
Carrot,Up Country,2024,44,84.64,-12.68,-41.64,168,0,85.24,1
Carrot,Up Country,2024,45,82.19,-7.15,-39.35,161,0,92.49,1
Carrot,Up Country,2024,46,115.53,33.51,-9.58,154,0,94.46,0
Carrot,Up Country,2024,47,95.46,8.98,-20.84,147,0,106.97,1
Carrot,Up Country,2024,48,134.68,59.12,15.08,140,0,121.98,0
Carrot,Up Country,2024,49,142.24,73.06,25.32,133,0,133.2,0
Carrot,Up Country,2024,50,160.44,38.87,40.79,126,0,146.86,0
Carrot,Up Country,2024,51,150.06,57.2,32.3,119,0,161.15,1
Carrot,Up Country,2024,52,191.85,42.44,64.44,112,0,187.07,0
Carrot,Up Country,2025,1,245.94,72.9,91.95,105,0,206.49,0
Carrot,Up Country,2025,35,238.12,48.42,70.53,232,0,256.21,1
Carrot,Up Country,2026,1,348.92,132.52,118.32,106,0,302.38,0
Carrot,Up Country,2026,2,376.52,96.26,106.83,99,0,328.64,0
Carrot,Up Country,2026,3,350.98,42.71,73.3,92,0,346.5,0
Carrot,Up Country,2026,4,309.58,30.01,40.7,85,0,337.65,1
Carrot,Up Country,2026,5,313.51,-10.15,33.26,78,0,314.7,1
Carrot,Up Country,2026,6,284.71,-24.39,13.97,71,0,288.36,1
Carrot,Up Country,2026,7,245.62,-30.02,-4.92,64,0,271.17,1
Carrot,Up Country,2026,8,240.84,-22.21,-9.44,57,0,248.31,1
Carrot,Up Country,2026,9,222.06,-29.17,-17.96,50,0,244.95,1
Carrot,Up Country,2026,10,271.28,-4.72,-3.11,43,1,252.74,0
Carrot,Up Country,2026,11,276.78,12.68,-3.4,36,1,263.39,0
Carrot,Up Country,2026,12,283.45,17.69,-2.06,29,1,284.63,1
Carrot,Up Country,2026,13,307.01,38.26,4.17,22,1,292.65,0
Carrot,Up Country,2026,14,303.34,11.82,4.17,15,1,295.6,0
Carrot,Up Country,2026,15,288.59,4.27,1.46,8,1,296.75,1
Carrot,Up Country,2026,16,288.06,1.62,3.02,1,1,287.78,0
Carrot,Up Country,2026,17,271.11,-11.69,-2.0,359,0,269.68,0
Carrot,Up Country,2026,18,230.97,-23.86,-14.55,352,0,253.89,1
Carrot,Up Country,2026,19,225.41,-21.89,-15.18,345,0,235.27,1
Carrot,Up Country,2026,20,213.57,-25.86,-18.88,338,0,239.46,1
Carrot,Up Country,2026,21,287.91,6.2,7.88,331,0,260.77,0
Carrot,Up Country,2026,22,316.19,36.9,15.35,324,0,299.15,0
Carrot,Up Country,2026,23,378.91,68.1,34.17,317,0,329.3,0
Carrot,Up Country,2026,24,334.18,56.47,16.51,310,0,336.68,1
Carrot,Up Country,2026,25,317.43,10.25,9.67,303,0,343.51,1
Cowpea,Grocery/Staple,2023,1,1310.0,,0.0,102,0,1290.75,0
Cowpea,Grocery/Staple,2023,2,1290.75,,-0.74,95,0,1279.97,0
Cowpea,Grocery/Staple,2023,3,1269.2,,-1.61,88,0,1239.32,0
Cowpea,Grocery/Staple,2023,4,1158.0,,-7.87,81,0,1190.49,1
Cowpea,Grocery/Staple,2023,5,1044.0,-20.31,-14.03,74,0,1123.65,1
Cowpea,Grocery/Staple,2023,6,1023.4,-20.71,-13.46,67,0,1057.95,1
Cowpea,Grocery/Staple,2023,7,1006.4,-20.71,-13.05,60,0,1002.35,0
Cowpea,Grocery/Staple,2023,8,935.6,-19.21,-17.18,53,0,966.75,1
Cowpea,Grocery/Staple,2023,9,901.6,-13.64,-18.36,46,0,912.78,1
Cowpea,Grocery/Staple,2023,10,807.5,-21.1,-24.86,39,1,866.58,1
Cowpea,Grocery/Staple,2023,11,821.6,-18.36,-21.87,32,1,825.38,1
Cowpea,Grocery/Staple,2023,12,770.8,-17.61,-25.04,25,1,785.88,1
Cowpea,Grocery/Staple,2023,13,743.6,-17.52,-26.11,18,1,751.67,1
Cowpea,Grocery/Staple,2023,14,670.67,-16.95,-29.93,11,1,705.77,1
Cowpea,Grocery/Staple,2023,15,638.0,-22.35,-29.65,4,1,671.07,1
Cowpea,Grocery/Staple,2023,16,632.0,-18.01,-26.33,363,0,641.32,1
Cowpea,Grocery/Staple,2023,17,624.6,-16.0,-23.54,356,0,623.82,0
Cowpea,Grocery/Staple,2023,18,600.67,-10.44,-23.27,349,0,624.32,1
Cowpea,Grocery/Staple,2023,19,640.0,0.31,-15.04,342,0,639.02,0
Cowpea,Grocery/Staple,2023,20,690.8,9.3,-5.24,335,0,659.27,0
Cowpea,Grocery/Staple,2023,21,705.6,12.97,-0.81,328,0,682.55,0
Cowpea,Grocery/Staple,2023,22,693.8,15.5,-0.22,321,0,687.25,0
Cowpea,Grocery/Staple,2023,23,658.8,2.94,-3.67,314,0,679.85,1
Cowpea,Grocery/Staple,2023,24,661.2,-4.28,-1.55,307,0,668.3,1
Cowpea,Grocery/Staple,2023,25,659.4,-6.55,-0.54,300,0,655.22,0
Cowpea,Grocery/Staple,2023,26,641.5,-7.54,-2.08,293,0,654.28,1
Cowpea,Grocery/Staple,2023,27,655.0,-0.58,0.16,286,0,658.58,1
Cowpea,Grocery/Staple,2023,28,678.4,2.6,3.25,279,0,679.72,1
Cowpea,Grocery/Staple,2023,29,744.0,12.83,11.77,272,0,716.85,0
Cowpea,Grocery/Staple,2023,30,790.0,23.15,16.45,265,0,769.97,0
Cowpea,Grocery/Staple,2023,31,867.5,32.44,24.12,258,0,818.88,0
Cowpea,Grocery/Staple,2023,32,874.0,28.83,21.91,251,0,855.38,0
Cowpea,Grocery/Staple,2023,33,890.0,19.62,21.54,244,0,881.98,0
Cowpea,Grocery/Staple,2023,34,896.4,13.47,20.01,237,0,893.85,0
Cowpea,Grocery/Staple,2023,35,915.0,5.48,19.77,230,0,902.35,0
Cowpea,Grocery/Staple,2023,36,908.0,3.89,15.95,223,0,902.15,0
Cowpea,Grocery/Staple,2023,37,889.2,-0.09,11.06,216,0,903.95,1
Cowpea,Grocery/Staple,2023,38,903.6,0.8,10.27,209,0,904.7,1
Cowpea,Grocery/Staple,2023,39,918.0,0.33,9.19,202,0,910.9,0
Cowpea,Grocery/Staple,2023,40,932.8,2.73,8.2,195,0,923.6,0
Cowpea,Grocery/Staple,2023,41,940.0,5.71,6.55,188,0,935.2,0
Cowpea,Grocery/Staple,2023,42,950.0,5.14,5.79,181,0,943.7,0
Cowpea,Grocery/Staple,2023,43,952.0,3.7,4.56,174,0,948.0,0
Cowpea,Grocery/Staple,2023,44,950.0,1.84,3.62,167,0,950.5,1
Cowpea,Grocery/Staple,2023,45,950.0,1.06,2.96,160,0,951.6,1
Cowpea,Grocery/Staple,2023,46,954.4,0.46,2.88,153,0,952.12,0
Cowpea,Grocery/Staple,2023,47,954.1,0.22,2.36,146,0,953.79,0
Cowpea,Grocery/Staple,2023,48,956.67,0.7,2.29,139,0,961.59,1
Cowpea,Grocery/Staple,2023,49,981.2,3.28,4.28,132,0,986.49,1
Cowpea,Grocery/Staple,2023,50,1054.0,10.44,10.53,125,0,1025.47,0
Cowpea,Grocery/Staple,2023,51,1110.0,16.34,14.5,118,0,1063.8,0
Cowpea,Grocery/Staple,2023,52,1110.0,16.03,12.78,111,0,1089.75,0
Cowpea,Grocery/Staple,2024,3,1085.0,10.58,8.94,90,0,1107.5,1
Cowpea,Grocery/Staple,2024,4,1125.0,6.74,11.37,83,0,1094.0,0
Cowpea,Grocery/Staple,2024,5,1056.0,-4.86,3.7,76,0,1062.5,1
Cowpea,Grocery/Staple,2024,6,984.0,-11.35,-3.6,69,0,1011.75,1
Cowpea,Grocery/Staple,2024,7,882.0,-18.71,-13.15,62,0,936.12,1
Cowpea,Grocery/Staple,2024,8,822.5,-26.89,-18.22,55,0,864.62,1
Cowpea,Grocery/Staple,2024,9,770.0,-27.08,-22.35,48,0,821.75,1
Cowpea,Grocery/Staple,2024,10,812.5,-17.43,-17.15,41,1,794.25,0
Cowpea,Grocery/Staple,2024,11,772.0,-12.47,-20.12,34,1,777.62,1
Cowpea,Grocery/Staple,2024,12,756.0,-8.09,-20.35,27,1,776.38,1
Cowpea,Grocery/Staple,2024,13,765.0,-0.65,-17.47,20,1,758.25,0
Cowpea,Grocery/Staple,2024,14,740.0,-8.92,-17.64,13,1,742.75,1
Cowpea,Grocery/Staple,2024,15,710.0,-8.03,-18.17,6,1,729.38,1
Cowpea,Grocery/Staple,2024,16,702.5,-7.08,-16.2,364,0,708.12,1
Cowpea,Grocery/Staple,2024,17,680.0,-11.11,-15.43,357,0,718.12,1
Cowpea,Grocery/Staple,2024,20,780.0,5.41,-0.36,336,0,733.96,0
Cowpea,Grocery/Staple,2024,21,773.33,8.92,0.88,329,0,753.83,0
Cowpea,Grocery/Staple,2024,22,782.0,11.32,3.04,322,0,788.83,1
Cowpea,Grocery/Staple,2024,23,820.0,20.59,8.08,315,0,798.83,0
Cowpea,Grocery/Staple,2024,24,820.0,5.13,7.53,308,0,809.58,0
Cowpea,Grocery/Staple,2024,25,816.33,5.56,7.01,301,0,809.58,0
Cowpea,Grocery/Staple,2024,26,782.0,0.0,2.41,294,0,802.08,1
Cowpea,Grocery/Staple,2024,27,790.0,-3.66,3.1,287,0,796.58,1
Cowpea,Grocery/Staple,2024,28,798.0,-2.68,3.8,280,0,788.0,0
Cowpea,Grocery/Staple,2024,29,782.0,-4.21,1.29,273,0,791.0,1
Cowpea,Grocery/Staple,2024,30,794.0,1.53,1.99,266,0,800.5,1
Cowpea,Grocery/Staple,2024,31,828.0,4.81,5.06,259,0,797.5,0
Cowpea,Grocery/Staple,2024,32,786.0,-1.5,-1.29,252,0,799.0,1
Cowpea,Grocery/Staple,2024,33,788.0,0.77,-1.12,245,0,795.5,1
Cowpea,Grocery/Staple,2024,34,780.0,-1.76,-2.18,238,0,780.7,1
Cowpea,Grocery/Staple,2024,35,768.8,-7.15,-3.46,231,0,778.1,1
Cowpea,Grocery/Staple,2024,36,775.6,-1.32,-2.19,224,0,769.54,0
Cowpea,Grocery/Staple,2024,37,753.75,-4.35,-4.33,217,0,762.04,1
Cowpea,Grocery/Staple,2024,38,750.0,-3.85,-4.19,210,0,756.09,1
Cowpea,Grocery/Staple,2024,39,745.0,-3.1,-4.48,203,0,739.19,0
Cowpea,Grocery/Staple,2024,40,708.0,-8.72,-8.48,196,0,723.3,1
Cowpea,Grocery/Staple,2024,41,690.2,-8.43,-9.82,189,0,695.18,1
Cowpea,Grocery/Staple,2024,42,637.5,-15.0,-15.48,182,0,669.42,1
Cowpea,Grocery/Staple,2024,43,642.0,-13.83,-13.54,175,0,642.43,1
Cowpea,Grocery/Staple,2024,44,600.0,-15.25,-17.24,168,0,621.12,1
Cowpea,Grocery/Staple,2024,45,605.0,-12.34,-14.92,161,0,611.75,1
Cowpea,Grocery/Staple,2024,46,600.0,-5.88,-13.87,154,0,598.45,0
Cowpea,Grocery/Staple,2024,47,588.8,-8.29,-13.65,147,0,588.45,0
Cowpea,Grocery/Staple,2024,48,560.0,-6.67,-15.9,140,0,576.7,1
Cowpea,Grocery/Staple,2024,49,558.0,-7.77,-14.03,133,0,567.1,1
Cowpea,Grocery/Staple,2024,50,561.6,-6.4,-11.46,126,0,559.9,0
Cowpea,Grocery/Staple,2024,51,560.0,-4.89,-9.63,119,0,561.03,1
Cowpea,Grocery/Staple,2024,52,564.5,0.8,-6.82,112,0,561.53,0
Cowpea,Grocery/Staple,2025,1,560.0,0.36,-5.79,105,0,614.88,1
Cowpea,Grocery/Staple,2025,35,775.0,38.0,28.96,232,0,668.62,0
Cowpea,Grocery/Staple,2026,1,775.0,38.39,26.73,106,0,721.25,0
Cowpea,Grocery/Staple,2026,2,775.0,37.29,24.65,99,0,766.67,0
Cowpea,Grocery/Staple,2026,3,741.67,32.44,17.23,92,0,766.67,1
Cowpea,Grocery/Staple,2026,4,775.0,0.0,20.02,85,0,753.79,0
Cowpea,Grocery/Staple,2026,5,723.5,-6.65,10.42,78,0,747.54,1
Cowpea,Grocery/Staple,2026,6,750.0,-3.23,12.34,71,0,744.62,0
Cowpea,Grocery/Staple,2026,7,730.0,-1.57,7.24,64,0,733.38,1
Cowpea,Grocery/Staple,2026,8,730.0,-5.81,5.2,57,0,738.75,1
Cowpea,Grocery/Staple,2026,9,745.0,2.97,5.22,50,0,737.5,0
Cowpea,Grocery/Staple,2026,10,745.0,-0.67,3.15,43,1,738.75,0
Cowpea,Grocery/Staple,2026,11,735.0,0.68,-0.05,36,1,736.31,1
Cowpea,Grocery/Staple,2026,12,720.25,-1.34,-3.67,29,1,731.81,1
Cowpea,Grocery/Staple,2026,13,727.0,-2.42,-2.29,22,1,735.15,1
Cowpea,Grocery/Staple,2026,14,758.33,1.79,2.1,15,1,738.4,0
Cowpea,Grocery/Staple,2026,15,748.0,1.77,0.99,8,1,742.08,0
Cowpea,Grocery/Staple,2026,17,735.0,2.05,-0.7,359,0,754.08,1
Cowpea,Grocery/Staple,2026,18,775.0,6.6,4.71,352,0,758.25,0
Cowpea,Grocery/Staple,2026,19,775.0,2.2,4.15,345,0,765.0,0
Cowpea,Grocery/Staple,2026,20,775.0,3.61,3.88,338,0,775.0,0
Cowpea,Grocery/Staple,2026,21,775.0,5.44,3.4,331,0,775.0,0
Cowpea,Grocery/Staple,2026,22,775.0,0.0,2.93,324,0,767.0,0
Cowpea,Grocery/Staple,2026,23,743.0,-4.13,-1.3,317,0,754.5,1
Cowpea,Grocery/Staple,2026,24,725.0,-6.45,-3.5,310,0,734.0,1
Cowpea,Grocery/Staple,2026,25,693.0,-10.58,-7.36,303,0,720.33,1
Cucumber,Low Country,2023,1,92.86,,0.0,102,0,96.6,1
Cucumber,Low Country,2023,2,96.6,,1.97,95,0,98.02,1
Cucumber,Low Country,2023,3,99.43,,3.26,88,0,97.75,0
Cucumber,Low Country,2023,4,97.2,,0.7,81,0,100.7,1
Cucumber,Low Country,2023,5,109.56,17.98,10.52,74,0,105.98,0
Cucumber,Low Country,2023,6,117.74,21.88,15.17,67,0,114.02,0
Cucumber,Low Country,2023,7,131.58,32.33,23.63,60,0,118.92,0
Cucumber,Low Country,2023,8,116.79,20.15,8.42,53,0,114.42,0
Cucumber,Low Country,2023,9,91.58,-16.42,-13.55,46,0,101.23,1
Cucumber,Low Country,2023,10,64.97,-44.82,-36.2,39,1,81.42,1
Cucumber,Low Country,2023,11,52.37,-60.2,-46.2,32,1,63.66,1
Cucumber,Low Country,2023,12,45.73,-60.84,-50.84,25,1,52.08,1
Cucumber,Low Country,2023,13,45.24,-50.6,-49.38,18,1,46.41,1
Cucumber,Low Country,2023,14,42.3,-34.89,-50.51,11,1,47.42,1
Cucumber,Low Country,2023,15,56.41,7.72,-31.53,4,1,47.1,0
Cucumber,Low Country,2023,16,44.45,-2.81,-43.12,363,0,49.62,1
Cucumber,Low Country,2023,17,55.31,22.28,-26.17,356,0,56.97,1
Cucumber,Low Country,2023,18,71.71,69.54,-0.42,349,0,65.09,0
Cucumber,Low Country,2023,19,88.91,57.62,27.39,342,0,76.48,0
Cucumber,Low Country,2023,20,90.01,102.49,35.15,335,0,78.57,0
Cucumber,Low Country,2023,21,63.65,15.07,1.82,328,0,76.07,1
Cucumber,Low Country,2023,22,61.71,-13.95,2.48,321,0,71.83,1
Cucumber,Low Country,2023,23,71.96,-19.07,18.45,314,0,72.64,1
Cucumber,Low Country,2023,24,93.23,3.59,45.92,307,0,78.42,0
Cucumber,Low Country,2023,25,86.79,36.35,29.43,300,0,85.44,0
Cucumber,Low Country,2023,26,89.78,45.49,27.38,293,0,83.63,0
Cucumber,Low Country,2023,27,64.72,-10.06,-10.36,286,0,73.15,1
Cucumber,Low Country,2023,28,51.33,-44.94,-28.52,279,0,62.65,1
Cucumber,Low Country,2023,29,44.78,-48.41,-37.67,272,0,51.15,1
Cucumber,Low Country,2023,30,43.76,-51.26,-38.32,265,0,46.54,1
Cucumber,Low Country,2023,31,46.3,-28.46,-32.89,258,0,46.93,1
Cucumber,Low Country,2023,32,52.9,3.06,-20.12,251,0,51.45,0
Cucumber,Low Country,2023,33,62.86,40.38,-1.99,244,0,59.25,0
Cucumber,Low Country,2023,34,74.96,71.3,15.31,237,0,67.47,0
Cucumber,Low Country,2023,35,79.15,70.95,19.3,230,0,71.38,0
Cucumber,Low Country,2023,36,68.57,29.62,3.76,223,0,74.94,1
Cucumber,Low Country,2023,37,77.1,22.66,18.9,216,0,75.52,0
Cucumber,Low Country,2023,38,77.28,3.1,20.53,209,0,75.27,0
Cucumber,Low Country,2023,39,78.12,-1.3,23.58,202,0,75.06,0
Cucumber,Low Country,2023,40,67.72,-1.24,6.74,195,0,73.6,1
Cucumber,Low Country,2023,41,71.29,-7.53,9.71,188,0,71.81,1
Cucumber,Low Country,2023,42,70.09,-9.3,4.72,181,0,72.68,1
Cucumber,Low Country,2023,43,81.61,4.46,16.85,174,0,77.75,0
Cucumber,Low Country,2023,44,87.99,29.93,20.45,167,0,82.09,0
Cucumber,Low Country,2023,45,88.65,24.35,16.96,160,0,90.52,1
Cucumber,Low Country,2023,46,103.85,48.16,31.53,153,0,103.47,0
Cucumber,Low Country,2023,47,133.39,63.45,59.85,146,0,116.19,0
Cucumber,Low Country,2023,48,138.88,57.83,57.74,139,0,120.42,0
Cucumber,Low Country,2023,49,105.56,19.07,16.15,132,0,118.68,1
Cucumber,Low Country,2023,50,96.88,-6.71,4.83,125,0,109.14,1
Cucumber,Low Country,2023,51,95.27,-28.58,1.57,118,0,99.89,1
Cucumber,Low Country,2023,52,101.86,-26.65,6.53,111,0,93.98,0
Cucumber,Low Country,2024,1,81.92,-22.4,-15.29,104,0,88.91,1
Cucumber,Low Country,2024,2,76.61,-20.92,-21.12,97,0,85.86,1
Cucumber,Low Country,2024,3,83.04,-12.84,-15.37,90,0,78.71,0
Cucumber,Low Country,2024,4,73.28,-28.06,-24.82,83,0,76.8,1
Cucumber,Low Country,2024,5,74.29,-9.32,-22.96,76,0,74.61,1
Cucumber,Low Country,2024,6,67.84,-11.44,-28.45,69,0,73.31,1
Cucumber,Low Country,2024,7,77.83,-6.27,-16.15,62,0,74.25,0
Cucumber,Low Country,2024,8,77.05,5.15,-12.92,55,0,73.89,0
Cucumber,Low Country,2024,9,72.81,-1.98,-12.7,48,0,72.47,0
Cucumber,Low Country,2024,10,62.19,-8.34,-22.33,41,1,66.92,1
Cucumber,Low Country,2024,11,55.62,-28.53,-27.66,34,1,58.8,1
Cucumber,Low Country,2024,12,44.59,-42.13,-38.91,27,1,50.26,1
Cucumber,Low Country,2024,13,38.64,-46.94,-43.29,20,1,45.04,1
Cucumber,Low Country,2024,14,41.29,-33.6,-36.48,13,1,50.68,1
Cucumber,Low Country,2024,15,78.2,40.59,20.07,6,1,60.32,0
Cucumber,Low Country,2024,16,83.14,86.46,27.65,364,0,75.48,0
Cucumber,Low Country,2024,17,99.3,156.99,47.9,357,0,95.73,0
Cucumber,Low Country,2024,18,122.29,196.13,72.64,350,0,106.99,0
Cucumber,Low Country,2024,19,123.22,57.57,64.1,343,0,113.0,0
Cucumber,Low Country,2024,20,107.18,28.91,38.57,336,0,117.44,1
Cucumber,Low Country,2024,21,117.08,17.91,45.58,329,0,114.5,0
Cucumber,Low Country,2024,22,110.5,-9.64,32.61,322,0,107.98,0
Cucumber,Low Country,2024,23,97.14,-21.17,12.94,315,0,104.82,1
Cucumber,Low Country,2024,24,94.55,-11.78,6.23,308,0,100.89,1
Cucumber,Low Country,2024,25,101.37,-13.42,8.56,301,0,94.56,0
Cucumber,Low Country,2024,26,85.19,-22.9,-12.14,294,0,91.56,1
Cucumber,Low Country,2024,27,85.11,-12.38,-15.17,287,0,88.65,1
Cucumber,Low Country,2024,28,82.93,-12.3,-17.64,280,0,81.06,0
Cucumber,Low Country,2024,29,71.02,-29.94,-28.81,273,0,73.81,1
Cucumber,Low Country,2024,30,56.18,-34.06,-41.75,266,0,62.77,1
Cucumber,Low Country,2024,31,40.98,-51.86,-54.57,259,0,51.66,1
Cucumber,Low Country,2024,32,38.48,-53.59,-54.01,252,0,43.99,1
Cucumber,Low Country,2024,33,40.35,-43.19,-48.62,245,0,41.24,1
Cucumber,Low Country,2024,34,45.14,-19.64,-38.16,238,0,46.22,1
Cucumber,Low Country,2024,35,60.91,48.66,-11.95,231,0,51.19,0
Cucumber,Low Country,2024,36,58.36,51.66,-11.84,224,0,56.56,0
Cucumber,Low Country,2024,37,61.84,53.28,-2.89,217,0,64.31,1
Cucumber,Low Country,2024,38,76.12,68.62,23.29,210,0,69.83,0
Cucumber,Low Country,2024,39,83.0,36.26,34.8,203,0,74.56,0
Cucumber,Low Country,2024,40,77.29,32.42,26.77,196,0,77.01,0
Cucumber,Low Country,2024,41,71.64,15.85,19.2,189,0,73.63,1
Cucumber,Low Country,2024,42,62.58,-17.78,5.27,182,0,69.84,1
Cucumber,Low Country,2024,43,67.85,-18.25,12.43,175,0,69.39,1
Cucumber,Low Country,2024,44,75.51,-2.3,19.84,168,0,72.98,0
Cucumber,Low Country,2024,45,85.99,20.02,29.0,161,0,88.86,1
Cucumber,Low Country,2024,46,126.1,101.5,72.14,154,0,106.68,0
Cucumber,Low Country,2024,47,139.12,105.05,72.85,147,0,119.31,0
Cucumber,Low Country,2024,48,126.01,66.89,47.4,140,0,134.05,1
Cucumber,Low Country,2024,49,144.95,68.57,57.29,133,0,136.76,0
Cucumber,Low Country,2024,50,136.95,8.61,39.85,126,0,127.09,0
Cucumber,Low Country,2024,51,100.43,-27.81,0.63,119,0,123.76,1
Cucumber,Low Country,2024,52,112.72,-10.55,10.42,112,0,118.31,1
Cucumber,Low Country,2025,1,123.12,-15.06,16.58,105,0,123.6,1
Cucumber,Low Country,2025,35,158.12,15.46,40.85,232,0,128.57,0
Cucumber,Low Country,2026,1,120.33,19.82,3.1,106,0,125.73,1
Cucumber,Low Country,2026,2,101.33,-10.11,-15.05,99,0,125.3,1
Cucumber,Low Country,2026,3,121.42,-1.38,-1.13,92,0,111.57,0
Cucumber,Low Country,2026,4,103.21,-34.73,-16.86,85,0,95.37,0
Cucumber,Low Country,2026,5,55.53,-53.85,-53.22,78,0,79.09,1
Cucumber,Low Country,2026,6,36.18,-64.29,-67.35,71,0,58.43,1
Cucumber,Low Country,2026,7,38.8,-68.05,-62.72,64,0,43.78,1
Cucumber,Low Country,2026,8,44.6,-56.79,-53.72,57,0,41.04,0
Cucumber,Low Country,2026,9,44.57,-19.74,-50.06,50,0,45.81,1
Cucumber,Low Country,2026,10,55.28,52.79,-35.56,43,1,50.3,0
Cucumber,Low Country,2026,11,56.74,46.24,-30.36,36,1,54.47,0
Cucumber,Low Country,2026,12,61.3,37.45,-20.1,29,1,60.68,0
Cucumber,Low Country,2026,13,69.42,55.74,-0.69,22,1,64.67,0
Cucumber,Low Country,2026,14,71.21,28.82,7.69,15,1,74.22,1
Cucumber,Low Country,2026,15,94.93,67.3,44.64,8,1,80.08,0
Cucumber,Low Country,2026,16,84.77,38.27,34.95,1,1,86.72,1
Cucumber,Low Country,2026,17,95.96,38.24,54.15,359,0,103.07,1
Cucumber,Low Country,2026,18,136.62,91.86,99.48,352,0,121.72,0
Cucumber,Low Country,2026,19,169.53,78.59,115.28,345,0,141.04,0
Cucumber,Low Country,2026,20,162.03,91.15,83.65,338,0,155.94,0
Cucumber,Low Country,2026,21,155.58,62.12,60.78,331,0,159.52,1
Cucumber,Low Country,2026,22,150.93,10.47,43.82,324,0,149.79,0
Cucumber,Low Country,2026,23,130.64,-22.94,17.97,317,0,137.63,1
Cucumber,Low Country,2026,24,113.37,-30.03,-1.5,310,0,124.81,1
Cucumber,Low Country,2026,25,104.3,-32.96,-11.91,303,0,116.11,1
Dried Chillies - Imported,Grocery/Staple,2023,1,1387.0,,0.0,102,0,1355.0,0
Dried Chillies - Imported,Grocery/Staple,2023,2,1355.0,,-1.17,95,0,1337.3,0
Dried Chillies - Imported,Grocery/Staple,2023,3,1319.6,,-2.53,88,0,1331.4,1
Dried Chillies - Imported,Grocery/Staple,2023,4,1319.6,,-1.91,81,0,1312.8,0
Dried Chillies - Imported,Grocery/Staple,2023,5,1257.0,-9.37,-5.32,74,0,1277.0,1
Dried Chillies - Imported,Grocery/Staple,2023,6,1211.8,-10.57,-7.38,67,0,1252.2,1
Dried Chillies - Imported,Grocery/Staple,2023,7,1220.4,-7.52,-5.82,60,0,1216.8,0
Dried Chillies - Imported,Grocery/Staple,2023,8,1178.0,-10.73,-8.04,53,0,1170.35,0
Dried Chillies - Imported,Grocery/Staple,2023,9,1071.2,-14.78,-14.83,46,0,1129.03,1
Dried Chillies - Imported,Grocery/Staple,2023,10,1046.5,-13.64,-15.37,39,1,1082.03,1
Dried Chillies - Imported,Grocery/Staple,2023,11,1032.4,-15.4,-15.24,32,1,1067.03,1
Dried Chillies - Imported,Grocery/Staple,2023,12,1118.0,-5.09,-7.58,25,1,1056.92,0
Dried Chillies - Imported,Grocery/Staple,2023,13,1030.8,-3.77,-13.81,18,1,1056.3,1
Dried Chillies - Imported,Grocery/Staple,2023,14,1044.0,-0.24,-10.74,11,1,1060.2,1
Dried Chillies - Imported,Grocery/Staple,2023,15,1048.0,1.51,-8.55,4,1,1051.85,1
Dried Chillies - Imported,Grocery/Staple,2023,16,1084.6,-2.99,-3.84,363,0,1067.95,0
Dried Chillies - Imported,Grocery/Staple,2023,17,1095.2,6.25,-1.39,356,0,1080.12,0
Dried Chillies - Imported,Grocery/Staple,2023,18,1092.67,4.66,-0.48,349,0,1089.67,0
Dried Chillies - Imported,Grocery/Staple,2023,19,1086.2,3.65,-0.19,342,0,1079.22,0
Dried Chillies - Imported,Grocery/Staple,2023,20,1042.8,-3.85,-2.96,335,0,1056.72,1
Dried Chillies - Imported,Grocery/Staple,2023,21,1005.2,-8.22,-5.29,328,0,1029.2,1
Dried Chillies - Imported,Grocery/Staple,2023,22,982.6,-10.07,-6.82,321,0,993.25,1
Dried Chillies - Imported,Grocery/Staple,2023,23,942.4,-13.24,-9.95,314,0,973.55,1
Dried Chillies - Imported,Grocery/Staple,2023,24,964.0,-7.56,-7.42,307,0,960.25,0
Dried Chillies - Imported,Grocery/Staple,2023,25,952.0,-5.29,-7.44,300,0,971.35,1
Dried Chillies - Imported,Grocery/Staple,2023,26,1027.0,4.52,-0.12,293,0,1015.0,0
Dried Chillies - Imported,Grocery/Staple,2023,27,1117.0,18.53,8.05,286,0,1050.9,0
Dried Chillies - Imported,Grocery/Staple,2023,28,1107.6,14.9,6.66,279,0,1084.6,0
Dried Chillies - Imported,Grocery/Staple,2023,29,1086.8,14.16,4.64,272,0,1098.65,1
Dried Chillies - Imported,Grocery/Staple,2023,30,1083.2,5.47,4.39,265,0,1086.9,1
Dried Chillies - Imported,Grocery/Staple,2023,31,1070.0,-4.21,3.29,258,0,1071.0,1
Dried Chillies - Imported,Grocery/Staple,2023,32,1044.0,-5.74,1.1,251,0,1058.6,1
Dried Chillies - Imported,Grocery/Staple,2023,33,1037.2,-4.56,0.48,244,0,1045.3,1
Dried Chillies - Imported,Grocery/Staple,2023,34,1030.0,-4.91,-0.4,237,0,1035.3,1
Dried Chillies - Imported,Grocery/Staple,2023,35,1030.0,-3.74,-0.75,230,0,1021.3,0
Dried Chillies - Imported,Grocery/Staple,2023,36,988.0,-5.36,-5.12,223,0,1017.0,1
Dried Chillies - Imported,Grocery/Staple,2023,37,1020.0,-1.66,-2.45,216,0,1014.5,0
Dried Chillies - Imported,Grocery/Staple,2023,38,1020.0,-0.97,-2.93,209,0,1012.0,0
Dried Chillies - Imported,Grocery/Staple,2023,39,1020.0,-0.97,-2.88,202,0,1020.0,0
Dried Chillies - Imported,Grocery/Staple,2023,40,1020.0,3.24,-2.19,195,0,1025.0,1
Dried Chillies - Imported,Grocery/Staple,2023,41,1040.0,1.96,0.23,188,0,1025.0,0
Dried Chillies - Imported,Grocery/Staple,2023,42,1020.0,0.0,-1.21,181,0,1026.0,1
Dried Chillies - Imported,Grocery/Staple,2023,43,1024.0,0.39,-0.38,174,0,1026.0,1
Dried Chillies - Imported,Grocery/Staple,2023,44,1020.0,0.0,-0.4,167,0,1021.0,1
Dried Chillies - Imported,Grocery/Staple,2023,45,1020.0,-1.92,-0.22,160,0,1021.0,1
Dried Chillies - Imported,Grocery/Staple,2023,46,1020.0,0.0,-0.09,153,0,1024.8,1
Dried Chillies - Imported,Grocery/Staple,2023,47,1039.2,1.48,1.72,146,0,1027.3,0
Dried Chillies - Imported,Grocery/Staple,2023,48,1030.0,0.98,0.82,139,0,1029.4,0
Dried Chillies - Imported,Grocery/Staple,2023,49,1028.4,0.82,0.36,132,0,1036.4,1
Dried Chillies - Imported,Grocery/Staple,2023,50,1048.0,2.75,2.06,125,0,1041.6,0
Dried Chillies - Imported,Grocery/Staple,2023,51,1060.0,2.0,2.92,118,0,1047.43,0
Dried Chillies - Imported,Grocery/Staple,2023,52,1053.33,2.27,2.01,111,0,1048.33,0
Dried Chillies - Imported,Grocery/Staple,2024,1,1032.0,0.35,-0.14,104,0,1041.93,1
Dried Chillies - Imported,Grocery/Staple,2024,2,1022.4,-2.44,-0.94,97,0,1019.43,0
Dried Chillies - Imported,Grocery/Staple,2024,3,970.0,-8.49,-5.67,90,0,987.97,1
Dried Chillies - Imported,Grocery/Staple,2024,4,927.5,-11.95,-9.14,83,0,964.68,1
Dried Chillies - Imported,Grocery/Staple,2024,5,938.8,-9.03,-7.47,76,0,936.58,0
Dried Chillies - Imported,Grocery/Staple,2024,6,910.0,-10.99,-9.55,69,0,918.08,1
Dried Chillies - Imported,Grocery/Staple,2024,7,896.0,-7.63,-10.09,62,0,898.08,1
Dried Chillies - Imported,Grocery/Staple,2024,8,847.5,-8.63,-13.68,55,0,878.38,1
Dried Chillies - Imported,Grocery/Staple,2024,9,860.0,-8.39,-11.23,48,0,865.88,1
Dried Chillies - Imported,Grocery/Staple,2024,10,860.0,-5.49,-10.02,41,1,851.88,0
Dried Chillies - Imported,Grocery/Staple,2024,11,840.0,-6.25,-10.62,34,1,838.0,0
Dried Chillies - Imported,Grocery/Staple,2024,12,792.0,-6.55,-13.84,27,1,824.25,1
Dried Chillies - Imported,Grocery/Staple,2024,13,805.0,-6.4,-10.56,20,1,782.75,0
Dried Chillies - Imported,Grocery/Staple,2024,14,694.0,-19.3,-20.6,13,1,737.75,1
Dried Chillies - Imported,Grocery/Staple,2024,15,660.0,-21.43,-22.01,6,1,704.75,1
Dried Chillies - Imported,Grocery/Staple,2024,16,660.0,-16.67,-19.74,364,0,671.0,1
Dried Chillies - Imported,Grocery/Staple,2024,17,670.0,-16.77,-16.52,357,0,671.25,1
Dried Chillies - Imported,Grocery/Staple,2024,18,695.0,0.14,-11.33,350,0,687.5,0
Dried Chillies - Imported,Grocery/Staple,2024,19,725.0,9.85,-5.79,343,0,714.5,0
Dried Chillies - Imported,Grocery/Staple,2024,20,768.0,16.36,1.09,336,0,747.83,0
Dried Chillies - Imported,Grocery/Staple,2024,21,803.33,19.9,6.21,329,0,766.58,0
Dried Chillies - Imported,Grocery/Staple,2024,22,770.0,10.79,2.75,322,0,777.93,1
Dried Chillies - Imported,Grocery/Staple,2024,23,770.4,6.26,3.76,315,0,772.43,1
Dried Chillies - Imported,Grocery/Staple,2024,24,746.0,-2.86,1.46,308,0,758.27,1
Dried Chillies - Imported,Grocery/Staple,2024,25,746.67,-7.05,2.03,301,0,750.77,1
Dried Chillies - Imported,Grocery/Staple,2024,26,740.0,-3.9,1.82,294,0,743.17,1
Dried Chillies - Imported,Grocery/Staple,2024,27,740.0,-3.95,1.32,287,0,741.67,1
Dried Chillies - Imported,Grocery/Staple,2024,28,740.0,-0.8,0.48,280,0,745.5,1
Dried Chillies - Imported,Grocery/Staple,2024,29,762.0,2.05,2.37,273,0,747.5,0
Dried Chillies - Imported,Grocery/Staple,2024,30,748.0,1.08,-0.31,266,0,747.5,0
Dried Chillies - Imported,Grocery/Staple,2024,31,740.0,0.0,-1.83,259,0,747.5,1
Dried Chillies - Imported,Grocery/Staple,2024,32,740.0,0.0,-1.98,252,0,742.0,1
Dried Chillies - Imported,Grocery/Staple,2024,33,740.0,-2.89,-1.7,245,0,740.0,0
Dried Chillies - Imported,Grocery/Staple,2024,34,740.0,-1.07,-1.06,238,0,740.6,1
Dried Chillies - Imported,Grocery/Staple,2024,35,742.4,0.32,-0.46,231,0,733.1,0
Dried Chillies - Imported,Grocery/Staple,2024,36,710.0,-4.05,-4.2,224,0,725.6,1
Dried Chillies - Imported,Grocery/Staple,2024,37,710.0,-4.05,-3.84,217,0,713.93,1
Dried Chillies - Imported,Grocery/Staple,2024,38,693.33,-6.31,-5.58,210,0,703.33,1
Dried Chillies - Imported,Grocery/Staple,2024,39,700.0,-5.71,-4.27,203,0,705.83,1
Dried Chillies - Imported,Grocery/Staple,2024,40,720.0,1.41,-1.33,196,0,706.83,0
Dried Chillies - Imported,Grocery/Staple,2024,41,714.0,0.56,-1.88,189,0,707.88,0
Dried Chillies - Imported,Grocery/Staple,2024,42,697.5,0.6,-3.49,182,0,710.38,1
Dried Chillies - Imported,Grocery/Staple,2024,43,710.0,1.43,-1.36,175,0,705.38,0
Dried Chillies - Imported,Grocery/Staple,2024,44,700.0,-2.78,-2.33,168,0,695.88,0
Dried Chillies - Imported,Grocery/Staple,2024,45,676.0,-5.32,-5.03,161,0,689.0,1
Dried Chillies - Imported,Grocery/Staple,2024,46,670.0,-3.94,-5.15,154,0,679.0,1
Dried Chillies - Imported,Grocery/Staple,2024,47,670.0,-5.63,-4.42,147,0,671.5,1
Dried Chillies - Imported,Grocery/Staple,2024,48,670.0,-4.29,-3.66,140,0,671.5,1
Dried Chillies - Imported,Grocery/Staple,2024,49,676.0,0.0,-2.43,133,0,676.0,0
Dried Chillies - Imported,Grocery/Staple,2024,50,688.0,2.69,-0.45,126,0,686.0,0
Dried Chillies - Imported,Grocery/Staple,2024,51,710.0,5.97,2.54,119,0,696.75,0
Dried Chillies - Imported,Grocery/Staple,2024,52,713.0,6.42,2.82,112,0,705.25,0
Dried Chillies - Imported,Grocery/Staple,2025,1,710.0,5.03,2.5,105,0,764.5,1
Dried Chillies - Imported,Grocery/Staple,2025,35,925.0,34.45,30.49,232,0,780.75,0
Dried Chillies - Imported,Grocery/Staple,2026,1,775.0,9.15,8.41,106,0,795.25,1
Dried Chillies - Imported,Grocery/Staple,2026,2,771.0,8.13,7.15,99,0,808.58,1
Dried Chillies - Imported,Grocery/Staple,2026,3,763.33,7.51,5.37,92,0,761.83,0
Dried Chillies - Imported,Grocery/Staple,2026,4,738.0,-20.22,1.21,85,0,768.21,1
Dried Chillies - Imported,Grocery/Staple,2026,5,800.5,3.29,8.29,78,0,777.02,0
Dried Chillies - Imported,Grocery/Staple,2026,6,806.25,4.57,7.54,71,0,799.94,0
Dried Chillies - Imported,Grocery/Staple,2026,7,855.0,12.01,11.92,64,0,836.81,0
Dried Chillies - Imported,Grocery/Staple,2026,8,885.5,19.99,13.52,57,0,861.44,0
Dried Chillies - Imported,Grocery/Staple,2026,9,899.0,12.3,12.9,50,0,891.12,0
Dried Chillies - Imported,Grocery/Staple,2026,10,925.0,14.73,13.8,43,1,896.12,0
Dried Chillies - Imported,Grocery/Staple,2026,11,875.0,2.34,6.03,36,1,893.12,1
Dried Chillies - Imported,Grocery/Staple,2026,12,873.5,-1.36,4.25,29,1,908.88,1
Dried Chillies - Imported,Grocery/Staple,2026,13,962.0,7.01,14.43,22,1,921.38,0
Dried Chillies - Imported,Grocery/Staple,2026,14,975.0,5.41,13.89,15,1,944.38,0
Dried Chillies - Imported,Grocery/Staple,2026,15,967.0,10.51,11.0,8,1,961.75,0
Dried Chillies - Imported,Grocery/Staple,2026,17,943.0,7.96,6.56,359,0,955.0,1
Dried Chillies - Imported,Grocery/Staple,2026,18,935.0,-2.81,3.87,352,0,943.25,1
Dried Chillies - Imported,Grocery/Staple,2026,19,928.0,-4.82,1.98,345,0,932.38,1
Dried Chillies - Imported,Grocery/Staple,2026,20,923.5,-4.5,0.49,338,0,927.12,1
Dried Chillies - Imported,Grocery/Staple,2026,21,922.0,-2.23,-0.23,331,0,940.72,1
Dried Chillies - Imported,Grocery/Staple,2026,22,989.38,5.82,6.14,324,0,962.22,0
Dried Chillies - Imported,Grocery/Staple,2026,23,1014.0,9.27,7.76,317,0,983.22,0
Dried Chillies - Imported,Grocery/Staple,2026,24,1007.5,9.1,6.36,310,0,1005.72,0
Dried Chillies - Imported,Grocery/Staple,2026,25,1012.0,9.76,5.65,303,0,1011.17,0
Drumstick,Low Country,2023,16,297.22,,0.0,363,0,283.5,0
Drumstick,Low Country,2023,17,283.5,,-2.36,356,0,294.42,1
Drumstick,Low Country,2023,18,305.33,,3.38,349,0,311.12,1
Drumstick,Low Country,2023,19,344.52,,11.99,342,0,334.28,0
Drumstick,Low Country,2023,20,403.78,35.85,23.53,335,0,378.37,0
Drumstick,Low Country,2023,21,459.83,62.2,31.75,328,0,412.12,0
Drumstick,Low Country,2023,22,440.33,44.21,21.61,321,0,445.65,1
Drumstick,Low Country,2023,23,478.67,38.94,27.09,314,0,492.69,1
Drumstick,Low Country,2023,24,591.94,46.6,47.78,307,0,510.67,0
Drumstick,Low Country,2023,25,531.75,15.64,28.54,300,0,523.95,0
Drumstick,Low Country,2023,26,493.44,12.06,17.22,293,0,518.63,1
Drumstick,Low Country,2023,27,457.38,-4.45,7.88,286,0,451.81,0
Drumstick,Low Country,2023,28,324.68,-45.15,-22.02,279,0,365.59,1
Drumstick,Low Country,2023,29,186.88,-64.86,-54.18,272,0,282.44,1
Drumstick,Low Country,2023,30,160.81,-67.41,-59.64,265,0,219.03,1
Drumstick,Low Country,2023,31,203.75,-55.45,-47.84,258,0,187.29,0
Drumstick,Low Country,2023,32,197.74,-39.1,-47.87,251,0,194.53,0
Drumstick,Low Country,2023,33,215.83,15.49,-40.84,244,0,208.47,0
Drumstick,Low Country,2023,34,216.55,34.66,-37.44,237,0,196.09,0
Drumstick,Low Country,2023,35,154.24,-24.3,-52.41,230,0,167.76,1
Drumstick,Low Country,2023,36,84.4,-57.31,-71.27,223,0,130.7,1
Drumstick,Low Country,2023,37,67.62,-68.67,-73.32,216,0,92.77,1
Drumstick,Low Country,2023,38,64.82,-70.07,-70.2,209,0,75.29,1
Drumstick,Low Country,2023,39,84.33,-45.32,-54.68,202,0,76.6,0
Drumstick,Low Country,2023,40,89.64,6.21,-43.19,195,0,86.1,0
Drumstick,Low Country,2023,41,105.6,56.16,-25.08,188,0,106.37,1
Drumstick,Low Country,2023,42,145.9,125.09,5.89,181,0,135.65,0
Drumstick,Low Country,2023,43,201.47,138.9,42.97,174,0,180.88,0
Drumstick,Low Country,2023,44,270.54,201.79,85.23,167,0,236.87,0
Drumstick,Low Country,2023,45,329.58,212.12,111.01,160,0,297.99,0
Drumstick,Low Country,2023,46,390.36,167.54,130.14,153,0,361.68,0
Drumstick,Low Country,2023,47,456.25,126.46,142.61,146,0,410.09,0
Drumstick,Low Country,2024,10,464.17,71.57,119.05,41,1,440.19,0
Drumstick,Low Country,2024,11,450.0,36.54,87.48,34,1,420.4,0
Drumstick,Low Country,2024,12,311.18,-20.28,20.26,27,1,372.05,1
Drumstick,Low Country,2024,13,262.83,-42.39,-4.07,20,1,316.88,1
Drumstick,Low Country,2024,14,243.51,-47.54,-14.93,13,1,265.44,1
Drumstick,Low Country,2024,15,244.23,-45.73,-18.08,6,1,247.59,1
Drumstick,Low Country,2024,16,239.81,-22.94,-22.25,364,0,238.68,0
Drumstick,Low Country,2024,17,227.17,-13.57,-27.81,357,0,246.48,1
Drumstick,Low Country,2024,18,274.7,12.81,-14.24,350,0,267.9,0
Drumstick,Low Country,2024,19,329.94,35.09,1.55,343,0,305.99,0
Drumstick,Low Country,2024,20,392.14,63.53,18.93,336,0,359.82,0
Drumstick,Low Country,2024,21,442.5,94.79,32.59,329,0,413.1,0
Drumstick,Low Country,2024,27,487.83,77.59,45.12,287,0,455.44,0
Drumstick,Low Country,2024,28,499.29,51.33,47.34,280,0,466.73,0
Drumstick,Low Country,2024,29,437.29,11.51,29.42,273,0,420.66,0
Drumstick,Low Country,2024,30,258.21,-41.65,-22.65,266,0,324.23,1
Drumstick,Low Country,2024,31,102.14,-79.06,-68.22,259,0,219.07,1
Drumstick,Low Country,2024,32,78.64,-84.25,-74.53,252,0,131.08,1
Drumstick,Low Country,2024,33,85.32,-80.49,-71.23,245,0,86.4,1
Drumstick,Low Country,2024,34,79.5,-69.21,-72.03,238,0,90.21,1
Drumstick,Low Country,2024,35,117.39,14.93,-57.43,231,0,105.49,0
Drumstick,Low Country,2024,36,139.74,77.69,-47.34,224,0,126.03,0
Drumstick,Low Country,2024,37,167.5,96.32,-33.76,217,0,167.41,0
Drumstick,Low Country,2024,38,245.0,208.18,1.42,210,0,212.9,0
Drumstick,Low Country,2024,39,299.38,155.02,29.85,203,0,271.18,0
Drumstick,Low Country,2024,40,372.86,166.83,68.17,196,0,298.77,0
Drumstick,Low Country,2024,41,277.86,65.88,35.75,189,0,298.04,1
Drumstick,Low Country,2024,42,242.08,-1.19,27.64,182,0,273.11,1
Drumstick,Low Country,2024,43,199.64,-33.31,7.82,175,0,215.21,1
Drumstick,Low Country,2024,44,141.25,-62.12,-24.93,168,0,173.65,1
Drumstick,Low Country,2024,45,111.61,-59.83,-41.48,161,0,156.53,1
Drumstick,Low Country,2024,46,173.61,-28.28,-12.09,154,0,165.53,0
Drumstick,Low Country,2024,47,235.65,18.04,12.48,147,0,242.72,1
Drumstick,Low Country,2025,35,450.0,218.58,91.42,232,0,333.57,0
Drumstick,Low Country,2026,18,475.0,325.6,82.08,352,0,391.57,0
Drumstick,Low Country,2026,19,405.64,133.65,45.29,345,0,443.31,1
Drumstick,Low Country,2026,20,442.59,87.81,50.34,338,0,461.04,1
Drumstick,Low Country,2026,21,520.93,15.76,67.26,331,0,479.06,0
Drumstick,Low Country,2026,22,547.09,15.18,68.42,324,0,512.25,0
Drumstick,Low Country,2026,23,538.38,32.72,56.11,317,0,554.01,1
Drumstick,Low Country,2026,24,609.64,37.74,63.37,310,0,618.95,1
Drumstick,Low Country,2026,25,780.67,49.86,86.83,303,0,642.9,0
Eggplant,Low Country,2023,3,252.31,,0.0,88,0,210.95,0
Eggplant,Low Country,2023,4,210.95,,-8.93,81,0,177.64,0
Eggplant,Low Country,2023,5,144.33,,-28.73,74,0,162.93,1
Eggplant,Low Country,2023,6,133.51,,-27.94,67,0,158.33,1
Eggplant,Low Country,2023,7,144.54,-42.71,-18.4,60,0,145.17,1
Eggplant,Low Country,2023,8,158.29,-24.96,-9.02,53,0,149.5,0
Eggplant,Low Country,2023,9,161.67,12.01,-6.13,46,0,153.13,0
Eggplant,Low Country,2023,10,148.01,10.86,-12.53,39,1,151.38,1
Eggplant,Low Country,2023,11,137.53,-4.85,-16.99,32,1,143.13,1
Eggplant,Low Country,2023,12,125.31,-20.84,-22.48,25,1,132.61,1
Eggplant,Low Country,2023,13,119.59,-26.03,-24.22,18,1,125.65,1
Eggplant,Low Country,2023,14,120.17,-18.81,-22.32,11,1,123.94,1
Eggplant,Low Country,2023,15,130.71,-4.96,-14.48,4,1,125.56,0
Eggplant,Low Country,2023,16,131.79,5.17,-8.21,363,0,126.13,0
Eggplant,Low Country,2023,17,121.84,1.88,-10.88,356,0,131.61,1
Eggplant,Low Country,2023,18,142.09,18.24,4.06,349,0,139.56,0
Eggplant,Low Country,2023,19,162.55,24.36,17.13,342,0,167.39,1
Eggplant,Low Country,2023,20,243.1,84.46,66.1,335,0,217.44,0
Eggplant,Low Country,2023,21,322.04,164.32,102.6,328,0,259.95,0
Eggplant,Low Country,2023,22,312.1,119.66,83.03,321,0,280.8,0
Eggplant,Low Country,2023,23,245.96,51.31,38.13,314,0,278.32,1
Eggplant,Low Country,2023,24,233.19,-4.07,25.77,307,0,258.76,1
Eggplant,Low Country,2023,25,243.78,-24.3,25.31,300,0,243.82,1
Eggplant,Low Country,2023,26,252.36,-19.14,23.26,293,0,241.18,0
Eggplant,Low Country,2023,27,235.4,-4.29,10.2,286,0,241.89,1
Eggplant,Low Country,2023,28,236.0,1.2,6.45,279,0,238.05,1
Eggplant,Low Country,2023,29,228.43,-6.3,-0.31,272,0,232.85,1
Eggplant,Low Country,2023,30,231.56,-8.25,-2.54,265,0,231.34,0
Eggplant,Low Country,2023,31,229.38,-2.56,-6.11,258,0,228.26,0
Eggplant,Low Country,2023,32,223.69,-5.22,-10.16,251,0,225.62,1
Eggplant,Low Country,2023,33,217.86,-4.63,-11.82,244,0,220.44,1
Eggplant,Low Country,2023,34,210.83,-8.95,-11.6,237,0,214.05,1
Eggplant,Low Country,2023,35,203.83,-11.14,-11.44,230,0,209.29,1
Eggplant,Low Country,2023,36,204.62,-8.53,-9.86,223,0,210.8,1
Eggplant,Low Country,2023,37,223.93,2.79,-1.04,216,0,220.06,0
Eggplant,Low Country,2023,38,247.86,17.56,9.38,209,0,233.48,0
Eggplant,Low Country,2023,39,257.5,26.33,13.44,202,0,248.23,0
Eggplant,Low Country,2023,40,263.64,28.85,15.05,195,0,253.35,0
Eggplant,Low Country,2023,41,244.38,9.13,6.34,188,0,249.86,1
Eggplant,Low Country,2023,42,233.93,-5.62,1.61,181,0,251.51,1
Eggplant,Low Country,2023,43,264.1,2.56,13.48,174,0,255.69,0
Eggplant,Low Country,2023,44,280.36,6.34,18.47,167,0,271.11,0
Eggplant,Low Country,2023,45,306.07,25.24,25.96,160,0,292.16,0
Eggplant,Low Country,2023,46,318.1,35.98,26.88,153,0,305.16,0
Eggplant,Low Country,2023,47,316.11,19.69,22.14,146,0,316.06,0
Eggplant,Low Country,2023,48,323.97,15.55,20.86,139,0,321.29,0
Eggplant,Low Country,2023,49,327.0,6.84,17.86,132,0,330.7,1
Eggplant,Low Country,2023,50,355.71,11.83,23.69,125,0,346.97,0
Eggplant,Low Country,2023,51,381.19,20.59,27.98,118,0,367.54,0
Eggplant,Low Country,2023,52,406.26,25.4,31.35,111,0,384.39,0
Eggplant,Low Country,2024,1,394.4,20.61,23.5,104,0,392.73,0
Eggplant,Low Country,2024,2,389.05,9.37,17.72,97,0,399.76,1
Eggplant,Low Country,2024,3,409.33,7.38,19.0,90,0,396.89,0
Eggplant,Low Country,2024,4,394.78,-2.83,11.51,83,0,389.06,0
Eggplant,Low Country,2024,5,363.1,-7.94,0.75,76,0,360.18,0
Eggplant,Low Country,2024,6,273.5,-29.7,-23.58,69,0,311.11,1
Eggplant,Low Country,2024,7,213.07,-47.95,-39.09,62,0,260.32,1
Eggplant,Low Country,2024,8,191.61,-51.46,-43.68,55,0,212.84,1
Eggplant,Low Country,2024,9,173.17,-52.31,-47.31,48,0,188.14,1
Eggplant,Low Country,2024,10,174.71,-36.12,-44.87,41,1,181.99,1
Eggplant,Low Country,2024,11,188.45,-11.55,-38.02,34,1,177.38,0
Eggplant,Low Country,2024,12,173.19,-9.61,-39.87,27,1,175.01,1
Eggplant,Low Country,2024,13,163.69,-5.47,-39.24,20,1,170.66,1
Eggplant,Low Country,2024,14,157.29,-9.98,-37.37,13,1,160.61,1
Eggplant,Low Country,2024,15,148.25,-21.33,-36.27,6,1,153.19,1
Eggplant,Low Country,2024,16,143.53,-17.13,-32.36,364,0,144.5,1
Eggplant,Low Country,2024,17,128.92,-21.24,-32.76,357,0,142.29,1
Eggplant,Low Country,2024,18,148.45,-5.62,-15.28,350,0,147.89,0
Eggplant,Low Country,2024,19,170.67,15.12,2.01,343,0,162.54,0
Eggplant,Low Country,2024,20,202.14,40.84,21.43,336,0,187.3,0
Eggplant,Low Country,2024,21,227.95,76.82,34.67,329,0,220.48,0
Eggplant,Low Country,2024,22,281.18,89.41,58.35,322,0,266.79,0
Eggplant,Low Country,2024,23,355.89,108.53,85.84,315,0,305.32,0
Eggplant,Low Country,2024,24,356.25,76.24,74.28,308,0,314.48,0
Eggplant,Low Country,2024,25,264.58,16.07,25.13,301,0,302.84,1
Eggplant,Low Country,2024,26,234.64,-16.55,8.18,294,0,271.59,1
Eggplant,Low Country,2024,27,230.88,-35.13,3.74,287,0,240.62,1
Eggplant,Low Country,2024,28,232.38,-34.77,1.46,280,0,229.26,0
Eggplant,Low Country,2024,29,219.15,-17.17,-6.69,273,0,228.39,1
Eggplant,Low Country,2024,30,231.16,-1.48,-4.76,266,0,222.54,0
Eggplant,Low Country,2024,31,207.48,-10.13,-16.09,259,0,211.04,1
Eggplant,Low Country,2024,32,186.35,-19.81,-25.0,252,0,197.38,1
Eggplant,Low Country,2024,33,164.54,-24.92,-33.0,245,0,175.4,1
Eggplant,Low Country,2024,34,143.23,-38.04,-40.08,238,0,161.36,1
Eggplant,Low Country,2024,35,151.31,-27.07,-33.94,231,0,156.54,1
Eggplant,Low Country,2024,36,167.06,-10.35,-22.13,224,0,161.53,0
Eggplant,Low Country,2024,37,184.53,12.15,-8.34,217,0,169.71,0
Eggplant,Low Country,2024,38,175.94,22.84,-9.55,210,0,175.27,0
Eggplant,Low Country,2024,39,173.53,14.68,-8.58,203,0,175.28,1
Eggplant,Low Country,2024,40,167.13,0.04,-9.61,196,0,169.85,1
Eggplant,Low Country,2024,41,162.78,-11.79,-9.34,189,0,167.38,1
Eggplant,Low Country,2024,42,166.08,-5.6,-5.35,182,0,171.71,1
Eggplant,Low Country,2024,43,190.83,9.97,10.71,175,0,182.64,0
Eggplant,Low Country,2024,44,210.88,26.17,22.15,168,0,193.93,0
Eggplant,Low Country,2024,45,207.94,27.74,19.31,161,0,202.43,0
Eggplant,Low Country,2024,46,200.08,20.47,13.02,154,0,206.12,1
Eggplant,Low Country,2024,47,205.6,7.74,13.08,147,0,215.18,1
Eggplant,Low Country,2024,48,247.1,17.18,30.61,140,0,234.97,0
Eggplant,Low Country,2024,49,287.12,38.08,44.7,133,0,262.46,0
Eggplant,Low Country,2024,50,310.01,54.94,48.99,126,0,290.37,0
Eggplant,Low Country,2024,51,317.27,54.31,44.91,119,0,306.11,0
Eggplant,Low Country,2024,52,310.06,25.48,35.13,112,0,315.0,1
Eggplant,Low Country,2025,1,322.68,12.39,33.66,105,0,290.21,0
Eggplant,Low Country,2025,35,210.83,-31.99,-13.99,232,0,337.89,1
Eggplant,Low Country,2026,1,508.0,60.12,87.17,106,0,364.88,0
Eggplant,Low Country,2026,2,418.0,34.81,44.69,99,0,377.2,0
Eggplant,Low Country,2026,3,371.98,15.28,23.47,92,0,404.09,1
Eggplant,Low Country,2026,4,318.39,51.02,2.78,85,0,346.89,1
Eggplant,Low Country,2026,5,279.18,-45.04,-11.61,78,0,295.01,1
Eggplant,Low Country,2026,6,210.49,-49.64,-33.44,71,0,244.54,1
Eggplant,Low Country,2026,7,170.11,-54.27,-45.18,64,0,203.0,1
Eggplant,Low Country,2026,8,152.23,-52.19,-49.25,57,0,167.83,1
Eggplant,Low Country,2026,9,138.47,-50.4,-51.71,50,0,150.65,1
Eggplant,Low Country,2026,10,141.79,-32.64,-48.11,43,1,147.22,1
Eggplant,Low Country,2026,11,156.4,-8.06,-40.17,36,1,147.72,0
Eggplant,Low Country,2026,12,154.23,1.32,-37.93,29,1,145.16,0
Eggplant,Low Country,2026,13,128.22,-7.4,-47.04,22,1,136.37,1
Eggplant,Low Country,2026,14,106.61,-24.81,-49.53,15,1,122.19,1
Eggplant,Low Country,2026,15,99.69,-36.26,-46.62,8,1,111.37,1
Eggplant,Low Country,2026,16,110.96,-28.06,-33.43,1,1,106.45,0
Eggplant,Low Country,2026,17,108.53,-15.35,-27.9,359,0,120.41,1
Eggplant,Low Country,2026,18,162.46,52.39,14.77,352,0,147.21,0
Eggplant,Low Country,2026,19,206.89,107.53,46.44,345,0,182.0,0
Eggplant,Low Country,2026,20,250.1,125.41,69.64,338,0,228.04,0
Eggplant,Low Country,2026,21,292.7,169.69,84.98,331,0,267.61,0
Eggplant,Low Country,2026,22,320.75,97.43,86.2,324,0,298.55,0
Eggplant,Low Country,2026,23,330.62,59.81,77.01,317,0,302.05,0
Eggplant,Low Country,2026,24,264.11,5.6,35.39,310,0,284.14,1
Eggplant,Low Country,2026,25,221.1,-24.46,10.43,303,0,271.94,1
Eggs - Brown (Rs/Egg),Grocery/Staple,2023,2,60.0,,0.0,95,0,59.2,0
Eggs - Brown (Rs/Egg),Grocery/Staple,2023,3,59.2,,-0.67,88,0,53.4,0
Eggs - Brown (Rs/Egg),Grocery/Staple,2023,4,47.6,,-14.39,81,0,50.77,1
Eggs - Brown (Rs/Egg),Grocery/Staple,2023,5,45.5,,-14.27,74,0,49.48,1
Eggs - Brown (Rs/Egg),Grocery/Staple,2023,6,45.6,-24.0,-11.59,67,0,46.18,1
Eggs - Brown (Rs/Egg),Grocery/Staple,2023,7,46.0,-22.3,-9.18,60,0,45.78,0
Eggs - Brown (Rs/Egg),Grocery/Staple,2023,8,46.0,-3.36,-7.97,53,0,45.9,0
Eggs - Brown (Rs/Egg),Grocery/Staple,2023,9,46.0,1.1,-7.05,46,0,46.0,0
Eggs - Brown (Rs/Egg),Grocery/Staple,2023,10,46.0,0.88,-6.31,39,1,46.0,0
Eggs - Brown (Rs/Egg),Grocery/Staple,2023,11,46.0,0.0,-5.72,32,1,46.0,0
Eggs - Brown (Rs/Egg),Grocery/Staple,2023,12,46.0,0.0,-5.23,25,1,46.0,0
Eggs - Brown (Rs/Egg),Grocery/Staple,2023,13,46.0,0.0,-4.81,18,1,46.0,0
Eggs - Brown (Rs/Egg),Grocery/Staple,2023,14,46.0,0.0,-4.46,11,1,46.0,0
Eggs - Brown (Rs/Egg),Grocery/Staple,2023,17,46.0,0.0,-2.27,356,0,47.5,1
Eggs - Brown (Rs/Egg),Grocery/Staple,2023,31,52.0,13.04,11.79,258,0,47.31,0
Eggs - Brown (Rs/Egg),Grocery/Staple,2023,34,45.25,-1.63,-2.34,237,0,47.03,1
Eggs - Brown (Rs/Egg),Grocery/Staple,2023,35,44.88,-2.45,-3.05,230,0,46.84,1
Eggs - Brown (Rs/Egg),Grocery/Staple,2023,36,45.25,-1.63,-2.18,223,0,45.24,0
Eggs - Brown (Rs/Egg),Grocery/Staple,2023,37,45.58,-12.34,-1.39,216,0,45.55,0
Eggs - Brown (Rs/Egg),Grocery/Staple,2023,38,46.5,2.76,0.51,209,0,46.38,0
Eggs - Brown (Rs/Egg),Grocery/Staple,2023,40,48.2,7.41,3.8,195,0,47.2,0
Eggs - Brown (Rs/Egg),Grocery/Staple,2023,41,48.5,7.18,4.02,188,0,47.71,0
Eggs - Brown (Rs/Egg),Grocery/Staple,2023,42,47.65,4.53,1.92,181,0,47.91,1
Eggs - Brown (Rs/Egg),Grocery/Staple,2023,43,47.3,1.72,0.95,174,0,47.49,1
Eggs - Brown (Rs/Egg),Grocery/Staple,2023,44,46.5,-3.53,-0.84,167,0,46.7,1
Eggs - Brown (Rs/Egg),Grocery/Staple,2023,45,45.33,-6.53,-3.22,160,0,44.91,0
Eggs - Brown (Rs/Egg),Grocery/Staple,2023,46,40.5,-15.01,-12.75,153,0,43.56,1
Eggs - Brown (Rs/Egg),Grocery/Staple,2023,47,41.9,-11.42,-8.2,146,0,42.83,1
Eggs - Brown (Rs/Egg),Grocery/Staple,2023,48,43.58,-6.27,-4.24,139,0,43.55,0
Eggs - Brown (Rs/Egg),Grocery/Staple,2023,49,48.2,6.32,5.31,132,0,47.95,0
Eggs - Brown (Rs/Egg),Grocery/Staple,2023,50,58.1,43.46,24.26,125,0,52.77,0
Eggs - Brown (Rs/Egg),Grocery/Staple,2023,51,61.2,46.06,27.61,118,0,55.38,0
Eggs - Brown (Rs/Egg),Grocery/Staple,2023,52,54.0,23.9,11.26,111,0,56.42,1
Eggs - Brown (Rs/Egg),Grocery/Staple,2024,1,52.4,8.71,7.25,104,0,54.85,1
Eggs - Brown (Rs/Egg),Grocery/Staple,2024,2,51.8,-10.84,5.47,97,0,52.33,1
Eggs - Brown (Rs/Egg),Grocery/Staple,2024,3,51.12,-16.46,3.53,90,0,52.68,1
Eggs - Brown (Rs/Egg),Grocery/Staple,2024,4,55.38,2.55,10.75,83,0,54.12,0
Eggs - Brown (Rs/Egg),Grocery/Staple,2024,5,58.2,11.07,14.34,76,0,55.8,0
Eggs - Brown (Rs/Egg),Grocery/Staple,2024,6,58.5,12.93,12.69,69,0,57.83,0
Eggs - Brown (Rs/Egg),Grocery/Staple,2024,7,59.25,15.89,11.05,62,0,58.86,0
Eggs - Brown (Rs/Egg),Grocery/Staple,2024,8,59.5,7.45,8.75,55,0,59.02,0
Eggs - Brown (Rs/Egg),Grocery/Staple,2024,9,58.81,1.05,5.24,48,0,58.05,0
Eggs - Brown (Rs/Egg),Grocery/Staple,2024,10,54.62,-6.62,-3.11,41,1,55.93,1
Eggs - Brown (Rs/Egg),Grocery/Staple,2024,11,50.8,-14.26,-8.98,34,1,53.31,1
Eggs - Brown (Rs/Egg),Grocery/Staple,2024,12,49.0,-17.65,-10.71,27,1,50.48,1
Eggs - Brown (Rs/Egg),Grocery/Staple,2024,13,47.5,-19.23,-12.65,20,1,48.12,1
Eggs - Brown (Rs/Egg),Grocery/Staple,2024,14,45.2,-17.25,-16.02,13,1,47.22,1
Eggs - Brown (Rs/Egg),Grocery/Staple,2024,15,47.17,-7.15,-11.78,6,1,47.31,1
Eggs - Brown (Rs/Egg),Grocery/Staple,2024,16,49.38,0.77,-7.42,364,0,47.73,0
Eggs - Brown (Rs/Egg),Grocery/Staple,2024,17,49.19,3.55,-6.94,357,0,48.43,0
Eggs - Brown (Rs/Egg),Grocery/Staple,2024,18,48.0,6.19,-7.82,350,0,48.79,1
Eggs - Brown (Rs/Egg),Grocery/Staple,2024,19,48.6,3.04,-5.28,343,0,48.75,1
Eggs - Brown (Rs/Egg),Grocery/Staple,2024,20,49.2,-0.35,-2.64,336,0,48.45,0
Eggs - Brown (Rs/Egg),Grocery/Staple,2024,21,48.0,-2.41,-3.33,329,0,48.28,1
Eggs - Brown (Rs/Egg),Grocery/Staple,2024,22,47.3,-1.46,-3.01,322,0,48.0,1
Eggs - Brown (Rs/Egg),Grocery/Staple,2024,23,47.5,-2.26,-1.49,315,0,47.78,1
Eggs - Brown (Rs/Egg),Grocery/Staple,2024,24,48.3,-1.83,0.57,308,0,48.52,1
Eggs - Brown (Rs/Egg),Grocery/Staple,2024,25,51.0,6.25,5.85,301,0,50.32,0
Eggs - Brown (Rs/Egg),Grocery/Staple,2024,26,54.5,15.22,11.87,294,0,51.95,0
Eggs - Brown (Rs/Egg),Grocery/Staple,2024,27,54.0,13.68,9.32,287,0,53.38,0
Eggs - Brown (Rs/Egg),Grocery/Staple,2024,28,54.0,11.8,8.17,280,0,53.42,0
Eggs - Brown (Rs/Egg),Grocery/Staple,2024,29,51.2,0.39,2.28,273,0,51.8,1
Eggs - Brown (Rs/Egg),Grocery/Staple,2024,30,48.0,-11.93,-3.94,266,0,49.42,1
Eggs - Brown (Rs/Egg),Grocery/Staple,2024,31,44.5,-17.59,-10.46,259,0,46.4,1
Eggs - Brown (Rs/Egg),Grocery/Staple,2024,32,41.9,-22.41,-14.81,252,0,43.6,1
Eggs - Brown (Rs/Egg),Grocery/Staple,2024,33,40.0,-21.88,-17.49,245,0,42.54,1
Eggs - Brown (Rs/Egg),Grocery/Staple,2024,34,43.75,-8.85,-9.14,238,0,42.91,0
Eggs - Brown (Rs/Egg),Grocery/Staple,2024,35,46.0,3.37,-4.27,231,0,43.81,0
Eggs - Brown (Rs/Egg),Grocery/Staple,2024,36,45.5,8.59,-5.0,224,0,44.22,0
Eggs - Brown (Rs/Egg),Grocery/Staple,2024,37,41.62,4.06,-12.15,217,0,42.53,1
Eggs - Brown (Rs/Egg),Grocery/Staple,2024,38,37.0,-15.43,-20.1,210,0,39.66,1
Eggs - Brown (Rs/Egg),Grocery/Staple,2024,39,34.5,-25.0,-22.93,203,0,36.46,1
Eggs - Brown (Rs/Egg),Grocery/Staple,2024,40,32.7,-28.13,-24.18,196,0,36.6,1
Eggs - Brown (Rs/Egg),Grocery/Staple,2024,41,42.2,1.38,-0.05,189,0,38.1,0
Eggs - Brown (Rs/Egg),Grocery/Staple,2024,42,43.0,16.22,3.39,182,0,40.12,0
Eggs - Brown (Rs/Egg),Grocery/Staple,2024,43,42.6,23.48,3.46,175,0,41.87,0
Eggs - Brown (Rs/Egg),Grocery/Staple,2024,44,39.67,21.3,-2.79,168,0,40.52,1
Eggs - Brown (Rs/Egg),Grocery/Staple,2024,45,36.8,-12.8,-8.94,161,0,38.77,1
Eggs - Brown (Rs/Egg),Grocery/Staple,2024,46,36.0,-16.28,-10.23,154,0,37.72,1
Eggs - Brown (Rs/Egg),Grocery/Staple,2024,47,38.4,-9.86,-3.25,147,0,38.15,0
Eggs - Brown (Rs/Egg),Grocery/Staple,2024,48,41.4,4.37,5.24,140,0,39.45,0
Eggs - Brown (Rs/Egg),Grocery/Staple,2024,49,42.0,14.13,7.5,133,0,40.48,0
Eggs - Brown (Rs/Egg),Grocery/Staple,2024,50,40.1,11.39,2.95,126,0,39.28,0
Eggs - Brown (Rs/Egg),Grocery/Staple,2024,51,33.6,-12.5,-13.16,119,0,36.42,1
Eggs - Brown (Rs/Egg),Grocery/Staple,2024,52,30.0,-27.54,-21.76,112,0,34.67,1
Eggs - Brown (Rs/Egg),Grocery/Staple,2025,1,35.0,-16.67,-9.14,105,0,31.52,0
Eggs - Brown (Rs/Egg),Grocery/Staple,2025,35,27.5,-31.42,-26.45,232,0,32.25,1
Eggs - Brown (Rs/Egg),Grocery/Staple,2026,1,36.5,8.63,-1.06,106,0,32.95,0
Eggs - Brown (Rs/Egg),Grocery/Staple,2026,2,32.8,9.33,-9.23,99,0,31.58,0
Eggs - Brown (Rs/Egg),Grocery/Staple,2026,3,29.5,-15.71,-16.56,92,0,32.95,1
Eggs - Brown (Rs/Egg),Grocery/Staple,2026,4,33.0,20.0,-5.88,85,0,31.8,0
Eggs - Brown (Rs/Egg),Grocery/Staple,2026,5,31.9,-12.6,-8.19,78,0,31.66,0
Eggs - Brown (Rs/Egg),Grocery/Staple,2026,6,32.25,-1.68,-5.9,71,0,32.86,1
Eggs - Brown (Rs/Egg),Grocery/Staple,2026,7,34.3,16.27,1.7,64,0,33.29,0
Eggs - Brown (Rs/Egg),Grocery/Staple,2026,8,34.7,5.15,4.63,57,0,34.19,0
Eggs - Brown (Rs/Egg),Grocery/Staple,2026,9,35.5,11.29,8.19,50,0,34.92,0
Eggs - Brown (Rs/Egg),Grocery/Staple,2026,10,35.17,9.04,6.79,43,1,35.07,0
Eggs - Brown (Rs/Egg),Grocery/Staple,2026,11,34.9,1.75,4.78,36,1,36.02,1
Eggs - Brown (Rs/Egg),Grocery/Staple,2026,12,38.5,10.95,14.66,29,1,37.02,0
Eggs - Brown (Rs/Egg),Grocery/Staple,2026,13,39.5,11.27,14.49,22,1,38.52,0
Eggs - Brown (Rs/Egg),Grocery/Staple,2026,14,41.17,17.06,18.09,15,1,40.22,0
Eggs - Brown (Rs/Egg),Grocery/Staple,2026,15,41.7,19.48,17.32,8,1,39.37,0
Eggs - Brown (Rs/Egg),Grocery/Staple,2026,17,35.1,-8.83,-2.43,359,0,36.71,1
Eggs - Brown (Rs/Egg),Grocery/Staple,2026,18,28.88,-26.9,-19.02,352,0,33.54,1
Eggs - Brown (Rs/Egg),Grocery/Staple,2026,19,28.5,-30.77,-19.48,345,0,31.34,1
Eggs - Brown (Rs/Egg),Grocery/Staple,2026,20,32.9,-21.1,-7.18,338,0,31.89,0
Eggs - Brown (Rs/Egg),Grocery/Staple,2026,21,37.3,6.27,4.55,331,0,34.49,0
Eggs - Brown (Rs/Egg),Grocery/Staple,2026,22,39.25,35.93,8.94,324,0,37.29,0
Eggs - Brown (Rs/Egg),Grocery/Staple,2026,23,39.7,39.3,9.21,317,0,38.79,0
Eggs - Brown (Rs/Egg),Grocery/Staple,2026,24,38.9,18.24,6.17,310,0,38.94,1
Eggs - Brown (Rs/Egg),Grocery/Staple,2026,25,37.9,1.61,2.8,303,0,38.83,1
Eggs - White (Rs/Egg),Grocery/Staple,2023,1,61.0,,0.0,102,0,56.0,0
Eggs - White (Rs/Egg),Grocery/Staple,2023,2,56.0,,-4.27,95,0,54.5,0
Eggs - White (Rs/Egg),Grocery/Staple,2023,3,53.0,,-6.47,88,0,51.47,0
Eggs - White (Rs/Egg),Grocery/Staple,2023,4,45.4,,-15.69,81,0,49.48,1
Eggs - White (Rs/Egg),Grocery/Staple,2023,5,43.5,-28.69,-15.99,74,0,46.35,1
Eggs - White (Rs/Egg),Grocery/Staple,2023,6,43.5,-22.32,-13.69,67,0,44.1,1
Eggs - White (Rs/Egg),Grocery/Staple,2023,7,44.0,-16.98,-11.09,60,0,43.75,0
Eggs - White (Rs/Egg),Grocery/Staple,2023,8,44.0,-3.08,-9.84,53,0,43.88,0
Eggs - White (Rs/Egg),Grocery/Staple,2023,9,44.0,1.15,-8.84,46,0,44.0,0
Eggs - White (Rs/Egg),Grocery/Staple,2023,10,44.0,1.15,-8.03,39,1,44.0,0
Eggs - White (Rs/Egg),Grocery/Staple,2023,11,44.0,0.0,-7.35,32,1,44.0,0
Eggs - White (Rs/Egg),Grocery/Staple,2023,12,44.0,0.0,-6.78,25,1,44.0,0
Eggs - White (Rs/Egg),Grocery/Staple,2023,13,44.0,0.0,-6.29,18,1,44.62,1
Eggs - White (Rs/Egg),Grocery/Staple,2023,14,46.5,5.68,1.44,11,1,46.5,0
Eggs - White (Rs/Egg),Grocery/Staple,2023,15,51.5,17.05,13.21,4,1,48.35,0
Eggs - White (Rs/Egg),Grocery/Staple,2023,16,51.4,16.82,13.29,363,0,48.35,0
Eggs - White (Rs/Egg),Grocery/Staple,2023,17,44.0,0.0,-2.79,356,0,49.47,1
Eggs - White (Rs/Egg),Grocery/Staple,2023,18,51.0,9.68,11.26,349,0,49.25,0
Eggs - White (Rs/Egg),Grocery/Staple,2023,19,50.6,-1.75,9.09,342,0,49.03,0
Eggs - White (Rs/Egg),Grocery/Staple,2023,20,50.5,-1.75,7.71,335,0,50.03,0
Eggs - White (Rs/Egg),Grocery/Staple,2023,21,48.0,9.09,1.71,328,0,49.38,1
Eggs - White (Rs/Egg),Grocery/Staple,2023,22,48.4,-5.1,1.83,321,0,48.95,1
Eggs - White (Rs/Egg),Grocery/Staple,2023,23,48.9,-3.36,2.07,314,0,49.2,1
Eggs - White (Rs/Egg),Grocery/Staple,2023,24,51.5,1.98,6.22,307,0,50.08,0
Eggs - White (Rs/Egg),Grocery/Staple,2023,25,51.5,7.29,4.97,300,0,51.47,0
Eggs - White (Rs/Egg),Grocery/Staple,2023,26,54.0,11.57,8.37,293,0,53.12,0
Eggs - White (Rs/Egg),Grocery/Staple,2023,27,55.5,13.5,9.85,286,0,54.65,0
Eggs - White (Rs/Egg),Grocery/Staple,2023,28,57.6,11.84,12.96,279,0,56.26,0
Eggs - White (Rs/Egg),Grocery/Staple,2023,29,57.95,12.52,12.53,272,0,56.51,0
Eggs - White (Rs/Egg),Grocery/Staple,2023,30,55.0,1.85,5.08,265,0,55.17,1
Eggs - White (Rs/Egg),Grocery/Staple,2023,31,50.12,-9.68,-4.11,258,0,52.42,1
Eggs - White (Rs/Egg),Grocery/Staple,2023,32,46.6,-19.1,-10.33,251,0,48.71,1
Eggs - White (Rs/Egg),Grocery/Staple,2023,33,43.1,-25.63,-16.14,244,0,45.82,1
Eggs - White (Rs/Egg),Grocery/Staple,2023,34,43.45,-21.0,-14.88,237,0,44.12,1
Eggs - White (Rs/Egg),Grocery/Staple,2023,35,43.31,-13.59,-14.5,230,0,43.33,1
Eggs - White (Rs/Egg),Grocery/Staple,2023,36,43.45,-6.76,-13.51,223,0,43.48,1
Eggs - White (Rs/Egg),Grocery/Staple,2023,37,43.7,1.39,-11.96,216,0,43.98,1
Eggs - White (Rs/Egg),Grocery/Staple,2023,38,45.45,4.6,-7.57,209,0,44.53,0
Eggs - White (Rs/Egg),Grocery/Staple,2023,39,45.5,5.05,-6.22,202,0,45.48,0
Eggs - White (Rs/Egg),Grocery/Staple,2023,40,47.25,8.75,-1.32,195,0,46.3,0
Eggs - White (Rs/Egg),Grocery/Staple,2023,41,47.0,7.55,-0.15,188,0,46.42,0
Eggs - White (Rs/Egg),Grocery/Staple,2023,42,45.95,1.1,-0.42,181,0,46.38,1
Eggs - White (Rs/Egg),Grocery/Staple,2023,43,45.3,-0.44,-0.22,174,0,45.69,1
Eggs - White (Rs/Egg),Grocery/Staple,2023,44,44.5,-5.82,-1.04,167,0,44.52,1
Eggs - White (Rs/Egg),Grocery/Staple,2023,45,42.33,-9.93,-5.16,160,0,42.41,1
Eggs - White (Rs/Egg),Grocery/Staple,2023,46,37.5,-18.39,-15.17,153,0,40.96,1
Eggs - White (Rs/Egg),Grocery/Staple,2023,47,39.5,-12.8,-10.03,146,0,40.21,1
Eggs - White (Rs/Egg),Grocery/Staple,2023,48,41.5,-6.74,-5.17,139,0,41.15,0
Eggs - White (Rs/Egg),Grocery/Staple,2023,49,46.1,8.9,4.85,132,0,45.79,0
Eggs - White (Rs/Egg),Grocery/Staple,2023,50,56.05,49.47,24.78,125,0,50.64,0
Eggs - White (Rs/Egg),Grocery/Staple,2023,51,58.9,49.11,28.18,118,0,53.14,0
Eggs - White (Rs/Egg),Grocery/Staple,2023,52,51.5,24.1,10.96,111,0,54.09,1
Eggs - White (Rs/Egg),Grocery/Staple,2024,1,49.9,8.24,7.04,104,0,52.3,1
Eggs - White (Rs/Egg),Grocery/Staple,2024,2,48.9,-12.76,4.57,97,0,49.81,1
Eggs - White (Rs/Egg),Grocery/Staple,2024,3,48.94,-16.91,4.14,90,0,50.25,1
Eggs - White (Rs/Egg),Grocery/Staple,2024,4,53.25,3.4,11.86,83,0,51.8,0
Eggs - White (Rs/Egg),Grocery/Staple,2024,5,56.1,12.42,15.68,76,0,53.7,0
Eggs - White (Rs/Egg),Grocery/Staple,2024,6,56.5,15.54,13.94,69,0,55.59,0
Eggs - White (Rs/Egg),Grocery/Staple,2024,7,56.5,15.45,10.68,62,0,56.59,1
Eggs - White (Rs/Egg),Grocery/Staple,2024,8,57.25,7.51,9.23,55,0,56.72,0
Eggs - White (Rs/Egg),Grocery/Staple,2024,9,56.62,0.94,5.69,48,0,55.59,0
Eggs - White (Rs/Egg),Grocery/Staple,2024,10,52.0,-7.96,-3.76,41,1,53.49,1
Eggs - White (Rs/Egg),Grocery/Staple,2024,11,48.1,-14.87,-9.96,34,1,50.81,1
Eggs - White (Rs/Egg),Grocery/Staple,2024,12,46.5,-18.78,-11.37,27,1,47.78,1
Eggs - White (Rs/Egg),Grocery/Staple,2024,13,44.5,-21.41,-14.3,20,1,45.42,1
Eggs - White (Rs/Egg),Grocery/Staple,2024,14,42.6,-18.08,-17.07,13,1,44.61,1
Eggs - White (Rs/Egg),Grocery/Staple,2024,15,44.83,-6.79,-12.18,6,1,44.67,0
Eggs - White (Rs/Egg),Grocery/Staple,2024,16,46.75,0.54,-8.13,364,0,45.16,0
Eggs - White (Rs/Egg),Grocery/Staple,2024,17,46.44,4.35,-7.79,357,0,45.76,0
Eggs - White (Rs/Egg),Grocery/Staple,2024,18,45.0,5.63,-9.1,350,0,46.05,1
Eggs - White (Rs/Egg),Grocery/Staple,2024,19,46.0,2.6,-5.54,343,0,45.91,0
Eggs - White (Rs/Egg),Grocery/Staple,2024,20,46.2,-1.18,-3.56,336,0,45.68,0
Eggs - White (Rs/Egg),Grocery/Staple,2024,21,45.5,-2.02,-3.2,329,0,45.75,1
Eggs - White (Rs/Egg),Grocery/Staple,2024,22,45.3,0.67,-1.8,322,0,45.62,1
Eggs - White (Rs/Egg),Grocery/Staple,2024,23,45.5,-1.09,-0.29,315,0,45.7,1
Eggs - White (Rs/Egg),Grocery/Staple,2024,24,46.5,0.65,2.18,308,0,46.82,1
Eggs - White (Rs/Egg),Grocery/Staple,2024,25,50.0,9.89,9.22,301,0,48.62,0
Eggs - White (Rs/Egg),Grocery/Staple,2024,26,52.5,15.89,13.16,294,0,50.1,0
Eggs - White (Rs/Egg),Grocery/Staple,2024,27,51.4,12.97,9.2,287,0,51.22,0
Eggs - White (Rs/Egg),Grocery/Staple,2024,28,51.0,9.68,7.27,280,0,50.9,0
Eggs - White (Rs/Egg),Grocery/Staple,2024,29,48.7,-2.6,2.11,273,0,48.95,1
Eggs - White (Rs/Egg),Grocery/Staple,2024,30,44.7,-14.86,-6.02,266,0,46.35,1
Eggs - White (Rs/Egg),Grocery/Staple,2024,31,41.0,-20.23,-13.23,259,0,43.45,1
Eggs - White (Rs/Egg),Grocery/Staple,2024,32,39.4,-22.75,-15.71,252,0,40.65,1
Eggs - White (Rs/Egg),Grocery/Staple,2024,33,37.5,-23.0,-18.61,245,0,39.66,1
Eggs - White (Rs/Egg),Grocery/Staple,2024,34,40.75,-8.84,-10.85,238,0,40.26,0
Eggs - White (Rs/Egg),Grocery/Staple,2024,35,43.4,5.85,-4.75,231,0,41.04,0
Eggs - White (Rs/Egg),Grocery/Staple,2024,36,42.5,7.87,-6.25,224,0,41.38,0
Eggs - White (Rs/Egg),Grocery/Staple,2024,37,38.88,3.67,-13.12,217,0,39.63,1
Eggs - White (Rs/Egg),Grocery/Staple,2024,38,33.75,-17.18,-22.41,210,0,36.59,1
Eggs - White (Rs/Egg),Grocery/Staple,2024,39,31.25,-28.0,-25.35,203,0,33.47,1
Eggs - White (Rs/Egg),Grocery/Staple,2024,40,30.0,-29.41,-25.41,196,0,33.58,1
Eggs - White (Rs/Egg),Grocery/Staple,2024,41,39.3,1.09,-0.04,189,0,35.14,0
Eggs - White (Rs/Egg),Grocery/Staple,2024,42,40.0,18.52,3.5,182,0,37.17,0
Eggs - White (Rs/Egg),Grocery/Staple,2024,43,39.4,26.08,3.03,175,0,38.84,0
Eggs - White (Rs/Egg),Grocery/Staple,2024,44,36.67,22.22,-3.27,168,0,37.59,1
Eggs - White (Rs/Egg),Grocery/Staple,2024,45,34.3,-12.72,-8.57,161,0,35.97,1
Eggs - White (Rs/Egg),Grocery/Staple,2024,46,33.5,-16.25,-9.96,154,0,35.09,1
Eggs - White (Rs/Egg),Grocery/Staple,2024,47,35.9,-8.88,-2.54,147,0,35.59,0
Eggs - White (Rs/Egg),Grocery/Staple,2024,48,38.65,5.41,5.98,140,0,36.83,0
Eggs - White (Rs/Egg),Grocery/Staple,2024,49,39.25,14.43,8.37,133,0,37.81,0
Eggs - White (Rs/Egg),Grocery/Staple,2024,50,37.45,11.79,3.71,126,0,36.61,0
Eggs - White (Rs/Egg),Grocery/Staple,2024,51,31.1,-13.37,-13.38,119,0,33.83,1
Eggs - White (Rs/Egg),Grocery/Staple,2024,52,27.5,-28.85,-22.79,112,0,32.14,1
Eggs - White (Rs/Egg),Grocery/Staple,2025,1,32.5,-17.2,-9.24,105,0,29.15,0
Eggs - White (Rs/Egg),Grocery/Staple,2025,35,25.5,-31.91,-26.61,232,0,30.0,1
Eggs - White (Rs/Egg),Grocery/Staple,2026,1,34.5,10.93,0.51,106,0,30.8,0
Eggs - White (Rs/Egg),Grocery/Staple,2026,2,30.7,11.64,-8.78,99,0,29.47,0
Eggs - White (Rs/Egg),Grocery/Staple,2026,3,27.17,-16.41,-17.49,92,0,30.89,1
Eggs - White (Rs/Egg),Grocery/Staple,2026,4,31.2,22.35,-4.55,85,0,29.77,0
Eggs - White (Rs/Egg),Grocery/Staple,2026,5,30.0,-13.04,-7.46,78,0,29.72,0
Eggs - White (Rs/Egg),Grocery/Staple,2026,6,30.5,-0.65,-4.69,71,0,31.15,1
Eggs - White (Rs/Egg),Grocery/Staple,2026,7,32.9,21.1,4.25,64,0,31.72,0
Eggs - White (Rs/Egg),Grocery/Staple,2026,8,33.5,7.37,7.66,57,0,32.65,0
Eggs - White (Rs/Egg),Grocery/Staple,2026,9,33.7,12.33,9.32,50,0,33.4,0
Eggs - White (Rs/Egg),Grocery/Staple,2026,10,33.5,9.84,8.02,43,1,33.35,0
Eggs - White (Rs/Egg),Grocery/Staple,2026,11,32.7,-0.61,4.1,36,1,34.15,1
Eggs - White (Rs/Egg),Grocery/Staple,2026,12,36.7,9.55,15.64,29,1,35.1,0
Eggs - White (Rs/Egg),Grocery/Staple,2026,13,37.5,11.28,14.82,22,1,36.52,0
Eggs - White (Rs/Egg),Grocery/Staple,2026,14,39.17,16.92,18.62,15,1,38.22,0
Eggs - White (Rs/Egg),Grocery/Staple,2026,15,39.5,20.8,17.23,8,1,37.22,0
Eggs - White (Rs/Egg),Grocery/Staple,2026,17,32.7,-10.9,-4.16,359,0,34.5,1
Eggs - White (Rs/Egg),Grocery/Staple,2026,18,26.62,-29.0,-21.15,352,0,31.33,1
Eggs - White (Rs/Egg),Grocery/Staple,2026,19,26.5,-32.34,-20.89,345,0,29.18,1
Eggs - White (Rs/Egg),Grocery/Staple,2026,20,30.9,-21.77,-7.84,338,0,29.68,0
Eggs - White (Rs/Egg),Grocery/Staple,2026,21,34.7,6.12,3.06,331,0,32.28,0
Eggs - White (Rs/Egg),Grocery/Staple,2026,22,37.0,38.97,9.02,324,0,35.08,0
Eggs - White (Rs/Egg),Grocery/Staple,2026,23,37.7,42.26,10.09,317,0,36.48,0
Eggs - White (Rs/Egg),Grocery/Staple,2026,24,36.5,18.12,5.87,310,0,36.67,1
Eggs - White (Rs/Egg),Grocery/Staple,2026,25,35.5,2.31,2.33,303,0,36.57,1
Green Chillies,Low Country,2023,1,271.28,,0.0,102,0,271.74,1
Green Chillies,Low Country,2023,2,271.74,,0.08,95,0,289.7,1
Green Chillies,Low Country,2023,3,307.67,,8.5,88,0,285.95,0
Green Chillies,Low Country,2023,4,278.44,,-1.36,81,0,283.62,1
Green Chillies,Low Country,2023,5,276.64,1.98,-1.6,74,0,270.33,0
Green Chillies,Low Country,2023,6,218.57,-19.56,-19.26,67,0,250.52,1
Green Chillies,Low Country,2023,7,228.43,-25.75,-13.7,60,0,252.41,1
Green Chillies,Low Country,2023,8,285.98,2.71,6.97,53,0,271.07,0
Green Chillies,Low Country,2023,9,351.28,26.98,26.97,46,0,302.59,0
Green Chillies,Low Country,2023,10,344.69,57.7,21.59,39,1,322.74,0
Green Chillies,Low Country,2023,11,309.02,35.28,8.13,32,1,322.94,1
Green Chillies,Low Country,2023,12,286.77,0.28,0.31,25,1,301.56,1
Green Chillies,Low Country,2023,13,265.78,-24.34,-6.52,18,1,296.26,1
Green Chillies,Low Country,2023,14,323.46,-6.16,12.18,11,1,298.22,0
Green Chillies,Low Country,2023,15,316.88,2.54,8.59,4,1,306.97,0
Green Chillies,Low Country,2023,16,321.78,12.21,9.86,363,0,296.49,0
Green Chillies,Low Country,2023,17,223.84,-15.78,-22.47,356,0,267.37,1
Green Chillies,Low Country,2023,18,206.99,-36.01,-26.95,349,0,236.67,1
Green Chillies,Low Country,2023,19,194.06,-38.76,-31.05,342,0,208.24,1
Green Chillies,Low Country,2023,20,208.06,-35.34,-25.66,335,0,227.55,1
Green Chillies,Low Country,2023,21,301.08,34.51,7.13,328,0,267.07,0
Green Chillies,Low Country,2023,22,365.08,76.38,29.41,321,0,319.87,0
Green Chillies,Low Country,2023,23,405.27,108.84,41.32,314,0,383.94,0
Green Chillies,Low Country,2023,24,464.34,123.17,55.44,307,0,475.52,1
Green Chillies,Low Country,2023,25,667.41,121.67,103.48,300,0,586.82,0
Green Chillies,Low Country,2023,26,810.26,121.94,119.06,293,0,677.31,0
Green Chillies,Low Country,2023,27,767.22,89.31,89.9,286,0,721.16,0
Green Chillies,Low Country,2023,28,639.74,37.78,49.17,279,0,693.08,1
Green Chillies,Low Country,2023,29,555.09,-16.83,24.24,272,0,602.79,1
Green Chillies,Low Country,2023,30,449.09,-44.57,-3.24,265,0,516.96,1
Green Chillies,Low Country,2023,31,423.91,-44.75,-11.83,258,0,452.4,1
Green Chillies,Low Country,2023,32,381.52,-40.36,-22.96,251,0,415.31,1
Green Chillies,Low Country,2023,33,406.7,-26.73,-20.34,244,0,405.26,0
Green Chillies,Low Country,2023,34,408.93,-8.94,-21.18,237,0,437.41,1
Green Chillies,Low Country,2023,35,552.49,30.33,3.61,230,0,464.19,0
Green Chillies,Low Country,2023,36,488.66,28.08,-9.45,223,0,468.72,0
Green Chillies,Low Country,2023,37,424.82,4.46,-20.83,216,0,477.12,1
Green Chillies,Low Country,2023,38,442.5,8.21,-14.79,209,0,460.25,1
Green Chillies,Low Country,2023,39,485.0,-12.21,-1.88,202,0,440.36,0
Green Chillies,Low Country,2023,40,409.11,-16.28,-12.35,195,0,422.03,1
Green Chillies,Low Country,2023,41,351.52,-17.26,-20.93,188,0,393.68,1
Green Chillies,Low Country,2023,42,329.11,-25.63,-22.96,181,0,357.99,1
Green Chillies,Low Country,2023,43,342.24,-29.43,-18.31,174,0,353.26,1
Green Chillies,Low Country,2023,44,390.18,-4.63,-6.29,167,0,380.04,0
Green Chillies,Low Country,2023,45,458.62,30.47,8.6,160,0,434.97,0
Green Chillies,Low Country,2023,46,548.84,66.77,26.68,153,0,493.25,0
Green Chillies,Low Country,2023,47,575.34,68.11,28.99,146,0,597.96,1
Green Chillies,Low Country,2023,48,809.04,107.35,73.7,139,0,714.35,0
Green Chillies,Low Country,2023,49,924.18,101.51,85.11,132,0,831.54,0
Green Chillies,Low Country,2023,50,1017.59,85.41,86.76,125,0,937.66,0
Green Chillies,Low Country,2023,51,999.82,73.78,70.11,118,0,1026.94,1
Green Chillies,Low Country,2023,52,1166.15,44.14,82.17,111,0,1045.44,0
Green Chillies,Low Country,2024,1,998.21,8.01,45.63,104,0,1008.57,1
Green Chillies,Low Country,2024,2,870.09,-14.5,19.96,97,0,963.77,1
Green Chillies,Low Country,2024,3,820.62,-17.92,7.53,90,0,892.16,1
Green Chillies,Low Country,2024,4,879.71,-24.56,9.35,83,0,884.12,1
Green Chillies,Low Country,2024,5,966.07,-3.22,13.82,76,0,893.47,0
Green Chillies,Low Country,2024,6,907.46,4.3,2.73,69,0,864.96,0
Green Chillies,Low Country,2024,7,706.59,-13.9,-21.09,62,0,789.91,1
Green Chillies,Low Country,2024,8,579.5,-34.13,-35.31,55,0,642.87,1
Green Chillies,Low Country,2024,9,377.92,-60.88,-56.19,48,0,493.5,1
Green Chillies,Low Country,2024,10,310.0,-65.84,-61.98,41,1,391.34,1
Green Chillies,Low Country,2024,11,297.95,-57.83,-60.8,34,1,301.75,1
Green Chillies,Low Country,2024,12,221.13,-61.84,-68.41,27,1,252.5,1
Green Chillies,Low Country,2024,13,180.92,-52.13,-71.02,20,1,223.46,1
Green Chillies,Low Country,2024,14,193.84,-37.47,-65.54,13,1,190.57,0
Green Chillies,Low Country,2024,15,166.41,-44.15,-67.26,6,1,169.29,1
Green Chillies,Low Country,2024,16,136.0,-38.5,-70.15,364,0,147.09,1
Green Chillies,Low Country,2024,17,92.1,-49.09,-76.69,357,0,122.96,1
Green Chillies,Low Country,2024,18,97.34,-49.78,-70.35,350,0,110.72,1
Green Chillies,Low Country,2024,19,117.43,-29.43,-56.1,343,0,109.37,0
Green Chillies,Low Country,2024,20,130.6,-3.97,-41.48,336,0,135.23,1
Green Chillies,Low Country,2024,21,195.54,112.3,0.99,329,0,154.17,0
Green Chillies,Low Country,2024,22,173.12,77.86,-2.67,322,0,182.44,1
Green Chillies,Low Country,2024,23,230.48,96.27,34.19,315,0,210.65,0
Green Chillies,Low Country,2024,24,243.44,86.4,45.28,308,0,218.04,0
Green Chillies,Low Country,2024,25,225.09,15.11,34.09,301,0,226.18,1
Green Chillies,Low Country,2024,26,205.71,18.82,21.17,294,0,227.04,1
Green Chillies,Low Country,2024,27,233.9,1.48,35.31,287,0,279.04,1
Green Chillies,Low Country,2024,28,451.47,85.45,131.78,280,0,363.25,0
Green Chillies,Low Country,2024,29,561.94,149.65,146.95,273,0,468.16,0
Green Chillies,Low Country,2024,30,625.35,203.99,132.84,266,0,525.31,0
Green Chillies,Low Country,2024,31,462.47,97.72,55.89,259,0,513.29,1
Green Chillies,Low Country,2024,32,403.42,-10.64,26.6,252,0,440.81,1
Green Chillies,Low Country,2024,33,271.99,-51.6,-17.46,245,0,329.07,1
Green Chillies,Low Country,2024,34,178.41,-71.47,-45.64,238,0,257.26,1
Green Chillies,Low Country,2024,35,175.24,-62.11,-46.63,231,0,203.33,1
Green Chillies,Low Country,2024,36,187.68,-53.48,-42.27,224,0,186.96,0
Green Chillies,Low Country,2024,37,206.53,-24.07,-35.91,217,0,196.05,0
Green Chillies,Low Country,2024,38,214.76,20.38,-33.19,210,0,210.47,0
Green Chillies,Low Country,2024,39,232.93,32.92,-28.01,203,0,215.71,0
Green Chillies,Low Country,2024,40,208.62,11.16,-35.13,196,0,227.91,1
Green Chillies,Low Country,2024,41,255.31,23.62,-16.71,189,0,255.52,1
Green Chillies,Low Country,2024,42,325.2,51.42,12.8,182,0,278.66,0
Green Chillies,Low Country,2024,43,325.51,39.74,22.72,175,0,309.75,0
Green Chillies,Low Country,2024,44,333.0,59.62,30.45,168,0,325.88,0
Green Chillies,Low Country,2024,45,319.82,25.27,28.52,161,0,322.09,1
Green Chillies,Low Country,2024,46,310.05,-4.66,23.14,154,0,301.52,0
Green Chillies,Low Country,2024,47,243.22,-25.28,-5.27,147,0,330.25,1
Green Chillies,Low Country,2024,48,447.9,34.5,61.27,140,0,387.27,0
Green Chillies,Low Country,2024,49,547.93,71.32,79.39,133,0,497.7,0
Green Chillies,Low Country,2024,50,751.77,142.47,116.41,126,0,659.3,0
Green Chillies,Low Country,2024,51,889.59,265.76,122.79,119,0,763.9,0
Green Chillies,Low Country,2024,52,866.32,93.42,93.37,112,0,814.97,0
Green Chillies,Low Country,2025,1,752.19,37.28,53.56,105,0,677.03,0
Green Chillies,Low Country,2025,35,200.0,-73.4,-58.81,232,0,707.87,1
Green Chillies,Low Country,2026,1,1012.98,13.87,88.12,106,0,686.45,0
Green Chillies,Low Country,2026,2,780.64,-9.89,36.12,99,0,664.7,0
Green Chillies,Low Country,2026,3,665.16,-11.57,11.04,92,0,732.2,1
Green Chillies,Low Country,2026,4,470.02,135.01,-23.02,85,0,594.13,1
Green Chillies,Low Country,2026,5,460.72,-54.52,-25.95,78,0,497.76,1
Green Chillies,Low Country,2026,6,395.16,-49.38,-37.66,71,0,406.52,1
Green Chillies,Low Country,2026,7,300.2,-54.87,-51.78,64,0,356.17,1
Green Chillies,Low Country,2026,8,268.61,-42.85,-55.31,57,0,302.07,1
Green Chillies,Low Country,2026,9,244.33,-46.97,-56.53,50,0,272.48,1
Green Chillies,Low Country,2026,10,276.78,-29.96,-46.24,43,1,272.63,0
Green Chillies,Low Country,2026,11,300.81,0.2,-36.18,36,1,286.04,0
Green Chillies,Low Country,2026,12,322.26,19.97,-26.47,29,1,290.43,0
Green Chillies,Low Country,2026,13,261.88,7.19,-40.89,22,1,282.98,1
Green Chillies,Low Country,2026,14,246.94,-10.78,-35.71,15,1,265.05,1
Green Chillies,Low Country,2026,15,229.12,-23.83,-32.95,8,1,233.83,1
Green Chillies,Low Country,2026,16,197.38,-38.75,-35.43,1,1,204.84,1
Green Chillies,Low Country,2026,17,145.92,-44.28,-48.03,359,0,184.12,1
Green Chillies,Low Country,2026,18,164.06,-33.57,-36.4,352,0,167.77,1
Green Chillies,Low Country,2026,19,163.73,-28.54,-31.82,345,0,176.41,1
Green Chillies,Low Country,2026,20,231.95,17.51,-1.26,338,0,202.11,0
Green Chillies,Low Country,2026,21,248.71,70.44,6.57,331,0,232.21,0
Green Chillies,Low Country,2026,22,284.43,73.37,20.29,324,0,317.54,1
Green Chillies,Low Country,2026,23,505.07,208.48,98.83,317,0,382.43,0
Green Chillies,Low Country,2026,24,491.5,111.9,82.92,310,0,460.9,0
Green Chillies,Low Country,2026,25,562.59,126.2,95.9,303,0,519.72,0
Green Gram,Grocery/Staple,2023,1,1165.0,,0.0,102,0,1246.25,1
Green Gram,Grocery/Staple,2023,2,1246.25,,3.37,95,0,1233.72,0
Green Gram,Grocery/Staple,2023,3,1221.2,,0.86,88,0,1237.82,1
Green Gram,Grocery/Staple,2023,4,1246.0,,2.16,81,0,1251.46,1
Green Gram,Grocery/Staple,2023,5,1292.4,10.94,4.72,74,0,1283.4,0
Green Gram,Grocery/Staple,2023,6,1374.0,10.25,9.27,67,0,1335.7,0
Green Gram,Grocery/Staple,2023,7,1430.4,17.13,11.56,60,0,1384.1,0
Green Gram,Grocery/Staple,2023,8,1439.6,15.54,10.58,53,0,1420.65,0
Green Gram,Grocery/Staple,2023,9,1438.6,11.31,9.23,46,0,1434.15,0
Green Gram,Grocery/Staple,2023,10,1428.0,3.93,7.52,39,1,1435.25,1
Green Gram,Grocery/Staple,2023,11,1434.8,0.31,7.25,32,1,1430.8,0
Green Gram,Grocery/Staple,2023,12,1421.8,-1.24,5.72,25,1,1419.25,0
Green Gram,Grocery/Staple,2023,13,1392.4,-3.21,3.26,18,1,1406.0,1
Green Gram,Grocery/Staple,2023,14,1375.0,-3.71,0.76,11,1,1398.55,1
Green Gram,Grocery/Staple,2023,15,1405.0,-2.08,2.04,4,1,1391.7,0
Green Gram,Grocery/Staple,2023,16,1394.4,-1.93,0.3,363,0,1401.4,1
Green Gram,Grocery/Staple,2023,17,1431.2,2.79,1.91,356,0,1415.98,0
Green Gram,Grocery/Staple,2023,18,1433.33,4.24,1.28,349,0,1423.43,0
Green Gram,Grocery/Staple,2023,19,1434.8,2.12,1.05,342,0,1430.83,0
Green Gram,Grocery/Staple,2023,20,1424.0,2.12,0.32,335,0,1428.03,1
Green Gram,Grocery/Staple,2023,21,1420.0,-0.78,0.14,328,0,1384.6,0
Green Gram,Grocery/Staple,2023,22,1259.6,-12.12,-10.3,321,0,1292.4,1
Green Gram,Grocery/Staple,2023,23,1066.0,-25.7,-22.55,314,0,1186.0,1
Green Gram,Grocery/Staple,2023,24,998.4,-29.89,-25.65,307,0,1063.0,1
Green Gram,Grocery/Staple,2023,25,928.0,-34.65,-28.88,300,0,971.85,1
Green Gram,Grocery/Staple,2023,26,895.0,-28.95,-29.33,293,0,917.72,1
Green Gram,Grocery/Staple,2023,27,849.5,-20.31,-30.71,286,0,897.42,1
Green Gram,Grocery/Staple,2023,28,917.2,-8.13,-22.83,279,0,888.22,0
Green Gram,Grocery/Staple,2023,29,891.2,-3.97,-22.5,272,0,890.48,0
Green Gram,Grocery/Staple,2023,30,904.0,1.01,-18.51,265,0,910.6,1
Green Gram,Grocery/Staple,2023,31,930.0,9.48,-13.13,258,0,917.85,0
Green Gram,Grocery/Staple,2023,32,946.2,3.16,-8.4,251,0,928.35,0
Green Gram,Grocery/Staple,2023,33,933.2,4.71,-6.23,244,0,934.85,1
Green Gram,Grocery/Staple,2023,34,930.0,2.88,-2.88,237,0,932.91,1
Green Gram,Grocery/Staple,2023,35,922.25,-0.83,-1.0,230,0,916.36,0
Green Gram,Grocery/Staple,2023,36,880.0,-7.0,-4.07,223,0,896.56,1
Green Gram,Grocery/Staple,2023,37,854.0,-8.49,-5.76,216,0,867.56,1
Green Gram,Grocery/Staple,2023,38,814.0,-12.47,-9.3,209,0,834.5,1
Green Gram,Grocery/Staple,2023,39,790.0,-14.34,-11.17,202,0,811.5,1
Green Gram,Grocery/Staple,2023,40,788.0,-10.45,-10.92,195,0,785.5,0
Green Gram,Grocery/Staple,2023,41,750.0,-12.18,-13.97,188,0,774.5,1
Green Gram,Grocery/Staple,2023,42,770.0,-5.41,-10.72,181,0,768.7,0
Green Gram,Grocery/Staple,2023,43,766.8,-2.94,-9.99,174,0,759.7,0
Green Gram,Grocery/Staple,2023,44,752.0,-4.57,-10.28,167,0,752.2,1
Green Gram,Grocery/Staple,2023,45,720.0,-4.0,-12.28,160,0,741.7,1
Green Gram,Grocery/Staple,2023,46,728.0,-5.45,-9.57,153,0,734.6,1
Green Gram,Grocery/Staple,2023,47,738.4,-3.7,-6.56,146,0,741.6,1
Green Gram,Grocery/Staple,2023,48,780.0,3.72,0.09,139,0,766.1,0
Green Gram,Grocery/Staple,2023,49,818.0,13.61,5.61,132,0,796.6,0
Green Gram,Grocery/Staple,2023,50,850.0,16.76,9.78,125,0,830.5,0
Green Gram,Grocery/Staple,2023,51,874.0,18.36,12.22,118,0,875.5,1
Green Gram,Grocery/Staple,2023,52,960.0,23.08,21.22,111,0,925.5,0
Green Gram,Grocery/Staple,2024,1,1018.0,24.45,25.74,104,0,965.5,0
Green Gram,Grocery/Staple,2024,2,1010.0,18.82,21.74,97,0,990.75,0
Green Gram,Grocery/Staple,2024,3,975.0,11.56,15.33,90,0,995.75,1
Green Gram,Grocery/Staple,2024,4,980.0,2.08,13.72,83,0,985.75,1
Green Gram,Grocery/Staple,2024,5,978.0,-3.93,11.24,76,0,981.25,1
Green Gram,Grocery/Staple,2024,6,992.0,-1.78,10.21,69,0,997.5,1
Green Gram,Grocery/Staple,2024,7,1040.0,6.67,12.54,62,0,1012.5,0
Green Gram,Grocery/Staple,2024,8,1040.0,6.12,9.78,55,0,1044.25,1
Green Gram,Grocery/Staple,2024,9,1105.0,12.99,13.65,48,0,1086.25,0
Green Gram,Grocery/Staple,2024,10,1160.0,16.94,16.16,41,1,1116.25,0
Green Gram,Grocery/Staple,2024,11,1160.0,11.54,13.45,34,1,1166.75,1
Green Gram,Grocery/Staple,2024,12,1242.0,19.42,18.2,27,1,1218.0,0
Green Gram,Grocery/Staple,2024,13,1310.0,18.55,21.56,20,1,1253.5,0
Green Gram,Grocery/Staple,2024,14,1302.0,12.24,18.41,13,1,1279.33,0
Green Gram,Grocery/Staple,2024,15,1263.33,8.91,12.9,6,1,1286.33,1
Green Gram,Grocery/Staple,2024,16,1270.0,2.25,11.24,364,0,1268.83,0
Green Gram,Grocery/Staple,2024,17,1240.0,-5.34,6.74,357,0,1250.21,1
Green Gram,Grocery/Staple,2024,18,1227.5,-5.72,3.95,350,0,1222.88,0
Green Gram,Grocery/Staple,2024,19,1154.0,-8.65,-3.3,343,0,1185.38,1
Green Gram,Grocery/Staple,2024,20,1120.0,-11.81,-6.63,336,0,1127.04,1
Green Gram,Grocery/Staple,2024,21,1006.67,-18.82,-15.9,329,0,1072.17,1
Green Gram,Grocery/Staple,2024,22,1008.0,-17.88,-15.26,322,0,1038.67,1
Green Gram,Grocery/Staple,2024,23,1020.0,-11.61,-13.47,315,0,997.67,0
Green Gram,Grocery/Staple,2024,24,956.0,-14.64,-17.8,308,0,969.33,1
Green Gram,Grocery/Staple,2024,25,893.33,-11.26,-21.38,301,0,934.83,1
Green Gram,Grocery/Staple,2024,26,870.0,-13.69,-21.08,294,0,885.13,1
Green Gram,Grocery/Staple,2024,27,821.2,-19.49,-22.92,287,0,848.33,1
Green Gram,Grocery/Staple,2024,28,808.8,-15.4,-21.51,280,0,821.5,1
Green Gram,Grocery/Staple,2024,29,786.0,-12.01,-20.86,273,0,792.0,1
Green Gram,Grocery/Staple,2024,30,752.0,-13.56,-21.31,266,0,793.2,1
Green Gram,Grocery/Staple,2024,31,826.0,0.58,-10.68,259,0,798.5,0
Green Gram,Grocery/Staple,2024,32,830.0,2.62,-7.76,252,0,799.6,0
Green Gram,Grocery/Staple,2024,33,790.4,0.56,-9.62,245,0,805.35,1
Green Gram,Grocery/Staple,2024,34,775.0,3.06,-9.53,238,0,795.35,1
Green Gram,Grocery/Staple,2024,35,786.0,-4.84,-6.38,231,0,781.35,0
Green Gram,Grocery/Staple,2024,36,774.0,-6.75,-5.69,224,0,776.25,1
Green Gram,Grocery/Staple,2024,37,770.0,-2.58,-4.51,217,0,772.5,1
Green Gram,Grocery/Staple,2024,38,760.0,-1.94,-4.54,210,0,753.5,0
Green Gram,Grocery/Staple,2024,39,710.0,-9.67,-9.42,203,0,725.7,1
Green Gram,Grocery/Staple,2024,40,662.8,-14.37,-14.1,196,0,697.2,1
Green Gram,Grocery/Staple,2024,41,656.0,-14.81,-13.67,189,0,665.95,1
Green Gram,Grocery/Staple,2024,42,635.0,-16.45,-15.13,182,0,649.75,1
Green Gram,Grocery/Staple,2024,43,645.2,-9.13,-12.81,175,0,633.05,0
Green Gram,Grocery/Staple,2024,44,596.0,-10.08,-17.49,168,0,610.95,1
Green Gram,Grocery/Staple,2024,45,567.6,-13.48,-19.16,161,0,595.95,1
Green Gram,Grocery/Staple,2024,46,575.0,-9.45,-16.13,154,0,572.15,0
Green Gram,Grocery/Staple,2024,47,550.0,-14.76,-17.7,147,0,558.15,1
Green Gram,Grocery/Staple,2024,48,540.0,-9.4,-16.84,140,0,551.88,1
Green Gram,Grocery/Staple,2024,49,542.5,-4.42,-14.1,133,0,539.38,0
Green Gram,Grocery/Staple,2024,50,525.0,-8.7,-14.31,126,0,537.58,1
Green Gram,Grocery/Staple,2024,51,542.8,-1.31,-8.92,119,0,538.83,0
Green Gram,Grocery/Staple,2024,52,545.0,0.93,-6.57,112,0,540.7,0
Green Gram,Grocery/Staple,2025,1,550.0,1.38,-4.29,105,0,616.95,1
Green Gram,Grocery/Staple,2025,35,830.0,58.1,41.15,232,0,643.75,0
Green Gram,Grocery/Staple,2026,1,650.0,19.75,10.33,106,0,675.25,1
Green Gram,Grocery/Staple,2026,2,671.0,23.12,13.51,99,0,702.42,1
Green Gram,Grocery/Staple,2026,3,658.67,19.76,10.52,92,0,653.92,0
Green Gram,Grocery/Staple,2026,4,636.0,-23.37,5.78,85,0,649.32,1
Green Gram,Grocery/Staple,2026,5,631.6,-2.83,4.3,78,0,638.07,1
Green Gram,Grocery/Staple,2026,6,626.0,-6.71,2.38,71,0,630.3,1
Green Gram,Grocery/Staple,2026,7,627.6,-4.72,1.53,64,0,626.5,0
Green Gram,Grocery/Staple,2026,8,620.8,-2.39,-0.54,57,0,625.8,1
Green Gram,Grocery/Staple,2026,9,628.8,-0.44,-0.53,50,0,648.3,1
Green Gram,Grocery/Staple,2026,10,716.0,14.38,10.92,43,1,680.9,0
Green Gram,Grocery/Staple,2026,11,758.0,20.78,14.52,36,1,720.5,0
Green Gram,Grocery/Staple,2026,12,779.2,25.52,14.67,29,1,764.8,0
Green Gram,Grocery/Staple,2026,13,806.0,28.18,18.94,22,1,785.47,0
Green Gram,Grocery/Staple,2026,14,798.67,11.55,15.9,15,1,807.72,1
Green Gram,Grocery/Staple,2026,15,847.0,11.74,20.55,8,1,825.32,0
Green Gram,Grocery/Staple,2026,17,849.6,9.03,18.44,359,0,832.82,0
Green Gram,Grocery/Staple,2026,18,836.0,3.72,14.1,352,0,840.85,1
Green Gram,Grocery/Staple,2026,19,830.8,4.02,11.06,345,0,836.6,1
Green Gram,Grocery/Staple,2026,20,830.0,-2.01,8.68,338,0,831.7,1
Green Gram,Grocery/Staple,2026,21,830.0,-2.31,6.51,331,0,830.32,1
Green Gram,Grocery/Staple,2026,22,830.5,-0.66,4.41,324,0,827.22,0
Green Gram,Grocery/Staple,2026,23,818.4,-1.49,1.04,317,0,823.92,1
Green Gram,Grocery/Staple,2026,24,816.8,-1.59,-0.12,310,0,815.42,0
Green Gram,Grocery/Staple,2026,25,796.0,-4.1,-3.01,303,0,810.4,1
Keeri Samba,Grocery/Staple,2023,1,220.95,,0.0,102,0,221.15,1
Keeri Samba,Grocery/Staple,2023,2,221.15,,0.05,95,0,221.08,0
Keeri Samba,Grocery/Staple,2023,3,221.02,,-0.01,88,0,220.68,0
Keeri Samba,Grocery/Staple,2023,4,219.88,,-0.39,81,0,219.98,1
Keeri Samba,Grocery/Staple,2023,5,217.86,-1.4,-1.05,74,0,219.26,1
Keeri Samba,Grocery/Staple,2023,6,218.26,-1.31,-0.72,67,0,218.89,1
Keeri Samba,Grocery/Staple,2023,7,219.56,-0.66,-0.11,60,0,222.23,1
Keeri Samba,Grocery/Staple,2023,8,233.25,6.08,5.31,53,0,229.06,0
Keeri Samba,Grocery/Staple,2023,9,245.16,12.53,9.39,46,0,236.0,0
Keeri Samba,Grocery/Staple,2023,10,246.03,12.72,8.71,39,1,242.7,0
Keeri Samba,Grocery/Staple,2023,11,246.35,12.2,7.98,32,1,245.32,0
Keeri Samba,Grocery/Staple,2023,12,243.74,4.5,6.24,25,1,244.63,1
Keeri Samba,Grocery/Staple,2023,13,242.4,-1.13,5.19,18,1,243.91,1
Keeri Samba,Grocery/Staple,2023,14,243.17,-1.16,4.75,11,1,243.83,1
Keeri Samba,Grocery/Staple,2023,15,246.0,-0.14,5.1,4,1,244.42,0
Keeri Samba,Grocery/Staple,2023,16,246.1,0.97,4.29,363,0,245.88,0
Keeri Samba,Grocery/Staple,2023,17,248.26,2.42,4.24,356,0,249.26,1
Keeri Samba,Grocery/Staple,2023,18,256.67,5.55,6.43,349,0,252.8,0
Keeri Samba,Grocery/Staple,2023,19,260.17,5.76,6.46,342,0,256.2,0
Keeri Samba,Grocery/Staple,2023,20,259.72,5.53,4.95,335,0,258.95,0
Keeri Samba,Grocery/Staple,2023,21,259.24,4.42,3.92,328,0,259.49,1
Keeri Samba,Grocery/Staple,2023,22,258.84,0.85,3.32,321,0,258.92,1
Keeri Samba,Grocery/Staple,2023,23,257.88,-0.88,2.57,314,0,258.35,1
Keeri Samba,Grocery/Staple,2023,24,257.44,-0.88,2.05,307,0,257.67,1
Keeri Samba,Grocery/Staple,2023,25,256.52,-1.05,1.29,300,0,257.02,1
Keeri Samba,Grocery/Staple,2023,26,256.24,-1.01,0.75,293,0,256.62,1
Keeri Samba,Grocery/Staple,2023,27,256.3,-0.61,0.38,286,0,256.62,1
Keeri Samba,Grocery/Staple,2023,28,257.43,-0.0,0.47,279,0,256.81,0
Keeri Samba,Grocery/Staple,2023,29,257.26,0.29,0.07,272,0,257.09,0
Keeri Samba,Grocery/Staple,2023,30,257.38,0.45,-0.15,265,0,257.44,1
Keeri Samba,Grocery/Staple,2023,31,257.69,0.54,-0.06,258,0,257.53,0
Keeri Samba,Grocery/Staple,2023,32,257.8,0.14,0.05,251,0,258.18,1
Keeri Samba,Grocery/Staple,2023,33,259.85,1.01,0.84,244,0,259.57,0
Keeri Samba,Grocery/Staple,2023,34,262.95,2.16,1.93,237,0,264.55,1
Keeri Samba,Grocery/Staple,2023,35,277.6,7.73,7.01,230,0,271.96,0
Keeri Samba,Grocery/Staple,2023,36,287.45,11.5,9.85,223,0,278.98,0
Keeri Samba,Grocery/Staple,2023,37,287.92,10.8,9.05,216,0,284.98,0
Keeri Samba,Grocery/Staple,2023,38,286.93,9.12,7.72,209,0,287.14,1
Keeri Samba,Grocery/Staple,2023,39,286.25,3.11,6.54,202,0,286.96,1
Keeri Samba,Grocery/Staple,2023,40,286.73,-0.25,5.8,195,0,286.16,0
Keeri Samba,Grocery/Staple,2023,41,284.75,-1.1,4.26,188,0,285.37,1
Keeri Samba,Grocery/Staple,2023,42,283.75,-1.11,3.12,181,0,286.29,1
Keeri Samba,Grocery/Staple,2023,43,289.92,1.28,4.41,174,0,289.42,0
Keeri Samba,Grocery/Staple,2023,44,299.28,4.38,6.56,167,0,294.33,0
Keeri Samba,Grocery/Staple,2023,45,304.39,6.9,7.01,160,0,299.91,0
Keeri Samba,Grocery/Staple,2023,46,306.07,7.87,6.27,153,0,304.39,0
Keeri Samba,Grocery/Staple,2023,47,307.82,6.17,5.62,146,0,306.61,0
Keeri Samba,Grocery/Staple,2023,48,308.16,2.97,4.89,139,0,308.1,0
Keeri Samba,Grocery/Staple,2023,49,310.33,1.95,5.0,132,0,309.25,0
Keeri Samba,Grocery/Staple,2023,50,310.66,1.5,4.49,125,0,311.51,1
Keeri Samba,Grocery/Staple,2023,51,316.88,2.94,5.76,118,0,313.32,0
Keeri Samba,Grocery/Staple,2023,52,315.42,2.35,4.49,111,0,316.05,1
Keeri Samba,Grocery/Staple,2024,1,321.25,3.52,5.5,104,0,320.83,0
Keeri Samba,Grocery/Staple,2024,2,329.79,6.16,7.08,97,0,325.31,0
Keeri Samba,Grocery/Staple,2024,3,334.79,5.65,7.34,90,0,329.3,0
Keeri Samba,Grocery/Staple,2024,4,331.38,5.06,5.17,83,0,332.9,1
Keeri Samba,Grocery/Staple,2024,5,335.62,4.47,5.58,76,0,332.65,0
Keeri Samba,Grocery/Staple,2024,6,328.8,-0.3,2.82,69,0,329.58,1
Keeri Samba,Grocery/Staple,2024,7,322.5,-3.67,0.46,62,0,327.04,1
Keeri Samba,Grocery/Staple,2024,8,321.24,-3.06,-0.26,55,0,321.78,1
Keeri Samba,Grocery/Staple,2024,9,314.6,-6.26,-2.47,48,0,319.58,1
Keeri Samba,Grocery/Staple,2024,10,320.0,-2.68,-1.02,41,1,318.96,0
Keeri Samba,Grocery/Staple,2024,11,320.0,-0.78,-1.24,34,1,318.15,0
Keeri Samba,Grocery/Staple,2024,12,318.0,-1.01,-1.88,27,1,318.88,1
Keeri Samba,Grocery/Staple,2024,13,317.5,0.92,-2.09,20,1,318.25,1
Keeri Samba,Grocery/Staple,2024,14,317.5,-0.78,-2.0,13,1,317.52,1
Keeri Samba,Grocery/Staple,2024,15,317.08,-0.91,-1.83,6,1,317.08,0
Keeri Samba,Grocery/Staple,2024,16,316.25,-0.55,-1.66,364,0,316.6,1
Keeri Samba,Grocery/Staple,2024,17,315.56,-0.61,-1.5,357,0,315.9,1
Keeri Samba,Grocery/Staple,2024,18,314.69,-0.89,-1.27,350,0,314.68,0
Keeri Samba,Grocery/Staple,2024,19,312.23,-1.53,-1.65,343,0,313.62,1
Keeri Samba,Grocery/Staple,2024,20,312.0,-1.34,-1.47,336,0,312.73,1
Keeri Samba,Grocery/Staple,2024,21,312.0,-1.13,-1.25,329,0,312.06,1
Keeri Samba,Grocery/Staple,2024,22,312.0,-0.85,-1.19,322,0,311.15,0
Keeri Samba,Grocery/Staple,2024,23,308.6,-1.16,-1.99,315,0,310.15,1
Keeri Samba,Grocery/Staple,2024,24,308.0,-1.28,-1.9,308,0,309.65,1
Keeri Samba,Grocery/Staple,2024,25,310.0,-0.64,-1.07,301,0,307.94,0
Keeri Samba,Grocery/Staple,2024,26,305.17,-2.19,-2.31,294,0,304.02,0
Keeri Samba,Grocery/Staple,2024,27,292.9,-5.09,-5.67,287,0,299.39,1
Keeri Samba,Grocery/Staple,2024,28,289.5,-6.01,-6.12,280,0,293.57,1
Keeri Samba,Grocery/Staple,2024,29,286.7,-7.52,-6.34,273,0,289.74,1
Keeri Samba,Grocery/Staple,2024,30,289.88,-5.01,-4.69,266,0,288.49,0
Keeri Samba,Grocery/Staple,2024,31,287.87,-1.72,-4.7,259,0,287.36,0
Keeri Samba,Grocery/Staple,2024,32,285.0,-1.55,-4.99,252,0,281.06,0
Keeri Samba,Grocery/Staple,2024,33,261.5,-8.79,-11.68,245,0,274.37,1
Keeri Samba,Grocery/Staple,2024,34,263.12,-9.23,-9.99,238,0,267.66,1
Keeri Samba,Grocery/Staple,2024,35,261.02,-9.33,-9.49,231,0,261.44,1
Keeri Samba,Grocery/Staple,2024,36,260.12,-8.73,-8.62,224,0,261.07,1
Keeri Samba,Grocery/Staple,2024,37,260.0,-0.57,-7.47,217,0,260.48,1
Keeri Samba,Grocery/Staple,2024,38,260.75,-0.9,-5.93,210,0,260.48,0
Keeri Samba,Grocery/Staple,2024,39,261.06,0.01,-4.65,203,0,260.54,0
Keeri Samba,Grocery/Staple,2024,40,260.34,0.08,-4.04,196,0,258.31,0
Keeri Samba,Grocery/Staple,2024,41,251.1,-3.42,-6.43,189,0,256.03,1
Keeri Samba,Grocery/Staple,2024,42,251.62,-3.5,-5.28,182,0,252.97,1
Keeri Samba,Grocery/Staple,2024,43,248.8,-4.7,-5.21,175,0,250.01,1
Keeri Samba,Grocery/Staple,2024,44,248.5,-4.55,-4.22,168,0,249.51,1
Keeri Samba,Grocery/Staple,2024,45,249.1,-0.8,-2.96,161,0,248.81,0
Keeri Samba,Grocery/Staple,2024,46,248.82,-1.11,-2.7,154,0,249.2,1
Keeri Samba,Grocery/Staple,2024,47,250.38,0.64,-1.71,147,0,249.47,0
Keeri Samba,Grocery/Staple,2024,48,249.58,0.43,-1.69,140,0,253.63,1
Keeri Samba,Grocery/Staple,2024,49,265.75,6.68,4.51,133,0,255.43,0
Keeri Samba,Grocery/Staple,2024,50,256.0,2.88,0.79,126,0,256.68,1
Keeri Samba,Grocery/Staple,2024,51,255.4,2.0,0.72,119,0,258.12,1
Keeri Samba,Grocery/Staple,2024,52,255.34,2.31,0.87,112,0,255.55,1
Keeri Samba,Grocery/Staple,2025,1,255.44,-3.88,1.06,105,0,277.8,1
Keeri Samba,Grocery/Staple,2025,35,345.0,34.77,32.7,232,0,298.91,0
Keeri Samba,Grocery/Staple,2026,1,339.85,33.07,27.4,106,0,320.59,0
Keeri Samba,Grocery/Staple,2026,2,342.08,33.97,24.87,99,0,341.97,0
Keeri Samba,Grocery/Staple,2026,3,340.93,33.47,21.31,92,0,341.67,1
Keeri Samba,Grocery/Staple,2026,4,343.8,-0.35,19.24,85,0,342.77,0
Keeri Samba,Grocery/Staple,2026,5,344.27,1.3,16.43,78,0,342.13,0
Keeri Samba,Grocery/Staple,2026,6,339.5,-0.75,12.22,71,0,338.84,0
Keeri Samba,Grocery/Staple,2026,7,327.8,-3.85,6.24,64,0,333.77,1
Keeri Samba,Grocery/Staple,2026,8,323.5,-5.9,3.36,57,0,327.34,1
Keeri Samba,Grocery/Staple,2026,9,318.56,-7.47,0.24,50,0,321.57,1
Keeri Samba,Grocery/Staple,2026,10,316.43,-6.79,-1.88,43,1,321.97,1
Keeri Samba,Grocery/Staple,2026,11,329.38,0.48,0.36,36,1,324.63,0
Keeri Samba,Grocery/Staple,2026,12,334.14,3.29,-0.03,29,1,330.57,0
Keeri Samba,Grocery/Staple,2026,13,342.32,7.46,2.48,22,1,336.0,0
Keeri Samba,Grocery/Staple,2026,14,338.17,6.87,1.27,15,1,339.42,1
Keeri Samba,Grocery/Staple,2026,15,343.04,4.15,2.71,8,1,342.98,0
Keeri Samba,Grocery/Staple,2026,17,348.38,4.26,4.13,359,0,343.77,0
Keeri Samba,Grocery/Staple,2026,18,345.5,0.93,3.23,352,0,345.4,0
Keeri Samba,Grocery/Staple,2026,19,344.68,1.93,2.97,345,0,346.04,1
Keeri Samba,Grocery/Staple,2026,20,345.58,0.74,3.1,338,0,345.54,0
Keeri Samba,Grocery/Staple,2026,21,346.38,-0.57,2.9,331,0,344.24,0
Keeri Samba,Grocery/Staple,2026,22,340.32,-1.5,0.71,324,0,343.29,1
Keeri Samba,Grocery/Staple,2026,23,340.86,-1.11,0.36,317,0,341.41,1
Keeri Samba,Grocery/Staple,2026,24,338.06,-2.18,-0.95,310,0,339.34,1
Keeri Samba,Grocery/Staple,2026,25,338.14,-2.38,-1.12,303,0,339.02,1
Knolkhol,Up Country,2023,1,237.13,,0.0,102,0,256.48,1
Knolkhol,Up Country,2023,2,256.48,,3.92,95,0,252.15,0
Knolkhol,Up Country,2023,3,247.83,,0.28,88,0,234.13,0
Knolkhol,Up Country,2023,4,198.09,,-15.67,81,0,212.28,1
Knolkhol,Up Country,2023,5,146.73,-38.12,-32.46,74,0,178.25,1
Knolkhol,Up Country,2023,6,120.37,-53.07,-40.15,67,0,149.39,1
Knolkhol,Up Country,2023,7,132.37,-46.59,-30.8,60,0,134.45,1
Knolkhol,Up Country,2023,8,138.33,-30.16,-25.09,53,0,130.83,0
Knolkhol,Up Country,2023,9,132.26,-9.86,-26.05,46,0,129.92,0
Knolkhol,Up Country,2023,10,116.72,-3.03,-32.39,39,1,122.3,1
Knolkhol,Up Country,2023,11,101.89,-23.03,-38.7,32,1,110.93,1
Knolkhol,Up Country,2023,12,92.86,-32.87,-42.0,25,1,101.51,1
Knolkhol,Up Country,2023,13,94.56,-28.5,-39.01,18,1,95.16,1
Knolkhol,Up Country,2023,14,91.32,-21.76,-36.51,11,1,93.71,1
Knolkhol,Up Country,2023,15,96.09,-5.69,-26.92,4,1,97.35,1
Knolkhol,Up Country,2023,16,107.42,15.69,-10.99,363,0,102.26,0
Knolkhol,Up Country,2023,17,114.2,20.77,-0.04,356,0,112.52,0
Knolkhol,Up Country,2023,18,132.36,44.93,16.99,349,0,128.26,0
Knolkhol,Up Country,2023,19,159.04,65.51,36.98,342,0,151.63,0
Knolkhol,Up Country,2023,20,200.92,87.03,65.52,335,0,180.47,0
Knolkhol,Up Country,2023,21,229.56,101.02,78.78,328,0,208.92,0
Knolkhol,Up Country,2023,22,246.17,85.99,79.47,321,0,230.48,0
Knolkhol,Up Country,2023,23,245.26,54.21,66.78,314,0,236.37,0
Knolkhol,Up Country,2023,24,224.48,11.73,43.46,307,0,230.9,1
Knolkhol,Up Country,2023,25,207.7,-9.52,25.64,300,0,214.89,1
Knolkhol,Up Country,2023,26,182.11,-26.02,5.85,293,0,189.39,1
Knolkhol,Up Country,2023,27,143.26,-41.59,-18.62,286,0,162.48,1
Knolkhol,Up Country,2023,28,116.84,-47.95,-34.23,279,0,136.15,1
Knolkhol,Up Country,2023,29,102.38,-50.71,-42.24,272,0,112.56,1
Knolkhol,Up Country,2023,30,87.78,-51.8,-49.9,265,0,96.23,1
Knolkhol,Up Country,2023,31,77.91,-45.61,-54.44,258,0,84.63,1
Knolkhol,Up Country,2023,32,70.44,-39.71,-57.11,251,0,76.32,1
Knolkhol,Up Country,2023,33,69.17,-32.44,-55.11,244,0,71.29,1
Knolkhol,Up Country,2023,34,67.66,-22.92,-52.23,237,0,69.09,1
Knolkhol,Up Country,2023,35,69.08,-11.33,-46.03,230,0,68.56,0
Knolkhol,Up Country,2023,36,68.33,-2.99,-40.27,223,0,70.15,1
Knolkhol,Up Country,2023,37,75.52,9.18,-26.64,216,0,72.21,0
Knolkhol,Up Country,2023,38,75.91,12.2,-18.2,209,0,75.17,0
Knolkhol,Up Country,2023,39,80.93,17.14,-4.81,202,0,78.37,0
Knolkhol,Up Country,2023,40,81.11,18.7,1.09,195,0,79.45,0
Knolkhol,Up Country,2023,41,79.84,5.73,3.17,188,0,81.52,1
Knolkhol,Up Country,2023,42,84.21,10.93,10.81,181,0,90.17,1
Knolkhol,Up Country,2023,43,115.54,42.77,47.89,174,0,114.12,0
Knolkhol,Up Country,2023,44,176.9,118.1,106.32,167,0,145.41,0
Knolkhol,Up Country,2023,45,204.98,156.73,113.32,160,0,179.51,0
Knolkhol,Up Country,2023,46,220.63,162.02,104.78,153,0,211.84,0
Knolkhol,Up Country,2023,47,244.84,111.91,101.73,146,0,235.24,0
Knolkhol,Up Country,2023,48,270.5,52.91,97.64,139,0,257.06,0
Knolkhol,Up Country,2023,49,292.24,42.57,89.66,132,0,272.59,0
Knolkhol,Up Country,2023,50,282.76,28.16,66.3,125,0,276.34,0
Knolkhol,Up Country,2023,51,259.84,6.13,41.08,118,0,276.95,1
Knolkhol,Up Country,2023,52,272.96,0.91,37.2,111,0,273.02,1
Knolkhol,Up Country,2024,1,276.52,-5.38,29.23,104,0,271.62,0
Knolkhol,Up Country,2024,2,277.14,-1.98,20.94,97,0,286.5,1
Knolkhol,Up Country,2024,3,319.38,22.91,29.17,90,0,259.56,0
Knolkhol,Up Country,2024,29,165.2,-39.48,-34.2,273,0,233.2,1
Knolkhol,Up Country,2024,30,171.1,-38.13,-31.73,266,0,196.53,1
Knolkhol,Up Country,2024,31,130.43,-52.94,-46.74,259,0,140.64,1
Knolkhol,Up Country,2024,32,95.82,-70.0,-59.28,252,0,119.92,1
Knolkhol,Up Country,2024,33,82.35,-50.15,-63.04,245,0,94.65,1
Knolkhol,Up Country,2024,34,70.0,-59.09,-66.24,238,0,81.94,1
Knolkhol,Up Country,2024,35,79.59,-38.98,-58.33,231,0,81.9,1
Knolkhol,Up Country,2024,36,95.65,-0.17,-45.84,224,0,85.95,0
Knolkhol,Up Country,2024,37,98.54,19.67,-39.99,217,0,95.51,0
Knolkhol,Up Country,2024,38,108.25,54.64,-28.56,210,0,104.46,0
Knolkhol,Up Country,2024,39,115.4,45.01,-17.06,203,0,104.4,0
Knolkhol,Up Country,2024,40,95.4,-0.27,-23.78,196,0,103.01,1
Knolkhol,Up Country,2024,41,93.0,-5.63,-13.69,189,0,99.83,1
Knolkhol,Up Country,2024,42,95.53,-11.75,-6.7,182,0,98.19,1
Knolkhol,Up Country,2024,43,108.84,-5.69,11.51,175,0,102.67,0
Knolkhol,Up Country,2024,44,113.33,18.8,17.71,168,0,110.96,0
Knolkhol,Up Country,2024,45,126.15,35.65,27.92,161,0,123.02,0
Knolkhol,Up Country,2024,46,143.76,50.5,39.11,154,0,136.96,0
Knolkhol,Up Country,2024,47,164.6,51.24,48.8,147,0,158.94,0
Knolkhol,Up Country,2024,48,201.26,77.58,67.74,140,0,187.29,0
Knolkhol,Up Country,2024,49,239.53,89.88,82.79,133,0,218.47,0
Knolkhol,Up Country,2024,50,268.49,86.76,86.3,126,0,251.43,0
Knolkhol,Up Country,2024,51,296.45,80.1,86.92,119,0,273.93,0
Knolkhol,Up Country,2024,52,291.26,44.72,69.22,112,0,287.25,0
Knolkhol,Up Country,2025,1,292.81,22.24,56.33,105,0,264.77,0
Knolkhol,Up Country,2025,35,178.57,-33.49,-7.9,232,0,288.27,1
Knolkhol,Up Country,2026,1,390.44,31.7,80.28,106,0,307.96,0
Knolkhol,Up Country,2026,2,370.01,27.04,56.34,99,0,309.54,0
Knolkhol,Up Country,2026,3,299.12,2.15,19.19,92,0,322.53,1
Knolkhol,Up Country,2026,4,230.55,29.11,-10.98,85,0,272.94,1
Knolkhol,Up Country,2026,5,192.08,-50.81,-26.89,78,0,218.73,1
Knolkhol,Up Country,2026,6,153.17,-58.6,-41.5,71,0,178.53,1
Knolkhol,Up Country,2026,7,138.32,-53.76,-46.18,64,0,157.77,1
Knolkhol,Up Country,2026,8,147.5,-36.02,-40.98,57,0,143.3,0
Knolkhol,Up Country,2026,9,134.22,-30.12,-43.98,50,0,139.44,1
Knolkhol,Up Country,2026,10,137.71,-10.1,-39.43,43,1,139.49,1
Knolkhol,Up Country,2026,11,138.53,0.16,-35.75,36,1,134.08,0
Knolkhol,Up Country,2026,12,125.87,-14.67,-37.93,29,1,128.21,1
Knolkhol,Up Country,2026,13,110.73,-17.5,-43.95,22,1,121.23,1
Knolkhol,Up Country,2026,14,109.81,-20.26,-37.6,15,1,116.08,1
Knolkhol,Up Country,2026,15,117.9,-14.89,-24.7,8,1,110.59,0
Knolkhol,Up Country,2026,16,103.91,-17.45,-26.6,1,1,114.36,1
Knolkhol,Up Country,2026,17,125.82,13.63,-5.76,359,0,127.09,1
Knolkhol,Up Country,2026,18,160.75,46.39,22.62,352,0,146.09,0
Knolkhol,Up Country,2026,19,193.9,64.46,44.46,345,0,179.42,0
Knolkhol,Up Country,2026,20,237.19,128.28,67.23,338,0,216.48,0
Knolkhol,Up Country,2026,21,274.08,117.84,80.83,331,0,251.27,0
Knolkhol,Up Country,2026,22,299.91,86.57,82.52,324,0,283.86,0
Knolkhol,Up Country,2026,23,324.23,67.21,81.48,317,0,301.12,0
Knolkhol,Up Country,2026,24,306.26,29.12,59.87,310,0,296.29,0
Knolkhol,Up Country,2026,25,254.74,-7.06,26.43,303,0,295.08,1
Ladies Fingers,Low Country,2023,1,145.12,,0.0,102,0,176.55,1
Ladies Fingers,Low Country,2023,2,176.55,,9.77,95,0,184.14,1
Ladies Fingers,Low Country,2023,3,191.73,,12.04,88,0,187.73,0
Ladies Fingers,Low Country,2023,4,194.9,,10.07,81,0,191.87,0
Ladies Fingers,Low Country,2023,5,204.29,40.77,11.93,74,0,197.93,0
Ladies Fingers,Low Country,2023,6,200.82,13.75,8.22,67,0,201.61,1
Ladies Fingers,Low Country,2023,7,206.43,7.66,9.48,60,0,203.09,0
Ladies Fingers,Low Country,2023,8,200.82,3.04,5.65,53,0,200.41,0
Ladies Fingers,Low Country,2023,9,193.57,-5.24,1.63,46,0,194.62,1
Ladies Fingers,Low Country,2023,10,177.67,-11.53,-6.09,39,1,182.73,1
Ladies Fingers,Low Country,2023,11,158.88,-23.04,-14.78,32,1,162.22,1
Ladies Fingers,Low Country,2023,12,118.76,-40.86,-34.31,25,1,136.92,1
Ladies Fingers,Low Country,2023,13,92.36,-52.28,-46.91,18,1,114.06,1
Ladies Fingers,Low Country,2023,14,86.23,-51.47,-49.12,11,1,100.19,1
Ladies Fingers,Low Country,2023,15,103.39,-34.92,-36.89,4,1,92.06,0
Ladies Fingers,Low Country,2023,16,86.26,-27.37,-44.61,363,0,95.02,1
Ladies Fingers,Low Country,2023,17,104.18,12.8,-29.96,356,0,106.86,1
Ladies Fingers,Low Country,2023,18,133.61,54.95,-6.77,349,0,113.77,0
Ladies Fingers,Low Country,2023,19,131.02,26.72,-5.01,342,0,130.75,0
Ladies Fingers,Low Country,2023,20,154.18,78.74,15.13,335,0,140.17,0
Ladies Fingers,Low Country,2023,21,141.86,36.16,9.64,328,0,140.6,0
Ladies Fingers,Low Country,2023,22,135.36,1.31,8.37,321,0,142.56,1
Ladies Fingers,Low Country,2023,23,138.84,5.97,13.88,314,0,146.88,1
Ladies Fingers,Low Country,2023,24,171.46,11.21,39.53,307,0,158.05,0
Ladies Fingers,Low Country,2023,25,186.53,31.49,45.61,300,0,170.3,0
Ladies Fingers,Low Country,2023,26,184.37,36.21,36.39,293,0,173.94,0
Ladies Fingers,Low Country,2023,27,153.39,10.48,9.3,286,0,165.28,1
Ladies Fingers,Low Country,2023,28,136.82,-20.2,-4.26,279,0,144.67,1
Ladies Fingers,Low Country,2023,29,104.08,-44.2,-27.86,272,0,121.04,1
Ladies Fingers,Low Country,2023,30,89.88,-51.25,-37.23,265,0,102.12,1
Ladies Fingers,Low Country,2023,31,77.7,-49.34,-44.05,258,0,86.42,1
Ladies Fingers,Low Country,2023,32,74.03,-45.89,-44.96,251,0,78.59,1
Ladies Fingers,Low Country,2023,33,72.76,-30.1,-43.27,244,0,74.04,1
Ladies Fingers,Low Country,2023,34,71.68,-20.25,-41.64,237,0,71.97,1
Ladies Fingers,Low Country,2023,35,69.4,-10.68,-41.07,230,0,71.04,1
Ladies Fingers,Low Country,2023,36,70.31,-5.03,-37.5,223,0,74.67,1
Ladies Fingers,Low Country,2023,37,87.3,19.99,-17.66,216,0,79.48,0
Ladies Fingers,Low Country,2023,38,90.92,26.83,-7.85,209,0,85.14,0
Ladies Fingers,Low Country,2023,39,92.02,32.59,0.51,202,0,90.85,0
Ladies Fingers,Low Country,2023,40,93.16,32.51,7.17,195,0,93.68,1
Ladies Fingers,Low Country,2023,41,98.62,12.97,17.42,188,0,99.86,1
Ladies Fingers,Low Country,2023,42,115.61,27.16,36.21,181,0,115.91,1
Ladies Fingers,Low Country,2023,43,156.26,69.81,73.66,174,0,133.8,0
Ladies Fingers,Low Country,2023,44,164.69,76.78,70.36,167,0,149.09,0
Ladies Fingers,Low Country,2023,45,159.78,62.01,54.72,160,0,160.23,1
Ladies Fingers,Low Country,2023,46,160.2,38.57,45.64,153,0,163.25,1
Ladies Fingers,Low Country,2023,47,168.33,7.73,43.35,146,0,163.52,0
Ladies Fingers,Low Country,2023,48,165.77,0.65,32.78,139,0,161.25,0
Ladies Fingers,Low Country,2023,49,150.68,-5.69,15.0,132,0,158.82,1
Ladies Fingers,Low Country,2023,50,150.51,-6.05,10.76,125,0,157.63,1
Ladies Fingers,Low Country,2023,51,163.57,-2.83,15.62,118,0,158.58,0
Ladies Fingers,Low Country,2023,52,169.55,2.28,14.99,111,0,166.57,0
Ladies Fingers,Low Country,2024,1,182.65,21.22,18.36,104,0,185.14,1
Ladies Fingers,Low Country,2024,2,224.8,49.36,37.04,97,0,226.95,1
Ladies Fingers,Low Country,2024,3,330.82,102.25,83.19,90,0,267.39,0
Ladies Fingers,Low Country,2024,4,331.29,95.39,70.72,83,0,300.35,0
Ladies Fingers,Low Country,2024,5,314.49,72.18,52.98,76,0,307.96,0
Ladies Fingers,Low Country,2024,6,255.26,13.55,19.89,69,0,286.89,1
Ladies Fingers,Low Country,2024,7,246.51,-25.48,12.28,62,0,256.11,1
Ladies Fingers,Low Country,2024,8,208.19,-37.16,-6.48,55,0,214.99,1
Ladies Fingers,Low Country,2024,9,150.0,-52.3,-32.25,48,0,181.84,1
Ladies Fingers,Low Country,2024,10,122.65,-51.95,-44.06,41,1,145.07,1
Ladies Fingers,Low Country,2024,11,99.44,-59.66,-53.82,34,1,109.64,1
Ladies Fingers,Low Country,2024,12,66.47,-68.07,-68.02,27,1,86.07,1
Ladies Fingers,Low Country,2024,13,55.72,-62.85,-72.01,20,1,70.8,1
Ladies Fingers,Low Country,2024,14,61.58,-49.79,-67.55,13,1,62.44,1
Ladies Fingers,Low Country,2024,15,65.98,-33.65,-62.84,6,1,63.51,0
Ladies Fingers,Low Country,2024,16,70.74,6.43,-55.1,364,0,74.74,1
Ladies Fingers,Low Country,2024,17,100.67,80.65,-28.0,357,0,88.62,0
Ladies Fingers,Low Country,2024,18,117.08,90.12,-6.06,350,0,102.88,0
Ladies Fingers,Low Country,2024,19,123.02,86.45,7.47,343,0,115.13,0
Ladies Fingers,Low Country,2024,20,119.74,69.27,14.35,336,0,117.27,0
Ladies Fingers,Low Country,2024,21,109.21,8.49,12.47,329,0,125.41,1
Ladies Fingers,Low Country,2024,22,149.66,27.83,54.17,322,0,133.07,0
Ladies Fingers,Low Country,2024,23,153.67,24.91,54.51,315,0,140.34,0
Ladies Fingers,Low Country,2024,24,148.81,24.27,44.11,308,0,149.42,1
Ladies Fingers,Low Country,2024,25,145.56,33.28,33.12,301,0,149.53,1
Ladies Fingers,Low Country,2024,26,150.1,0.29,28.73,294,0,152.03,1
Ladies Fingers,Low Country,2024,27,163.66,6.5,31.5,287,0,155.09,0
Ladies Fingers,Low Country,2024,28,161.06,8.23,22.23,280,0,156.48,0
Ladies Fingers,Low Country,2024,29,151.12,3.82,9.54,273,0,150.88,0
Ladies Fingers,Low Country,2024,30,127.69,-14.93,-8.81,266,0,130.93,1
Ladies Fingers,Low Country,2024,31,83.86,-48.76,-39.0,259,0,106.95,1
Ladies Fingers,Low Country,2024,32,65.12,-59.57,-51.05,252,0,84.97,1
Ladies Fingers,Low Country,2024,33,63.22,-58.16,-50.87,245,0,68.09,1
Ladies Fingers,Low Country,2024,34,60.15,-52.9,-51.84,238,0,64.51,1
Ladies Fingers,Low Country,2024,35,69.53,-17.09,-41.44,231,0,64.42,0
Ladies Fingers,Low Country,2024,36,64.76,-0.55,-42.12,224,0,64.01,0
Ladies Fingers,Low Country,2024,37,61.61,-2.54,-41.42,217,0,66.09,1
Ladies Fingers,Low Country,2024,38,68.44,13.78,-31.05,210,0,67.59,0
Ladies Fingers,Low Country,2024,39,75.54,8.63,-19.23,203,0,74.42,0
Ladies Fingers,Low Country,2024,40,92.08,42.18,4.62,196,0,82.92,0
Ladies Fingers,Low Country,2024,41,95.62,55.2,15.24,189,0,89.68,0
Ladies Fingers,Low Country,2024,42,95.49,39.53,21.33,182,0,96.77,1
Ladies Fingers,Low Country,2024,43,103.9,37.55,35.16,175,0,96.25,0
Ladies Fingers,Low Country,2024,44,89.98,-2.28,16.34,168,0,92.05,1
Ladies Fingers,Low Country,2024,45,78.85,-17.55,0.57,161,0,90.1,1
Ladies Fingers,Low Country,2024,46,87.66,-8.2,9.19,154,0,86.69,0
Ladies Fingers,Low Country,2024,47,90.28,-13.11,9.31,147,0,92.94,1
Ladies Fingers,Low Country,2024,48,114.97,27.77,33.55,140,0,115.23,1
Ladies Fingers,Low Country,2024,49,168.01,113.09,78.67,133,0,131.48,0
Ladies Fingers,Low Country,2024,50,152.64,74.13,51.07,126,0,133.32,0
Ladies Fingers,Low Country,2024,51,97.64,8.15,-5.46,119,0,129.77,1
Ladies Fingers,Low Country,2024,52,100.79,-12.34,-4.22,112,0,119.62,1
Ladies Fingers,Low Country,2025,1,127.41,-24.16,18.04,105,0,137.0,1
Ladies Fingers,Low Country,2025,35,222.14,45.53,88.78,232,0,157.09,0
Ladies Fingers,Low Country,2026,1,178.02,82.32,43.53,106,0,185.22,1
Ladies Fingers,Low Country,2026,2,213.3,111.63,61.06,99,0,214.38,1
Ladies Fingers,Low Country,2026,3,244.05,91.55,69.14,92,0,221.74,0
Ladies Fingers,Low Country,2026,4,251.58,13.25,59.66,85,0,230.0,0
Ladies Fingers,Low Country,2026,5,211.07,18.57,26.34,78,0,212.96,1
Ladies Fingers,Low Country,2026,6,145.15,-31.95,-15.26,71,0,188.6,1
Ladies Fingers,Low Country,2026,7,146.58,-39.94,-15.62,64,0,158.29,1
Ladies Fingers,Low Country,2026,8,130.38,-48.18,-23.68,57,0,131.12,1
Ladies Fingers,Low Country,2026,9,102.37,-51.5,-38.68,50,0,120.36,1
Ladies Fingers,Low Country,2026,10,102.1,-29.66,-38.97,43,1,106.37,1
Ladies Fingers,Low Country,2026,11,90.65,-38.16,-45.56,36,1,95.88,1
Ladies Fingers,Low Country,2026,12,88.39,-32.21,-45.95,29,1,94.42,1
Ladies Fingers,Low Country,2026,13,96.56,-5.68,-37.24,22,1,97.88,1
Ladies Fingers,Low Country,2026,14,115.91,13.52,-22.25,15,1,108.43,0
Ladies Fingers,Low Country,2026,15,132.86,46.56,-7.03,8,1,109.98,0
Ladies Fingers,Low Country,2026,16,94.58,7.01,-28.02,1,1,125.15,1
Ladies Fingers,Low Country,2026,17,157.27,62.87,26.68,359,0,149.49,0
Ladies Fingers,Low Country,2026,18,213.25,83.98,71.55,352,0,171.11,0
Ladies Fingers,Low Country,2026,19,219.32,65.08,68.69,345,0,204.16,0
Ladies Fingers,Low Country,2026,20,226.81,139.8,66.54,338,0,228.02,1
Ladies Fingers,Low Country,2026,21,252.68,60.67,73.55,331,0,232.43,0
Ladies Fingers,Low Country,2026,22,230.89,8.27,48.5,324,0,218.13,0
Ladies Fingers,Low Country,2026,23,162.12,-26.08,1.26,317,0,208.29,1
Ladies Fingers,Low Country,2026,24,187.47,-17.34,11.89,310,0,195.89,1
Ladies Fingers,Low Country,2026,25,203.07,-19.63,15.14,303,0,184.22,0
Leeks,Up Country,2023,1,266.65,,0.0,102,0,250.52,0
Leeks,Up Country,2023,2,250.52,,-3.12,95,0,243.14,0
Leeks,Up Country,2023,3,235.75,,-6.06,88,0,231.13,0
Leeks,Up Country,2023,4,207.1,,-13.71,81,0,216.03,1
Leeks,Up Country,2023,5,170.75,-35.97,-24.5,74,0,200.19,1
Leeks,Up Country,2023,6,187.14,-25.3,-14.8,67,0,187.78,1
Leeks,Up Country,2023,7,186.11,-21.06,-13.38,60,0,179.74,0
Leeks,Up Country,2023,8,174.98,-15.51,-16.63,53,0,178.72,1
Leeks,Up Country,2023,9,166.66,-2.39,-18.73,46,0,170.92,1
Leeks,Up Country,2023,10,155.93,-16.68,-22.1,39,1,165.14,1
Leeks,Up Country,2023,11,162.99,-12.42,-17.17,32,1,161.78,0
Leeks,Up Country,2023,12,161.52,-7.69,-16.68,25,1,171.36,1
Leeks,Up Country,2023,13,205.0,23.0,5.29,18,1,178.86,0
Leeks,Up Country,2023,14,185.93,19.24,-1.36,11,1,183.97,0
Leeks,Up Country,2023,15,183.44,12.54,0.06,4,1,193.21,1
Leeks,Up Country,2023,16,198.48,22.89,9.98,363,0,188.5,0
Leeks,Up Country,2023,17,186.16,-9.19,4.09,356,0,190.11,1
Leeks,Up Country,2023,18,192.36,3.46,6.56,349,0,194.74,1
Leeks,Up Country,2023,19,201.96,10.1,11.18,342,0,215.12,1
Leeks,Up Country,2023,20,280.0,41.07,48.24,335,0,240.06,0
Leeks,Up Country,2023,21,285.93,53.59,44.84,328,0,260.63,0
Leeks,Up Country,2023,22,274.61,42.76,33.49,321,0,276.19,1
Leeks,Up Country,2023,23,264.21,30.82,23.44,314,0,265.39,1
Leeks,Up Country,2023,24,236.81,-15.43,7.77,307,0,246.5,1
Leeks,Up Country,2023,25,210.39,-26.42,-5.86,300,0,227.57,1
Leeks,Up Country,2023,26,198.89,-27.57,-10.82,293,0,206.68,1
Leeks,Up Country,2023,27,180.64,-31.63,-18.85,286,0,184.03,1
Leeks,Up Country,2023,28,146.22,-38.25,-33.46,279,0,167.57,1
Leeks,Up Country,2023,29,144.52,-31.31,-32.96,272,0,150.85,1
Leeks,Up Country,2023,30,132.0,-33.63,-37.57,265,0,138.25,1
Leeks,Up Country,2023,31,130.23,-27.9,-36.98,258,0,131.97,1
Leeks,Up Country,2023,32,121.11,-17.17,-39.57,251,0,122.29,1
Leeks,Up Country,2023,33,105.79,-26.8,-43.43,244,0,113.92,1
Leeks,Up Country,2023,34,98.53,-25.36,-42.92,237,0,102.56,1
Leeks,Up Country,2023,35,84.82,-34.87,-46.32,230,0,90.48,1
Leeks,Up Country,2023,36,72.78,-39.91,-49.21,223,0,80.87,1
Leeks,Up Country,2023,37,67.34,-36.35,-48.3,216,0,71.02,1
Leeks,Up Country,2023,38,59.13,-39.99,-50.15,209,0,65.14,1
Leeks,Up Country,2023,39,61.3,-27.74,-43.26,202,0,66.19,1
Leeks,Up Country,2023,40,76.98,5.78,-23.06,195,0,67.0,0
Leeks,Up Country,2023,41,70.6,4.83,-25.09,188,0,70.09,0
Leeks,Up Country,2023,42,71.47,20.87,-19.36,181,0,75.49,1
Leeks,Up Country,2023,43,82.9,35.25,-2.29,174,0,86.4,1
Leeks,Up Country,2023,44,120.63,56.7,43.43,167,0,98.22,0
Leeks,Up Country,2023,45,117.88,66.98,40.57,160,0,119.22,1
Leeks,Up Country,2023,46,155.48,117.55,77.32,153,0,139.41,0
Leeks,Up Country,2023,47,163.65,97.4,76.55,146,0,164.94,1
Leeks,Up Country,2023,48,222.78,84.67,115.66,139,0,193.34,0
Leeks,Up Country,2023,49,231.47,96.36,100.39,132,0,216.3,0
Leeks,Up Country,2023,50,247.31,59.07,91.19,125,0,235.51,0
Leeks,Up Country,2023,51,240.48,46.95,67.81,118,0,260.08,1
Leeks,Up Country,2023,52,321.07,44.12,96.63,111,0,277.89,0
Leeks,Up Country,2024,1,302.7,30.77,67.56,104,0,294.33,0
Leeks,Up Country,2024,2,313.1,26.6,57.1,97,0,351.85,1
Leeks,Up Country,2024,3,470.56,95.68,104.59,90,0,361.99,0
Leeks,Up Country,2024,29,361.6,12.63,43.81,273,0,378.03,1
Leeks,Up Country,2024,30,366.87,21.2,35.69,266,0,383.23,1
Leeks,Up Country,2024,31,333.9,6.64,16.34,259,0,330.53,0
Leeks,Up Country,2024,32,259.76,-44.8,-11.95,252,0,302.18,1
Leeks,Up Country,2024,33,248.21,-31.36,-17.68,245,0,269.38,1
Leeks,Up Country,2024,34,235.65,-35.77,-22.1,238,0,239.3,1
Leeks,Up Country,2024,35,213.57,-36.04,-29.08,231,0,225.64,1
Leeks,Up Country,2024,36,205.11,-21.04,-31.14,224,0,214.01,1
Leeks,Up Country,2024,37,201.7,-18.74,-31.61,217,0,208.52,1
Leeks,Up Country,2024,38,213.7,-9.32,-25.45,210,0,209.13,0
Leeks,Up Country,2024,39,215.99,1.13,-22.85,203,0,197.68,0
Leeks,Up Country,2024,40,159.33,-22.32,-40.58,196,0,182.21,1
Leeks,Up Country,2024,41,139.79,-30.69,-42.4,189,0,170.12,1
Leeks,Up Country,2024,42,165.35,-22.63,-27.36,182,0,155.79,0
Leeks,Up Country,2024,43,158.69,-26.53,-25.0,175,0,158.38,0
Leeks,Up Country,2024,44,169.71,6.51,-14.71,168,0,158.1,0
Leeks,Up Country,2024,45,138.68,-0.8,-26.88,161,0,152.28,1
Leeks,Up Country,2024,46,142.06,-14.08,-21.72,154,0,141.51,0
Leeks,Up Country,2024,47,115.59,-27.16,-32.9,147,0,136.82,1
Leeks,Up Country,2024,48,150.95,-11.05,-9.84,140,0,156.99,1
Leeks,Up Country,2024,49,219.38,58.19,30.17,133,0,184.69,0
Leeks,Up Country,2024,50,252.84,77.98,46.6,126,0,215.72,0
Leeks,Up Country,2024,51,239.69,107.37,37.39,119,0,236.1,0
Leeks,Up Country,2024,52,232.48,54.01,32.29,112,0,243.21,1
Leeks,Up Country,2025,1,247.81,12.96,35.76,105,0,223.12,0
Leeks,Up Country,2025,35,172.5,-31.78,-6.78,232,0,252.23,1
Leeks,Up Country,2026,1,356.11,48.57,78.3,106,0,286.77,0
Leeks,Up Country,2026,2,370.66,59.44,71.57,99,0,313.13,0
Leeks,Up Country,2026,3,353.24,42.54,53.48,92,0,344.24,0
Leeks,Up Country,2026,4,296.93,72.14,22.53,85,0,334.82,1
Leeks,Up Country,2026,5,318.45,-10.58,24.45,78,0,312.13,0
Leeks,Up Country,2026,6,279.89,-24.49,4.23,71,0,280.34,1
Leeks,Up Country,2026,7,226.07,-36.0,-17.59,64,0,258.74,1
Leeks,Up Country,2026,8,210.53,-29.1,-23.06,57,0,227.45,1
Leeks,Up Country,2026,9,193.32,-39.29,-28.15,50,0,209.36,1
Leeks,Up Country,2026,10,207.5,-25.86,-22.16,43,1,201.11,0
Leeks,Up Country,2026,11,193.07,-14.6,-26.74,36,1,194.03,1
Leeks,Up Country,2026,12,182.24,-13.44,-29.5,29,1,188.43,1
Leeks,Up Country,2026,13,170.89,-11.6,-33.86,22,1,179.57,1
Leeks,Up Country,2026,14,172.09,-17.06,-29.53,15,1,172.86,1
Leeks,Up Country,2026,15,166.21,-13.91,-27.26,8,1,173.33,1
Leeks,Up Country,2026,16,184.11,1.03,-14.56,1,1,173.1,0
Leeks,Up Country,2026,17,170.0,-0.52,-17.36,359,0,169.15,0
Leeks,Up Country,2026,18,156.29,-9.18,-19.12,352,0,176.36,1
Leeks,Up Country,2026,19,195.04,17.35,4.46,345,0,183.14,0
Leeks,Up Country,2026,20,211.23,14.73,13.82,338,0,219.34,1
Leeks,Up Country,2026,21,314.81,85.18,62.61,331,0,256.0,0
Leeks,Up Country,2026,22,302.9,93.81,49.93,324,0,292.59,0
Leeks,Up Country,2026,23,341.42,75.05,60.79,317,0,310.44,0
Leeks,Up Country,2026,24,282.63,33.8,28.92,310,0,306.57,1
Leeks,Up Country,2026,25,299.34,-4.92,31.16,303,0,307.79,1
Lime,Low Country,2023,1,88.69,,0.0,102,0,90.24,1
Lime,Low Country,2023,2,90.24,,0.86,95,0,87.82,0
Lime,Low Country,2023,3,85.41,,-3.07,88,0,88.02,1
Lime,Low Country,2023,4,88.42,,0.26,81,0,88.14,0
Lime,Low Country,2023,5,88.51,-0.2,0.29,74,0,88.63,1
Lime,Low Country,2023,6,92.19,2.17,3.69,67,0,92.28,1
Lime,Low Country,2023,7,100.0,17.08,10.5,60,0,102.01,1
Lime,Low Country,2023,8,127.35,44.03,33.91,53,0,110.73,0
Lime,Low Country,2023,9,123.37,39.38,25.58,46,0,118.96,0
Lime,Low Country,2023,10,125.14,35.74,23.99,39,1,129.91,1
Lime,Low Country,2023,11,143.78,43.78,37.16,32,1,140.38,0
Lime,Low Country,2023,12,169.22,32.88,53.57,25,1,161.08,0
Lime,Low Country,2023,13,206.17,67.12,75.35,18,1,188.51,0
Lime,Low Country,2023,14,234.88,87.69,82.33,11,1,219.53,0
Lime,Low Country,2023,15,267.86,86.3,87.99,4,1,266.63,0
Lime,Low Country,2023,16,357.61,111.33,118.83,363,0,287.11,0
Lime,Low Country,2023,17,288.1,39.73,61.14,356,0,306.1,1
Lime,Low Country,2023,18,310.83,32.34,58.68,349,0,307.27,0
Lime,Low Country,2023,19,272.52,1.74,29.92,342,0,275.27,1
Lime,Low Country,2023,20,229.64,-35.78,4.51,335,0,274.1,1
Lime,Low Country,2023,21,283.38,-1.64,22.29,328,0,266.73,0
Lime,Low Country,2023,22,281.39,-9.47,15.38,321,0,277.86,0
Lime,Low Country,2023,23,317.02,16.33,22.57,314,0,288.38,0
Lime,Low Country,2023,24,271.72,18.32,1.2,307,0,281.96,1
Lime,Low Country,2023,25,257.72,-9.05,-6.38,300,0,279.54,1
Lime,Low Country,2023,26,271.68,-3.45,-3.09,293,0,268.5,0
Lime,Low Country,2023,27,272.89,-13.92,-3.66,286,0,261.19,0
Lime,Low Country,2023,28,242.45,-10.77,-13.81,279,0,272.27,1
Lime,Low Country,2023,29,302.04,17.2,9.03,272,0,287.93,0
Lime,Low Country,2023,30,334.35,23.06,19.16,265,0,325.12,0
Lime,Low Country,2023,31,421.64,54.51,45.84,258,0,396.6,0
Lime,Low Country,2023,32,528.37,117.93,71.11,251,0,465.55,0
Lime,Low Country,2023,33,577.86,91.32,72.2,244,0,554.14,0
Lime,Low Country,2023,34,688.67,105.98,87.78,237,0,670.29,0
Lime,Low Country,2023,35,886.25,110.19,114.44,230,0,750.58,0
Lime,Low Country,2023,36,849.54,60.79,87.02,223,0,841.41,0
Lime,Low Country,2023,37,941.17,62.87,86.1,216,0,923.45,0
Lime,Low Country,2023,38,1016.84,47.65,80.25,209,0,989.39,0
Lime,Low Country,2023,39,1150.0,29.76,82.05,202,0,1091.42,0
Lime,Low Country,2023,40,1257.65,48.04,77.77,195,0,1187.24,0
Lime,Low Country,2023,41,1324.49,40.73,67.51,188,0,1274.49,0
Lime,Low Country,2023,42,1365.82,34.32,56.54,181,0,1326.28,0
Lime,Low Country,2023,43,1357.14,18.01,42.68,174,0,1346.68,0
Lime,Low Country,2023,44,1339.29,6.49,31.07,167,0,1362.02,1
Lime,Low Country,2023,45,1385.82,4.63,27.4,160,0,1338.04,0
Lime,Low Country,2023,46,1269.9,-7.02,11.3,153,0,1240.04,0
Lime,Low Country,2023,47,965.18,-28.88,-16.96,146,0,1099.66,1
Lime,Low Country,2023,48,777.74,-41.93,-32.6,139,0,858.83,1
Lime,Low Country,2023,49,422.52,-69.51,-62.31,132,0,636.56,1
Lime,Low Country,2023,50,380.82,-70.01,-64.67,125,0,463.94,1
Lime,Low Country,2023,51,274.69,-71.54,-73.09,118,0,333.13,1
Lime,Low Country,2023,52,254.5,-67.28,-73.27,111,0,280.16,1
Lime,Low Country,2024,1,210.61,-50.15,-75.83,104,0,231.84,1
Lime,Low Country,2024,2,187.55,-50.75,-76.08,97,0,200.61,1
Lime,Low Country,2024,3,149.8,-45.47,-78.3,90,0,172.86,1
Lime,Low Country,2024,4,143.48,-43.62,-75.97,83,0,153.39,1
Lime,Low Country,2024,5,132.76,-36.97,-73.67,76,0,135.54,1
Lime,Low Country,2024,6,116.14,-38.08,-71.44,69,0,127.43,1
Lime,Low Country,2024,7,117.33,-21.67,-63.1,62,0,120.04,1
Lime,Low Country,2024,8,113.93,-20.59,-54.87,55,0,117.44,1
Lime,Low Country,2024,9,122.38,-7.81,-39.43,48,0,123.49,1
Lime,Low Country,2024,10,140.31,20.81,-22.19,41,1,140.97,1
Lime,Low Country,2024,11,187.24,59.59,13.18,34,1,165.96,0
Lime,Low Country,2024,12,213.89,87.74,33.05,27,1,213.19,0
Lime,Low Country,2024,13,311.33,154.39,88.53,20,1,273.06,0
Lime,Low Country,2024,14,379.8,170.69,113.19,13,1,382.99,1
Lime,Low Country,2024,15,626.96,234.84,195.81,6,1,538.74,0
Lime,Low Country,2024,16,836.86,291.26,216.04,364,0,686.47,0
Lime,Low Country,2024,17,902.26,189.81,179.19,357,0,832.36,0
Lime,Low Country,2024,18,963.37,153.65,148.89,350,0,987.45,1
Lime,Low Country,2024,19,1247.32,98.95,163.11,343,0,1106.15,0
Lime,Low Country,2024,20,1311.65,56.73,131.76,336,0,1144.39,0
Lime,Low Country,2024,21,1055.24,16.95,65.31,329,0,1125.82,1
Lime,Low Country,2024,22,889.06,-7.71,27.5,322,0,1048.74,1
Lime,Low Country,2024,23,939.0,-24.72,23.75,315,0,978.3,1
Lime,Low Country,2024,24,1029.9,-21.48,25.05,308,0,965.26,0
Lime,Low Country,2024,25,1003.08,-4.94,13.43,301,0,967.14,0
Lime,Low Country,2024,26,896.57,0.84,-3.52,294,0,888.55,0
Lime,Low Country,2024,27,624.64,-33.48,-34.12,287,0,770.93,1
Lime,Low Country,2024,28,559.43,-45.68,-40.67,280,0,638.11,1
Lime,Low Country,2024,29,471.79,-52.97,-48.43,273,0,522.12,1
Lime,Low Country,2024,30,432.62,-51.75,-50.77,266,0,466.22,1
Lime,Low Country,2024,31,401.02,-35.8,-52.0,259,0,419.94,1
Lime,Low Country,2024,32,374.33,-33.09,-51.28,252,0,392.67,1
Lime,Low Country,2024,33,362.71,-23.12,-47.84,245,0,366.67,1
Lime,Low Country,2024,34,328.62,-24.04,-48.61,238,0,329.19,1
Lime,Low Country,2024,35,251.1,-37.39,-57.47,231,0,296.72,1
Lime,Low Country,2024,36,244.45,-34.7,-54.47,224,0,266.91,1
Lime,Low Country,2024,37,243.45,-32.88,-48.9,217,0,254.19,1
Lime,Low Country,2024,38,277.78,-15.47,-33.96,210,0,281.74,1
Lime,Low Country,2024,39,361.26,43.87,-4.8,203,0,311.58,0
Lime,Low Country,2024,40,363.81,48.83,1.22,196,0,358.09,0
Lime,Low Country,2024,41,429.51,76.42,22.92,189,0,410.45,0
Lime,Low Country,2024,42,487.22,75.4,38.97,182,0,438.57,0
Lime,Low Country,2024,43,473.72,31.13,33.91,175,0,477.31,1
Lime,Low Country,2024,44,518.79,42.6,42.98,168,0,515.62,0
Lime,Low Country,2024,45,582.76,35.68,53.82,161,0,546.28,0
Lime,Low Country,2024,46,609.86,25.17,53.28,154,0,562.12,0
Lime,Low Country,2024,47,537.09,13.38,29.76,147,0,560.87,1
Lime,Low Country,2024,48,513.76,-0.97,18.35,140,0,496.66,0
Lime,Low Country,2024,49,325.91,-44.07,-25.99,133,0,416.7,1
Lime,Low Country,2024,50,290.02,-52.44,-34.67,126,0,350.18,1
Lime,Low Country,2024,51,271.02,-49.54,-38.88,119,0,273.5,1
Lime,Low Country,2024,52,207.03,-59.7,-52.03,112,0,248.91,1
Lime,Low Country,2025,1,227.56,-30.18,-45.96,105,0,264.32,1
Lime,Low Country,2025,35,351.67,21.26,-15.28,232,0,248.16,0
Lime,Low Country,2026,1,206.38,-23.85,-47.55,106,0,239.5,1
Lime,Low Country,2026,2,172.4,-16.73,-53.45,99,0,221.05,1
Lime,Low Country,2026,3,153.75,-32.44,-55.08,92,0,161.17,1
Lime,Low Country,2026,4,112.14,-68.11,-63.36,85,0,141.28,1
Lime,Low Country,2026,5,126.85,-38.54,-52.83,78,0,125.47,0
Lime,Low Country,2026,6,109.16,-36.68,-53.74,71,0,110.07,1
Lime,Low Country,2026,7,92.14,-40.07,-54.73,64,0,103.29,1
Lime,Low Country,2026,8,85.0,-24.2,-54.06,57,0,89.83,1
Lime,Low Country,2026,9,73.03,-42.43,-56.61,50,0,83.28,1
Lime,Low Country,2026,10,82.96,-24.0,-46.07,43,1,81.79,0
Lime,Low Country,2026,11,86.16,-6.5,-40.4,36,1,83.19,0
Lime,Low Country,2026,12,90.61,6.6,-32.39,29,1,91.35,1
Lime,Low Country,2026,13,105.66,44.69,-8.19,22,1,107.52,1
Lime,Low Country,2026,14,147.65,77.97,33.53,15,1,127.99,0
Lime,Low Country,2026,15,168.03,95.03,52.42,8,1,170.54,1
Lime,Low Country,2026,16,260.82,187.84,120.14,1,1,213.37,0
Lime,Low Country,2026,17,276.97,162.13,111.18,359,0,241.78,0
Lime,Low Country,2026,18,261.31,76.98,84.67,352,0,286.34,1
Lime,Low Country,2026,19,346.26,106.07,116.77,345,0,317.42,0
Lime,Low Country,2026,20,385.15,47.67,111.3,338,0,341.54,0
Lime,Low Country,2026,21,373.44,34.83,82.64,331,0,378.53,1
Lime,Low Country,2026,22,409.26,56.62,77.69,324,0,417.36,1
Lime,Low Country,2026,23,501.58,44.86,91.06,317,0,419.7,0
Lime,Low Country,2026,24,394.51,2.43,37.82,310,0,432.49,1
Lime,Low Country,2026,25,424.6,13.7,36.12,303,0,440.23,1
Long Beans,Low Country,2023,1,266.86,,0.0,102,0,236.43,0
Long Beans,Low Country,2023,2,236.43,,-6.05,95,0,206.84,0
Long Beans,Low Country,2023,3,177.24,,-21.86,88,0,181.43,1
Long Beans,Low Country,2023,4,130.61,,-35.59,81,0,166.25,1
Long Beans,Low Country,2023,5,120.71,-54.76,-35.23,74,0,138.98,1
Long Beans,Low Country,2023,6,127.35,-46.14,-27.86,67,0,136.15,1
Long Beans,Low Country,2023,7,165.92,-6.39,-5.2,60,0,144.64,0
Long Beans,Low Country,2023,8,164.59,26.02,-5.25,53,0,148.21,0
Long Beans,Low Country,2023,9,135.0,11.83,-20.31,46,0,145.98,1
Long Beans,Low Country,2023,10,118.43,-7.0,-27.93,39,1,129.63,1
Long Beans,Low Country,2023,11,100.51,-39.42,-36.59,32,1,111.61,1
Long Beans,Low Country,2023,12,92.5,-43.8,-39.55,25,1,99.51,1
Long Beans,Low Country,2023,13,86.58,-35.87,-41.46,18,1,91.25,1
Long Beans,Low Country,2023,14,85.42,-27.87,-36.23,11,1,93.27,1
Long Beans,Low Country,2023,15,108.57,8.02,-12.52,4,1,92.15,0
Long Beans,Low Country,2023,16,88.04,-4.82,-24.91,363,0,96.73,1
Long Beans,Low Country,2023,17,104.9,21.15,-9.0,356,0,118.42,1
Long Beans,Low Country,2023,18,172.18,101.58,44.41,349,0,144.8,0
Long Beans,Low Country,2023,19,214.06,97.16,70.03,342,0,180.32,0
Long Beans,Low Country,2023,20,230.14,161.41,75.89,335,0,215.59,0
Long Beans,Low Country,2023,21,245.98,134.49,79.42,328,0,238.8,0
Long Beans,Low Country,2023,22,265.04,53.93,80.17,321,0,249.91,0
Long Beans,Low Country,2023,23,258.49,20.75,63.73,314,0,265.07,1
Long Beans,Low Country,2023,24,290.77,26.34,68.55,307,0,278.88,0
Long Beans,Low Country,2023,25,301.22,22.46,59.74,300,0,289.03,0
Long Beans,Low Country,2023,26,305.66,15.33,48.8,293,0,292.88,0
Long Beans,Low Country,2023,27,273.86,5.95,24.53,286,0,277.9,1
Long Beans,Low Country,2023,28,230.87,-20.6,0.67,279,0,243.31,1
Long Beans,Low Country,2023,29,162.86,-45.93,-30.72,272,0,203.76,1
Long Beans,Low Country,2023,30,147.44,-51.76,-38.14,265,0,180.67,1
Long Beans,Low Country,2023,31,181.52,-33.72,-24.07,258,0,160.25,0
Long Beans,Low Country,2023,32,149.18,-35.38,-36.27,251,0,153.75,1
Long Beans,Low Country,2023,33,136.84,-15.98,-39.69,244,0,155.1,1
Long Beans,Low Country,2023,34,152.86,3.67,-30.44,237,0,144.81,0
Long Beans,Low Country,2023,35,140.35,-22.68,-33.22,230,0,145.94,1
Long Beans,Low Country,2023,36,153.72,3.04,-23.93,223,0,159.89,1
Long Beans,Low Country,2023,37,192.65,40.79,-0.97,216,0,165.2,0
Long Beans,Low Country,2023,38,174.08,13.89,-5.78,209,0,168.81,0
Long Beans,Low Country,2023,39,154.76,10.27,-10.62,202,0,170.71,1
Long Beans,Low Country,2023,40,161.33,4.95,-1.93,195,0,170.2,1
Long Beans,Low Country,2023,41,190.61,-1.06,18.1,188,0,177.47,0
Long Beans,Low Country,2023,42,203.16,16.71,23.5,181,0,206.84,1
Long Beans,Low Country,2023,43,272.26,75.92,56.38,174,0,236.43,0
Long Beans,Low Country,2023,44,279.69,73.37,53.97,167,0,254.38,0
Long Beans,Low Country,2023,45,262.41,37.67,37.85,160,0,274.43,1
Long Beans,Low Country,2023,46,283.37,39.48,40.53,153,0,280.0,0
Long Beans,Low Country,2023,47,294.52,8.18,38.58,146,0,284.34,0
Long Beans,Low Country,2023,48,297.06,6.21,32.27,139,0,276.02,0
Long Beans,Low Country,2023,49,229.15,-12.68,-0.54,132,0,247.4,1
Long Beans,Low Country,2023,50,168.88,-40.4,-26.11,125,0,221.17,1
Long Beans,Low Country,2023,51,189.59,-35.63,-17.48,118,0,196.45,1
Long Beans,Low Country,2023,52,198.17,-33.29,-14.98,111,0,185.03,0
Long Beans,Low Country,2024,1,183.49,-19.93,-21.85,104,0,198.19,1
Long Beans,Low Country,2024,2,221.53,31.18,-6.6,97,0,231.26,1
Long Beans,Low Country,2024,3,321.84,69.75,30.67,90,0,253.98,0
Long Beans,Low Country,2024,4,289.07,45.87,16.75,83,0,273.95,0
Long Beans,Low Country,2024,5,263.35,43.53,6.91,76,0,266.03,1
Long Beans,Low Country,2024,6,189.85,-14.3,-21.15,69,0,234.76,1
Long Beans,Low Country,2024,7,196.77,-38.86,-15.95,62,0,211.72,1
Long Beans,Low Country,2024,8,196.93,-31.88,-13.09,55,0,191.93,0
Long Beans,Low Country,2024,9,184.17,-30.07,-15.48,48,0,186.99,1
Long Beans,Low Country,2024,10,170.1,-10.4,-20.28,41,1,175.5,1
Long Beans,Low Country,2024,11,150.82,-23.35,-28.85,34,1,149.29,0
Long Beans,Low Country,2024,12,92.06,-53.25,-54.97,27,1,121.56,1
Long Beans,Low Country,2024,13,73.27,-60.22,-62.4,20,1,97.65,1
Long Beans,Low Country,2024,14,74.44,-56.24,-60.08,13,1,83.51,1
Long Beans,Low Country,2024,15,94.29,-37.48,-46.64,6,1,80.18,0
Long Beans,Low Country,2024,16,78.72,-14.49,-50.17,364,0,83.33,1
Long Beans,Low Country,2024,17,85.86,17.19,-39.69,357,0,89.58,1
Long Beans,Low Country,2024,18,99.47,33.63,-23.34,350,0,101.7,1
Long Beans,Low Country,2024,19,142.77,51.42,13.19,343,0,123.79,0
Long Beans,Low Country,2024,20,167.07,112.23,34.91,336,0,163.72,0
Long Beans,Low Country,2024,21,245.57,186.02,92.48,329,0,197.19,0
Long Beans,Low Country,2024,22,233.33,134.58,77.62,322,0,220.91,0
Long Beans,Low Country,2024,23,237.65,66.46,74.02,315,0,251.31,1
Long Beans,Low Country,2024,24,288.69,72.79,96.16,308,0,254.2,0
Long Beans,Low Country,2024,25,257.1,4.7,60.83,301,0,255.18,0
Long Beans,Low Country,2024,26,237.28,1.69,37.57,294,0,257.03,1
Long Beans,Low Country,2024,27,245.06,3.12,32.03,287,0,240.52,0
Long Beans,Low Country,2024,28,222.63,-22.88,13.89,280,0,235.49,1
Long Beans,Low Country,2024,29,236.99,-7.82,14.13,273,0,231.14,0
Long Beans,Low Country,2024,30,219.89,-7.33,0.88,266,0,209.18,0
Long Beans,Low Country,2024,31,157.22,-35.85,-29.31,259,0,192.34,1
Long Beans,Low Country,2024,32,155.26,-30.26,-30.49,252,0,172.03,1
Long Beans,Low Country,2024,33,155.78,-34.27,-29.98,245,0,147.18,0
Long Beans,Low Country,2024,34,120.47,-45.21,-43.41,238,0,140.51,1
Long Beans,Low Country,2024,35,130.53,-16.98,-36.32,231,0,129.72,0
Long Beans,Low Country,2024,36,112.11,-27.79,-42.6,224,0,121.86,1
Long Beans,Low Country,2024,37,124.35,-20.18,-31.93,217,0,123.63,0
Long Beans,Low Country,2024,38,127.53,5.86,-26.15,210,0,124.67,0
Long Beans,Low Country,2024,39,134.69,3.19,-18.28,203,0,134.94,1
Long Beans,Low Country,2024,40,153.2,36.65,-2.88,196,0,141.72,0
Long Beans,Low Country,2024,41,151.45,21.8,-0.53,189,0,149.22,0
Long Beans,Low Country,2024,42,157.53,23.52,7.78,182,0,158.25,1
Long Beans,Low Country,2024,43,170.83,26.83,19.98,175,0,162.11,0
Long Beans,Low Country,2024,44,168.61,10.06,17.7,168,0,167.99,0
Long Beans,Low Country,2024,45,175.01,15.55,20.88,161,0,176.08,1
Long Beans,Low Country,2024,46,189.87,20.53,28.81,154,0,180.34,0
Long Beans,Low Country,2024,47,187.87,9.98,23.13,147,0,198.31,1
Long Beans,Low Country,2024,48,240.5,42.64,49.34,140,0,233.5,0
Long Beans,Low Country,2024,49,315.77,80.43,78.69,133,0,258.72,0
Long Beans,Low Country,2024,50,290.74,53.13,53.42,126,0,281.46,0
Long Beans,Low Country,2024,51,278.81,48.4,38.61,119,0,280.83,1
Long Beans,Low Country,2024,52,237.98,-1.05,13.82,112,0,252.9,1
Long Beans,Low Country,2025,1,204.06,-35.38,-4.2,105,0,232.0,1
Long Beans,Low Country,2025,35,207.14,-28.75,-4.67,232,0,210.79,1
Long Beans,Low Country,2026,1,193.99,-30.42,-11.86,106,0,202.94,1
Long Beans,Low Country,2026,2,206.57,-13.2,-7.3,99,0,208.06,1
Long Beans,Low Country,2026,3,224.56,10.04,-1.14,92,0,203.68,0
Long Beans,Low Country,2026,4,189.6,-8.47,-16.94,85,0,192.75,1
Long Beans,Low Country,2026,5,150.27,-22.54,-33.28,78,0,165.52,1
Long Beans,Low Country,2026,6,97.65,-52.73,-55.26,71,0,139.8,1
Long Beans,Low Country,2026,7,121.67,-45.82,-41.82,64,0,122.21,1
Long Beans,Low Country,2026,8,119.25,-37.11,-38.54,57,0,108.98,0
Long Beans,Low Country,2026,9,97.33,-35.23,-45.67,50,0,112.88,1
Long Beans,Low Country,2026,10,113.25,15.97,-31.95,43,1,106.65,0
Long Beans,Low Country,2026,11,96.79,-20.45,-37.78,36,1,98.13,1
Long Beans,Low Country,2026,12,85.17,-28.58,-41.83,29,1,98.64,1
Long Beans,Low Country,2026,13,99.35,2.07,-28.07,22,1,98.64,0
Long Beans,Low Country,2026,14,113.25,0.0,-14.14,15,1,107.35,0
Long Beans,Low Country,2026,15,131.63,36.0,4.36,8,1,107.77,0
Long Beans,Low Country,2026,16,86.86,1.99,-24.83,1,1,125.0,1
Long Beans,Low Country,2026,17,168.27,69.37,47.73,359,0,148.8,0
Long Beans,Low Country,2026,18,208.43,84.04,76.07,352,0,168.73,0
Long Beans,Low Country,2026,19,211.36,60.57,66.27,345,0,215.35,1
Long Beans,Low Country,2026,20,273.35,214.72,96.95,338,0,247.68,0
Long Beans,Low Country,2026,21,297.57,76.84,95.12,331,0,249.05,0
Long Beans,Low Country,2026,22,213.93,2.64,32.48,324,0,255.09,1
Long Beans,Low Country,2026,23,235.5,11.42,37.82,317,0,250.08,1
Long Beans,Low Country,2026,24,253.34,-7.32,38.5,310,0,237.57,0
Long Beans,Low Country,2026,25,247.52,-16.82,26.67,303,0,245.46,0
Luffa,Low Country,2023,1,222.96,,0.0,102,0,238.69,1
Luffa,Low Country,2023,2,238.69,,3.41,95,0,245.26,1
Luffa,Low Country,2023,3,251.84,,5.89,88,0,244.97,0
Luffa,Low Country,2023,4,244.39,,2.05,81,0,241.17,0
Luffa,Low Country,2023,5,229.76,3.05,-3.27,74,0,236.89,1
Luffa,Low Country,2023,6,221.59,-7.16,-5.65,67,0,232.97,1
Luffa,Low Country,2023,7,236.12,-6.24,0.46,60,0,228.33,0
Luffa,Low Country,2023,8,225.83,-7.59,-3.45,53,0,221.72,0
Luffa,Low Country,2023,9,203.32,-11.51,-11.79,46,0,212.01,1
Luffa,Low Country,2023,10,182.76,-17.52,-19.03,39,1,195.15,1
Luffa,Low Country,2023,11,168.67,-28.57,-23.52,32,1,177.82,1
Luffa,Low Country,2023,12,156.53,-30.69,-27.26,25,1,165.22,1
Luffa,Low Country,2023,13,152.91,-24.79,-27.33,18,1,157.22,1
Luffa,Low Country,2023,14,150.79,-17.5,-26.4,11,1,152.65,1
Luffa,Low Country,2023,15,150.36,-10.86,-24.09,4,1,144.44,0
Luffa,Low Country,2023,16,123.71,-20.96,-34.27,363,0,141.9,1
Luffa,Low Country,2023,17,142.76,-6.64,-20.86,356,0,146.2,1
Luffa,Low Country,2023,18,167.96,11.39,-4.37,349,0,161.14,0
Luffa,Low Country,2023,19,210.15,39.77,20.25,342,0,197.21,0
Luffa,Low Country,2023,20,267.98,116.61,51.22,335,0,226.58,0
Luffa,Low Country,2023,21,260.22,82.29,44.69,328,0,246.39,0
Luffa,Low Country,2023,22,247.2,47.18,34.91,321,0,235.02,0
Luffa,Low Country,2023,23,164.67,-21.64,-9.44,314,0,210.64,1
Luffa,Low Country,2023,24,170.46,-36.39,-6.33,307,0,190.1,1
Luffa,Low Country,2023,25,178.06,-31.57,-3.03,300,0,171.64,0
Luffa,Low Country,2023,26,173.38,-29.86,-6.38,293,0,161.95,0
Luffa,Low Country,2023,27,125.89,-23.55,-31.32,286,0,149.21,1
Luffa,Low Country,2023,28,119.49,-29.9,-33.95,279,0,132.68,1
Luffa,Low Country,2023,29,111.94,-37.13,-37.82,272,0,115.5,1
Luffa,Low Country,2023,30,104.68,-39.62,-40.89,265,0,110.97,1
Luffa,Low Country,2023,31,107.76,-14.4,-37.51,258,0,108.47,1
Luffa,Low Country,2023,32,109.49,-8.37,-33.53,251,0,108.95,0
Luffa,Low Country,2023,33,113.88,1.73,-25.5,244,0,114.64,1
Luffa,Low Country,2023,34,127.45,21.75,-10.65,237,0,115.25,0
Luffa,Low Country,2023,35,110.19,2.25,-16.59,230,0,113.77,1
Luffa,Low Country,2023,36,103.57,-5.41,-18.71,223,0,116.74,1
Luffa,Low Country,2023,37,125.77,10.44,1.45,216,0,116.77,0
Luffa,Low Country,2023,38,127.55,0.08,6.22,209,0,122.44,0
Luffa,Low Country,2023,39,132.86,20.57,13.59,202,0,130.55,0
Luffa,Low Country,2023,40,136.02,31.33,15.52,195,0,137.65,1
Luffa,Low Country,2023,41,154.18,22.6,28.05,188,0,151.35,0
Luffa,Low Country,2023,42,182.35,42.96,44.92,181,0,178.29,0
Luffa,Low Country,2023,43,240.6,81.09,76.54,174,0,212.8,0
Luffa,Low Country,2023,44,274.08,101.5,83.85,167,0,248.0,0
Luffa,Low Country,2023,45,294.98,91.32,80.59,160,0,281.78,0
Luffa,Low Country,2023,46,317.45,74.09,77.34,153,0,302.7,0
Luffa,Low Country,2023,47,324.29,34.78,67.03,146,0,309.94,0
Luffa,Low Country,2023,48,303.03,10.56,45.0,139,0,304.85,1
Luffa,Low Country,2023,49,274.64,-6.9,23.64,132,0,293.88,1
Luffa,Low Country,2023,50,273.57,-13.82,17.16,125,0,285.57,1
Luffa,Low Country,2023,51,291.02,-10.26,18.26,118,0,285.61,0
Luffa,Low Country,2023,52,303.19,0.05,16.98,111,0,286.42,0
Luffa,Low Country,2024,1,277.91,1.19,2.89,104,0,288.74,1
Luffa,Low Country,2024,2,282.86,3.39,1.02,97,0,304.02,1
Luffa,Low Country,2024,3,352.14,21.0,20.16,90,0,309.41,0
Luffa,Low Country,2024,4,324.74,7.11,8.42,83,0,310.0,0
Luffa,Low Country,2024,5,280.27,0.85,-6.58,76,0,301.69,1
Luffa,Low Country,2024,6,249.59,-11.76,-15.82,69,0,276.06,1
Luffa,Low Country,2024,7,249.63,-29.11,-14.31,62,0,255.45,1
Luffa,Low Country,2024,8,242.31,-25.38,-14.98,55,0,231.81,0
Luffa,Low Country,2024,9,185.71,-33.74,-32.7,48,0,201.17,1
Luffa,Low Country,2024,10,127.04,-49.1,-51.99,41,1,170.58,1
Luffa,Low Country,2024,11,127.24,-49.03,-49.78,34,1,136.33,1
Luffa,Low Country,2024,12,105.34,-56.53,-55.94,27,1,113.74,1
Luffa,Low Country,2024,13,95.35,-48.66,-57.26,20,1,111.31,1
Luffa,Low Country,2024,14,117.31,-7.66,-44.33,13,1,110.17,0
Luffa,Low Country,2024,15,122.68,-3.59,-38.17,6,1,109.54,0
Luffa,Low Country,2024,16,102.84,-2.37,-42.62,364,0,118.69,1
Luffa,Low Country,2024,17,131.93,38.37,-19.75,357,0,130.65,0
Luffa,Low Country,2024,18,165.16,40.8,6.18,350,0,147.5,0
Luffa,Low Country,2024,19,190.06,54.93,25.9,343,0,174.4,0
Luffa,Low Country,2024,20,210.44,104.63,42.23,336,0,198.89,0
Luffa,Low Country,2024,21,229.9,74.26,56.4,329,0,223.47,0
Luffa,Low Country,2024,22,263.49,59.53,72.23,322,0,244.33,0
Luffa,Low Country,2024,23,273.5,43.9,66.52,315,0,259.83,0
Luffa,Low Country,2024,24,272.41,29.45,55.3,308,0,267.5,0
Luffa,Low Country,2024,25,260.58,13.34,39.08,301,0,253.65,0
Luffa,Low Country,2024,26,208.12,-21.01,6.17,294,0,243.68,1
Luffa,Low Country,2024,27,233.61,-14.59,13.97,287,0,235.16,1
Luffa,Low Country,2024,28,238.32,-12.52,11.43,280,0,225.62,0
Luffa,Low Country,2024,29,222.42,-14.64,-0.29,273,0,228.48,1
Luffa,Low Country,2024,30,219.58,5.5,-4.45,266,0,215.08,0
Luffa,Low Country,2024,31,179.99,-22.95,-22.07,259,0,195.32,1
Luffa,Low Country,2024,32,159.29,-33.16,-30.32,252,0,179.23,1
Luffa,Low Country,2024,33,158.04,-28.94,-29.62,245,0,158.49,1
Luffa,Low Country,2024,34,136.65,-37.77,-37.14,238,0,153.08,1
Luffa,Low Country,2024,35,158.35,-12.02,-24.34,231,0,155.37,0
Luffa,Low Country,2024,36,168.45,5.75,-16.28,224,0,163.14,0
Luffa,Low Country,2024,37,189.11,19.65,-2.93,217,0,183.07,0
Luffa,Low Country,2024,38,216.38,58.35,13.05,210,0,200.52,0
Luffa,Low Country,2024,39,228.15,44.08,18.24,203,0,211.41,0
Luffa,Low Country,2024,40,212.02,25.86,10.84,196,0,206.91,0
Luffa,Low Country,2024,41,171.1,-9.52,-8.07,189,0,189.65,1
Luffa,Low Country,2024,42,147.35,-31.9,-18.3,182,0,171.24,1
Luffa,Low Country,2024,43,154.52,-32.27,-11.88,175,0,158.84,1
Luffa,Low Country,2024,44,162.39,-23.41,-6.66,168,0,158.58,0
Luffa,Low Country,2024,45,170.07,-0.6,-2.71,161,0,173.15,1
Luffa,Low Country,2024,46,205.62,39.55,15.21,154,0,189.32,0
Luffa,Low Country,2024,47,219.19,41.86,18.6,147,0,210.77,0
Luffa,Low Country,2024,48,248.19,52.83,29.45,140,0,245.72,0
Luffa,Low Country,2024,49,309.9,82.22,52.95,133,0,277.69,0
Luffa,Low Country,2024,50,333.48,62.18,56.04,126,0,293.38,0
Luffa,Low Country,2024,51,281.96,28.63,28.89,119,0,293.33,1
Luffa,Low Country,2024,52,247.98,-0.09,12.57,112,0,276.45,1
Luffa,Low Country,2025,1,242.38,-21.79,8.87,105,0,272.19,1
Luffa,Low Country,2025,35,316.43,-5.11,35.34,232,0,300.63,0
Luffa,Low Country,2026,1,395.72,40.35,56.47,106,0,345.58,0
Luffa,Low Country,2026,2,427.8,72.52,56.17,99,0,391.96,0
Luffa,Low Country,2026,3,427.9,76.54,45.37,92,0,421.23,0
Luffa,Low Country,2026,4,433.49,37.0,37.78,85,0,404.79,0
Luffa,Low Country,2026,5,329.97,-16.62,1.78,78,0,354.34,1
Luffa,Low Country,2026,6,226.0,-47.17,-30.4,71,0,292.26,1
Luffa,Low Country,2026,7,179.57,-58.04,-43.79,64,0,223.65,1
Luffa,Low Country,2026,8,159.08,-63.3,-48.32,57,0,179.15,1
Luffa,Low Country,2026,9,151.94,-53.95,-48.3,50,0,161.65,1
Luffa,Low Country,2026,10,156.02,-30.96,-45.1,43,1,148.03,0
Luffa,Low Country,2026,11,125.08,-30.35,-54.47,36,1,136.95,1
Luffa,Low Country,2026,12,114.77,-27.85,-56.68,29,1,134.89,1
Luffa,Low Country,2026,13,143.69,-5.43,-42.89,22,1,137.45,0
Luffa,Low Country,2026,14,166.26,6.56,-28.94,15,1,150.48,0
Luffa,Low Country,2026,15,177.19,41.67,-17.47,8,1,157.29,0
Luffa,Low Country,2026,16,142.03,23.75,-26.29,1,1,170.81,1
Luffa,Low Country,2026,17,197.77,37.63,13.29,359,0,203.16,1
Luffa,Low Country,2026,18,295.64,77.82,71.96,352,0,240.56,0
Luffa,Low Country,2026,19,326.81,84.44,81.88,345,0,292.84,0
Luffa,Low Country,2026,20,351.12,147.21,82.04,338,0,337.84,0
Luffa,Low Country,2026,21,377.77,91.02,80.15,331,0,352.89,0
Luffa,Low Country,2026,22,355.84,20.36,57.88,324,0,347.12,0
Luffa,Low Country,2026,23,303.73,-7.06,28.29,317,0,331.54,1
Luffa,Low Country,2026,24,288.81,-17.75,15.83,310,0,307.91,1
Luffa,Low Country,2026,25,283.24,-25.02,7.98,303,0,291.93,1
Mango - Betti (Rs/Fruit),Fruit,2023,1,18.0,,0.0,102,0,18.75,1
Mango - Betti (Rs/Fruit),Fruit,2023,2,18.75,,2.04,95,0,19.38,1
Mango - Betti (Rs/Fruit),Fruit,2023,3,20.0,,5.73,88,0,20.12,1
Mango - Betti (Rs/Fruit),Fruit,2023,4,21.6,,10.27,81,0,20.49,0
Mango - Betti (Rs/Fruit),Fruit,2023,5,21.62,20.14,8.15,74,0,26.68,1
Mango - Betti (Rs/Fruit),Fruit,2023,6,43.5,132.0,81.91,67,0,38.18,0
Mango - Betti (Rs/Fruit),Fruit,2023,7,66.0,230.0,120.55,60,0,51.16,0
Mango - Betti (Rs/Fruit),Fruit,2023,8,73.5,240.28,107.79,53,0,62.25,0
Mango - Betti (Rs/Fruit),Fruit,2023,9,66.0,205.2,70.21,46,0,67.94,1
Mango - Betti (Rs/Fruit),Fruit,2023,10,66.25,52.3,59.55,39,1,64.56,0
Mango - Betti (Rs/Fruit),Fruit,2023,11,52.5,-20.45,23.47,32,1,58.06,1
Mango - Betti (Rs/Fruit),Fruit,2023,12,47.5,-35.37,10.63,25,1,56.86,1
Mango - Betti (Rs/Fruit),Fruit,2023,13,61.2,-7.27,38.02,18,1,55.05,0
Mango - Betti (Rs/Fruit),Fruit,2023,14,59.0,-10.94,24.23,11,1,57.49,0
Mango - Betti (Rs/Fruit),Fruit,2023,15,62.25,18.57,22.44,4,1,61.92,0
Mango - Betti (Rs/Fruit),Fruit,2023,16,65.25,37.37,20.12,363,0,57.58,0
Mango - Betti (Rs/Fruit),Fruit,2023,17,43.8,-28.43,-21.83,356,0,52.37,1
Mango - Betti (Rs/Fruit),Fruit,2023,18,38.17,-35.31,-33.39,349,0,47.18,1
Mango - Betti (Rs/Fruit),Fruit,2023,19,41.5,-33.33,-27.38,342,0,36.97,0
Mango - Betti (Rs/Fruit),Fruit,2023,20,24.4,-62.61,-54.77,335,0,31.37,1
Mango - Betti (Rs/Fruit),Fruit,2023,21,21.4,-51.14,-57.15,328,0,27.12,1
Mango - Betti (Rs/Fruit),Fruit,2023,22,21.2,-44.45,-54.4,321,0,22.55,1
Mango - Betti (Rs/Fruit),Fruit,2023,23,23.2,-44.1,-46.27,314,0,22.58,0
Mango - Betti (Rs/Fruit),Fruit,2023,24,24.5,0.41,-40.28,307,0,23.33,0
Mango - Betti (Rs/Fruit),Fruit,2023,25,24.4,14.02,-37.84,300,0,24.9,1
Mango - Betti (Rs/Fruit),Fruit,2023,26,27.5,29.72,-24.98,293,0,26.85,0
Mango - Betti (Rs/Fruit),Fruit,2023,27,31.0,33.62,-10.16,286,0,29.8,0
Mango - Betti (Rs/Fruit),Fruit,2023,28,36.3,48.16,11.66,279,0,34.32,0
Mango - Betti (Rs/Fruit),Fruit,2023,29,42.5,74.18,38.17,272,0,39.45,0
Mango - Betti (Rs/Fruit),Fruit,2023,30,48.0,74.55,54.43,265,0,41.95,0
Mango - Betti (Rs/Fruit),Fruit,2023,40,41.0,32.26,30.99,195,0,41.12,1
Mango - Betti (Rs/Fruit),Fruit,2023,41,33.0,-9.09,7.68,188,0,37.62,1
Mango - Betti (Rs/Fruit),Fruit,2023,42,28.5,-32.94,-7.95,181,0,32.38,1
Mango - Betti (Rs/Fruit),Fruit,2023,43,27.0,-43.75,-13.99,174,0,29.47,1
Mango - Betti (Rs/Fruit),Fruit,2023,44,29.38,-28.35,-8.26,167,0,27.89,0
Mango - Betti (Rs/Fruit),Fruit,2023,45,26.7,-19.09,-17.31,160,0,26.67,0
Mango - Betti (Rs/Fruit),Fruit,2023,46,23.6,-17.19,-26.76,153,0,24.67,1
Mango - Betti (Rs/Fruit),Fruit,2023,47,19.0,-29.63,-40.26,146,0,22.08,1
Mango - Betti (Rs/Fruit),Fruit,2023,48,19.0,-35.32,-39.01,139,0,20.25,1
Mango - Betti (Rs/Fruit),Fruit,2023,49,19.4,-27.34,-35.89,132,0,20.42,1
Mango - Betti (Rs/Fruit),Fruit,2023,50,24.3,2.97,-17.17,125,0,22.7,0
Mango - Betti (Rs/Fruit),Fruit,2023,51,28.08,47.81,-0.51,118,0,25.76,0
Mango - Betti (Rs/Fruit),Fruit,2024,1,31.25,64.47,16.0,104,0,40.28,1
Mango - Betti (Rs/Fruit),Fruit,2024,14,77.5,299.48,160.53,13,1,48.58,0
Mango - Betti (Rs/Fruit),Fruit,2024,15,57.5,136.63,81.78,6,1,58.44,1
Mango - Betti (Rs/Fruit),Fruit,2024,16,67.5,140.36,94.91,364,0,58.34,0
Mango - Betti (Rs/Fruit),Fruit,2024,17,30.88,-1.2,-11.61,357,0,46.0,1
Mango - Betti (Rs/Fruit),Fruit,2024,18,28.12,-63.71,-19.26,350,0,38.45,1
Mango - Betti (Rs/Fruit),Fruit,2024,19,27.3,-52.52,-21.73,343,0,27.2,0
Mango - Betti (Rs/Fruit),Fruit,2024,20,22.5,-66.67,-35.34,336,0,24.86,1
Mango - Betti (Rs/Fruit),Fruit,2024,21,21.5,-30.36,-38.55,329,0,23.48,1
Mango - Betti (Rs/Fruit),Fruit,2024,22,22.6,-19.64,-35.91,322,0,22.45,0
Mango - Betti (Rs/Fruit),Fruit,2024,23,23.2,-15.02,-34.75,315,0,22.62,0
Mango - Betti (Rs/Fruit),Fruit,2024,24,23.2,3.11,-34.6,308,0,22.79,0
Mango - Betti (Rs/Fruit),Fruit,2024,25,22.17,3.1,-36.7,301,0,23.29,1
Mango - Betti (Rs/Fruit),Fruit,2024,26,24.6,8.85,-28.71,294,0,26.17,1
Mango - Betti (Rs/Fruit),Fruit,2024,27,34.7,49.57,11.17,287,0,29.74,0
Mango - Betti (Rs/Fruit),Fruit,2024,28,37.5,61.64,26.37,280,0,33.58,0
Mango - Betti (Rs/Fruit),Fruit,2024,29,37.5,69.17,37.03,273,0,37.27,0
Mango - Betti (Rs/Fruit),Fruit,2024,40,39.38,60.06,40.52,196,0,40.09,1
Mango - Betti (Rs/Fruit),Fruit,2024,41,46.0,32.56,56.49,189,0,42.19,0
Mango - Betti (Rs/Fruit),Fruit,2024,42,45.88,22.33,48.83,182,0,45.94,1
Mango - Betti (Rs/Fruit),Fruit,2024,43,52.5,40.0,58.46,175,0,48.66,0
Mango - Betti (Rs/Fruit),Fruit,2024,44,50.25,27.62,42.18,168,0,47.16,0
Mango - Betti (Rs/Fruit),Fruit,2024,45,40.0,-13.04,9.05,161,0,42.94,1
Mango - Betti (Rs/Fruit),Fruit,2024,46,29.0,-36.78,-21.89,154,0,39.19,1
Mango - Betti (Rs/Fruit),Fruit,2024,51,37.5,-28.57,-1.9,119,0,35.41,0
Mango - Betti (Rs/Fruit),Fruit,2024,52,35.12,-30.1,-10.45,112,0,34.47,0
Mango - Betti (Rs/Fruit),Fruit,2025,1,36.25,-9.38,-9.65,105,0,43.47,1
Mango - Betti (Rs/Fruit),Fruit,2025,35,65.0,124.14,53.11,232,0,49.41,0
Mango - Betti (Rs/Fruit),Fruit,2026,17,61.25,63.33,38.33,359,0,55.94,0
Mango - Betti (Rs/Fruit),Fruit,2026,18,61.25,74.38,32.85,352,0,60.62,0
Mango - Betti (Rs/Fruit),Fruit,2026,19,55.0,51.72,16.26,345,0,55.62,1
Mango - Betti (Rs/Fruit),Fruit,2026,20,45.0,-30.77,-4.72,338,0,59.06,1
Mango - Betti (Rs/Fruit),Fruit,2026,21,75.0,22.45,51.6,331,0,52.12,0
Mango - Betti (Rs/Fruit),Fruit,2026,22,33.5,-45.31,-30.22,324,0,49.62,1
Mango - Betti (Rs/Fruit),Fruit,2026,23,45.0,-18.18,-5.47,317,0,49.12,1
Mango - Betti (Rs/Fruit),Fruit,2026,24,43.0,-4.44,-10.11,310,0,40.88,0
Mango - Betti (Rs/Fruit),Fruit,2026,25,42.0,-44.0,-14.0,303,0,43.33,1
Mango - Karathakolomban (Rs/Fruit),Fruit,2023,1,70.0,,0.0,102,0,85.0,1
Mango - Karathakolomban (Rs/Fruit),Fruit,2023,2,85.0,,9.68,95,0,96.0,1
Mango - Karathakolomban (Rs/Fruit),Fruit,2023,3,107.0,,22.52,88,0,110.67,1
Mango - Karathakolomban (Rs/Fruit),Fruit,2023,4,140.0,,39.3,81,0,121.0,0
Mango - Karathakolomban (Rs/Fruit),Fruit,2023,5,152.0,117.14,37.18,74,0,160.0,1
Mango - Karathakolomban (Rs/Fruit),Fruit,2023,6,241.0,183.53,81.89,67,0,205.25,0
Mango - Karathakolomban (Rs/Fruit),Fruit,2023,7,288.0,169.16,86.15,60,0,238.75,0
Mango - Karathakolomban (Rs/Fruit),Fruit,2023,8,274.0,95.71,61.53,53,0,243.0,0
Mango - Karathakolomban (Rs/Fruit),Fruit,2023,9,169.0,11.18,-0.33,46,0,225.88,1
Mango - Karathakolomban (Rs/Fruit),Fruit,2023,10,172.5,-28.42,1.56,39,1,193.38,1
Mango - Karathakolomban (Rs/Fruit),Fruit,2023,11,158.0,-45.14,-6.38,32,1,162.38,1
Mango - Karathakolomban (Rs/Fruit),Fruit,2023,12,150.0,-45.26,-10.29,25,1,160.12,1
Mango - Karathakolomban (Rs/Fruit),Fruit,2023,13,160.0,-5.33,-3.99,18,1,154.5,0
Mango - Karathakolomban (Rs/Fruit),Fruit,2023,14,150.0,-13.04,-13.2,11,1,153.75,1
Mango - Karathakolomban (Rs/Fruit),Fruit,2023,15,155.0,-1.9,-13.02,4,1,145.75,0
Mango - Karathakolomban (Rs/Fruit),Fruit,2023,16,118.0,-21.33,-34.09,363,0,131.12,1
Mango - Karathakolomban (Rs/Fruit),Fruit,2023,17,101.5,-36.56,-42.35,356,0,118.0,1
Mango - Karathakolomban (Rs/Fruit),Fruit,2023,18,97.5,-35.0,-43.28,349,0,106.0,1
Mango - Karathakolomban (Rs/Fruit),Fruit,2023,19,107.0,-30.97,-33.78,342,0,95.25,0
Mango - Karathakolomban (Rs/Fruit),Fruit,2023,20,75.0,-36.44,-48.34,335,0,89.78,1
Mango - Karathakolomban (Rs/Fruit),Fruit,2023,21,79.6,-21.58,-38.88,328,0,82.65,1
Mango - Karathakolomban (Rs/Fruit),Fruit,2023,22,69.0,-29.23,-43.69,321,0,72.65,1
Mango - Karathakolomban (Rs/Fruit),Fruit,2023,23,67.0,-37.38,-41.45,314,0,70.4,1
Mango - Karathakolomban (Rs/Fruit),Fruit,2023,24,66.0,-12.0,-38.52,307,0,67.5,1
Mango - Karathakolomban (Rs/Fruit),Fruit,2023,25,68.0,-14.57,-32.7,300,0,68.69,1
Mango - Karathakolomban (Rs/Fruit),Fruit,2023,26,73.75,6.88,-21.88,293,0,70.69,0
Mango - Karathakolomban (Rs/Fruit),Fruit,2023,27,75.0,11.94,-15.39,286,0,76.19,1
Mango - Karathakolomban (Rs/Fruit),Fruit,2023,28,88.0,33.33,5.4,279,0,80.94,0
Mango - Karathakolomban (Rs/Fruit),Fruit,2023,29,87.0,27.94,7.27,272,0,90.0,1
Mango - Karathakolomban (Rs/Fruit),Fruit,2023,30,110.0,49.15,34.54,265,0,101.25,0
Mango - Karathakolomban (Rs/Fruit),Fruit,2023,31,120.0,60.0,43.73,258,0,135.25,1
Mango - Karathakolomban (Rs/Fruit),Fruit,2023,32,224.0,154.55,142.19,251,0,198.75,0
Mango - Karathakolomban (Rs/Fruit),Fruit,2023,33,341.0,291.95,201.9,244,0,259.5,0
Mango - Karathakolomban (Rs/Fruit),Fruit,2023,34,353.0,220.91,163.47,237,0,323.88,0
Mango - Karathakolomban (Rs/Fruit),Fruit,2023,35,377.5,214.58,139.36,230,0,347.38,0
Mango - Karathakolomban (Rs/Fruit),Fruit,2023,36,318.0,41.96,79.64,223,0,335.12,1
Mango - Karathakolomban (Rs/Fruit),Fruit,2023,37,292.0,-14.37,50.2,216,0,317.88,1
Mango - Karathakolomban (Rs/Fruit),Fruit,2023,38,284.0,-19.55,34.58,209,0,291.62,1
Mango - Karathakolomban (Rs/Fruit),Fruit,2023,39,272.5,-27.81,20.41,202,0,275.12,1
Mango - Karathakolomban (Rs/Fruit),Fruit,2023,40,252.0,-20.75,5.03,195,0,240.38,0
Mango - Karathakolomban (Rs/Fruit),Fruit,2023,41,153.0,-47.6,-37.53,188,0,197.88,1
Mango - Karathakolomban (Rs/Fruit),Fruit,2023,42,114.0,-59.86,-53.85,181,0,153.25,1
Mango - Karathakolomban (Rs/Fruit),Fruit,2023,43,94.0,-65.5,-61.75,174,0,109.5,1
Mango - Karathakolomban (Rs/Fruit),Fruit,2023,44,77.0,-69.44,-68.24,167,0,85.0,1
Mango - Karathakolomban (Rs/Fruit),Fruit,2023,45,55.0,-64.05,-76.03,160,0,69.75,1
Mango - Karathakolomban (Rs/Fruit),Fruit,2023,46,53.0,-53.51,-74.43,153,0,57.5,1
Mango - Karathakolomban (Rs/Fruit),Fruit,2023,47,45.0,-52.13,-75.49,146,0,45.83,1
Mango - Karathakolomban (Rs/Fruit),Fruit,2023,48,30.33,-60.61,-80.67,139,0,38.48,1
Mango - Karathakolomban (Rs/Fruit),Fruit,2023,49,25.6,-53.45,-80.95,132,0,32.28,1
Mango - Karathakolomban (Rs/Fruit),Fruit,2023,50,28.2,-46.79,-75.29,125,0,31.87,1
Mango - Karathakolomban (Rs/Fruit),Fruit,2023,51,43.33,-3.7,-54.68,118,0,36.16,0
Mango - Karathakolomban (Rs/Fruit),Fruit,2023,52,47.5,56.59,-39.34,111,0,43.66,0
Mango - Karathakolomban (Rs/Fruit),Fruit,2024,1,55.62,117.29,-11.98,104,0,51.61,0
Mango - Karathakolomban (Rs/Fruit),Fruit,2024,2,60.0,112.77,7.06,97,0,62.66,1
Mango - Karathakolomban (Rs/Fruit),Fruit,2024,3,87.5,101.92,62.02,90,0,83.59,0
Mango - Karathakolomban (Rs/Fruit),Fruit,2024,4,131.25,176.32,130.78,83,0,126.69,0
Mango - Karathakolomban (Rs/Fruit),Fruit,2024,5,228.0,309.89,232.91,76,0,187.31,0
Mango - Karathakolomban (Rs/Fruit),Fruit,2024,13,302.5,404.17,245.61,20,1,209.44,0
Mango - Karathakolomban (Rs/Fruit),Fruit,2024,14,176.0,101.14,81.47,13,1,221.21,1
Mango - Karathakolomban (Rs/Fruit),Fruit,2024,15,178.33,35.87,66.29,6,1,201.08,1
Mango - Karathakolomban (Rs/Fruit),Fruit,2024,16,147.5,-35.31,26.87,364,0,147.33,0
Mango - Karathakolomban (Rs/Fruit),Fruit,2024,17,87.5,-71.07,-27.7,357,0,123.33,1
Mango - Karathakolomban (Rs/Fruit),Fruit,2024,18,80.0,-54.55,-36.0,350,0,96.25,1
Mango - Karathakolomban (Rs/Fruit),Fruit,2024,19,70.0,-60.75,-44.91,343,0,75.62,1
Mango - Karathakolomban (Rs/Fruit),Fruit,2024,20,65.0,-55.93,-49.38,336,0,69.58,1
Mango - Karathakolomban (Rs/Fruit),Fruit,2024,21,63.33,-27.62,-50.9,329,0,66.83,1
Mango - Karathakolomban (Rs/Fruit),Fruit,2024,22,69.0,-13.75,-46.79,322,0,68.58,0
Mango - Karathakolomban (Rs/Fruit),Fruit,2024,23,77.0,10.0,-40.25,315,0,69.58,0
Mango - Karathakolomban (Rs/Fruit),Fruit,2024,24,69.0,6.15,-44.4,308,0,68.75,0
Mango - Karathakolomban (Rs/Fruit),Fruit,2024,25,60.0,-5.26,-46.03,301,0,68.5,1
Mango - Karathakolomban (Rs/Fruit),Fruit,2024,26,68.0,-1.45,-26.98,294,0,71.0,1
Mango - Karathakolomban (Rs/Fruit),Fruit,2024,27,87.0,12.99,0.83,287,0,78.25,0
Mango - Karathakolomban (Rs/Fruit),Fruit,2024,28,98.0,42.03,22.34,280,0,96.25,0
Mango - Karathakolomban (Rs/Fruit),Fruit,2024,29,132.0,120.0,67.28,273,0,131.25,0
Mango - Karathakolomban (Rs/Fruit),Fruit,2024,30,208.0,205.88,135.88,266,0,168.75,0
Mango - Karathakolomban (Rs/Fruit),Fruit,2024,31,237.0,172.41,136.39,259,0,210.75,0
Mango - Karathakolomban (Rs/Fruit),Fruit,2024,32,266.0,171.43,130.64,252,0,257.75,0
Mango - Karathakolomban (Rs/Fruit),Fruit,2024,33,320.0,142.42,137.13,245,0,294.81,0
Mango - Karathakolomban (Rs/Fruit),Fruit,2024,34,356.25,71.27,126.22,238,0,313.06,0
Mango - Karathakolomban (Rs/Fruit),Fruit,2024,35,310.0,30.8,76.12,231,0,334.06,1
Mango - Karathakolomban (Rs/Fruit),Fruit,2024,36,350.0,31.58,77.65,224,0,319.69,0
Mango - Karathakolomban (Rs/Fruit),Fruit,2024,37,262.5,-17.97,23.88,217,0,308.96,1
Mango - Karathakolomban (Rs/Fruit),Fruit,2024,38,313.33,-12.05,35.41,210,0,310.21,0
Mango - Karathakolomban (Rs/Fruit),Fruit,2024,39,315.0,1.61,25.8,203,0,264.63,0
Mango - Karathakolomban (Rs/Fruit),Fruit,2024,40,167.7,-52.09,-34.65,196,0,243.06,1
Mango - Karathakolomban (Rs/Fruit),Fruit,2024,41,176.2,-32.88,-32.91,189,0,213.35,1
Mango - Karathakolomban (Rs/Fruit),Fruit,2024,42,194.5,-37.93,-27.27,182,0,172.35,0
Mango - Karathakolomban (Rs/Fruit),Fruit,2024,43,151.0,-52.06,-42.59,175,0,159.63,1
Mango - Karathakolomban (Rs/Fruit),Fruit,2024,44,116.83,-30.33,-53.97,168,0,146.03,1
Mango - Karathakolomban (Rs/Fruit),Fruit,2024,45,121.8,-30.87,-49.81,161,0,125.97,1
Mango - Karathakolomban (Rs/Fruit),Fruit,2024,46,114.25,-41.26,-49.64,154,0,113.22,0
Mango - Karathakolomban (Rs/Fruit),Fruit,2024,47,100.0,-33.77,-51.73,147,0,106.64,1
Mango - Karathakolomban (Rs/Fruit),Fruit,2024,48,90.5,-22.54,-52.44,140,0,104.56,1
Mango - Karathakolomban (Rs/Fruit),Fruit,2024,49,113.5,-6.81,-34.04,133,0,106.12,0
Mango - Karathakolomban (Rs/Fruit),Fruit,2024,50,120.5,5.47,-25.23,126,0,117.62,0
Mango - Karathakolomban (Rs/Fruit),Fruit,2024,51,146.0,46.0,-1.54,119,0,126.72,0
Mango - Karathakolomban (Rs/Fruit),Fruit,2024,52,126.88,40.19,-5.19,112,0,136.47,1
Mango - Karathakolomban (Rs/Fruit),Fruit,2025,1,152.5,34.36,14.96,105,0,148.22,0
Mango - Karathakolomban (Rs/Fruit),Fruit,2025,35,167.5,39.0,26.91,232,0,132.97,0
Mango - Karathakolomban (Rs/Fruit),Fruit,2026,1,85.0,-41.78,-31.21,106,0,123.88,1
Mango - Karathakolomban (Rs/Fruit),Fruit,2026,2,90.5,-28.67,-23.89,99,0,110.33,1
Mango - Karathakolomban (Rs/Fruit),Fruit,2026,3,98.33,-35.52,-16.3,92,0,101.83,1
Mango - Karathakolomban (Rs/Fruit),Fruit,2026,4,133.5,-20.3,12.77,85,0,127.08,0
Mango - Karathakolomban (Rs/Fruit),Fruit,2026,5,186.0,118.82,50.12,78,0,160.4,0
Mango - Karathakolomban (Rs/Fruit),Fruit,2026,6,223.75,147.24,67.7,71,0,215.4,0
Mango - Karathakolomban (Rs/Fruit),Fruit,2026,7,318.33,223.73,110.89,64,0,283.9,0
Mango - Karathakolomban (Rs/Fruit),Fruit,2026,8,407.5,205.24,134.79,57,0,300.52,0
Mango - Karathakolomban (Rs/Fruit),Fruit,2026,9,252.5,35.75,37.44,50,0,332.4,1
Mango - Karathakolomban (Rs/Fruit),Fruit,2026,10,351.25,56.98,76.06,43,1,320.94,0
Mango - Karathakolomban (Rs/Fruit),Fruit,2026,11,272.5,-14.4,29.33,36,1,274.56,1
Mango - Karathakolomban (Rs/Fruit),Fruit,2026,12,222.0,-45.52,2.75,29,1,259.31,1
Mango - Karathakolomban (Rs/Fruit),Fruit,2026,13,191.5,-24.16,-12.11,22,1,217.75,1
Mango - Karathakolomban (Rs/Fruit),Fruit,2026,14,185.0,-47.33,-17.99,15,1,192.75,1
Mango - Karathakolomban (Rs/Fruit),Fruit,2026,15,172.5,-36.7,-25.61,8,1,183.5,1
Mango - Karathakolomban (Rs/Fruit),Fruit,2026,17,185.0,-16.67,-22.45,359,0,174.69,0
Mango - Karathakolomban (Rs/Fruit),Fruit,2026,18,156.25,-18.41,-34.98,352,0,168.69,1
Mango - Karathakolomban (Rs/Fruit),Fruit,2026,19,161.0,-12.97,-32.46,345,0,163.81,1
Mango - Karathakolomban (Rs/Fruit),Fruit,2026,20,153.0,-11.3,-34.32,338,0,160.81,1
Mango - Karathakolomban (Rs/Fruit),Fruit,2026,21,173.0,-6.49,-21.99,331,0,152.84,0
Mango - Karathakolomban (Rs/Fruit),Fruit,2026,22,124.38,-20.4,-37.81,324,0,156.72,1
Mango - Karathakolomban (Rs/Fruit),Fruit,2026,23,176.5,9.63,-9.09,317,0,150.84,0
Mango - Karathakolomban (Rs/Fruit),Fruit,2026,24,129.5,-15.36,-26.87,310,0,143.82,1
Mango - Karathakolomban (Rs/Fruit),Fruit,2026,25,144.9,-16.24,-13.37,303,0,150.3,1
Manioc,Low Country,2023,1,132.6,,0.0,102,0,138.3,1
Manioc,Low Country,2023,2,138.3,,2.1,95,0,135.7,0
Manioc,Low Country,2023,3,133.11,,-1.16,88,0,134.27,1
Manioc,Low Country,2023,4,131.41,,-1.83,81,0,133.54,1
Manioc,Low Country,2023,5,131.34,-0.95,-1.51,74,0,130.36,0
Manioc,Low Country,2023,6,125.6,-9.19,-4.89,67,0,128.69,1
Manioc,Low Country,2023,7,126.42,-5.02,-3.68,60,0,128.58,1
Manioc,Low Country,2023,8,130.97,-0.33,-0.19,53,0,128.68,0
Manioc,Low Country,2023,9,131.74,0.31,0.36,46,0,131.92,1
Manioc,Low Country,2023,10,138.57,10.33,4.97,39,1,135.38,0
Manioc,Low Country,2023,11,140.24,10.93,5.64,32,1,136.48,0
Manioc,Low Country,2023,12,135.39,3.38,1.82,25,1,136.85,1
Manioc,Low Country,2023,13,133.2,1.1,0.16,18,1,135.53,1
Manioc,Low Country,2023,14,133.29,-3.81,0.18,11,1,133.77,1
Manioc,Low Country,2023,15,133.21,-5.01,0.42,4,1,131.46,0
Manioc,Low Country,2023,16,126.15,-6.82,-4.51,363,0,131.56,1
Manioc,Low Country,2023,17,133.6,0.3,0.99,356,0,130.61,0
Manioc,Low Country,2023,18,129.48,-2.86,-2.02,349,0,130.02,1
Manioc,Low Country,2023,19,130.84,-1.78,-1.29,342,0,132.72,1
Manioc,Low Country,2023,20,136.96,8.57,2.7,335,0,133.84,0
Manioc,Low Country,2023,21,138.1,3.37,3.13,328,0,135.94,0
Manioc,Low Country,2023,22,137.86,6.47,2.59,321,0,137.78,0
Manioc,Low Country,2023,23,138.21,5.64,2.88,314,0,137.43,0
Manioc,Low Country,2023,24,135.56,-1.02,1.17,307,0,136.73,1
Manioc,Low Country,2023,25,135.31,-2.02,0.99,300,0,135.34,1
Manioc,Low Country,2023,26,132.26,-4.06,-1.23,293,0,133.42,1
Manioc,Low Country,2023,27,130.54,-5.56,-2.37,286,0,131.58,1
Manioc,Low Country,2023,28,128.2,-5.43,-3.83,279,0,128.84,1
Manioc,Low Country,2023,29,124.38,-8.08,-6.61,272,0,127.0,1
Manioc,Low Country,2023,30,124.88,-5.58,-5.75,265,0,125.22,1
Manioc,Low Country,2023,31,123.42,-5.45,-6.53,258,0,122.79,0
Manioc,Low Country,2023,32,118.48,-7.58,-9.62,251,0,120.2,1
Manioc,Low Country,2023,33,114.02,-8.33,-11.84,244,0,117.66,1
Manioc,Low Country,2023,34,114.73,-8.13,-10.03,237,0,115.07,1
Manioc,Low Country,2023,35,113.04,-8.42,-10.02,230,0,112.27,0
Manioc,Low Country,2023,36,107.28,-9.46,-12.95,223,0,109.02,1
Manioc,Low Country,2023,37,101.03,-11.39,-16.22,216,0,105.83,1
Manioc,Low Country,2023,38,101.96,-11.13,-13.6,209,0,102.46,1
Manioc,Low Country,2023,39,99.58,-11.9,-13.78,202,0,99.04,0
Manioc,Low Country,2023,40,93.57,-12.78,-16.94,195,0,96.35,1
Manioc,Low Country,2023,41,90.27,-10.65,-17.74,188,0,92.62,1
Manioc,Low Country,2023,42,87.05,-14.62,-18.54,181,0,89.44,1
Manioc,Low Country,2023,43,86.85,-12.78,-16.44,174,0,88.73,1
Manioc,Low Country,2023,44,90.76,-3.01,-10.52,167,0,89.02,0
Manioc,Low Country,2023,45,91.43,1.29,-7.97,160,0,90.74,0
Manioc,Low Country,2023,46,93.93,7.9,-3.96,153,0,93.08,0
Manioc,Low Country,2023,47,96.22,10.79,-0.17,146,0,95.28,0
Manioc,Low Country,2023,48,99.54,9.68,4.4,139,0,95.75,0
Manioc,Low Country,2023,49,93.31,2.06,-1.02,132,0,96.06,1
Manioc,Low Country,2023,50,95.18,1.33,1.45,125,0,96.35,1
Manioc,Low Country,2023,51,97.37,1.19,4.17,118,0,96.59,0
Manioc,Low Country,2023,52,100.51,0.97,7.45,111,0,98.2,0
Manioc,Low Country,2024,1,99.73,6.88,6.09,104,0,99.76,1
Manioc,Low Country,2024,2,101.43,6.57,6.91,97,0,101.97,1
Manioc,Low Country,2024,3,106.21,9.08,10.24,90,0,103.11,0
Manioc,Low Country,2024,4,105.09,4.56,7.51,83,0,105.1,1
Manioc,Low Country,2024,5,107.68,7.97,8.71,76,0,106.59,0
Manioc,Low Country,2024,6,107.38,5.87,7.09,69,0,107.05,0
Manioc,Low Country,2024,7,108.07,1.75,6.62,62,0,108.61,1
Manioc,Low Country,2024,8,111.32,5.93,8.58,55,0,109.19,0
Manioc,Low Country,2024,9,110.0,2.16,6.46,48,0,110.05,1
Manioc,Low Country,2024,10,110.8,3.19,5.86,41,1,112.71,1
Manioc,Low Country,2024,11,118.71,9.84,11.48,34,1,113.64,0
Manioc,Low Country,2024,12,115.05,3.35,6.68,27,1,113.84,0
Manioc,Low Country,2024,13,110.81,0.74,2.0,20,1,112.99,1
Manioc,Low Country,2024,14,107.39,-3.08,-1.68,13,1,109.25,1
Manioc,Low Country,2024,15,103.75,-12.6,-5.17,6,1,105.92,1
Manioc,Low Country,2024,16,101.72,-11.59,-6.73,364,0,104.36,1
Manioc,Low Country,2024,17,104.56,-5.64,-4.09,357,0,103.72,0
Manioc,Low Country,2024,18,104.86,-2.36,-3.63,350,0,104.62,0
Manioc,Low Country,2024,19,107.35,3.47,-1.33,343,0,103.61,0
Manioc,Low Country,2024,20,97.68,-3.98,-9.56,336,0,101.64,1
Manioc,Low Country,2024,21,96.67,-7.55,-9.55,329,0,99.25,1
Manioc,Low Country,2024,22,95.31,-9.11,-9.87,322,0,97.27,1
Manioc,Low Country,2024,23,99.44,-7.37,-5.18,315,0,97.98,0
Manioc,Low Country,2024,24,100.51,2.9,-2.86,308,0,98.49,0
Manioc,Low Country,2024,25,98.72,2.12,-3.42,301,0,99.43,1
Manioc,Low Country,2024,26,99.05,3.93,-2.23,294,0,99.97,1
Manioc,Low Country,2024,27,101.59,2.17,0.73,287,0,99.86,0
Manioc,Low Country,2024,28,100.09,-0.42,-0.49,280,0,100.55,1
Manioc,Low Country,2024,29,101.48,2.79,0.91,273,0,100.98,0
Manioc,Low Country,2024,30,100.76,1.72,0.49,266,0,98.96,0
Manioc,Low Country,2024,31,93.53,-7.94,-5.91,259,0,96.59,1
Manioc,Low Country,2024,32,90.61,-9.47,-7.64,252,0,91.46,1
Manioc,Low Country,2024,33,80.96,-20.22,-16.38,245,0,87.4,1
Manioc,Low Country,2024,34,84.49,-16.14,-11.88,238,0,85.45,1
Manioc,Low Country,2024,35,85.71,-8.35,-9.92,231,0,86.02,1
Manioc,Low Country,2024,36,92.9,2.52,-1.85,224,0,88.66,0
Manioc,Low Country,2024,37,91.53,13.06,-2.58,217,0,91.0,0
Manioc,Low Country,2024,38,93.84,11.06,0.28,210,0,93.15,0
Manioc,Low Country,2024,39,94.34,10.06,1.2,203,0,92.91,0
Manioc,Low Country,2024,40,91.93,-1.04,-0.59,196,0,91.99,1
Manioc,Low Country,2024,41,87.84,-4.04,-4.04,189,0,89.71,1
Manioc,Low Country,2024,42,84.73,-9.71,-6.11,182,0,87.82,1
Manioc,Low Country,2024,43,86.79,-8.01,-2.67,175,0,86.08,0
Manioc,Low Country,2024,44,84.96,-7.59,-4.02,168,0,84.7,0
Manioc,Low Country,2024,45,82.32,-6.29,-6.32,161,0,84.53,1
Manioc,Low Country,2024,46,84.05,-0.81,-4.61,154,0,84.47,1
Manioc,Low Country,2024,47,86.58,-0.24,-1.92,147,0,86.56,0
Manioc,Low Country,2024,48,93.32,9.84,5.02,140,0,89.85,0
Manioc,Low Country,2024,49,95.45,15.95,7.18,133,0,92.65,0
Manioc,Low Country,2024,50,95.26,13.35,6.63,126,0,94.72,0
Manioc,Low Country,2024,51,94.86,9.56,6.08,119,0,94.69,0
Manioc,Low Country,2024,52,93.19,-0.14,4.32,112,0,94.92,1
Manioc,Low Country,2025,1,96.38,0.98,7.49,105,0,100.01,1
Manioc,Low Country,2025,35,115.62,21.37,25.94,232,0,100.88,0
Manioc,Low Country,2026,1,98.33,3.67,5.9,106,0,103.68,1
Manioc,Low Country,2026,2,104.37,12.0,10.79,99,0,104.68,1
Manioc,Low Country,2026,3,100.39,4.15,5.24,92,0,100.18,0
Manioc,Low Country,2026,4,97.61,-15.58,1.08,85,0,100.45,1
Manioc,Low Country,2026,5,99.43,1.12,1.72,78,0,99.01,0
Manioc,Low Country,2026,6,98.6,-5.53,-0.08,71,0,99.25,1
Manioc,Low Country,2026,7,101.36,0.97,2.08,64,0,100.85,0
Manioc,Low Country,2026,8,104.02,6.56,4.06,57,0,101.42,0
Manioc,Low Country,2026,9,101.71,2.29,1.26,50,0,102.73,1
Manioc,Low Country,2026,10,103.82,5.3,2.65,43,1,102.64,0
Manioc,Low Country,2026,11,101.0,-0.36,-0.73,36,1,103.88,1
Manioc,Low Country,2026,12,108.98,4.77,6.1,29,1,105.45,0
Manioc,Low Country,2026,13,107.98,6.16,5.73,22,1,108.28,1
Manioc,Low Country,2026,14,115.18,10.94,11.37,15,1,111.09,0
Manioc,Low Country,2026,15,112.21,11.09,7.87,8,1,112.91,1
Manioc,Low Country,2026,16,116.28,6.7,10.48,1,1,114.7,0
Manioc,Low Country,2026,17,115.12,6.62,8.0,359,0,114.83,0
Manioc,Low Country,2026,18,115.7,0.45,7.29,352,0,115.72,1
Manioc,Low Country,2026,19,115.76,3.17,6.04,345,0,115.66,0
Manioc,Low Country,2026,20,116.04,-0.2,5.21,338,0,115.11,0
Manioc,Low Country,2026,21,112.93,-1.9,1.76,331,0,114.32,1
Manioc,Low Country,2026,22,112.55,-2.73,0.66,324,0,114.84,1
Manioc,Low Country,2026,23,117.84,1.8,4.39,317,0,115.45,0
Manioc,Low Country,2026,24,118.47,2.09,3.7,310,0,118.06,0
Manioc,Low Country,2026,25,123.38,9.25,6.97,303,0,119.9,0
Nadu 1,Grocery/Staple,2023,1,206.71,,0.0,102,0,208.44,1
Nadu 1,Grocery/Staple,2023,2,208.44,,0.42,95,0,207.42,0
Nadu 1,Grocery/Staple,2023,3,206.4,,-0.38,88,0,205.64,0
Nadu 1,Grocery/Staple,2023,4,202.08,,-1.86,81,0,203.85,1
Nadu 1,Grocery/Staple,2023,5,198.49,-3.97,-2.9,74,0,200.73,1
Nadu 1,Grocery/Staple,2023,6,195.94,-5.99,-3.48,67,0,197.42,1
Nadu 1,Grocery/Staple,2023,7,193.16,-6.41,-4.19,60,0,195.86,1
Nadu 1,Grocery/Staple,2023,8,195.86,-3.08,-2.5,53,0,195.29,0
Nadu 1,Grocery/Staple,2023,9,196.19,-1.16,-2.08,46,0,194.86,0
Nadu 1,Grocery/Staple,2023,10,194.25,-0.87,-2.75,39,1,195.13,1
Nadu 1,Grocery/Staple,2023,11,194.22,0.55,-2.52,32,1,194.48,1
Nadu 1,Grocery/Staple,2023,12,193.24,-1.34,-2.77,25,1,193.74,1
Nadu 1,Grocery/Staple,2023,13,193.26,-1.49,-2.55,18,1,193.46,1
Nadu 1,Grocery/Staple,2023,14,193.1,-0.59,-2.12,11,1,193.35,1
Nadu 1,Grocery/Staple,2023,15,193.8,-0.22,-1.2,4,1,193.14,0
Nadu 1,Grocery/Staple,2023,16,192.39,-0.44,-1.38,363,0,192.84,1
Nadu 1,Grocery/Staple,2023,17,192.08,-0.61,-1.15,356,0,191.61,0
Nadu 1,Grocery/Staple,2023,18,188.17,-2.55,-2.76,349,0,190.73,1
Nadu 1,Grocery/Staple,2023,19,190.3,-1.81,-1.44,342,0,191.91,1
Nadu 1,Grocery/Staple,2023,20,197.1,2.45,1.92,335,0,193.89,0
Nadu 1,Grocery/Staple,2023,21,199.98,4.11,3.24,328,0,196.5,0
Nadu 1,Grocery/Staple,2023,22,198.64,5.56,2.45,321,0,198.57,0
Nadu 1,Grocery/Staple,2023,23,198.58,4.35,2.24,314,0,198.75,1
Nadu 1,Grocery/Staple,2023,24,197.8,0.36,1.7,307,0,197.74,0
Nadu 1,Grocery/Staple,2023,25,195.96,-2.01,0.65,300,0,197.0,1
Nadu 1,Grocery/Staple,2023,26,195.65,-1.5,0.39,293,0,196.54,1
Nadu 1,Grocery/Staple,2023,27,196.75,-0.92,0.81,286,0,196.69,0
Nadu 1,Grocery/Staple,2023,28,198.4,0.3,1.47,279,0,196.72,0
Nadu 1,Grocery/Staple,2023,29,196.1,0.07,0.15,272,0,196.69,1
Nadu 1,Grocery/Staple,2023,30,195.5,-0.08,-0.29,265,0,196.44,1
Nadu 1,Grocery/Staple,2023,31,195.75,-0.51,-0.46,258,0,195.71,0
Nadu 1,Grocery/Staple,2023,32,195.5,-1.46,-0.79,251,0,195.66,1
Nadu 1,Grocery/Staple,2023,33,195.9,-0.1,-0.54,244,0,197.01,1
Nadu 1,Grocery/Staple,2023,34,200.9,2.76,1.96,237,0,199.61,0
Nadu 1,Grocery/Staple,2023,35,206.12,5.3,4.31,230,0,202.26,0
Nadu 1,Grocery/Staple,2023,36,206.1,5.42,3.99,223,0,204.44,0
Nadu 1,Grocery/Staple,2023,37,204.65,4.47,2.99,216,0,205.87,1
Nadu 1,Grocery/Staple,2023,38,206.6,2.84,3.54,209,0,205.72,0
Nadu 1,Grocery/Staple,2023,39,205.55,-0.28,2.62,202,0,205.49,0
Nadu 1,Grocery/Staple,2023,40,205.15,-0.46,2.09,195,0,205.51,1
Nadu 1,Grocery/Staple,2023,41,204.75,0.05,1.65,188,0,205.27,1
Nadu 1,Grocery/Staple,2023,42,205.62,-0.47,1.71,181,0,205.42,0
Nadu 1,Grocery/Staple,2023,43,206.15,0.29,1.56,174,0,206.46,1
Nadu 1,Grocery/Staple,2023,44,209.3,2.02,2.59,167,0,207.98,0
Nadu 1,Grocery/Staple,2023,45,210.83,2.97,2.74,160,0,209.51,0
Nadu 1,Grocery/Staple,2023,46,211.76,2.99,2.59,153,0,210.96,0
Nadu 1,Grocery/Staple,2023,47,211.96,2.82,2.26,146,0,211.73,0
Nadu 1,Grocery/Staple,2023,48,212.37,1.47,2.22,139,0,212.03,0
Nadu 1,Grocery/Staple,2023,49,212.02,0.57,1.83,132,0,212.25,1
Nadu 1,Grocery/Staple,2023,50,212.65,0.42,1.83,125,0,212.32,0
Nadu 1,Grocery/Staple,2023,51,212.24,0.13,1.42,118,0,212.14,0
Nadu 1,Grocery/Staple,2023,52,211.63,-0.35,0.91,111,0,212.19,1
Nadu 1,Grocery/Staple,2024,1,212.26,0.11,0.94,104,0,212.04,0
Nadu 1,Grocery/Staple,2024,2,212.04,-0.29,0.57,97,0,212.17,1
Nadu 1,Grocery/Staple,2024,3,212.74,0.24,0.64,90,0,211.86,0
Nadu 1,Grocery/Staple,2024,4,210.41,-0.58,-0.61,83,0,211.01,1
Nadu 1,Grocery/Staple,2024,5,208.85,-1.6,-1.33,76,0,208.81,0
Nadu 1,Grocery/Staple,2024,6,203.24,-4.15,-3.72,69,0,206.06,1
Nadu 1,Grocery/Staple,2024,7,201.72,-5.18,-4.09,62,0,204.14,1
Nadu 1,Grocery/Staple,2024,8,202.75,-3.64,-3.27,55,0,202.69,0
Nadu 1,Grocery/Staple,2024,9,203.07,-2.77,-2.79,48,0,202.88,0
Nadu 1,Grocery/Staple,2024,10,203.96,0.36,-2.07,41,1,203.53,0
Nadu 1,Grocery/Staple,2024,11,204.32,1.29,-1.6,34,1,204.04,0
Nadu 1,Grocery/Staple,2024,12,204.82,1.02,-1.08,27,1,205.05,1
Nadu 1,Grocery/Staple,2024,13,207.1,1.99,0.19,20,1,205.9,0
Nadu 1,Grocery/Staple,2024,14,207.36,1.67,0.5,13,1,206.56,0
Nadu 1,Grocery/Staple,2024,15,206.95,1.29,0.49,6,1,207.26,1
Nadu 1,Grocery/Staple,2024,16,207.64,1.38,1.02,364,0,207.35,0
Nadu 1,Grocery/Staple,2024,17,207.45,0.17,1.03,357,0,207.42,0
Nadu 1,Grocery/Staple,2024,18,207.65,0.14,1.18,350,0,207.92,1
Nadu 1,Grocery/Staple,2024,19,208.92,0.95,1.58,343,0,208.3,0
Nadu 1,Grocery/Staple,2024,20,209.2,0.75,1.43,336,0,208.74,0
Nadu 1,Grocery/Staple,2024,21,209.2,0.84,1.19,329,0,209.88,1
Nadu 1,Grocery/Staple,2024,22,212.2,2.19,2.29,322,0,210.62,0
Nadu 1,Grocery/Staple,2024,23,211.88,1.42,1.84,315,0,211.29,0
Nadu 1,Grocery/Staple,2024,24,211.88,1.28,1.56,308,0,212.01,1
Nadu 1,Grocery/Staple,2024,25,212.07,1.37,1.37,301,0,211.89,0
Nadu 1,Grocery/Staple,2024,26,211.74,-0.22,1.05,294,0,211.88,1
Nadu 1,Grocery/Staple,2024,27,211.84,-0.02,0.93,287,0,211.88,1
Nadu 1,Grocery/Staple,2024,28,211.88,0.0,0.76,280,0,211.82,0
Nadu 1,Grocery/Staple,2024,29,211.8,-0.13,0.57,273,0,211.4,0
Nadu 1,Grocery/Staple,2024,30,210.06,-0.79,-0.35,266,0,211.01,1
Nadu 1,Grocery/Staple,2024,31,210.3,-0.73,-0.33,259,0,210.43,1
Nadu 1,Grocery/Staple,2024,32,209.55,-1.1,-0.71,252,0,209.87,1
Nadu 1,Grocery/Staple,2024,33,209.58,-1.05,-0.71,245,0,210.33,1
Nadu 1,Grocery/Staple,2024,34,211.9,0.88,0.29,238,0,211.53,0
Nadu 1,Grocery/Staple,2024,35,215.08,2.28,1.69,231,0,213.57,0
Nadu 1,Grocery/Staple,2024,36,217.71,3.89,2.72,224,0,216.46,0
Nadu 1,Grocery/Staple,2024,37,221.15,5.52,3.99,217,0,219.34,0
Nadu 1,Grocery/Staple,2024,38,223.4,5.43,4.62,210,0,222.11,0
Nadu 1,Grocery/Staple,2024,39,226.17,5.16,5.37,203,0,223.08,0
Nadu 1,Grocery/Staple,2024,40,221.6,1.79,2.88,196,0,222.46,1
Nadu 1,Grocery/Staple,2024,41,218.68,-1.12,1.28,189,0,221.58,1
Nadu 1,Grocery/Staple,2024,42,219.88,-1.58,1.54,182,0,221.6,1
Nadu 1,Grocery/Staple,2024,43,226.25,0.04,3.89,175,0,222.41,0
Nadu 1,Grocery/Staple,2024,44,224.82,1.45,2.7,168,0,224.33,0
Nadu 1,Grocery/Staple,2024,45,226.38,3.52,2.81,161,0,226.07,0
Nadu 1,Grocery/Staple,2024,46,226.82,3.16,2.39,154,0,227.46,1
Nadu 1,Grocery/Staple,2024,47,231.82,2.46,3.93,147,0,230.35,0
Nadu 1,Grocery/Staple,2024,48,236.39,5.15,5.2,140,0,235.13,0
Nadu 1,Grocery/Staple,2024,49,245.5,8.45,8.23,133,0,236.73,0
Nadu 1,Grocery/Staple,2024,50,233.21,2.81,2.39,126,0,235.67,1
Nadu 1,Grocery/Staple,2024,51,227.6,-1.82,-0.21,119,0,233.96,1
Nadu 1,Grocery/Staple,2024,52,229.53,-2.9,0.52,112,0,230.65,1
Nadu 1,Grocery/Staple,2025,1,232.25,-5.4,1.35,105,0,227.15,0
Nadu 1,Grocery/Staple,2025,35,219.24,-5.99,-4.35,232,0,227.06,1
Nadu 1,Grocery/Staple,2026,1,227.24,-0.16,-1.1,106,0,226.55,0
Nadu 1,Grocery/Staple,2026,2,227.48,-0.89,-1.04,99,0,224.99,0
Nadu 1,Grocery/Staple,2026,3,225.99,-2.69,-1.72,92,0,226.59,1
Nadu 1,Grocery/Staple,2026,4,225.64,2.92,-1.85,85,0,225.8,1
Nadu 1,Grocery/Staple,2026,5,224.1,-1.38,-2.43,78,0,224.28,1
Nadu 1,Grocery/Staple,2026,6,221.38,-2.68,-3.28,71,0,222.33,1
Nadu 1,Grocery/Staple,2026,7,218.22,-3.44,-4.07,64,0,219.92,1
Nadu 1,Grocery/Staple,2026,8,216.0,-4.27,-4.09,57,0,217.6,1
Nadu 1,Grocery/Staple,2026,9,214.8,-4.15,-4.02,50,0,215.95,1
Nadu 1,Grocery/Staple,2026,10,214.77,-2.99,-3.61,43,1,214.45,0
Nadu 1,Grocery/Staple,2026,11,212.22,-2.75,-4.18,36,1,214.52,1
Nadu 1,Grocery/Staple,2026,12,216.28,0.13,-1.8,29,1,215.2,0
Nadu 1,Grocery/Staple,2026,13,217.52,1.26,-1.19,22,1,215.63,0
Nadu 1,Grocery/Staple,2026,14,216.5,0.81,-1.28,15,1,216.98,1
Nadu 1,Grocery/Staple,2026,15,217.61,2.54,-0.43,8,1,217.63,1
Nadu 1,Grocery/Staple,2026,17,218.9,1.21,0.42,359,0,217.99,0
Nadu 1,Grocery/Staple,2026,18,218.96,0.66,0.68,352,0,218.68,0
Nadu 1,Grocery/Staple,2026,19,219.24,1.26,0.98,345,0,219.0,0
Nadu 1,Grocery/Staple,2026,20,218.92,0.6,0.92,338,0,218.25,0
Nadu 1,Grocery/Staple,2026,21,215.87,-1.39,-0.4,331,0,217.46,1
Nadu 1,Grocery/Staple,2026,22,215.83,-1.43,-0.41,324,0,216.36,1
Nadu 1,Grocery/Staple,2026,23,214.83,-2.01,-0.87,317,0,215.47,1
Nadu 1,Grocery/Staple,2026,24,215.33,-1.64,-0.66,310,0,215.23,0
Nadu 1,Grocery/Staple,2026,25,214.94,-0.43,-0.94,303,0,215.03,1
Nadu 2,Grocery/Staple,2023,1,193.82,,0.0,102,0,192.1,0
Nadu 2,Grocery/Staple,2023,2,192.1,,-0.45,95,0,191.47,0
Nadu 2,Grocery/Staple,2023,3,190.84,,-0.74,88,0,189.33,0
Nadu 2,Grocery/Staple,2023,4,185.06,,-2.83,81,0,186.57,1
Nadu 2,Grocery/Staple,2023,5,178.28,-8.02,-5.18,74,0,183.0,1
Nadu 2,Grocery/Staple,2023,6,177.8,-7.44,-4.57,67,0,178.8,1
Nadu 2,Grocery/Staple,2023,7,174.06,-8.79,-5.69,60,0,176.24,1
Nadu 2,Grocery/Staple,2023,8,174.8,-5.54,-4.66,53,0,176.07,1
Nadu 2,Grocery/Staple,2023,9,177.64,-0.36,-2.78,46,0,176.76,0
Nadu 2,Grocery/Staple,2023,10,180.52,1.53,-1.08,39,1,178.16,0
Nadu 2,Grocery/Staple,2023,11,179.68,3.23,-1.4,32,1,179.32,0
Nadu 2,Grocery/Staple,2023,12,179.44,2.65,-1.41,25,1,179.58,1
Nadu 2,Grocery/Staple,2023,13,178.68,0.59,-1.69,18,1,178.45,0
Nadu 2,Grocery/Staple,2023,14,176.0,-2.51,-2.43,11,1,177.57,1
Nadu 2,Grocery/Staple,2023,15,176.15,-1.96,-1.67,4,1,176.7,1
Nadu 2,Grocery/Staple,2023,16,175.96,-1.94,-1.15,363,0,175.87,0
Nadu 2,Grocery/Staple,2023,17,175.36,-1.86,-1.07,356,0,176.21,1
Nadu 2,Grocery/Staple,2023,18,177.37,0.78,0.1,349,0,176.29,0
Nadu 2,Grocery/Staple,2023,19,176.46,0.18,-0.35,342,0,176.44,0
Nadu 2,Grocery/Staple,2023,20,176.56,0.34,-0.41,335,0,176.87,1
Nadu 2,Grocery/Staple,2023,21,177.08,0.98,-0.21,328,0,176.26,0
Nadu 2,Grocery/Staple,2023,22,174.94,-1.37,-1.3,321,0,175.43,1
Nadu 2,Grocery/Staple,2023,23,173.16,-1.87,-1.99,314,0,174.25,1
Nadu 2,Grocery/Staple,2023,24,171.82,-2.68,-2.42,307,0,172.5,1
Nadu 2,Grocery/Staple,2023,25,170.1,-3.94,-3.0,300,0,170.4,1
Nadu 2,Grocery/Staple,2023,26,166.5,-4.82,-4.54,293,0,169.2,1
Nadu 2,Grocery/Staple,2023,27,168.4,-2.75,-3.13,286,0,168.6,1
Nadu 2,Grocery/Staple,2023,28,169.4,-1.41,-2.26,279,0,168.0,0
Nadu 2,Grocery/Staple,2023,29,167.7,-1.41,-2.88,272,0,168.17,1
Nadu 2,Grocery/Staple,2023,30,167.18,0.41,-2.83,265,0,167.95,1
Nadu 2,Grocery/Staple,2023,31,167.52,-0.52,-2.2,258,0,167.66,1
Nadu 2,Grocery/Staple,2023,32,168.22,-0.7,-1.43,251,0,167.66,0
Nadu 2,Grocery/Staple,2023,33,167.7,0.0,-1.34,244,0,170.22,1
Nadu 2,Grocery/Staple,2023,34,177.42,6.13,4.36,237,0,175.68,0
Nadu 2,Grocery/Staple,2023,35,189.38,13.04,10.67,230,0,181.76,0
Nadu 2,Grocery/Staple,2023,36,192.56,14.47,11.56,223,0,188.18,0
Nadu 2,Grocery/Staple,2023,37,193.36,15.3,10.96,216,0,192.26,0
Nadu 2,Grocery/Staple,2023,38,193.76,9.21,10.04,209,0,193.04,0
Nadu 2,Grocery/Staple,2023,39,192.5,1.65,8.09,202,0,193.23,1
Nadu 2,Grocery/Staple,2023,40,193.3,0.39,7.39,195,0,193.24,0
Nadu 2,Grocery/Staple,2023,41,193.4,0.02,6.35,188,0,193.38,0
Nadu 2,Grocery/Staple,2023,42,194.3,0.28,5.66,181,0,193.96,0
Nadu 2,Grocery/Staple,2023,43,194.84,1.22,4.74,174,0,195.56,1
Nadu 2,Grocery/Staple,2023,44,199.68,3.3,5.93,167,0,198.15,0
Nadu 2,Grocery/Staple,2023,45,203.77,5.36,6.56,160,0,200.76,0
Nadu 2,Grocery/Staple,2023,46,204.76,5.38,5.5,153,0,203.66,0
Nadu 2,Grocery/Staple,2023,47,206.44,5.95,5.16,146,0,205.21,0
Nadu 2,Grocery/Staple,2023,48,205.88,3.11,4.2,139,0,205.69,0
Nadu 2,Grocery/Staple,2023,49,205.67,0.93,3.57,132,0,205.71,1
Nadu 2,Grocery/Staple,2023,50,204.85,0.04,2.7,125,0,205.37,1
Nadu 2,Grocery/Staple,2023,51,205.06,-0.67,2.36,118,0,205.08,1
Nadu 2,Grocery/Staple,2023,52,204.72,-0.57,1.71,111,0,204.85,1
Nadu 2,Grocery/Staple,2024,1,204.77,-0.44,1.29,104,0,204.98,1
Nadu 2,Grocery/Staple,2024,2,205.38,0.26,1.13,97,0,204.76,0
Nadu 2,Grocery/Staple,2024,3,204.16,-0.44,0.16,90,0,203.91,0
Nadu 2,Grocery/Staple,2024,4,201.33,-1.65,-1.47,83,0,202.28,1
Nadu 2,Grocery/Staple,2024,5,198.24,-3.19,-2.94,76,0,198.39,1
Nadu 2,Grocery/Staple,2024,6,189.82,-7.58,-6.57,69,0,194.64,1
Nadu 2,Grocery/Staple,2024,7,189.18,-7.34,-6.33,62,0,191.72,1
Nadu 2,Grocery/Staple,2024,8,189.65,-5.8,-5.49,55,0,189.63,0
Nadu 2,Grocery/Staple,2024,9,189.87,-4.22,-4.8,48,0,190.77,1
Nadu 2,Grocery/Staple,2024,10,194.37,2.4,-2.11,41,1,192.1,0
Nadu 2,Grocery/Staple,2024,11,194.5,2.81,-1.66,34,1,193.28,0
Nadu 2,Grocery/Staple,2024,12,194.4,2.5,-1.3,27,1,195.48,1
Nadu 2,Grocery/Staple,2024,13,198.64,4.62,1.1,20,1,196.57,0
Nadu 2,Grocery/Staple,2024,14,198.75,2.25,1.39,13,1,197.64,0
Nadu 2,Grocery/Staple,2024,15,198.75,2.19,1.66,6,1,198.7,0
Nadu 2,Grocery/Staple,2024,16,198.64,2.18,1.82,364,0,198.78,1
Nadu 2,Grocery/Staple,2024,17,198.96,0.16,2.08,357,0,199.12,1
Nadu 2,Grocery/Staple,2024,18,200.12,0.69,2.6,350,0,199.9,0
Nadu 2,Grocery/Staple,2024,19,201.87,1.57,3.01,343,0,200.53,0
Nadu 2,Grocery/Staple,2024,20,201.15,1.26,2.16,336,0,201.04,0
Nadu 2,Grocery/Staple,2024,21,201.0,1.03,1.63,329,0,202.22,1
Nadu 2,Grocery/Staple,2024,22,204.87,2.37,2.99,322,0,203.18,0
Nadu 2,Grocery/Staple,2024,23,205.7,1.9,2.95,315,0,204.3,0
Nadu 2,Grocery/Staple,2024,24,205.61,2.22,2.47,308,0,205.51,0
Nadu 2,Grocery/Staple,2024,25,205.86,2.42,2.15,301,0,205.76,0
Nadu 2,Grocery/Staple,2024,26,205.87,0.49,1.87,294,0,205.75,0
Nadu 2,Grocery/Staple,2024,27,205.67,-0.02,1.5,287,0,205.87,1
Nadu 2,Grocery/Staple,2024,28,206.1,0.24,1.43,280,0,205.89,0
Nadu 2,Grocery/Staple,2024,29,205.93,0.03,1.07,273,0,205.56,0
Nadu 2,Grocery/Staple,2024,30,204.56,-0.64,0.19,266,0,205.28,1
Nadu 2,Grocery/Staple,2024,31,204.54,-0.55,0.01,259,0,204.67,1
Nadu 2,Grocery/Staple,2024,32,203.65,-1.19,-0.49,252,0,203.86,1
Nadu 2,Grocery/Staple,2024,33,202.69,-1.58,-1.02,245,0,203.67,1
Nadu 2,Grocery/Staple,2024,34,203.79,-0.38,-0.58,238,0,204.31,1
Nadu 2,Grocery/Staple,2024,35,207.12,1.26,0.95,231,0,205.95,0
Nadu 2,Grocery/Staple,2024,36,210.19,3.21,2.28,224,0,208.94,0
Nadu 2,Grocery/Staple,2024,37,214.65,5.9,4.1,217,0,211.86,0
Nadu 2,Grocery/Staple,2024,38,215.5,5.75,4.14,210,0,214.42,0
Nadu 2,Grocery/Staple,2024,39,217.36,4.94,4.59,203,0,215.68,0
Nadu 2,Grocery/Staple,2024,40,215.22,2.39,3.19,196,0,215.38,1
Nadu 2,Grocery/Staple,2024,41,213.44,-0.56,2.06,189,0,215.01,1
Nadu 2,Grocery/Staple,2024,42,214.03,-0.68,2.04,182,0,215.59,1
Nadu 2,Grocery/Staple,2024,43,219.69,1.07,4.16,175,0,216.51,0
Nadu 2,Grocery/Staple,2024,44,218.87,1.7,3.23,168,0,218.12,0
Nadu 2,Grocery/Staple,2024,45,219.87,3.01,3.1,161,0,219.48,0
Nadu 2,Grocery/Staple,2024,46,219.48,2.54,2.29,154,0,220.71,1
Nadu 2,Grocery/Staple,2024,47,224.63,2.25,3.92,147,0,223.6,0
Nadu 2,Grocery/Staple,2024,48,230.4,5.27,5.71,140,0,228.46,0
Nadu 2,Grocery/Staple,2024,49,239.32,8.85,8.69,133,0,229.79,0
Nadu 2,Grocery/Staple,2024,50,224.78,2.42,1.73,126,0,229.39,1
Nadu 2,Grocery/Staple,2024,51,223.05,-0.71,0.68,119,0,227.64,1
Nadu 2,Grocery/Staple,2024,52,223.39,-3.04,0.62,112,0,224.12,1
Nadu 2,Grocery/Staple,2025,1,225.25,-5.88,1.11,105,0,218.86,0
Nadu 2,Grocery/Staple,2025,35,203.75,-9.36,-8.24,232,0,218.42,1
Nadu 2,Grocery/Staple,2026,1,221.3,-0.78,-0.58,106,0,217.82,0
Nadu 2,Grocery/Staple,2026,2,220.98,-1.08,-0.77,99,0,216.55,0
Nadu 2,Grocery/Staple,2026,3,220.18,-2.25,-1.17,92,0,219.32,0
Nadu 2,Grocery/Staple,2026,4,214.8,5.42,-3.42,85,0,217.01,1
Nadu 2,Grocery/Staple,2026,5,212.09,-4.16,-4.4,78,0,213.43,1
Nadu 2,Grocery/Staple,2026,6,206.64,-6.49,-6.27,71,0,209.04,1
Nadu 2,Grocery/Staple,2026,7,202.62,-7.98,-7.19,64,0,204.73,1
Nadu 2,Grocery/Staple,2026,8,197.59,-8.01,-8.14,57,0,200.11,1
Nadu 2,Grocery/Staple,2026,9,193.59,-8.72,-8.99,50,0,196.88,1
Nadu 2,Grocery/Staple,2026,10,193.72,-6.25,-7.95,43,1,194.83,1
Nadu 2,Grocery/Staple,2026,11,194.42,-4.05,-6.63,36,1,195.41,1
Nadu 2,Grocery/Staple,2026,12,199.91,1.17,-3.09,29,1,197.72,0
Nadu 2,Grocery/Staple,2026,13,202.84,4.78,-1.63,22,1,200.98,0
Nadu 2,Grocery/Staple,2026,14,206.73,6.72,0.8,15,1,204.06,0
Nadu 2,Grocery/Staple,2026,15,206.76,6.35,1.36,8,1,205.81,0
Nadu 2,Grocery/Staple,2026,17,206.92,3.51,1.95,359,0,206.7,0
Nadu 2,Grocery/Staple,2026,18,206.39,1.75,2.01,352,0,206.18,0
Nadu 2,Grocery/Staple,2026,19,204.66,-1.0,1.44,345,0,205.57,1
Nadu 2,Grocery/Staple,2026,20,204.3,-1.19,1.35,338,0,204.21,0
Nadu 2,Grocery/Staple,2026,21,201.48,-2.63,-0.0,331,0,202.31,1
Nadu 2,Grocery/Staple,2026,22,198.8,-3.68,-1.38,324,0,200.79,1
Nadu 2,Grocery/Staple,2026,23,198.59,-2.97,-1.67,317,0,199.36,1
Nadu 2,Grocery/Staple,2026,24,198.57,-2.8,-1.86,310,0,198.14,0
Nadu 2,Grocery/Staple,2026,25,196.59,-2.43,-2.92,303,0,197.92,1
Onion - Imported,Grocery/Staple,2023,1,607.5,,0.0,102,0,590.25,0
Onion - Imported,Grocery/Staple,2023,2,590.25,,-1.44,95,0,522.12,0
Onion - Imported,Grocery/Staple,2023,3,454.0,,-17.54,88,0,475.62,1
Onion - Imported,Grocery/Staple,2023,4,382.6,,-24.77,81,0,446.06,1
Onion - Imported,Grocery/Staple,2023,5,357.4,-41.17,-25.28,74,0,379.0,1
Onion - Imported,Grocery/Staple,2023,6,322.0,-45.45,-28.81,67,0,329.15,1
Onion - Imported,Grocery/Staple,2023,7,254.6,-43.92,-39.96,60,0,299.3,1
Onion - Imported,Grocery/Staple,2023,8,263.2,-31.21,-34.84,53,0,279.2,1
Onion - Imported,Grocery/Staple,2023,9,277.0,-22.5,-28.95,46,0,266.32,0
Onion - Imported,Grocery/Staple,2023,10,270.5,-15.99,-28.42,39,1,273.67,1
Onion - Imported,Grocery/Staple,2023,11,284.0,11.55,-23.11,32,1,276.38,0
Onion - Imported,Grocery/Staple,2023,12,274.0,4.1,-24.19,25,1,276.32,1
Onion - Imported,Grocery/Staple,2023,13,276.8,-0.07,-22.01,18,1,280.7,1
Onion - Imported,Grocery/Staple,2023,14,288.0,6.47,-12.82,11,1,292.58,1
Onion - Imported,Grocery/Staple,2023,15,331.5,16.73,6.79,4,1,304.62,0
Onion - Imported,Grocery/Staple,2023,16,322.2,17.59,7.3,363,0,301.42,0
Onion - Imported,Grocery/Staple,2023,17,264.0,-4.62,-9.33,356,0,298.59,1
Onion - Imported,Grocery/Staple,2023,18,276.67,-3.94,-2.91,349,0,296.02,1
Onion - Imported,Grocery/Staple,2023,19,321.2,-3.11,12.74,342,0,286.87,0
Onion - Imported,Grocery/Staple,2023,20,285.6,-11.36,-0.59,335,0,286.07,1
Onion - Imported,Grocery/Staple,2023,21,260.8,-1.21,-9.16,328,0,295.1,1
Onion - Imported,Grocery/Staple,2023,22,312.8,13.06,7.92,321,0,298.7,0
Onion - Imported,Grocery/Staple,2023,23,335.6,4.48,13.82,314,0,312.0,0
Onion - Imported,Grocery/Staple,2023,24,338.8,18.63,13.28,307,0,333.1,0
Onion - Imported,Grocery/Staple,2023,25,345.2,32.36,13.35,300,0,352.15,1
Onion - Imported,Grocery/Staple,2023,26,389.0,24.36,24.21,293,0,368.25,0
Onion - Imported,Grocery/Staple,2023,27,400.0,19.19,24.3,286,0,390.42,0
Onion - Imported,Grocery/Staple,2023,28,427.5,26.18,29.87,279,0,417.92,0
Onion - Imported,Grocery/Staple,2023,29,455.2,31.87,34.11,272,0,425.67,0
Onion - Imported,Grocery/Staple,2023,30,420.0,7.97,19.52,265,0,446.88,1
Onion - Imported,Grocery/Staple,2023,43,484.8,21.2,31.95,174,0,469.5,0
Onion - Imported,Grocery/Staple,2023,44,518.0,21.17,35.4,167,0,464.53,0
Onion - Imported,Grocery/Staple,2023,45,435.33,-4.36,10.47,160,0,470.33,1
Onion - Imported,Grocery/Staple,2023,46,443.2,5.52,8.6,153,0,460.28,1
Onion - Imported,Grocery/Staple,2023,47,444.6,-8.29,6.3,146,0,428.45,0
Onion - Imported,Grocery/Staple,2023,48,390.67,-24.58,-7.53,139,0,420.42,1
Onion - Imported,Grocery/Staple,2023,49,403.2,-7.38,-5.67,132,0,409.62,1
Onion - Imported,Grocery/Staple,2023,50,400.0,-9.75,-7.33,125,0,402.67,1
Onion - Imported,Grocery/Staple,2023,51,416.8,-6.25,-3.92,118,0,422.38,1
Onion - Imported,Grocery/Staple,2023,52,469.5,20.18,6.91,111,0,415.58,0
Onion - Imported,Grocery/Staple,2024,1,376.0,-6.75,-13.6,104,0,386.42,1
Onion - Imported,Grocery/Staple,2024,2,283.4,-29.15,-32.84,97,0,353.35,1
Onion - Imported,Grocery/Staple,2024,3,284.5,-31.74,-30.87,90,0,308.22,1
Onion - Imported,Grocery/Staple,2024,4,289.0,-38.45,-27.11,83,0,274.82,0
Onion - Imported,Grocery/Staple,2024,5,242.4,-35.53,-35.41,76,0,259.68,1
Onion - Imported,Grocery/Staple,2024,6,222.8,-21.38,-37.93,69,0,251.45,1
Onion - Imported,Grocery/Staple,2024,7,251.6,-11.56,-26.9,62,0,233.7,0
Onion - Imported,Grocery/Staple,2024,8,218.0,-24.57,-33.28,55,0,227.85,1
Onion - Imported,Grocery/Staple,2024,9,219.0,-9.65,-30.16,48,0,229.65,1
Onion - Imported,Grocery/Staple,2024,10,230.0,3.23,-23.39,41,1,239.55,1
Onion - Imported,Grocery/Staple,2024,11,291.2,15.74,-0.23,34,1,241.15,0
Onion - Imported,Grocery/Staple,2024,12,224.4,2.94,-19.01,27,1,239.78,1
Onion - Imported,Grocery/Staple,2024,13,213.5,-2.51,-17.05,20,1,240.38,1
Onion - Imported,Grocery/Staple,2024,14,232.4,1.04,-5.65,13,1,233.08,1
Onion - Imported,Grocery/Staple,2024,15,262.0,-10.03,7.08,6,1,261.23,0
Onion - Imported,Grocery/Staple,2024,16,337.0,50.18,35.5,364,0,284.6,0
Onion - Imported,Grocery/Staple,2024,17,307.0,43.79,22.75,357,0,301.5,0
Onion - Imported,Grocery/Staple,2024,18,300.0,29.09,17.86,350,0,304.9,1
Onion - Imported,Grocery/Staple,2024,19,275.6,5.19,6.58,343,0,287.65,1
Onion - Imported,Grocery/Staple,2024,20,268.0,-20.47,3.13,336,0,298.73,1
Onion - Imported,Grocery/Staple,2024,21,351.33,14.44,30.07,329,0,313.93,0
Onion - Imported,Grocery/Staple,2024,22,360.8,20.27,28.39,322,0,337.73,0
Onion - Imported,Grocery/Staple,2024,23,370.8,34.54,27.05,315,0,362.63,0
Onion - Imported,Grocery/Staple,2024,24,367.6,37.16,23.47,308,0,365.97,0
Onion - Imported,Grocery/Staple,2024,25,364.67,3.8,18.2,301,0,367.37,1
Onion - Imported,Grocery/Staple,2024,26,366.4,1.55,14.4,294,0,362.37,0
Onion - Imported,Grocery/Staple,2024,27,350.8,-5.39,6.5,287,0,351.77,1
Onion - Imported,Grocery/Staple,2024,28,325.2,-11.53,-2.71,280,0,329.2,1
Onion - Imported,Grocery/Staple,2024,29,274.4,-24.75,-16.7,273,0,297.5,1
Onion - Imported,Grocery/Staple,2024,30,239.6,-34.61,-26.11,266,0,277.9,1
Onion - Imported,Grocery/Staple,2024,31,272.4,-22.35,-15.44,259,0,291.35,1
Onion - Imported,Grocery/Staple,2024,42,379.0,16.54,14.82,182,0,311.62,0
Onion - Imported,Grocery/Staple,2024,43,355.5,29.56,5.55,175,0,342.22,0
Onion - Imported,Grocery/Staple,2024,44,362.0,51.09,7.22,168,0,359.72,0
Onion - Imported,Grocery/Staple,2024,45,342.4,25.7,1.84,161,0,356.6,1
Onion - Imported,Grocery/Staple,2024,46,366.5,-3.3,9.12,154,0,357.42,0
Onion - Imported,Grocery/Staple,2024,47,358.8,0.93,7.04,147,0,350.62,0
Onion - Imported,Grocery/Staple,2024,48,334.8,-7.51,0.57,140,0,348.12,1
Onion - Imported,Grocery/Staple,2024,49,332.4,-2.92,0.64,133,0,349.2,1
Onion - Imported,Grocery/Staple,2024,50,370.8,1.17,11.74,126,0,358.7,0
Onion - Imported,Grocery/Staple,2024,51,396.8,10.59,17.63,119,0,380.38,0
Onion - Imported,Grocery/Staple,2024,52,421.5,25.9,20.89,112,0,409.78,0
Onion - Imported,Grocery/Staple,2025,1,450.0,35.38,23.34,105,0,375.83,0
Onion - Imported,Grocery/Staple,2025,35,235.0,-36.62,-35.08,232,0,351.62,1
Onion - Imported,Grocery/Staple,2026,1,300.0,-24.4,-15.7,106,0,321.75,1
Onion - Imported,Grocery/Staple,2026,2,302.0,-28.35,-14.15,99,0,283.83,0
Onion - Imported,Grocery/Staple,2026,3,298.33,-33.7,-13.99,92,0,298.08,0
Onion - Imported,Grocery/Staple,2026,4,292.0,24.26,-14.87,85,0,282.33,0
Onion - Imported,Grocery/Staple,2026,5,237.0,-21.0,-28.84,78,0,255.9,1
Onion - Imported,Grocery/Staple,2026,6,196.25,-35.02,-38.77,71,0,229.81,1
Onion - Imported,Grocery/Staple,2026,7,194.0,-34.97,-37.36,64,0,203.44,1
Onion - Imported,Grocery/Staple,2026,8,186.5,-36.13,-37.52,57,0,193.19,1
Onion - Imported,Grocery/Staple,2026,9,196.0,-17.3,-31.24,50,0,197.46,1
Onion - Imported,Grocery/Staple,2026,10,213.33,8.7,-21.25,43,1,198.96,0
Onion - Imported,Grocery/Staple,2026,11,200.0,3.09,-21.22,36,1,204.08,1
Onion - Imported,Grocery/Staple,2026,12,207.0,10.99,-11.98,29,1,213.33,1
Onion - Imported,Grocery/Staple,2026,13,233.0,18.88,-0.86,22,1,217.92,0
Onion - Imported,Grocery/Staple,2026,14,231.67,8.59,0.82,15,1,225.42,0
Onion - Imported,Grocery/Staple,2026,15,230.0,15.0,2.57,8,1,242.94,1
Onion - Imported,Grocery/Staple,2026,17,277.08,33.86,24.47,359,0,250.16,0
Onion - Imported,Grocery/Staple,2026,18,261.88,12.39,18.88,352,0,256.74,0
Onion - Imported,Grocery/Staple,2026,19,258.0,11.37,16.27,345,0,270.59,1
Onion - Imported,Grocery/Staple,2026,20,285.4,24.09,24.76,338,0,275.12,0
Onion - Imported,Grocery/Staple,2026,21,295.2,6.54,24.8,331,0,287.52,0
Onion - Imported,Grocery/Staple,2026,22,311.5,18.95,26.54,324,0,298.32,0
Onion - Imported,Grocery/Staple,2026,23,301.2,16.74,18.47,317,0,310.27,1
Onion - Imported,Grocery/Staple,2026,24,333.2,16.75,26.47,310,0,319.77,0
Onion - Imported,Grocery/Staple,2026,25,333.2,12.87,21.73,303,0,322.53,0
Onion - Sinnan,Grocery/Staple,2023,4,370.0,,0.0,81,0,310.0,0
Onion - Sinnan,Grocery/Staple,2023,8,310.0,,-8.82,53,0,257.5,0
Onion - Sinnan,Grocery/Staple,2023,9,205.0,,-30.51,46,0,250.33,1
Onion - Sinnan,Grocery/Staple,2023,10,236.0,,-15.79,39,1,251.5,1
Onion - Sinnan,Grocery/Staple,2023,11,255.0,-31.08,-7.34,32,1,237.75,0
Onion - Sinnan,Grocery/Staple,2023,12,255.0,-17.74,-6.19,25,1,251.67,0
Onion - Sinnan,Grocery/Staple,2023,14,260.67,27.15,-3.54,11,1,273.92,1
Onion - Sinnan,Grocery/Staple,2023,15,325.0,37.71,17.29,4,1,273.6,0
Onion - Sinnan,Grocery/Staple,2023,16,253.75,-0.49,-7.56,363,0,263.6,1
Onion - Sinnan,Grocery/Staple,2023,17,215.0,-15.69,-19.94,356,0,262.56,1
Onion - Sinnan,Grocery/Staple,2023,18,256.5,-1.6,-4.09,349,0,248.06,0
Onion - Sinnan,Grocery/Staple,2023,19,267.0,-17.85,-0.15,342,0,234.62,0
Onion - Sinnan,Grocery/Staple,2023,20,200.0,-21.18,-23.73,335,0,249.62,1
Onion - Sinnan,Grocery/Staple,2023,23,275.0,27.91,7.88,314,0,274.62,0
Onion - Sinnan,Grocery/Staple,2023,24,356.5,38.99,37.91,307,0,315.38,0
Onion - Sinnan,Grocery/Staple,2023,26,430.0,61.05,55.91,293,0,346.12,0
Onion - Sinnan,Grocery/Staple,2023,27,323.0,61.5,14.34,286,0,322.08,0
Onion - Sinnan,Grocery/Staple,2023,33,178.8,-34.98,-35.37,244,0,283.95,1
Onion - Sinnan,Grocery/Staple,2023,34,204.0,-42.78,-25.19,237,0,230.95,1
Onion - Sinnan,Grocery/Staple,2023,35,218.0,-49.3,-19.09,230,0,203.9,0
Onion - Sinnan,Grocery/Staple,2023,36,214.8,-33.5,-17.69,223,0,213.1,0
Onion - Sinnan,Grocery/Staple,2023,37,215.6,20.58,-16.44,216,0,216.3,1
Onion - Sinnan,Grocery/Staple,2023,38,216.8,6.27,-16.02,209,0,217.8,1
Onion - Sinnan,Grocery/Staple,2023,39,224.0,2.75,-12.38,202,0,223.1,0
Onion - Sinnan,Grocery/Staple,2023,40,236.0,9.87,-6.82,195,0,230.45,0
Onion - Sinnan,Grocery/Staple,2023,41,245.0,13.64,-4.57,188,0,238.35,0
Onion - Sinnan,Grocery/Staple,2023,42,248.4,14.58,-2.47,181,0,249.22,1
Onion - Sinnan,Grocery/Staple,2024,17,267.5,19.42,7.93,357,0,254.35,0
Onion - Sinnan,Grocery/Staple,2024,18,256.5,8.69,9.39,350,0,249.7,0
Onion - Sinnan,Grocery/Staple,2024,19,226.4,-7.59,-0.29,343,0,241.35,1
Onion - Sinnan,Grocery/Staple,2024,20,215.0,-13.45,-6.46,336,0,236.98,1
Onion - Sinnan,Grocery/Staple,2024,26,250.0,-6.54,7.12,294,0,245.85,0
Onion - Sinnan,Grocery/Staple,2024,27,292.0,13.84,22.14,287,0,247.0,0
Onion - Sinnan,Grocery/Staple,2024,28,231.0,2.03,-3.88,280,0,249.55,1
Onion - Sinnan,Grocery/Staple,2024,29,225.2,4.74,-6.58,273,0,234.65,1
Onion - Sinnan,Grocery/Staple,2024,30,190.4,-23.84,-20.34,266,0,207.65,1
Onion - Sinnan,Grocery/Staple,2024,31,184.0,-36.99,-22.02,259,0,200.0,1
Onion - Sinnan,Grocery/Staple,2024,32,200.4,-13.25,-14.07,252,0,189.5,0
Onion - Sinnan,Grocery/Staple,2024,33,183.2,-18.65,-19.81,245,0,189.65,1
Onion - Sinnan,Grocery/Staple,2024,34,191.0,0.32,-14.75,238,0,189.15,0
Onion - Sinnan,Grocery/Staple,2024,35,182.0,-1.09,-16.31,231,0,184.3,1
Onion - Sinnan,Grocery/Staple,2024,36,181.0,-9.68,-14.49,224,0,182.25,1
Onion - Sinnan,Grocery/Staple,2024,37,175.0,-4.48,-15.75,217,0,178.25,1
Onion - Sinnan,Grocery/Staple,2024,38,175.0,-8.38,-14.48,210,0,173.0,0
Onion - Sinnan,Grocery/Staple,2024,39,161.0,-11.54,-18.6,203,0,170.25,1
Onion - Sinnan,Grocery/Staple,2024,40,170.0,-6.08,-9.77,196,0,173.9,1
Onion - Sinnan,Grocery/Staple,2024,41,189.6,8.34,2.37,189,0,185.9,0
Onion - Sinnan,Grocery/Staple,2024,42,223.0,27.43,20.51,182,0,205.95,0
Onion - Sinnan,Grocery/Staple,2024,43,241.2,49.81,27.65,175,0,215.28,0
Onion - Sinnan,Grocery/Staple,2024,44,207.33,21.96,8.69,168,0,225.68,1
Onion - Sinnan,Grocery/Staple,2024,45,231.2,21.94,19.72,161,0,225.43,0
Onion - Sinnan,Grocery/Staple,2024,46,222.0,-0.45,13.21,154,0,227.33,1
Onion - Sinnan,Grocery/Staple,2024,47,248.8,3.15,24.06,147,0,233.8,0
Onion - Sinnan,Grocery/Staple,2024,48,233.2,12.48,14.04,140,0,235.8,1
Onion - Sinnan,Grocery/Staple,2024,49,239.2,3.46,14.47,133,0,243.4,1
Onion - Sinnan,Grocery/Staple,2024,50,252.4,13.69,17.44,126,0,251.4,0
Onion - Sinnan,Grocery/Staple,2024,51,280.8,12.86,25.89,119,0,264.23,0
Onion - Sinnan,Grocery/Staple,2024,52,284.5,22.0,22.34,112,0,276.92,0
Onion - Sinnan,Grocery/Staple,2025,1,290.0,21.24,19.94,105,0,261.95,0
Onion - Sinnan,Grocery/Staple,2026,1,192.5,-23.73,-20.46,106,0,234.25,1
Onion - Sinnan,Grocery/Staple,2026,2,170.0,-39.46,-28.55,99,0,208.96,1
Onion - Sinnan,Grocery/Staple,2026,3,183.33,-35.56,-21.48,92,0,183.33,0
Onion - Sinnan,Grocery/Staple,2026,4,187.5,-35.34,-19.17,85,0,175.83,0
Onion - Sinnan,Grocery/Staple,2026,5,162.5,-15.58,-28.31,78,0,164.58,1
Onion - Sinnan,Grocery/Staple,2026,6,125.0,-26.47,-42.98,71,0,159.58,1
Onion - Sinnan,Grocery/Staple,2026,9,163.33,-10.91,-23.19,50,0,155.21,0
Onion - Sinnan,Grocery/Staple,2026,10,170.0,-9.33,-18.18,43,1,150.83,0
Onion - Sinnan,Grocery/Staple,2026,11,145.0,-10.77,-27.69,36,1,162.83,1
Onion - Sinnan,Grocery/Staple,2026,12,173.0,38.4,-11.02,29,1,167.31,0
Onion - Sinnan,Grocery/Staple,2026,13,181.25,10.97,-2.95,22,1,170.65,0
Onion - Sinnan,Grocery/Staple,2026,14,183.33,7.84,2.43,15,1,180.65,0
Onion - Sinnan,Grocery/Staple,2026,17,185.0,27.59,8.25,359,0,190.73,1
Onion - Sinnan,Grocery/Staple,2026,21,213.33,23.31,23.67,331,0,194.48,0
Onion - Sinnan,Grocery/Staple,2026,23,196.25,8.28,12.45,317,0,219.9,1
Onion - Sinnan,Grocery/Staple,2026,24,285.0,55.45,56.3,310,0,232.4,0
Onion - Sinnan,Grocery/Staple,2026,25,235.0,27.03,26.34,303,0,238.75,1
Orange (Rs/Fruit),Fruit,2023,1,47.5,,0.0,102,0,42.5,0
Orange (Rs/Fruit),Fruit,2023,2,42.5,,-5.56,95,0,36.6,0
Orange (Rs/Fruit),Fruit,2023,3,30.7,,-23.7,88,0,32.33,1
Orange (Rs/Fruit),Fruit,2023,4,23.8,,-34.12,81,0,29.25,1
Orange (Rs/Fruit),Fruit,2023,5,20.0,-57.89,-39.21,74,0,24.8,1
Orange (Rs/Fruit),Fruit,2023,6,24.7,-41.88,-21.67,67,0,26.72,1
Orange (Rs/Fruit),Fruit,2023,7,38.4,25.08,18.1,60,0,32.95,0
Orange (Rs/Fruit),Fruit,2023,8,48.7,104.62,41.01,53,0,39.75,0
Orange (Rs/Fruit),Fruit,2023,9,47.2,136.0,31.31,46,0,47.45,1
Orange (Rs/Fruit),Fruit,2023,10,55.5,124.7,46.44,39,1,51.1,0
Orange (Rs/Fruit),Fruit,2023,11,53.0,38.02,34.95,32,1,53.75,1
Orange (Rs/Fruit),Fruit,2023,12,59.3,21.77,44.84,25,1,56.78,0
Orange (Rs/Fruit),Fruit,2023,13,59.3,25.64,40.01,18,1,57.28,0
Orange (Rs/Fruit),Fruit,2023,14,57.5,3.6,33.34,11,1,58.21,1
Orange (Rs/Fruit),Fruit,2023,15,56.75,7.08,28.34,4,1,60.79,1
Orange (Rs/Fruit),Fruit,2023,16,69.6,17.37,47.42,363,0,63.71,0
Orange (Rs/Fruit),Fruit,2023,17,71.0,19.73,39.65,356,0,66.0,0
Orange (Rs/Fruit),Fruit,2023,18,66.67,15.94,22.48,349,0,67.14,1
Orange (Rs/Fruit),Fruit,2023,19,61.3,8.02,7.08,342,0,62.09,1
Orange (Rs/Fruit),Fruit,2023,20,49.4,-29.02,-14.96,335,0,59.74,1
Orange (Rs/Fruit),Fruit,2023,21,61.6,-13.24,4.25,328,0,62.45,1
Orange (Rs/Fruit),Fruit,2023,22,77.5,16.25,26.19,321,0,70.25,0
Orange (Rs/Fruit),Fruit,2023,23,92.5,50.9,43.94,314,0,80.4,0
Orange (Rs/Fruit),Fruit,2023,24,90.0,82.19,34.11,307,0,86.88,0
Orange (Rs/Fruit),Fruit,2023,25,87.5,42.05,26.3,300,0,89.06,1
Orange (Rs/Fruit),Fruit,2023,26,86.25,11.29,20.88,293,0,85.94,0
Orange (Rs/Fruit),Fruit,2023,27,80.0,-13.51,9.47,286,0,83.19,1
Orange (Rs/Fruit),Fruit,2023,28,79.0,-12.22,5.62,279,0,77.94,0
Orange (Rs/Fruit),Fruit,2023,29,66.5,-24.0,-10.8,272,0,69.19,1
Orange (Rs/Fruit),Fruit,2023,30,51.25,-40.58,-29.83,265,0,61.38,1
Orange (Rs/Fruit),Fruit,2023,31,48.75,-39.06,-31.97,258,0,55.12,1
Orange (Rs/Fruit),Fruit,2023,32,54.0,-31.65,-24.05,251,0,50.0,0
Orange (Rs/Fruit),Fruit,2023,33,46.0,-30.83,-35.06,244,0,49.79,1
Orange (Rs/Fruit),Fruit,2023,34,50.4,-1.66,-27.97,237,0,51.35,1
Orange (Rs/Fruit),Fruit,2023,35,55.0,12.82,-19.4,230,0,51.3,0
Orange (Rs/Fruit),Fruit,2023,36,53.8,-0.37,-17.57,223,0,57.68,1
Orange (Rs/Fruit),Fruit,2023,37,71.5,55.43,11.99,216,0,62.32,0
Orange (Rs/Fruit),Fruit,2023,38,69.0,36.9,10.54,209,0,62.82,0
Orange (Rs/Fruit),Fruit,2023,39,57.0,3.64,-5.27,202,0,63.12,1
Orange (Rs/Fruit),Fruit,2023,40,55.0,2.23,-5.57,195,0,59.75,1
Orange (Rs/Fruit),Fruit,2023,41,58.0,-18.88,2.42,188,0,60.0,1
Orange (Rs/Fruit),Fruit,2023,42,70.0,1.45,23.02,181,0,66.62,0
Orange (Rs/Fruit),Fruit,2023,43,83.5,46.49,40.62,174,0,78.38,0
Orange (Rs/Fruit),Fruit,2023,44,102.0,85.45,60.69,167,0,92.12,0
Orange (Rs/Fruit),Fruit,2023,45,113.0,94.83,66.14,160,0,105.88,0
Orange (Rs/Fruit),Fruit,2023,46,125.0,78.57,68.71,153,0,128.75,1
Orange (Rs/Fruit),Fruit,2023,48,175.0,109.58,109.14,139,0,141.5,0
Orange (Rs/Fruit),Fruit,2023,49,153.0,50.0,67.73,132,0,155.25,1
Orange (Rs/Fruit),Fruit,2023,50,168.0,48.67,68.0,125,0,158.38,0
Orange (Rs/Fruit),Fruit,2023,51,137.5,10.0,30.86,118,0,152.54,1
Orange (Rs/Fruit),Fruit,2023,52,151.67,-13.33,36.1,111,0,149.92,0
Orange (Rs/Fruit),Fruit,2024,1,142.5,-6.86,20.75,104,0,136.42,0
Orange (Rs/Fruit),Fruit,2024,2,114.0,-32.14,-6.98,97,0,120.17,1
Orange (Rs/Fruit),Fruit,2024,3,72.5,-47.27,-41.37,90,0,98.34,1
Orange (Rs/Fruit),Fruit,2024,4,64.38,-57.55,-47.76,83,0,78.72,1
Orange (Rs/Fruit),Fruit,2024,5,64.0,-55.09,-47.43,76,0,63.09,0
Orange (Rs/Fruit),Fruit,2024,6,51.5,-54.82,-56.3,69,0,55.97,1
Orange (Rs/Fruit),Fruit,2024,7,44.0,-39.31,-60.9,62,0,50.19,1
Orange (Rs/Fruit),Fruit,2024,8,41.25,-35.92,-61.12,55,0,44.19,1
Orange (Rs/Fruit),Fruit,2024,9,40.0,-37.5,-58.21,48,0,39.75,0
Orange (Rs/Fruit),Fruit,2024,10,33.75,-34.47,-61.0,41,1,37.85,1
Orange (Rs/Fruit),Fruit,2024,11,36.4,-17.27,-52.37,34,1,37.39,1
Orange (Rs/Fruit),Fruit,2024,12,39.4,-4.48,-42.79,27,1,37.67,0
Orange (Rs/Fruit),Fruit,2024,13,41.12,2.81,-31.88,20,1,40.18,0
Orange (Rs/Fruit),Fruit,2024,14,43.8,29.78,-17.01,13,1,41.33,0
Orange (Rs/Fruit),Fruit,2024,15,41.0,12.64,-13.06,6,1,48.15,1
Orange (Rs/Fruit),Fruit,2024,16,66.67,69.2,42.72,364,0,51.93,0
Orange (Rs/Fruit),Fruit,2024,17,56.25,36.78,22.05,357,0,54.89,0
Orange (Rs/Fruit),Fruit,2024,18,55.62,27.0,22.4,350,0,63.64,1
Orange (Rs/Fruit),Fruit,2024,19,76.0,85.37,60.58,343,0,70.47,0
Orange (Rs/Fruit),Fruit,2024,20,94.0,41.0,83.69,336,0,77.66,0
Orange (Rs/Fruit),Fruit,2024,21,85.0,51.11,55.85,329,0,86.75,1
Orange (Rs/Fruit),Fruit,2024,22,92.0,65.39,57.16,322,0,91.25,0
Orange (Rs/Fruit),Fruit,2024,23,94.0,23.68,48.79,315,0,99.25,1
Orange (Rs/Fruit),Fruit,2024,24,126.0,34.04,79.83,308,0,113.83,0
Orange (Rs/Fruit),Fruit,2024,25,143.33,68.63,83.62,301,0,124.08,0
Orange (Rs/Fruit),Fruit,2024,26,133.0,44.57,56.23,294,0,127.08,0
Orange (Rs/Fruit),Fruit,2024,27,106.0,12.77,17.89,287,0,121.33,1
Orange (Rs/Fruit),Fruit,2024,28,103.0,-18.25,8.78,280,0,108.5,1
Orange (Rs/Fruit),Fruit,2024,29,92.0,-35.81,-4.79,273,0,101.5,1
Orange (Rs/Fruit),Fruit,2024,30,105.0,-21.05,4.6,266,0,99.25,0
Orange (Rs/Fruit),Fruit,2024,31,97.0,-8.49,-6.34,259,0,97.25,1
Orange (Rs/Fruit),Fruit,2024,32,95.0,-7.77,-9.55,252,0,96.75,1
Orange (Rs/Fruit),Fruit,2024,33,90.0,-2.17,-14.05,245,0,95.19,1
Orange (Rs/Fruit),Fruit,2024,34,98.75,-5.95,-6.64,238,0,92.94,0
Orange (Rs/Fruit),Fruit,2024,35,88.0,-9.28,-16.56,231,0,88.94,1
Orange (Rs/Fruit),Fruit,2024,36,79.0,-16.84,-24.27,224,0,86.12,1
Orange (Rs/Fruit),Fruit,2024,37,78.75,-12.5,-21.78,217,0,80.81,1
Orange (Rs/Fruit),Fruit,2024,38,77.5,-21.52,-18.95,210,0,81.94,1
Orange (Rs/Fruit),Fruit,2024,39,92.5,5.11,0.0,203,0,79.69,0
Orange (Rs/Fruit),Fruit,2024,40,70.0,-11.39,-21.99,196,0,77.75,1
Orange (Rs/Fruit),Fruit,2024,41,71.0,-9.84,-18.64,189,0,79.0,1
Orange (Rs/Fruit),Fruit,2024,42,82.5,6.45,-4.67,182,0,77.62,0
Orange (Rs/Fruit),Fruit,2024,43,87.0,-5.95,2.17,175,0,82.21,0
Orange (Rs/Fruit),Fruit,2024,44,88.33,26.19,4.55,168,0,90.08,1
Orange (Rs/Fruit),Fruit,2024,45,102.5,44.37,20.5,161,0,97.9,0
Orange (Rs/Fruit),Fruit,2024,46,113.75,37.88,30.91,154,0,106.9,0
Orange (Rs/Fruit),Fruit,2024,47,123.0,41.38,38.58,147,0,113.94,0
Orange (Rs/Fruit),Fruit,2024,48,116.5,31.89,28.09,140,0,123.81,1
Orange (Rs/Fruit),Fruit,2024,49,142.0,38.54,48.23,133,0,127.62,0
Orange (Rs/Fruit),Fruit,2024,50,129.0,13.41,29.44,126,0,129.62,1
Orange (Rs/Fruit),Fruit,2024,51,131.0,6.5,26.23,119,0,131.44,1
Orange (Rs/Fruit),Fruit,2024,52,123.75,6.22,16.55,112,0,129.06,1
Orange (Rs/Fruit),Fruit,2025,1,132.5,-6.69,19.38,105,0,104.56,0
Orange (Rs/Fruit),Fruit,2025,35,31.0,-75.97,-71.27,232,0,94.31,1
Orange (Rs/Fruit),Fruit,2026,1,90.0,-31.3,-17.04,106,0,83.75,0
Orange (Rs/Fruit),Fruit,2026,2,81.5,-34.14,-24.58,99,0,64.04,0
Orange (Rs/Fruit),Fruit,2026,3,53.67,-59.5,-49.08,92,0,67.39,1
Orange (Rs/Fruit),Fruit,2026,4,44.4,43.23,-56.01,85,0,55.12,1
Orange (Rs/Fruit),Fruit,2026,5,40.9,-54.56,-57.09,78,0,44.87,1
Orange (Rs/Fruit),Fruit,2026,6,40.5,-50.31,-54.48,71,0,41.28,1
Orange (Rs/Fruit),Fruit,2026,7,39.3,-26.77,-52.67,64,0,39.7,1
Orange (Rs/Fruit),Fruit,2026,8,38.1,-14.19,-49.23,57,0,39.28,1
Orange (Rs/Fruit),Fruit,2026,9,39.2,-4.16,-42.47,50,0,37.65,0
Orange (Rs/Fruit),Fruit,2026,10,34.0,-16.05,-43.97,43,1,35.68,1
Orange (Rs/Fruit),Fruit,2026,11,31.4,-20.1,-41.39,36,1,33.65,1
Orange (Rs/Fruit),Fruit,2026,12,30.0,-21.26,-34.34,29,1,31.35,1
Orange (Rs/Fruit),Fruit,2026,13,30.0,-23.47,-34.23,22,1,30.14,1
Orange (Rs/Fruit),Fruit,2026,14,29.17,-14.22,-28.75,15,1,29.67,1
Orange (Rs/Fruit),Fruit,2026,15,29.5,-6.05,-20.13,8,1,30.07,1
Orange (Rs/Fruit),Fruit,2026,17,31.6,5.33,-10.32,359,0,30.29,0
Orange (Rs/Fruit),Fruit,2026,18,30.88,2.92,-9.71,352,0,30.59,0
Orange (Rs/Fruit),Fruit,2026,19,30.4,4.23,-8.95,345,0,31.57,1
Orange (Rs/Fruit),Fruit,2026,20,33.4,13.22,1.7,338,0,32.69,0
Orange (Rs/Fruit),Fruit,2026,21,36.1,14.24,10.75,331,0,32.76,0
Orange (Rs/Fruit),Fruit,2026,22,31.12,0.81,-2.91,324,0,35.48,1
Orange (Rs/Fruit),Fruit,2026,23,41.3,35.86,28.18,317,0,36.83,0
Orange (Rs/Fruit),Fruit,2026,24,38.8,16.17,19.06,310,0,39.76,1
Orange (Rs/Fruit),Fruit,2026,25,47.8,32.41,41.21,303,0,42.63,0
Papaya (Rs/Kg),Fruit,2023,1,170.0,,0.0,102,0,191.25,1
Papaya (Rs/Kg),Fruit,2023,2,191.25,,5.88,95,0,192.12,1
Papaya (Rs/Kg),Fruit,2023,3,193.0,,4.47,88,0,192.75,0
Papaya (Rs/Kg),Fruit,2023,4,194.0,,3.71,81,0,188.81,0
Papaya (Rs/Kg),Fruit,2023,5,177.0,4.12,-4.35,74,0,184.25,1
Papaya (Rs/Kg),Fruit,2023,6,173.0,-9.54,-5.49,67,0,189.25,1
Papaya (Rs/Kg),Fruit,2023,7,213.0,10.36,13.71,60,0,196.75,0
Papaya (Rs/Kg),Fruit,2023,8,224.0,15.46,16.72,53,0,217.5,0
Papaya (Rs/Kg),Fruit,2023,9,260.0,46.89,30.34,46,0,247.38,0
Papaya (Rs/Kg),Fruit,2023,10,292.5,69.08,40.1,39,1,253.38,0
Papaya (Rs/Kg),Fruit,2023,11,237.0,11.27,12.14,32,1,252.88,1
Papaya (Rs/Kg),Fruit,2023,12,222.0,-0.89,4.6,25,1,246.38,1
Papaya (Rs/Kg),Fruit,2023,13,234.0,-10.0,9.39,18,1,228.25,0
Papaya (Rs/Kg),Fruit,2023,14,220.0,-24.79,1.03,11,1,221.5,1
Papaya (Rs/Kg),Fruit,2023,15,210.0,-11.39,-4.19,4,1,217.25,1
Papaya (Rs/Kg),Fruit,2023,16,205.0,-7.66,-6.87,363,0,184.25,0
Papaya (Rs/Kg),Fruit,2023,17,102.0,-56.41,-52.12,356,0,155.08,1
Papaya (Rs/Kg),Fruit,2023,18,103.33,-53.03,-50.17,349,0,131.08,1
Papaya (Rs/Kg),Fruit,2023,19,114.0,-45.71,-43.8,342,0,106.08,0
Papaya (Rs/Kg),Fruit,2023,20,105.0,-48.78,-46.02,335,0,105.83,1
Papaya (Rs/Kg),Fruit,2023,21,101.0,-0.98,-45.42,328,0,107.5,1
Papaya (Rs/Kg),Fruit,2023,22,110.0,6.45,-36.61,321,0,106.0,0
Papaya (Rs/Kg),Fruit,2023,23,108.0,-5.26,-32.22,314,0,105.0,0
Papaya (Rs/Kg),Fruit,2023,24,101.0,-3.81,-32.16,307,0,106.25,1
Papaya (Rs/Kg),Fruit,2023,25,106.0,4.95,-24.26,300,0,106.56,1
Papaya (Rs/Kg),Fruit,2023,26,111.25,1.14,-14.76,293,0,108.0,0
Papaya (Rs/Kg),Fruit,2023,27,113.75,5.32,-7.02,286,0,108.25,0
Papaya (Rs/Kg),Fruit,2023,28,102.0,0.99,-10.55,279,0,107.0,1
Papaya (Rs/Kg),Fruit,2023,29,101.0,-4.72,-4.74,272,0,103.88,1
Papaya (Rs/Kg),Fruit,2023,30,98.75,-11.24,-6.64,265,0,109.5,1
Papaya (Rs/Kg),Fruit,2023,31,136.25,19.78,25.8,258,0,123.5,0
Papaya (Rs/Kg),Fruit,2023,32,158.0,54.9,41.46,251,0,146.0,0
Papaya (Rs/Kg),Fruit,2023,33,191.0,89.11,61.44,244,0,180.06,0
Papaya (Rs/Kg),Fruit,2023,34,235.0,137.97,82.72,237,0,206.0,0
Papaya (Rs/Kg),Fruit,2023,35,240.0,76.15,73.14,230,0,209.75,0
Papaya (Rs/Kg),Fruit,2023,36,173.0,9.49,20.46,223,0,194.0,1
Papaya (Rs/Kg),Fruit,2023,37,128.0,-32.98,-12.14,216,0,160.25,1
Papaya (Rs/Kg),Fruit,2023,38,100.0,-57.45,-31.14,209,0,124.0,1
Papaya (Rs/Kg),Fruit,2023,39,95.0,-60.42,-34.02,202,0,99.75,1
Papaya (Rs/Kg),Fruit,2023,40,76.0,-56.07,-46.13,195,0,91.75,1
Papaya (Rs/Kg),Fruit,2023,41,96.0,-25.0,-31.73,188,0,87.91,0
Papaya (Rs/Kg),Fruit,2023,42,84.64,-15.36,-39.26,181,0,89.26,1
Papaya (Rs/Kg),Fruit,2023,43,100.42,5.7,-28.01,174,0,100.8,1
Papaya (Rs/Kg),Fruit,2023,44,122.14,60.71,-11.75,167,0,103.14,0
Papaya (Rs/Kg),Fruit,2023,45,105.36,9.75,-21.58,160,0,105.73,1
Papaya (Rs/Kg),Fruit,2023,46,95.0,12.24,-25.18,153,0,102.92,1
Papaya (Rs/Kg),Fruit,2023,47,89.17,-11.2,-22.96,146,0,95.88,1
Papaya (Rs/Kg),Fruit,2023,48,94.0,-23.04,-10.06,139,0,92.67,0
Papaya (Rs/Kg),Fruit,2023,49,92.5,-12.2,-5.92,132,0,95.08,1
Papaya (Rs/Kg),Fruit,2023,50,104.64,10.15,8.41,125,0,108.95,1
Papaya (Rs/Kg),Fruit,2023,51,144.64,62.22,44.7,118,0,125.57,0
Papaya (Rs/Kg),Fruit,2023,52,160.5,70.74,52.86,111,0,140.15,0
Papaya (Rs/Kg),Fruit,2024,1,150.83,63.06,36.18,104,0,153.19,1
Papaya (Rs/Kg),Fruit,2024,2,156.79,49.83,35.82,97,0,154.89,0
Papaya (Rs/Kg),Fruit,2024,3,151.43,4.69,25.59,90,0,155.18,1
Papaya (Rs/Kg),Fruit,2024,4,161.67,0.73,29.04,83,0,157.38,0
Papaya (Rs/Kg),Fruit,2024,5,159.64,5.84,24.56,76,0,155.06,0
Papaya (Rs/Kg),Fruit,2024,6,147.5,-5.92,12.25,69,0,158.1,1
Papaya (Rs/Kg),Fruit,2024,7,163.57,8.02,19.67,62,0,162.57,0
Papaya (Rs/Kg),Fruit,2024,8,179.58,11.08,25.02,55,0,174.75,0
Papaya (Rs/Kg),Fruit,2024,9,208.33,30.5,36.67,48,0,193.23,0
Papaya (Rs/Kg),Fruit,2024,10,221.43,50.12,36.39,41,1,210.19,0
Papaya (Rs/Kg),Fruit,2024,11,231.43,41.48,34.47,34,1,221.03,0
Papaya (Rs/Kg),Fruit,2024,12,222.92,24.13,25.15,27,1,222.9,0
Papaya (Rs/Kg),Fruit,2024,13,215.83,3.6,18.34,20,1,216.12,1
Papaya (Rs/Kg),Fruit,2024,14,194.29,-12.26,4.61,13,1,199.51,1
Papaya (Rs/Kg),Fruit,2024,15,165.0,-28.7,-11.46,6,1,176.28,1
Papaya (Rs/Kg),Fruit,2024,16,130.0,-41.68,-29.62,364,0,152.84,1
Papaya (Rs/Kg),Fruit,2024,17,122.08,-43.44,-32.8,357,0,128.02,1
Papaya (Rs/Kg),Fruit,2024,18,95.0,-51.1,-46.23,350,0,107.4,1
Papaya (Rs/Kg),Fruit,2024,19,82.5,-50.0,-51.95,343,0,94.4,1
Papaya (Rs/Kg),Fruit,2024,20,78.0,-40.0,-52.76,336,0,84.08,1
Papaya (Rs/Kg),Fruit,2024,21,80.83,-33.79,-48.68,329,0,81.21,1
Papaya (Rs/Kg),Fruit,2024,22,83.5,-12.11,-43.55,322,0,85.96,1
Papaya (Rs/Kg),Fruit,2024,23,101.5,23.03,-26.81,315,0,105.08,1
Papaya (Rs/Kg),Fruit,2024,24,154.5,98.08,16.37,308,0,126.75,0
Papaya (Rs/Kg),Fruit,2024,25,167.5,107.22,30.35,301,0,150.79,0
Papaya (Rs/Kg),Fruit,2024,26,179.64,115.14,42.89,294,0,164.61,0
Papaya (Rs/Kg),Fruit,2024,27,156.79,54.47,27.64,287,0,159.2,1
Papaya (Rs/Kg),Fruit,2024,28,132.86,-14.01,10.38,280,0,152.82,1
Papaya (Rs/Kg),Fruit,2024,29,142.0,-15.22,17.08,273,0,143.8,1
Papaya (Rs/Kg),Fruit,2024,30,143.57,-20.08,16.78,266,0,142.98,0
Papaya (Rs/Kg),Fruit,2024,31,153.5,-2.1,20.45,259,0,145.39,0
Papaya (Rs/Kg),Fruit,2024,32,142.5,7.26,7.91,252,0,146.02,1
Papaya (Rs/Kg),Fruit,2024,33,144.5,1.76,5.34,245,0,143.72,0
Papaya (Rs/Kg),Fruit,2024,34,134.38,-6.41,-4.89,238,0,140.97,1
Papaya (Rs/Kg),Fruit,2024,35,142.5,-7.17,-2.28,231,0,149.97,1
Papaya (Rs/Kg),Fruit,2024,36,178.5,25.26,17.63,224,0,170.09,0
Papaya (Rs/Kg),Fruit,2024,37,225.0,55.71,43.16,217,0,200.46,0
Papaya (Rs/Kg),Fruit,2024,38,255.83,90.39,56.03,210,0,228.58,0
Papaya (Rs/Kg),Fruit,2024,39,255.0,78.95,50.21,203,0,220.96,0
Papaya (Rs/Kg),Fruit,2024,40,148.0,-17.09,-12.47,196,0,194.08,1
Papaya (Rs/Kg),Fruit,2024,41,117.5,-47.78,-30.02,189,0,153.72,1
Papaya (Rs/Kg),Fruit,2024,42,94.38,-63.11,-42.54,182,0,109.59,1
Papaya (Rs/Kg),Fruit,2024,43,78.5,-69.22,-50.7,175,0,90.93,1
Papaya (Rs/Kg),Fruit,2024,44,73.33,-50.45,-52.09,168,0,80.55,1
Papaya (Rs/Kg),Fruit,2024,45,76.0,-35.32,-48.63,161,0,77.58,1
Papaya (Rs/Kg),Fruit,2024,46,82.5,-12.58,-42.38,154,0,90.58,1
Papaya (Rs/Kg),Fruit,2024,47,130.5,66.24,-8.67,147,0,103.12,0
Papaya (Rs/Kg),Fruit,2024,48,123.5,68.41,-12.68,140,0,117.0,0
Papaya (Rs/Kg),Fruit,2024,49,131.5,73.03,-4.58,133,0,139.5,1
Papaya (Rs/Kg),Fruit,2024,50,172.5,109.09,28.95,126,0,162.88,0
Papaya (Rs/Kg),Fruit,2024,51,224.0,71.65,70.57,119,0,188.88,0
Papaya (Rs/Kg),Fruit,2024,52,227.5,84.21,76.07,112,0,208.81,0
Papaya (Rs/Kg),Fruit,2025,1,211.25,60.65,57.56,105,0,198.81,0
Papaya (Rs/Kg),Fruit,2025,35,132.5,-23.19,-2.02,232,0,197.81,1
Papaya (Rs/Kg),Fruit,2026,1,220.0,-1.79,51.84,106,0,198.19,0
Papaya (Rs/Kg),Fruit,2026,2,229.0,0.66,46.36,99,0,207.88,0
Papaya (Rs/Kg),Fruit,2026,3,250.0,18.34,47.01,92,0,246.5,0
Papaya (Rs/Kg),Fruit,2026,4,287.0,116.6,54.06,85,0,277.88,0
Papaya (Rs/Kg),Fruit,2026,5,345.5,57.05,67.3,78,0,315.62,0
Papaya (Rs/Kg),Fruit,2026,6,380.0,65.94,68.36,71,0,351.88,0
Papaya (Rs/Kg),Fruit,2026,7,395.0,58.0,60.18,64,0,378.12,0
Papaya (Rs/Kg),Fruit,2026,8,392.0,36.59,47.02,57,0,380.5,0
Papaya (Rs/Kg),Fruit,2026,9,355.0,2.75,26.48,50,0,367.17,1
Papaya (Rs/Kg),Fruit,2026,10,326.67,-14.04,13.2,43,1,341.67,1
Papaya (Rs/Kg),Fruit,2026,11,293.0,-25.82,-0.21,36,1,311.79,1
Papaya (Rs/Kg),Fruit,2026,12,272.5,-30.48,-8.66,29,1,284.29,1
Papaya (Rs/Kg),Fruit,2026,13,245.0,-30.99,-20.19,22,1,259.08,1
Papaya (Rs/Kg),Fruit,2026,14,225.83,-30.87,-26.54,15,1,235.71,1
Papaya (Rs/Kg),Fruit,2026,15,199.5,-31.91,-34.62,8,1,206.08,1
Papaya (Rs/Kg),Fruit,2026,17,154.0,-43.49,-48.28,359,0,177.18,1
Papaya (Rs/Kg),Fruit,2026,18,129.38,-47.19,-54.71,352,0,150.97,1
Papaya (Rs/Kg),Fruit,2026,19,121.0,-46.42,-54.91,345,0,129.72,1
Papaya (Rs/Kg),Fruit,2026,20,114.5,-42.61,-53.82,338,0,119.84,1
Papaya (Rs/Kg),Fruit,2026,21,114.5,-25.65,-49.42,331,0,117.5,1
Papaya (Rs/Kg),Fruit,2026,22,120.0,-7.25,-41.59,324,0,126.0,1
Papaya (Rs/Kg),Fruit,2026,23,155.0,28.1,-18.45,317,0,137.75,0
Papaya (Rs/Kg),Fruit,2026,24,161.5,41.05,-8.94,310,0,151.25,0
Papaya (Rs/Kg),Fruit,2026,25,168.5,47.16,0.43,303,0,161.67,0
Passion Fruit (Rs/Fruit),Fruit,2023,1,29.62,,0.0,102,0,38.0,1
Passion Fruit (Rs/Fruit),Fruit,2023,2,38.0,,12.38,95,0,46.3,1
Passion Fruit (Rs/Fruit),Fruit,2023,3,54.6,,34.02,88,0,51.53,0
Passion Fruit (Rs/Fruit),Fruit,2023,4,62.0,,34.62,81,0,55.88,0
Passion Fruit (Rs/Fruit),Fruit,2023,5,68.9,132.57,36.1,74,0,62.05,0
Passion Fruit (Rs/Fruit),Fruit,2023,6,62.7,65.0,19.12,67,0,64.78,1
Passion Fruit (Rs/Fruit),Fruit,2023,7,65.5,19.96,20.24,60,0,66.65,1
Passion Fruit (Rs/Fruit),Fruit,2023,8,69.5,12.1,23.33,53,0,67.18,0
Passion Fruit (Rs/Fruit),Fruit,2023,9,71.0,3.05,22.45,46,0,67.44,0
Passion Fruit (Rs/Fruit),Fruit,2023,10,63.75,1.67,8.87,39,1,63.69,0
Passion Fruit (Rs/Fruit),Fruit,2023,11,50.5,-22.9,-12.67,32,1,58.31,1
Passion Fruit (Rs/Fruit),Fruit,2023,12,48.0,-30.94,-15.8,25,1,53.19,1
Passion Fruit (Rs/Fruit),Fruit,2023,13,50.5,-28.87,-10.63,18,1,48.21,0
Passion Fruit (Rs/Fruit),Fruit,2023,14,43.83,-31.24,-23.9,11,1,46.71,1
Passion Fruit (Rs/Fruit),Fruit,2023,15,44.5,-11.88,-23.41,4,1,46.41,1
Passion Fruit (Rs/Fruit),Fruit,2023,16,46.8,-2.5,-18.61,363,0,41.83,0
Passion Fruit (Rs/Fruit),Fruit,2023,17,32.2,-36.24,-41.67,356,0,37.29,1
Passion Fruit (Rs/Fruit),Fruit,2023,18,25.67,-41.44,-50.53,349,0,32.02,1
Passion Fruit (Rs/Fruit),Fruit,2023,19,23.4,-47.42,-52.11,342,0,26.07,1
Passion Fruit (Rs/Fruit),Fruit,2023,20,23.0,-50.85,-49.55,335,0,24.29,1
Passion Fruit (Rs/Fruit),Fruit,2023,21,25.1,-22.05,-40.48,328,0,24.78,0
Passion Fruit (Rs/Fruit),Fruit,2023,22,27.6,7.53,-28.93,321,0,25.98,0
Passion Fruit (Rs/Fruit),Fruit,2023,23,28.2,20.51,-21.88,314,0,27.35,0
Passion Fruit (Rs/Fruit),Fruit,2023,24,28.5,23.91,-17.17,307,0,28.22,0
Passion Fruit (Rs/Fruit),Fruit,2023,25,28.6,13.94,-13.11,300,0,28.26,0
Passion Fruit (Rs/Fruit),Fruit,2023,26,27.75,0.54,-10.96,293,0,28.02,1
Passion Fruit (Rs/Fruit),Fruit,2023,27,27.25,-3.37,-8.83,286,0,27.25,0
Passion Fruit (Rs/Fruit),Fruit,2023,28,25.4,-10.88,-10.63,279,0,27.8,1
Passion Fruit (Rs/Fruit),Fruit,2023,29,30.8,7.69,13.28,272,0,30.46,0
Passion Fruit (Rs/Fruit),Fruit,2023,30,38.38,38.29,38.71,265,0,34.74,0
Passion Fruit (Rs/Fruit),Fruit,2023,31,44.38,62.84,52.47,258,0,42.76,0
Passion Fruit (Rs/Fruit),Fruit,2023,32,57.5,126.38,81.23,251,0,46.79,0
Passion Fruit (Rs/Fruit),Fruit,2023,33,46.9,52.27,39.73,244,0,45.02,0
Passion Fruit (Rs/Fruit),Fruit,2023,34,31.3,-18.44,-8.06,237,0,41.96,1
Passion Fruit (Rs/Fruit),Fruit,2023,35,32.12,-27.61,-6.59,230,0,34.43,1
Passion Fruit (Rs/Fruit),Fruit,2023,36,27.4,-52.35,-20.18,223,0,30.08,1
Passion Fruit (Rs/Fruit),Fruit,2023,37,29.5,-37.1,-14.26,216,0,29.66,1
Passion Fruit (Rs/Fruit),Fruit,2023,38,29.6,-5.43,-14.16,209,0,31.94,1
Passion Fruit (Rs/Fruit),Fruit,2023,39,41.25,28.4,16.13,202,0,38.96,0
Passion Fruit (Rs/Fruit),Fruit,2023,40,55.5,102.55,47.24,195,0,45.96,0
Passion Fruit (Rs/Fruit),Fruit,2023,41,57.5,94.92,43.16,188,0,53.31,0
Passion Fruit (Rs/Fruit),Fruit,2023,42,59.0,99.32,39.37,181,0,57.62,0
Passion Fruit (Rs/Fruit),Fruit,2023,43,58.5,41.82,33.32,174,0,54.5,0
Passion Fruit (Rs/Fruit),Fruit,2023,44,43.0,-22.52,-1.77,167,0,46.88,1
Passion Fruit (Rs/Fruit),Fruit,2023,45,27.0,-53.04,-34.83,160,0,37.25,1
Passion Fruit (Rs/Fruit),Fruit,2023,46,20.5,-65.25,-47.97,153,0,27.15,1
Passion Fruit (Rs/Fruit),Fruit,2023,47,18.1,-69.06,-52.84,146,0,22.07,1
Passion Fruit (Rs/Fruit),Fruit,2023,48,22.67,-47.29,-39.8,139,0,22.24,0
Passion Fruit (Rs/Fruit),Fruit,2023,49,27.7,2.59,-26.48,132,0,25.24,0
Passion Fruit (Rs/Fruit),Fruit,2023,50,32.5,58.54,-14.27,125,0,31.4,0
Passion Fruit (Rs/Fruit),Fruit,2023,51,42.75,136.19,9.84,118,0,40.11,0
Passion Fruit (Rs/Fruit),Fruit,2023,52,57.5,153.68,43.14,111,0,56.0,0
Passion Fruit (Rs/Fruit),Fruit,2024,1,91.25,229.42,112.6,104,0,73.38,0
Passion Fruit (Rs/Fruit),Fruit,2024,2,102.0,213.85,120.1,97,0,91.75,0
Passion Fruit (Rs/Fruit),Fruit,2024,3,116.25,171.93,129.08,90,0,107.38,0
Passion Fruit (Rs/Fruit),Fruit,2024,4,120.0,108.7,116.3,83,0,115.31,0
Passion Fruit (Rs/Fruit),Fruit,2024,5,123.0,34.79,99.57,76,0,115.06,0
Passion Fruit (Rs/Fruit),Fruit,2024,6,101.0,-0.98,50.02,69,0,109.5,1
Passion Fruit (Rs/Fruit),Fruit,2024,7,94.0,-19.14,28.81,62,0,104.5,1
Passion Fruit (Rs/Fruit),Fruit,2024,8,100.0,-16.67,26.14,55,0,98.91,0
Passion Fruit (Rs/Fruit),Fruit,2024,9,100.62,-18.19,18.0,48,0,94.28,0
Passion Fruit (Rs/Fruit),Fruit,2024,10,82.5,-18.32,-7.81,41,1,98.53,1
Passion Fruit (Rs/Fruit),Fruit,2024,11,111.0,18.09,16.2,34,1,100.78,0
Passion Fruit (Rs/Fruit),Fruit,2024,12,109.0,9.0,8.32,27,1,103.12,0
Passion Fruit (Rs/Fruit),Fruit,2024,13,110.0,9.32,5.1,20,1,104.0,0
Passion Fruit (Rs/Fruit),Fruit,2024,14,86.0,4.24,-17.51,13,1,94.38,1
Passion Fruit (Rs/Fruit),Fruit,2024,15,72.5,-34.68,-28.91,6,1,87.96,1
Passion Fruit (Rs/Fruit),Fruit,2024,16,83.33,-23.55,-16.21,364,0,77.65,0
Passion Fruit (Rs/Fruit),Fruit,2024,17,68.75,-37.5,-28.02,357,0,71.77,1
Passion Fruit (Rs/Fruit),Fruit,2024,18,62.5,-27.33,-31.21,350,0,67.9,1
Passion Fruit (Rs/Fruit),Fruit,2024,19,57.0,-21.38,-34.84,343,0,62.56,1
Passion Fruit (Rs/Fruit),Fruit,2024,20,62.0,-25.6,-27.07,336,0,61.21,0
Passion Fruit (Rs/Fruit),Fruit,2024,21,63.33,-7.88,-22.95,329,0,62.46,0
Passion Fruit (Rs/Fruit),Fruit,2024,22,67.5,8.0,-15.25,322,0,64.21,0
Passion Fruit (Rs/Fruit),Fruit,2024,23,64.0,12.28,-18.18,315,0,66.33,1
Passion Fruit (Rs/Fruit),Fruit,2024,24,70.5,13.71,-6.14,308,0,67.58,0
Passion Fruit (Rs/Fruit),Fruit,2024,25,68.33,7.89,-5.07,301,0,68.83,1
Passion Fruit (Rs/Fruit),Fruit,2024,26,72.5,7.41,4.93,294,0,68.08,0
Passion Fruit (Rs/Fruit),Fruit,2024,27,61.0,-4.69,-9.19,287,0,64.73,1
Passion Fruit (Rs/Fruit),Fruit,2024,28,57.1,-19.01,-13.47,280,0,58.03,1
Passion Fruit (Rs/Fruit),Fruit,2024,29,41.5,-39.27,-33.89,273,0,49.28,1
Passion Fruit (Rs/Fruit),Fruit,2024,30,37.5,-48.28,-37.88,266,0,43.65,1
Passion Fruit (Rs/Fruit),Fruit,2024,31,38.5,-36.89,-34.21,259,0,39.75,1
Passion Fruit (Rs/Fruit),Fruit,2024,32,41.5,-27.32,-27.61,252,0,41.12,0
Passion Fruit (Rs/Fruit),Fruit,2024,33,47.0,13.25,-16.33,245,0,45.03,0
Passion Fruit (Rs/Fruit),Fruit,2024,34,53.12,41.67,-4.09,238,0,50.28,0
Passion Fruit (Rs/Fruit),Fruit,2024,35,59.5,54.55,8.63,231,0,55.16,0
Passion Fruit (Rs/Fruit),Fruit,2024,36,61.0,46.99,11.84,224,0,57.47,0
Passion Fruit (Rs/Fruit),Fruit,2024,37,56.25,19.68,5.24,217,0,57.52,1
Passion Fruit (Rs/Fruit),Fruit,2024,38,53.33,0.39,1.99,210,0,58.27,1
Passion Fruit (Rs/Fruit),Fruit,2024,39,62.5,5.04,21.3,203,0,58.02,0
Passion Fruit (Rs/Fruit),Fruit,2024,40,60.0,-1.64,16.63,196,0,56.96,0
Passion Fruit (Rs/Fruit),Fruit,2024,41,52.0,-7.56,1.85,189,0,52.53,1
Passion Fruit (Rs/Fruit),Fruit,2024,42,35.62,-33.2,-29.6,182,0,45.28,1
Passion Fruit (Rs/Fruit),Fruit,2024,43,33.5,-46.4,-33.39,175,0,39.45,1
Passion Fruit (Rs/Fruit),Fruit,2024,44,36.67,-38.89,-26.89,168,0,37.45,1
Passion Fruit (Rs/Fruit),Fruit,2024,45,44.0,-15.38,-12.61,161,0,41.2,0
Passion Fruit (Rs/Fruit),Fruit,2024,46,50.62,42.11,0.0,154,0,51.2,1
Passion Fruit (Rs/Fruit),Fruit,2024,47,73.5,119.4,40.83,147,0,58.91,0
Passion Fruit (Rs/Fruit),Fruit,2024,48,67.5,84.09,27.82,140,0,58.41,0
Passion Fruit (Rs/Fruit),Fruit,2024,49,42.0,-4.55,-18.2,133,0,55.6,1
Passion Fruit (Rs/Fruit),Fruit,2024,50,39.4,-22.17,-21.28,126,0,44.8,1
Passion Fruit (Rs/Fruit),Fruit,2024,51,30.3,-58.78,-37.24,119,0,37.14,1
Passion Fruit (Rs/Fruit),Fruit,2024,52,36.88,-45.37,-20.37,112,0,36.64,0
Passion Fruit (Rs/Fruit),Fruit,2025,1,40.0,-4.76,-10.65,105,0,38.04,0
Passion Fruit (Rs/Fruit),Fruit,2025,35,45.0,14.21,1.74,232,0,41.09,0
Passion Fruit (Rs/Fruit),Fruit,2026,1,42.5,40.26,-5.05,106,0,45.45,1
Passion Fruit (Rs/Fruit),Fruit,2026,2,54.3,47.25,17.13,99,0,52.53,0
Passion Fruit (Rs/Fruit),Fruit,2026,3,68.33,70.83,40.04,92,0,64.53,0
Passion Fruit (Rs/Fruit),Fruit,2026,4,93.0,106.67,76.93,85,0,77.53,0
Passion Fruit (Rs/Fruit),Fruit,2026,5,94.5,122.35,68.93,78,0,92.08,0
Passion Fruit (Rs/Fruit),Fruit,2026,6,112.5,107.18,90.87,71,0,104.25,0
Passion Fruit (Rs/Fruit),Fruit,2026,7,117.0,71.22,86.46,64,0,112.25,0
Passion Fruit (Rs/Fruit),Fruit,2026,8,125.0,34.41,80.82,57,0,110.5,0
Passion Fruit (Rs/Fruit),Fruit,2026,9,87.5,-7.41,20.14,50,0,104.88,1
Passion Fruit (Rs/Fruit),Fruit,2026,10,90.0,-20.0,16.24,43,1,92.62,1
Passion Fruit (Rs/Fruit),Fruit,2026,11,68.0,-41.88,-14.81,36,1,78.5,1
Passion Fruit (Rs/Fruit),Fruit,2026,12,68.5,-45.2,-16.47,29,1,68.25,0
Passion Fruit (Rs/Fruit),Fruit,2026,13,46.5,-46.86,-43.38,22,1,57.42,1
Passion Fruit (Rs/Fruit),Fruit,2026,14,46.67,-48.15,-43.4,15,1,51.54,1
Passion Fruit (Rs/Fruit),Fruit,2026,15,44.5,-34.56,-45.53,8,1,43.42,0
Passion Fruit (Rs/Fruit),Fruit,2026,17,36.0,-47.45,-54.55,359,0,42.42,1
Passion Fruit (Rs/Fruit),Fruit,2026,18,42.5,-8.6,-43.57,352,0,43.25,1
Passion Fruit (Rs/Fruit),Fruit,2026,19,50.0,7.14,-30.46,345,0,47.25,0
Passion Fruit (Rs/Fruit),Fruit,2026,20,60.5,35.96,-10.9,338,0,54.75,0
Passion Fruit (Rs/Fruit),Fruit,2026,21,66.0,83.33,3.17,331,0,59.75,0
Passion Fruit (Rs/Fruit),Fruit,2026,22,62.5,47.06,5.63,324,0,62.5,0
Passion Fruit (Rs/Fruit),Fruit,2026,23,61.0,22.0,6.78,317,0,60.38,0
Passion Fruit (Rs/Fruit),Fruit,2026,24,52.0,-14.05,-4.07,310,0,56.5,1
Passion Fruit (Rs/Fruit),Fruit,2026,25,50.5,-23.48,-4.46,303,0,54.5,1
Pineapple - Large (Rs/Fruit),Fruit,2023,1,555.0,,0.0,102,0,447.5,0
Pineapple - Large (Rs/Fruit),Fruit,2023,2,447.5,,-10.72,95,0,430.75,0
Pineapple - Large (Rs/Fruit),Fruit,2023,3,414.0,,-12.32,88,0,429.5,1
Pineapple - Large (Rs/Fruit),Fruit,2023,4,427.0,,-7.35,81,0,425.12,0
Pineapple - Large (Rs/Fruit),Fruit,2023,5,412.0,-25.77,-8.67,74,0,412.75,1
Pineapple - Large (Rs/Fruit),Fruit,2023,6,398.0,-11.06,-10.01,67,0,409.25,1
Pineapple - Large (Rs/Fruit),Fruit,2023,7,400.0,-3.38,-8.3,60,0,408.5,1
Pineapple - Large (Rs/Fruit),Fruit,2023,8,424.0,-0.7,-2.46,53,0,484.5,1
Pineapple - Large (Rs/Fruit),Fruit,2023,9,716.0,73.79,53.67,46,0,563.75,0
Pineapple - Large (Rs/Fruit),Fruit,2023,10,715.0,79.65,45.67,39,1,639.25,0
Pineapple - Large (Rs/Fruit),Fruit,2023,11,702.0,75.5,37.63,32,1,702.25,1
Pineapple - Large (Rs/Fruit),Fruit,2023,12,676.0,59.43,29.04,25,1,689.75,1
Pineapple - Large (Rs/Fruit),Fruit,2023,13,666.0,-6.98,24.53,18,1,661.0,0
Pineapple - Large (Rs/Fruit),Fruit,2023,14,600.0,-16.08,11.47,11,1,619.25,1
Pineapple - Large (Rs/Fruit),Fruit,2023,15,535.0,-23.79,-1.83,4,1,587.5,1
Pineapple - Large (Rs/Fruit),Fruit,2023,16,549.0,-18.79,-1.15,363,0,556.75,1
Pineapple - Large (Rs/Fruit),Fruit,2023,17,543.0,-18.47,-3.78,356,0,531.33,0
Pineapple - Large (Rs/Fruit),Fruit,2023,18,498.33,-16.94,-12.72,349,0,527.58,1
Pineapple - Large (Rs/Fruit),Fruit,2023,19,520.0,-2.8,-10.4,342,0,534.33,1
Pineapple - Large (Rs/Fruit),Fruit,2023,20,576.0,4.92,-3.01,335,0,558.83,0
Pineapple - Large (Rs/Fruit),Fruit,2023,21,641.0,18.05,4.98,328,0,602.0,0
Pineapple - Large (Rs/Fruit),Fruit,2023,22,671.0,34.65,10.52,321,0,619.5,0
Pineapple - Large (Rs/Fruit),Fruit,2023,23,590.0,13.46,-1.25,314,0,608.5,1
Pineapple - Large (Rs/Fruit),Fruit,2023,24,532.0,-7.64,-8.97,307,0,590.15,1
Pineapple - Large (Rs/Fruit),Fruit,2023,25,567.6,-11.45,-1.47,300,0,654.9,1
Pineapple - Large (Rs/Fruit),Fruit,2023,26,930.0,38.6,55.94,293,0,721.15,0
Pineapple - Large (Rs/Fruit),Fruit,2023,27,855.0,44.92,38.8,286,0,799.15,0
Pineapple - Large (Rs/Fruit),Fruit,2023,28,844.0,58.65,31.92,279,0,843.75,0
Pineapple - Large (Rs/Fruit),Fruit,2023,29,746.0,31.43,13.91,272,0,844.38,1
Pineapple - Large (Rs/Fruit),Fruit,2023,30,932.5,0.27,36.16,265,0,857.81,0
Pineapple - Large (Rs/Fruit),Fruit,2023,31,908.75,6.29,26.84,258,0,884.06,0
Pineapple - Large (Rs/Fruit),Fruit,2023,32,949.0,12.44,26.63,251,0,957.06,1
Pineapple - Large (Rs/Fruit),Fruit,2023,33,1038.0,39.14,32.23,244,0,960.19,0
Pineapple - Large (Rs/Fruit),Fruit,2023,34,945.0,1.34,16.9,237,0,962.06,1
Pineapple - Large (Rs/Fruit),Fruit,2023,35,916.25,0.83,10.76,230,0,940.56,1
Pineapple - Large (Rs/Fruit),Fruit,2023,36,863.0,-9.06,1.74,223,0,892.56,1
Pineapple - Large (Rs/Fruit),Fruit,2023,37,846.0,-18.5,-3.03,216,0,857.06,1
Pineapple - Large (Rs/Fruit),Fruit,2023,38,803.0,-15.03,-9.83,209,0,810.5,1
Pineapple - Large (Rs/Fruit),Fruit,2023,39,730.0,-20.33,-16.58,202,0,772.0,1
Pineapple - Large (Rs/Fruit),Fruit,2023,40,709.0,-17.84,-17.93,195,0,721.5,1
Pineapple - Large (Rs/Fruit),Fruit,2023,41,644.0,-23.88,-24.1,188,0,657.5,1
Pineapple - Large (Rs/Fruit),Fruit,2023,42,547.0,-31.88,-34.35,181,0,602.0,1
Pineapple - Large (Rs/Fruit),Fruit,2023,43,508.0,-30.41,-36.54,174,0,561.0,1
Pineapple - Large (Rs/Fruit),Fruit,2023,44,545.0,-23.13,-29.46,167,0,533.75,0
Pineapple - Large (Rs/Fruit),Fruit,2023,45,535.0,-16.93,-27.77,160,0,521.5,0
Pineapple - Large (Rs/Fruit),Fruit,2023,46,498.0,-8.96,-28.77,153,0,529.25,1
Pineapple - Large (Rs/Fruit),Fruit,2023,47,539.0,6.1,-19.3,146,0,532.17,0
Pineapple - Large (Rs/Fruit),Fruit,2023,48,556.67,2.14,-13.06,139,0,531.67,0
Pineapple - Large (Rs/Fruit),Fruit,2023,49,533.0,-0.37,-13.32,132,0,527.17,0
Pineapple - Large (Rs/Fruit),Fruit,2023,50,480.0,-3.61,-18.19,125,0,509.92,1
Pineapple - Large (Rs/Fruit),Fruit,2023,51,470.0,-12.8,-16.24,118,0,490.75,1
Pineapple - Large (Rs/Fruit),Fruit,2023,52,480.0,-13.77,-11.42,111,0,495.31,1
Pineapple - Large (Rs/Fruit),Fruit,2024,1,551.25,3.42,4.06,104,0,533.06,0
Pineapple - Large (Rs/Fruit),Fruit,2024,2,631.0,31.46,19.34,97,0,589.31,0
Pineapple - Large (Rs/Fruit),Fruit,2024,3,695.0,47.87,28.67,90,0,651.19,0
Pineapple - Large (Rs/Fruit),Fruit,2024,4,727.5,51.56,30.6,83,0,705.62,0
Pineapple - Large (Rs/Fruit),Fruit,2024,5,769.0,39.5,33.91,76,0,758.12,0
Pineapple - Large (Rs/Fruit),Fruit,2024,6,841.0,33.28,40.68,69,0,784.12,0
Pineapple - Large (Rs/Fruit),Fruit,2024,7,799.0,14.96,28.67,62,0,771.0,0
Pineapple - Large (Rs/Fruit),Fruit,2024,8,675.0,-7.22,6.9,55,0,745.31,1
Pineapple - Large (Rs/Fruit),Fruit,2024,9,666.25,-13.36,4.13,48,0,687.56,1
Pineapple - Large (Rs/Fruit),Fruit,2024,10,610.0,-27.47,-5.54,41,1,641.06,1
Pineapple - Large (Rs/Fruit),Fruit,2024,11,613.0,-23.28,-6.55,34,1,627.94,1
Pineapple - Large (Rs/Fruit),Fruit,2024,12,622.5,-7.78,-6.77,27,1,618.56,0
Pineapple - Large (Rs/Fruit),Fruit,2024,13,628.75,-5.63,-7.42,20,1,636.31,1
Pineapple - Large (Rs/Fruit),Fruit,2024,14,681.0,11.64,-1.18,13,1,706.4,1
Pineapple - Large (Rs/Fruit),Fruit,2024,15,893.33,45.73,25.94,6,1,835.77,0
Pineapple - Large (Rs/Fruit),Fruit,2024,16,1140.0,83.13,53.32,364,0,991.08,0
Pineapple - Large (Rs/Fruit),Fruit,2024,17,1250.0,98.81,59.49,357,0,1116.15,0
Pineapple - Large (Rs/Fruit),Fruit,2024,18,1181.25,73.46,44.86,350,0,1162.81,0
Pineapple - Large (Rs/Fruit),Fruit,2024,19,1080.0,20.9,29.52,343,0,1119.56,1
Pineapple - Large (Rs/Fruit),Fruit,2024,20,967.0,-15.18,14.2,336,0,1006.23,1
Pineapple - Large (Rs/Fruit),Fruit,2024,21,796.67,-36.27,-6.95,329,0,883.92,1
Pineapple - Large (Rs/Fruit),Fruit,2024,22,692.0,-41.42,-19.36,322,0,726.17,1
Pineapple - Large (Rs/Fruit),Fruit,2024,23,449.0,-58.43,-46.91,315,0,583.48,1
Pineapple - Large (Rs/Fruit),Fruit,2024,24,396.25,-59.02,-52.2,308,0,510.15,1
Pineapple - Large (Rs/Fruit),Fruit,2024,25,503.33,-36.82,-38.61,301,0,451.15,0
Pineapple - Large (Rs/Fruit),Fruit,2024,26,456.0,-34.1,-43.47,294,0,455.15,0
Pineapple - Large (Rs/Fruit),Fruit,2024,27,465.0,3.56,-41.14,287,0,476.58,1
Pineapple - Large (Rs/Fruit),Fruit,2024,28,482.0,21.64,-36.44,280,0,480.5,0
Pineapple - Large (Rs/Fruit),Fruit,2024,29,519.0,3.11,-26.96,273,0,512.0,0
Pineapple - Large (Rs/Fruit),Fruit,2024,30,582.0,27.63,-11.71,266,0,543.0,0
Pineapple - Large (Rs/Fruit),Fruit,2024,31,589.0,26.67,-4.01,259,0,564.25,0
Pineapple - Large (Rs/Fruit),Fruit,2024,32,567.0,17.63,-1.25,252,0,567.0,0
Pineapple - Large (Rs/Fruit),Fruit,2024,33,530.0,2.12,-1.95,245,0,549.0,1
Pineapple - Large (Rs/Fruit),Fruit,2024,34,510.0,-12.37,-1.64,238,0,520.75,1
Pineapple - Large (Rs/Fruit),Fruit,2024,35,476.0,-19.19,-5.16,231,0,489.75,1
Pineapple - Large (Rs/Fruit),Fruit,2024,36,443.0,-21.87,-11.65,224,0,466.0,1
Pineapple - Large (Rs/Fruit),Fruit,2024,37,435.0,-17.92,-13.76,217,0,469.75,1
Pineapple - Large (Rs/Fruit),Fruit,2024,38,525.0,2.94,3.74,210,0,506.38,0
Pineapple - Large (Rs/Fruit),Fruit,2024,39,622.5,30.78,19.97,203,0,563.88,0
Pineapple - Large (Rs/Fruit),Fruit,2024,40,673.0,51.92,25.82,196,0,586.7,0
Pineapple - Large (Rs/Fruit),Fruit,2024,41,526.3,20.99,-2.23,189,0,574.14,1
Pineapple - Large (Rs/Fruit),Fruit,2024,42,474.75,-9.57,-11.24,182,0,529.66,1
Pineapple - Large (Rs/Fruit),Fruit,2024,43,444.6,-28.58,-15.2,175,0,476.41,1
Pineapple - Large (Rs/Fruit),Fruit,2024,44,460.0,-31.65,-10.57,168,0,465.84,1
Pineapple - Large (Rs/Fruit),Fruit,2024,45,484.0,-8.04,-4.73,161,0,465.9,0
Pineapple - Large (Rs/Fruit),Fruit,2024,46,475.0,0.05,-5.71,154,0,464.5,0
Pineapple - Large (Rs/Fruit),Fruit,2024,47,439.0,-1.26,-11.9,147,0,465.0,1
Pineapple - Large (Rs/Fruit),Fruit,2024,48,462.0,0.43,-7.09,140,0,457.25,0
Pineapple - Large (Rs/Fruit),Fruit,2024,49,453.0,-6.4,-9.04,133,0,451.75,0
Pineapple - Large (Rs/Fruit),Fruit,2024,50,453.0,-4.63,-9.29,126,0,454.25,1
Pineapple - Large (Rs/Fruit),Fruit,2024,51,449.0,2.28,-9.03,119,0,480.62,1
Pineapple - Large (Rs/Fruit),Fruit,2024,52,567.5,22.84,15.98,112,0,503.0,0
Pineapple - Large (Rs/Fruit),Fruit,2025,1,542.5,19.76,13.19,105,0,458.5,0
Pineapple - Large (Rs/Fruit),Fruit,2025,35,275.0,-39.29,-40.21,232,0,426.88,1
Pineapple - Large (Rs/Fruit),Fruit,2026,1,322.5,-28.17,-28.05,106,0,364.0,1
Pineapple - Large (Rs/Fruit),Fruit,2026,2,316.0,-44.32,-27.91,99,0,304.83,0
Pineapple - Large (Rs/Fruit),Fruit,2026,3,305.83,-43.63,-28.29,92,0,319.08,1
Pineapple - Large (Rs/Fruit),Fruit,2026,4,332.0,20.73,-19.96,85,0,334.46,1
Pineapple - Large (Rs/Fruit),Fruit,2026,5,384.0,19.07,-5.84,78,0,362.02,0
Pineapple - Large (Rs/Fruit),Fruit,2026,6,426.25,34.89,4.78,71,0,394.56,0
Pineapple - Large (Rs/Fruit),Fruit,2026,7,436.0,42.56,7.7,64,0,420.81,0
Pineapple - Large (Rs/Fruit),Fruit,2026,8,437.0,31.63,8.28,57,0,429.06,0
Pineapple - Large (Rs/Fruit),Fruit,2026,9,417.0,8.59,4.04,50,0,426.67,1
Pineapple - Large (Rs/Fruit),Fruit,2026,10,416.67,-2.25,4.6,43,1,425.42,1
Pineapple - Large (Rs/Fruit),Fruit,2026,11,431.0,-1.15,11.13,36,1,414.42,0
Pineapple - Large (Rs/Fruit),Fruit,2026,12,393.0,-10.07,4.43,29,1,404.92,1
Pineapple - Large (Rs/Fruit),Fruit,2026,13,379.0,-9.11,-1.39,22,1,381.17,1
Pineapple - Large (Rs/Fruit),Fruit,2026,14,321.67,-22.8,-16.29,15,1,344.42,1
Pineapple - Large (Rs/Fruit),Fruit,2026,15,284.0,-34.11,-25.62,8,1,321.42,1
Pineapple - Large (Rs/Fruit),Fruit,2026,17,301.0,-23.41,-21.09,359,0,302.6,1
Pineapple - Large (Rs/Fruit),Fruit,2026,18,303.75,-19.85,-19.91,352,0,290.19,0
Pineapple - Large (Rs/Fruit),Fruit,2026,19,272.0,-15.44,-26.61,345,0,287.19,1
Pineapple - Large (Rs/Fruit),Fruit,2026,20,272.0,-4.23,-24.19,338,0,284.94,1
Pineapple - Large (Rs/Fruit),Fruit,2026,21,292.0,-2.99,-16.02,331,0,284.0,0
Pineapple - Large (Rs/Fruit),Fruit,2026,22,300.0,-1.23,-11.02,324,0,290.25,0
Pineapple - Large (Rs/Fruit),Fruit,2026,23,297.0,9.19,-9.43,317,0,291.25,0
Pineapple - Large (Rs/Fruit),Fruit,2026,24,276.0,1.47,-12.96,310,0,288.0,1
Pineapple - Large (Rs/Fruit),Fruit,2026,25,279.0,-4.45,-8.65,303,0,284.0,1
Pineapple - Medium (Rs/Fruit),Fruit,2023,1,463.75,,0.0,102,0,371.25,0
Pineapple - Medium (Rs/Fruit),Fruit,2023,2,371.25,,-11.08,95,0,360.62,0
Pineapple - Medium (Rs/Fruit),Fruit,2023,3,350.0,,-11.39,88,0,365.08,1
Pineapple - Medium (Rs/Fruit),Fruit,2023,4,374.0,,-4.04,81,0,362.06,0
Pineapple - Medium (Rs/Fruit),Fruit,2023,5,353.0,-23.88,-7.69,74,0,351.0,0
Pineapple - Medium (Rs/Fruit),Fruit,2023,6,327.0,-11.92,-12.37,67,0,346.5,1
Pineapple - Medium (Rs/Fruit),Fruit,2023,7,332.0,-5.14,-9.61,60,0,345.25,1
Pineapple - Medium (Rs/Fruit),Fruit,2023,8,369.0,-1.34,0.41,53,0,406.5,1
Pineapple - Medium (Rs/Fruit),Fruit,2023,9,598.0,69.41,52.12,46,0,479.75,0
Pineapple - Medium (Rs/Fruit),Fruit,2023,10,620.0,89.6,49.11,39,1,547.0,0
Pineapple - Medium (Rs/Fruit),Fruit,2023,11,601.0,81.02,38.92,32,1,598.25,0
Pineapple - Medium (Rs/Fruit),Fruit,2023,12,574.0,55.56,29.16,25,1,589.5,1
Pineapple - Medium (Rs/Fruit),Fruit,2023,13,563.0,-5.85,24.14,18,1,559.5,0
Pineapple - Medium (Rs/Fruit),Fruit,2023,14,500.0,-19.35,9.57,11,1,518.0,1
Pineapple - Medium (Rs/Fruit),Fruit,2023,15,435.0,-27.62,-5.69,4,1,486.75,1
Pineapple - Medium (Rs/Fruit),Fruit,2023,16,449.0,-21.78,-4.23,363,0,455.25,1
Pineapple - Medium (Rs/Fruit),Fruit,2023,17,437.0,-22.38,-7.75,356,0,427.33,0
Pineapple - Medium (Rs/Fruit),Fruit,2023,18,388.33,-22.33,-18.49,349,0,424.33,1
Pineapple - Medium (Rs/Fruit),Fruit,2023,19,423.0,-2.76,-12.57,342,0,431.83,1
Pineapple - Medium (Rs/Fruit),Fruit,2023,20,479.0,6.68,-3.25,335,0,460.08,0
Pineapple - Medium (Rs/Fruit),Fruit,2023,21,550.0,25.86,8.05,328,0,504.25,0
Pineapple - Medium (Rs/Fruit),Fruit,2023,22,565.0,45.49,11.55,321,0,521.5,0
Pineapple - Medium (Rs/Fruit),Fruit,2023,23,492.0,16.31,-0.93,314,0,509.25,1
Pineapple - Medium (Rs/Fruit),Fruit,2023,24,430.0,-10.23,-11.06,307,0,501.0,1
Pineapple - Medium (Rs/Fruit),Fruit,2023,25,517.0,-6.0,7.91,300,0,555.38,1
Pineapple - Medium (Rs/Fruit),Fruit,2023,26,782.5,38.5,57.77,293,0,596.75,0
Pineapple - Medium (Rs/Fruit),Fruit,2023,27,657.5,33.64,29.4,286,0,651.5,0
Pineapple - Medium (Rs/Fruit),Fruit,2023,28,649.0,50.93,23.72,279,0,664.25,1
Pineapple - Medium (Rs/Fruit),Fruit,2023,29,568.0,9.86,6.42,272,0,648.0,1
Pineapple - Medium (Rs/Fruit),Fruit,2023,30,717.5,-8.31,29.21,265,0,656.12,0
Pineapple - Medium (Rs/Fruit),Fruit,2023,31,690.0,4.94,19.27,258,0,675.38,0
Pineapple - Medium (Rs/Fruit),Fruit,2023,32,726.0,11.86,20.64,251,0,746.38,1
Pineapple - Medium (Rs/Fruit),Fruit,2023,33,852.0,50.0,35.13,244,0,773.75,0
Pineapple - Medium (Rs/Fruit),Fruit,2023,34,827.0,15.26,26.88,237,0,805.31,0
Pineapple - Medium (Rs/Fruit),Fruit,2023,35,816.25,18.3,21.62,230,0,814.06,0
Pineapple - Medium (Rs/Fruit),Fruit,2023,36,761.0,4.82,10.0,223,0,787.81,1
Pineapple - Medium (Rs/Fruit),Fruit,2023,37,747.0,-12.32,4.3,216,0,756.81,1
Pineapple - Medium (Rs/Fruit),Fruit,2023,38,703.0,-14.99,-3.77,209,0,710.25,1
Pineapple - Medium (Rs/Fruit),Fruit,2023,39,630.0,-22.82,-12.35,202,0,670.25,1
Pineapple - Medium (Rs/Fruit),Fruit,2023,40,601.0,-21.02,-15.88,195,0,615.5,1
Pineapple - Medium (Rs/Fruit),Fruit,2023,41,528.0,-29.32,-25.12,188,0,551.5,1
Pineapple - Medium (Rs/Fruit),Fruit,2023,42,447.0,-36.42,-35.76,181,0,496.0,1
Pineapple - Medium (Rs/Fruit),Fruit,2023,43,408.0,-35.24,-39.29,174,0,456.5,1
Pineapple - Medium (Rs/Fruit),Fruit,2023,44,443.0,-26.29,-32.16,167,0,433.75,0
Pineapple - Medium (Rs/Fruit),Fruit,2023,45,437.0,-17.23,-30.72,160,0,421.5,0
Pineapple - Medium (Rs/Fruit),Fruit,2023,46,398.0,-10.96,-33.21,153,0,429.25,1
Pineapple - Medium (Rs/Fruit),Fruit,2023,47,439.0,7.6,-22.44,146,0,432.67,0
Pineapple - Medium (Rs/Fruit),Fruit,2023,48,456.67,3.09,-15.17,139,0,431.67,0
Pineapple - Medium (Rs/Fruit),Fruit,2023,49,433.0,-0.92,-15.62,132,0,429.17,0
Pineapple - Medium (Rs/Fruit),Fruit,2023,50,388.0,-2.51,-20.08,125,0,409.21,1
Pineapple - Medium (Rs/Fruit),Fruit,2023,51,359.17,-18.19,-21.76,118,0,385.88,1
Pineapple - Medium (Rs/Fruit),Fruit,2023,52,363.33,-20.44,-17.15,111,0,384.81,1
Pineapple - Medium (Rs/Fruit),Fruit,2024,1,428.75,-0.98,0.81,104,0,408.81,0
Pineapple - Medium (Rs/Fruit),Fruit,2024,2,484.0,24.74,14.71,97,0,453.4,0
Pineapple - Medium (Rs/Fruit),Fruit,2024,3,537.5,49.65,25.33,90,0,503.19,0
Pineapple - Medium (Rs/Fruit),Fruit,2024,4,562.5,54.82,27.62,83,0,544.5,0
Pineapple - Medium (Rs/Fruit),Fruit,2024,5,594.0,38.54,31.31,76,0,586.75,0
Pineapple - Medium (Rs/Fruit),Fruit,2024,6,653.0,34.92,39.23,69,0,607.38,0
Pineapple - Medium (Rs/Fruit),Fruit,2024,7,620.0,15.35,27.55,62,0,598.62,0
Pineapple - Medium (Rs/Fruit),Fruit,2024,8,527.5,-6.22,7.02,55,0,578.88,1
Pineapple - Medium (Rs/Fruit),Fruit,2024,9,515.0,-13.3,3.55,48,0,534.06,1
Pineapple - Medium (Rs/Fruit),Fruit,2024,10,473.75,-27.45,-5.34,41,1,506.31,1
Pineapple - Medium (Rs/Fruit),Fruit,2024,11,509.0,-17.9,-0.16,34,1,504.69,0
Pineapple - Medium (Rs/Fruit),Fruit,2024,12,521.0,-1.23,-0.24,27,1,505.94,0
Pineapple - Medium (Rs/Fruit),Fruit,2024,13,520.0,0.97,-2.68,20,1,529.75,1
Pineapple - Medium (Rs/Fruit),Fruit,2024,14,569.0,20.11,4.39,13,1,572.92,1
Pineapple - Medium (Rs/Fruit),Fruit,2024,15,681.67,33.92,21.66,6,1,655.17,0
Pineapple - Medium (Rs/Fruit),Fruit,2024,16,850.0,63.15,45.46,364,0,756.42,0
Pineapple - Medium (Rs/Fruit),Fruit,2024,17,925.0,77.88,51.09,357,0,836.98,0
Pineapple - Medium (Rs/Fruit),Fruit,2024,18,891.25,56.63,40.33,350,0,865.31,0
Pineapple - Medium (Rs/Fruit),Fruit,2024,19,795.0,16.63,23.06,343,0,833.81,1
Pineapple - Medium (Rs/Fruit),Fruit,2024,20,724.0,-14.82,10.7,336,0,754.23,1
Pineapple - Medium (Rs/Fruit),Fruit,2024,21,606.67,-34.41,-8.1,329,0,653.42,1
Pineapple - Medium (Rs/Fruit),Fruit,2024,22,488.0,-45.25,-25.84,322,0,541.92,1
Pineapple - Medium (Rs/Fruit),Fruit,2024,23,349.0,-56.1,-46.18,315,0,432.92,1
Pineapple - Medium (Rs/Fruit),Fruit,2024,24,288.0,-60.22,-54.39,308,0,376.67,1
Pineapple - Medium (Rs/Fruit),Fruit,2024,25,381.67,-37.09,-38.51,301,0,341.42,0
Pineapple - Medium (Rs/Fruit),Fruit,2024,26,347.0,-28.89,-42.87,294,0,345.42,0
Pineapple - Medium (Rs/Fruit),Fruit,2024,27,365.0,4.58,-38.31,287,0,368.92,1
Pineapple - Medium (Rs/Fruit),Fruit,2024,28,382.0,32.64,-32.82,280,0,378.25,0
Pineapple - Medium (Rs/Fruit),Fruit,2024,29,419.0,9.78,-21.76,273,0,412.0,0
Pineapple - Medium (Rs/Fruit),Fruit,2024,30,482.0,38.9,-3.87,266,0,443.0,0
Pineapple - Medium (Rs/Fruit),Fruit,2024,31,489.0,33.97,3.93,259,0,464.25,0
Pineapple - Medium (Rs/Fruit),Fruit,2024,32,467.0,22.25,4.88,252,0,467.0,0
Pineapple - Medium (Rs/Fruit),Fruit,2024,33,430.0,2.63,1.74,245,0,448.69,1
Pineapple - Medium (Rs/Fruit),Fruit,2024,34,408.75,-15.2,0.33,238,0,420.19,1
Pineapple - Medium (Rs/Fruit),Fruit,2024,35,375.0,-23.31,-5.95,231,0,388.69,1
Pineapple - Medium (Rs/Fruit),Fruit,2024,36,341.0,-26.98,-14.35,224,0,364.94,1
Pineapple - Medium (Rs/Fruit),Fruit,2024,37,335.0,-22.09,-16.61,217,0,369.0,1
Pineapple - Medium (Rs/Fruit),Fruit,2024,38,425.0,3.98,4.92,210,0,396.5,0
Pineapple - Medium (Rs/Fruit),Fruit,2024,39,485.0,29.33,16.68,203,0,440.75,0
Pineapple - Medium (Rs/Fruit),Fruit,2024,40,518.0,51.91,21.19,196,0,461.5,0
Pineapple - Medium (Rs/Fruit),Fruit,2024,41,418.0,24.78,-2.84,189,0,447.12,1
Pineapple - Medium (Rs/Fruit),Fruit,2024,42,367.5,-13.53,-13.78,182,0,411.38,1
Pineapple - Medium (Rs/Fruit),Fruit,2024,43,342.0,-29.48,-17.69,175,0,370.62,1
Pineapple - Medium (Rs/Fruit),Fruit,2024,44,355.0,-31.47,-12.38,168,0,358.38,1
Pineapple - Medium (Rs/Fruit),Fruit,2024,45,369.0,-11.72,-7.2,161,0,358.38,0
Pineapple - Medium (Rs/Fruit),Fruit,2024,46,367.5,0.0,-6.45,154,0,357.12,0
Pineapple - Medium (Rs/Fruit),Fruit,2024,47,337.0,-1.46,-12.99,147,0,356.62,1
Pineapple - Medium (Rs/Fruit),Fruit,2024,48,353.0,-0.56,-8.46,140,0,350.62,0
Pineapple - Medium (Rs/Fruit),Fruit,2024,49,345.0,-6.5,-10.6,133,0,345.25,1
Pineapple - Medium (Rs/Fruit),Fruit,2024,50,346.0,-5.85,-10.54,126,0,346.75,1
Pineapple - Medium (Rs/Fruit),Fruit,2024,51,343.0,1.78,-9.85,119,0,367.88,1
Pineapple - Medium (Rs/Fruit),Fruit,2024,52,437.5,23.94,16.11,112,0,384.75,0
Pineapple - Medium (Rs/Fruit),Fruit,2025,1,412.5,19.57,11.88,105,0,352.0,0
Pineapple - Medium (Rs/Fruit),Fruit,2025,35,215.0,-37.86,-39.11,232,0,332.5,1
Pineapple - Medium (Rs/Fruit),Fruit,2026,1,265.0,-22.74,-23.23,106,0,288.62,1
Pineapple - Medium (Rs/Fruit),Fruit,2026,2,262.0,-40.11,-22.72,99,0,250.08,0
Pineapple - Medium (Rs/Fruit),Fruit,2026,3,258.33,-37.37,-22.1,92,0,260.83,1
Pineapple - Medium (Rs/Fruit),Fruit,2026,4,258.0,20.0,-20.14,85,0,268.08,1
Pineapple - Medium (Rs/Fruit),Fruit,2026,5,294.0,10.94,-7.38,78,0,284.15,0
Pineapple - Medium (Rs/Fruit),Fruit,2026,6,326.25,24.52,3.05,71,0,302.56,0
Pineapple - Medium (Rs/Fruit),Fruit,2026,7,332.0,28.52,5.41,64,0,322.06,0
Pineapple - Medium (Rs/Fruit),Fruit,2026,8,336.0,30.23,6.91,57,0,329.06,0
Pineapple - Medium (Rs/Fruit),Fruit,2026,9,322.0,9.52,3.06,50,0,328.75,1
Pineapple - Medium (Rs/Fruit),Fruit,2026,10,325.0,-0.38,4.49,43,1,329.5,1
Pineapple - Medium (Rs/Fruit),Fruit,2026,11,335.0,0.9,10.5,36,1,321.25,0
Pineapple - Medium (Rs/Fruit),Fruit,2026,12,303.0,-9.82,2.8,29,1,313.5,1
Pineapple - Medium (Rs/Fruit),Fruit,2026,13,291.0,-9.63,-3.19,22,1,294.75,1
Pineapple - Medium (Rs/Fruit),Fruit,2026,14,250.0,-23.08,-16.51,15,1,265.25,1
Pineapple - Medium (Rs/Fruit),Fruit,2026,15,217.0,-35.22,-26.68,8,1,246.0,1
Pineapple - Medium (Rs/Fruit),Fruit,2026,17,226.0,-25.41,-22.99,359,0,232.62,1
Pineapple - Medium (Rs/Fruit),Fruit,2026,18,237.5,-18.38,-18.64,352,0,223.38,0
Pineapple - Medium (Rs/Fruit),Fruit,2026,19,213.0,-14.8,-25.44,345,0,221.88,1
Pineapple - Medium (Rs/Fruit),Fruit,2026,20,211.0,-2.76,-23.77,338,0,222.12,1
Pineapple - Medium (Rs/Fruit),Fruit,2026,21,227.0,0.44,-15.53,331,0,221.5,0
Pineapple - Medium (Rs/Fruit),Fruit,2026,22,235.0,-1.05,-9.95,324,0,226.25,0
Pineapple - Medium (Rs/Fruit),Fruit,2026,23,232.0,8.92,-8.68,317,0,227.25,0
Pineapple - Medium (Rs/Fruit),Fruit,2026,24,215.0,1.9,-12.45,310,0,224.5,1
Pineapple - Medium (Rs/Fruit),Fruit,2026,25,216.0,-4.85,-8.64,303,0,221.0,1
Pineapple - Small (Rs/Fruit),Fruit,2023,1,376.25,,0.0,102,0,300.0,0
Pineapple - Small (Rs/Fruit),Fruit,2023,2,300.0,,-11.28,95,0,302.0,1
Pineapple - Small (Rs/Fruit),Fruit,2023,3,304.0,,-6.96,88,0,304.33,1
Pineapple - Small (Rs/Fruit),Fruit,2023,4,309.0,,-4.13,81,0,299.25,0
Pineapple - Small (Rs/Fruit),Fruit,2023,5,284.0,-24.52,-9.74,74,0,290.5,1
Pineapple - Small (Rs/Fruit),Fruit,2023,6,265.0,-11.67,-13.5,67,0,281.0,1
Pineapple - Small (Rs/Fruit),Fruit,2023,7,266.0,-12.5,-11.51,60,0,274.0,1
Pineapple - Small (Rs/Fruit),Fruit,2023,8,281.0,-9.06,-5.75,53,0,323.5,1
Pineapple - Small (Rs/Fruit),Fruit,2023,9,482.0,69.72,51.29,46,0,381.0,0
Pineapple - Small (Rs/Fruit),Fruit,2023,10,495.0,86.79,47.22,39,1,439.0,0
Pineapple - Small (Rs/Fruit),Fruit,2023,11,498.0,87.22,41.91,32,1,486.5,0
Pineapple - Small (Rs/Fruit),Fruit,2023,12,471.0,67.62,30.49,25,1,481.75,1
Pineapple - Small (Rs/Fruit),Fruit,2023,13,463.0,-3.94,25.55,18,1,458.0,0
Pineapple - Small (Rs/Fruit),Fruit,2023,14,400.0,-19.19,7.93,11,1,417.25,1
Pineapple - Small (Rs/Fruit),Fruit,2023,15,335.0,-32.73,-10.26,4,1,387.25,1
Pineapple - Small (Rs/Fruit),Fruit,2023,16,351.0,-25.48,-6.88,363,0,354.0,1
Pineapple - Small (Rs/Fruit),Fruit,2023,17,330.0,-28.73,-12.82,356,0,326.5,0
Pineapple - Small (Rs/Fruit),Fruit,2023,18,290.0,-27.5,-23.48,349,0,321.75,1
Pineapple - Small (Rs/Fruit),Fruit,2023,19,316.0,-5.67,-17.48,342,0,326.5,1
Pineapple - Small (Rs/Fruit),Fruit,2023,20,370.0,5.41,-5.35,335,0,343.25,0
Pineapple - Small (Rs/Fruit),Fruit,2023,21,397.0,20.3,-0.71,328,0,367.25,0
Pineapple - Small (Rs/Fruit),Fruit,2023,22,386.0,33.1,-1.65,321,0,380.25,0
Pineapple - Small (Rs/Fruit),Fruit,2023,23,368.0,16.46,-3.84,314,0,371.5,1
Pineapple - Small (Rs/Fruit),Fruit,2023,24,335.0,-9.46,-9.5,307,0,376.5,1
Pineapple - Small (Rs/Fruit),Fruit,2023,25,417.0,5.04,13.93,300,0,425.62,1
Pineapple - Small (Rs/Fruit),Fruit,2023,26,582.5,50.91,55.25,293,0,461.75,0
Pineapple - Small (Rs/Fruit),Fruit,2023,27,512.5,39.27,33.52,286,0,505.25,0
Pineapple - Small (Rs/Fruit),Fruit,2023,28,509.0,51.94,28.14,279,0,511.5,1
Pineapple - Small (Rs/Fruit),Fruit,2023,29,442.0,6.0,9.34,272,0,502.75,1
Pineapple - Small (Rs/Fruit),Fruit,2023,30,547.5,-6.01,30.06,265,0,507.44,0
Pineapple - Small (Rs/Fruit),Fruit,2023,31,531.25,3.66,20.87,258,0,519.94,0
Pineapple - Small (Rs/Fruit),Fruit,2023,32,559.0,9.82,22.0,251,0,573.94,1
Pineapple - Small (Rs/Fruit),Fruit,2023,33,658.0,48.87,36.98,244,0,599.81,0
Pineapple - Small (Rs/Fruit),Fruit,2023,34,651.0,18.9,30.23,237,0,627.0,0
Pineapple - Small (Rs/Fruit),Fruit,2023,35,640.0,20.47,23.21,230,0,636.75,0
Pineapple - Small (Rs/Fruit),Fruit,2023,36,598.0,6.98,11.33,223,0,616.75,1
Pineapple - Small (Rs/Fruit),Fruit,2023,37,578.0,-12.16,3.99,216,0,588.25,1
Pineapple - Small (Rs/Fruit),Fruit,2023,38,537.0,-17.51,-4.97,209,0,547.62,1
Pineapple - Small (Rs/Fruit),Fruit,2023,39,477.5,-25.39,-14.27,202,0,511.12,1
Pineapple - Small (Rs/Fruit),Fruit,2023,40,452.0,-24.41,-18.16,195,0,464.12,1
Pineapple - Small (Rs/Fruit),Fruit,2023,41,390.0,-32.53,-28.2,188,0,409.62,1
Pineapple - Small (Rs/Fruit),Fruit,2023,42,319.0,-40.6,-40.23,181,0,365.75,1
Pineapple - Small (Rs/Fruit),Fruit,2023,43,302.0,-36.75,-41.34,174,0,334.5,1
Pineapple - Small (Rs/Fruit),Fruit,2023,44,327.0,-27.65,-34.48,167,0,318.0,0
Pineapple - Small (Rs/Fruit),Fruit,2023,45,324.0,-16.92,-32.65,160,0,312.75,0
Pineapple - Small (Rs/Fruit),Fruit,2023,46,298.0,-6.58,-34.27,153,0,322.0,1
Pineapple - Small (Rs/Fruit),Fruit,2023,47,339.0,12.25,-21.04,146,0,327.75,0
Pineapple - Small (Rs/Fruit),Fruit,2023,48,350.0,7.03,-14.01,139,0,330.0,0
Pineapple - Small (Rs/Fruit),Fruit,2023,49,333.0,2.78,-13.88,132,0,327.75,0
Pineapple - Small (Rs/Fruit),Fruit,2023,50,289.0,-3.02,-20.7,125,0,313.21,1
Pineapple - Small (Rs/Fruit),Fruit,2023,51,280.83,-17.16,-18.53,118,0,295.71,1
Pineapple - Small (Rs/Fruit),Fruit,2023,52,280.0,-20.0,-15.03,111,0,295.58,1
Pineapple - Small (Rs/Fruit),Fruit,2024,1,332.5,-0.15,3.8,104,0,319.33,0
Pineapple - Small (Rs/Fruit),Fruit,2024,2,384.0,32.87,20.05,97,0,357.56,0
Pineapple - Small (Rs/Fruit),Fruit,2024,3,433.75,54.45,31.96,90,0,399.12,0
Pineapple - Small (Rs/Fruit),Fruit,2024,4,446.25,59.38,31.33,83,0,435.5,0
Pineapple - Small (Rs/Fruit),Fruit,2024,5,478.0,43.76,36.02,76,0,472.0,0
Pineapple - Small (Rs/Fruit),Fruit,2024,6,530.0,38.02,44.31,69,0,487.56,0
Pineapple - Small (Rs/Fruit),Fruit,2024,7,496.0,14.35,29.68,62,0,479.75,0
Pineapple - Small (Rs/Fruit),Fruit,2024,8,415.0,-7.0,6.87,55,0,463.38,1
Pineapple - Small (Rs/Fruit),Fruit,2024,9,412.5,-13.7,4.92,48,0,424.94,1
Pineapple - Small (Rs/Fruit),Fruit,2024,10,376.25,-29.01,-5.1,41,1,403.19,1
Pineapple - Small (Rs/Fruit),Fruit,2024,11,409.0,-17.54,0.81,34,1,404.69,0
Pineapple - Small (Rs/Fruit),Fruit,2024,12,421.0,1.45,1.09,27,1,406.56,0
Pineapple - Small (Rs/Fruit),Fruit,2024,13,420.0,1.82,-1.7,20,1,430.0,1
Pineapple - Small (Rs/Fruit),Fruit,2024,14,470.0,24.92,7.35,13,1,466.5,0
Pineapple - Small (Rs/Fruit),Fruit,2024,15,555.0,35.7,23.07,6,1,527.92,0
Pineapple - Small (Rs/Fruit),Fruit,2024,16,666.67,58.35,42.18,364,0,606.67,0
Pineapple - Small (Rs/Fruit),Fruit,2024,17,735.0,75.0,49.66,357,0,666.35,0
Pineapple - Small (Rs/Fruit),Fruit,2024,18,708.75,50.8,39.28,350,0,685.35,0
Pineapple - Small (Rs/Fruit),Fruit,2024,19,631.0,13.69,22.14,343,0,662.19,1
Pineapple - Small (Rs/Fruit),Fruit,2024,20,574.0,-13.9,9.83,336,0,599.69,1
Pineapple - Small (Rs/Fruit),Fruit,2024,21,485.0,-34.01,-8.15,329,0,519.0,1
Pineapple - Small (Rs/Fruit),Fruit,2024,22,386.0,-45.54,-26.61,322,0,427.75,1
Pineapple - Small (Rs/Fruit),Fruit,2024,23,266.0,-57.84,-48.6,315,0,333.0,1
Pineapple - Small (Rs/Fruit),Fruit,2024,24,195.0,-66.03,-61.08,308,0,287.17,1
Pineapple - Small (Rs/Fruit),Fruit,2024,25,301.67,-37.8,-38.67,301,0,254.92,0
Pineapple - Small (Rs/Fruit),Fruit,2024,26,257.0,-33.42,-46.38,294,0,250.67,0
Pineapple - Small (Rs/Fruit),Fruit,2024,27,249.0,-6.39,-46.14,287,0,274.92,1
Pineapple - Small (Rs/Fruit),Fruit,2024,28,292.0,49.74,-33.95,280,0,273.5,0
Pineapple - Small (Rs/Fruit),Fruit,2024,29,296.0,-1.88,-28.43,273,0,298.0,1
Pineapple - Small (Rs/Fruit),Fruit,2024,30,355.0,38.13,-7.63,266,0,325.5,0
Pineapple - Small (Rs/Fruit),Fruit,2024,31,359.0,44.18,0.44,259,0,334.75,0
Pineapple - Small (Rs/Fruit),Fruit,2024,32,329.0,12.67,-1.56,252,0,334.5,1
Pineapple - Small (Rs/Fruit),Fruit,2024,33,295.0,-0.34,-5.67,245,0,324.5,1
Pineapple - Small (Rs/Fruit),Fruit,2024,34,315.0,-11.27,5.12,238,0,310.5,0
Pineapple - Small (Rs/Fruit),Fruit,2024,35,303.0,-15.6,3.31,231,0,294.75,0
Pineapple - Small (Rs/Fruit),Fruit,2024,36,266.0,-19.15,-9.3,224,0,283.5,1
Pineapple - Small (Rs/Fruit),Fruit,2024,37,250.0,-15.25,-15.97,217,0,288.92,1
Pineapple - Small (Rs/Fruit),Fruit,2024,38,336.67,6.88,12.15,210,0,310.98,0
Pineapple - Small (Rs/Fruit),Fruit,2024,39,391.25,29.13,25.99,203,0,348.6,0
Pineapple - Small (Rs/Fruit),Fruit,2024,40,416.5,56.58,28.78,196,0,367.6,0
Pineapple - Small (Rs/Fruit),Fruit,2024,41,326.0,30.4,-0.01,189,0,356.97,1
Pineapple - Small (Rs/Fruit),Fruit,2024,42,294.12,-12.64,-9.75,182,0,326.68,1
Pineapple - Small (Rs/Fruit),Fruit,2024,43,270.1,-30.96,-15.42,175,0,293.39,1
Pineapple - Small (Rs/Fruit),Fruit,2024,44,283.33,-31.97,-9.63,168,0,285.39,1
Pineapple - Small (Rs/Fruit),Fruit,2024,45,294.0,-9.82,-5.42,161,0,284.36,0
Pineapple - Small (Rs/Fruit),Fruit,2024,46,290.0,-1.4,-6.59,154,0,283.08,0
Pineapple - Small (Rs/Fruit),Fruit,2024,47,265.0,-1.89,-13.57,147,0,282.75,1
Pineapple - Small (Rs/Fruit),Fruit,2024,48,282.0,-0.47,-7.54,140,0,278.38,0
Pineapple - Small (Rs/Fruit),Fruit,2024,49,276.5,-5.95,-9.58,133,0,274.62,0
Pineapple - Small (Rs/Fruit),Fruit,2024,50,275.0,-5.17,-10.64,126,0,276.62,1
Pineapple - Small (Rs/Fruit),Fruit,2024,51,273.0,3.02,-9.85,119,0,292.38,1
Pineapple - Small (Rs/Fruit),Fruit,2024,52,345.0,22.34,15.28,112,0,306.38,0
Pineapple - Small (Rs/Fruit),Fruit,2025,1,332.5,20.25,13.55,105,0,278.88,0
Pineapple - Small (Rs/Fruit),Fruit,2025,35,165.0,-40.0,-41.16,232,0,267.5,1
Pineapple - Small (Rs/Fruit),Fruit,2026,1,227.5,-16.67,-17.36,106,0,235.75,1
Pineapple - Small (Rs/Fruit),Fruit,2026,2,218.0,-36.81,-19.64,99,0,205.54,0
Pineapple - Small (Rs/Fruit),Fruit,2026,3,211.67,-36.34,-20.36,92,0,215.79,1
Pineapple - Small (Rs/Fruit),Fruit,2026,4,206.0,24.85,-20.47,85,0,217.42,1
Pineapple - Small (Rs/Fruit),Fruit,2026,5,234.0,2.86,-8.13,78,0,228.23,0
Pineapple - Small (Rs/Fruit),Fruit,2026,6,261.25,19.84,2.69,71,0,242.31,0
Pineapple - Small (Rs/Fruit),Fruit,2026,7,268.0,26.61,5.79,64,0,258.56,0
Pineapple - Small (Rs/Fruit),Fruit,2026,8,271.0,31.55,7.15,57,0,264.31,0
Pineapple - Small (Rs/Fruit),Fruit,2026,9,257.0,9.83,2.17,50,0,264.42,1
Pineapple - Small (Rs/Fruit),Fruit,2026,10,261.67,0.16,4.39,43,1,264.92,1
Pineapple - Small (Rs/Fruit),Fruit,2026,11,270.0,0.75,10.25,36,1,258.17,0
Pineapple - Small (Rs/Fruit),Fruit,2026,12,244.0,-9.96,2.49,29,1,251.92,1
Pineapple - Small (Rs/Fruit),Fruit,2026,13,232.0,-9.73,-4.62,22,1,238.17,1
Pineapple - Small (Rs/Fruit),Fruit,2026,14,206.67,-21.02,-14.47,15,1,213.42,1
Pineapple - Small (Rs/Fruit),Fruit,2026,15,171.0,-36.67,-28.16,8,1,196.92,1
Pineapple - Small (Rs/Fruit),Fruit,2026,17,178.0,-27.05,-24.39,359,0,186.1,1
Pineapple - Small (Rs/Fruit),Fruit,2026,18,188.75,-18.64,-19.37,352,0,176.19,0
Pineapple - Small (Rs/Fruit),Fruit,2026,19,167.0,-19.19,-27.06,345,0,175.94,1
Pineapple - Small (Rs/Fruit),Fruit,2026,20,170.0,-0.58,-23.4,338,0,176.19,1
Pineapple - Small (Rs/Fruit),Fruit,2026,21,179.0,0.56,-16.78,331,0,175.56,0
Pineapple - Small (Rs/Fruit),Fruit,2026,22,186.25,-1.32,-10.7,324,0,180.31,0
Pineapple - Small (Rs/Fruit),Fruit,2026,23,186.0,11.38,-8.42,317,0,181.06,0
Pineapple - Small (Rs/Fruit),Fruit,2026,24,173.0,1.76,-11.86,310,0,178.81,1
Pineapple - Small (Rs/Fruit),Fruit,2026,25,170.0,-5.03,-9.86,303,0,176.33,1
Ponne Samba (Imported),Grocery/Staple,2023,1,204.3,,0.0,102,0,203.32,0
Ponne Samba (Imported),Grocery/Staple,2023,2,203.32,,-0.24,95,0,202.56,0
Ponne Samba (Imported),Grocery/Staple,2023,3,201.8,,-0.66,88,0,201.66,0
Ponne Samba (Imported),Grocery/Staple,2023,4,199.84,,-1.22,81,0,200.04,1
Ponne Samba (Imported),Grocery/Staple,2023,5,195.18,-4.46,-2.84,74,0,197.77,1
Ponne Samba (Imported),Grocery/Staple,2023,6,194.28,-4.45,-2.76,67,0,195.79,1
Ponne Samba (Imported),Grocery/Staple,2023,7,193.86,-3.93,-2.55,60,0,194.14,1
Ponne Samba (Imported),Grocery/Staple,2023,8,193.26,-3.29,-2.51,53,0,194.71,1
Ponne Samba (Imported),Grocery/Staple,2023,9,197.44,1.16,-0.35,46,0,197.94,1
Ponne Samba (Imported),Grocery/Staple,2023,10,207.19,6.65,4.09,39,1,200.3,0
Ponne Samba (Imported),Grocery/Staple,2023,11,203.32,4.88,1.95,32,1,203.15,0
Ponne Samba (Imported),Grocery/Staple,2023,12,204.64,5.89,2.39,25,1,205.07,1
Ponne Samba (Imported),Grocery/Staple,2023,13,205.12,3.89,2.42,18,1,204.45,0
Ponne Samba (Imported),Grocery/Staple,2023,14,204.73,-1.19,2.21,11,1,205.51,1
Ponne Samba (Imported),Grocery/Staple,2023,15,207.55,2.08,3.45,4,1,204.89,0
Ponne Samba (Imported),Grocery/Staple,2023,16,202.17,-1.21,0.75,363,0,204.67,1
Ponne Samba (Imported),Grocery/Staple,2023,17,204.23,-0.43,1.61,356,0,205.84,1
Ponne Samba (Imported),Grocery/Staple,2023,18,209.42,2.29,3.62,349,0,206.0,0
Ponne Samba (Imported),Grocery/Staple,2023,19,208.17,0.3,2.46,342,0,207.57,0
Ponne Samba (Imported),Grocery/Staple,2023,20,208.47,3.11,2.05,335,0,207.22,0
Ponne Samba (Imported),Grocery/Staple,2023,21,202.83,-0.68,-1.07,328,0,207.42,1
Ponne Samba (Imported),Grocery/Staple,2023,22,210.2,0.37,2.04,321,0,207.52,0
Ponne Samba (Imported),Grocery/Staple,2023,23,208.6,0.21,1.21,314,0,207.65,0
Ponne Samba (Imported),Grocery/Staple,2023,24,208.98,0.25,1.18,307,0,209.74,1
Ponne Samba (Imported),Grocery/Staple,2023,25,211.17,4.11,1.99,300,0,209.05,0
Ponne Samba (Imported),Grocery/Staple,2023,26,207.44,-1.31,0.1,293,0,209.17,1
Ponne Samba (Imported),Grocery/Staple,2023,27,209.08,0.23,0.73,286,0,210.96,1
Ponne Samba (Imported),Grocery/Staple,2023,28,216.13,3.42,3.8,279,0,211.44,0
Ponne Samba (Imported),Grocery/Staple,2023,29,213.12,0.92,1.94,272,0,213.26,1
Ponne Samba (Imported),Grocery/Staple,2023,30,214.7,3.5,2.3,265,0,216.4,1
Ponne Samba (Imported),Grocery/Staple,2023,31,221.67,6.02,5.15,258,0,217.37,0
Ponne Samba (Imported),Grocery/Staple,2023,32,220.0,1.79,3.91,251,0,233.41,1
Ponne Samba (Imported),Grocery/Staple,2024,4,277.29,30.11,27.77,83,0,248.84,0
Ponne Samba (Imported),Grocery/Staple,2024,5,276.42,28.75,24.13,76,0,260.45,0
Ponne Samba (Imported),Grocery/Staple,2024,6,268.08,20.94,18.03,69,0,270.45,1
Ponne Samba (Imported),Grocery/Staple,2024,7,260.0,18.18,12.51,62,0,264.88,1
Ponne Samba (Imported),Grocery/Staple,2024,8,255.0,-8.04,8.68,55,0,259.1,1
Ponne Samba (Imported),Grocery/Staple,2024,9,253.33,-8.35,6.5,48,0,255.42,1
Ponne Samba (Imported),Grocery/Staple,2024,10,253.33,-5.5,4.94,41,1,253.66,1
Ponne Samba (Imported),Grocery/Staple,2024,11,253.0,-2.69,3.36,34,1,252.73,0
Ponne Samba (Imported),Grocery/Staple,2024,12,251.27,-1.46,1.53,27,1,252.1,1
Ponne Samba (Imported),Grocery/Staple,2024,13,250.81,-0.99,0.17,20,1,250.99,1
Ponne Samba (Imported),Grocery/Staple,2024,14,248.9,-1.75,-1.62,13,1,249.49,1
Ponne Samba (Imported),Grocery/Staple,2024,15,247.0,-2.37,-3.12,6,1,248.03,1
Ponne Samba (Imported),Grocery/Staple,2024,16,245.42,-2.33,-4.47,364,0,246.44,1
Ponne Samba (Imported),Grocery/Staple,2024,17,244.46,-2.53,-3.9,357,0,246.77,1
Ponne Samba (Imported),Grocery/Staple,2024,18,250.21,0.53,-0.86,350,0,251.27,1
Ponne Samba (Imported),Grocery/Staple,2024,19,265.0,7.29,5.1,343,0,256.13,0
Ponne Samba (Imported),Grocery/Staple,2024,20,264.85,7.92,4.89,336,0,261.58,0
Ponne Samba (Imported),Grocery/Staple,2024,21,266.25,8.91,5.08,329,0,265.71,0
Ponne Samba (Imported),Grocery/Staple,2024,22,266.75,6.61,4.85,322,0,266.06,0
Ponne Samba (Imported),Grocery/Staple,2024,23,266.38,0.52,4.3,315,0,266.99,1
Ponne Samba (Imported),Grocery/Staple,2024,24,268.58,1.41,4.67,308,0,269.18,1
Ponne Samba (Imported),Grocery/Staple,2024,25,275.0,3.29,6.41,301,0,273.39,0
Ponne Samba (Imported),Grocery/Staple,2024,26,283.58,6.31,8.67,294,0,277.58,0
Ponne Samba (Imported),Grocery/Staple,2024,27,283.15,6.29,7.42,287,0,281.43,0
Ponne Samba (Imported),Grocery/Staple,2024,28,284.0,5.74,6.59,280,0,283.4,0
Ponne Samba (Imported),Grocery/Staple,2024,29,282.88,2.87,5.04,273,0,283.01,1
Ponne Samba (Imported),Grocery/Staple,2024,30,282.0,-0.56,3.6,266,0,282.2,1
Ponne Samba (Imported),Grocery/Staple,2024,31,279.92,-1.14,1.98,259,0,280.62,1
Ponne Samba (Imported),Grocery/Staple,2024,32,277.67,-2.23,0.8,252,0,278.85,1
Ponne Samba (Imported),Grocery/Staple,2024,33,275.83,-2.49,-0.17,245,0,277.52,1
Ponne Samba (Imported),Grocery/Staple,2024,34,276.67,-1.89,-0.16,238,0,276.71,1
Ponne Samba (Imported),Grocery/Staple,2024,35,276.67,-1.16,-0.43,231,0,276.79,1
Ponne Samba (Imported),Grocery/Staple,2024,36,278.0,0.12,-0.28,224,0,276.27,0
Ponne Samba (Imported),Grocery/Staple,2024,37,273.75,-0.75,-1.94,217,0,276.27,1
Ponne Samba (Imported),Grocery/Staple,2024,38,276.67,-0.0,-0.94,210,0,276.48,0
Ponne Samba (Imported),Grocery/Staple,2024,39,277.5,0.3,-0.47,203,0,276.35,0
Ponne Samba (Imported),Grocery/Staple,2024,40,277.5,-0.18,-0.32,196,0,277.29,0
Ponne Samba (Imported),Grocery/Staple,2024,41,277.5,1.37,-0.14,189,0,277.5,0
Ponne Samba (Imported),Grocery/Staple,2024,42,277.5,0.3,0.01,182,0,276.92,0
Ponne Samba (Imported),Grocery/Staple,2024,43,275.17,-0.84,-0.64,175,0,276.99,1
Ponne Samba (Imported),Grocery/Staple,2024,44,277.78,0.1,0.36,168,0,276.8,0
Ponne Samba (Imported),Grocery/Staple,2024,45,276.75,-0.27,0.01,161,0,276.59,0
Ponne Samba (Imported),Grocery/Staple,2024,46,276.67,-0.3,-0.04,154,0,277.05,1
Ponne Samba (Imported),Grocery/Staple,2024,47,277.0,0.67,0.07,147,0,276.98,0
Ponne Samba (Imported),Grocery/Staple,2024,48,277.5,-0.1,0.23,140,0,277.17,0
Ponne Samba (Imported),Grocery/Staple,2024,49,277.5,0.27,0.24,133,0,264.88,0
Ponne Samba (Imported),Grocery/Staple,2024,51,227.5,-17.77,-16.75,119,0,252.5,1
Ponne Samba (Imported),Grocery/Staple,2024,52,227.5,-17.87,-15.58,112,0,240.0,1
Ponne Samba (Imported),Grocery/Staple,2025,1,227.5,-18.02,-14.36,105,0,221.88,0
Ponne Samba (Imported),Grocery/Staple,2025,35,205.0,-26.13,-21.17,232,0,222.33,1
Ponne Samba (Imported),Grocery/Staple,2026,1,229.31,0.8,-10.55,106,0,223.0,0
Ponne Samba (Imported),Grocery/Staple,2026,2,230.18,1.18,-8.92,99,0,223.82,0
Ponne Samba (Imported),Grocery/Staple,2026,3,230.79,1.45,-7.43,92,0,231.23,1
Ponne Samba (Imported),Grocery/Staple,2026,4,234.62,14.45,-4.62,85,0,232.87,0
Ponne Samba (Imported),Grocery/Staple,2026,5,235.88,2.86,-2.87,78,0,234.57,0
Ponne Samba (Imported),Grocery/Staple,2026,6,237.0,2.97,-1.16,71,0,238.86,1
Ponne Samba (Imported),Grocery/Staple,2026,7,247.95,7.43,4.38,64,0,231.21,0
Ponne Samba (Imported),Grocery/Staple,2026,17,204.0,-13.05,-12.03,359,0,223.42,1
Ponne Samba (Imported),Grocery/Staple,2026,18,204.75,-13.2,-9.53,352,0,215.42,1
Ponne Samba (Imported),Grocery/Staple,2026,19,205.0,-13.5,-8.72,345,0,202.99,0
Ponne Samba (Imported),Grocery/Staple,2026,20,198.2,-20.06,-10.85,338,0,207.22,1
Ponne Samba (Imported),Grocery/Staple,2026,21,220.94,8.3,-0.4,331,0,212.81,0
Ponne Samba (Imported),Grocery/Staple,2026,22,227.08,10.91,1.6,324,0,218.22,0
Ponne Samba (Imported),Grocery/Staple,2026,23,226.67,10.57,1.5,317,0,225.34,0
Ponne Samba (Imported),Grocery/Staple,2026,24,226.67,14.36,1.63,310,0,227.02,1
Ponne Samba (Imported),Grocery/Staple,2026,25,227.67,3.05,2.18,303,0,227.0,0
Potato (Imported),Low Country,2023,1,129.51,,0.0,102,0,118.04,0
Potato (Imported),Low Country,2023,2,118.04,,-4.63,95,0,116.48,0
Potato (Imported),Low Country,2023,3,114.92,,-4.89,88,0,115.18,1
Potato (Imported),Low Country,2023,4,112.58,,-5.2,81,0,113.32,1
Potato (Imported),Low Country,2023,5,107.75,-16.8,-7.56,74,0,116.69,1
Potato (Imported),Low Country,2023,6,131.51,11.42,10.47,67,0,129.46,0
Potato (Imported),Low Country,2023,7,166.01,44.46,32.01,60,0,134.43,0
Potato (Imported),Low Country,2023,8,132.46,17.66,4.63,53,0,135.76,1
Potato (Imported),Low Country,2023,9,113.06,4.93,-9.62,46,0,132.33,1
Potato (Imported),Low Country,2023,10,117.8,-10.43,-5.28,39,1,123.33,1
Potato (Imported),Low Country,2023,11,129.99,-21.7,4.09,32,1,121.99,0
Potato (Imported),Low Country,2023,12,127.11,-4.04,1.64,25,1,127.43,1
Potato (Imported),Low Country,2023,13,134.81,19.24,7.16,18,1,134.01,0
Potato (Imported),Low Country,2023,14,144.12,22.34,13.54,11,1,139.52,0
Potato (Imported),Low Country,2023,15,152.04,16.97,17.36,4,1,146.35,0
Potato (Imported),Low Country,2023,16,154.41,21.47,16.46,363,0,152.22,0
Potato (Imported),Low Country,2023,17,158.32,17.44,16.32,356,0,158.1,0
Potato (Imported),Low Country,2023,18,167.64,16.32,19.13,349,0,163.06,0
Potato (Imported),Low Country,2023,19,171.88,13.05,19.51,342,0,166.4,0
Potato (Imported),Low Country,2023,20,167.74,8.63,16.52,335,0,166.66,0
Potato (Imported),Low Country,2023,21,159.4,0.68,9.16,328,0,163.64,1
Potato (Imported),Low Country,2023,22,155.54,-7.22,4.19,321,0,159.62,1
Potato (Imported),Low Country,2023,23,155.81,-9.35,2.36,314,0,158.42,1
Potato (Imported),Low Country,2023,24,162.93,-2.87,5.28,307,0,161.84,0
Potato (Imported),Low Country,2023,25,173.09,8.59,9.35,300,0,171.72,0
Potato (Imported),Low Country,2023,26,195.07,25.41,19.73,293,0,182.64,0
Potato (Imported),Low Country,2023,27,199.45,28.01,19.3,286,0,192.82,0
Potato (Imported),Low Country,2023,28,203.68,25.01,19.01,279,0,197.71,0
Potato (Imported),Low Country,2023,29,192.62,11.28,10.64,272,0,195.84,1
Potato (Imported),Low Country,2023,30,187.6,-3.83,6.38,265,0,190.3,1
Potato (Imported),Low Country,2023,31,177.3,-11.11,0.12,258,0,184.7,1
Potato (Imported),Low Country,2023,32,181.28,-11.0,1.95,251,0,181.66,1
Potato (Imported),Low Country,2023,33,180.48,-6.3,0.95,244,0,179.62,0
Potato (Imported),Low Country,2023,34,179.44,-4.35,-0.49,237,0,178.36,0
Potato (Imported),Low Country,2023,35,172.25,-2.85,-5.15,230,0,175.42,1
Potato (Imported),Low Country,2023,36,169.5,-6.5,-7.21,223,0,172.18,1
Potato (Imported),Low Country,2023,37,167.53,-7.18,-8.47,216,0,167.48,0
Potato (Imported),Low Country,2023,38,160.64,-10.47,-11.77,209,0,162.68,1
Potato (Imported),Low Country,2023,39,153.03,-11.16,-14.43,202,0,161.4,1
Potato (Imported),Low Country,2023,40,164.39,-3.02,-6.67,195,0,165.24,1
Potato (Imported),Low Country,2023,41,182.9,9.18,4.8,188,0,170.79,0
Potato (Imported),Low Country,2023,42,182.85,13.82,5.22,181,0,174.03,0
Potato (Imported),Low Country,2023,43,165.99,8.47,-3.57,174,0,172.95,1
Potato (Imported),Low Country,2023,44,160.05,-2.64,-6.29,167,0,169.6,1
Potato (Imported),Low Country,2023,45,169.53,-7.31,-0.21,160,0,166.97,0
Potato (Imported),Low Country,2023,46,172.3,-5.77,1.8,153,0,170.79,0
Potato (Imported),Low Country,2023,47,181.28,9.21,7.01,146,0,177.45,0
Potato (Imported),Low Country,2023,48,186.67,16.63,9.47,139,0,183.97,0
Potato (Imported),Low Country,2023,49,195.63,15.39,13.39,132,0,188.6,0
Potato (Imported),Low Country,2023,50,190.83,10.75,9.47,125,0,182.11,0
Potato (Imported),Low Country,2023,51,155.31,-14.33,-10.69,118,0,170.28,1
Potato (Imported),Low Country,2023,52,139.37,-25.34,-19.37,111,0,153.63,1
Potato (Imported),Low Country,2024,1,129.03,-34.04,-24.16,104,0,140.79,1
Potato (Imported),Low Country,2024,2,139.47,-26.91,-16.38,97,0,141.22,1
Potato (Imported),Low Country,2024,3,157.0,1.09,-4.74,90,0,152.35,0
Potato (Imported),Low Country,2024,4,183.91,31.96,10.67,83,0,159.13,0
Potato (Imported),Low Country,2024,5,156.15,21.02,-5.87,76,0,154.84,0
Potato (Imported),Low Country,2024,6,122.31,-12.3,-24.61,69,0,146.47,1
Potato (Imported),Low Country,2024,7,123.49,-21.34,-22.09,62,0,130.32,1
Potato (Imported),Low Country,2024,8,119.33,-35.12,-22.38,55,0,125.93,1
Potato (Imported),Low Country,2024,9,138.57,-11.26,-7.64,48,0,136.97,0
Potato (Imported),Low Country,2024,10,166.48,36.11,12.65,41,1,152.27,0
Potato (Imported),Low Country,2024,11,184.7,49.57,25.38,34,1,165.46,0
Potato (Imported),Low Country,2024,12,172.09,44.22,15.8,27,1,169.24,0
Potato (Imported),Low Country,2024,13,153.69,10.91,2.66,20,1,163.89,1
Potato (Imported),Low Country,2024,14,145.07,-12.86,-3.89,13,1,153.2,1
Potato (Imported),Low Country,2024,15,141.96,-23.14,-6.07,6,1,146.86,1
Potato (Imported),Low Country,2024,16,146.73,-14.74,-2.4,364,0,145.81,0
Potato (Imported),Low Country,2024,17,149.47,-2.74,1.2,357,0,148.89,0
Potato (Imported),Low Country,2024,18,157.4,8.5,6.5,350,0,153.16,0
Potato (Imported),Low Country,2024,19,159.03,12.02,5.58,343,0,156.9,0
Potato (Imported),Low Country,2024,20,161.71,10.21,5.31,336,0,161.14,0
Potato (Imported),Low Country,2024,21,166.43,11.34,5.88,329,0,164.02,0
Potato (Imported),Low Country,2024,22,168.93,7.32,5.9,322,0,167.34,0
Potato (Imported),Low Country,2024,23,172.3,8.35,7.71,315,0,172.58,1
Potato (Imported),Low Country,2024,24,182.65,12.95,14.3,308,0,175.5,0
Potato (Imported),Low Country,2024,25,178.1,7.01,11.13,301,0,178.76,1
Potato (Imported),Low Country,2024,26,181.98,7.73,12.03,294,0,186.67,1
Potato (Imported),Low Country,2024,27,203.94,18.36,22.14,287,0,206.08,1
Potato (Imported),Low Country,2024,28,260.3,42.52,47.84,280,0,230.05,0
Potato (Imported),Low Country,2024,29,273.98,53.83,47.41,273,0,241.97,0
Potato (Imported),Low Country,2024,30,229.64,26.19,19.59,266,0,236.85,1
Potato (Imported),Low Country,2024,31,183.48,-10.03,-5.44,259,0,216.26,1
Potato (Imported),Low Country,2024,32,177.92,-31.65,-8.99,252,0,191.64,1
Potato (Imported),Low Country,2024,33,175.52,-35.94,-10.7,245,0,179.15,1
Potato (Imported),Low Country,2024,34,179.67,-21.76,-9.06,238,0,177.03,0
Potato (Imported),Low Country,2024,35,175.01,-4.62,-11.63,231,0,175.74,1
Potato (Imported),Low Country,2024,36,172.77,-2.9,-12.78,224,0,173.18,1
Potato (Imported),Low Country,2024,37,165.29,-5.83,-15.99,217,0,169.75,1
Potato (Imported),Low Country,2024,38,165.93,-7.64,-15.26,210,0,168.01,1
Potato (Imported),Low Country,2024,39,168.04,-3.98,-13.7,203,0,165.69,0
Potato (Imported),Low Country,2024,40,163.51,-5.36,-14.67,196,0,165.99,1
Potato (Imported),Low Country,2024,41,166.47,0.72,-9.72,189,0,166.13,0
Potato (Imported),Low Country,2024,42,166.48,0.33,-5.48,182,0,165.92,0
Potato (Imported),Low Country,2024,43,167.23,-0.49,-2.4,175,0,166.8,0
Potato (Imported),Low Country,2024,44,167.04,2.16,-1.78,168,0,166.17,0
Potato (Imported),Low Country,2024,45,163.92,-1.53,-3.0,161,0,165.63,1
Potato (Imported),Low Country,2024,46,164.34,-1.29,-2.25,154,0,166.79,1
Potato (Imported),Low Country,2024,47,171.86,2.77,2.58,147,0,173.9,1
Potato (Imported),Low Country,2024,48,195.48,17.03,15.6,140,0,187.38,0
Potato (Imported),Low Country,2024,49,217.83,32.89,26.23,133,0,205.82,0
Potato (Imported),Low Country,2024,50,238.11,44.88,33.64,126,0,217.45,0
Potato (Imported),Low Country,2024,51,218.4,27.08,19.86,119,0,221.56,1
Potato (Imported),Low Country,2024,52,211.92,8.41,14.19,112,0,220.16,1
Potato (Imported),Low Country,2025,1,212.2,-2.58,12.08,105,0,196.26,0
Potato (Imported),Low Country,2025,35,142.5,-40.15,-23.99,232,0,182.3,1
Potato (Imported),Low Country,2026,1,162.58,-25.56,-13.14,106,0,169.29,1
Potato (Imported),Low Country,2026,2,159.89,-24.55,-14.32,99,0,155.11,0
Potato (Imported),Low Country,2026,3,155.46,-26.74,-16.3,92,0,154.5,0
Potato (Imported),Low Country,2026,4,140.06,-1.71,-23.84,85,0,147.19,1
Potato (Imported),Low Country,2026,5,133.36,-17.97,-26.53,78,0,139.61,1
Potato (Imported),Low Country,2026,6,129.56,-18.97,-27.32,71,0,133.16,1
Potato (Imported),Low Country,2026,7,129.65,-16.6,-25.14,64,0,131.28,1
Potato (Imported),Low Country,2026,8,132.56,-5.35,-20.45,57,0,132.09,0
Potato (Imported),Low Country,2026,9,136.61,2.43,-13.99,50,0,143.27,1
Potato (Imported),Low Country,2026,10,174.26,34.5,12.11,43,1,151.07,0
Potato (Imported),Low Country,2026,11,160.83,24.05,6.16,36,1,156.99,0
Potato (Imported),Low Country,2026,12,156.28,17.89,6.17,29,1,161.93,1
Potato (Imported),Low Country,2026,13,156.37,14.47,5.47,22,1,156.2,0
Potato (Imported),Low Country,2026,14,151.32,-13.16,2.66,15,1,155.34,1
Potato (Imported),Low Country,2026,15,157.41,-2.13,6.93,8,1,154.42,0
Potato (Imported),Low Country,2026,16,152.57,-2.37,3.8,1,1,149.91,0
Potato (Imported),Low Country,2026,17,138.35,-11.52,-5.79,359,0,145.67,1
Potato (Imported),Low Country,2026,18,134.37,-11.2,-8.55,352,0,143.88,1
Potato (Imported),Low Country,2026,19,150.23,-4.56,1.15,345,0,142.46,0
Potato (Imported),Low Country,2026,20,146.89,-3.73,-1.98,338,0,147.25,1
Potato (Imported),Low Country,2026,21,157.5,13.84,3.78,331,0,155.14,0
Potato (Imported),Low Country,2026,22,165.94,23.5,7.74,324,0,159.68,0
Potato (Imported),Low Country,2026,23,168.37,12.07,9.64,317,0,168.3,0
Potato (Imported),Low Country,2026,24,181.39,23.49,16.91,310,0,175.09,0
Potato (Imported),Low Country,2026,25,184.63,17.23,17.35,303,0,178.13,0
Potato (Nuwaraeliya),Low Country,2023,1,366.06,,0.0,102,0,341.81,0
Potato (Nuwaraeliya),Low Country,2023,2,341.81,,-3.43,95,0,343.54,1
Potato (Nuwaraeliya),Low Country,2023,3,345.27,,-1.64,88,0,336.02,0
Potato (Nuwaraeliya),Low Country,2023,4,320.98,,-6.56,81,0,320.06,0
Potato (Nuwaraeliya),Low Country,2023,5,272.18,-25.65,-17.34,74,0,300.07,1
Potato (Nuwaraeliya),Low Country,2023,6,261.86,-23.39,-17.66,67,0,275.83,1
Potato (Nuwaraeliya),Low Country,2023,7,248.29,-28.09,-19.4,60,0,255.85,1
Potato (Nuwaraeliya),Low Country,2023,8,241.07,-24.89,-19.56,53,0,243.64,1
Potato (Nuwaraeliya),Low Country,2023,9,223.35,-17.94,-23.3,46,0,232.74,1
Potato (Nuwaraeliya),Low Country,2023,10,218.25,-16.65,-23.13,39,1,223.71,1
Potato (Nuwaraeliya),Low Country,2023,11,212.18,-14.54,-23.51,32,1,217.28,1
Potato (Nuwaraeliya),Low Country,2023,12,215.36,-10.67,-20.89,25,1,215.35,0
Potato (Nuwaraeliya),Low Country,2023,13,215.62,-3.46,-19.51,18,1,221.66,1
Potato (Nuwaraeliya),Low Country,2023,14,243.48,11.56,-5.79,11,1,235.58,0
Potato (Nuwaraeliya),Low Country,2023,15,267.86,26.24,5.98,4,1,246.09,0
Potato (Nuwaraeliya),Low Country,2023,16,257.39,19.52,4.64,363,0,257.1,0
Potato (Nuwaraeliya),Low Country,2023,17,259.66,20.43,7.62,356,0,261.53,1
Potato (Nuwaraeliya),Low Country,2023,18,261.2,7.28,8.64,349,0,263.21,1
Potato (Nuwaraeliya),Low Country,2023,19,274.6,2.52,13.75,342,0,267.41,0
Potato (Nuwaraeliya),Low Country,2023,20,274.18,6.52,12.65,335,0,270.65,0
Potato (Nuwaraeliya),Low Country,2023,21,272.59,4.98,10.89,328,0,273.55,1
Potato (Nuwaraeliya),Low Country,2023,22,272.81,4.44,9.29,321,0,275.65,1
Potato (Nuwaraeliya),Low Country,2023,23,283.03,3.07,11.16,314,0,284.43,1
Potato (Nuwaraeliya),Low Country,2023,24,309.29,12.8,18.01,307,0,293.85,0
Potato (Nuwaraeliya),Low Country,2023,25,310.29,13.83,15.19,300,0,303.15,0
Potato (Nuwaraeliya),Low Country,2023,26,309.99,13.63,12.05,293,0,314.59,1
Potato (Nuwaraeliya),Low Country,2023,27,328.79,16.17,16.09,286,0,318.12,0
Potato (Nuwaraeliya),Low Country,2023,28,323.41,4.57,12.5,279,0,320.1,0
Potato (Nuwaraeliya),Low Country,2023,29,318.21,2.55,8.92,272,0,323.08,1
Potato (Nuwaraeliya),Low Country,2023,30,321.9,3.84,8.4,265,0,324.14,1
Potato (Nuwaraeliya),Low Country,2023,31,333.04,1.29,10.11,258,0,330.35,0
Potato (Nuwaraeliya),Low Country,2023,32,348.24,7.68,13.02,251,0,334.1,0
Potato (Nuwaraeliya),Low Country,2023,33,333.21,4.71,6.57,244,0,330.02,0
Potato (Nuwaraeliya),Low Country,2023,34,305.57,-5.08,-3.06,237,0,319.32,1
Potato (Nuwaraeliya),Low Country,2023,35,290.24,-12.85,-8.31,230,0,302.17,1
Potato (Nuwaraeliya),Low Country,2023,36,279.67,-19.69,-11.58,223,0,277.71,0
Potato (Nuwaraeliya),Low Country,2023,37,235.36,-29.37,-24.22,216,0,252.98,1
Potato (Nuwaraeliya),Low Country,2023,38,206.64,-32.37,-31.72,209,0,231.8,1
Potato (Nuwaraeliya),Low Country,2023,39,205.5,-29.2,-30.24,202,0,216.12,1
Potato (Nuwaraeliya),Low Country,2023,40,216.97,-22.42,-24.14,195,0,211.39,0
Potato (Nuwaraeliya),Low Country,2023,41,216.43,-8.05,-22.08,188,0,215.12,0
Potato (Nuwaraeliya),Low Country,2023,42,221.58,7.23,-18.03,181,0,218.72,0
Potato (Nuwaraeliya),Low Country,2023,43,219.88,7.0,-16.23,174,0,219.37,0
Potato (Nuwaraeliya),Low Country,2023,44,219.59,1.21,-13.47,167,0,226.75,1
Potato (Nuwaraeliya),Low Country,2023,45,245.96,13.64,0.03,160,0,237.85,0
Potato (Nuwaraeliya),Low Country,2023,46,265.97,20.03,10.49,153,0,252.49,0
Potato (Nuwaraeliya),Low Country,2023,47,278.42,26.62,16.67,146,0,270.24,0
Potato (Nuwaraeliya),Low Country,2023,48,290.62,32.35,21.77,139,0,292.17,1
Potato (Nuwaraeliya),Low Country,2023,49,333.68,35.66,37.42,132,0,308.19,0
Potato (Nuwaraeliya),Low Country,2023,50,330.04,24.09,31.97,125,0,323.25,0
Potato (Nuwaraeliya),Low Country,2023,51,338.66,21.64,30.13,118,0,333.26,0
Potato (Nuwaraeliya),Low Country,2023,52,330.67,13.78,22.52,111,0,335.86,1
Potato (Nuwaraeliya),Low Country,2024,1,344.05,3.11,23.02,104,0,336.69,0
Potato (Nuwaraeliya),Low Country,2024,2,333.39,1.01,15.5,97,0,335.72,1
Potato (Nuwaraeliya),Low Country,2024,3,334.76,-1.15,12.58,90,0,336.42,1
Potato (Nuwaraeliya),Low Country,2024,4,333.47,0.85,8.94,83,0,332.81,0
Potato (Nuwaraeliya),Low Country,2024,5,329.62,-4.19,4.79,76,0,331.26,1
Potato (Nuwaraeliya),Low Country,2024,6,327.18,-1.86,1.99,69,0,327.36,1
Potato (Nuwaraeliya),Low Country,2024,7,319.17,-4.66,-1.76,62,0,324.6,1
Potato (Nuwaraeliya),Low Country,2024,8,322.43,-3.31,-1.78,55,0,324.91,1
Potato (Nuwaraeliya),Low Country,2024,9,330.86,0.38,-0.16,48,0,328.35,0
Potato (Nuwaraeliya),Low Country,2024,10,340.95,4.21,2.71,41,1,333.89,0
Potato (Nuwaraeliya),Low Country,2024,11,341.32,6.94,2.56,34,1,329.61,0
Potato (Nuwaraeliya),Low Country,2024,12,305.3,-5.31,-7.55,27,1,314.06,1
Potato (Nuwaraeliya),Low Country,2024,13,268.68,-18.8,-17.45,20,1,291.62,1
Potato (Nuwaraeliya),Low Country,2024,14,251.17,-26.33,-21.1,13,1,270.72,1
Potato (Nuwaraeliya),Low Country,2024,15,257.75,-24.49,-17.52,6,1,257.6,0
Potato (Nuwaraeliya),Low Country,2024,16,252.81,-17.19,-17.44,364,0,250.67,0
Potato (Nuwaraeliya),Low Country,2024,17,240.94,-10.32,-19.44,357,0,243.54,1
Potato (Nuwaraeliya),Low Country,2024,18,222.67,-11.35,-23.45,350,0,234.12,1
Potato (Nuwaraeliya),Low Country,2024,19,220.07,-14.62,-22.13,343,0,227.3,1
Potato (Nuwaraeliya),Low Country,2024,20,225.5,-10.8,-18.12,336,0,229.66,1
Potato (Nuwaraeliya),Low Country,2024,21,250.38,3.92,-7.22,329,0,251.79,1
Potato (Nuwaraeliya),Low Country,2024,22,311.18,39.75,15.96,322,0,259.95,0
Potato (Nuwaraeliya),Low Country,2024,23,252.73,14.84,-3.38,315,0,275.75,1
Potato (Nuwaraeliya),Low Country,2024,24,288.69,28.02,12.1,308,0,289.26,1
Potato (Nuwaraeliya),Low Country,2024,25,304.43,21.59,18.24,301,0,294.91,0
Potato (Nuwaraeliya),Low Country,2024,26,333.81,7.27,27.18,294,0,311.05,0
Potato (Nuwaraeliya),Low Country,2024,27,317.28,25.54,18.58,287,0,322.16,1
Potato (Nuwaraeliya),Low Country,2024,28,333.13,15.39,21.87,280,0,343.61,1
Potato (Nuwaraeliya),Low Country,2024,29,390.25,28.19,37.45,273,0,355.5,0
Potato (Nuwaraeliya),Low Country,2024,30,381.35,14.24,29.39,266,0,376.98,0
Potato (Nuwaraeliya),Low Country,2024,31,403.21,27.09,30.65,259,0,388.0,0
Potato (Nuwaraeliya),Low Country,2024,32,377.18,13.22,17.61,252,0,388.43,1
Potato (Nuwaraeliya),Low Country,2024,33,391.96,0.44,17.53,245,0,389.0,0
Potato (Nuwaraeliya),Low Country,2024,34,383.65,0.6,11.6,238,0,371.5,0
Potato (Nuwaraeliya),Low Country,2024,35,333.21,-17.36,-3.54,231,0,353.15,1
Potato (Nuwaraeliya),Low Country,2024,36,303.79,-19.46,-13.05,224,0,327.6,1
Potato (Nuwaraeliya),Low Country,2024,37,289.75,-26.08,-17.09,217,0,300.97,1
Potato (Nuwaraeliya),Low Country,2024,38,277.13,-27.76,-20.22,210,0,291.35,1
Potato (Nuwaraeliya),Low Country,2024,39,294.71,-11.55,-14.42,203,0,278.86,0
Potato (Nuwaraeliya),Low Country,2024,40,253.86,-16.44,-25.22,196,0,265.57,1
Potato (Nuwaraeliya),Low Country,2024,41,236.57,-18.35,-28.75,189,0,254.18,1
Potato (Nuwaraeliya),Low Country,2024,42,231.56,-16.44,-27.6,182,0,237.6,1
Potato (Nuwaraeliya),Low Country,2024,43,228.39,-22.5,-25.86,175,0,235.22,1
Potato (Nuwaraeliya),Low Country,2024,44,244.35,-3.75,-17.41,168,0,243.34,0
Potato (Nuwaraeliya),Low Country,2024,45,269.04,13.72,-6.43,161,0,250.02,0
Potato (Nuwaraeliya),Low Country,2024,46,258.32,11.55,-6.83,154,0,266.29,1
Potato (Nuwaraeliya),Low Country,2024,47,293.46,28.49,8.56,147,0,286.2,0
Potato (Nuwaraeliya),Low Country,2024,48,323.96,32.58,20.16,140,0,292.76,0
Potato (Nuwaraeliya),Low Country,2024,49,295.29,9.76,9.79,133,0,307.92,1
Potato (Nuwaraeliya),Low Country,2024,50,318.95,23.47,17.61,126,0,317.69,0
Potato (Nuwaraeliya),Low Country,2024,51,332.56,13.32,20.73,119,0,318.31,0
Potato (Nuwaraeliya),Low Country,2024,52,326.46,0.77,17.47,112,0,329.23,1
Potato (Nuwaraeliya),Low Country,2025,1,338.96,14.79,19.16,105,0,311.37,0
Potato (Nuwaraeliya),Low Country,2025,35,247.5,-22.4,-13.25,232,0,310.76,1
Potato (Nuwaraeliya),Low Country,2026,1,330.11,-0.74,12.71,106,0,323.77,0
Potato (Nuwaraeliya),Low Country,2026,2,378.5,15.94,24.33,99,0,334.96,0
Potato (Nuwaraeliya),Low Country,2026,3,383.74,13.21,21.77,92,0,369.14,0
Potato (Nuwaraeliya),Low Country,2026,4,384.21,55.24,18.58,85,0,381.51,0
Potato (Nuwaraeliya),Low Country,2026,5,379.58,14.99,13.88,78,0,379.4,0
Potato (Nuwaraeliya),Low Country,2026,6,370.07,-2.23,9.09,71,0,361.94,0
Potato (Nuwaraeliya),Low Country,2026,7,313.89,-18.2,-7.26,64,0,340.91,1
Potato (Nuwaraeliya),Low Country,2026,8,300.09,-21.9,-11.43,57,0,319.65,1
Potato (Nuwaraeliya),Low Country,2026,9,294.54,-22.41,-12.58,50,0,299.44,1
Potato (Nuwaraeliya),Low Country,2026,10,289.23,-21.84,-13.3,43,1,294.16,1
Potato (Nuwaraeliya),Low Country,2026,11,292.79,-6.72,-11.55,36,1,291.25,0
Potato (Nuwaraeliya),Low Country,2026,12,288.46,-3.87,-11.82,29,1,289.63,1
Potato (Nuwaraeliya),Low Country,2026,13,288.04,-2.21,-12.78,22,1,290.53,1
Potato (Nuwaraeliya),Low Country,2026,14,292.82,1.24,-10.56,15,1,285.93,0
Potato (Nuwaraeliya),Low Country,2026,15,274.4,-6.28,-14.08,8,1,280.05,1
Potato (Nuwaraeliya),Low Country,2026,16,264.94,-8.16,-14.6,1,1,274.27,1
Potato (Nuwaraeliya),Low Country,2026,17,264.9,-8.03,-12.01,359,0,262.14,0
Potato (Nuwaraeliya),Low Country,2026,18,244.3,-16.57,-15.95,352,0,254.51,1
Potato (Nuwaraeliya),Low Country,2026,19,243.89,-11.12,-13.19,345,0,249.67,1
Potato (Nuwaraeliya),Low Country,2026,20,245.57,-7.31,-10.92,338,0,245.06,0
Potato (Nuwaraeliya),Low Country,2026,21,246.49,-6.95,-9.23,331,0,251.38,1
Potato (Nuwaraeliya),Low Country,2026,22,269.57,10.34,-0.03,324,0,260.56,0
Potato (Nuwaraeliya),Low Country,2026,23,280.6,15.05,4.32,317,0,270.51,0
Potato (Nuwaraeliya),Low Country,2026,24,285.4,16.22,6.33,310,0,279.27,0
Potato (Nuwaraeliya),Low Country,2026,25,281.52,14.21,5.09,303,0,282.51,1
Potato (Welimada),Low Country,2023,1,312.08,,0.0,102,0,302.5,0
Potato (Welimada),Low Country,2023,2,302.5,,-1.56,95,0,297.68,0
Potato (Welimada),Low Country,2023,3,292.86,,-3.18,88,0,284.88,0
Potato (Welimada),Low Country,2023,4,259.29,,-11.11,81,0,268.94,1
Potato (Welimada),Low Country,2023,5,221.11,-29.15,-20.34,74,0,244.95,1
Potato (Welimada),Low Country,2023,6,206.55,-31.72,-22.27,67,0,229.71,1
Potato (Welimada),Low Country,2023,7,231.91,-20.81,-11.11,60,0,217.8,0
Potato (Welimada),Low Country,2023,8,211.63,-18.38,-16.92,53,0,212.39,1
Potato (Welimada),Low Country,2023,9,199.46,-9.79,-19.76,46,0,209.81,1
Potato (Welimada),Low Country,2023,10,196.25,-4.99,-19.36,39,1,199.96,1
Potato (Welimada),Low Country,2023,11,192.5,-16.99,-19.37,32,1,195.92,1
Potato (Welimada),Low Country,2023,12,195.48,-7.63,-16.87,25,1,195.34,0
Potato (Welimada),Low Country,2023,13,197.14,-1.16,-15.1,18,1,202.03,1
Potato (Welimada),Low Country,2023,14,222.99,13.62,-1.05,11,1,212.03,0
Potato (Welimada),Low Country,2023,15,232.5,20.78,5.69,4,1,221.3,0
Potato (Welimada),Low Country,2023,16,232.59,18.99,8.01,363,0,229.85,0
Potato (Welimada),Low Country,2023,17,231.31,17.33,8.5,356,0,232.68,1
Potato (Welimada),Low Country,2023,18,234.33,5.09,9.4,349,0,238.04,1
Potato (Welimada),Low Country,2023,19,253.93,9.22,16.56,342,0,243.85,0
Potato (Welimada),Low Country,2023,20,255.83,9.99,16.45,335,0,250.61,0
Potato (Welimada),Low Country,2023,21,258.33,11.68,15.7,328,0,257.02,0
Potato (Welimada),Low Country,2023,22,260.0,10.95,14.07,321,0,267.29,1
Potato (Welimada),Low Country,2023,24,295.0,16.17,25.25,307,0,277.08,0
Potato (Welimada),Low Country,2023,25,295.0,15.31,21.19,300,0,285.62,0
Potato (Welimada),Low Country,2023,26,292.5,13.23,16.59,293,0,296.41,1
Potato (Welimada),Low Country,2023,27,303.12,16.59,17.02,286,0,297.66,0
Potato (Welimada),Low Country,2023,28,300.0,1.69,13.23,279,0,298.28,0
Potato (Welimada),Low Country,2023,29,297.5,0.85,10.2,272,0,301.72,1
Potato (Welimada),Low Country,2023,30,306.25,4.7,11.11,265,0,303.31,0
Potato (Welimada),Low Country,2023,31,309.5,2.1,9.89,258,0,306.62,0
Potato (Welimada),Low Country,2023,32,313.21,4.4,8.87,251,0,305.19,0
Potato (Welimada),Low Country,2023,33,291.79,-1.92,0.4,244,0,295.81,1
Potato (Welimada),Low Country,2023,34,268.75,-12.24,-7.84,237,0,282.25,1
Potato (Welimada),Low Country,2023,35,255.25,-17.53,-12.4,230,0,264.71,1
Potato (Welimada),Low Country,2023,36,243.07,-22.39,-16.2,223,0,241.98,0
Potato (Welimada),Low Country,2023,37,200.86,-31.16,-28.98,216,0,219.23,1
Potato (Welimada),Low Country,2023,38,177.74,-33.87,-35.09,209,0,198.13,1
Potato (Welimada),Low Country,2023,39,170.85,-33.07,-35.4,202,0,184.96,1
Potato (Welimada),Low Country,2023,40,190.41,-21.67,-25.56,195,0,182.8,0
Potato (Welimada),Low Country,2023,41,192.19,-4.31,-22.34,188,0,188.57,0
Potato (Welimada),Low Country,2023,42,200.82,12.99,-16.34,181,0,195.26,0
Potato (Welimada),Low Country,2023,43,197.6,15.66,-14.71,174,0,198.4,1
Potato (Welimada),Low Country,2023,44,203.0,6.61,-9.17,167,0,205.62,1
Potato (Welimada),Low Country,2023,45,221.07,15.03,2.15,160,0,217.67,0
Potato (Welimada),Low Country,2023,46,249.0,23.99,16.83,153,0,232.06,0
Potato (Welimada),Low Country,2023,47,255.17,29.13,20.32,146,0,248.8,0
Potato (Welimada),Low Country,2023,48,269.95,32.98,26.61,139,0,271.69,1
Potato (Welimada),Low Country,2023,49,312.64,41.42,43.04,132,0,285.69,0
Potato (Welimada),Low Country,2023,50,305.0,22.49,34.62,125,0,296.09,0
Potato (Welimada),Low Country,2023,51,296.79,16.31,25.9,118,0,298.86,1
Potato (Welimada),Low Country,2023,52,281.0,4.09,15.07,111,0,293.91,1
Potato (Welimada),Low Country,2024,1,292.86,-6.33,16.17,104,0,288.73,0
Potato (Welimada),Low Country,2024,2,284.29,-6.79,9.69,97,0,286.5,1
Potato (Welimada),Low Country,2024,3,287.86,-3.01,8.27,90,0,289.25,1
Potato (Welimada),Low Country,2024,4,292.0,3.91,6.91,83,0,286.39,0
Potato (Welimada),Low Country,2024,5,281.43,-3.9,0.81,76,0,283.09,1
Potato (Welimada),Low Country,2024,6,271.07,-4.65,-4.22,69,0,277.82,1
Potato (Welimada),Low Country,2024,7,266.79,-7.32,-6.18,62,0,273.99,1
Potato (Welimada),Low Country,2024,8,276.67,-5.25,-3.27,55,0,276.76,1
Potato (Welimada),Low Country,2024,9,292.5,3.93,1.65,48,0,283.99,0
Potato (Welimada),Low Country,2024,10,300.0,10.67,4.61,41,1,294.52,0
Potato (Welimada),Low Country,2024,11,308.93,15.8,7.61,34,1,294.58,0
Potato (Welimada),Low Country,2024,12,276.88,0.08,-3.04,27,1,280.8,1
Potato (Welimada),Low Country,2024,13,237.41,-18.83,-15.87,20,1,265.19,1
Potato (Welimada),Low Country,2024,14,237.55,-20.82,-14.53,13,1,245.86,1
Potato (Welimada),Low Country,2024,15,231.61,-25.03,-15.44,6,1,236.93,1
Potato (Welimada),Low Country,2024,16,241.17,-12.9,-10.78,364,0,234.98,0
Potato (Welimada),Low Country,2024,17,229.61,-3.29,-13.52,357,0,227.88,0
Potato (Welimada),Low Country,2024,18,209.12,-11.97,-19.55,350,0,221.87,1
Potato (Welimada),Low Country,2024,19,207.56,-10.38,-18.62,343,0,215.23,1
Potato (Welimada),Low Country,2024,20,214.64,-11.0,-14.5,336,0,213.52,0
Potato (Welimada),Low Country,2024,21,222.75,-2.99,-9.78,329,0,229.51,1
Potato (Welimada),Low Country,2024,22,273.1,30.59,11.28,322,0,236.06,0
Potato (Welimada),Low Country,2024,23,233.75,12.62,-2.73,315,0,249.24,1
Potato (Welimada),Low Country,2024,24,267.38,24.57,12.76,308,0,262.95,0
Potato (Welimada),Low Country,2024,25,277.57,24.61,17.03,301,0,271.91,0
Potato (Welimada),Low Country,2024,26,308.93,13.12,27.3,294,0,287.07,0
Potato (Welimada),Low Country,2024,27,294.4,25.95,19.17,287,0,297.73,1
Potato (Welimada),Low Country,2024,28,310.0,15.94,22.49,280,0,316.55,1
Potato (Welimada),Low Country,2024,29,352.86,27.13,34.85,273,0,328.14,0
Potato (Welimada),Low Country,2024,30,355.3,15.01,30.94,266,0,343.59,0
Potato (Welimada),Low Country,2024,31,356.19,20.99,26.02,259,0,352.72,0
Potato (Welimada),Low Country,2024,32,346.54,11.79,18.13,252,0,353.84,1
Potato (Welimada),Low Country,2024,33,357.32,1.26,17.42,245,0,347.51,0
Potato (Welimada),Low Country,2024,34,330.0,-7.12,5.58,238,0,326.24,0
Potato (Welimada),Low Country,2024,35,271.09,-23.89,-13.23,231,0,303.11,1
Potato (Welimada),Low Country,2024,36,254.03,-26.69,-19.09,224,0,271.67,1
Potato (Welimada),Low Country,2024,37,231.57,-35.19,-25.59,217,0,245.41,1
Potato (Welimada),Low Country,2024,38,224.96,-31.83,-26.76,210,0,236.29,1
Potato (Welimada),Low Country,2024,39,234.6,-13.46,-22.18,203,0,224.43,0
Potato (Welimada),Low Country,2024,40,206.6,-18.67,-29.89,196,0,214.89,1
Potato (Welimada),Low Country,2024,41,193.4,-16.48,-32.31,189,0,208.48,1
Potato (Welimada),Low Country,2024,42,199.31,-11.4,-27.24,182,0,198.22,0
Potato (Welimada),Low Country,2024,43,193.57,-17.49,-25.97,175,0,200.19,1
Potato (Welimada),Low Country,2024,44,214.48,3.82,-14.4,168,0,207.57,0
Potato (Welimada),Low Country,2024,45,222.92,15.26,-7.53,161,0,214.56,0
Potato (Welimada),Low Country,2024,46,227.27,14.03,-1.64,154,0,231.41,1
Potato (Welimada),Low Country,2024,47,260.99,34.83,15.61,147,0,248.63,0
Potato (Welimada),Low Country,2024,48,283.34,32.1,24.99,140,0,260.74,0
Potato (Welimada),Low Country,2024,49,271.34,21.72,19.0,133,0,274.71,1
Potato (Welimada),Low Country,2024,50,283.15,24.59,22.05,126,0,285.53,1
Potato (Welimada),Low Country,2024,51,304.28,16.59,27.8,119,0,289.43,0
Potato (Welimada),Low Country,2024,52,298.96,5.51,23.0,112,0,298.16,0
Potato (Welimada),Low Country,2025,1,306.25,12.87,22.15,105,0,282.37,0
Potato (Welimada),Low Country,2025,35,220.0,-22.3,-12.96,232,0,273.52,1
Potato (Welimada),Low Country,2026,1,268.89,-11.63,4.18,106,0,283.06,1
Potato (Welimada),Low Country,2026,2,337.08,12.75,25.24,99,0,294.03,0
Potato (Welimada),Low Country,2026,3,350.14,14.33,25.23,92,0,323.95,0
Potato (Welimada),Low Country,2026,4,339.7,54.41,17.72,85,0,340.39,1
Potato (Welimada),Low Country,2026,5,334.65,24.46,12.74,78,0,336.01,1
Potato (Welimada),Low Country,2026,6,319.55,-5.2,6.05,71,0,317.82,0
Potato (Welimada),Low Country,2026,7,277.37,-20.78,-7.81,64,0,299.33,1
Potato (Welimada),Low Country,2026,8,265.75,-21.77,-11.55,57,0,280.9,1
Potato (Welimada),Low Country,2026,9,260.93,-22.03,-12.65,50,0,262.31,1
Potato (Welimada),Low Country,2026,10,245.2,-23.27,-16.65,43,1,255.75,1
Potato (Welimada),Low Country,2026,11,251.1,-9.47,-13.57,36,1,251.94,1
Potato (Welimada),Low Country,2026,12,250.52,-5.73,-12.47,29,1,249.88,0
Potato (Welimada),Low Country,2026,13,252.69,-3.16,-12.49,22,1,252.93,1
Potato (Welimada),Low Country,2026,14,257.4,4.97,-10.58,15,1,250.14,0
Potato (Welimada),Low Country,2026,15,239.97,-4.43,-14.42,8,1,246.9,1
Potato (Welimada),Low Country,2026,16,237.54,-5.18,-12.58,1,1,241.97,1
Potato (Welimada),Low Country,2026,17,232.97,-7.8,-11.59,359,0,229.86,0
Potato (Welimada),Low Country,2026,18,208.98,-18.81,-17.68,352,0,223.14,1
Potato (Welimada),Low Country,2026,19,213.06,-11.21,-13.27,345,0,218.19,1
Potato (Welimada),Low Country,2026,20,217.74,-8.34,-9.68,338,0,216.49,0
Potato (Welimada),Low Country,2026,21,226.2,-2.9,-4.97,331,0,223.66,0
Potato (Welimada),Low Country,2026,22,237.62,13.71,0.59,324,0,232.0,0
Potato (Welimada),Low Country,2026,23,246.44,15.67,4.28,317,0,242.74,0
Potato (Welimada),Low Country,2026,24,260.68,19.72,9.96,310,0,250.37,0
Potato (Welimada),Low Country,2026,25,256.75,13.5,8.09,303,0,254.62,0
Potatoes - Imported,Grocery/Staple,2023,1,174.5,,0.0,102,0,111.25,0
Potatoes - Imported,Grocery/Staple,2023,2,111.25,,-22.13,95,0,135.76,1
Potatoes - Imported,Grocery/Staple,2023,3,160.28,,7.8,88,0,133.44,0
Potatoes - Imported,Grocery/Staple,2023,4,128.8,,-10.37,81,0,126.73,0
Potatoes - Imported,Grocery/Staple,2023,5,106.6,-38.91,-21.78,74,0,130.37,1
Potatoes - Imported,Grocery/Staple,2023,6,125.8,13.08,-6.5,67,0,129.5,1
Potatoes - Imported,Grocery/Staple,2023,7,156.8,-2.17,13.86,60,0,133.05,0
Potatoes - Imported,Grocery/Staple,2023,8,143.0,11.02,3.34,53,0,133.95,0
Potatoes - Imported,Grocery/Staple,2023,9,110.2,3.38,-18.52,46,0,130.44,1
Potatoes - Imported,Grocery/Staple,2023,10,111.75,-11.17,-15.91,39,1,122.04,1
Potatoes - Imported,Grocery/Staple,2023,11,123.2,-21.43,-6.68,32,1,117.74,0
Potatoes - Imported,Grocery/Staple,2023,12,125.8,-12.03,-4.33,25,1,123.59,0
Potatoes - Imported,Grocery/Staple,2023,13,133.6,21.23,1.47,18,1,129.4,0
Potatoes - Imported,Grocery/Staple,2023,14,135.0,20.81,4.96,11,1,135.72,1
Potatoes - Imported,Grocery/Staple,2023,15,148.5,20.54,12.94,4,1,142.4,0
Potatoes - Imported,Grocery/Staple,2023,16,152.5,21.22,16.51,363,0,146.95,0
Potatoes - Imported,Grocery/Staple,2023,17,151.8,13.62,14.43,356,0,154.7,1
Potatoes - Imported,Grocery/Staple,2023,18,166.0,22.96,20.97,349,0,159.18,0
Potatoes - Imported,Grocery/Staple,2023,19,166.4,12.05,18.56,342,0,165.35,0
Potatoes - Imported,Grocery/Staple,2023,20,177.2,16.2,24.86,335,0,170.9,0
Potatoes - Imported,Grocery/Staple,2023,21,174.0,14.62,20.58,328,0,168.15,0
Potatoes - Imported,Grocery/Staple,2023,22,155.0,-6.63,4.91,321,0,163.74,1
Potatoes - Imported,Grocery/Staple,2023,23,148.76,-10.6,-1.22,314,0,167.6,1
Potatoes - Imported,Grocery/Staple,2023,24,192.64,8.71,23.54,307,0,171.7,0
Potatoes - Imported,Grocery/Staple,2023,25,190.4,9.43,18.33,300,0,187.08,0
Potatoes - Imported,Grocery/Staple,2023,26,216.5,39.68,29.42,293,0,205.2,0
Potatoes - Imported,Grocery/Staple,2023,27,221.25,48.73,27.21,286,0,210.29,0
Potatoes - Imported,Grocery/Staple,2023,28,213.0,10.57,19.07,279,0,213.89,1
Potatoes - Imported,Grocery/Staple,2023,29,204.8,7.56,11.97,272,0,207.46,1
Potatoes - Imported,Grocery/Staple,2023,30,190.8,-11.87,2.63,265,0,194.96,1
Potatoes - Imported,Grocery/Staple,2023,31,171.25,-22.6,-8.08,258,0,190.76,1
Potatoes - Imported,Grocery/Staple,2023,32,196.2,-7.89,4.03,251,0,193.36,0
Potatoes - Imported,Grocery/Staple,2023,33,215.2,5.08,12.36,244,0,197.86,0
Potatoes - Imported,Grocery/Staple,2023,34,208.8,9.43,7.52,237,0,202.24,0
Potatoes - Imported,Grocery/Staple,2023,35,188.75,10.22,-4.09,230,0,204.49,1
Potatoes - Imported,Grocery/Staple,2023,36,205.2,4.59,2.02,223,0,199.84,0
Potatoes - Imported,Grocery/Staple,2023,37,196.6,-8.64,-2.4,216,0,191.54,0
Potatoes - Imported,Grocery/Staple,2023,38,175.6,-15.9,-12.33,209,0,184.85,1
Potatoes - Imported,Grocery/Staple,2023,39,162.0,-14.17,-17.39,202,0,177.65,1
Potatoes - Imported,Grocery/Staple,2023,40,176.4,-14.04,-8.44,195,0,173.75,0
Potatoes - Imported,Grocery/Staple,2023,41,181.0,-7.93,-4.84,188,0,175.55,0
Potatoes - Imported,Grocery/Staple,2023,42,182.8,4.1,-3.03,181,0,176.95,0
Potatoes - Imported,Grocery/Staple,2023,43,167.6,3.46,-10.24,174,0,174.35,1
Potatoes - Imported,Grocery/Staple,2023,44,166.0,-5.9,-10.91,167,0,180.35,1
Potatoes - Imported,Grocery/Staple,2023,45,205.0,13.26,9.63,160,0,181.85,0
Potatoes - Imported,Grocery/Staple,2023,46,188.8,3.28,2.07,153,0,193.15,1
Potatoes - Imported,Grocery/Staple,2023,47,212.8,26.97,14.86,146,0,204.98,0
Potatoes - Imported,Grocery/Staple,2023,48,213.33,28.51,13.98,139,0,206.58,0
Potatoes - Imported,Grocery/Staple,2023,49,211.4,3.12,12.66,132,0,211.73,1
Potatoes - Imported,Grocery/Staple,2023,50,209.4,10.91,11.01,125,0,204.63,0
Potatoes - Imported,Grocery/Staple,2023,51,184.4,-13.35,-2.59,118,0,191.55,1
Potatoes - Imported,Grocery/Staple,2023,52,161.0,-24.53,-14.92,111,0,180.5,1
Potatoes - Imported,Grocery/Staple,2024,1,167.2,-20.91,-11.31,104,0,168.95,1
Potatoes - Imported,Grocery/Staple,2024,2,163.2,-22.06,-12.8,97,0,166.98,1
Potatoes - Imported,Grocery/Staple,2024,3,176.5,-4.28,-5.45,90,0,176.6,1
Potatoes - Imported,Grocery/Staple,2024,4,199.5,23.91,5.49,83,0,179.5,0
Potatoes - Imported,Grocery/Staple,2024,5,178.8,6.94,-5.95,76,0,176.3,0
Potatoes - Imported,Grocery/Staple,2024,6,150.4,-7.84,-19.1,69,0,168.98,1
Potatoes - Imported,Grocery/Staple,2024,7,147.2,-16.6,-19.43,62,0,153.91,1
Potatoes - Imported,Grocery/Staple,2024,8,139.25,-30.2,-21.35,55,0,146.65,1
Potatoes - Imported,Grocery/Staple,2024,9,149.75,-16.25,-13.01,48,0,152.8,1
Potatoes - Imported,Grocery/Staple,2024,10,175.0,16.36,3.33,41,1,165.7,0
Potatoes - Imported,Grocery/Staple,2024,11,198.8,35.05,17.96,34,1,178.34,0
Potatoes - Imported,Grocery/Staple,2024,12,189.8,36.3,12.34,27,1,184.65,0
Potatoes - Imported,Grocery/Staple,2024,13,175.0,16.86,2.92,20,1,181.55,1
Potatoes - Imported,Grocery/Staple,2024,14,162.6,-7.09,-4.17,13,1,171.85,1
Potatoes - Imported,Grocery/Staple,2024,15,160.0,-19.52,-5.57,6,1,163.15,1
Potatoes - Imported,Grocery/Staple,2024,16,155.0,-18.34,-7.62,364,0,163.4,1
Potatoes - Imported,Grocery/Staple,2024,17,176.0,0.57,6.04,357,0,162.62,0
Potatoes - Imported,Grocery/Staple,2024,18,159.5,-1.91,-3.03,350,0,161.52,1
Potatoes - Imported,Grocery/Staple,2024,19,155.6,-2.75,-5.63,343,0,161.98,1
Potatoes - Imported,Grocery/Staple,2024,20,156.8,1.16,-5.33,336,0,156.48,0
Potatoes - Imported,Grocery/Staple,2024,21,154.0,-12.5,-7.65,329,0,156.0,1
Potatoes - Imported,Grocery/Staple,2024,22,157.6,-1.19,-5.83,322,0,159.2,1
Potatoes - Imported,Grocery/Staple,2024,23,168.4,8.23,0.93,315,0,165.75,0
Potatoes - Imported,Grocery/Staple,2024,24,183.0,16.71,10.48,308,0,170.75,0
Potatoes - Imported,Grocery/Staple,2024,25,174.0,12.99,5.82,301,0,176.75,1
Potatoes - Imported,Grocery/Staple,2024,26,181.6,15.23,10.11,294,0,185.65,1
Potatoes - Imported,Grocery/Staple,2024,27,204.0,21.14,21.35,287,0,201.0,0
Potatoes - Imported,Grocery/Staple,2024,28,244.4,33.55,39.97,280,0,222.7,0
Potatoes - Imported,Grocery/Staple,2024,29,260.8,49.89,42.71,273,0,234.4,0
Potatoes - Imported,Grocery/Staple,2024,30,228.4,25.77,22.28,266,0,227.15,0
Potatoes - Imported,Grocery/Staple,2024,31,175.0,-14.22,-6.9,259,0,209.15,1
Potatoes - Imported,Grocery/Staple,2024,32,172.4,-29.46,-8.91,252,0,186.35,1
Potatoes - Imported,Grocery/Staple,2024,33,169.6,-34.97,-10.85,245,0,185.0,1
Potatoes - Imported,Grocery/Staple,2024,34,223.0,-2.36,14.04,238,0,192.6,0
Potatoes - Imported,Grocery/Staple,2024,35,205.4,17.37,3.1,231,0,200.8,0
Potatoes - Imported,Grocery/Staple,2024,36,205.2,19.03,1.55,224,0,198.15,0
Potatoes - Imported,Grocery/Staple,2024,37,159.0,-6.25,-20.59,217,0,183.9,1
Potatoes - Imported,Grocery/Staple,2024,38,166.0,-25.56,-16.83,210,0,172.8,1
Potatoes - Imported,Grocery/Staple,2024,39,161.0,-21.62,-18.69,203,0,161.2,1
Potatoes - Imported,Grocery/Staple,2024,40,158.8,-22.61,-18.37,196,0,161.55,1
Potatoes - Imported,Grocery/Staple,2024,41,160.4,0.88,-14.72,189,0,160.3,0
Potatoes - Imported,Grocery/Staple,2024,42,161.0,-3.01,-10.75,182,0,160.05,0
Potatoes - Imported,Grocery/Staple,2024,43,160.0,-0.62,-8.64,175,0,161.27,1
Potatoes - Imported,Grocery/Staple,2024,44,163.67,3.06,-6.08,168,0,161.29,0
Potatoes - Imported,Grocery/Staple,2024,45,160.5,0.06,-7.41,161,0,158.32,0
Potatoes - Imported,Grocery/Staple,2024,46,149.12,-7.38,-13.19,154,0,162.02,1
Potatoes - Imported,Grocery/Staple,2024,47,174.8,9.25,4.01,147,0,170.01,0
Potatoes - Imported,Grocery/Staple,2024,48,195.6,19.51,16.91,140,0,187.38,0
Potatoes - Imported,Grocery/Staple,2024,49,230.0,43.3,35.92,133,0,205.75,0
Potatoes - Imported,Grocery/Staple,2024,50,222.6,49.27,27.85,126,0,217.1,0
Potatoes - Imported,Grocery/Staple,2024,51,220.2,25.97,23.51,119,0,221.82,1
Potatoes - Imported,Grocery/Staple,2024,52,214.5,9.66,17.6,112,0,216.08,1
Potatoes - Imported,Grocery/Staple,2025,1,207.0,-10.0,11.23,105,0,196.92,0
Potatoes - Imported,Grocery/Staple,2025,35,146.0,-34.41,-21.08,232,0,186.25,1
Potatoes - Imported,Grocery/Staple,2026,1,177.5,-19.39,-4.71,106,0,179.12,1
Potatoes - Imported,Grocery/Staple,2026,2,186.0,-13.29,-1.2,99,0,180.88,0
Potatoes - Imported,Grocery/Staple,2026,3,214.0,3.38,11.38,92,0,195.38,0
Potatoes - Imported,Grocery/Staple,2026,4,204.0,39.73,4.36,85,0,201.65,0
Potatoes - Imported,Grocery/Staple,2026,5,202.6,14.14,1.5,78,0,205.52,1
Potatoes - Imported,Grocery/Staple,2026,6,201.5,8.33,-0.08,71,0,199.12,0
Potatoes - Imported,Grocery/Staple,2026,7,188.4,-11.96,-6.32,64,0,196.42,1
Potatoes - Imported,Grocery/Staple,2026,8,193.2,-5.29,-2.56,57,0,188.68,0
Potatoes - Imported,Grocery/Staple,2026,9,171.6,-15.3,-11.7,50,0,186.8,1
Potatoes - Imported,Grocery/Staple,2026,10,194.0,-3.72,0.87,43,1,184.5,0
Potatoes - Imported,Grocery/Staple,2026,11,179.2,-4.88,-5.49,36,1,176.95,0
Potatoes - Imported,Grocery/Staple,2026,12,163.0,-15.63,-12.47,29,1,174.74,1
Potatoes - Imported,Grocery/Staple,2026,13,162.75,-5.16,-13.21,22,1,165.4,1
Potatoes - Imported,Grocery/Staple,2026,14,156.67,-19.24,-15.73,15,1,165.6,1
Potatoes - Imported,Grocery/Staple,2026,15,180.0,0.45,-2.94,8,1,159.7,0
Potatoes - Imported,Grocery/Staple,2026,17,139.4,-14.48,-22.43,359,0,156.77,1
Potatoes - Imported,Grocery/Staple,2026,18,151.0,-7.22,-14.03,352,0,156.8,1
Potatoes - Imported,Grocery/Staple,2026,19,156.8,0.09,-8.9,345,0,149.3,0
Potatoes - Imported,Grocery/Staple,2026,20,150.0,-16.67,-10.8,338,0,153.15,1
Potatoes - Imported,Grocery/Staple,2026,21,154.8,11.05,-6.51,331,0,157.28,1
Potatoes - Imported,Grocery/Staple,2026,22,167.5,10.93,2.39,324,0,160.72,0
Potatoes - Imported,Grocery/Staple,2026,23,170.6,8.8,4.33,317,0,168.12,0
Potatoes - Imported,Grocery/Staple,2026,24,179.6,19.73,10.59,310,0,174.32,0
Potatoes - Imported,Grocery/Staple,2026,25,179.6,16.02,10.56,303,0,176.6,0
Potatoes - Nuwaraeliya,Grocery/Staple,2023,1,397.5,,0.0,102,0,350.0,0
Potatoes - Nuwaraeliya,Grocery/Staple,2023,2,350.0,,-6.35,95,0,368.6,1
Potatoes - Nuwaraeliya,Grocery/Staple,2023,3,387.2,,2.37,88,0,360.8,0
Potatoes - Nuwaraeliya,Grocery/Staple,2023,4,345.2,,-6.7,81,0,344.5,0
Potatoes - Nuwaraeliya,Grocery/Staple,2023,5,295.6,-25.64,-16.76,74,0,324.8,1
Potatoes - Nuwaraeliya,Grocery/Staple,2023,6,271.2,-22.51,-20.5,67,0,292.4,1
Potatoes - Nuwaraeliya,Grocery/Staple,2023,7,257.6,-33.47,-21.75,60,0,264.2,1
Potatoes - Nuwaraeliya,Grocery/Staple,2023,8,232.4,-32.68,-26.71,53,0,248.3,1
Potatoes - Nuwaraeliya,Grocery/Staple,2023,9,232.0,-21.52,-24.59,46,0,236.88,1
Potatoes - Nuwaraeliya,Grocery/Staple,2023,10,225.5,-16.85,-24.69,39,1,226.48,1
Potatoes - Nuwaraeliya,Grocery/Staple,2023,11,216.0,-16.15,-25.99,32,1,224.12,1
Potatoes - Nuwaraeliya,Grocery/Staple,2023,12,223.0,-4.04,-22.06,25,1,222.12,0
Potatoes - Nuwaraeliya,Grocery/Staple,2023,13,224.0,-3.45,-20.38,18,1,223.42,0
Potatoes - Nuwaraeliya,Grocery/Staple,2023,14,230.67,2.29,-14.09,11,1,236.67,1
Potatoes - Nuwaraeliya,Grocery/Staple,2023,15,269.0,24.54,2.57,4,1,245.62,0
Potatoes - Nuwaraeliya,Grocery/Staple,2023,16,258.8,16.05,2.54,363,0,251.92,0
Potatoes - Nuwaraeliya,Grocery/Staple,2023,17,249.2,11.25,1.72,356,0,256.42,1
Potatoes - Nuwaraeliya,Grocery/Staple,2023,18,248.67,7.8,3.02,349,0,255.27,1
Potatoes - Nuwaraeliya,Grocery/Staple,2023,19,264.4,-1.71,9.77,342,0,257.07,0
Potatoes - Nuwaraeliya,Grocery/Staple,2023,20,266.0,2.78,10.14,335,0,258.27,0
Potatoes - Nuwaraeliya,Grocery/Staple,2023,21,254.0,1.93,4.45,328,0,261.6,1
Potatoes - Nuwaraeliya,Grocery/Staple,2023,22,262.0,5.36,6.73,321,0,265.9,1
Potatoes - Nuwaraeliya,Grocery/Staple,2023,23,281.6,6.51,12.73,314,0,267.2,0
Potatoes - Nuwaraeliya,Grocery/Staple,2023,24,271.2,1.95,6.75,307,0,277.7,1
Potatoes - Nuwaraeliya,Grocery/Staple,2023,25,296.0,16.54,14.0,300,0,288.45,0
Potatoes - Nuwaraeliya,Grocery/Staple,2023,26,305.0,16.41,14.71,293,0,301.18,0
Potatoes - Nuwaraeliya,Grocery/Staple,2023,27,332.5,18.08,21.47,286,0,312.17,0
Potatoes - Nuwaraeliya,Grocery/Staple,2023,28,315.2,16.22,13.68,279,0,317.38,1
Potatoes - Nuwaraeliya,Grocery/Staple,2023,29,316.8,7.03,12.45,272,0,325.0,1
Potatoes - Nuwaraeliya,Grocery/Staple,2023,30,335.5,10.0,16.34,265,0,326.12,0
Potatoes - Nuwaraeliya,Grocery/Staple,2023,31,337.0,1.35,14.17,258,0,333.32,0
Potatoes - Nuwaraeliya,Grocery/Staple,2023,32,344.0,9.14,14.17,251,0,337.52,0
Potatoes - Nuwaraeliya,Grocery/Staple,2023,33,333.6,5.3,8.84,244,0,329.75,0
Potatoes - Nuwaraeliya,Grocery/Staple,2023,34,304.4,-9.27,-1.92,237,0,319.0,1
Potatoes - Nuwaraeliya,Grocery/Staple,2023,35,294.0,-12.76,-6.02,230,0,304.5,1
Potatoes - Nuwaraeliya,Grocery/Staple,2023,36,286.0,-16.86,-8.68,223,0,280.1,0
Potatoes - Nuwaraeliya,Grocery/Staple,2023,37,236.0,-29.26,-23.98,216,0,256.8,1
Potatoes - Nuwaraeliya,Grocery/Staple,2023,38,211.2,-30.62,-30.51,209,0,235.8,1
Potatoes - Nuwaraeliya,Grocery/Staple,2023,39,210.0,-28.57,-29.2,202,0,221.2,1
Potatoes - Nuwaraeliya,Grocery/Staple,2023,40,227.6,-20.42,-21.13,195,0,217.2,0
Potatoes - Nuwaraeliya,Grocery/Staple,2023,41,220.0,-6.78,-21.77,188,0,220.3,1
Potatoes - Nuwaraeliya,Grocery/Staple,2023,42,223.6,5.87,-18.41,181,0,223.0,0
Potatoes - Nuwaraeliya,Grocery/Staple,2023,43,220.8,5.14,-16.76,174,0,222.3,1
Potatoes - Nuwaraeliya,Grocery/Staple,2023,44,224.8,-1.23,-12.4,167,0,231.3,1
Potatoes - Nuwaraeliya,Grocery/Staple,2023,45,256.0,16.36,2.46,160,0,245.1,0
Potatoes - Nuwaraeliya,Grocery/Staple,2023,46,278.8,24.69,13.5,153,0,263.6,0
Potatoes - Nuwaraeliya,Grocery/Staple,2023,47,294.8,33.51,20.38,146,0,282.23,0
Potatoes - Nuwaraeliya,Grocery/Staple,2023,48,299.33,33.16,22.03,139,0,304.93,1
Potatoes - Nuwaraeliya,Grocery/Staple,2023,49,346.8,35.47,38.73,132,0,314.83,0
Potatoes - Nuwaraeliya,Grocery/Staple,2023,50,318.4,14.2,24.22,125,0,327.93,1
Potatoes - Nuwaraeliya,Grocery/Staple,2023,51,347.2,17.77,30.14,118,0,338.77,0
Potatoes - Nuwaraeliya,Grocery/Staple,2023,52,342.67,14.48,23.71,111,0,343.57,1
Potatoes - Nuwaraeliya,Grocery/Staple,2024,1,366.0,5.54,27.25,104,0,343.57,0
Potatoes - Nuwaraeliya,Grocery/Staple,2024,2,318.4,0.0,7.86,97,0,335.02,1
Potatoes - Nuwaraeliya,Grocery/Staple,2024,3,313.0,-9.85,3.62,90,0,328.6,1
Potatoes - Nuwaraeliya,Grocery/Staple,2024,4,317.0,-7.49,2.43,83,0,318.4,1
Potatoes - Nuwaraeliya,Grocery/Staple,2024,5,325.2,-11.15,2.52,76,0,321.2,0
Potatoes - Nuwaraeliya,Grocery/Staple,2024,6,329.6,3.52,2.09,69,0,320.65,0
Potatoes - Nuwaraeliya,Grocery/Staple,2024,7,310.8,-0.7,-4.46,62,0,317.9,1
Potatoes - Nuwaraeliya,Grocery/Staple,2024,8,306.0,-3.47,-6.19,55,0,317.6,1
Potatoes - Nuwaraeliya,Grocery/Staple,2024,9,324.0,-0.37,-1.24,48,0,315.2,0
Potatoes - Nuwaraeliya,Grocery/Staple,2024,10,320.0,-2.91,-1.85,41,1,320.9,1
Potatoes - Nuwaraeliya,Grocery/Staple,2024,11,333.6,7.34,1.96,34,1,323.6,0
Potatoes - Nuwaraeliya,Grocery/Staple,2024,12,316.8,3.53,-2.48,27,1,311.35,0
Potatoes - Nuwaraeliya,Grocery/Staple,2024,13,275.0,-15.12,-13.97,20,1,292.75,1
Potatoes - Nuwaraeliya,Grocery/Staple,2024,14,245.6,-23.25,-20.87,13,1,273.35,1
Potatoes - Nuwaraeliya,Grocery/Staple,2024,15,256.0,-23.26,-16.23,6,1,260.52,1
Potatoes - Nuwaraeliya,Grocery/Staple,2024,16,265.5,-16.19,-12.07,364,0,252.52,0
Potatoes - Nuwaraeliya,Grocery/Staple,2024,17,243.0,-11.64,-17.97,357,0,244.38,1
Potatoes - Nuwaraeliya,Grocery/Staple,2024,18,213.0,-13.27,-25.94,350,0,233.18,1
Potatoes - Nuwaraeliya,Grocery/Staple,2024,19,211.2,-17.5,-24.17,343,0,223.0,1
Potatoes - Nuwaraeliya,Grocery/Staple,2024,20,224.8,-15.33,-17.32,336,0,225.25,1
Potatoes - Nuwaraeliya,Grocery/Staple,2024,21,252.0,3.7,-5.88,329,0,246.5,0
Potatoes - Nuwaraeliya,Grocery/Staple,2024,22,298.0,39.91,12.14,322,0,253.3,0
Potatoes - Nuwaraeliya,Grocery/Staple,2024,23,238.4,12.88,-8.11,315,0,268.4,1
Potatoes - Nuwaraeliya,Grocery/Staple,2024,24,285.2,26.87,11.52,308,0,285.57,1
Potatoes - Nuwaraeliya,Grocery/Staple,2024,25,320.67,27.25,25.25,301,0,297.57,0
Potatoes - Nuwaraeliya,Grocery/Staple,2024,26,346.0,16.11,32.32,294,0,315.97,0
Potatoes - Nuwaraeliya,Grocery/Staple,2024,27,312.0,30.87,17.03,287,0,326.67,1
Potatoes - Nuwaraeliya,Grocery/Staple,2024,28,328.0,15.01,20.53,280,0,346.0,1
Potatoes - Nuwaraeliya,Grocery/Staple,2024,29,398.0,24.12,40.97,273,0,352.0,0
Potatoes - Nuwaraeliya,Grocery/Staple,2024,30,370.0,6.94,26.67,266,0,373.7,1
Potatoes - Nuwaraeliya,Grocery/Staple,2024,31,398.8,27.82,30.16,259,0,382.4,0
Potatoes - Nuwaraeliya,Grocery/Staple,2024,32,362.8,10.61,14.07,252,0,382.9,1
Potatoes - Nuwaraeliya,Grocery/Staple,2024,33,400.0,0.5,20.65,245,0,385.15,0
Potatoes - Nuwaraeliya,Grocery/Staple,2024,34,379.0,2.43,11.05,238,0,364.65,0
Potatoes - Nuwaraeliya,Grocery/Staple,2024,35,316.8,-20.56,-7.57,231,0,349.15,1
Potatoes - Nuwaraeliya,Grocery/Staple,2024,36,300.8,-17.09,-13.45,224,0,318.03,1
Potatoes - Nuwaraeliya,Grocery/Staple,2024,37,275.5,-31.13,-20.56,217,0,289.28,1
Potatoes - Nuwaraeliya,Grocery/Staple,2024,38,264.0,-30.34,-22.91,210,0,286.7,1
Potatoes - Nuwaraeliya,Grocery/Staple,2024,39,306.5,-3.25,-9.69,203,0,271.8,0
Potatoes - Nuwaraeliya,Grocery/Staple,2024,40,241.2,-19.81,-27.77,196,0,261.12,1
Potatoes - Nuwaraeliya,Grocery/Staple,2024,41,232.8,-15.5,-28.73,189,0,253.88,1
Potatoes - Nuwaraeliya,Grocery/Staple,2024,42,235.0,-10.98,-25.18,182,0,233.25,0
Potatoes - Nuwaraeliya,Grocery/Staple,2024,43,224.0,-26.92,-26.04,175,0,233.95,1
Potatoes - Nuwaraeliya,Grocery/Staple,2024,44,244.0,1.16,-16.14,168,0,242.55,0
Potatoes - Nuwaraeliya,Grocery/Staple,2024,45,267.2,14.78,-5.78,161,0,250.61,0
Potatoes - Nuwaraeliya,Grocery/Staple,2024,46,267.25,13.72,-2.25,154,0,269.91,1
Potatoes - Nuwaraeliya,Grocery/Staple,2024,47,301.2,34.46,12.64,147,0,291.41,0
Potatoes - Nuwaraeliya,Grocery/Staple,2024,48,330.0,35.25,22.94,140,0,300.41,0
Potatoes - Nuwaraeliya,Grocery/Staple,2024,49,303.2,13.47,12.88,133,0,317.6,1
Potatoes - Nuwaraeliya,Grocery/Staple,2024,50,336.0,25.72,22.96,126,0,328.1,0
Potatoes - Nuwaraeliya,Grocery/Staple,2024,51,343.2,13.94,22.86,119,0,330.48,0
Potatoes - Nuwaraeliya,Grocery/Staple,2024,52,339.5,2.88,20.44,112,0,344.68,1
Potatoes - Nuwaraeliya,Grocery/Staple,2025,1,360.0,18.73,23.7,105,0,322.18,0
Potatoes - Nuwaraeliya,Grocery/Staple,2025,35,246.0,-26.79,-15.77,232,0,322.38,1
Potatoes - Nuwaraeliya,Grocery/Staple,2026,1,344.0,0.23,14.5,106,0,334.0,0
Potatoes - Nuwaraeliya,Grocery/Staple,2026,2,386.0,13.7,23.37,99,0,347.17,0
Potatoes - Nuwaraeliya,Grocery/Staple,2026,3,412.67,14.63,26.64,92,0,389.07,0
Potatoes - Nuwaraeliya,Grocery/Staple,2026,4,413.6,68.13,22.68,85,0,406.17,0
Potatoes - Nuwaraeliya,Grocery/Staple,2026,5,412.4,19.88,18.41,78,0,405.54,0
Potatoes - Nuwaraeliya,Grocery/Staple,2026,6,383.5,-0.65,8.14,71,0,386.08,1
Potatoes - Nuwaraeliya,Grocery/Staple,2026,7,334.8,-18.87,-5.69,64,0,357.68,1
Potatoes - Nuwaraeliya,Grocery/Staple,2026,8,300.0,-27.47,-15.43,57,0,337.08,1
Potatoes - Nuwaraeliya,Grocery/Staple,2026,9,330.0,-19.98,-6.85,50,0,313.87,0
Potatoes - Nuwaraeliya,Grocery/Staple,2026,10,290.67,-24.21,-17.01,43,1,304.77,1
Potatoes - Nuwaraeliya,Grocery/Staple,2026,11,298.4,-10.87,-14.03,36,1,303.67,1
Potatoes - Nuwaraeliya,Grocery/Staple,2026,12,295.6,-1.47,-13.6,29,1,294.87,0
Potatoes - Nuwaraeliya,Grocery/Staple,2026,13,294.8,-10.67,-14.77,22,1,296.2,1
Potatoes - Nuwaraeliya,Grocery/Staple,2026,14,296.0,1.83,-13.5,15,1,295.0,0
Potatoes - Nuwaraeliya,Grocery/Staple,2026,15,293.6,-1.61,-12.38,8,1,289.7,0
Potatoes - Nuwaraeliya,Grocery/Staple,2026,17,274.4,-7.17,-15.42,359,0,276.62,1
Potatoes - Nuwaraeliya,Grocery/Staple,2026,18,242.5,-17.74,-22.1,352,0,263.03,1
Potatoes - Nuwaraeliya,Grocery/Staple,2026,19,241.6,-18.38,-18.97,345,0,248.32,1
Potatoes - Nuwaraeliya,Grocery/Staple,2026,20,234.8,-20.03,-18.1,338,0,242.52,1
Potatoes - Nuwaraeliya,Grocery/Staple,2026,21,251.2,-8.45,-10.37,331,0,252.15,1
Potatoes - Nuwaraeliya,Grocery/Staple,2026,22,281.0,15.88,0.78,324,0,263.55,0
Potatoes - Nuwaraeliya,Grocery/Staple,2026,23,287.2,18.87,4.24,317,0,277.05,0
Potatoes - Nuwaraeliya,Grocery/Staple,2026,24,288.8,23.0,4.87,310,0,285.35,0
Potatoes - Nuwaraeliya,Grocery/Staple,2026,25,284.4,13.22,3.68,303,0,286.8,1
Pumpkin,Low Country,2023,1,127.88,,0.0,102,0,123.85,0
Pumpkin,Low Country,2023,2,123.85,,-1.6,95,0,120.91,0
Pumpkin,Low Country,2023,3,117.97,,-4.27,88,0,110.45,0
Pumpkin,Low Country,2023,4,89.52,,-22.03,81,0,101.66,1
Pumpkin,Low Country,2023,5,75.3,-41.12,-29.57,74,0,88.79,1
Pumpkin,Low Country,2023,6,72.37,-41.57,-28.45,67,0,75.36,1
Pumpkin,Low Country,2023,7,64.24,-45.55,-33.0,60,0,70.05,1
Pumpkin,Low Country,2023,8,68.3,-23.7,-26.1,53,0,68.12,0
Pumpkin,Low Country,2023,9,67.58,-10.25,-24.64,46,0,64.93,0
Pumpkin,Low Country,2023,10,59.62,-17.62,-31.21,39,1,62.88,1
Pumpkin,Low Country,2023,11,56.03,-12.78,-33.2,32,1,58.9,1
Pumpkin,Low Country,2023,12,52.4,-23.29,-35.51,25,1,54.03,1
Pumpkin,Low Country,2023,13,48.07,-28.87,-38.92,18,1,49.62,1
Pumpkin,Low Country,2023,14,41.98,-29.58,-41.77,11,1,46.18,1
Pumpkin,Low Country,2023,15,42.28,-24.53,-35.76,4,1,44.01,1
Pumpkin,Low Country,2023,16,43.69,-16.61,-27.31,363,0,42.8,0
Pumpkin,Low Country,2023,17,43.23,-10.06,-23.54,356,0,44.85,1
Pumpkin,Low Country,2023,18,50.19,19.56,-8.09,349,0,52.18,1
Pumpkin,Low Country,2023,19,71.59,69.31,31.23,342,0,59.86,0
Pumpkin,Low Country,2023,20,74.45,70.38,34.53,335,0,66.32,0
Pumpkin,Low Country,2023,21,69.06,59.74,24.66,328,0,71.81,1
Pumpkin,Low Country,2023,22,72.13,43.71,29.39,321,0,74.17,1
Pumpkin,Low Country,2023,23,81.06,13.23,41.23,314,0,79.26,0
Pumpkin,Low Country,2023,24,94.8,27.34,57.0,307,0,85.7,0
Pumpkin,Low Country,2023,25,94.82,37.3,48.99,300,0,93.06,0
Pumpkin,Low Country,2023,26,101.58,40.83,49.92,293,0,98.32,0
Pumpkin,Low Country,2023,27,102.08,25.94,41.03,286,0,100.86,0
Pumpkin,Low Country,2023,28,104.96,10.72,35.95,279,0,101.85,0
Pumpkin,Low Country,2023,29,98.79,4.19,21.31,272,0,101.52,1
Pumpkin,Low Country,2023,30,100.26,-1.3,16.81,265,0,104.74,1
Pumpkin,Low Country,2023,31,114.94,12.59,26.57,258,0,106.89,0
Pumpkin,Low Country,2023,32,113.57,8.21,20.77,251,0,103.51,0
Pumpkin,Low Country,2023,33,85.27,-13.69,-10.12,244,0,95.19,1
Pumpkin,Low Country,2023,34,66.99,-33.18,-29.27,237,0,80.18,1
Pumpkin,Low Country,2023,35,54.88,-52.25,-41.23,230,0,64.9,1
Pumpkin,Low Country,2023,36,52.46,-53.81,-42.47,223,0,59.12,1
Pumpkin,Low Country,2023,37,62.14,-27.12,-29.92,216,0,55.96,0
Pumpkin,Low Country,2023,38,54.38,-18.83,-36.45,209,0,54.82,1
Pumpkin,Low Country,2023,39,50.31,-8.33,-38.36,202,0,53.9,1
Pumpkin,Low Country,2023,40,48.75,-7.06,-37.11,195,0,50.7,1
Pumpkin,Low Country,2023,41,49.38,-20.55,-32.58,188,0,49.48,1
Pumpkin,Low Country,2023,42,49.46,-9.03,-28.77,181,0,50.43,1
Pumpkin,Low Country,2023,43,54.14,7.62,-17.84,174,0,55.76,1
Pumpkin,Low Country,2023,44,70.04,43.68,12.17,167,0,64.75,0
Pumpkin,Low Country,2023,45,85.35,72.86,41.6,160,0,74.92,0
Pumpkin,Low Country,2023,46,90.13,82.22,48.62,153,0,83.55,0
Pumpkin,Low Country,2023,47,88.65,63.74,42.27,146,0,89.8,1
Pumpkin,Low Country,2023,48,95.08,35.75,45.37,139,0,97.27,1
Pumpkin,Low Country,2023,49,115.22,35.0,64.05,132,0,111.18,0
Pumpkin,Low Country,2023,50,145.76,61.71,90.12,125,0,125.08,0
Pumpkin,Low Country,2023,51,144.24,62.7,72.58,118,0,136.83,0
Pumpkin,Low Country,2023,52,142.08,49.43,56.76,111,0,140.1,0
Pumpkin,Low Country,2024,1,128.3,11.35,32.6,104,0,130.86,1
Pumpkin,Low Country,2024,2,108.79,-25.36,7.37,97,0,125.98,1
Pumpkin,Low Country,2024,3,124.73,-13.53,16.44,90,0,125.26,1
Pumpkin,Low Country,2024,4,139.2,-2.03,22.47,83,0,145.26,1
Pumpkin,Low Country,2024,5,208.3,62.35,67.59,76,0,177.86,0
Pumpkin,Low Country,2024,6,239.2,119.86,75.71,69,0,209.71,0
Pumpkin,Low Country,2024,7,252.16,102.16,69.69,62,0,234.81,0
Pumpkin,Low Country,2024,8,239.59,72.12,49.55,55,0,245.37,1
Pumpkin,Low Country,2024,9,250.52,20.27,45.51,48,0,240.9,0
Pumpkin,Low Country,2024,10,221.34,-7.47,22.74,41,1,223.51,1
Pumpkin,Low Country,2024,11,182.59,-27.59,-0.31,34,1,200.93,1
Pumpkin,Low Country,2024,12,149.27,-37.7,-18.67,27,1,174.39,1
Pumpkin,Low Country,2024,13,144.37,-42.37,-21.42,20,1,151.71,1
Pumpkin,Low Country,2024,14,130.62,-40.98,-28.97,13,1,134.15,1
Pumpkin,Low Country,2024,15,112.34,-38.47,-39.0,6,1,123.68,1
Pumpkin,Low Country,2024,16,107.4,-28.05,-41.26,364,0,106.38,0
Pumpkin,Low Country,2024,17,75.14,-47.95,-57.76,357,0,88.5,1
Pumpkin,Low Country,2024,18,59.13,-54.73,-64.47,350,0,74.55,1
Pumpkin,Low Country,2024,19,56.53,-49.68,-62.9,343,0,65.1,1
Pumpkin,Low Country,2024,20,69.59,-35.2,-49.7,336,0,64.33,0
Pumpkin,Low Country,2024,21,72.06,-4.1,-42.56,329,0,70.84,0
Pumpkin,Low Country,2024,22,85.17,44.02,-24.46,322,0,80.71,0
Pumpkin,Low Country,2024,23,96.04,69.88,-6.85,315,0,93.11,0
Pumpkin,Low Country,2024,24,119.16,71.22,21.32,308,0,112.38,0
Pumpkin,Low Country,2024,25,149.15,106.97,51.87,301,0,129.46,0
Pumpkin,Low Country,2024,26,153.48,80.21,55.17,294,0,141.22,0
Pumpkin,Low Country,2024,27,143.1,49.0,43.28,287,0,147.51,1
Pumpkin,Low Country,2024,28,144.31,21.11,41.03,280,0,154.59,1
Pumpkin,Low Country,2024,29,177.48,18.99,64.76,273,0,157.73,0
Pumpkin,Low Country,2024,30,166.02,8.17,44.73,266,0,153.87,0
Pumpkin,Low Country,2024,31,127.68,-10.77,6.42,259,0,150.06,1
Pumpkin,Low Country,2024,32,129.05,-10.58,2.78,252,0,138.99,1
Pumpkin,Low Country,2024,33,133.2,-24.95,2.1,245,0,119.41,0
Pumpkin,Low Country,2024,34,87.73,-47.16,-33.37,238,0,104.09,1
Pumpkin,Low Country,2024,35,66.4,-47.99,-49.0,231,0,85.24,1
Pumpkin,Low Country,2024,36,53.62,-58.45,-57.77,224,0,65.54,1
Pumpkin,Low Country,2024,37,54.4,-59.16,-55.4,217,0,57.65,1
Pumpkin,Low Country,2024,38,56.17,-35.98,-51.08,210,0,56.21,1
Pumpkin,Low Country,2024,39,60.65,-8.67,-43.68,203,0,58.4,0
Pumpkin,Low Country,2024,40,62.38,16.35,-38.52,196,0,64.22,1
Pumpkin,Low Country,2024,41,77.68,42.8,-19.37,189,0,75.96,0
Pumpkin,Low Country,2024,42,103.14,83.64,13.81,182,0,86.96,0
Pumpkin,Low Country,2024,43,104.62,72.52,21.8,175,0,96.9,0
Pumpkin,Low Country,2024,44,102.14,63.74,21.69,168,0,102.94,1
Pumpkin,Low Country,2024,45,101.86,31.12,24.45,161,0,103.2,1
Pumpkin,Low Country,2024,46,104.18,1.01,30.86,154,0,103.64,0
Pumpkin,Low Country,2024,47,106.39,1.68,31.26,147,0,105.73,0
Pumpkin,Low Country,2024,48,110.5,8.18,30.86,140,0,108.97,0
Pumpkin,Low Country,2024,49,114.82,12.73,28.8,133,0,111.38,0
Pumpkin,Low Country,2024,50,113.82,9.25,21.45,126,0,122.9,1
Pumpkin,Low Country,2024,51,152.46,43.31,50.76,119,0,139.35,0
Pumpkin,Low Country,2024,52,176.28,59.53,60.22,112,0,151.44,0
Pumpkin,Low Country,2025,1,163.21,42.14,38.58,105,0,138.85,0
Pumpkin,Low Country,2025,35,63.44,-44.26,-45.63,232,0,129.69,1
Pumpkin,Low Country,2026,1,115.81,-24.04,-1.57,106,0,116.78,1
Pumpkin,Low Country,2026,2,124.67,-29.28,4.59,99,0,102.94,0
Pumpkin,Low Country,2026,3,107.82,-33.94,-9.87,92,0,108.11,1
Pumpkin,Low Country,2026,4,84.13,32.61,-28.87,85,0,101.47,1
Pumpkin,Low Country,2026,5,89.25,-22.93,-23.8,78,0,91.7,1
Pumpkin,Low Country,2026,6,85.61,-31.33,-25.89,71,0,87.8,1
Pumpkin,Low Country,2026,7,92.19,-14.5,-19.21,64,0,94.77,1
Pumpkin,Low Country,2026,8,112.03,33.17,-1.64,57,0,96.37,0
Pumpkin,Low Country,2026,9,95.64,7.17,-14.99,50,0,102.27,1
Pumpkin,Low Country,2026,10,109.22,27.58,0.04,43,1,110.76,1
Pumpkin,Low Country,2026,11,126.15,36.83,19.77,36,1,113.12,0
Pumpkin,Low Country,2026,12,121.46,8.41,18.95,29,1,112.93,0
Pumpkin,Low Country,2026,13,94.9,-0.78,-9.22,22,1,102.64,1
Pumpkin,Low Country,2026,14,68.04,-37.7,-32.53,15,1,87.14,1
Pumpkin,Low Country,2026,15,64.17,-49.13,-33.3,8,1,73.86,1
Pumpkin,Low Country,2026,16,68.31,-43.76,-26.68,1,1,64.13,0
Pumpkin,Low Country,2026,17,55.99,-41.0,-38.47,359,0,61.74,1
Pumpkin,Low Country,2026,18,58.47,-14.07,-34.03,352,0,64.61,1
Pumpkin,Low Country,2026,19,75.65,17.89,-13.9,345,0,76.02,1
Pumpkin,Low Country,2026,20,113.98,66.85,27.29,338,0,88.87,0
Pumpkin,Low Country,2026,21,107.38,91.8,20.41,331,0,97.48,0
Pumpkin,Low Country,2026,22,92.92,58.91,4.43,324,0,103.76,1
Pumpkin,Low Country,2026,23,100.74,33.17,14.07,317,0,98.04,0
Pumpkin,Low Country,2026,24,91.13,-20.05,6.42,310,0,93.3,1
Pumpkin,Low Country,2026,25,88.41,-17.67,6.41,303,0,93.43,1
Raddish,Up Country,2023,1,72.38,,0.0,102,0,65.62,0
Raddish,Up Country,2023,2,65.62,,-4.9,95,0,61.39,0
Raddish,Up Country,2023,3,57.17,,-12.12,88,0,57.16,0
Raddish,Up Country,2023,4,48.68,,-20.14,81,0,53.71,1
Raddish,Up Country,2023,5,43.35,-40.1,-24.53,74,0,48.65,1
Raddish,Up Country,2023,6,45.4,-30.81,-18.1,67,0,46.37,1
Raddish,Up Country,2023,7,48.05,-15.95,-11.64,60,0,47.06,0
Raddish,Up Country,2023,8,51.43,5.64,-4.78,53,0,49.5,0
Raddish,Up Country,2023,9,53.12,22.52,-1.48,46,0,50.84,0
Raddish,Up Country,2023,10,50.77,11.83,-5.27,39,1,51.04,1
Raddish,Up Country,2023,11,48.85,1.67,-8.12,32,1,50.32,1
Raddish,Up Country,2023,12,48.56,-5.58,-8.0,25,1,50.55,1
Raddish,Up Country,2023,13,54.01,1.68,2.14,18,1,51.06,0
Raddish,Up Country,2023,14,52.83,4.05,2.83,11,1,52.56,0
Raddish,Up Country,2023,15,54.86,12.31,8.54,4,1,56.27,1
Raddish,Up Country,2023,16,63.39,30.55,24.24,363,0,60.29,0
Raddish,Up Country,2023,17,70.08,29.76,33.06,356,0,65.57,0
Raddish,Up Country,2023,18,73.95,39.98,34.4,349,0,73.15,0
Raddish,Up Country,2023,19,85.19,55.29,46.68,342,0,86.59,1
Raddish,Up Country,2023,20,117.13,84.78,84.76,335,0,101.0,0
Raddish,Up Country,2023,21,127.7,82.23,84.37,328,0,114.61,0
Raddish,Up Country,2023,22,128.39,73.62,71.06,321,0,120.35,0
Raddish,Up Country,2023,23,108.15,26.95,36.1,314,0,115.37,1
Raddish,Up Country,2023,24,97.21,-17.01,16.86,307,0,106.58,1
Raddish,Up Country,2023,25,92.56,-27.52,6.91,300,0,96.28,1
Raddish,Up Country,2023,26,87.2,-32.08,-2.16,293,0,87.58,1
Raddish,Up Country,2023,27,73.36,-32.17,-19.12,286,0,78.29,1
Raddish,Up Country,2023,28,60.02,-38.25,-34.11,279,0,69.13,1
Raddish,Up Country,2023,29,55.91,-39.59,-38.24,272,0,61.12,1
Raddish,Up Country,2023,30,55.2,-36.7,-38.25,265,0,55.68,1
Raddish,Up Country,2023,31,51.58,-29.7,-41.17,258,0,53.2,1
Raddish,Up Country,2023,32,50.12,-16.5,-41.01,251,0,51.37,1
Raddish,Up Country,2023,33,48.57,-13.13,-39.05,244,0,50.75,1
Raddish,Up Country,2023,34,52.74,-4.45,-28.66,237,0,52.0,0
Raddish,Up Country,2023,35,56.55,9.65,-17.32,230,0,53.03,0
Raddish,Up Country,2023,36,54.25,8.23,-15.57,223,0,54.84,1
Raddish,Up Country,2023,37,55.83,14.95,-8.57,216,0,56.28,1
Raddish,Up Country,2023,38,58.49,10.91,0.07,209,0,57.63,0
Raddish,Up Country,2023,39,61.94,9.53,9.63,202,0,61.16,0
Raddish,Up Country,2023,40,68.37,26.04,21.83,195,0,63.76,0
Raddish,Up Country,2023,41,66.23,18.62,17.02,188,0,66.36,1
Raddish,Up Country,2023,42,68.89,17.77,19.6,181,0,72.03,1
Raddish,Up Country,2023,43,84.63,36.63,41.38,174,0,79.98,0
Raddish,Up Country,2023,44,100.16,46.49,57.49,167,0,91.35,0
Raddish,Up Country,2023,45,111.71,68.68,63.48,160,0,106.67,0
Raddish,Up Country,2023,46,130.16,88.94,74.45,153,0,121.48,0
Raddish,Up Country,2023,47,143.88,70.0,76.27,146,0,135.23,0
Raddish,Up Country,2023,48,155.17,54.93,73.94,139,0,144.92,0
Raddish,Up Country,2023,49,150.46,34.68,55.73,132,0,150.23,0
Raddish,Up Country,2023,50,151.43,16.34,45.65,125,0,149.54,0
Raddish,Up Country,2023,51,141.11,-1.92,27.91,118,0,146.94,1
Raddish,Up Country,2023,52,144.77,-6.71,24.06,111,0,140.64,0
Raddish,Up Country,2024,1,125.24,-16.76,3.45,104,0,132.82,1
Raddish,Up Country,2024,2,120.16,-20.65,-4.04,97,0,131.71,1
Raddish,Up Country,2024,3,136.67,-3.15,4.78,90,0,114.96,0
Raddish,Up Country,2024,29,77.77,-46.28,-40.13,273,0,102.34,1
Raddish,Up Country,2024,30,74.79,-40.29,-41.55,266,0,87.89,1
Raddish,Up Country,2024,31,62.33,-48.12,-49.79,259,0,67.27,1
Raddish,Up Country,2024,32,54.19,-60.35,-54.19,252,0,61.76,1
Raddish,Up Country,2024,33,55.71,-28.36,-50.04,245,0,56.51,1
Raddish,Up Country,2024,34,53.81,-28.04,-48.12,238,0,54.59,1
Raddish,Up Country,2024,35,54.64,-12.35,-43.3,231,0,55.77,1
Raddish,Up Country,2024,36,58.9,8.69,-33.99,224,0,57.18,0
Raddish,Up Country,2024,37,61.38,10.18,-26.14,217,0,61.19,0
Raddish,Up Country,2024,38,69.85,29.8,-9.69,210,0,64.58,0
Raddish,Up Country,2024,39,68.2,24.82,-6.52,203,0,65.17,0
Raddish,Up Country,2024,40,61.26,4.0,-10.47,196,0,63.81,1
Raddish,Up Country,2024,41,55.94,-8.87,-10.09,189,0,61.16,1
Raddish,Up Country,2024,42,59.25,-15.17,-2.52,182,0,60.51,1
Raddish,Up Country,2024,43,65.58,-3.83,9.16,175,0,61.76,0
Raddish,Up Country,2024,44,66.26,8.16,9.73,168,0,64.46,0
Raddish,Up Country,2024,45,66.76,19.36,8.82,161,0,67.67,1
Raddish,Up Country,2024,46,72.08,21.64,15.13,154,0,69.77,0
Raddish,Up Country,2024,47,73.99,12.81,15.31,147,0,74.82,1
Raddish,Up Country,2024,48,86.44,30.47,29.78,140,0,84.22,0
Raddish,Up Country,2024,49,104.36,56.31,48.86,133,0,95.96,0
Raddish,Up Country,2024,50,119.06,65.18,59.73,126,0,102.29,0
Raddish,Up Country,2024,51,99.29,34.2,29.28,119,0,104.35,1
Raddish,Up Country,2024,52,94.7,9.55,20.11,112,0,102.91,1
Raddish,Up Country,2025,1,98.61,-5.51,20.67,105,0,98.43,0
Raddish,Up Country,2025,35,101.11,-15.08,18.69,232,0,111.34,1
Raddish,Up Country,2026,1,150.96,52.04,63.65,106,0,121.01,0
Raddish,Up Country,2026,2,133.38,40.85,36.85,99,0,123.09,0
Raddish,Up Country,2026,3,106.91,8.41,6.28,92,0,121.57,1
Raddish,Up Country,2026,4,95.04,-6.01,-7.52,85,0,103.19,1
Raddish,Up Country,2026,5,77.43,-48.71,-24.96,78,0,84.56,1
Raddish,Up Country,2026,6,58.86,-55.87,-42.3,71,0,70.6,1
Raddish,Up Country,2026,7,51.08,-52.22,-48.56,64,0,59.39,1
Raddish,Up Country,2026,8,50.19,-47.19,-47.24,57,0,52.2,1
Raddish,Up Country,2026,9,48.66,-37.15,-45.75,50,0,51.24,1
Raddish,Up Country,2026,10,55.02,-6.52,-36.25,43,1,51.9,0
Raddish,Up Country,2026,11,53.73,5.2,-35.38,36,1,52.72,0
Raddish,Up Country,2026,12,53.47,6.54,-32.9,29,1,53.58,1
Raddish,Up Country,2026,13,52.11,7.08,-31.36,22,1,52.48,1
Raddish,Up Country,2026,14,50.62,-7.99,-25.76,15,1,52.55,1
Raddish,Up Country,2026,15,53.98,0.47,-13.05,8,1,51.05,0
Raddish,Up Country,2026,16,47.47,-11.21,-17.46,1,1,54.75,1
Raddish,Up Country,2026,17,66.91,28.41,20.89,359,0,62.37,0
Raddish,Up Country,2026,18,81.1,60.2,45.78,352,0,75.03,0
Raddish,Up Country,2026,19,104.62,93.8,76.87,345,0,93.2,0
Raddish,Up Country,2026,20,120.15,153.09,86.38,338,0,111.81,0
Raddish,Up Country,2026,21,141.35,111.25,97.75,331,0,131.65,0
Raddish,Up Country,2026,22,160.48,97.88,100.4,324,0,145.77,0
Raddish,Up Country,2026,23,161.09,53.97,82.56,317,0,149.73,0
Raddish,Up Country,2026,24,136.02,13.2,43.83,310,0,143.62,1
Raddish,Up Country,2026,25,116.9,-17.3,17.55,303,0,138.0,1
Raw Red,Grocery/Staple,2023,1,199.32,,0.0,102,0,197.8,0
Raw Red,Grocery/Staple,2023,2,197.8,,-0.38,95,0,197.01,0
Raw Red,Grocery/Staple,2023,3,196.22,,-0.79,88,0,194.62,0
Raw Red,Grocery/Staple,2023,4,189.85,,-3.04,81,0,191.9,1
Raw Red,Grocery/Staple,2023,5,183.75,-7.81,-4.98,74,0,187.2,1
Raw Red,Grocery/Staple,2023,6,179.0,-9.5,-6.28,67,0,180.47,1
Raw Red,Grocery/Staple,2023,7,169.27,-13.73,-9.91,60,0,175.75,1
Raw Red,Grocery/Staple,2023,8,170.99,-9.93,-7.96,53,0,172.14,1
Raw Red,Grocery/Staple,2023,9,169.3,-7.86,-7.96,46,0,169.28,0
Raw Red,Grocery/Staple,2023,10,167.56,-6.39,-8.09,39,1,168.4,1
Raw Red,Grocery/Staple,2023,11,165.76,-2.07,-8.32,32,1,166.36,1
Raw Red,Grocery/Staple,2023,12,162.8,-4.79,-9.2,25,1,164.78,1
Raw Red,Grocery/Staple,2023,13,162.98,-3.73,-8.46,18,1,163.06,1
Raw Red,Grocery/Staple,2023,14,160.7,-4.1,-8.21,11,1,161.18,1
Raw Red,Grocery/Staple,2023,15,158.25,-4.53,-8.01,4,1,159.99,1
Raw Red,Grocery/Staple,2023,16,158.01,-2.94,-6.55,363,0,158.8,1
Raw Red,Grocery/Staple,2023,17,158.26,-2.9,-5.05,356,0,157.2,0
Raw Red,Grocery/Staple,2023,18,154.3,-3.98,-6.14,349,0,156.18,1
Raw Red,Grocery/Staple,2023,19,154.15,-2.59,-5.13,342,0,154.47,1
Raw Red,Grocery/Staple,2023,20,151.19,-4.32,-6.15,335,0,152.6,1
Raw Red,Grocery/Staple,2023,21,150.77,-4.73,-5.5,328,0,151.51,1
Raw Red,Grocery/Staple,2023,22,149.94,-2.83,-5.13,321,0,149.37,0
Raw Red,Grocery/Staple,2023,23,145.58,-5.56,-6.89,314,0,146.41,1
Raw Red,Grocery/Staple,2023,24,139.34,-7.84,-9.71,307,0,143.7,1
Raw Red,Grocery/Staple,2023,25,139.95,-7.17,-8.27,300,0,140.9,1
Raw Red,Grocery/Staple,2023,26,138.72,-7.48,-7.95,293,0,138.78,1
Raw Red,Grocery/Staple,2023,27,137.12,-5.81,-7.9,286,0,138.66,1
Raw Red,Grocery/Staple,2023,28,138.85,-0.35,-5.8,279,0,138.6,0
Raw Red,Grocery/Staple,2023,29,139.68,-0.19,-4.32,272,0,140.05,1
Raw Red,Grocery/Staple,2023,30,144.55,4.2,-0.27,265,0,142.27,0
Raw Red,Grocery/Staple,2023,31,145.98,6.46,1.17,258,0,144.08,0
Raw Red,Grocery/Staple,2023,32,146.12,5.24,1.7,251,0,145.66,0
Raw Red,Grocery/Staple,2023,33,146.0,4.52,1.9,244,0,147.92,1
Raw Red,Grocery/Staple,2023,34,153.57,6.24,7.03,237,0,153.07,0
Raw Red,Grocery/Staple,2023,35,166.59,14.12,15.07,230,0,160.56,0
Raw Red,Grocery/Staple,2023,36,176.08,20.5,19.68,223,0,168.74,0
Raw Red,Grocery/Staple,2023,37,178.73,22.42,19.03,216,0,174.66,0
Raw Red,Grocery/Staple,2023,38,177.25,15.42,15.83,209,0,177.01,0
Raw Red,Grocery/Staple,2023,39,176.0,5.65,12.9,202,0,176.66,1
Raw Red,Grocery/Staple,2023,40,174.65,-0.81,10.0,195,0,175.04,1
Raw Red,Grocery/Staple,2023,41,172.25,-3.63,6.76,188,0,173.79,1
Raw Red,Grocery/Staple,2023,42,172.25,-2.82,5.13,181,0,173.73,1
Raw Red,Grocery/Staple,2023,43,175.78,-0.12,5.73,174,0,174.27,0
Raw Red,Grocery/Staple,2023,44,176.8,1.23,4.85,167,0,177.55,1
Raw Red,Grocery/Staple,2023,45,185.38,7.62,8.0,160,0,181.0,0
Raw Red,Grocery/Staple,2023,46,186.06,8.02,6.49,153,0,183.51,0
Raw Red,Grocery/Staple,2023,47,185.81,5.71,4.86,146,0,186.0,1
Raw Red,Grocery/Staple,2023,48,186.76,5.64,4.48,139,0,186.06,0
Raw Red,Grocery/Staple,2023,49,185.61,0.13,3.41,132,0,185.97,1
Raw Red,Grocery/Staple,2023,50,185.7,-0.2,3.15,125,0,185.65,0
Raw Red,Grocery/Staple,2023,51,184.54,-0.68,2.19,118,0,184.44,0
Raw Red,Grocery/Staple,2023,52,181.92,-2.59,0.49,111,0,183.45,1
Raw Red,Grocery/Staple,2024,1,181.66,-2.13,0.04,104,0,182.51,1
Raw Red,Grocery/Staple,2024,2,181.94,-2.03,-0.21,97,0,181.5,0
Raw Red,Grocery/Staple,2024,3,180.48,-2.2,-1.36,90,0,180.86,1
Raw Red,Grocery/Staple,2024,4,179.39,-1.39,-2.1,83,0,179.53,1
Raw Red,Grocery/Staple,2024,5,176.32,-2.94,-3.75,76,0,177.12,1
Raw Red,Grocery/Staple,2024,6,172.3,-5.3,-5.43,69,0,175.66,1
Raw Red,Grocery/Staple,2024,7,174.62,-3.24,-3.69,62,0,174.14,0
Raw Red,Grocery/Staple,2024,8,173.31,-3.39,-3.9,55,0,173.13,0
Raw Red,Grocery/Staple,2024,9,172.3,-2.28,-3.87,48,0,173.28,1
Raw Red,Grocery/Staple,2024,10,172.88,0.33,-3.02,41,1,172.87,0
Raw Red,Grocery/Staple,2024,11,173.0,-0.93,-2.41,34,1,172.79,0
Raw Red,Grocery/Staple,2024,12,173.0,-0.18,-1.92,27,1,172.94,0
Raw Red,Grocery/Staple,2024,13,172.88,0.33,-1.61,20,1,172.66,0
Raw Red,Grocery/Staple,2024,14,171.75,-0.65,-1.82,13,1,173.12,1
Raw Red,Grocery/Staple,2024,15,174.87,1.08,0.27,6,1,174.17,0
Raw Red,Grocery/Staple,2024,16,177.19,2.42,1.75,364,0,176.33,0
Raw Red,Grocery/Staple,2024,17,181.5,4.99,4.13,357,0,179.2,0
Raw Red,Grocery/Staple,2024,18,183.25,6.7,4.81,350,0,181.52,0
Raw Red,Grocery/Staple,2024,19,184.13,5.3,4.77,343,0,183.27,0
Raw Red,Grocery/Staple,2024,20,184.2,3.96,4.37,336,0,183.9,0
Raw Red,Grocery/Staple,2024,21,184.0,1.38,3.78,329,0,184.18,1
Raw Red,Grocery/Staple,2024,22,184.4,0.63,3.46,322,0,184.39,0
Raw Red,Grocery/Staple,2024,23,184.96,0.45,3.24,315,0,185.07,1
Raw Red,Grocery/Staple,2024,24,186.92,1.48,3.71,308,0,187.57,1
Raw Red,Grocery/Staple,2024,25,194.0,5.43,6.68,301,0,190.37,0
Raw Red,Grocery/Staple,2024,26,195.6,6.07,6.54,294,0,192.68,0
Raw Red,Grocery/Staple,2024,27,194.2,5.0,4.79,287,0,194.53,1
Raw Red,Grocery/Staple,2024,28,194.32,3.96,4.01,280,0,195.18,1
Raw Red,Grocery/Staple,2024,29,196.6,1.34,4.4,273,0,195.24,0
Raw Red,Grocery/Staple,2024,30,195.83,0.12,3.39,266,0,195.74,0
Raw Red,Grocery/Staple,2024,31,196.2,1.03,3.04,259,0,195.43,0
Raw Red,Grocery/Staple,2024,32,193.08,-0.64,1.04,252,0,194.23,1
Raw Red,Grocery/Staple,2024,33,191.82,-2.43,0.07,245,0,193.69,1
Raw Red,Grocery/Staple,2024,34,193.65,-1.12,0.63,238,0,194.32,1
Raw Red,Grocery/Staple,2024,35,198.74,1.3,2.69,231,0,197.21,0
Raw Red,Grocery/Staple,2024,36,204.62,5.98,4.91,224,0,201.05,0
Raw Red,Grocery/Staple,2024,37,207.2,8.02,5.39,217,0,204.83,0
Raw Red,Grocery/Staple,2024,38,208.77,7.81,5.58,210,0,207.18,0
Raw Red,Grocery/Staple,2024,39,208.15,4.73,4.75,203,0,207.88,0
Raw Red,Grocery/Staple,2024,40,207.42,1.37,3.85,196,0,207.87,1
Raw Red,Grocery/Staple,2024,41,207.16,-0.02,3.21,189,0,207.65,1
Raw Red,Grocery/Staple,2024,42,207.88,-0.43,3.12,182,0,207.67,0
Raw Red,Grocery/Staple,2024,43,208.24,0.04,2.82,175,0,208.18,0
Raw Red,Grocery/Staple,2024,44,209.43,0.97,2.89,168,0,209.39,0
Raw Red,Grocery/Staple,2024,45,211.99,2.33,3.41,161,0,211.25,0
Raw Red,Grocery/Staple,2024,46,215.34,3.59,4.12,154,0,214.53,0
Raw Red,Grocery/Staple,2024,47,221.36,6.3,5.94,147,0,218.33,0
Raw Red,Grocery/Staple,2024,48,224.63,7.26,6.49,140,0,225.3,1
Raw Red,Grocery/Staple,2024,49,239.88,13.15,12.28,133,0,227.36,0
Raw Red,Grocery/Staple,2024,50,223.6,3.84,4.04,126,0,226.44,1
Raw Red,Grocery/Staple,2024,51,217.67,-1.67,0.96,119,0,218.09,1
Raw Red,Grocery/Staple,2025,35,191.2,-14.88,-10.78,232,0,210.79,1
Raw Red,Grocery/Staple,2026,1,210.7,-12.16,-1.79,106,0,207.65,0
Raw Red,Grocery/Staple,2026,2,211.05,-5.61,-1.77,99,0,205.44,0
Raw Red,Grocery/Staple,2026,3,208.82,-4.07,-2.84,92,0,208.98,1
Raw Red,Grocery/Staple,2026,4,205.34,7.4,-4.36,85,0,206.33,1
Raw Red,Grocery/Staple,2026,5,200.12,-5.02,-6.48,78,0,203.19,1
Raw Red,Grocery/Staple,2026,6,198.5,-5.95,-6.78,71,0,199.64,1
Raw Red,Grocery/Staple,2026,7,194.6,-6.81,-7.92,64,0,195.13,1
Raw Red,Grocery/Staple,2026,8,187.28,-8.8,-10.27,57,0,192.34,1
Raw Red,Grocery/Staple,2026,9,188.98,-5.57,-8.25,50,0,189.85,1
Raw Red,Grocery/Staple,2026,10,188.53,-5.02,-6.68,43,1,188.95,1
Raw Red,Grocery/Staple,2026,11,191.02,-1.84,-4.26,36,1,189.33,0
Raw Red,Grocery/Staple,2026,12,188.8,0.81,-4.31,29,1,189.41,1
Raw Red,Grocery/Staple,2026,13,189.28,0.16,-3.99,22,1,190.87,1
Raw Red,Grocery/Staple,2026,14,194.37,3.09,-0.78,15,1,191.17,0
Raw Red,Grocery/Staple,2026,15,192.22,0.63,-1.15,8,1,191.92,0
Raw Red,Grocery/Staple,2026,17,191.8,1.59,-0.69,359,0,192.6,1
Raw Red,Grocery/Staple,2026,18,192.0,1.44,-0.06,352,0,192.04,1
Raw Red,Grocery/Staple,2026,19,192.16,-1.14,0.34,345,0,191.64,0
Raw Red,Grocery/Staple,2026,20,190.58,-0.85,-0.16,338,0,191.2,1
Raw Red,Grocery/Staple,2026,21,190.08,-0.9,-0.24,331,0,188.94,0
Raw Red,Grocery/Staple,2026,22,182.95,-4.71,-3.82,324,0,186.38,1
Raw Red,Grocery/Staple,2026,23,181.92,-5.33,-4.09,317,0,184.01,1
Raw Red,Grocery/Staple,2026,24,181.1,-4.97,-4.23,310,0,181.12,1
Raw Red,Grocery/Staple,2026,25,178.52,-6.08,-5.11,303,0,180.51,1
Raw White,Grocery/Staple,2023,1,186.88,,0.0,102,0,185.72,0
Raw White,Grocery/Staple,2023,2,185.72,,-0.31,95,0,184.41,0
Raw White,Grocery/Staple,2023,3,183.1,,-1.15,88,0,183.08,0
Raw White,Grocery/Staple,2023,4,180.4,,-1.97,81,0,180.99,1
Raw White,Grocery/Staple,2023,5,174.72,-6.5,-4.09,74,0,177.39,1
Raw White,Grocery/Staple,2023,6,171.34,-7.75,-5.0,67,0,173.6,1
Raw White,Grocery/Staple,2023,7,167.92,-8.29,-5.97,60,0,171.3,1
Raw White,Grocery/Staple,2023,8,171.24,-5.08,-3.62,53,0,170.98,0
Raw White,Grocery/Staple,2023,9,173.4,-0.76,-2.14,46,0,171.67,0
Raw White,Grocery/Staple,2023,10,174.12,1.63,-1.56,39,1,172.63,0
Raw White,Grocery/Staple,2023,11,171.74,2.27,-2.65,32,1,172.74,1
Raw White,Grocery/Staple,2023,12,171.68,0.26,-2.47,25,1,172.43,1
Raw White,Grocery/Staple,2023,13,172.16,-0.72,-2.03,18,1,171.4,0
Raw White,Grocery/Staple,2023,14,170.03,-2.35,-2.52,11,1,170.66,1
Raw White,Grocery/Staple,2023,15,168.75,-1.74,-2.53,4,1,169.74,1
Raw White,Grocery/Staple,2023,16,168.02,-2.13,-2.29,363,0,168.73,1
Raw White,Grocery/Staple,2023,17,168.1,-2.36,-1.71,356,0,167.73,0
Raw White,Grocery/Staple,2023,18,166.03,-2.35,-2.53,349,0,167.07,1
Raw White,Grocery/Staple,2023,19,166.14,-1.55,-2.24,342,0,166.22,1
Raw White,Grocery/Staple,2023,20,164.62,-2.02,-2.99,335,0,164.88,1
Raw White,Grocery/Staple,2023,21,162.73,-3.19,-3.73,328,0,163.85,1
Raw White,Grocery/Staple,2023,22,161.9,-2.49,-3.72,321,0,162.43,1
Raw White,Grocery/Staple,2023,23,160.48,-3.41,-3.97,314,0,160.92,1
Raw White,Grocery/Staple,2023,24,158.56,-3.68,-4.54,307,0,158.82,1
Raw White,Grocery/Staple,2023,25,154.36,-5.14,-6.31,300,0,156.61,1
Raw White,Grocery/Staple,2023,26,153.02,-5.48,-6.29,293,0,155.65,1
Raw White,Grocery/Staple,2023,27,156.65,-2.39,-3.46,286,0,156.26,0
Raw White,Grocery/Staple,2023,28,161.02,1.55,-0.4,279,0,157.93,0
Raw White,Grocery/Staple,2023,29,161.04,4.33,-0.05,272,0,160.1,0
Raw White,Grocery/Staple,2023,30,161.68,5.66,0.65,265,0,161.2,0
Raw White,Grocery/Staple,2023,31,161.08,2.82,0.51,258,0,161.93,1
Raw White,Grocery/Staple,2023,32,163.94,1.81,2.41,251,0,162.81,0
Raw White,Grocery/Staple,2023,33,164.56,2.19,2.8,244,0,166.84,1
Raw White,Grocery/Staple,2023,34,177.78,9.96,10.26,237,0,174.23,0
Raw White,Grocery/Staple,2023,35,190.62,18.35,16.63,230,0,181.71,0
Raw White,Grocery/Staple,2023,36,193.88,18.26,16.78,223,0,188.79,0
Raw White,Grocery/Staple,2023,37,192.86,17.2,14.35,216,0,192.17,0
Raw White,Grocery/Staple,2023,38,191.3,7.6,11.55,209,0,192.06,1
Raw White,Grocery/Staple,2023,39,190.2,-0.22,9.09,202,0,191.02,1
Raw White,Grocery/Staple,2023,40,189.74,-2.14,7.26,195,0,189.98,1
Raw White,Grocery/Staple,2023,41,188.7,-2.16,5.4,188,0,189.34,1
Raw White,Grocery/Staple,2023,42,188.7,-1.36,4.16,181,0,189.4,1
Raw White,Grocery/Staple,2023,43,190.44,0.13,3.86,174,0,190.7,1
Raw White,Grocery/Staple,2023,44,194.94,2.74,4.82,167,0,193.5,0
Raw White,Grocery/Staple,2023,45,199.93,5.95,5.93,160,0,196.45,0
Raw White,Grocery/Staple,2023,46,200.48,6.24,4.69,153,0,199.25,0
Raw White,Grocery/Staple,2023,47,201.64,5.88,4.29,146,0,200.42,0
Raw White,Grocery/Staple,2023,48,199.63,2.41,2.89,139,0,200.45,1
Raw White,Grocery/Staple,2023,49,200.04,0.05,2.84,132,0,199.88,0
Raw White,Grocery/Staple,2023,50,198.23,-1.12,1.7,125,0,199.07,1
Raw White,Grocery/Staple,2023,51,198.4,-1.61,1.5,118,0,198.75,1
Raw White,Grocery/Staple,2023,52,198.35,-0.64,1.15,111,0,198.51,1
Raw White,Grocery/Staple,2024,1,199.06,-0.49,1.14,104,0,198.83,0
Raw White,Grocery/Staple,2024,2,199.5,0.64,0.94,97,0,198.75,0
Raw White,Grocery/Staple,2024,3,198.1,-0.15,-0.13,90,0,198.07,0
Raw White,Grocery/Staple,2024,4,195.63,-1.37,-1.58,83,0,196.4,1
Raw White,Grocery/Staple,2024,5,192.35,-3.37,-3.13,76,0,194.11,1
Raw White,Grocery/Staple,2024,6,190.34,-4.59,-3.78,69,0,191.78,1
Raw White,Grocery/Staple,2024,7,188.81,-4.69,-4.12,62,0,189.92,1
Raw White,Grocery/Staple,2024,8,188.16,-3.82,-3.95,55,0,188.84,1
Raw White,Grocery/Staple,2024,9,188.05,-2.24,-3.56,48,0,189.32,1
Raw White,Grocery/Staple,2024,10,192.25,1.0,-1.11,41,1,190.37,0
Raw White,Grocery/Staple,2024,11,193.0,2.22,-0.52,34,1,191.58,0
Raw White,Grocery/Staple,2024,12,193.0,2.57,-0.3,27,1,193.35,1
Raw White,Grocery/Staple,2024,13,195.15,3.78,0.94,20,1,194.16,0
Raw White,Grocery/Staple,2024,14,195.5,1.69,1.26,13,1,195.25,0
Raw White,Grocery/Staple,2024,15,197.33,2.25,2.3,6,1,196.32,0
Raw White,Grocery/Staple,2024,16,197.31,2.23,2.32,364,0,197.6,1
Raw White,Grocery/Staple,2024,17,200.25,2.61,3.65,357,0,198.91,0
Raw White,Grocery/Staple,2024,18,200.75,2.69,3.57,350,0,200.51,0
Raw White,Grocery/Staple,2024,19,203.74,3.25,4.55,343,0,202.68,0
Raw White,Grocery/Staple,2024,20,206.0,4.4,5.0,336,0,204.79,0
Raw White,Grocery/Staple,2024,21,208.67,4.2,5.51,329,0,206.08,0
Raw White,Grocery/Staple,2024,22,205.9,2.57,3.39,322,0,206.14,1
Raw White,Grocery/Staple,2024,23,204.0,0.13,1.98,315,0,205.69,1
Raw White,Grocery/Staple,2024,24,204.2,-0.87,1.64,308,0,204.52,1
Raw White,Grocery/Staple,2024,25,204.0,-2.24,1.11,301,0,204.05,1
Raw White,Grocery/Staple,2024,26,204.0,-0.92,0.77,294,0,204.05,1
Raw White,Grocery/Staple,2024,27,204.0,0.0,0.45,287,0,203.9,0
Raw White,Grocery/Staple,2024,28,203.6,-0.29,0.01,280,0,203.9,1
Raw White,Grocery/Staple,2024,29,204.0,0.0,-0.04,273,0,203.86,0
Raw White,Grocery/Staple,2024,30,203.86,-0.07,-0.25,266,0,203.02,0
Raw White,Grocery/Staple,2024,31,200.64,-1.65,-1.82,259,0,201.82,1
Raw White,Grocery/Staple,2024,32,198.8,-2.36,-2.54,252,0,200.86,1
Raw White,Grocery/Staple,2024,33,200.16,-1.88,-1.65,245,0,200.13,0
Raw White,Grocery/Staple,2024,34,200.92,-1.44,-0.99,238,0,200.88,0
Raw White,Grocery/Staple,2024,35,203.62,1.49,0.43,231,0,202.94,0
Raw White,Grocery/Staple,2024,36,207.06,4.15,2.01,224,0,205.36,0
Raw White,Grocery/Staple,2024,37,209.82,4.83,3.15,217,0,207.68,0
Raw White,Grocery/Staple,2024,38,210.2,4.62,3.09,210,0,209.54,0
Raw White,Grocery/Staple,2024,39,211.06,3.66,3.24,203,0,209.82,0
Raw White,Grocery/Staple,2024,40,208.18,0.54,1.67,196,0,209.41,1
Raw White,Grocery/Staple,2024,41,208.18,-0.78,1.49,189,0,209.11,1
Raw White,Grocery/Staple,2024,42,209.02,-0.56,1.71,182,0,209.14,1
Raw White,Grocery/Staple,2024,43,211.2,0.06,2.49,175,0,209.96,0
Raw White,Grocery/Staple,2024,44,211.43,1.56,2.19,168,0,211.23,0
Raw White,Grocery/Staple,2024,45,213.28,2.45,2.53,161,0,213.51,1
Raw White,Grocery/Staple,2024,46,218.14,4.36,4.18,154,0,216.61,0
Raw White,Grocery/Staple,2024,47,223.6,5.88,5.9,147,0,219.95,0
Raw White,Grocery/Staple,2024,48,224.77,6.31,5.64,140,0,227.0,1
Raw White,Grocery/Staple,2024,49,241.48,13.22,12.1,133,0,227.67,0
Raw White,Grocery/Staple,2024,50,220.82,1.23,2.11,126,0,226.1,1
Raw White,Grocery/Staple,2024,51,217.32,-2.81,0.24,119,0,224.67,1
Raw White,Grocery/Staple,2024,52,219.05,-2.54,0.75,112,0,220.33,1
Raw White,Grocery/Staple,2025,1,224.12,-7.19,2.5,105,0,214.7,0
Raw White,Grocery/Staple,2025,35,198.3,-10.2,-8.99,232,0,213.52,1
Raw White,Grocery/Staple,2026,1,212.6,-2.17,-2.55,106,0,211.88,0
Raw White,Grocery/Staple,2026,2,212.5,-2.99,-2.64,99,0,208.35,0
Raw White,Grocery/Staple,2026,3,210.0,-6.3,-3.74,92,0,209.73,0
Raw White,Grocery/Staple,2026,4,203.8,2.77,-6.27,85,0,207.11,1
Raw White,Grocery/Staple,2026,5,202.14,-4.92,-6.5,78,0,204.0,1
Raw White,Grocery/Staple,2026,6,200.08,-5.85,-6.67,71,0,200.08,0
Raw White,Grocery/Staple,2026,7,194.3,-7.48,-8.37,64,0,196.94,1
Raw White,Grocery/Staple,2026,8,191.26,-6.15,-8.13,57,0,193.95,1
Raw White,Grocery/Staple,2026,9,190.16,-5.93,-7.61,50,0,192.0,1
Raw White,Grocery/Staple,2026,10,192.27,-3.9,-5.7,43,1,191.58,0
Raw White,Grocery/Staple,2026,11,192.64,-0.85,-4.57,36,1,192.12,0
Raw White,Grocery/Staple,2026,12,193.42,1.13,-3.05,29,1,194.3,1
Raw White,Grocery/Staple,2026,13,198.86,4.58,-0.34,22,1,197.28,0
Raw White,Grocery/Staple,2026,14,204.2,6.21,2.67,15,1,199.6,0
Raw White,Grocery/Staple,2026,15,201.9,4.81,1.93,8,1,201.32,0
Raw White,Grocery/Staple,2026,17,200.34,3.58,1.52,359,0,201.67,1
Raw White,Grocery/Staple,2026,18,200.22,0.69,1.61,352,0,200.4,1
Raw White,Grocery/Staple,2026,19,199.14,-2.48,1.17,345,0,198.88,0
Raw White,Grocery/Staple,2026,20,195.8,-3.02,-0.36,338,0,197.32,1
Raw White,Grocery/Staple,2026,21,194.12,-3.1,-1.2,331,0,194.95,1
Raw White,Grocery/Staple,2026,22,190.74,-4.74,-2.91,324,0,192.73,1
Raw White,Grocery/Staple,2026,23,190.26,-4.46,-3.15,317,0,190.68,1
Raw White,Grocery/Staple,2026,24,187.6,-4.19,-4.33,310,0,189.04,1
Raw White,Grocery/Staple,2026,25,187.58,-3.37,-4.15,303,0,188.48,1
Red Dhal,Grocery/Staple,2023,1,357.8,,0.0,102,0,355.7,0
Red Dhal,Grocery/Staple,2023,2,355.7,,-0.29,95,0,354.35,0
Red Dhal,Grocery/Staple,2023,3,353.0,,-0.7,88,0,353.9,1
Red Dhal,Grocery/Staple,2023,4,353.0,,-0.53,81,0,351.56,0
Red Dhal,Grocery/Staple,2023,5,344.56,-3.7,-2.34,74,0,347.44,1
Red Dhal,Grocery/Staple,2023,6,339.2,-4.64,-3.24,67,0,343.69,1
Red Dhal,Grocery/Staple,2023,7,338.0,-4.25,-3.08,60,0,339.94,1
Red Dhal,Grocery/Staple,2023,8,338.0,-4.25,-2.71,53,0,338.2,1
Red Dhal,Grocery/Staple,2023,9,337.6,-2.02,-2.52,46,0,336.34,0
Red Dhal,Grocery/Staple,2023,10,331.75,-2.2,-3.8,39,1,331.2,0
Red Dhal,Grocery/Staple,2023,11,317.44,-6.08,-7.28,32,1,327.7,1
Red Dhal,Grocery/Staple,2023,12,324.0,-4.14,-4.94,25,1,321.49,0
Red Dhal,Grocery/Staple,2023,13,312.76,-7.36,-7.65,18,1,318.88,1
Red Dhal,Grocery/Staple,2023,14,321.33,-3.14,-4.33,11,1,320.27,0
Red Dhal,Grocery/Staple,2023,15,323.0,1.75,-3.11,4,1,320.16,0
Red Dhal,Grocery/Staple,2023,16,323.56,-0.14,-2.28,363,0,323.82,1
Red Dhal,Grocery/Staple,2023,17,327.4,4.68,-0.52,356,0,326.91,0
Red Dhal,Grocery/Staple,2023,18,333.67,3.84,1.64,349,0,329.16,0
Red Dhal,Grocery/Staple,2023,19,332.0,2.79,1.3,342,0,329.52,0
Red Dhal,Grocery/Staple,2023,20,325.0,0.45,-0.53,335,0,321.48,0
Red Dhal,Grocery/Staple,2023,21,295.24,-9.82,-8.72,328,0,306.91,1
Red Dhal,Grocery/Staple,2023,22,275.4,-17.46,-13.57,321,0,289.66,1
Red Dhal,Grocery/Staple,2023,23,263.0,-20.78,-16.07,314,0,273.36,1
Red Dhal,Grocery/Staple,2023,24,259.8,-20.06,-15.9,307,0,265.1,1
Red Dhal,Grocery/Staple,2023,25,262.2,-11.19,-13.8,300,0,258.83,0
Red Dhal,Grocery/Staple,2023,26,250.3,-9.11,-16.39,293,0,255.14,1
Red Dhal,Grocery/Staple,2023,27,248.25,-5.61,-15.49,286,0,253.19,1
Red Dhal,Grocery/Staple,2023,28,252.0,-3.0,-12.59,279,0,255.24,1
Red Dhal,Grocery/Staple,2023,29,270.4,3.13,-4.86,272,0,264.56,0
Red Dhal,Grocery/Staple,2023,30,287.6,14.9,2.3,265,0,274.31,0
Red Dhal,Grocery/Staple,2023,31,287.25,15.71,3.49,258,0,280.21,0
Red Dhal,Grocery/Staple,2023,32,275.6,9.37,0.87,251,0,280.16,1
Red Dhal,Grocery/Staple,2023,33,270.2,-0.07,0.44,244,0,278.56,1
Red Dhal,Grocery/Staple,2023,34,281.2,-2.23,4.95,237,0,280.19,0
Red Dhal,Grocery/Staple,2023,35,293.75,2.26,9.06,230,0,289.39,0
Red Dhal,Grocery/Staple,2023,36,312.4,13.35,14.37,223,0,299.54,0
Red Dhal,Grocery/Staple,2023,37,310.8,15.03,12.17,216,0,304.44,0
Red Dhal,Grocery/Staple,2023,38,300.8,6.97,7.41,209,0,304.75,1
Red Dhal,Grocery/Staple,2023,39,295.0,0.43,4.06,202,0,299.65,1
Red Dhal,Grocery/Staple,2023,40,292.0,-6.53,1.8,195,0,294.2,1
Red Dhal,Grocery/Staple,2023,41,289.0,-7.01,-0.24,188,0,291.8,1
Red Dhal,Grocery/Staple,2023,42,291.2,-3.19,-0.03,181,0,291.45,1
Red Dhal,Grocery/Staple,2023,43,293.6,-0.47,0.63,174,0,292.1,0
Red Dhal,Grocery/Staple,2023,44,294.6,0.89,0.78,167,0,294.18,0
Red Dhal,Grocery/Staple,2023,45,297.33,2.88,1.14,160,0,295.68,0
Red Dhal,Grocery/Staple,2023,46,297.2,2.06,0.38,153,0,296.28,0
Red Dhal,Grocery/Staple,2023,47,296.0,0.82,-0.41,146,0,296.88,1
Red Dhal,Grocery/Staple,2023,48,297.0,0.81,-0.15,139,0,297.65,1
Red Dhal,Grocery/Staple,2023,49,300.4,1.03,1.3,132,0,297.6,0
Red Dhal,Grocery/Staple,2023,50,297.0,-0.07,0.52,125,0,298.1,1
Red Dhal,Grocery/Staple,2023,51,298.0,0.68,0.93,118,0,298.68,1
Red Dhal,Grocery/Staple,2023,52,299.33,0.79,1.27,111,0,297.78,0
Red Dhal,Grocery/Staple,2024,1,296.8,-1.2,0.28,104,0,297.73,1
Red Dhal,Grocery/Staple,2024,2,296.8,-0.07,0.08,97,0,296.48,0
Red Dhal,Grocery/Staple,2024,3,293.0,-1.68,-1.25,90,0,296.15,1
Red Dhal,Grocery/Staple,2024,4,298.0,-0.45,0.32,83,0,296.55,0
Red Dhal,Grocery/Staple,2024,5,298.4,0.54,0.36,76,0,297.05,0
Red Dhal,Grocery/Staple,2024,6,298.8,0.67,0.46,69,0,297.5,0
Red Dhal,Grocery/Staple,2024,7,294.8,0.61,-0.83,62,0,296.62,1
Red Dhal,Grocery/Staple,2024,8,294.5,-1.17,-0.89,55,0,294.84,1
Red Dhal,Grocery/Staple,2024,9,291.25,-2.4,-1.84,48,0,292.39,1
Red Dhal,Grocery/Staple,2024,10,289.0,-3.28,-2.31,41,1,290.58,1
Red Dhal,Grocery/Staple,2024,11,287.56,-2.46,-2.55,34,1,288.3,1
Red Dhal,Grocery/Staple,2024,12,285.4,-3.09,-2.97,27,1,287.49,1
Red Dhal,Grocery/Staple,2024,13,288.0,-1.12,-1.79,20,1,286.04,0
Red Dhal,Grocery/Staple,2024,14,283.2,-2.01,-3.08,13,1,284.9,1
Red Dhal,Grocery/Staple,2024,15,283.0,-1.59,-2.8,6,1,284.05,1
Red Dhal,Grocery/Staple,2024,16,282.0,-1.19,-2.86,364,0,282.42,1
Red Dhal,Grocery/Staple,2024,17,281.5,-2.26,-2.61,357,0,282.19,1
Red Dhal,Grocery/Staple,2024,18,282.25,-0.34,-1.92,350,0,281.54,0
Red Dhal,Grocery/Staple,2024,19,280.4,-0.92,-2.09,343,0,280.69,1
Red Dhal,Grocery/Staple,2024,20,278.6,-1.21,-2.29,336,0,279.15,1
Red Dhal,Grocery/Staple,2024,21,275.33,-2.19,-2.93,329,0,277.83,1
Red Dhal,Grocery/Staple,2024,22,277.0,-1.86,-1.97,322,0,277.08,1
Red Dhal,Grocery/Staple,2024,23,277.4,-1.07,-1.51,315,0,276.68,0
Red Dhal,Grocery/Staple,2024,24,277.0,-0.57,-1.37,308,0,278.08,1
Red Dhal,Grocery/Staple,2024,25,280.93,2.03,0.15,301,0,280.48,0
Red Dhal,Grocery/Staple,2024,26,286.6,3.47,2.21,294,0,283.23,0
Red Dhal,Grocery/Staple,2024,27,288.4,3.97,2.71,287,0,285.98,0
Red Dhal,Grocery/Staple,2024,28,288.0,3.97,2.42,280,0,287.25,0
Red Dhal,Grocery/Staple,2024,29,286.0,1.8,1.6,273,0,285.9,0
Red Dhal,Grocery/Staple,2024,30,281.2,-1.88,-0.1,266,0,282.4,1
Red Dhal,Grocery/Staple,2024,31,274.4,-4.85,-2.3,259,0,277.95,1
Red Dhal,Grocery/Staple,2024,32,270.2,-6.18,-3.53,252,0,273.0,1
Red Dhal,Grocery/Staple,2024,33,266.2,-6.92,-4.63,245,0,270.26,1
Red Dhal,Grocery/Staple,2024,34,270.25,-3.89,-3.04,238,0,268.31,0
Red Dhal,Grocery/Staple,2024,35,266.6,-2.84,-4.08,231,0,267.21,1
Red Dhal,Grocery/Staple,2024,36,265.8,-1.63,-4.06,224,0,267.16,1
Red Dhal,Grocery/Staple,2024,37,266.0,-0.08,-3.69,217,0,266.6,1
Red Dhal,Grocery/Staple,2024,38,268.0,-0.83,-2.62,210,0,268.14,1
Red Dhal,Grocery/Staple,2024,39,272.75,2.31,-0.51,203,0,270.14,0
Red Dhal,Grocery/Staple,2024,40,273.8,3.01,0.29,196,0,272.59,0
Red Dhal,Grocery/Staple,2024,41,275.8,3.68,1.37,189,0,274.65,0
Red Dhal,Grocery/Staple,2024,42,276.25,3.08,1.81,182,0,274.91,0
Red Dhal,Grocery/Staple,2024,43,273.8,0.38,1.12,175,0,275.63,1
Red Dhal,Grocery/Staple,2024,44,276.67,1.05,2.12,168,0,275.83,0
Red Dhal,Grocery/Staple,2024,45,276.6,0.29,1.91,161,0,275.08,0
Red Dhal,Grocery/Staple,2024,46,273.25,-1.09,0.47,154,0,275.23,1
Red Dhal,Grocery/Staple,2024,47,274.4,0.22,0.78,147,0,274.06,0
Red Dhal,Grocery/Staple,2024,48,272.0,-1.69,-0.26,140,0,272.96,1
Red Dhal,Grocery/Staple,2024,49,272.2,-1.59,-0.36,133,0,272.75,1
Red Dhal,Grocery/Staple,2024,50,272.4,-0.31,-0.47,126,0,272.15,0
Red Dhal,Grocery/Staple,2024,51,272.0,-0.87,-0.73,119,0,272.4,1
Red Dhal,Grocery/Staple,2024,52,273.0,0.37,-0.37,112,0,272.85,0
Red Dhal,Grocery/Staple,2025,1,274.0,0.66,-0.01,105,0,266.25,0
Red Dhal,Grocery/Staple,2025,35,246.0,-9.69,-9.47,232,0,261.5,1
Red Dhal,Grocery/Staple,2026,1,253.0,-6.99,-6.28,106,0,256.5,1
Red Dhal,Grocery/Staple,2026,2,253.0,-7.33,-5.72,99,0,250.75,0
Red Dhal,Grocery/Staple,2026,3,251.0,-8.39,-5.77,92,0,251.3,1
Red Dhal,Grocery/Staple,2026,4,248.2,0.89,-6.05,85,0,247.85,0
Red Dhal,Grocery/Staple,2026,5,239.2,-5.45,-8.55,78,0,243.1,1
Red Dhal,Grocery/Staple,2026,6,234.0,-7.51,-9.46,71,0,237.95,1
Red Dhal,Grocery/Staple,2026,7,230.4,-8.21,-9.74,64,0,236.7,1
Red Dhal,Grocery/Staple,2026,8,243.2,-2.01,-3.89,57,0,239.8,0
Red Dhal,Grocery/Staple,2026,9,251.6,5.18,0.07,50,0,244.63,0
Red Dhal,Grocery/Staple,2026,10,253.33,8.26,1.34,43,1,252.43,0
Red Dhal,Grocery/Staple,2026,11,261.6,13.54,5.01,36,1,262.18,1
Red Dhal,Grocery/Staple,2026,12,282.2,16.04,12.99,29,1,278.78,0
Red Dhal,Grocery/Staple,2026,13,318.0,26.39,24.57,22,1,292.45,0
Red Dhal,Grocery/Staple,2026,14,308.0,21.58,18.68,15,1,296.35,0
Red Dhal,Grocery/Staple,2026,15,277.2,5.96,6.05,8,1,291.05,1
Red Dhal,Grocery/Staple,2026,17,261.0,-7.51,-0.44,359,0,271.92,1
Red Dhal,Grocery/Staple,2026,18,241.5,-24.06,-7.7,352,0,253.22,1
Red Dhal,Grocery/Staple,2026,19,233.2,-24.29,-10.71,345,0,240.92,1
Red Dhal,Grocery/Staple,2026,20,228.0,-17.75,-12.55,338,0,235.12,1
Red Dhal,Grocery/Staple,2026,21,237.8,-8.89,-8.99,331,0,235.75,0
Red Dhal,Grocery/Staple,2026,22,244.0,1.04,-6.64,324,0,237.21,0
Red Dhal,Grocery/Staple,2026,23,239.04,2.5,-8.19,317,0,238.86,0
Red Dhal,Grocery/Staple,2026,24,234.6,2.89,-9.4,310,0,237.56,1
Red Dhal,Grocery/Staple,2026,25,232.6,-2.19,-9.39,303,0,235.41,1
Samba 1,Grocery/Staple,2023,1,216.34,,0.0,102,0,219.09,1
Samba 1,Grocery/Staple,2023,2,219.09,,0.63,95,0,218.45,0
Samba 1,Grocery/Staple,2023,3,217.8,,0.03,88,0,217.42,0
Samba 1,Grocery/Staple,2023,4,215.36,,-0.82,81,0,216.56,1
Samba 1,Grocery/Staple,2023,5,213.96,-1.1,-1.18,74,0,215.29,1
Samba 1,Grocery/Staple,2023,6,214.02,-2.32,-0.96,67,0,213.84,0
Samba 1,Grocery/Staple,2023,7,212.0,-2.67,-1.63,60,0,213.86,1
Samba 1,Grocery/Staple,2023,8,215.48,0.05,-0.01,53,0,214.28,0
Samba 1,Grocery/Staple,2023,9,215.62,0.78,0.05,46,0,215.23,0
Samba 1,Grocery/Staple,2023,10,217.83,1.78,0.96,39,1,216.85,0
Samba 1,Grocery/Staple,2023,11,218.48,3.05,1.15,32,1,217.25,0
Samba 1,Grocery/Staple,2023,12,217.08,0.74,0.46,25,1,217.45,1
Samba 1,Grocery/Staple,2023,13,216.4,0.36,0.13,18,1,216.94,1
Samba 1,Grocery/Staple,2023,14,215.8,-0.93,-0.13,11,1,215.88,1
Samba 1,Grocery/Staple,2023,15,214.25,-1.93,-0.67,4,1,215.34,1
Samba 1,Grocery/Staple,2023,16,214.91,-1.0,-0.26,363,0,214.81,0
Samba 1,Grocery/Staple,2023,17,214.29,-0.98,-0.51,356,0,214.06,0
Samba 1,Grocery/Staple,2023,18,212.8,-1.39,-1.16,349,0,214.07,1
Samba 1,Grocery/Staple,2023,19,214.27,0.01,-0.49,342,0,214.43,1
Samba 1,Grocery/Staple,2023,20,216.36,0.67,0.32,335,0,215.68,0
Samba 1,Grocery/Staple,2023,21,219.31,2.34,1.55,328,0,216.88,0
Samba 1,Grocery/Staple,2023,22,217.6,2.26,0.69,321,0,217.63,1
Samba 1,Grocery/Staple,2023,23,217.24,1.39,0.55,314,0,217.64,1
Samba 1,Grocery/Staple,2023,24,216.42,0.03,0.24,307,0,216.57,1
Samba 1,Grocery/Staple,2023,25,215.0,-1.97,-0.34,300,0,215.46,1
Samba 1,Grocery/Staple,2023,26,213.19,-2.03,-1.07,293,0,214.66,1
Samba 1,Grocery/Staple,2023,27,214.01,-1.49,-0.62,286,0,215.24,1
Samba 1,Grocery/Staple,2023,28,218.78,1.09,1.42,279,0,215.5,0
Samba 1,Grocery/Staple,2023,29,216.04,0.48,0.11,272,0,216.13,1
Samba 1,Grocery/Staple,2023,30,215.7,1.18,-0.09,265,0,216.66,1
Samba 1,Grocery/Staple,2023,31,216.12,0.99,-0.02,258,0,215.99,0
Samba 1,Grocery/Staple,2023,32,216.1,-1.22,-0.09,251,0,216.11,1
Samba 1,Grocery/Staple,2023,33,216.5,0.21,0.09,244,0,217.21,1
Samba 1,Grocery/Staple,2023,34,220.1,2.04,1.72,237,0,218.89,0
Samba 1,Grocery/Staple,2023,35,222.88,3.12,2.81,230,0,220.6,0
Samba 1,Grocery/Staple,2023,36,222.91,3.15,2.62,223,0,222.36,0
Samba 1,Grocery/Staple,2023,37,223.55,3.26,2.66,216,0,223.4,0
Samba 1,Grocery/Staple,2023,38,224.28,1.9,2.66,209,0,223.65,0
Samba 1,Grocery/Staple,2023,39,223.88,0.45,2.09,202,0,223.88,0
Samba 1,Grocery/Staple,2023,40,223.82,0.41,1.72,195,0,224.06,1
Samba 1,Grocery/Staple,2023,41,224.25,0.31,1.71,188,0,224.31,1
Samba 1,Grocery/Staple,2023,42,225.28,0.45,1.85,181,0,224.99,0
Samba 1,Grocery/Staple,2023,43,226.61,1.22,2.07,174,0,226.15,0
Samba 1,Grocery/Staple,2023,44,228.47,2.08,2.47,167,0,227.99,0
Samba 1,Grocery/Staple,2023,45,231.62,3.29,3.32,160,0,229.8,0
Samba 1,Grocery/Staple,2023,46,232.52,3.22,3.16,153,0,231.69,0
Samba 1,Grocery/Staple,2023,47,234.16,3.33,3.39,146,0,233.04,0
Samba 1,Grocery/Staple,2023,48,233.87,2.36,2.88,139,0,233.7,0
Samba 1,Grocery/Staple,2023,49,234.28,1.15,2.66,132,0,234.17,0
Samba 1,Grocery/Staple,2023,50,234.4,0.81,2.34,125,0,235.36,1
Samba 1,Grocery/Staple,2023,51,238.91,2.03,3.8,118,0,237.04,0
Samba 1,Grocery/Staple,2023,52,240.57,2.86,3.94,111,0,239.28,0
Samba 1,Grocery/Staple,2024,1,243.24,3.83,4.42,104,0,241.83,0
Samba 1,Grocery/Staple,2024,2,244.58,4.35,4.3,97,0,243.85,0
Samba 1,Grocery/Staple,2024,3,246.99,3.38,4.58,90,0,244.77,0
Samba 1,Grocery/Staple,2024,4,244.28,1.54,2.84,83,0,244.55,1
Samba 1,Grocery/Staple,2024,5,242.33,-0.37,1.57,76,0,243.39,1
Samba 1,Grocery/Staple,2024,6,239.95,-1.9,0.3,69,0,241.44,1
Samba 1,Grocery/Staple,2024,7,239.2,-3.16,-0.23,62,0,240.07,1
Samba 1,Grocery/Staple,2024,8,238.79,-2.25,-0.55,55,0,239.28,1
Samba 1,Grocery/Staple,2024,9,239.17,-1.3,-0.56,48,0,238.47,0
Samba 1,Grocery/Staple,2024,10,236.71,-1.35,-1.66,41,1,237.95,1
Samba 1,Grocery/Staple,2024,11,237.12,-0.87,-1.57,34,1,237.56,1
Samba 1,Grocery/Staple,2024,12,237.22,-0.66,-1.48,27,1,236.97,0
Samba 1,Grocery/Staple,2024,13,236.81,-0.99,-1.53,20,1,236.96,1
Samba 1,Grocery/Staple,2024,14,236.7,-0.01,-1.37,13,1,236.87,1
Samba 1,Grocery/Staple,2024,15,236.75,-0.16,-1.1,6,1,236.79,1
Samba 1,Grocery/Staple,2024,16,236.9,-0.14,-0.72,364,0,236.84,0
Samba 1,Grocery/Staple,2024,17,237.01,0.08,-0.44,357,0,236.86,0
Samba 1,Grocery/Staple,2024,18,236.76,0.03,-0.36,350,0,236.5,0
Samba 1,Grocery/Staple,2024,19,235.34,-0.59,-0.81,343,0,236.48,1
Samba 1,Grocery/Staple,2024,20,236.82,-0.03,-0.11,336,0,236.38,0
Samba 1,Grocery/Staple,2024,21,236.6,-0.17,-0.13,329,0,236.51,0
Samba 1,Grocery/Staple,2024,22,237.28,0.22,0.21,322,0,236.94,0
Samba 1,Grocery/Staple,2024,23,237.04,0.72,0.1,315,0,236.94,0
Samba 1,Grocery/Staple,2024,24,236.84,0.01,0.03,308,0,236.97,1
Samba 1,Grocery/Staple,2024,25,236.73,0.06,-0.0,301,0,236.77,1
Samba 1,Grocery/Staple,2024,26,236.48,-0.34,-0.1,294,0,236.78,1
Samba 1,Grocery/Staple,2024,27,237.08,0.02,0.14,287,0,236.85,0
Samba 1,Grocery/Staple,2024,28,237.12,0.12,0.15,280,0,236.91,0
Samba 1,Grocery/Staple,2024,29,236.96,0.1,0.08,273,0,236.44,0
Samba 1,Grocery/Staple,2024,30,234.61,-0.79,-0.84,266,0,235.13,1
Samba 1,Grocery/Staple,2024,31,231.83,-2.21,-1.85,259,0,233.35,1
Samba 1,Grocery/Staple,2024,32,229.99,-3.0,-2.46,252,0,231.37,1
Samba 1,Grocery/Staple,2024,33,229.04,-3.34,-2.62,245,0,229.55,1
Samba 1,Grocery/Staple,2024,34,227.32,-3.11,-3.05,238,0,228.55,1
Samba 1,Grocery/Staple,2024,35,227.84,-1.72,-2.53,231,0,228.31,1
Samba 1,Grocery/Staple,2024,36,229.02,-0.42,-1.77,224,0,228.7,0
Samba 1,Grocery/Staple,2024,37,230.62,0.69,-0.88,217,0,230.35,0
Samba 1,Grocery/Staple,2024,38,233.93,2.91,0.64,210,0,231.93,0
Samba 1,Grocery/Staple,2024,39,234.15,2.77,0.81,203,0,231.92,0
Samba 1,Grocery/Staple,2024,40,228.96,-0.03,-1.16,196,0,231.19,1
Samba 1,Grocery/Staple,2024,41,227.7,-1.27,-1.4,189,0,229.8,1
Samba 1,Grocery/Staple,2024,42,228.38,-2.38,-0.82,182,0,228.86,1
Samba 1,Grocery/Staple,2024,43,230.4,-1.6,0.2,175,0,228.92,0
Samba 1,Grocery/Staple,2024,44,229.2,0.1,-0.23,168,0,229.19,0
Samba 1,Grocery/Staple,2024,45,228.77,0.47,-0.38,161,0,229.42,1
Samba 1,Grocery/Staple,2024,46,229.31,0.41,-0.15,154,0,229.32,1
Samba 1,Grocery/Staple,2024,47,229.99,-0.18,0.05,147,0,230.39,1
Samba 1,Grocery/Staple,2024,48,233.48,1.87,1.38,140,0,233.45,0
Samba 1,Grocery/Staple,2024,49,241.0,5.35,4.23,133,0,235.44,0
Samba 1,Grocery/Staple,2024,50,237.3,3.48,2.4,126,0,237.27,0
Samba 1,Grocery/Staple,2024,51,237.3,3.18,2.29,119,0,238.52,1
Samba 1,Grocery/Staple,2024,52,238.47,2.14,2.64,112,0,237.86,0
Samba 1,Grocery/Staple,2025,1,238.38,-1.09,2.28,105,0,245.41,1
Samba 1,Grocery/Staple,2025,35,267.5,12.73,13.29,232,0,252.47,0
Samba 1,Grocery/Staple,2026,1,265.55,11.9,11.12,106,0,259.11,0
Samba 1,Grocery/Staple,2026,2,265.0,11.13,9.67,99,0,265.49,1
Samba 1,Grocery/Staple,2026,3,263.89,10.7,8.02,92,0,265.41,1
Samba 1,Grocery/Staple,2026,4,267.18,-0.12,8.06,85,0,265.16,0
Samba 1,Grocery/Staple,2026,5,264.58,-0.37,5.84,78,0,264.33,0
Samba 1,Grocery/Staple,2026,6,261.68,-1.26,3.67,71,0,263.79,1
Samba 1,Grocery/Staple,2026,7,261.73,-0.82,2.81,64,0,262.82,1
Samba 1,Grocery/Staple,2026,8,263.28,-1.46,2.73,57,0,262.16,0
Samba 1,Grocery/Staple,2026,9,261.94,-1.0,1.45,50,0,262.29,1
Samba 1,Grocery/Staple,2026,10,262.2,0.2,0.81,43,1,261.5,0
Samba 1,Grocery/Staple,2026,11,258.6,-1.2,-1.17,36,1,261.82,1
Samba 1,Grocery/Staple,2026,12,264.52,0.47,0.32,29,1,262.96,0
Samba 1,Grocery/Staple,2026,13,266.53,1.75,1.12,22,1,263.05,0
Samba 1,Grocery/Staple,2026,14,262.56,0.14,-0.31,15,1,264.53,1
Samba 1,Grocery/Staple,2026,15,264.53,2.29,0.46,8,1,265.89,1
Samba 1,Grocery/Staple,2026,17,269.94,2.05,2.33,359,0,266.74,0
Samba 1,Grocery/Staple,2026,18,269.92,1.27,2.24,352,0,268.26,0
Samba 1,Grocery/Staple,2026,19,268.67,2.33,1.65,345,0,269.14,1
Samba 1,Grocery/Staple,2026,20,268.03,1.32,1.22,338,0,267.9,0
Samba 1,Grocery/Staple,2026,21,265.0,-1.83,-0.02,331,0,265.97,1
Samba 1,Grocery/Staple,2026,22,262.17,-2.87,-1.06,324,0,264.51,1
Samba 1,Grocery/Staple,2026,23,262.85,-2.17,-0.83,317,0,263.08,1
Samba 1,Grocery/Staple,2026,24,262.31,-2.14,-1.03,310,0,262.32,1
Samba 1,Grocery/Staple,2026,25,261.94,-1.15,-1.27,303,0,262.37,1
Samba 2,Grocery/Staple,2023,1,203.38,,0.0,102,0,200.72,0
Samba 2,Grocery/Staple,2023,2,200.72,,-0.66,95,0,200.48,0
Samba 2,Grocery/Staple,2023,3,200.24,,-0.6,88,0,199.31,0
Samba 2,Grocery/Staple,2023,4,196.96,,-1.68,81,0,198.59,1
Samba 2,Grocery/Staple,2023,5,196.42,-3.42,-1.57,74,0,197.6,1
Samba 2,Grocery/Staple,2023,6,196.78,-1.97,-1.16,67,0,196.92,1
Samba 2,Grocery/Staple,2023,7,197.5,-1.37,-0.68,60,0,197.12,0
Samba 2,Grocery/Staple,2023,8,197.8,0.43,-0.47,53,0,198.24,1
Samba 2,Grocery/Staple,2023,9,200.86,2.26,0.95,46,0,199.73,0
Samba 2,Grocery/Staple,2023,10,202.77,3.04,1.72,39,1,200.8,0
Samba 2,Grocery/Staple,2023,11,201.78,2.16,1.11,32,1,201.33,0
Samba 2,Grocery/Staple,2023,12,199.91,1.07,0.16,25,1,200.35,1
Samba 2,Grocery/Staple,2023,13,196.94,-1.95,-1.23,18,1,198.76,1
Samba 2,Grocery/Staple,2023,14,196.43,-3.12,-1.22,11,1,197.13,1
Samba 2,Grocery/Staple,2023,15,195.23,-3.24,-1.61,4,1,195.83,1
Samba 2,Grocery/Staple,2023,16,194.7,-2.61,-1.67,363,0,195.46,1
Samba 2,Grocery/Staple,2023,17,195.46,-0.75,-1.23,356,0,196.42,1
Samba 2,Grocery/Staple,2023,18,200.3,1.97,1.07,349,0,197.68,0
Samba 2,Grocery/Staple,2023,19,200.26,2.58,0.91,342,0,199.1,0
Samba 2,Grocery/Staple,2023,20,200.4,2.93,0.87,335,0,200.7,1
Samba 2,Grocery/Staple,2023,21,201.86,3.27,1.44,328,0,200.32,0
Samba 2,Grocery/Staple,2023,22,198.78,-0.76,-0.03,321,0,199.76,1
Samba 2,Grocery/Staple,2023,23,198.0,-1.13,-0.23,314,0,198.94,1
Samba 2,Grocery/Staple,2023,24,197.12,-1.64,-0.5,307,0,197.25,1
Samba 2,Grocery/Staple,2023,25,195.1,-3.35,-1.33,300,0,196.24,1
Samba 2,Grocery/Staple,2023,26,194.75,-2.03,-1.43,293,0,195.59,1
Samba 2,Grocery/Staple,2023,27,195.38,-1.33,-1.07,286,0,195.84,1
Samba 2,Grocery/Staple,2023,28,198.12,0.51,0.21,279,0,196.33,0
Samba 2,Grocery/Staple,2023,29,197.08,1.01,-0.41,272,0,196.89,0
Samba 2,Grocery/Staple,2023,30,197.0,1.16,-0.51,265,0,197.21,1
Samba 2,Grocery/Staple,2023,31,196.65,0.65,-0.55,258,0,197.03,1
Samba 2,Grocery/Staple,2023,32,197.4,-0.36,-0.06,251,0,197.44,1
Samba 2,Grocery/Staple,2023,33,198.7,0.82,0.67,244,0,199.6,1
Samba 2,Grocery/Staple,2023,34,205.66,4.4,4.04,237,0,202.74,0
Samba 2,Grocery/Staple,2023,35,209.2,6.38,5.4,230,0,206.62,0
Samba 2,Grocery/Staple,2023,36,212.92,7.86,6.66,223,0,210.08,0
Samba 2,Grocery/Staple,2023,37,212.54,6.97,5.84,216,0,212.01,0
Samba 2,Grocery/Staple,2023,38,213.38,3.75,5.52,209,0,212.91,0
Samba 2,Grocery/Staple,2023,39,212.8,1.72,4.52,202,0,212.99,1
Samba 2,Grocery/Staple,2023,40,213.24,0.15,4.03,195,0,213.26,1
Samba 2,Grocery/Staple,2023,41,213.6,0.5,3.61,188,0,213.86,1
Samba 2,Grocery/Staple,2023,42,215.78,1.12,3.94,181,0,215.1,0
Samba 2,Grocery/Staple,2023,43,217.8,2.35,4.11,174,0,217.02,0
Samba 2,Grocery/Staple,2023,44,220.92,3.6,4.67,167,0,219.52,0
Samba 2,Grocery/Staple,2023,45,223.6,4.68,4.93,160,0,221.83,0
Samba 2,Grocery/Staple,2023,46,225.02,4.28,4.61,153,0,223.94,0
Samba 2,Grocery/Staple,2023,47,226.2,3.86,4.39,146,0,225.13,0
Samba 2,Grocery/Staple,2023,48,225.68,2.16,3.54,139,0,225.79,1
Samba 2,Grocery/Staple,2023,49,226.24,1.18,3.31,132,0,226.11,0
Samba 2,Grocery/Staple,2023,50,226.3,0.57,2.84,125,0,226.17,0
Samba 2,Grocery/Staple,2023,51,226.44,0.1,2.44,118,0,226.49,1
Samba 2,Grocery/Staple,2023,52,226.98,0.58,2.18,111,0,226.96,0
Samba 2,Grocery/Staple,2024,1,228.12,0.83,2.17,104,0,227.72,0
Samba 2,Grocery/Staple,2024,2,229.33,1.34,2.15,97,0,229.35,1
Samba 2,Grocery/Staple,2024,3,232.98,2.89,3.17,90,0,230.77,0
Samba 2,Grocery/Staple,2024,4,232.65,2.5,2.51,83,0,231.14,0
Samba 2,Grocery/Staple,2024,5,229.62,0.66,0.88,76,0,230.65,1
Samba 2,Grocery/Staple,2024,6,227.36,-0.86,-0.24,69,0,229.2,1
Samba 2,Grocery/Staple,2024,7,227.18,-2.49,-0.4,62,0,227.88,1
Samba 2,Grocery/Staple,2024,8,227.36,-2.28,-0.36,55,0,227.22,0
Samba 2,Grocery/Staple,2024,9,227.0,-1.14,-0.56,48,0,227.74,1
Samba 2,Grocery/Staple,2024,10,229.42,0.9,0.39,41,1,228.29,0
Samba 2,Grocery/Staple,2024,11,229.4,0.98,0.28,34,1,228.82,0
Samba 2,Grocery/Staple,2024,12,229.47,0.93,0.21,27,1,229.41,0
Samba 2,Grocery/Staple,2024,13,229.37,1.05,0.09,20,1,229.43,1
Samba 2,Grocery/Staple,2024,14,229.5,0.04,0.1,13,1,229.46,0
Samba 2,Grocery/Staple,2024,15,229.5,0.04,0.09,6,1,229.36,0
Samba 2,Grocery/Staple,2024,16,229.08,-0.17,0.04,364,0,229.38,1
Samba 2,Grocery/Staple,2024,17,229.46,0.04,0.31,357,0,229.37,0
Samba 2,Grocery/Staple,2024,18,229.46,-0.02,0.32,350,0,229.2,0
Samba 2,Grocery/Staple,2024,19,228.81,-0.3,-0.01,343,0,229.3,1
Samba 2,Grocery/Staple,2024,20,229.48,0.18,0.2,336,0,229.31,0
Samba 2,Grocery/Staple,2024,21,229.5,0.02,0.14,329,0,229.32,0
Samba 2,Grocery/Staple,2024,22,229.47,0.0,0.04,322,0,229.48,1
Samba 2,Grocery/Staple,2024,23,229.47,0.29,0.04,315,0,229.48,1
Samba 2,Grocery/Staple,2024,24,229.5,0.01,0.05,308,0,229.48,0
Samba 2,Grocery/Staple,2024,25,229.5,0.0,0.05,301,0,229.48,0
Samba 2,Grocery/Staple,2024,26,229.47,0.0,0.03,294,0,229.48,1
Samba 2,Grocery/Staple,2024,27,229.47,0.0,0.03,287,0,229.48,1
Samba 2,Grocery/Staple,2024,28,229.5,0.0,0.05,280,0,229.45,0
Samba 2,Grocery/Staple,2024,29,229.37,-0.06,-0.02,273,0,229.19,0
Samba 2,Grocery/Staple,2024,30,228.44,-0.45,-0.39,266,0,227.95,0
Samba 2,Grocery/Staple,2024,31,224.48,-2.17,-1.96,259,0,226.34,1
Samba 2,Grocery/Staple,2024,32,223.08,-2.8,-2.38,252,0,224.48,1
Samba 2,Grocery/Staple,2024,33,221.92,-3.25,-2.64,245,0,221.91,0
Samba 2,Grocery/Staple,2024,34,218.18,-4.49,-3.91,238,0,220.4,1
Samba 2,Grocery/Staple,2024,35,218.43,-2.7,-3.44,231,0,219.22,1
Samba 2,Grocery/Staple,2024,36,218.35,-2.12,-3.11,224,0,218.7,1
Samba 2,Grocery/Staple,2024,37,219.84,-0.93,-2.12,217,0,219.3,0
Samba 2,Grocery/Staple,2024,38,220.59,1.11,-1.49,210,0,219.97,0
Samba 2,Grocery/Staple,2024,39,221.09,1.22,-0.98,203,0,220.21,0
Samba 2,Grocery/Staple,2024,40,219.31,0.44,-1.44,196,0,219.85,1
Samba 2,Grocery/Staple,2024,41,218.4,-0.66,-1.47,189,0,219.3,1
Samba 2,Grocery/Staple,2024,42,218.42,-0.99,-1.08,182,0,219.13,1
Samba 2,Grocery/Staple,2024,43,220.38,-0.32,0.09,175,0,219.43,0
Samba 2,Grocery/Staple,2024,44,220.53,0.56,0.29,168,0,219.98,0
Samba 2,Grocery/Staple,2024,45,220.57,1.0,0.4,161,0,220.65,1
Samba 2,Grocery/Staple,2024,46,221.12,1.23,0.68,154,0,220.94,0
Samba 2,Grocery/Staple,2024,47,221.52,0.52,0.74,147,0,222.28,1
Samba 2,Grocery/Staple,2024,48,225.91,2.44,2.47,140,0,225.87,0
Samba 2,Grocery/Staple,2024,49,234.92,6.51,5.95,133,0,228.71,0
Samba 2,Grocery/Staple,2024,50,232.5,5.15,4.39,126,0,231.63,0
Samba 2,Grocery/Staple,2024,51,233.2,5.27,4.25,119,0,233.55,1
Samba 2,Grocery/Staple,2024,52,233.59,3.4,3.98,112,0,233.26,0
Samba 2,Grocery/Staple,2025,1,233.75,-0.5,3.54,105,0,236.1,1
Samba 2,Grocery/Staple,2025,35,243.85,4.88,7.09,232,0,242.27,0
Samba 2,Grocery/Staple,2026,1,257.9,10.59,11.77,106,0,248.44,0
Samba 2,Grocery/Staple,2026,2,258.24,10.55,10.52,99,0,254.35,0
Samba 2,Grocery/Staple,2026,3,257.4,10.12,8.84,92,0,257.08,0
Samba 2,Grocery/Staple,2026,4,254.77,4.48,6.54,85,0,254.25,0
Samba 2,Grocery/Staple,2026,5,246.59,-4.39,2.28,78,0,250.23,1
Samba 2,Grocery/Staple,2026,6,242.15,-6.23,-0.22,71,0,246.3,1
Samba 2,Grocery/Staple,2026,7,241.69,-6.1,-0.9,64,0,242.48,1
Samba 2,Grocery/Staple,2026,8,239.49,-6.0,-1.94,57,0,240.37,1
Samba 2,Grocery/Staple,2026,9,238.15,-3.42,-2.67,50,0,238.78,1
Samba 2,Grocery/Staple,2026,10,235.78,-2.63,-3.71,43,1,237.81,1
Samba 2,Grocery/Staple,2026,11,237.8,-1.61,-3.02,36,1,237.8,0
Samba 2,Grocery/Staple,2026,12,239.46,-0.02,-2.52,29,1,238.96,0
Samba 2,Grocery/Staple,2026,13,242.81,1.96,-1.12,22,1,241.37,0
Samba 2,Grocery/Staple,2026,14,245.42,4.09,0.34,15,1,243.45,0
Samba 2,Grocery/Staple,2026,15,246.12,3.5,1.01,8,1,245.79,0
Samba 2,Grocery/Staple,2026,17,248.8,3.9,2.39,359,0,247.08,0
Samba 2,Grocery/Staple,2026,18,247.98,2.13,2.27,352,0,246.96,0
Samba 2,Grocery/Staple,2026,19,244.94,-0.19,1.07,345,0,246.18,1
Samba 2,Grocery/Staple,2026,20,242.99,-1.27,0.24,338,0,245.09,1
Samba 2,Grocery/Staple,2026,21,244.46,-1.74,0.75,331,0,242.4,0
Samba 2,Grocery/Staple,2026,22,237.21,-4.34,-2.16,324,0,240.51,1
Samba 2,Grocery/Staple,2026,23,237.39,-3.08,-2.07,317,0,239.26,1
Samba 2,Grocery/Staple,2026,24,237.97,-2.07,-1.89,310,0,237.15,0
Samba 2,Grocery/Staple,2026,25,236.02,-3.45,-2.64,303,0,237.13,1
Snake Gourd,Low Country,2023,1,208.52,,0.0,102,0,186.19,0
Snake Gourd,Low Country,2023,2,186.19,,-5.66,95,0,184.42,0
Snake Gourd,Low Country,2023,3,182.65,,-5.09,88,0,172.76,0
Snake Gourd,Low Country,2023,4,149.44,,-17.76,81,0,162.04,1
Snake Gourd,Low Country,2023,5,129.88,-37.71,-24.2,74,0,146.17,1
Snake Gourd,Low Country,2023,6,122.71,-34.09,-24.82,67,0,135.87,1
Snake Gourd,Low Country,2023,7,141.43,-22.57,-11.67,60,0,136.13,0
Snake Gourd,Low Country,2023,8,150.51,0.72,-5.29,53,0,140.73,0
Snake Gourd,Low Country,2023,9,148.27,14.15,-6.0,46,0,143.69,0
Snake Gourd,Low Country,2023,10,134.55,9.64,-13.43,39,1,141.52,1
Snake Gourd,Low Country,2023,11,132.76,-6.13,-13.43,32,1,137.39,1
Snake Gourd,Low Country,2023,12,134.0,-10.97,-11.69,25,1,131.7,0
Snake Gourd,Low Country,2023,13,125.51,-15.35,-16.17,18,1,127.32,1
Snake Gourd,Low Country,2023,14,117.01,-13.03,-17.99,11,1,124.84,1
Snake Gourd,Low Country,2023,15,122.86,-7.46,-10.85,4,1,119.17,0
Snake Gourd,Low Country,2023,16,111.32,-16.93,-15.88,363,0,118.54,1
Snake Gourd,Low Country,2023,17,122.96,-2.03,-5.63,356,0,126.05,1
Snake Gourd,Low Country,2023,18,147.09,25.7,11.76,349,0,143.78,0
Snake Gourd,Low Country,2023,19,193.76,57.71,41.35,342,0,180.57,0
Snake Gourd,Low Country,2023,20,258.47,132.19,76.94,335,0,218.42,0
Snake Gourd,Low Country,2023,21,274.35,123.12,76.31,328,0,251.32,0
Snake Gourd,Low Country,2023,22,278.72,89.5,68.27,321,0,265.0,0
Snake Gourd,Low Country,2023,23,248.47,28.23,42.47,314,0,257.86,1
Snake Gourd,Low Country,2023,24,229.9,-11.05,26.4,307,0,245.83,1
Snake Gourd,Low Country,2023,25,226.24,-17.53,19.72,300,0,231.78,1
Snake Gourd,Low Country,2023,26,222.53,-20.16,13.29,293,0,212.79,0
Snake Gourd,Low Country,2023,27,172.47,-30.59,-14.07,286,0,193.0,1
Snake Gourd,Low Country,2023,28,150.75,-34.43,-25.68,279,0,168.43,1
Snake Gourd,Low Country,2023,29,127.96,-43.44,-37.31,272,0,139.83,1
Snake Gourd,Low Country,2023,30,108.13,-51.41,-46.73,265,0,122.32,1
Snake Gourd,Low Country,2023,31,102.43,-40.61,-48.67,258,0,109.81,1
Snake Gourd,Low Country,2023,32,100.71,-33.19,-47.65,251,0,104.5,1
Snake Gourd,Low Country,2023,33,106.73,-16.59,-40.94,244,0,105.53,0
Snake Gourd,Low Country,2023,34,112.24,3.8,-33.29,237,0,107.36,0
Snake Gourd,Low Country,2023,35,109.76,7.16,-29.3,230,0,110.14,1
Snake Gourd,Low Country,2023,36,111.84,11.04,-22.74,223,0,117.36,1
Snake Gourd,Low Country,2023,37,135.61,27.06,-1.37,216,0,126.55,0
Snake Gourd,Low Country,2023,38,148.98,32.73,13.25,209,0,137.8,0
Snake Gourd,Low Country,2023,39,154.76,41.0,22.5,202,0,145.43,0
Snake Gourd,Low Country,2023,40,142.35,27.28,14.78,195,0,151.75,1
Snake Gourd,Low Country,2023,41,160.92,18.66,28.94,188,0,158.47,0
Snake Gourd,Low Country,2023,42,175.87,18.05,36.87,181,0,172.19,0
Snake Gourd,Low Country,2023,43,209.64,35.46,53.81,174,0,200.82,0
Snake Gourd,Low Country,2023,44,256.84,80.43,73.33,167,0,229.76,0
Snake Gourd,Low Country,2023,45,276.68,71.94,71.1,160,0,254.64,0
Snake Gourd,Low Country,2023,46,275.41,56.6,57.66,153,0,272.79,0
Snake Gourd,Low Country,2023,47,282.22,34.62,50.31,146,0,276.19,0
Snake Gourd,Low Country,2023,48,270.43,5.29,35.13,139,0,264.89,0
Snake Gourd,Low Country,2023,49,231.5,-16.33,10.59,132,0,246.06,1
Snake Gourd,Low Country,2023,50,200.1,-27.34,-6.62,125,0,221.81,1
Snake Gourd,Low Country,2023,51,185.2,-34.38,-14.68,118,0,201.32,1
Snake Gourd,Low Country,2023,52,188.48,-30.3,-14.2,111,0,188.57,1
Snake Gourd,Low Country,2024,1,180.51,-22.02,-18.91,104,0,183.8,1
Snake Gourd,Low Country,2024,2,181.02,-9.54,-19.24,97,0,200.61,1
Snake Gourd,Low Country,2024,3,252.45,36.31,9.74,90,0,222.96,0
Snake Gourd,Low Country,2024,4,277.86,47.42,18.09,83,0,247.96,0
Snake Gourd,Low Country,2024,5,280.51,55.4,18.31,76,0,258.46,0
Snake Gourd,Low Country,2024,6,223.04,23.21,-4.27,69,0,247.28,1
Snake Gourd,Low Country,2024,7,207.72,-17.72,-8.8,62,0,228.06,1
Snake Gourd,Low Country,2024,8,200.98,-27.67,-9.28,55,0,201.92,1
Snake Gourd,Low Country,2024,9,175.95,-37.27,-17.88,48,0,183.99,1
Snake Gourd,Low Country,2024,10,151.33,-32.15,-27.28,41,1,170.1,1
Snake Gourd,Low Country,2024,11,152.14,-26.76,-25.57,34,1,151.66,0
Snake Gourd,Low Country,2024,12,127.22,-36.7,-36.37,27,1,133.9,1
Snake Gourd,Low Country,2024,13,104.92,-40.37,-45.78,20,1,119.64,1
Snake Gourd,Low Country,2024,14,94.29,-37.69,-49.55,13,1,105.18,1
Snake Gourd,Low Country,2024,15,94.29,-38.03,-47.68,6,1,96.01,1
Snake Gourd,Low Country,2024,16,90.57,-28.81,-46.01,364,0,95.62,1
Snake Gourd,Low Country,2024,17,103.33,-1.51,-33.04,357,0,105.39,1
Snake Gourd,Low Country,2024,18,133.39,41.47,-6.73,350,0,120.21,0
Snake Gourd,Low Country,2024,19,153.57,62.88,11.55,343,0,138.03,0
Snake Gourd,Low Country,2024,20,161.84,78.7,20.65,336,0,161.31,0
Snake Gourd,Low Country,2024,21,196.43,90.09,46.82,329,0,187.97,0
Snake Gourd,Low Country,2024,22,240.05,79.96,73.05,322,0,215.85,0
Snake Gourd,Low Country,2024,23,265.1,72.62,79.76,315,0,244.15,0
Snake Gourd,Low Country,2024,24,275.02,69.93,75.26,308,0,258.25,0
Snake Gourd,Low Country,2024,25,252.85,28.72,51.78,301,0,246.17,0
Snake Gourd,Low Country,2024,26,191.71,-20.14,10.65,294,0,223.75,1
Snake Gourd,Low Country,2024,27,175.42,-33.83,-2.28,287,0,198.67,1
Snake Gourd,Low Country,2024,28,174.69,-36.48,-5.92,280,0,175.19,1
Snake Gourd,Low Country,2024,29,158.95,-37.14,-16.76,273,0,166.26,1
Snake Gourd,Low Country,2024,30,155.97,-18.64,-20.02,266,0,156.76,1
Snake Gourd,Low Country,2024,31,137.43,-21.65,-29.63,259,0,147.24,1
Snake Gourd,Low Country,2024,32,136.61,-21.8,-29.59,252,0,142.17,1
Snake Gourd,Low Country,2024,33,138.69,-12.74,-27.85,245,0,136.72,0
Snake Gourd,Low Country,2024,34,134.14,-14.0,-28.43,238,0,138.79,1
Snake Gourd,Low Country,2024,35,145.71,6.03,-19.13,231,0,142.41,0
Snake Gourd,Low Country,2024,36,151.11,10.61,-11.84,224,0,146.55,0
Snake Gourd,Low Country,2024,37,155.24,11.93,-4.29,217,0,153.3,0
Snake Gourd,Low Country,2024,38,161.14,20.13,3.87,210,0,157.17,0
Snake Gourd,Low Country,2024,39,161.19,10.62,5.5,203,0,158.7,0
Snake Gourd,Low Country,2024,40,157.23,4.05,3.86,196,0,158.97,1
Snake Gourd,Low Country,2024,41,156.3,0.68,4.22,189,0,162.73,1
Snake Gourd,Low Country,2024,42,176.19,9.34,16.45,182,0,172.12,0
Snake Gourd,Low Country,2024,43,198.78,23.31,28.58,175,0,183.79,0
Snake Gourd,Low Country,2024,44,203.9,29.68,27.67,168,0,191.35,0
Snake Gourd,Low Country,2024,45,186.55,19.35,14.06,161,0,194.47,1
Snake Gourd,Low Country,2024,46,188.64,7.07,12.69,154,0,192.58,1
Snake Gourd,Low Country,2024,47,191.23,-3.79,11.32,147,0,191.72,1
Snake Gourd,Low Country,2024,48,200.46,-1.69,13.9,140,0,208.87,1
Snake Gourd,Low Country,2024,49,255.15,36.77,38.67,133,0,234.08,0
Snake Gourd,Low Country,2024,50,289.49,53.46,48.97,126,0,259.06,0
Snake Gourd,Low Country,2024,51,291.12,52.23,42.48,119,0,266.6,0
Snake Gourd,Low Country,2024,52,230.63,15.05,10.0,112,0,248.39,1
Snake Gourd,Low Country,2025,1,182.32,-28.54,-13.84,105,0,244.41,1
Snake Gourd,Low Country,2025,35,273.57,-5.5,24.0,232,0,241.88,0
Snake Gourd,Low Country,2026,1,281.0,-3.48,22.88,106,0,250.16,0
Snake Gourd,Low Country,2026,2,263.75,14.36,12.87,99,0,266.82,1
Snake Gourd,Low Country,2026,3,248.96,36.55,4.98,92,0,252.52,1
Snake Gourd,Low Country,2026,4,216.38,-20.91,-9.63,85,0,231.44,1
Snake Gourd,Low Country,2026,5,196.66,-30.02,-18.08,78,0,206.37,1
Snake Gourd,Low Country,2026,6,163.47,-38.02,-31.29,71,0,177.55,1
Snake Gourd,Low Country,2026,7,133.7,-46.3,-42.57,64,0,152.26,1
Snake Gourd,Low Country,2026,8,115.22,-46.75,-48.1,57,0,131.2,1
Snake Gourd,Low Country,2026,9,112.41,-42.84,-46.06,50,0,119.44,1
Snake Gourd,Low Country,2026,10,116.42,-28.78,-40.28,43,1,113.52,0
Snake Gourd,Low Country,2026,11,110.03,-17.71,-40.75,36,1,109.41,0
Snake Gourd,Low Country,2026,12,98.76,-14.29,-44.9,29,1,104.77,1
Snake Gourd,Low Country,2026,13,93.87,-16.49,-43.26,22,1,105.37,1
Snake Gourd,Low Country,2026,14,118.82,2.06,-22.32,15,1,114.26,0
Snake Gourd,Low Country,2026,15,145.59,32.32,1.19,8,1,123.04,0
Snake Gourd,Low Country,2026,16,133.89,35.56,-0.84,1,1,139.89,1
Snake Gourd,Low Country,2026,17,161.28,71.81,23.32,359,0,170.38,1
Snake Gourd,Low Country,2026,18,240.79,102.64,79.46,352,0,203.96,0
Snake Gourd,Low Country,2026,19,279.89,92.25,95.55,345,0,246.24,0
Snake Gourd,Low Country,2026,20,303.0,126.31,94.04,338,0,283.1,0
Snake Gourd,Low Country,2026,21,308.74,91.44,80.51,331,0,293.68,0
Snake Gourd,Low Country,2026,22,283.09,17.57,53.71,324,0,296.25,1
Snake Gourd,Low Country,2026,23,290.16,3.67,46.89,317,0,279.14,0
Snake Gourd,Low Country,2026,24,234.55,-22.59,13.25,310,0,251.94,1
Snake Gourd,Low Country,2026,25,199.95,-35.24,-6.95,303,0,241.55,1
Sugar (White),Grocery/Staple,2023,36,255.62,,0.0,223,0,255.3,0
Sugar (White),Grocery/Staple,2023,37,255.3,,-0.06,216,0,254.35,0
Sugar (White),Grocery/Staple,2023,38,253.4,,-0.54,209,0,253.57,1
Sugar (White),Grocery/Staple,2023,39,252.0,,-0.82,202,0,253.18,1
Sugar (White),Grocery/Staple,2023,40,252.0,-1.42,-0.66,195,0,255.16,1
Sugar (White),Grocery/Staple,2023,41,263.25,3.11,3.13,188,0,257.11,0
Sugar (White),Grocery/Staple,2023,42,261.2,3.08,1.99,181,0,258.64,0
Sugar (White),Grocery/Staple,2023,43,258.1,2.42,0.68,174,0,263.39,1
Sugar (White),Grocery/Staple,2023,44,271.0,7.54,5.04,167,0,270.32,0
Sugar (White),Grocery/Staple,2023,47,291.0,10.54,11.37,146,0,281.48,0
Sugar (White),Grocery/Staple,2023,48,305.83,17.09,15.26,139,0,291.53,0
Sugar (White),Grocery/Staple,2023,49,298.3,15.58,11.27,132,0,295.46,0
Sugar (White),Grocery/Staple,2023,50,286.7,5.79,6.38,125,0,292.38,1
Sugar (White),Grocery/Staple,2023,51,278.7,-4.23,2.73,118,0,285.01,1
Sugar (White),Grocery/Staple,2023,52,276.33,-9.65,1.25,111,0,278.61,1
Sugar (White),Grocery/Staple,2024,1,272.7,-8.58,-0.62,104,0,273.68,1
Sugar (White),Grocery/Staple,2024,2,267.0,-6.87,-3.1,97,0,270.73,1
Sugar (White),Grocery/Staple,2024,3,266.88,-4.24,-3.55,90,0,272.02,1
Sugar (White),Grocery/Staple,2024,4,281.5,1.87,1.22,83,0,273.22,0
Sugar (White),Grocery/Staple,2024,5,277.5,1.76,-0.66,76,0,272.59,0
Sugar (White),Grocery/Staple,2024,6,264.5,-0.94,-5.48,69,0,271.45,1
Sugar (White),Grocery/Staple,2024,7,262.3,-1.71,-6.04,62,0,266.7,1
Sugar (White),Grocery/Staple,2024,8,262.5,-6.75,-5.23,55,0,262.89,1
Sugar (White),Grocery/Staple,2024,9,262.25,-5.5,-4.16,48,0,262.32,1
Sugar (White),Grocery/Staple,2024,10,262.25,-0.85,-3.18,41,1,261.9,0
Sugar (White),Grocery/Staple,2024,11,260.6,-0.65,-3.07,34,1,261.1,1
Sugar (White),Grocery/Staple,2024,12,259.3,-1.22,-3.01,27,1,261.94,1
Sugar (White),Grocery/Staple,2024,13,265.62,1.29,-0.34,20,1,261.63,0
Sugar (White),Grocery/Staple,2024,14,261.0,-0.48,-1.74,13,1,261.81,1
Sugar (White),Grocery/Staple,2024,15,261.33,0.28,-1.46,6,1,262.33,1
Sugar (White),Grocery/Staple,2024,16,261.38,0.8,-1.28,364,0,259.08,0
Sugar (White),Grocery/Staple,2024,17,252.62,-4.89,-3.78,357,0,255.99,1
Sugar (White),Grocery/Staple,2024,18,248.62,-4.74,-4.5,350,0,256.41,1
Sugar (White),Grocery/Staple,2024,19,263.0,0.64,1.07,343,0,255.19,0
Sugar (White),Grocery/Staple,2024,20,256.5,-1.87,-1.26,336,0,262.24,1
Sugar (White),Grocery/Staple,2024,21,280.83,11.17,7.53,329,0,267.21,0
Sugar (White),Grocery/Staple,2024,22,268.5,7.99,2.61,322,0,266.91,0
Sugar (White),Grocery/Staple,2024,23,261.8,-0.46,0.07,315,0,269.48,1
Sugar (White),Grocery/Staple,2024,24,266.8,4.02,1.79,308,0,264.61,0
Sugar (White),Grocery/Staple,2024,25,261.33,-6.94,-0.35,301,0,263.11,1
Sugar (White),Grocery/Staple,2024,26,262.5,-2.23,0.18,294,0,261.36,0
Sugar (White),Grocery/Staple,2024,27,254.8,-2.67,-2.58,287,0,257.36,1
Sugar (White),Grocery/Staple,2024,28,250.8,-6.0,-3.81,280,0,254.23,1
Sugar (White),Grocery/Staple,2024,29,248.8,-4.8,-4.22,273,0,250.7,1
Sugar (White),Grocery/Staple,2024,30,248.4,-5.37,-4.25,266,0,247.4,0
Sugar (White),Grocery/Staple,2024,31,241.6,-5.18,-6.68,259,0,243.08,1
Sugar (White),Grocery/Staple,2024,32,233.5,-6.9,-9.01,252,0,239.42,1
Sugar (White),Grocery/Staple,2024,33,234.2,-5.87,-8.13,245,0,235.32,1
Sugar (White),Grocery/Staple,2024,34,232.0,-6.6,-7.63,238,0,233.65,1
Sugar (White),Grocery/Staple,2024,35,234.9,-2.77,-5.5,231,0,233.7,0
Sugar (White),Grocery/Staple,2024,36,233.7,0.09,-5.16,224,0,234.52,1
Sugar (White),Grocery/Staple,2024,37,237.5,1.41,-2.73,217,0,236.11,0
Sugar (White),Grocery/Staple,2024,38,238.33,2.73,-1.67,210,0,239.13,1
Sugar (White),Grocery/Staple,2024,39,247.0,5.15,2.41,203,0,239.88,0
Sugar (White),Grocery/Staple,2024,40,236.7,1.28,-1.29,196,0,238.78,1
Sugar (White),Grocery/Staple,2024,41,233.1,-1.85,-2.24,189,0,237.14,1
Sugar (White),Grocery/Staple,2024,42,231.75,-2.76,-2.27,182,0,233.19,1
Sugar (White),Grocery/Staple,2024,43,231.2,-6.4,-1.95,175,0,231.89,1
Sugar (White),Grocery/Staple,2024,44,231.5,-2.2,-1.5,168,0,231.46,0
Sugar (White),Grocery/Staple,2024,45,231.4,-0.73,-1.48,161,0,231.93,1
Sugar (White),Grocery/Staple,2024,46,233.62,0.81,-0.51,154,0,232.78,0
Sugar (White),Grocery/Staple,2024,47,234.6,1.47,-0.18,147,0,233.83,0
Sugar (White),Grocery/Staple,2024,48,235.7,1.81,0.26,140,0,234.53,0
Sugar (White),Grocery/Staple,2024,49,234.2,1.21,-0.39,133,0,235.12,1
Sugar (White),Grocery/Staple,2024,50,236.0,1.02,0.42,126,0,235.08,0
Sugar (White),Grocery/Staple,2024,51,234.4,-0.09,-0.13,119,0,234.49,1
Sugar (White),Grocery/Staple,2024,52,233.38,-0.99,-0.12,112,0,234.38,1
Sugar (White),Grocery/Staple,2025,1,233.75,-0.19,0.14,105,0,223.76,0
Sugar (White),Grocery/Staple,2025,35,193.5,-18.01,-16.01,232,0,213.47,1
Sugar (White),Grocery/Staple,2026,1,193.25,-17.56,-15.03,106,0,203.48,1
Sugar (White),Grocery/Staple,2026,2,193.4,-17.13,-13.86,99,0,193.62,1
Sugar (White),Grocery/Staple,2026,3,194.33,-16.86,-12.33,92,0,194.05,0
Sugar (White),Grocery/Staple,2026,4,195.2,0.88,-10.82,85,0,194.63,0
Sugar (White),Grocery/Staple,2026,5,195.6,1.22,-9.42,78,0,195.19,0
Sugar (White),Grocery/Staple,2026,6,195.62,1.15,-8.14,71,0,195.33,0
Sugar (White),Grocery/Staple,2026,7,194.9,0.29,-7.11,64,0,195.38,1
Sugar (White),Grocery/Staple,2026,8,195.4,0.1,-5.52,57,0,195.58,1
Sugar (White),Grocery/Staple,2026,9,196.4,0.41,-3.62,50,0,197.47,1
Sugar (White),Grocery/Staple,2026,10,203.17,3.86,0.89,43,1,201.22,0
Sugar (White),Grocery/Staple,2026,11,209.9,7.7,5.18,36,1,204.82,0
Sugar (White),Grocery/Staple,2026,12,209.8,7.37,6.1,29,1,209.44,0
Sugar (White),Grocery/Staple,2026,13,214.9,9.42,7.79,22,1,211.48,0
Sugar (White),Grocery/Staple,2026,14,211.33,4.02,5.26,15,1,209.71,0
Sugar (White),Grocery/Staple,2026,15,202.8,-3.38,0.65,8,1,206.16,1
Sugar (White),Grocery/Staple,2026,17,195.6,-6.77,-2.97,359,0,201.81,1
Sugar (White),Grocery/Staple,2026,18,197.5,-8.1,-2.11,352,0,198.08,1
Sugar (White),Grocery/Staple,2026,19,196.4,-7.07,-2.69,345,0,196.75,1
Sugar (White),Grocery/Staple,2026,20,197.5,-2.61,-2.21,338,0,201.35,1
Sugar (White),Grocery/Staple,2026,21,214.0,9.41,5.19,331,0,205.94,0
Sugar (White),Grocery/Staple,2026,22,215.88,9.3,5.3,324,0,209.34,0
Sugar (White),Grocery/Staple,2026,23,210.0,6.92,1.91,317,0,212.32,1
Sugar (White),Grocery/Staple,2026,24,209.4,6.03,1.39,310,0,209.94,1
Sugar (White),Grocery/Staple,2026,25,204.5,-4.44,-0.79,303,0,207.97,1
Sweet Potato,Low Country,2023,1,131.88,,0.0,102,0,127.42,0
Sweet Potato,Low Country,2023,2,127.42,,-1.72,95,0,125.03,0
Sweet Potato,Low Country,2023,3,122.63,,-3.68,88,0,121.84,0
Sweet Potato,Low Country,2023,4,115.47,,-7.14,81,0,117.27,1
Sweet Potato,Low Country,2023,5,103.55,-21.48,-13.84,74,0,111.69,1
Sweet Potato,Low Country,2023,6,105.13,-17.5,-10.66,67,0,107.52,1
Sweet Potato,Low Country,2023,7,105.92,-13.62,-8.69,60,0,103.33,0
Sweet Potato,Low Country,2023,8,98.71,-14.52,-13.29,53,0,101.76,1
Sweet Potato,Low Country,2023,9,97.29,-6.05,-13.13,46,0,98.68,1
Sweet Potato,Low Country,2023,10,92.8,-11.73,-15.7,39,1,97.25,1
Sweet Potato,Low Country,2023,11,100.22,-5.38,-8.21,32,1,95.82,0
Sweet Potato,Low Country,2023,12,92.98,-5.8,-13.78,25,1,93.35,1
Sweet Potato,Low Country,2023,13,87.39,-10.18,-17.76,18,1,90.1,1
Sweet Potato,Low Country,2023,14,79.81,-13.99,-21.95,11,1,85.71,1
Sweet Potato,Low Country,2023,15,82.66,-17.53,-16.35,4,1,84.58,1
Sweet Potato,Low Country,2023,16,88.48,-4.84,-8.01,363,0,83.02,0
Sweet Potato,Low Country,2023,17,81.12,-7.17,-13.28,356,0,84.1,1
Sweet Potato,Low Country,2023,18,84.13,5.41,-8.6,349,0,84.33,1
Sweet Potato,Low Country,2023,19,83.6,1.14,-7.51,342,0,82.43,0
Sweet Potato,Low Country,2023,20,80.87,-8.6,-8.58,335,0,82.01,1
Sweet Potato,Low Country,2023,21,79.45,-2.05,-8.66,328,0,82.28,1
Sweet Potato,Low Country,2023,22,85.19,1.26,-1.0,321,0,84.66,0
Sweet Potato,Low Country,2023,23,93.13,11.4,8.19,314,0,87.37,0
Sweet Potato,Low Country,2023,24,91.72,13.41,7.36,307,0,91.55,0
Sweet Potato,Low Country,2023,25,96.16,21.03,12.25,300,0,95.4,0
Sweet Potato,Low Country,2023,26,100.59,18.08,16.04,293,0,99.6,0
Sweet Potato,Low Country,2023,27,109.92,18.03,23.5,286,0,102.98,0
Sweet Potato,Low Country,2023,28,105.23,14.73,15.97,279,0,102.9,0
Sweet Potato,Low Country,2023,29,95.85,-0.32,4.98,272,0,99.6,1
Sweet Potato,Low Country,2023,30,87.42,-13.1,-4.76,265,0,94.94,1
Sweet Potato,Low Country,2023,31,91.27,-16.97,-1.16,258,0,90.5,0
Sweet Potato,Low Country,2023,32,87.46,-16.89,-5.59,251,0,87.94,1
Sweet Potato,Low Country,2023,33,85.62,-10.67,-7.93,244,0,87.59,1
Sweet Potato,Low Country,2023,34,86.03,-1.59,-8.0,237,0,87.94,1
Sweet Potato,Low Country,2023,35,92.67,1.53,-1.5,230,0,88.17,0
Sweet Potato,Low Country,2023,36,88.35,1.02,-5.72,223,0,89.56,1
Sweet Potato,Low Country,2023,37,91.21,6.52,-2.64,216,0,90.04,0
Sweet Potato,Low Country,2023,38,87.95,2.23,-5.48,209,0,88.08,1
Sweet Potato,Low Country,2023,39,84.82,-8.47,-7.63,202,0,86.94,1
Sweet Potato,Low Country,2023,40,83.79,-5.15,-6.71,195,0,85.22,1
Sweet Potato,Low Country,2023,41,84.33,-7.54,-4.4,188,0,81.82,0
Sweet Potato,Low Country,2023,42,74.33,-15.48,-14.13,181,0,80.3,1
Sweet Potato,Low Country,2023,43,78.76,-7.15,-8.3,174,0,80.87,1
Sweet Potato,Low Country,2023,44,86.07,2.72,0.68,167,0,81.28,0
Sweet Potato,Low Country,2023,45,85.98,1.96,0.71,160,0,85.23,0
Sweet Potato,Low Country,2023,46,90.12,21.24,5.13,153,0,90.88,1
Sweet Potato,Low Country,2023,47,101.34,28.67,16.62,146,0,98.83,0
Sweet Potato,Low Country,2023,48,117.88,36.95,32.68,139,0,105.54,0
Sweet Potato,Low Country,2023,49,112.83,31.22,24.36,132,0,113.88,1
Sweet Potato,Low Country,2023,50,123.5,37.04,32.5,125,0,120.15,0
Sweet Potato,Low Country,2023,51,126.38,24.71,31.43,118,0,123.65,0
Sweet Potato,Low Country,2023,52,131.88,11.89,32.17,111,0,129.03,0
Sweet Potato,Low Country,2024,1,134.36,19.09,29.6,104,0,134.76,1
Sweet Potato,Low Country,2024,2,146.4,18.54,34.99,97,0,142.95,0
Sweet Potato,Low Country,2024,3,159.14,25.92,38.41,90,0,152.09,0
Sweet Potato,Low Country,2024,4,168.47,27.74,38.23,83,0,160.17,0
Sweet Potato,Low Country,2024,5,166.67,24.04,30.14,76,0,163.88,0
Sweet Potato,Low Country,2024,6,161.24,10.14,20.45,69,0,162.49,1
Sweet Potato,Low Country,2024,7,153.6,-3.48,10.71,62,0,156.62,1
Sweet Potato,Low Country,2024,8,144.99,-13.94,2.03,55,0,151.06,1
Sweet Potato,Low Country,2024,9,144.43,-13.34,0.2,48,0,145.99,1
Sweet Potato,Low Country,2024,10,140.94,-12.59,-3.67,41,1,149.19,1
Sweet Potato,Low Country,2024,11,166.4,8.33,11.22,34,1,157.57,0
Sweet Potato,Low Country,2024,12,178.5,23.12,16.2,27,1,167.11,0
Sweet Potato,Low Country,2024,13,182.62,26.44,15.93,20,1,177.17,0
Sweet Potato,Low Country,2024,14,181.16,28.54,12.44,13,1,177.97,0
Sweet Potato,Low Country,2024,15,169.61,1.93,4.12,6,1,171.45,1
Sweet Potato,Low Country,2024,16,152.4,-14.62,-6.15,364,0,168.7,1
Sweet Potato,Low Country,2024,17,171.64,-6.01,5.54,357,0,161.75,0
Sweet Potato,Low Country,2024,18,153.36,-15.34,-5.1,350,0,155.89,1
Sweet Potato,Low Country,2024,19,146.17,-13.82,-8.9,343,0,150.06,1
Sweet Potato,Low Country,2024,20,129.06,-15.31,-18.6,336,0,139.93,1
Sweet Potato,Low Country,2024,21,131.11,-23.61,-16.75,329,0,140.5,1
Sweet Potato,Low Country,2024,22,155.64,1.49,-1.71,322,0,142.9,0
Sweet Potato,Low Country,2024,23,155.78,6.57,-2.33,315,0,149.66,0
Sweet Potato,Low Country,2024,24,156.11,20.96,-1.64,308,0,154.35,0
Sweet Potato,Low Country,2024,25,149.86,14.3,-4.24,301,0,153.0,1
Sweet Potato,Low Country,2024,26,150.25,-3.46,-2.44,294,0,148.31,0
Sweet Potato,Low Country,2024,27,137.03,-12.03,-9.02,287,0,142.67,1
Sweet Potato,Low Country,2024,28,133.54,-14.46,-9.67,280,0,138.59,1
Sweet Potato,Low Country,2024,29,133.54,-10.89,-8.78,273,0,134.28,1
Sweet Potato,Low Country,2024,30,133.02,-11.47,-7.25,266,0,128.35,0
Sweet Potato,Low Country,2024,31,113.32,-17.31,-19.26,259,0,120.21,1
Sweet Potato,Low Country,2024,32,100.95,-24.4,-26.24,252,0,110.21,1
Sweet Potato,Low Country,2024,33,93.54,-29.95,-30.26,245,0,99.18,1
Sweet Potato,Low Country,2024,34,88.91,-33.16,-32.07,238,0,91.83,1
Sweet Potato,Low Country,2024,35,83.94,-25.93,-33.05,231,0,86.67,1
Sweet Potato,Low Country,2024,36,80.29,-20.47,-32.85,224,0,83.14,1
Sweet Potato,Low Country,2024,37,79.41,-15.1,-30.13,217,0,81.72,1
Sweet Potato,Low Country,2024,38,83.25,-6.36,-23.3,210,0,84.2,1
Sweet Potato,Low Country,2024,39,93.86,11.83,-9.92,203,0,84.11,0
Sweet Potato,Low Country,2024,40,79.9,-0.49,-19.95,196,0,83.42,1
Sweet Potato,Low Country,2024,41,76.67,-3.45,-19.66,189,0,81.94,1
Sweet Potato,Low Country,2024,42,77.31,-7.14,-15.14,182,0,77.05,0
Sweet Potato,Low Country,2024,43,74.33,-20.81,-14.16,175,0,75.18,1
Sweet Potato,Low Country,2024,44,72.41,-9.37,-13.22,168,0,74.31,1
Sweet Potato,Low Country,2024,45,73.2,-4.53,-9.97,161,0,74.5,1
Sweet Potato,Low Country,2024,46,78.05,0.96,-2.58,154,0,76.48,0
Sweet Potato,Low Country,2024,47,82.25,10.66,3.32,147,0,81.96,0
Sweet Potato,Low Country,2024,48,94.32,30.26,17.3,140,0,89.53,0
Sweet Potato,Low Country,2024,49,103.48,41.37,25.91,133,0,98.12,0
Sweet Potato,Low Country,2024,50,112.44,44.05,32.7,126,0,105.55,0
Sweet Potato,Low Country,2024,51,111.95,36.1,28.77,119,0,110.12,0
Sweet Potato,Low Country,2024,52,112.61,19.39,27.41,112,0,113.93,1
Sweet Potato,Low Country,2025,1,118.75,14.75,29.97,105,0,127.79,1
Sweet Potato,Low Country,2025,35,167.86,49.29,70.62,232,0,148.83,0
Sweet Potato,Low Country,2026,1,196.11,75.18,82.4,106,0,170.84,0
Sweet Potato,Low Country,2026,2,200.65,78.19,71.15,99,0,191.82,0
Sweet Potato,Low Country,2026,3,202.68,70.68,59.27,92,0,200.12,0
Sweet Potato,Low Country,2026,4,201.02,19.76,46.63,85,0,196.39,0
Sweet Potato,Low Country,2026,5,181.22,-7.59,24.96,78,0,184.09,1
Sweet Potato,Low Country,2026,6,151.45,-24.52,0.73,71,0,166.7,1
Sweet Potato,Low Country,2026,7,133.11,-34.32,-13.19,64,0,153.52,1
Sweet Potato,Low Country,2026,8,148.29,-26.23,-5.41,57,0,141.93,0
Sweet Potato,Low Country,2026,9,134.85,-25.59,-14.92,50,0,141.09,1
Sweet Potato,Low Country,2026,10,148.12,-2.2,-8.16,43,1,140.82,0
Sweet Potato,Low Country,2026,11,132.02,-0.82,-18.9,36,1,134.67,1
Sweet Potato,Low Country,2026,12,123.69,-16.59,-24.19,29,1,133.12,1
Sweet Potato,Low Country,2026,13,128.66,-4.59,-19.66,22,1,128.88,1
Sweet Potato,Low Country,2026,14,131.14,-11.47,-15.47,15,1,129.38,0
Sweet Potato,Low Country,2026,15,134.03,1.53,-10.66,8,1,132.62,0
Sweet Potato,Low Country,2026,16,136.67,10.49,-5.71,1,1,140.37,1
Sweet Potato,Low Country,2026,17,159.64,24.08,12.61,359,0,146.55,0
Sweet Potato,Low Country,2026,18,155.88,18.86,11.49,352,0,153.1,0
Sweet Potato,Low Country,2026,19,160.23,19.55,14.05,345,0,157.63,0
Sweet Potato,Low Country,2026,20,154.8,13.27,8.89,338,0,156.35,1
Sweet Potato,Low Country,2026,21,154.52,-3.21,8.33,331,0,156.18,1
Sweet Potato,Low Country,2026,22,155.2,-0.44,7.63,324,0,155.8,1
Sweet Potato,Low Country,2026,23,158.71,-0.95,9.45,317,0,153.05,0
Sweet Potato,Low Country,2026,24,143.79,-7.11,-1.46,310,0,150.26,1
Sweet Potato,Low Country,2026,25,143.36,-7.22,-2.76,303,0,148.62,1
Tomato,Up Country,2023,1,90.16,,0.0,102,0,124.96,1
Tomato,Up Country,2023,2,124.96,,16.18,95,0,136.75,1
Tomato,Up Country,2023,3,148.53,,22.53,88,0,136.74,0
Tomato,Up Country,2023,4,136.71,,9.29,81,0,148.18,1
Tomato,Up Country,2023,5,182.5,102.41,33.63,74,0,171.14,0
Tomato,Up Country,2023,6,216.83,73.51,44.6,67,0,175.93,0
Tomato,Up Country,2023,7,167.69,12.9,9.97,60,0,183.14,1
Tomato,Up Country,2023,8,165.56,21.1,7.42,53,0,172.57,1
Tomato,Up Country,2023,9,140.21,-23.17,-8.1,46,0,151.55,1
Tomato,Up Country,2023,10,132.73,-38.78,-11.86,39,1,149.11,1
Tomato,Up Country,2023,11,157.94,-5.82,4.42,32,1,146.93,0
Tomato,Up Country,2023,12,156.85,-5.26,3.38,25,1,144.66,0
Tomato,Up Country,2023,13,131.13,-6.47,-12.66,18,1,143.8,1
Tomato,Up Country,2023,14,129.31,-2.58,-15.57,11,1,156.06,1
Tomato,Up Country,2023,15,206.94,31.03,29.78,4,1,143.29,0
Tomato,Up Country,2023,16,105.79,-32.55,-32.26,363,0,138.38,1
Tomato,Up Country,2023,17,111.47,-14.99,-27.72,356,0,149.3,1
Tomato,Up Country,2023,18,172.99,33.78,12.7,349,0,164.93,0
Tomato,Up Country,2023,19,269.49,30.22,71.06,342,0,197.28,0
Tomato,Up Country,2023,20,235.18,122.3,44.51,335,0,223.08,0
Tomato,Up Country,2023,21,214.66,92.57,28.91,328,0,239.86,1
Tomato,Up Country,2023,22,240.1,38.8,37.83,321,0,220.58,0
Tomato,Up Country,2023,23,192.39,-28.61,7.61,314,0,207.37,1
Tomato,Up Country,2023,24,182.32,-22.48,0.92,307,0,190.82,1
Tomato,Up Country,2023,25,148.45,-30.84,-17.53,300,0,195.88,1
Tomato,Up Country,2023,26,260.37,8.44,37.07,293,0,236.89,0
Tomato,Up Country,2023,27,356.43,85.27,71.83,286,0,297.61,0
Tomato,Up Country,2023,28,425.21,133.22,89.64,279,0,332.82,0
Tomato,Up Country,2023,29,289.29,94.87,21.38,272,0,321.23,1
Tomato,Up Country,2023,30,214.0,-17.81,-13.08,265,0,275.38,1
Tomato,Up Country,2023,31,173.04,-51.45,-29.72,258,0,203.23,1
Tomato,Up Country,2023,32,136.59,-67.88,-42.12,251,0,159.14,1
Tomato,Up Country,2023,33,112.94,-60.96,-50.16,244,0,124.74,1
Tomato,Up Country,2023,34,76.39,-64.31,-64.63,237,0,101.98,1
Tomato,Up Country,2023,35,81.99,-52.61,-59.77,230,0,87.77,1
Tomato,Up Country,2023,36,79.76,-41.6,-59.13,223,0,85.25,1
Tomato,Up Country,2023,37,102.86,-8.92,-45.59,216,0,92.42,0
Tomato,Up Country,2023,38,105.08,37.56,-43.41,209,0,100.44,0
Tomato,Up Country,2023,39,114.07,39.13,-34.6,202,0,103.98,0
Tomato,Up Country,2023,40,93.93,17.76,-39.1,195,0,113.52,1
Tomato,Up Country,2023,41,140.99,37.08,6.51,188,0,116.72,0
Tomato,Up Country,2023,42,117.9,12.2,-1.09,181,0,113.86,0
Tomato,Up Country,2023,43,102.63,-10.03,-7.23,174,0,119.74,1
Tomato,Up Country,2023,44,117.42,25.01,10.41,167,0,135.94,1
Tomato,Up Country,2023,45,205.83,45.99,84.31,160,0,163.08,0
Tomato,Up Country,2023,46,226.43,92.06,88.05,153,0,209.99,0
Tomato,Up Country,2023,47,290.27,182.83,112.09,146,0,275.33,0
Tomato,Up Country,2023,48,378.78,222.58,137.2,139,0,345.36,0
Tomato,Up Country,2023,49,485.96,136.1,154.52,132,0,401.03,0
Tomato,Up Country,2023,50,449.13,98.35,106.43,125,0,444.9,0
Tomato,Up Country,2023,51,465.71,60.44,89.85,118,0,458.35,0
Tomato,Up Country,2023,52,432.58,14.2,60.33,111,0,456.9,1
Tomato,Up Country,2024,1,480.16,-1.19,60.31,104,0,445.17,0
Tomato,Up Country,2024,2,402.22,-10.44,25.85,97,0,418.65,1
Tomato,Up Country,2024,3,359.63,-22.78,6.33,90,0,386.6,1
Tomato,Up Country,2024,29,304.41,-29.63,-13.94,273,0,328.41,1
Tomato,Up Country,2024,30,247.4,-48.48,-31.98,266,0,271.8,1
Tomato,Up Country,2024,31,175.76,-56.3,-51.37,259,0,223.66,1
Tomato,Up Country,2024,32,167.08,-53.54,-53.18,252,0,185.15,1
Tomato,Up Country,2024,33,150.36,-50.61,-56.56,245,0,159.69,1
Tomato,Up Country,2024,34,145.55,-41.17,-55.65,238,0,150.28,1
Tomato,Up Country,2024,35,138.12,-21.41,-54.17,231,0,134.68,0
Tomato,Up Country,2024,36,104.69,-37.34,-61.92,224,0,131.83,1
Tomato,Up Country,2024,37,138.95,-7.59,-44.37,217,0,130.9,0
Tomato,Up Country,2024,38,141.85,-2.54,-37.62,210,0,136.65,0
Tomato,Up Country,2024,39,161.12,16.65,-20.58,203,0,163.81,1
Tomato,Up Country,2024,40,213.31,103.75,13.27,196,0,178.19,0
Tomato,Up Country,2024,41,196.47,41.4,11.77,189,0,193.84,0
Tomato,Up Country,2024,42,204.45,44.14,21.64,182,0,201.08,0
Tomato,Up Country,2024,43,190.1,17.98,16.14,175,0,192.63,1
Tomato,Up Country,2024,44,179.5,-15.85,9.47,168,0,193.93,1
Tomato,Up Country,2024,45,201.67,2.65,21.03,161,0,193.96,0
Tomato,Up Country,2024,46,204.58,0.06,19.78,154,0,193.98,0
Tomato,Up Country,2024,47,190.16,0.03,9.14,147,0,211.4,1
Tomato,Up Country,2024,48,249.19,38.82,36.34,140,0,212.3,0
Tomato,Up Country,2024,49,205.27,1.79,7.75,133,0,215.15,1
Tomato,Up Country,2024,50,216.0,5.58,9.96,126,0,271.14,1
Tomato,Up Country,2024,51,414.12,117.78,90.5,119,0,283.05,0
Tomato,Up Country,2024,52,296.83,19.12,30.29,112,0,296.04,0
Tomato,Up Country,2025,1,257.22,25.31,11.26,105,0,286.76,1
Tomato,Up Country,2025,35,178.89,-17.18,-22.17,232,0,276.63,1
Tomato,Up Country,2026,1,373.6,-9.78,53.84,106,0,316.26,0
Tomato,Up Country,2026,2,455.31,53.39,72.95,99,0,356.1,0
Tomato,Up Country,2026,3,416.6,61.96,47.99,92,0,397.78,0
Tomato,Up Country,2026,4,345.62,93.2,18.13,85,0,391.46,1
Tomato,Up Country,2026,5,348.33,-6.76,14.72,78,0,310.57,0
Tomato,Up Country,2026,6,131.73,-71.07,-55.96,71,0,236.38,1
Tomato,Up Country,2026,7,119.85,-71.23,-58.56,64,0,180.93,1
Tomato,Up Country,2026,8,123.82,-64.17,-56.23,57,0,121.83,0
Tomato,Up Country,2026,9,111.93,-67.87,-59.29,50,0,110.86,0
Tomato,Up Country,2026,10,87.83,-33.33,-64.84,43,1,102.43,1
Tomato,Up Country,2026,11,86.15,-28.11,-63.12,36,1,89.76,1
Tomato,Up Country,2026,12,73.13,-40.94,-66.67,29,1,77.8,1
Tomato,Up Country,2026,13,64.09,-42.74,-69.57,22,1,72.62,1
Tomato,Up Country,2026,14,67.1,-23.6,-64.12,15,1,84.35,1
Tomato,Up Country,2026,15,133.06,54.44,-17.99,8,1,85.86,0
Tomato,Up Country,2026,16,79.18,8.27,-41.9,1,1,92.17,1
Tomato,Up Country,2026,17,89.35,39.41,-23.36,359,0,110.98,1
Tomato,Up Country,2026,18,142.36,112.15,41.31,352,0,130.28,0
Tomato,Up Country,2026,19,210.23,58.0,96.89,345,0,208.24,0
Tomato,Up Country,2026,20,391.04,393.85,206.37,338,0,259.78,0
Tomato,Up Country,2026,21,295.5,230.74,109.81,331,0,308.19,1
Tomato,Up Country,2026,22,335.99,136.02,112.55,324,0,379.62,1
Tomato,Up Country,2026,23,495.95,135.91,161.76,317,0,412.81,0
Tomato,Up Country,2026,24,523.8,33.95,134.74,310,0,491.6,0
Tomato,Up Country,2026,25,610.68,106.66,130.89,303,0,543.48,0
Wheat Flour,Grocery/Staple,2023,36,177.25,,0.0,223,0,172.2,0
Wheat Flour,Grocery/Staple,2023,37,172.2,,-1.45,216,0,170.35,0
Wheat Flour,Grocery/Staple,2023,38,168.5,,-2.4,209,0,168.57,1
Wheat Flour,Grocery/Staple,2023,39,165.0,,-3.36,202,0,166.82,1
Wheat Flour,Grocery/Staple,2023,40,161.6,-8.83,-4.33,195,0,165.34,1
Wheat Flour,Grocery/Staple,2023,41,166.25,-3.46,-1.32,188,0,165.74,0
Wheat Flour,Grocery/Staple,2023,42,170.1,0.95,0.83,181,0,167.86,0
Wheat Flour,Grocery/Staple,2023,43,173.5,5.15,2.48,174,0,170.64,0
Wheat Flour,Grocery/Staple,2023,44,172.7,6.87,1.78,167,0,172.62,0
Wheat Flour,Grocery/Staple,2023,45,174.17,4.76,2.37,160,0,174.22,1
Wheat Flour,Grocery/Staple,2023,46,176.5,3.76,3.39,153,0,176.42,0
Wheat Flour,Grocery/Staple,2023,47,182.3,5.07,6.19,146,0,178.24,0
Wheat Flour,Grocery/Staple,2023,48,180.0,4.23,4.46,139,0,179.12,0
Wheat Flour,Grocery/Staple,2023,49,177.7,2.03,3.11,132,0,179.38,1
Wheat Flour,Grocery/Staple,2023,50,177.5,0.57,2.75,125,0,178.18,1
Wheat Flour,Grocery/Staple,2023,51,177.5,-2.63,2.34,118,0,179.22,1
Wheat Flour,Grocery/Staple,2023,52,184.17,2.31,5.29,111,0,181.67,0
Wheat Flour,Grocery/Staple,2024,1,187.5,5.51,5.98,104,0,184.17,0
Wheat Flour,Grocery/Staple,2024,2,187.5,5.63,5.01,97,0,185.67,0
Wheat Flour,Grocery/Staple,2024,3,183.5,3.38,2.18,90,0,184.47,1
Wheat Flour,Grocery/Staple,2024,4,179.38,-2.6,-0.36,83,0,182.59,1
Wheat Flour,Grocery/Staple,2024,5,180.0,-4.0,-0.33,76,0,180.34,1
Wheat Flour,Grocery/Staple,2024,6,178.5,-4.8,-1.34,69,0,179.47,1
Wheat Flour,Grocery/Staple,2024,7,180.0,-1.91,-0.66,62,0,179.94,0
Wheat Flour,Grocery/Staple,2024,8,181.25,1.05,0.07,55,0,180.41,0
Wheat Flour,Grocery/Staple,2024,9,181.88,1.04,0.34,48,0,181.22,0
Wheat Flour,Grocery/Staple,2024,10,181.75,1.82,0.1,41,1,181.09,0
Wheat Flour,Grocery/Staple,2024,11,179.5,-0.28,-1.22,34,1,179.61,1
Wheat Flour,Grocery/Staple,2024,12,175.3,-3.28,-3.45,27,1,177.58,1
Wheat Flour,Grocery/Staple,2024,13,173.75,-4.47,-3.87,20,1,173.89,1
Wheat Flour,Grocery/Staple,2024,14,167.0,-8.12,-6.8,13,1,170.05,1
Wheat Flour,Grocery/Staple,2024,15,164.17,-8.54,-7.45,6,1,167.64,1
Wheat Flour,Grocery/Staple,2024,16,165.62,-5.52,-5.9,364,0,164.98,0
Wheat Flour,Grocery/Staple,2024,17,163.12,-6.12,-6.66,357,0,164.82,1
Wheat Flour,Grocery/Staple,2024,18,166.38,-0.37,-4.22,350,0,165.53,0
Wheat Flour,Grocery/Staple,2024,19,167.0,1.73,-3.37,343,0,166.88,0
Wheat Flour,Grocery/Staple,2024,20,171.0,3.25,-0.66,336,0,168.93,0
Wheat Flour,Grocery/Staple,2024,21,171.33,5.03,-0.02,329,0,169.83,0
Wheat Flour,Grocery/Staple,2024,22,170.0,2.18,-0.27,322,0,171.33,1
Wheat Flour,Grocery/Staple,2024,23,173.0,3.59,1.89,315,0,172.53,0
Wheat Flour,Grocery/Staple,2024,24,175.8,2.81,3.72,308,0,174.49,0
Wheat Flour,Grocery/Staple,2024,25,179.17,4.57,5.52,301,0,176.49,0
Wheat Flour,Grocery/Staple,2024,26,178.0,4.71,4.63,294,0,177.62,0
Wheat Flour,Grocery/Staple,2024,27,177.5,2.6,3.84,287,0,177.79,1
Wheat Flour,Grocery/Staple,2024,28,176.5,0.4,2.69,280,0,174.58,0
Wheat Flour,Grocery/Staple,2024,29,166.3,-7.18,-3.28,273,0,171.32,1
Wheat Flour,Grocery/Staple,2024,30,165.0,-7.3,-4.11,266,0,166.45,1
Wheat Flour,Grocery/Staple,2024,31,158.0,-10.99,-7.83,259,0,161.07,1
Wheat Flour,Grocery/Staple,2024,32,155.0,-12.18,-9.1,252,0,156.88,1
Wheat Flour,Grocery/Staple,2024,33,149.5,-10.1,-11.46,245,0,152.97,1
Wheat Flour,Grocery/Staple,2024,34,149.38,-9.47,-10.64,238,0,150.37,1
Wheat Flour,Grocery/Staple,2024,35,147.6,-6.58,-10.78,231,0,147.99,1
Wheat Flour,Grocery/Staple,2024,36,145.5,-6.13,-10.91,224,0,147.18,1
Wheat Flour,Grocery/Staple,2024,37,146.25,-2.17,-9.19,217,0,146.5,1
Wheat Flour,Grocery/Staple,2024,38,146.67,-1.81,-7.5,210,0,146.48,0
Wheat Flour,Grocery/Staple,2024,39,147.5,-0.07,-5.57,203,0,146.48,0
Wheat Flour,Grocery/Staple,2024,40,145.5,0.0,-5.36,196,0,145.92,1
Wheat Flour,Grocery/Staple,2024,41,144.0,-1.54,-4.79,189,0,145.34,1
Wheat Flour,Grocery/Staple,2024,42,144.38,-1.56,-3.47,182,0,144.72,1
Wheat Flour,Grocery/Staple,2024,43,145.0,-1.69,-2.04,175,0,146.05,1
Wheat Flour,Grocery/Staple,2024,44,150.83,3.67,2.28,168,0,147.8,0
Wheat Flour,Grocery/Staple,2024,45,151.0,4.86,2.61,161,0,149.21,0
Wheat Flour,Grocery/Staple,2024,46,150.0,3.9,1.9,154,0,150.58,1
Wheat Flour,Grocery/Staple,2024,47,150.5,3.79,2.18,147,0,150.25,0
Wheat Flour,Grocery/Staple,2024,48,149.5,-0.88,1.4,140,0,149.88,1
Wheat Flour,Grocery/Staple,2024,49,149.5,-0.99,1.19,133,0,149.75,1
Wheat Flour,Grocery/Staple,2024,50,149.5,-0.33,1.02,126,0,149.12,0
Wheat Flour,Grocery/Staple,2024,51,148.0,-1.66,-0.06,119,0,149.09,1
Wheat Flour,Grocery/Staple,2024,52,149.38,-0.08,0.77,112,0,147.97,0
Wheat Flour,Grocery/Staple,2025,1,145.0,-3.01,-2.16,105,0,153.72,1
Wheat Flour,Grocery/Staple,2025,35,172.5,15.38,14.7,232,0,156.72,0
Wheat Flour,Grocery/Staple,2026,1,160.0,8.11,5.55,106,0,159.4,0
Wheat Flour,Grocery/Staple,2026,2,160.1,7.18,4.81,99,0,163.19,1
Wheat Flour,Grocery/Staple,2026,3,160.17,10.46,4.36,92,0,160.14,0
Wheat Flour,Grocery/Staple,2026,4,160.3,-7.07,3.96,85,0,160.17,0
Wheat Flour,Grocery/Staple,2026,5,160.1,0.06,3.31,78,0,160.24,1
Wheat Flour,Grocery/Staple,2026,6,160.38,0.17,2.99,71,0,160.22,0
Wheat Flour,Grocery/Staple,2026,7,160.1,-0.04,2.27,64,0,160.17,1
Wheat Flour,Grocery/Staple,2026,8,160.1,-0.12,1.74,57,0,160.19,1
Wheat Flour,Grocery/Staple,2026,9,160.2,0.06,1.28,50,0,160.68,1
Wheat Flour,Grocery/Staple,2026,10,162.33,1.22,1.92,43,1,161.78,0
Wheat Flour,Grocery/Staple,2026,11,164.5,2.75,2.53,36,1,163.01,0
Wheat Flour,Grocery/Staple,2026,12,165.0,3.06,1.86,29,1,165.46,1
Wheat Flour,Grocery/Staple,2026,13,170.0,6.12,5.07,22,1,168.04,0
Wheat Flour,Grocery/Staple,2026,14,172.67,6.37,6.08,15,1,170.54,0
Wheat Flour,Grocery/Staple,2026,15,174.5,6.08,6.49,8,1,172.44,0
Wheat Flour,Grocery/Staple,2026,17,172.6,4.61,4.71,359,0,172.44,0
Wheat Flour,Grocery/Staple,2026,18,170.0,0.0,2.67,352,0,171.65,1
Wheat Flour,Grocery/Staple,2026,19,169.5,-1.83,1.93,345,0,170.52,1
Wheat Flour,Grocery/Staple,2026,20,170.0,-2.58,1.77,338,0,170.12,1
Wheat Flour,Grocery/Staple,2026,21,171.0,-0.93,1.86,331,0,170.06,0
Wheat Flour,Grocery/Staple,2026,22,169.75,-0.15,0.67,324,0,169.69,0
Wheat Flour,Grocery/Staple,2026,23,168.0,-0.88,-0.72,317,0,169.06,1
Wheat Flour,Grocery/Staple,2026,24,167.5,-1.47,-1.25,310,0,168.26,1
Wheat Flour,Grocery/Staple,2026,25,167.8,-1.87,-1.22,303,0,167.77,0
Woodapple (Rs/Fruit),Fruit,2023,1,38.88,,0.0,102,0,39.25,1
Woodapple (Rs/Fruit),Fruit,2023,2,39.25,,0.48,95,0,39.72,1
Woodapple (Rs/Fruit),Fruit,2023,3,40.2,,1.92,88,0,39.42,0
Woodapple (Rs/Fruit),Fruit,2023,4,38.8,,-1.23,81,0,39.31,1
Woodapple (Rs/Fruit),Fruit,2023,5,39.0,0.32,-0.57,74,0,38.95,0
Woodapple (Rs/Fruit),Fruit,2023,6,37.8,-3.69,-3.05,67,0,40.9,1
Woodapple (Rs/Fruit),Fruit,2023,7,48.0,19.4,19.18,60,0,43.35,0
Woodapple (Rs/Fruit),Fruit,2023,8,48.6,25.26,17.63,53,0,45.68,0
Woodapple (Rs/Fruit),Fruit,2023,9,48.3,23.85,14.75,46,0,49.16,1
Woodapple (Rs/Fruit),Fruit,2023,10,51.75,36.9,20.19,39,1,49.46,0
Woodapple (Rs/Fruit),Fruit,2023,11,49.2,2.5,12.8,32,1,50.21,1
Woodapple (Rs/Fruit),Fruit,2023,12,51.6,6.17,16.53,25,1,55.01,1
Woodapple (Rs/Fruit),Fruit,2023,13,67.5,39.75,46.52,18,1,60.82,0
Woodapple (Rs/Fruit),Fruit,2023,14,75.0,44.93,53.54,11,1,67.28,0
Woodapple (Rs/Fruit),Fruit,2023,15,75.0,52.44,45.36,4,1,75.03,1
Woodapple (Rs/Fruit),Fruit,2023,16,82.6,60.08,50.57,363,0,71.55,0
Woodapple (Rs/Fruit),Fruit,2023,17,53.6,-20.59,-4.28,356,0,66.47,1
Woodapple (Rs/Fruit),Fruit,2023,18,54.67,-27.11,-4.43,349,0,60.47,1
Woodapple (Rs/Fruit),Fruit,2023,19,51.0,-32.0,-12.4,342,0,50.54,0
Woodapple (Rs/Fruit),Fruit,2023,20,42.9,-48.06,-25.81,335,0,53.07,1
Woodapple (Rs/Fruit),Fruit,2023,21,63.7,18.84,7.99,328,0,59.9,0
Woodapple (Rs/Fruit),Fruit,2023,22,82.0,50.0,33.16,321,0,70.65,0
Woodapple (Rs/Fruit),Fruit,2023,23,94.0,84.31,45.0,314,0,83.43,0
Woodapple (Rs/Fruit),Fruit,2023,24,94.0,119.11,37.68,307,0,92.5,0
Woodapple (Rs/Fruit),Fruit,2023,25,100.0,56.99,38.89,300,0,98.25,0
Woodapple (Rs/Fruit),Fruit,2023,26,105.0,28.05,40.22,293,0,100.06,0
Woodapple (Rs/Fruit),Fruit,2023,27,101.25,7.71,31.66,286,0,98.94,0
Woodapple (Rs/Fruit),Fruit,2023,28,89.5,-4.79,14.72,279,0,91.94,1
Woodapple (Rs/Fruit),Fruit,2023,29,72.0,-28.0,-6.74,272,0,83.19,1
Woodapple (Rs/Fruit),Fruit,2023,30,70.0,-33.33,-10.79,265,0,71.62,1
Woodapple (Rs/Fruit),Fruit,2023,31,55.0,-45.68,-29.93,258,0,61.5,1
Woodapple (Rs/Fruit),Fruit,2023,32,49.0,-45.25,-37.45,251,0,52.9,1
Woodapple (Rs/Fruit),Fruit,2023,33,37.6,-47.78,-51.75,244,0,44.0,1
Woodapple (Rs/Fruit),Fruit,2023,34,34.4,-50.86,-54.54,237,0,37.44,1
Woodapple (Rs/Fruit),Fruit,2023,35,28.75,-47.73,-59.83,230,0,28.64,0
Woodapple (Rs/Fruit),Fruit,2023,36,13.8,-71.84,-78.9,223,0,23.44,1
Woodapple (Rs/Fruit),Fruit,2023,37,16.8,-55.32,-71.75,216,0,19.49,1
Woodapple (Rs/Fruit),Fruit,2023,38,18.6,-45.93,-65.04,209,0,16.8,0
Woodapple (Rs/Fruit),Fruit,2023,39,18.0,-37.39,-61.3,202,0,18.25,1
Woodapple (Rs/Fruit),Fruit,2023,40,19.6,42.03,-51.29,195,0,19.0,0
Woodapple (Rs/Fruit),Fruit,2023,41,19.8,17.86,-43.22,188,0,18.87,0
Woodapple (Rs/Fruit),Fruit,2023,42,18.07,-2.84,-41.18,181,0,19.16,1
Woodapple (Rs/Fruit),Fruit,2023,43,19.17,6.48,-28.52,174,0,19.12,0
Woodapple (Rs/Fruit),Fruit,2023,44,19.43,-0.87,-19.31,167,0,19.51,1
Woodapple (Rs/Fruit),Fruit,2023,45,21.36,7.86,-2.71,160,0,20.83,0
Woodapple (Rs/Fruit),Fruit,2023,46,23.35,29.21,11.96,153,0,21.43,0
Woodapple (Rs/Fruit),Fruit,2023,47,21.6,12.7,8.7,146,0,23.08,1
Woodapple (Rs/Fruit),Fruit,2023,48,26.0,33.82,32.25,139,0,24.64,0
Woodapple (Rs/Fruit),Fruit,2023,49,27.6,29.23,33.2,132,0,25.45,0
Woodapple (Rs/Fruit),Fruit,2023,50,26.6,13.92,23.87,125,0,26.34,0
Woodapple (Rs/Fruit),Fruit,2023,51,25.17,16.51,14.5,118,0,28.51,1
Woodapple (Rs/Fruit),Fruit,2023,52,34.67,33.33,49.03,111,0,31.55,0
Woodapple (Rs/Fruit),Fruit,2024,1,39.75,44.02,60.2,104,0,32.17,0
Woodapple (Rs/Fruit),Fruit,2024,2,29.1,9.4,13.99,97,0,35.19,1
Woodapple (Rs/Fruit),Fruit,2024,3,37.25,48.01,37.95,90,0,36.65,0
Woodapple (Rs/Fruit),Fruit,2024,4,40.5,16.83,41.39,83,0,44.21,1
Woodapple (Rs/Fruit),Fruit,2024,5,70.0,76.1,115.16,76,0,55.31,0
Woodapple (Rs/Fruit),Fruit,2024,6,73.5,152.58,101.12,69,0,63.5,0
Woodapple (Rs/Fruit),Fruit,2024,7,70.0,87.92,74.42,62,0,71.81,1
Woodapple (Rs/Fruit),Fruit,2024,8,73.75,82.1,67.06,55,0,74.94,1
Woodapple (Rs/Fruit),Fruit,2024,9,82.5,17.86,70.13,48,0,80.47,0
Woodapple (Rs/Fruit),Fruit,2024,10,95.62,30.1,77.99,41,1,89.47,0
Woodapple (Rs/Fruit),Fruit,2024,11,106.0,51.43,77.16,34,1,97.28,0
Woodapple (Rs/Fruit),Fruit,2024,12,105.0,42.37,59.16,27,1,102.59,0
Woodapple (Rs/Fruit),Fruit,2024,13,103.75,25.76,45.54,20,1,104.69,1
Woodapple (Rs/Fruit),Fruit,2024,14,104.0,8.76,36.43,13,1,104.44,1
Woodapple (Rs/Fruit),Fruit,2024,15,105.0,-0.94,27.94,6,1,105.69,1
Woodapple (Rs/Fruit),Fruit,2024,16,110.0,4.76,25.48,364,0,111.94,1
Woodapple (Rs/Fruit),Fruit,2024,17,128.75,24.1,36.31,357,0,118.12,0
Woodapple (Rs/Fruit),Fruit,2024,18,128.75,23.8,30.09,350,0,126.62,0
Woodapple (Rs/Fruit),Fruit,2024,19,139.0,32.38,33.64,343,0,136.88,0
Woodapple (Rs/Fruit),Fruit,2024,20,151.0,37.27,36.97,336,0,138.44,0
Woodapple (Rs/Fruit),Fruit,2024,21,135.0,4.85,17.44,329,0,144.75,1
Woodapple (Rs/Fruit),Fruit,2024,22,154.0,19.61,27.85,322,0,146.5,0
Woodapple (Rs/Fruit),Fruit,2024,23,146.0,5.04,17.43,315,0,146.25,1
Woodapple (Rs/Fruit),Fruit,2024,24,150.0,-0.66,17.45,308,0,148.75,0
Woodapple (Rs/Fruit),Fruit,2024,25,145.0,7.41,10.87,301,0,143.75,0
Woodapple (Rs/Fruit),Fruit,2024,26,134.0,-12.99,0.66,294,0,130.75,0
Woodapple (Rs/Fruit),Fruit,2024,27,94.0,-35.62,-28.97,287,0,110.5,1
Woodapple (Rs/Fruit),Fruit,2024,28,69.0,-54.0,-46.75,280,0,86.5,1
Woodapple (Rs/Fruit),Fruit,2024,29,49.0,-66.21,-60.76,273,0,62.8,1
Woodapple (Rs/Fruit),Fruit,2024,30,39.2,-70.75,-66.78,266,0,47.52,1
Woodapple (Rs/Fruit),Fruit,2024,31,32.9,-65.0,-70.26,259,0,35.67,1
Woodapple (Rs/Fruit),Fruit,2024,32,21.6,-68.7,-78.74,252,0,28.45,1
Woodapple (Rs/Fruit),Fruit,2024,33,20.1,-58.98,-78.04,245,0,23.28,1
Woodapple (Rs/Fruit),Fruit,2024,34,18.5,-52.81,-77.59,238,0,18.9,1
Woodapple (Rs/Fruit),Fruit,2024,35,15.4,-53.19,-78.58,231,0,17.0,1
Woodapple (Rs/Fruit),Fruit,2024,36,14.0,-35.19,-77.33,224,0,15.41,1
Woodapple (Rs/Fruit),Fruit,2024,37,13.75,-31.59,-73.18,217,0,14.87,1
Woodapple (Rs/Fruit),Fruit,2024,38,16.33,-11.71,-60.52,210,0,16.15,0
Woodapple (Rs/Fruit),Fruit,2024,39,20.5,33.12,-37.19,203,0,17.5,0
Woodapple (Rs/Fruit),Fruit,2024,40,19.4,38.57,-27.88,196,0,19.01,0
Woodapple (Rs/Fruit),Fruit,2024,41,19.8,44.0,-14.34,189,0,19.02,0
Woodapple (Rs/Fruit),Fruit,2024,42,16.38,0.26,-20.53,182,0,17.89,1
Woodapple (Rs/Fruit),Fruit,2024,43,16.0,-21.95,-14.98,175,0,16.79,1
Woodapple (Rs/Fruit),Fruit,2024,44,15.0,-22.68,-14.01,168,0,15.59,1
Woodapple (Rs/Fruit),Fruit,2024,45,15.0,-24.24,-11.43,161,0,15.25,1
Woodapple (Rs/Fruit),Fruit,2024,46,15.0,-8.4,-9.33,154,0,17.0,1
Woodapple (Rs/Fruit),Fruit,2024,47,23.0,43.75,36.18,147,0,19.15,0
Woodapple (Rs/Fruit),Fruit,2024,48,23.6,57.33,34.7,140,0,21.78,0
Woodapple (Rs/Fruit),Fruit,2024,49,25.5,70.0,38.55,133,0,25.85,1
Woodapple (Rs/Fruit),Fruit,2024,50,31.3,108.67,58.45,126,0,31.05,0
Woodapple (Rs/Fruit),Fruit,2024,51,43.8,90.43,100.3,119,0,36.28,0
Woodapple (Rs/Fruit),Fruit,2024,52,44.5,88.56,87.66,112,0,42.4,0
Woodapple (Rs/Fruit),Fruit,2025,1,50.0,96.08,91.81,105,0,49.58,0
Woodapple (Rs/Fruit),Fruit,2025,35,60.0,91.69,105.76,232,0,50.62,0
Woodapple (Rs/Fruit),Fruit,2026,1,48.0,9.59,51.94,106,0,51.72,1
Woodapple (Rs/Fruit),Fruit,2026,2,48.9,9.89,43.3,99,0,51.31,1
Woodapple (Rs/Fruit),Fruit,2026,3,48.33,-3.33,31.74,92,0,49.01,1
Woodapple (Rs/Fruit),Fruit,2026,4,50.8,-15.33,28.8,85,0,49.81,0
Woodapple (Rs/Fruit),Fruit,2026,5,51.2,6.67,21.25,78,0,51.71,1
Woodapple (Rs/Fruit),Fruit,2026,6,56.5,15.54,26.11,71,0,53.53,0
Woodapple (Rs/Fruit),Fruit,2026,7,55.6,15.03,17.64,64,0,55.08,0
Woodapple (Rs/Fruit),Fruit,2026,8,57.0,12.2,14.72,57,0,58.03,1
Woodapple (Rs/Fruit),Fruit,2026,9,63.0,23.05,20.86,50,0,60.15,0
Woodapple (Rs/Fruit),Fruit,2026,10,65.0,15.04,20.92,43,1,65.5,1
Woodapple (Rs/Fruit),Fruit,2026,11,77.0,38.49,36.87,36,1,70.15,0
Woodapple (Rs/Fruit),Fruit,2026,12,75.6,32.63,29.84,29,1,70.15,0
Woodapple (Rs/Fruit),Fruit,2026,13,63.0,0.0,7.77,22,1,71.4,1
Woodapple (Rs/Fruit),Fruit,2026,14,70.0,7.69,16.38,15,1,68.55,0
Woodapple (Rs/Fruit),Fruit,2026,15,65.6,-14.81,6.78,8,1,65.9,1
Woodapple (Rs/Fruit),Fruit,2026,17,65.0,-14.02,3.64,359,0,62.52,0
Woodapple (Rs/Fruit),Fruit,2026,18,49.5,-21.43,-20.95,352,0,58.72,1
Woodapple (Rs/Fruit),Fruit,2026,19,54.8,-21.71,-12.87,345,0,54.82,1
Woodapple (Rs/Fruit),Fruit,2026,20,50.0,-23.78,-19.86,338,0,50.48,1
Woodapple (Rs/Fruit),Fruit,2026,21,47.6,-26.77,-22.95,331,0,50.6,1
Woodapple (Rs/Fruit),Fruit,2026,22,50.0,1.01,-18.35,324,0,54.4,1
Woodapple (Rs/Fruit),Fruit,2026,23,70.0,27.74,13.31,317,0,61.65,0
Woodapple (Rs/Fruit),Fruit,2026,24,79.0,58.0,25.69,310,0,72.65,0
Woodapple (Rs/Fruit),Fruit,2026,25,91.6,92.44,43.18,303,0,80.2,0
