shop_id,year_month,monthly_revenue_rs,monthly_expenses_rs,monthly_profit_rs,profit_margin_pct,avg_daily_txns,credit_sales_ratio,digital_payment_ratio,sales_volatility,stockout_rate,months_active,target_credit_ready
SHOP001,2023-01,709483,611197,98286,13.9,39,0.049,0.232,0.232,0.11,1,0
SHOP001,2023-02,678503,564412,114091,16.8,62,0.192,0.284,0.197,0.069,2,0
SHOP001,2023-03,518723,456591,62132,12.0,48,0.12,0.242,0.182,0.075,3,0
SHOP001,2023-04,720394,604970,115424,16.0,38,0.026,0.27,0.118,0.072,4,0
SHOP001,2023-05,519405,436121,83284,16.0,45,0.28,0.232,0.253,0.037,5,0
SHOP001,2023-06,592915,495064,97851,16.5,58,0.12,0.185,0.237,0.052,6,0
SHOP001,2023-07,676377,572216,104161,15.4,54,0.163,0.205,0.263,0.073,7,0
SHOP001,2023-08,617989,537329,80660,13.1,50,0.154,0.258,0.301,0.066,8,0
SHOP001,2023-09,633173,531750,101423,16.0,50,0.124,0.205,0.142,0.065,9,1
SHOP001,2023-10,707564,576292,131272,18.6,57,0.154,0.27,0.214,0.1,10,0
SHOP001,2023-11,528489,416063,112426,21.3,61,0.128,0.283,0.255,0.043,11,1
SHOP001,2023-12,621810,512058,109752,17.7,53,0.122,0.191,0.196,0.088,12,1
SHOP001,2024-01,609225,490687,118538,19.5,36,0.077,0.274,0.27,0.068,13,0
SHOP001,2024-02,628249,521595,106654,17.0,45,0.193,0.185,0.203,0.096,14,0
SHOP001,2024-03,689277,535364,153913,22.3,61,0.166,0.189,0.178,0.084,15,1
SHOP001,2024-04,615026,491619,123407,20.1,51,0.111,0.328,0.162,0.063,16,1
SHOP001,2024-05,672929,563258,109671,16.3,50,0.024,0.199,0.166,0.061,17,1
SHOP001,2024-06,687264,579777,107487,15.6,44,0.099,0.241,0.229,0.103,18,1
SHOP001,2024-07,456703,364429,92274,20.2,47,0.188,0.226,0.174,0.04,19,1
SHOP001,2024-08,836668,701698,134970,16.1,37,0.076,0.113,0.287,0.083,20,1
SHOP001,2024-09,430450,319247,111203,25.8,46,0.171,0.263,0.192,0.013,21,1
SHOP001,2024-10,666745,606897,59848,9.0,37,0.07,0.296,0.302,0.041,22,1
SHOP001,2024-11,694273,607953,86320,12.4,54,0.081,0.2,0.132,0.056,23,1
SHOP001,2024-12,823258,698668,124590,15.1,36,0.109,0.186,0.196,0.037,24,1
SHOP001,2025-01,757187,621624,135563,17.9,44,0.182,0.247,0.16,0.079,25,1
SHOP001,2025-02,421458,375331,46127,10.9,47,0.115,0.242,0.174,0.12,26,1
SHOP001,2025-03,733447,638594,94853,12.9,48,0.017,0.272,0.162,0.116,27,1
SHOP001,2025-04,684692,622035,62657,9.2,51,0.151,0.201,0.158,0.064,28,1
SHOP001,2025-05,711227,637161,74066,10.4,42,0.086,0.116,0.197,0.095,29,1
SHOP001,2025-06,627641,512056,115585,18.4,53,0.074,0.193,0.157,0.129,30,1
SHOP001,2025-07,627026,528357,98669,15.7,43,0.125,0.224,0.183,0.039,31,1
SHOP001,2025-08,660351,557421,102930,15.6,48,0.105,0.238,0.224,0.057,32,1
SHOP001,2025-09,522617,454542,68075,13.0,45,0.065,0.182,0.256,0.006,33,1
SHOP001,2025-10,536419,452278,84141,15.7,46,0.172,0.239,0.195,0.058,34,1
SHOP001,2025-11,560615,493602,67013,12.0,49,0.052,0.179,0.12,0.11,35,1
SHOP001,2025-12,759267,657379,101888,13.4,41,0.153,0.275,0.11,0.03,36,1
SHOP002,2023-01,905013,747126,157887,17.4,53,0.057,0.287,0.126,0.0,1,0
SHOP002,2023-02,829335,623145,206190,24.9,53,0.213,0.298,0.042,0.039,2,1
SHOP002,2023-03,840250,702374,137876,16.4,57,0.124,0.342,0.048,0.035,3,1
SHOP002,2023-04,780735,643499,137236,17.6,61,0.086,0.286,0.092,0.097,4,1
SHOP002,2023-05,546520,447620,98900,18.1,61,0.118,0.25,0.211,0.04,5,0
SHOP002,2023-06,792449,616485,175964,22.2,63,0.057,0.393,0.098,0.023,6,1
SHOP002,2023-07,712589,560692,151897,21.3,66,0.137,0.226,0.176,0.108,7,1
SHOP002,2023-08,681364,560727,120637,17.7,66,0.019,0.302,0.134,0.047,8,1
SHOP002,2023-09,565129,442226,122903,21.7,53,0.023,0.293,0.137,0.041,9,1
SHOP002,2023-10,1059014,881372,177642,16.8,64,0.07,0.371,0.19,0.074,10,0
SHOP002,2023-11,645635,523094,122541,19.0,59,0.102,0.38,0.173,0.044,11,1
SHOP002,2023-12,796318,632136,164182,20.6,67,0.06,0.274,0.094,0.084,12,1
SHOP002,2024-01,879018,693590,185428,21.1,54,0.077,0.348,0.082,0.045,13,1
SHOP002,2024-02,684168,559168,125000,18.3,64,0.097,0.383,0.098,0.023,14,1
SHOP002,2024-03,824169,685011,139158,16.9,53,0.072,0.224,0.188,0.036,15,1
SHOP002,2024-04,859352,609097,250255,29.1,59,0.097,0.297,0.152,0.099,16,1
SHOP002,2024-05,832873,700740,132133,15.9,63,0.083,0.29,0.071,0.077,17,1
SHOP002,2024-06,639760,559294,80466,12.6,50,0.101,0.31,0.044,0.049,18,1
SHOP002,2024-07,782215,628437,153778,19.7,56,0.088,0.323,0.077,0.04,19,1
SHOP002,2024-08,799436,635936,163500,20.5,72,0.159,0.186,0.169,0.045,20,1
SHOP002,2024-09,538640,431991,106649,19.8,58,0.051,0.365,0.082,0.048,21,1
SHOP002,2024-10,683612,594188,89424,13.1,60,0.1,0.365,0.141,0.021,22,1
SHOP002,2024-11,738986,601880,137106,18.6,55,0.147,0.259,0.112,0.0,23,1
SHOP002,2024-12,632607,528145,104462,16.5,58,0.167,0.305,0.138,0.117,24,1
SHOP002,2025-01,817471,688444,129027,15.8,59,0.159,0.253,0.11,0.003,25,1
SHOP002,2025-02,753942,622272,131670,17.5,53,0.046,0.362,0.201,0.053,26,1
SHOP002,2025-03,799423,593432,205991,25.8,53,0.054,0.276,0.103,0.018,27,1
SHOP002,2025-04,957265,779292,177973,18.6,51,0.051,0.234,0.158,0.05,28,1
SHOP002,2025-05,757092,593316,163776,21.6,59,0.108,0.325,0.126,0.061,29,1
SHOP002,2025-06,609263,502704,106559,17.5,60,0.14,0.302,0.231,0.05,30,1
SHOP002,2025-07,575608,485336,90272,15.7,62,0.188,0.347,0.182,0.08,31,1
SHOP002,2025-08,726744,596477,130267,17.9,56,0.126,0.297,0.065,0.044,32,1
SHOP002,2025-09,665157,562649,102508,15.4,59,0.06,0.393,0.142,0.056,33,1
SHOP002,2025-10,888715,686245,202470,22.8,73,0.0,0.383,0.145,0.042,34,1
SHOP002,2025-11,1026559,805859,220700,21.5,45,0.025,0.339,0.19,0.047,35,1
SHOP002,2025-12,736834,624304,112530,15.3,54,0.168,0.303,0.122,0.042,36,1
SHOP003,2023-01,236678,205304,31374,13.3,14,0.068,0.214,0.192,0.098,1,0
SHOP003,2023-02,270083,243362,26721,9.9,29,0.261,0.186,0.232,0.07,2,0
SHOP003,2023-03,273992,248174,25818,9.4,13,0.112,0.219,0.206,0.056,3,0
SHOP003,2023-04,260769,230568,30201,11.6,22,0.139,0.328,0.343,0.061,4,0
SHOP003,2023-05,253753,211485,42268,16.7,27,0.121,0.172,0.214,0.089,5,0
SHOP003,2023-06,198102,173929,24173,12.2,19,0.098,0.229,0.25,0.118,6,0
SHOP003,2023-07,280997,241068,39929,14.2,16,0.163,0.123,0.241,0.071,7,0
SHOP003,2023-08,276442,246448,29994,10.9,19,0.052,0.064,0.202,0.125,8,0
SHOP003,2023-09,220247,187668,32579,14.8,13,0.221,0.247,0.259,0.098,9,0
SHOP003,2023-10,244734,217311,27423,11.2,24,0.141,0.169,0.257,0.135,10,0
SHOP003,2023-11,249003,226673,22330,9.0,18,0.132,0.215,0.176,0.129,11,0
SHOP003,2023-12,244946,221038,23908,9.8,21,0.241,0.13,0.292,0.075,12,0
SHOP003,2024-01,240882,201646,39236,16.3,16,0.235,0.146,0.237,0.12,13,0
SHOP003,2024-02,223843,189507,34336,15.3,24,0.16,0.249,0.258,0.056,14,0
SHOP003,2024-03,294857,241608,53249,18.1,12,0.167,0.161,0.308,0.097,15,0
SHOP003,2024-04,325771,284674,41097,12.6,22,0.144,0.171,0.135,0.076,16,0
SHOP003,2024-05,252094,234136,17958,7.1,17,0.199,0.224,0.298,0.131,17,0
SHOP003,2024-06,274675,223729,50946,18.5,29,0.053,0.177,0.194,0.109,18,0
SHOP003,2024-07,202764,175035,27729,13.7,24,0.123,0.111,0.29,0.076,19,0
SHOP003,2024-08,310839,282229,28610,9.2,10,0.19,0.098,0.319,0.081,20,0
SHOP003,2024-09,275742,246635,29107,10.6,17,0.113,0.202,0.226,0.0,21,1
SHOP003,2024-10,273897,228555,45342,16.6,26,0.103,0.316,0.285,0.101,22,1
SHOP003,2024-11,264856,233959,30897,11.7,23,0.189,0.209,0.123,0.059,23,1
SHOP003,2024-12,273082,230884,42198,15.5,22,0.145,0.267,0.201,0.08,24,1
SHOP003,2025-01,296559,243206,53353,18.0,19,0.114,0.247,0.265,0.061,25,1
SHOP003,2025-02,296461,260533,35928,12.1,34,0.018,0.151,0.194,0.094,26,1
SHOP003,2025-03,274614,245169,29445,10.7,17,0.078,0.178,0.208,0.182,27,0
SHOP003,2025-04,312333,269359,42974,13.8,22,0.076,0.253,0.218,0.052,28,1
SHOP003,2025-05,244510,206318,38192,15.6,19,0.179,0.144,0.113,0.02,29,1
SHOP003,2025-06,306504,252243,54261,17.7,24,0.23,0.189,0.3,0.046,30,1
SHOP003,2025-07,255772,224566,31206,12.2,23,0.082,0.195,0.313,0.081,31,0
SHOP003,2025-08,271886,243322,28564,10.5,13,0.157,0.177,0.255,0.074,32,0
SHOP003,2025-09,308072,251804,56268,18.3,10,0.121,0.228,0.282,0.104,33,1
SHOP003,2025-10,215300,178578,36722,17.1,24,0.177,0.219,0.084,0.11,34,1
SHOP003,2025-11,305003,263054,41949,13.8,38,0.129,0.153,0.175,0.079,35,1
SHOP003,2025-12,269760,238512,31248,11.6,18,0.107,0.161,0.183,0.118,36,1
SHOP004,2023-01,671769,557947,113822,16.9,51,0.116,0.179,0.284,0.067,1,0
SHOP004,2023-02,699543,603199,96344,13.8,55,0.135,0.241,0.17,0.038,2,0
SHOP004,2023-03,758557,671283,87274,11.5,50,0.151,0.243,0.228,0.093,3,0
SHOP004,2023-04,786231,680664,105567,13.4,48,0.049,0.218,0.223,0.025,4,0
SHOP004,2023-05,656998,557010,99988,15.2,48,0.058,0.269,0.316,0.074,5,0
SHOP004,2023-06,781886,662616,119270,15.3,41,0.081,0.284,0.257,0.099,6,0
SHOP004,2023-07,750099,665575,84524,11.3,48,0.167,0.295,0.273,0.059,7,0
SHOP004,2023-08,794329,646353,147976,18.6,57,0.181,0.219,0.186,0.025,8,1
SHOP004,2023-09,619416,535707,83709,13.5,45,0.153,0.242,0.129,0.059,9,1
SHOP004,2023-10,588937,485854,103083,17.5,45,0.217,0.318,0.297,0.129,10,0
SHOP004,2023-11,587659,504968,82691,14.1,60,0.252,0.14,0.245,0.043,11,0
SHOP004,2023-12,613598,483816,129782,21.2,50,0.124,0.289,0.23,0.064,12,1
SHOP004,2024-01,749107,634349,114758,15.3,47,0.239,0.214,0.183,0.059,13,0
SHOP004,2024-02,556768,458439,98329,17.7,56,0.124,0.215,0.232,0.112,14,1
SHOP004,2024-03,607847,521791,86056,14.2,51,0.082,0.219,0.162,0.069,15,0
SHOP004,2024-04,643054,556458,86596,13.5,45,0.186,0.206,0.15,0.086,16,0
SHOP004,2024-05,685123,617021,68102,9.9,47,0.0,0.238,0.273,0.03,17,1
SHOP004,2024-06,436556,382778,53778,12.3,51,0.061,0.214,0.093,0.107,18,1
SHOP004,2024-07,635650,581128,54522,8.6,50,0.113,0.157,0.212,0.055,19,0
SHOP004,2024-08,767694,635326,132368,17.2,48,0.07,0.223,0.299,0.095,20,1
SHOP004,2024-09,633304,520796,112508,17.8,46,0.122,0.242,0.344,0.039,21,0
SHOP004,2024-10,483877,399132,84745,17.5,61,0.135,0.305,0.093,0.054,22,1
SHOP004,2024-11,781200,644051,137149,17.6,51,0.122,0.223,0.213,0.106,23,1
SHOP004,2024-12,849438,751203,98235,11.6,65,0.083,0.252,0.195,0.076,24,1
SHOP004,2025-01,624897,510944,113953,18.2,48,0.247,0.168,0.171,0.084,25,1
SHOP004,2025-02,738103,636640,101463,13.7,66,0.145,0.184,0.175,0.084,26,0
SHOP004,2025-03,725434,587643,137791,19.0,51,0.158,0.32,0.238,0.085,27,1
SHOP004,2025-04,871247,771997,99250,11.4,50,0.115,0.197,0.164,0.014,28,1
SHOP004,2025-05,692221,571253,120968,17.5,47,0.113,0.191,0.23,0.1,29,0
SHOP004,2025-06,551997,452006,99991,18.1,60,0.171,0.179,0.218,0.106,30,1
SHOP004,2025-07,646232,522358,123874,19.2,50,0.241,0.3,0.143,0.094,31,1
SHOP004,2025-08,595460,515059,80401,13.5,52,0.12,0.314,0.253,0.093,32,1
SHOP004,2025-09,647512,526688,120824,18.7,42,0.162,0.322,0.227,0.08,33,1
SHOP004,2025-10,468164,376791,91373,19.5,46,0.089,0.224,0.13,0.066,34,1
SHOP004,2025-11,704803,624448,80355,11.4,56,0.024,0.22,0.182,0.047,35,1
SHOP004,2025-12,688373,597714,90659,13.2,54,0.092,0.201,0.115,0.099,36,0
SHOP005,2023-01,578525,476373,102152,17.7,32,0.121,0.194,0.154,0.063,1,0
SHOP005,2023-02,579257,490472,88785,15.3,42,0.193,0.201,0.173,0.103,2,0
SHOP005,2023-03,748438,623827,124611,16.6,46,0.078,0.168,0.244,0.068,3,0
SHOP005,2023-04,637885,545682,92203,14.5,52,0.091,0.152,0.225,0.13,4,0
SHOP005,2023-05,590954,497601,93353,15.8,48,0.176,0.259,0.283,0.044,5,0
SHOP005,2023-06,509769,431540,78229,15.3,46,0.149,0.192,0.131,0.093,6,0
SHOP005,2023-07,398396,338065,60331,15.1,39,0.171,0.203,0.258,0.079,7,0
SHOP005,2023-08,520137,445671,74466,14.3,43,0.298,0.23,0.24,0.041,8,0
SHOP005,2023-09,485608,422213,63395,13.1,51,0.022,0.222,0.196,0.11,9,0
SHOP005,2023-10,652309,557585,94724,14.5,48,0.125,0.18,0.181,0.128,10,0
SHOP005,2023-11,638284,564369,73915,11.6,44,0.06,0.254,0.155,0.125,11,0
SHOP005,2023-12,605654,501279,104375,17.2,40,0.152,0.223,0.247,0.123,12,0
SHOP005,2024-01,703847,608267,95580,13.6,41,0.157,0.169,0.215,0.098,13,0
SHOP005,2024-02,552223,473015,79208,14.3,42,0.151,0.23,0.126,0.132,14,0
SHOP005,2024-03,518531,440251,78280,15.1,44,0.178,0.176,0.242,0.042,15,0
SHOP005,2024-04,512612,428406,84206,16.4,41,0.224,0.246,0.185,0.136,16,0
SHOP005,2024-05,497904,422534,75370,15.1,40,0.162,0.201,0.22,0.086,17,1
SHOP005,2024-06,503814,436671,67143,13.3,45,0.124,0.157,0.219,0.046,18,0
SHOP005,2024-07,525613,428783,96830,18.4,41,0.094,0.222,0.261,0.074,19,1
SHOP005,2024-08,561228,479208,82020,14.6,48,0.204,0.205,0.132,0.068,20,1
SHOP005,2024-09,449135,413813,35322,7.9,46,0.151,0.269,0.157,0.025,21,0
SHOP005,2024-10,526329,458925,67404,12.8,39,0.09,0.216,0.287,0.101,22,1
SHOP005,2024-11,544353,459969,84384,15.5,43,0.088,0.227,0.277,0.128,23,1
SHOP005,2024-12,498753,416940,81813,16.4,42,0.173,0.248,0.209,0.054,24,1
SHOP005,2025-01,482257,407166,75091,15.6,37,0.182,0.214,0.298,0.102,25,0
SHOP005,2025-02,520678,438362,82316,15.8,42,0.18,0.201,0.292,0.065,26,1
SHOP005,2025-03,598629,497599,101030,16.9,52,0.042,0.112,0.181,0.12,27,1
SHOP005,2025-04,459405,409917,49488,10.8,47,0.091,0.222,0.214,0.146,28,0
SHOP005,2025-05,578356,501322,77034,13.3,46,0.174,0.239,0.212,0.116,29,1
SHOP005,2025-06,580302,488668,91634,15.8,39,0.119,0.161,0.307,0.09,30,1
SHOP005,2025-07,412228,354747,57481,13.9,48,0.068,0.173,0.127,0.069,31,1
SHOP005,2025-08,437688,354935,82753,18.9,54,0.104,0.267,0.201,0.047,32,1
SHOP005,2025-09,629268,520446,108822,17.3,43,0.07,0.198,0.199,0.108,33,0
SHOP005,2025-10,561239,471250,89989,16.0,45,0.121,0.222,0.201,0.089,34,1
SHOP005,2025-11,678597,566107,112490,16.6,49,0.176,0.23,0.242,0.056,35,1
SHOP005,2025-12,577520,502188,75332,13.0,42,0.133,0.254,0.249,0.061,36,1
SHOP006,2023-01,378414,296130,82284,21.7,32,0.143,0.206,0.11,0.048,1,0
SHOP006,2023-02,515023,449828,65195,12.7,35,0.126,0.319,0.146,0.042,2,0
SHOP006,2023-03,283710,244801,38909,13.7,30,0.118,0.279,0.143,0.032,3,0
SHOP006,2023-04,662600,571740,90860,13.7,32,0.167,0.308,0.18,0.067,4,1
SHOP006,2023-05,485684,401626,84058,17.3,31,0.086,0.294,0.101,0.052,5,1
SHOP006,2023-06,492828,434067,58761,11.9,40,0.081,0.333,0.092,0.027,6,1
SHOP006,2023-07,411349,354465,56884,13.8,38,0.1,0.257,0.18,0.074,7,0
SHOP006,2023-08,405617,334716,70901,17.5,31,0.087,0.293,0.137,0.054,8,1
SHOP006,2023-09,458403,363166,95237,20.8,38,0.066,0.313,0.188,0.065,9,1
SHOP006,2023-10,489942,400435,89507,18.3,28,0.0,0.302,0.203,0.119,10,1
SHOP006,2023-11,473518,404636,68882,14.5,32,0.151,0.307,0.121,0.026,11,1
SHOP006,2023-12,613553,551471,62082,10.1,38,0.003,0.317,0.162,0.043,12,1
SHOP006,2024-01,468545,383409,85136,18.2,38,0.039,0.349,0.141,0.095,13,1
SHOP006,2024-02,457046,378183,78863,17.3,25,0.002,0.269,0.193,0.014,14,1
SHOP006,2024-03,509093,443724,65369,12.8,33,0.115,0.282,0.225,0.052,15,1
SHOP006,2024-04,460197,381889,78308,17.0,28,0.06,0.268,0.123,0.08,16,1
SHOP006,2024-05,371111,294730,76381,20.6,39,0.067,0.316,0.211,0.046,17,1
SHOP006,2024-06,442763,375005,67758,15.3,37,0.089,0.221,0.151,0.044,18,1
SHOP006,2024-07,396055,317080,78975,19.9,20,0.151,0.288,0.124,0.076,19,1
SHOP006,2024-08,491499,376967,114532,23.3,20,0.055,0.36,0.305,0.117,20,1
SHOP006,2024-09,461023,367043,93980,20.4,39,0.083,0.254,0.154,0.106,21,1
SHOP006,2024-10,475878,380963,94915,19.9,32,0.12,0.282,0.129,0.039,22,1
SHOP006,2024-11,322255,279774,42481,13.2,43,0.135,0.229,0.09,0.06,23,1
SHOP006,2024-12,413504,354356,59148,14.3,28,0.065,0.239,0.135,0.075,24,1
SHOP006,2025-01,425453,351873,73580,17.3,37,0.054,0.245,0.1,0.039,25,1
SHOP006,2025-02,201327,162648,38679,19.2,24,0.088,0.241,0.152,0.0,26,1
SHOP006,2025-03,613958,467352,146606,23.9,45,0.055,0.286,0.214,0.024,27,1
SHOP006,2025-04,473619,407614,66005,13.9,34,0.11,0.283,0.232,0.027,28,1
SHOP006,2025-05,351473,286709,64764,18.4,41,0.114,0.26,0.151,0.103,29,1
SHOP006,2025-06,466908,401648,65260,14.0,22,0.096,0.374,0.231,0.02,30,1
SHOP006,2025-07,458796,386671,72125,15.7,42,0.076,0.301,0.221,0.067,31,1
SHOP006,2025-08,482760,392746,90014,18.6,50,0.017,0.347,0.072,0.018,32,1
SHOP006,2025-09,475594,373633,101961,21.4,33,0.149,0.228,0.196,0.103,33,1
SHOP006,2025-10,408837,328801,80036,19.6,35,0.064,0.255,0.094,0.033,34,1
SHOP006,2025-11,414898,355929,58969,14.2,32,0.109,0.302,0.244,0.046,35,1
SHOP006,2025-12,567094,469448,97646,17.2,39,0.088,0.237,0.145,0.09,36,1
SHOP007,2023-01,650007,539642,110365,17.0,61,0.0,0.225,0.153,0.117,1,0
SHOP007,2023-02,717516,565903,151613,21.1,65,0.095,0.325,0.177,0.049,2,0
SHOP007,2023-03,770690,684983,85707,11.1,46,0.101,0.235,0.164,0.09,3,0
SHOP007,2023-04,721732,579979,141753,19.6,64,0.1,0.197,0.18,0.087,4,0
SHOP007,2023-05,667463,557352,110111,16.5,70,0.16,0.142,0.143,0.058,5,0
SHOP007,2023-06,890416,741813,148603,16.7,72,0.061,0.286,0.18,0.054,6,0
SHOP007,2023-07,972502,818815,153687,15.8,56,0.071,0.239,0.156,0.084,7,0
SHOP007,2023-08,1151086,993770,157316,13.7,54,0.168,0.227,0.248,0.04,8,0
SHOP007,2023-09,919492,767387,152105,16.5,62,0.058,0.272,0.243,0.168,9,0
SHOP007,2023-10,864997,713305,151692,17.5,53,0.117,0.209,0.25,0.116,10,0
SHOP007,2023-11,773190,613431,159759,20.7,72,0.107,0.144,0.256,0.102,11,0
SHOP007,2023-12,1055289,918031,137258,13.0,68,0.164,0.237,0.134,0.07,12,1
SHOP007,2024-01,726174,591328,134846,18.6,55,0.164,0.275,0.224,0.088,13,0
SHOP007,2024-02,796502,693272,103230,13.0,54,0.103,0.238,0.22,0.111,14,0
SHOP007,2024-03,817040,702247,114793,14.0,53,0.135,0.206,0.279,0.072,15,0
SHOP007,2024-04,1012455,917773,94682,9.4,59,0.111,0.233,0.27,0.124,16,0
SHOP007,2024-05,872971,713574,159397,18.3,53,0.142,0.234,0.158,0.153,17,0
SHOP007,2024-06,916218,768946,147272,16.1,57,0.152,0.248,0.309,0.122,18,1
SHOP007,2024-07,614773,553118,61655,10.0,56,0.179,0.208,0.077,0.078,19,1
SHOP007,2024-08,771429,672134,99295,12.9,54,0.082,0.269,0.151,0.083,20,1
SHOP007,2024-09,1028994,854760,174234,16.9,61,0.174,0.253,0.149,0.07,21,1
SHOP007,2024-10,695212,576582,118630,17.1,66,0.082,0.233,0.206,0.044,22,1
SHOP007,2024-11,794729,674643,120086,15.1,57,0.012,0.159,0.153,0.109,23,1
SHOP007,2024-12,635697,555285,80412,12.6,63,0.094,0.283,0.107,0.073,24,1
SHOP007,2025-01,777242,640712,136530,17.6,58,0.133,0.179,0.245,0.055,25,1
SHOP007,2025-02,1120899,901180,219719,19.6,62,0.14,0.191,0.161,0.129,26,1
SHOP007,2025-03,998897,829448,169449,17.0,59,0.185,0.25,0.077,0.056,27,1
SHOP007,2025-04,990572,860071,130501,13.2,53,0.113,0.227,0.202,0.047,28,0
SHOP007,2025-05,825935,705399,120536,14.6,54,0.128,0.177,0.207,0.049,29,1
SHOP007,2025-06,868254,720962,147292,17.0,56,0.116,0.21,0.292,0.116,30,0
SHOP007,2025-07,831229,696829,134400,16.2,62,0.072,0.345,0.081,0.053,31,1
SHOP007,2025-08,520803,448477,72326,13.9,55,0.19,0.301,0.192,0.08,32,1
SHOP007,2025-09,633256,575862,57394,9.1,68,0.041,0.233,0.127,0.112,33,1
SHOP007,2025-10,870650,708422,162228,18.6,54,0.131,0.274,0.235,0.102,34,1
SHOP007,2025-11,640271,526867,113404,17.7,65,0.144,0.19,0.147,0.061,35,1
SHOP007,2025-12,745850,648028,97822,13.1,70,0.112,0.31,0.165,0.068,36,1
SHOP008,2023-01,549311,458465,90846,16.5,50,0.0,0.171,0.269,0.064,1,0
SHOP008,2023-02,709772,614391,95381,13.4,48,0.088,0.312,0.304,0.091,2,0
SHOP008,2023-03,672626,562834,109792,16.3,56,0.203,0.195,0.222,0.069,3,0
SHOP008,2023-04,757482,618430,139052,18.4,66,0.102,0.205,0.22,0.042,4,0
SHOP008,2023-05,663996,583103,80893,12.2,54,0.198,0.197,0.183,0.139,5,0
SHOP008,2023-06,708751,599321,109430,15.4,59,0.085,0.212,0.201,0.103,6,0
SHOP008,2023-07,694006,574189,119817,17.3,62,0.112,0.28,0.238,0.069,7,0
SHOP008,2023-08,586632,513614,73018,12.4,55,0.116,0.159,0.141,0.025,8,0
SHOP008,2023-09,987475,817717,169758,17.2,48,0.065,0.288,0.22,0.114,9,1
SHOP008,2023-10,848878,733458,115420,13.6,66,0.08,0.202,0.229,0.154,10,0
SHOP008,2023-11,681835,587296,94539,13.9,60,0.141,0.207,0.185,0.075,11,0
SHOP008,2023-12,739763,635731,104032,14.1,64,0.113,0.205,0.29,0.089,12,0
SHOP008,2024-01,844312,754114,90198,10.7,49,0.102,0.218,0.175,0.078,13,0
SHOP008,2024-02,625052,532267,92785,14.8,47,0.108,0.171,0.189,0.082,14,0
SHOP008,2024-03,867972,744976,122996,14.2,70,0.15,0.252,0.165,0.121,15,0
SHOP008,2024-04,981531,856703,124828,12.7,47,0.196,0.13,0.282,0.086,16,0
SHOP008,2024-05,576772,506741,70031,12.1,57,0.141,0.212,0.062,0.072,17,1
SHOP008,2024-06,923706,837693,86013,9.3,47,0.135,0.223,0.257,0.041,18,0
SHOP008,2024-07,719222,651694,67528,9.4,58,0.141,0.221,0.258,0.003,19,0
SHOP008,2024-08,649105,537395,111710,17.2,49,0.207,0.229,0.207,0.121,20,1
SHOP008,2024-09,645541,568799,76742,11.9,54,0.132,0.324,0.228,0.097,21,1
SHOP008,2024-10,732416,643115,89301,12.2,54,0.127,0.293,0.208,0.118,22,1
SHOP008,2024-11,745246,619816,125430,16.8,56,0.108,0.263,0.2,0.037,23,1
SHOP008,2024-12,896994,742300,154694,17.2,51,0.123,0.256,0.057,0.128,24,1
SHOP008,2025-01,1034341,931138,103203,10.0,49,0.102,0.238,0.239,0.031,25,1
SHOP008,2025-02,633312,528644,104668,16.5,62,0.054,0.175,0.103,0.09,26,1
SHOP008,2025-03,674846,569682,105164,15.6,68,0.146,0.207,0.247,0.141,27,1
SHOP008,2025-04,549698,436242,113456,20.6,61,0.172,0.282,0.25,0.075,28,1
SHOP008,2025-05,858679,759232,99447,11.6,53,0.174,0.204,0.192,0.092,29,1
SHOP008,2025-06,781136,658760,122376,15.7,60,0.113,0.234,0.2,0.099,30,1
SHOP008,2025-07,550676,474363,76313,13.9,55,0.127,0.16,0.236,0.077,31,1
SHOP008,2025-08,630934,507550,123384,19.6,50,0.175,0.194,0.242,0.104,32,1
SHOP008,2025-09,798380,741894,56486,7.1,60,0.056,0.238,0.251,0.054,33,1
SHOP008,2025-10,736373,627836,108537,14.7,59,0.126,0.17,0.247,0.087,34,1
SHOP008,2025-11,714614,604481,110133,15.4,51,0.139,0.309,0.126,0.082,35,1
SHOP008,2025-12,815452,692521,122931,15.1,46,0.16,0.231,0.171,0.062,36,1
SHOP009,2023-01,547089,482856,64233,11.7,39,0.073,0.241,0.169,0.092,1,0
SHOP009,2023-02,614811,540578,74233,12.1,35,0.149,0.189,0.048,0.08,2,0
SHOP009,2023-03,455602,399962,55640,12.2,43,0.102,0.195,0.268,0.077,3,0
SHOP009,2023-04,404960,333987,70973,17.5,43,0.014,0.211,0.163,0.082,4,0
SHOP009,2023-05,452752,370032,82720,18.3,27,0.09,0.168,0.281,0.104,5,0
SHOP009,2023-06,531632,457606,74026,13.9,41,0.108,0.217,0.235,0.064,6,0
SHOP009,2023-07,460469,364446,96023,20.9,29,0.075,0.208,0.085,0.06,7,0
SHOP009,2023-08,425601,340708,84893,19.9,41,0.082,0.209,0.235,0.105,8,0
SHOP009,2023-09,648792,561309,87483,13.5,37,0.092,0.127,0.195,0.032,9,0
SHOP009,2023-10,493530,434130,59400,12.0,30,0.132,0.322,0.292,0.09,10,0
SHOP009,2023-11,325737,292658,33079,10.2,49,0.193,0.18,0.303,0.103,11,0
SHOP009,2023-12,515011,450598,64413,12.5,33,0.158,0.28,0.23,0.0,12,0
SHOP009,2024-01,461494,399898,61596,13.3,23,0.185,0.146,0.248,0.025,13,0
SHOP009,2024-02,403867,356612,47255,11.7,37,0.093,0.24,0.256,0.088,14,0
SHOP009,2024-03,384260,345388,38872,10.1,39,0.107,0.153,0.202,0.107,15,0
SHOP009,2024-04,388640,358400,30240,7.8,44,0.072,0.31,0.263,0.072,16,0
SHOP009,2024-05,604565,524933,79632,13.2,47,0.107,0.245,0.152,0.08,17,1
SHOP009,2024-06,374294,323285,51009,13.6,36,0.126,0.172,0.246,0.123,18,1
SHOP009,2024-07,490212,417679,72533,14.8,30,0.09,0.258,0.303,0.071,19,1
SHOP009,2024-08,474293,390039,84254,17.8,36,0.152,0.203,0.138,0.104,20,0
SHOP009,2024-09,342216,311798,30418,8.9,32,0.159,0.188,0.021,0.059,21,1
SHOP009,2024-10,468546,405967,62579,13.4,35,0.165,0.261,0.208,0.132,22,0
SHOP009,2024-11,478401,430230,48171,10.1,21,0.112,0.156,0.195,0.091,23,1
SHOP009,2024-12,487186,420340,66846,13.7,40,0.163,0.227,0.199,0.055,24,1
SHOP009,2025-01,343169,301372,41797,12.2,45,0.068,0.251,0.186,0.047,25,1
SHOP009,2025-02,484887,411640,73247,15.1,33,0.118,0.211,0.275,0.098,26,1
SHOP009,2025-03,620756,541940,78816,12.7,39,0.061,0.215,0.152,0.164,27,1
SHOP009,2025-04,495803,395207,100596,20.3,35,0.076,0.207,0.12,0.122,28,1
SHOP009,2025-05,442179,392572,49607,11.2,31,0.092,0.249,0.171,0.093,29,1
SHOP009,2025-06,418499,337932,80567,19.3,27,0.073,0.225,0.269,0.062,30,1
SHOP009,2025-07,609404,526527,82877,13.6,33,0.067,0.253,0.218,0.06,31,0
SHOP009,2025-08,397003,354613,42390,10.7,19,0.061,0.238,0.237,0.136,32,0
SHOP009,2025-09,394554,322170,72384,18.3,33,0.179,0.215,0.226,0.062,33,1
SHOP009,2025-10,254174,203164,51010,20.1,41,0.164,0.314,0.295,0.1,34,0
SHOP009,2025-11,379913,315675,64238,16.9,36,0.107,0.127,0.22,0.046,35,1
SHOP009,2025-12,369494,321588,47906,13.0,34,0.154,0.207,0.231,0.059,36,0
SHOP010,2023-01,483471,418503,64968,13.4,44,0.166,0.262,0.296,0.06,1,0
SHOP010,2023-02,554780,472297,82483,14.9,33,0.088,0.167,0.046,0.07,2,0
SHOP010,2023-03,498269,408070,90199,18.1,50,0.169,0.221,0.194,0.045,3,0
SHOP010,2023-04,592768,492865,99903,16.9,50,0.121,0.199,0.165,0.119,4,0
SHOP010,2023-05,783079,712248,70831,9.0,49,0.131,0.233,0.246,0.096,5,0
SHOP010,2023-06,596515,492000,104515,17.5,49,0.127,0.19,0.277,0.034,6,0
SHOP010,2023-07,577136,510909,66227,11.5,37,0.157,0.177,0.176,0.092,7,0
SHOP010,2023-08,473770,415459,58311,12.3,56,0.167,0.199,0.241,0.129,8,0
SHOP010,2023-09,544706,453345,91361,16.8,49,0.046,0.241,0.305,0.065,9,0
SHOP010,2023-10,587426,516682,70744,12.0,48,0.206,0.133,0.235,0.116,10,0
SHOP010,2023-11,767265,649044,118221,15.4,48,0.22,0.238,0.15,0.077,11,0
SHOP010,2023-12,419302,331347,87955,21.0,56,0.051,0.143,0.253,0.093,12,0
SHOP010,2024-01,646298,541593,104705,16.2,45,0.093,0.135,0.197,0.118,13,0
SHOP010,2024-02,544815,456074,88741,16.3,44,0.132,0.243,0.226,0.093,14,1
SHOP010,2024-03,601635,508278,93357,15.5,54,0.163,0.155,0.175,0.086,15,0
SHOP010,2024-04,494030,439730,54300,11.0,40,0.11,0.146,0.176,0.103,16,0
SHOP010,2024-05,476665,412843,63822,13.4,46,0.157,0.099,0.229,0.094,17,0
SHOP010,2024-06,651030,585543,65487,10.1,43,0.124,0.233,0.304,0.046,18,0
SHOP010,2024-07,603750,538806,64944,10.8,57,0.081,0.24,0.362,0.024,19,0
SHOP010,2024-08,680481,577890,102591,15.1,51,0.193,0.19,0.176,0.085,20,0
SHOP010,2024-09,650581,559589,90992,14.0,45,0.14,0.201,0.263,0.111,21,0
SHOP010,2024-10,371414,329281,42133,11.3,50,0.053,0.235,0.161,0.066,22,1
SHOP010,2024-11,738959,654529,84430,11.4,39,0.143,0.255,0.175,0.08,23,1
SHOP010,2024-12,683525,585815,97710,14.3,39,0.112,0.173,0.318,0.11,24,1
SHOP010,2025-01,561248,485154,76094,13.6,47,0.106,0.172,0.265,0.043,25,1
SHOP010,2025-02,796610,675503,121107,15.2,32,0.153,0.227,0.262,0.091,26,1
SHOP010,2025-03,571557,479231,92326,16.2,48,0.146,0.173,0.172,0.056,27,1
SHOP010,2025-04,509916,444041,65875,12.9,31,0.148,0.167,0.219,0.069,28,1
SHOP010,2025-05,613353,512276,101077,16.5,47,0.196,0.164,0.262,0.095,29,1
SHOP010,2025-06,701795,630221,71574,10.2,45,0.205,0.192,0.186,0.066,30,0
SHOP010,2025-07,725085,613996,111089,15.3,53,0.085,0.242,0.241,0.09,31,1
SHOP010,2025-08,578320,488403,89917,15.5,37,0.039,0.141,0.257,0.12,32,1
SHOP010,2025-09,534570,464130,70440,13.2,51,0.161,0.276,0.333,0.116,33,1
SHOP010,2025-10,403780,342322,61458,15.2,57,0.071,0.145,0.234,0.04,34,1
SHOP010,2025-11,646369,546261,100108,15.5,48,0.143,0.204,0.269,0.067,35,1
SHOP010,2025-12,691276,617226,74050,10.7,48,0.143,0.195,0.264,0.104,36,1
SHOP011,2023-01,692194,587733,104461,15.1,45,0.091,0.177,0.283,0.123,1,0
SHOP011,2023-02,624395,539218,85177,13.6,57,0.113,0.166,0.233,0.095,2,0
SHOP011,2023-03,543496,457332,86164,15.9,44,0.163,0.178,0.167,0.123,3,0
SHOP011,2023-04,685538,596201,89337,13.0,46,0.129,0.228,0.237,0.039,4,0
SHOP011,2023-05,703165,588815,114350,16.3,50,0.189,0.12,0.364,0.146,5,0
SHOP011,2023-06,554054,461959,92095,16.6,62,0.241,0.16,0.125,0.063,6,0
SHOP011,2023-07,491699,456408,35291,7.2,51,0.169,0.228,0.208,0.086,7,0
SHOP011,2023-08,591917,522392,69525,11.7,62,0.108,0.249,0.26,0.122,8,0
SHOP011,2023-09,648458,542388,106070,16.4,45,0.127,0.157,0.26,0.076,9,0
SHOP011,2023-10,662514,573041,89473,13.5,49,0.183,0.188,0.208,0.183,10,0
SHOP011,2023-11,639237,566547,72690,11.4,46,0.058,0.197,0.324,0.037,11,0
SHOP011,2023-12,576331,489510,86821,15.1,54,0.135,0.132,0.223,0.076,12,0
SHOP011,2024-01,704326,581222,123104,17.5,50,0.145,0.199,0.204,0.102,13,0
SHOP011,2024-02,517263,483629,33634,6.5,55,0.159,0.196,0.302,0.099,14,0
SHOP011,2024-03,437449,386024,51425,11.8,51,0.121,0.205,0.228,0.087,15,0
SHOP011,2024-04,679629,581555,98074,14.4,49,0.112,0.182,0.148,0.058,16,0
SHOP011,2024-05,567610,515156,52454,9.2,43,0.185,0.145,0.133,0.062,17,0
SHOP011,2024-06,610798,497545,113253,18.5,50,0.1,0.146,0.305,0.094,18,1
SHOP011,2024-07,517845,449017,68828,13.3,61,0.163,0.197,0.166,0.064,19,0
SHOP011,2024-08,625138,520686,104452,16.7,45,0.048,0.184,0.13,0.134,20,1
SHOP011,2024-09,548254,472256,75998,13.9,49,0.153,0.188,0.217,0.099,21,0
SHOP011,2024-10,729844,612771,117073,16.0,42,0.07,0.137,0.19,0.101,22,1
SHOP011,2024-11,661294,569069,92225,13.9,58,0.181,0.15,0.259,0.104,23,0
SHOP011,2024-12,818301,693302,124999,15.3,56,0.15,0.241,0.222,0.086,24,1
SHOP011,2025-01,782999,645123,137876,17.6,59,0.149,0.196,0.198,0.064,25,1
SHOP011,2025-02,666837,570930,95907,14.4,53,0.093,0.154,0.195,0.155,26,1
SHOP011,2025-03,894453,746545,147908,16.5,59,0.204,0.166,0.196,0.135,27,0
SHOP011,2025-04,791118,677167,113951,14.4,51,0.178,0.236,0.351,0.073,28,1
SHOP011,2025-05,628064,532818,95246,15.2,47,0.135,0.103,0.204,0.119,29,0
SHOP011,2025-06,600161,517064,83097,13.8,47,0.163,0.205,0.269,0.061,30,0
SHOP011,2025-07,607827,517422,90405,14.9,44,0.205,0.177,0.301,0.126,31,0
SHOP011,2025-08,677201,613352,63849,9.4,46,0.232,0.095,0.165,0.116,32,0
SHOP011,2025-09,544791,453635,91156,16.7,45,0.11,0.225,0.298,0.048,33,0
SHOP011,2025-10,530768,444101,86667,16.3,55,0.138,0.231,0.324,0.124,34,0
SHOP011,2025-11,615170,525723,89447,14.5,50,0.183,0.243,0.256,0.084,35,1
SHOP011,2025-12,693401,557609,135792,19.6,46,0.104,0.233,0.252,0.116,36,1
SHOP012,2023-01,194830,168858,25972,13.3,21,0.075,0.316,0.183,0.068,1,0
SHOP012,2023-02,293099,240983,52116,17.8,9,0.055,0.261,0.227,0.067,2,1
SHOP012,2023-03,182608,141149,41459,22.7,25,0.135,0.239,0.242,0.099,3,0
SHOP012,2023-04,261125,213529,47596,18.2,31,0.066,0.302,0.244,0.058,4,0
SHOP012,2023-05,248505,215823,32682,13.2,12,0.005,0.301,0.148,0.045,5,0
SHOP012,2023-06,176763,146699,30064,17.0,21,0.066,0.226,0.193,0.006,6,1
SHOP012,2023-07,270049,221477,48572,18.0,14,0.132,0.276,0.103,0.073,7,1
SHOP012,2023-08,252396,214994,37402,14.8,29,0.141,0.212,0.241,0.061,8,1
SHOP012,2023-09,276560,225488,51072,18.5,15,0.098,0.22,0.135,0.033,9,1
SHOP012,2023-10,212668,174366,38302,18.0,11,0.08,0.266,0.191,0.075,10,1
SHOP012,2023-11,374082,308116,65966,17.6,22,0.115,0.245,0.226,0.107,11,1
SHOP012,2023-12,248425,218777,29648,11.9,20,0.122,0.274,0.192,0.073,12,1
SHOP012,2024-01,287099,242182,44917,15.6,17,0.123,0.32,0.17,0.104,13,0
SHOP012,2024-02,200901,163241,37660,18.7,17,0.043,0.296,0.078,0.073,14,1
SHOP012,2024-03,223078,185638,37440,16.8,24,0.138,0.301,0.156,0.066,15,1
SHOP012,2024-04,323130,273240,49890,15.4,24,0.133,0.295,0.13,0.079,16,1
SHOP012,2024-05,268088,227941,40147,15.0,20,0.101,0.308,0.267,0.065,17,1
SHOP012,2024-06,249989,209348,40641,16.3,16,0.107,0.327,0.177,0.012,18,1
SHOP012,2024-07,215149,171807,43342,20.1,8,0.101,0.249,0.216,0.0,19,1
SHOP012,2024-08,270102,224805,45297,16.8,16,0.124,0.285,0.176,0.046,20,1
SHOP012,2024-09,280416,242200,38216,13.6,23,0.121,0.389,0.213,0.033,21,1
SHOP012,2024-10,233399,185592,47807,20.5,19,0.153,0.263,0.175,0.05,22,1
SHOP012,2024-11,228508,184441,44067,19.3,12,0.105,0.293,0.101,0.08,23,1
SHOP012,2024-12,243333,199526,43807,18.0,18,0.07,0.246,0.107,0.062,24,1
SHOP012,2025-01,234789,188102,46687,19.9,23,0.1,0.295,0.154,0.061,25,1
SHOP012,2025-02,195392,158782,36610,18.7,13,0.113,0.29,0.182,0.023,26,1
SHOP012,2025-03,245773,211561,34212,13.9,16,0.115,0.195,0.241,0.03,27,1
SHOP012,2025-04,189251,157748,31503,16.6,19,0.0,0.272,0.178,0.053,28,1
SHOP012,2025-05,167670,144752,22918,13.7,23,0.144,0.304,0.062,0.112,29,1
SHOP012,2025-06,290389,228174,62215,21.4,23,0.009,0.292,0.122,0.118,30,1
SHOP012,2025-07,236039,209278,26761,11.3,18,0.097,0.247,0.248,0.083,31,1
SHOP012,2025-08,294398,247280,47118,16.0,29,0.146,0.299,0.151,0.072,32,1
SHOP012,2025-09,279072,223929,55143,19.8,13,0.079,0.361,0.207,0.077,33,1
SHOP012,2025-10,191446,154941,36505,19.1,19,0.198,0.244,0.26,0.029,34,1
SHOP012,2025-11,184731,150471,34260,18.5,21,0.054,0.258,0.217,0.059,35,1
SHOP012,2025-12,263200,204844,58356,22.2,22,0.098,0.274,0.169,0.083,36,1
SHOP013,2023-01,430535,377489,53046,12.3,18,0.121,0.144,0.226,0.037,1,0
SHOP013,2023-02,218027,189074,28953,13.3,23,0.1,0.263,0.325,0.152,2,0
SHOP013,2023-03,418144,367290,50854,12.2,20,0.218,0.156,0.293,0.043,3,0
SHOP013,2023-04,282732,259237,23495,8.3,10,0.14,0.187,0.319,0.106,4,0
SHOP013,2023-05,350918,302545,48373,13.8,21,0.099,0.133,0.209,0.061,5,0
SHOP013,2023-06,361958,321604,40354,11.1,19,0.15,0.147,0.247,0.12,6,0
SHOP013,2023-07,297616,255537,42079,14.1,14,0.102,0.222,0.235,0.109,7,0
SHOP013,2023-08,361240,319219,42021,11.6,18,0.232,0.212,0.153,0.057,8,0
SHOP013,2023-09,283408,241031,42377,15.0,18,0.124,0.185,0.173,0.028,9,0
SHOP013,2023-10,341394,317928,23466,6.9,16,0.19,0.059,0.218,0.089,10,0
SHOP013,2023-11,341034,304050,36984,10.8,30,0.129,0.203,0.269,0.051,11,0
SHOP013,2023-12,348213,313906,34307,9.9,28,0.188,0.196,0.277,0.07,12,0
SHOP013,2024-01,197123,154731,42392,21.5,20,0.101,0.224,0.219,0.076,13,1
SHOP013,2024-02,344228,286305,57923,16.8,25,0.053,0.241,0.14,0.158,14,1
SHOP013,2024-03,295424,252654,42770,14.5,18,0.098,0.3,0.211,0.122,15,0
SHOP013,2024-04,275334,237516,37818,13.7,20,0.108,0.233,0.27,0.041,16,0
SHOP013,2024-05,351547,315315,36232,10.3,33,0.157,0.208,0.227,0.031,17,0
SHOP013,2024-06,331146,274110,57036,17.2,18,0.084,0.151,0.333,0.147,18,0
SHOP013,2024-07,345276,298243,47033,13.6,20,0.2,0.231,0.226,0.109,19,1
SHOP013,2024-08,261280,214277,47003,18.0,22,0.259,0.114,0.332,0.045,20,1
SHOP013,2024-09,352452,295733,56719,16.1,21,0.153,0.21,0.258,0.083,21,0
SHOP013,2024-10,386928,332697,54231,14.0,21,0.229,0.238,0.258,0.056,22,1
SHOP013,2024-11,289543,251413,38130,13.2,21,0.02,0.181,0.215,0.075,23,0
SHOP013,2024-12,251187,204707,46480,18.5,19,0.087,0.175,0.181,0.084,24,1
SHOP013,2025-01,241546,197699,43847,18.2,23,0.111,0.223,0.383,0.089,25,0
SHOP013,2025-02,278199,240911,37288,13.4,27,0.141,0.213,0.165,0.061,26,1
SHOP013,2025-03,297985,250056,47929,16.1,12,0.14,0.209,0.166,0.089,27,1
SHOP013,2025-04,255917,206906,49011,19.2,24,0.109,0.195,0.309,0.096,28,1
SHOP013,2025-05,282823,249193,33630,11.9,31,0.096,0.112,0.222,0.066,29,1
SHOP013,2025-06,396387,354613,41774,10.5,27,0.117,0.195,0.139,0.137,30,1
SHOP013,2025-07,398078,335983,62095,15.6,15,0.12,0.216,0.203,0.104,31,1
SHOP013,2025-08,281238,245118,36120,12.8,22,0.116,0.196,0.127,0.108,32,1
SHOP013,2025-09,296053,245808,50245,17.0,19,0.133,0.195,0.158,0.076,33,0
SHOP013,2025-10,281398,247717,33681,12.0,30,0.15,0.254,0.214,0.126,34,1
SHOP013,2025-11,279609,239190,40419,14.5,9,0.217,0.28,0.301,0.038,35,1
SHOP013,2025-12,334618,273697,60921,18.2,32,0.164,0.187,0.26,0.089,36,1
SHOP014,2023-01,651384,525133,126251,19.4,46,0.119,0.284,0.111,0.044,1,0
SHOP014,2023-02,600421,489433,110988,18.5,37,0.137,0.309,0.301,0.078,2,0
SHOP014,2023-03,332851,276169,56682,17.0,41,0.149,0.183,0.197,0.048,3,0
SHOP014,2023-04,556481,483236,73245,13.2,52,0.143,0.26,0.073,0.093,4,0
SHOP014,2023-05,709633,624709,84924,12.0,49,0.092,0.332,0.265,0.085,5,0
SHOP014,2023-06,623365,500973,122392,19.6,46,0.152,0.286,0.237,0.083,6,0
SHOP014,2023-07,611624,526573,85051,13.9,39,0.086,0.27,0.201,0.03,7,0
SHOP014,2023-08,512730,426466,86264,16.8,46,0.116,0.278,0.153,0.075,8,0
SHOP014,2023-09,629277,542948,86329,13.7,37,0.123,0.298,0.225,0.034,9,0
SHOP014,2023-10,608507,504199,104308,17.1,42,0.014,0.304,0.257,0.054,10,1
SHOP014,2023-11,453627,383612,70015,15.4,53,0.132,0.249,0.185,0.073,11,1
SHOP014,2023-12,585320,495817,89503,15.3,50,0.167,0.27,0.184,0.109,12,0
SHOP014,2024-01,521724,414397,107327,20.6,37,0.081,0.345,0.176,0.128,13,0
SHOP014,2024-02,410078,317038,93040,22.7,43,0.068,0.245,0.151,0.047,14,1
SHOP014,2024-03,490978,416751,74227,15.1,41,0.171,0.315,0.245,0.107,15,1
SHOP014,2024-04,712926,611488,101438,14.2,36,0.172,0.143,0.071,0.025,16,0
SHOP014,2024-05,504104,407488,96616,19.2,41,0.067,0.248,0.107,0.021,17,1
SHOP014,2024-06,638080,529330,108750,17.0,36,0.013,0.303,0.113,0.057,18,1
SHOP014,2024-07,492429,427931,64498,13.1,53,0.067,0.252,0.228,0.09,19,0
SHOP014,2024-08,512505,408336,104169,20.3,46,0.047,0.257,0.228,0.115,20,1
SHOP014,2024-09,534845,435713,99132,18.5,37,0.109,0.283,0.146,0.065,21,1
SHOP014,2024-10,467773,401705,66068,14.1,44,0.07,0.236,0.093,0.078,22,1
SHOP014,2024-11,320161,280509,39652,12.4,38,0.054,0.222,0.188,0.043,23,1
SHOP014,2024-12,531568,468912,62656,11.8,50,0.151,0.378,0.252,0.064,24,1
SHOP014,2025-01,515550,425872,89678,17.4,43,0.168,0.271,0.166,0.027,25,1
SHOP014,2025-02,539972,472648,67324,12.5,50,0.06,0.217,0.144,0.034,26,1
SHOP014,2025-03,517095,447241,69854,13.5,40,0.158,0.253,0.218,0.099,27,1
SHOP014,2025-04,592978,502025,90953,15.3,52,0.094,0.234,0.02,0.057,28,1
SHOP014,2025-05,813999,676794,137205,16.9,45,0.147,0.234,0.139,0.042,29,1
SHOP014,2025-06,363654,295519,68135,18.7,44,0.148,0.305,0.107,0.074,30,1
SHOP014,2025-07,439038,337050,101988,23.2,50,0.069,0.24,0.067,0.05,31,1
SHOP014,2025-08,466730,388605,78125,16.7,38,0.121,0.294,0.124,0.08,32,1
SHOP014,2025-09,466358,400042,66316,14.2,37,0.127,0.177,0.195,0.15,33,1
SHOP014,2025-10,542153,426768,115385,21.3,41,0.031,0.293,0.178,0.127,34,1
SHOP014,2025-11,455457,374881,80576,17.7,51,0.048,0.235,0.109,0.056,35,1
SHOP014,2025-12,787948,619080,168868,21.4,46,0.118,0.265,0.202,0.046,36,1
SHOP015,2023-01,878792,738728,140064,15.9,70,0.128,0.244,0.169,0.106,1,0
SHOP015,2023-02,909961,795846,114115,12.5,58,0.175,0.203,0.201,0.103,2,0
SHOP015,2023-03,938681,806007,132674,14.1,59,0.129,0.298,0.213,0.052,3,0
SHOP015,2023-04,799458,658401,141057,17.6,53,0.035,0.24,0.21,0.12,4,0
SHOP015,2023-05,921688,777536,144152,15.6,69,0.167,0.242,0.16,0.073,5,0
SHOP015,2023-06,824510,690976,133534,16.2,62,0.165,0.274,0.213,0.096,6,0
SHOP015,2023-07,922733,744383,178350,19.3,58,0.181,0.241,0.127,0.087,7,0
SHOP015,2023-08,818214,707718,110496,13.5,64,0.116,0.22,0.247,0.1,8,0
SHOP015,2023-09,722835,558454,164381,22.7,62,0.027,0.28,0.259,0.063,9,0
SHOP015,2023-10,735829,613478,122351,16.6,56,0.05,0.148,0.177,0.05,10,0
SHOP015,2023-11,605915,490950,114965,19.0,61,0.169,0.245,0.163,0.073,11,0
SHOP015,2023-12,706975,586748,120227,17.0,63,0.068,0.212,0.172,0.045,12,0
SHOP015,2024-01,924436,759383,165053,17.9,61,0.111,0.285,0.262,0.063,13,0
SHOP015,2024-02,745877,636832,109045,14.6,67,0.116,0.269,0.326,0.084,14,0
SHOP015,2024-03,1023665,858833,164832,16.1,62,0.103,0.23,0.199,0.063,15,1
SHOP015,2024-04,805670,696615,109055,13.5,62,0.022,0.238,0.139,0.052,16,1
SHOP015,2024-05,860018,695780,164238,19.1,58,0.066,0.211,0.146,0.045,17,1
SHOP015,2024-06,889599,777328,112271,12.6,58,0.218,0.143,0.246,0.029,18,0
SHOP015,2024-07,795517,659416,136101,17.1,56,0.091,0.211,0.139,0.05,19,1
SHOP015,2024-08,802492,655950,146542,18.3,55,0.077,0.144,0.175,0.098,20,1
SHOP015,2024-09,634725,558617,76108,12.0,55,0.122,0.152,0.173,0.0,21,1
SHOP015,2024-10,723361,625028,98333,13.6,61,0.136,0.197,0.129,0.062,22,1
SHOP015,2024-11,766160,620037,146123,19.1,63,0.137,0.235,0.329,0.028,23,1
SHOP015,2024-12,1083571,905230,178341,16.5,66,0.15,0.26,0.28,0.057,24,1
SHOP015,2025-01,867499,703425,164074,18.9,59,0.152,0.27,0.087,0.076,25,1
SHOP015,2025-02,863327,712216,151111,17.5,49,0.173,0.267,0.116,0.05,26,1
SHOP015,2025-03,763019,672346,90673,11.9,49,0.133,0.22,0.177,0.111,27,0
SHOP015,2025-04,775750,660332,115418,14.9,53,0.164,0.224,0.225,0.123,28,0
SHOP015,2025-05,691605,587974,103631,15.0,64,0.056,0.253,0.15,0.106,29,1
SHOP015,2025-06,818883,686300,132583,16.2,54,0.031,0.23,0.091,0.111,30,1
SHOP015,2025-07,726350,566760,159590,22.0,60,0.056,0.322,0.203,0.148,31,1
SHOP015,2025-08,785052,675290,109762,14.0,65,0.075,0.275,0.168,0.099,32,1
SHOP015,2025-09,1004116,816588,187528,18.7,68,0.064,0.306,0.051,0.11,33,1
SHOP015,2025-10,963593,865978,97615,10.1,58,0.158,0.221,0.178,0.068,34,1
SHOP015,2025-11,782089,661184,120905,15.5,66,0.112,0.223,0.136,0.09,35,1
SHOP015,2025-12,920007,742702,177305,19.3,57,0.118,0.312,0.069,0.113,36,1
SHOP016,2023-01,804374,674477,129897,16.1,63,0.055,0.192,0.245,0.081,1,0
SHOP016,2023-02,634009,542324,91685,14.5,66,0.118,0.189,0.258,0.091,2,0
SHOP016,2023-03,853828,719230,134598,15.8,75,0.188,0.218,0.224,0.068,3,0
SHOP016,2023-04,946087,803092,142995,15.1,62,0.086,0.211,0.238,0.051,4,0
SHOP016,2023-05,1154273,977794,176479,15.3,64,0.056,0.268,0.272,0.105,5,0
SHOP016,2023-06,1195246,986255,208991,17.5,62,0.349,0.118,0.128,0.072,6,0
SHOP016,2023-07,976085,799244,176841,18.1,75,0.058,0.234,0.27,0.092,7,0
SHOP016,2023-08,745250,636084,109166,14.6,69,0.14,0.149,0.207,0.114,8,0
SHOP016,2023-09,1256681,1054597,202084,16.1,66,0.173,0.165,0.292,0.072,9,0
SHOP016,2023-10,675293,567703,107590,15.9,69,0.067,0.247,0.174,0.122,10,0
SHOP016,2023-11,701095,589420,111675,15.9,48,0.163,0.221,0.214,0.068,11,0
SHOP016,2023-12,676829,600887,75942,11.2,67,0.145,0.078,0.176,0.105,12,0
SHOP016,2024-01,750432,639432,111000,14.8,66,0.052,0.18,0.268,0.058,13,0
SHOP016,2024-02,679422,621685,57737,8.5,69,0.085,0.17,0.16,0.083,14,0
SHOP016,2024-03,923001,822818,100183,10.9,74,0.195,0.225,0.264,0.047,15,1
SHOP016,2024-04,947886,781260,166626,17.6,68,0.099,0.216,0.218,0.105,16,1
SHOP016,2024-05,731291,652281,79010,10.8,75,0.127,0.331,0.163,0.101,17,0
SHOP016,2024-06,620433,524978,95455,15.4,67,0.125,0.165,0.31,0.106,18,0
SHOP016,2024-07,1061118,873843,187275,17.6,72,0.169,0.288,0.161,0.056,19,1
SHOP016,2024-08,863298,752128,111170,12.9,68,0.178,0.221,0.273,0.052,20,1
SHOP016,2024-09,1026029,929628,96401,9.4,70,0.118,0.176,0.222,0.081,21,1
SHOP016,2024-10,911523,782912,128611,14.1,78,0.171,0.277,0.226,0.062,22,1
SHOP016,2024-11,1204372,1046475,157897,13.1,72,0.109,0.2,0.217,0.042,23,0
SHOP016,2024-12,446779,383412,63367,14.2,55,0.075,0.221,0.153,0.045,24,1
SHOP016,2025-01,826776,656001,170775,20.7,56,0.161,0.176,0.302,0.093,25,0
SHOP016,2025-02,639180,558611,80569,12.6,68,0.13,0.178,0.19,0.057,26,1
SHOP016,2025-03,707237,579664,127573,18.0,68,0.086,0.194,0.321,0.103,27,0
SHOP016,2025-04,884003,766702,117301,13.3,68,0.117,0.263,0.19,0.139,28,1
SHOP016,2025-05,823821,703399,120422,14.6,74,0.195,0.22,0.163,0.063,29,1
SHOP016,2025-06,740717,637318,103399,14.0,60,0.133,0.237,0.165,0.088,30,1
SHOP016,2025-07,836745,683020,153725,18.4,66,0.124,0.291,0.245,0.124,31,0
SHOP016,2025-08,536195,466204,69991,13.1,65,0.216,0.2,0.192,0.104,32,1
SHOP016,2025-09,901940,761925,140015,15.5,62,0.099,0.168,0.318,0.06,33,1
SHOP016,2025-10,849589,720328,129261,15.2,73,0.206,0.273,0.22,0.089,34,1
SHOP016,2025-11,897660,798295,99365,11.1,81,0.148,0.204,0.137,0.093,35,1
SHOP016,2025-12,748471,612525,135946,18.2,80,0.146,0.218,0.313,0.113,36,0
SHOP017,2023-01,296937,259927,37010,12.5,23,0.123,0.18,0.159,0.065,1,0
SHOP017,2023-02,248304,206082,42222,17.0,33,0.123,0.245,0.194,0.057,2,0
SHOP017,2023-03,299615,239871,59744,19.9,20,0.065,0.224,0.173,0.086,3,0
SHOP017,2023-04,210730,183974,26756,12.7,19,0.155,0.274,0.109,0.128,4,0
SHOP017,2023-05,278190,233366,44824,16.1,18,0.089,0.248,0.239,0.099,5,0
SHOP017,2023-06,248495,212006,36489,14.7,24,0.103,0.234,0.228,0.045,6,0
SHOP017,2023-07,270822,230158,40664,15.0,8,0.138,0.231,0.173,0.078,7,0
SHOP017,2023-08,298970,246011,52959,17.7,18,0.04,0.229,0.219,0.089,8,0
SHOP017,2023-09,363916,302853,61063,16.8,19,0.17,0.183,0.218,0.056,9,1
SHOP017,2023-10,233273,202528,30745,13.2,29,0.074,0.238,0.194,0.085,10,0
SHOP017,2023-11,375898,303923,71975,19.1,28,0.135,0.242,0.274,0.063,11,0
SHOP017,2023-12,258472,212058,46414,18.0,17,0.142,0.265,0.257,0.076,12,0
SHOP017,2024-01,380980,331009,49971,13.1,23,0.018,0.25,0.132,0.112,13,0
SHOP017,2024-02,283729,246294,37435,13.2,22,0.132,0.296,0.265,0.103,14,1
SHOP017,2024-03,311449,273450,37999,12.2,17,0.176,0.206,0.158,0.026,15,0
SHOP017,2024-04,224541,194205,30336,13.5,24,0.049,0.23,0.24,0.063,16,1
SHOP017,2024-05,256157,203963,52194,20.4,15,0.106,0.247,0.214,0.112,17,1
SHOP017,2024-06,262317,219670,42647,16.3,16,0.058,0.124,0.262,0.095,18,0
SHOP017,2024-07,226085,190230,35855,15.9,16,0.209,0.243,0.092,0.094,19,0
SHOP017,2024-08,306232,257342,48890,16.0,23,0.117,0.285,0.249,0.01,20,1
SHOP017,2024-09,349338,304246,45092,12.9,27,0.018,0.195,0.216,0.066,21,1
SHOP017,2024-10,222486,194284,28202,12.7,24,0.097,0.291,0.28,0.042,22,1
SHOP017,2024-11,228035,199598,28437,12.5,24,0.186,0.228,0.187,0.086,23,1
SHOP017,2024-12,245992,209477,36515,14.8,27,0.121,0.267,0.149,0.022,24,1
SHOP017,2025-01,334467,282196,52271,15.6,23,0.019,0.23,0.313,0.081,25,1
SHOP017,2025-02,253919,205951,47968,18.9,25,0.125,0.243,0.267,0.093,26,1
SHOP017,2025-03,307946,249237,58709,19.1,24,0.124,0.187,0.182,0.064,27,1
SHOP017,2025-04,283079,241512,41567,14.7,23,0.145,0.273,0.146,0.086,28,1
SHOP017,2025-05,209457,188312,21145,10.1,14,0.034,0.166,0.25,0.102,29,1
SHOP017,2025-06,229378,198234,31144,13.6,28,0.215,0.186,0.234,0.097,30,1
SHOP017,2025-07,299377,237810,61567,20.6,21,0.104,0.254,0.216,0.062,31,1
SHOP017,2025-08,368690,303094,65596,17.8,19,0.103,0.225,0.17,0.061,32,1
SHOP017,2025-09,275546,222651,52895,19.2,19,0.038,0.229,0.241,0.06,33,1
SHOP017,2025-10,282844,245740,37104,13.1,12,0.116,0.281,0.092,0.099,34,1
SHOP017,2025-11,220441,183658,36783,16.7,17,0.106,0.301,0.188,0.06,35,1
SHOP017,2025-12,274890,223715,51175,18.6,21,0.129,0.312,0.235,0.078,36,1
SHOP018,2023-01,738093,610994,127099,17.2,59,0.097,0.347,0.038,0.051,1,0
SHOP018,2023-02,716980,585521,131459,18.3,62,0.054,0.352,0.207,0.055,2,1
SHOP018,2023-03,714749,566045,148704,20.8,54,0.125,0.393,0.2,0.075,3,1
SHOP018,2023-04,881920,722326,159594,18.1,50,0.077,0.26,0.305,0.043,4,0
SHOP018,2023-05,834697,672836,161861,19.4,54,0.0,0.315,0.262,0.053,5,1
SHOP018,2023-06,662418,545073,117345,17.7,52,0.114,0.428,0.179,0.007,6,1
SHOP018,2023-07,783246,647886,135360,17.3,63,0.089,0.245,0.078,0.057,7,0
SHOP018,2023-08,499715,390414,109301,21.9,53,0.102,0.348,0.143,0.062,8,1
SHOP018,2023-09,909749,753486,156263,17.2,52,0.063,0.309,0.143,0.105,9,1
SHOP018,2023-10,544094,435277,108817,20.0,38,0.115,0.341,0.058,0.037,10,1
SHOP018,2023-11,680982,522646,158336,23.3,58,0.178,0.36,0.116,0.049,11,1
SHOP018,2023-12,861744,665430,196314,22.8,48,0.126,0.294,0.175,0.008,12,1
SHOP018,2024-01,601549,461082,140467,23.4,52,0.105,0.188,0.222,0.07,13,1
SHOP018,2024-02,945116,764675,180441,19.1,54,0.096,0.229,0.119,0.082,14,1
SHOP018,2024-03,655639,566311,89328,13.6,55,0.0,0.335,0.067,0.008,15,1
SHOP018,2024-04,650640,509718,140922,21.7,63,0.085,0.152,0.251,0.023,16,1
SHOP018,2024-05,684033,568070,115963,17.0,50,0.032,0.338,0.253,0.094,17,1
SHOP018,2024-06,820556,655713,164843,20.1,54,0.018,0.411,0.109,0.03,18,1
SHOP018,2024-07,624542,534374,90168,14.4,57,0.022,0.308,0.041,0.089,19,1
SHOP018,2024-08,717436,604464,112972,15.7,59,0.055,0.353,0.122,0.102,20,1
SHOP018,2024-09,663440,560112,103328,15.6,50,0.075,0.26,0.131,0.044,21,1
SHOP018,2024-10,583855,489854,94001,16.1,55,0.141,0.321,0.183,0.036,22,1
SHOP018,2024-11,694726,558273,136453,19.6,43,0.143,0.338,0.227,0.019,23,1
SHOP018,2024-12,744415,622890,121525,16.3,49,0.0,0.398,0.232,0.039,24,1
SHOP018,2025-01,780436,626649,153787,19.7,53,0.089,0.377,0.104,0.019,25,1
SHOP018,2025-02,703694,565900,137794,19.6,55,0.005,0.387,0.046,0.065,26,1
SHOP018,2025-03,719096,604934,114162,15.9,42,0.073,0.239,0.143,0.048,27,1
SHOP018,2025-04,618262,494803,123459,20.0,49,0.148,0.306,0.128,0.021,28,1
SHOP018,2025-05,672546,533214,139332,20.7,35,0.092,0.383,0.177,0.062,29,1
SHOP018,2025-06,723959,623441,100518,13.9,52,0.079,0.273,0.14,0.054,30,1
SHOP018,2025-07,734766,593188,141578,19.3,64,0.049,0.353,0.156,0.066,31,1
SHOP018,2025-08,958016,789124,168892,17.6,58,0.103,0.332,0.159,0.05,32,1
SHOP018,2025-09,960208,799491,160717,16.7,66,0.105,0.27,0.137,0.0,33,1
SHOP018,2025-10,704741,613128,91613,13.0,52,0.065,0.256,0.027,0.023,34,1
SHOP018,2025-11,454059,362211,91848,20.2,55,0.066,0.251,0.244,0.034,35,1
SHOP018,2025-12,698011,572332,125679,18.0,51,0.13,0.286,0.157,0.05,36,1
SHOP019,2023-01,717947,649990,67957,9.5,54,0.157,0.178,0.221,0.121,1,0
SHOP019,2023-02,909969,789119,120850,13.3,46,0.056,0.175,0.265,0.058,2,0
SHOP019,2023-03,703168,618059,85109,12.1,58,0.213,0.205,0.25,0.073,3,0
SHOP019,2023-04,704326,597784,106542,15.1,54,0.098,0.132,0.305,0.146,4,0
SHOP019,2023-05,725822,630580,95242,13.1,48,0.117,0.131,0.291,0.074,5,0
SHOP019,2023-06,728563,645018,83545,11.5,49,0.148,0.184,0.244,0.087,6,0
SHOP019,2023-07,599897,496441,103456,17.2,52,0.121,0.2,0.272,0.061,7,0
SHOP019,2023-08,713623,603117,110506,15.5,43,0.141,0.181,0.292,0.095,8,0
SHOP019,2023-09,724577,638283,86294,11.9,58,0.134,0.144,0.244,0.047,9,0
SHOP019,2023-10,552021,468273,83748,15.2,56,0.064,0.165,0.175,0.112,10,0
SHOP019,2023-11,691584,586717,104867,15.2,61,0.12,0.313,0.141,0.131,11,0
SHOP019,2023-12,535374,442911,92463,17.3,48,0.013,0.189,0.149,0.091,12,0
SHOP019,2024-01,736254,610130,126124,17.1,48,0.068,0.224,0.241,0.071,13,0
SHOP019,2024-02,803031,700266,102765,12.8,48,0.013,0.231,0.259,0.033,14,0
SHOP019,2024-03,634403,542189,92214,14.5,48,0.092,0.223,0.07,0.102,15,0
SHOP019,2024-04,746556,614311,132245,17.7,48,0.085,0.186,0.173,0.092,16,0
SHOP019,2024-05,801682,683939,117743,14.7,61,0.136,0.257,0.136,0.103,17,0
SHOP019,2024-06,564433,501081,63352,11.2,47,0.198,0.244,0.254,0.119,18,0
SHOP019,2024-07,766590,683988,82602,10.8,44,0.147,0.189,0.183,0.097,19,0
SHOP019,2024-08,431795,389532,42263,9.8,50,0.092,0.208,0.235,0.053,20,1
SHOP019,2024-09,676119,576039,100080,14.8,46,0.03,0.165,0.302,0.047,21,0
SHOP019,2024-10,650883,550812,100071,15.4,54,0.048,0.224,0.075,0.063,22,1
SHOP019,2024-11,565007,497536,67471,11.9,49,0.215,0.139,0.291,0.149,23,0
SHOP019,2024-12,664879,595100,69779,10.5,57,0.116,0.135,0.143,0.041,24,0
SHOP019,2025-01,525898,437941,87957,16.7,49,0.125,0.171,0.186,0.09,25,1
SHOP019,2025-02,642055,540515,101540,15.8,45,0.124,0.254,0.291,0.058,26,0
SHOP019,2025-03,571688,482277,89411,15.6,53,0.117,0.163,0.237,0.023,27,1
SHOP019,2025-04,742027,648890,93137,12.6,46,0.184,0.241,0.213,0.106,28,0
SHOP019,2025-05,530372,462419,67953,12.8,55,0.072,0.133,0.218,0.045,29,0
SHOP019,2025-06,631782,552789,78993,12.5,56,0.184,0.218,0.216,0.071,30,1
SHOP019,2025-07,535434,461451,73983,13.8,48,0.165,0.186,0.234,0.133,31,1
SHOP019,2025-08,848588,691078,157510,18.6,59,0.075,0.214,0.239,0.161,32,1
SHOP019,2025-09,803104,681724,121380,15.1,56,0.081,0.3,0.128,0.112,33,1
SHOP019,2025-10,782805,678008,104797,13.4,48,0.174,0.2,0.187,0.119,34,1
SHOP019,2025-11,536859,460776,76083,14.2,51,0.161,0.246,0.165,0.073,35,1
SHOP019,2025-12,734577,583117,151460,20.6,54,0.168,0.219,0.181,0.106,36,1
SHOP020,2023-01,551027,477941,73086,13.3,54,0.105,0.218,0.129,0.073,1,0
SHOP020,2023-02,682859,570588,112271,16.4,47,0.104,0.165,0.289,0.074,2,0
SHOP020,2023-03,469410,388429,80981,17.3,38,0.159,0.157,0.287,0.046,3,0
SHOP020,2023-04,542861,466214,76647,14.1,46,0.207,0.15,0.257,0.072,4,0
SHOP020,2023-05,504567,432554,72013,14.3,46,0.08,0.205,0.162,0.076,5,0
SHOP020,2023-06,582012,487532,94480,16.2,47,0.132,0.251,0.16,0.102,6,0
SHOP020,2023-07,588023,489401,98622,16.8,39,0.123,0.206,0.212,0.08,7,0
SHOP020,2023-08,355003,282490,72513,20.4,45,0.125,0.215,0.258,0.1,8,0
SHOP020,2023-09,461359,372736,88623,19.2,47,0.147,0.238,0.156,0.07,9,0
SHOP020,2023-10,716001,631418,84583,11.8,47,0.104,0.146,0.242,0.123,10,0
SHOP020,2023-11,550414,459465,90949,16.5,42,0.126,0.293,0.204,0.073,11,0
SHOP020,2023-12,613178,524246,88932,14.5,39,0.046,0.145,0.155,0.075,12,0
SHOP020,2024-01,715713,628746,86967,12.2,41,0.127,0.151,0.3,0.052,13,0
SHOP020,2024-02,502664,391112,111552,22.2,42,0.116,0.192,0.16,0.082,14,0
SHOP020,2024-03,694371,608783,85588,12.3,40,0.147,0.173,0.281,0.061,15,0
SHOP020,2024-04,721238,628209,93029,12.9,41,0.082,0.197,0.177,0.092,16,0
SHOP020,2024-05,683413,576806,106607,15.6,44,0.202,0.219,0.331,0.122,17,0
SHOP020,2024-06,510736,441762,68974,13.5,57,0.122,0.165,0.239,0.082,18,1
SHOP020,2024-07,563047,494935,68112,12.1,37,0.099,0.17,0.175,0.085,19,0
SHOP020,2024-08,640427,561204,79223,12.4,55,0.07,0.179,0.271,0.061,20,0
SHOP020,2024-09,503857,423552,80305,15.9,40,0.193,0.194,0.121,0.076,21,1
SHOP020,2024-10,549269,481642,67627,12.3,44,0.124,0.211,0.203,0.031,22,0
SHOP020,2024-11,596011,519472,76539,12.8,47,0.08,0.308,0.319,0.124,23,0
SHOP020,2024-12,637362,516394,120968,19.0,50,0.122,0.197,0.185,0.082,24,1
SHOP020,2025-01,699868,598250,101618,14.5,60,0.237,0.214,0.296,0.055,25,1
SHOP020,2025-02,580810,472757,108053,18.6,45,0.134,0.143,0.257,0.101,26,1
SHOP020,2025-03,419518,339191,80327,19.1,47,0.105,0.222,0.191,0.063,27,1
SHOP020,2025-04,688171,623905,64266,9.3,50,0.156,0.263,0.194,0.091,28,1
SHOP020,2025-05,565769,488901,76868,13.6,42,0.262,0.164,0.21,0.071,29,0
SHOP020,2025-06,521127,444935,76192,14.6,45,0.185,0.285,0.144,0.056,30,1
SHOP020,2025-07,508865,440247,68618,13.5,44,0.099,0.163,0.234,0.061,31,1
SHOP020,2025-08,665467,567140,98327,14.8,62,0.181,0.212,0.133,0.128,32,1
SHOP020,2025-09,758792,626424,132368,17.4,49,0.105,0.236,0.18,0.068,33,1
SHOP020,2025-10,521647,469734,51913,10.0,41,0.167,0.205,0.23,0.059,34,1
SHOP020,2025-11,395278,325027,70251,17.8,49,0.128,0.259,0.278,0.068,35,1
SHOP020,2025-12,495318,405430,89888,18.1,51,0.101,0.167,0.249,0.086,36,0
SHOP021,2023-01,544520,455090,89430,16.4,39,0.044,0.195,0.086,0.088,1,0
SHOP021,2023-02,558825,481154,77671,13.9,31,0.136,0.325,0.169,0.043,2,0
SHOP021,2023-03,737188,605806,131382,17.8,41,0.064,0.321,0.143,0.024,3,1
SHOP021,2023-04,366114,291668,74446,20.3,45,0.172,0.281,0.138,0.018,4,0
SHOP021,2023-05,659179,514894,144285,21.9,39,0.152,0.291,0.058,0.1,5,1
SHOP021,2023-06,645385,524944,120441,18.7,35,0.039,0.265,0.149,0.056,6,1
SHOP021,2023-07,529574,427870,101704,19.2,39,0.143,0.389,0.21,0.039,7,1
SHOP021,2023-08,701393,610879,90514,12.9,45,0.186,0.254,0.155,0.048,8,0
SHOP021,2023-09,538574,460425,78149,14.5,46,0.163,0.3,0.164,0.124,9,1
SHOP021,2023-10,516901,425476,91425,17.7,45,0.084,0.325,0.184,0.01,10,1
SHOP021,2023-11,567307,453055,114252,20.1,39,0.078,0.314,0.168,0.058,11,1
SHOP021,2023-12,513491,412737,100754,19.6,46,0.0,0.311,0.163,0.03,12,1
SHOP021,2024-01,596812,469851,126961,21.3,35,0.102,0.203,0.072,0.059,13,1
SHOP021,2024-02,534319,470501,63818,11.9,28,0.0,0.255,0.023,0.075,14,1
SHOP021,2024-03,496601,394216,102385,20.6,46,0.033,0.26,0.233,0.013,15,1
SHOP021,2024-04,447428,372119,75309,16.8,40,0.174,0.356,0.264,0.058,16,1
SHOP021,2024-05,507398,407229,100169,19.7,45,0.134,0.308,0.127,0.084,17,1
SHOP021,2024-06,662222,555086,107136,16.2,46,0.098,0.337,0.123,0.088,18,1
SHOP021,2024-07,669047,564695,104352,15.6,40,0.181,0.26,0.097,0.053,19,1
SHOP021,2024-08,638980,518582,120398,18.8,49,0.123,0.215,0.277,0.075,20,1
SHOP021,2024-09,580773,466946,113827,19.6,40,0.1,0.352,0.138,0.001,21,1
SHOP021,2024-10,584433,481435,102998,17.6,45,0.114,0.306,0.158,0.078,22,1
SHOP021,2024-11,376469,308704,67765,18.0,49,0.117,0.337,0.235,0.07,23,1
SHOP021,2024-12,500457,393627,106830,21.3,55,0.033,0.282,0.106,0.026,24,1
SHOP021,2025-01,716171,601514,114657,16.0,45,0.055,0.201,0.182,0.08,25,1
SHOP021,2025-02,703478,577103,126375,18.0,44,0.119,0.313,0.202,0.052,26,1
SHOP021,2025-03,570532,487834,82698,14.5,40,0.022,0.254,0.16,0.041,27,1
SHOP021,2025-04,550299,426330,123969,22.5,44,0.122,0.325,0.228,0.087,28,1
SHOP021,2025-05,648953,539338,109615,16.9,39,0.079,0.283,0.166,0.076,29,1
SHOP021,2025-06,568574,461572,107002,18.8,41,0.088,0.211,0.155,0.087,30,1
SHOP021,2025-07,497936,415050,82886,16.6,43,0.132,0.341,0.152,0.105,31,1
SHOP021,2025-08,717705,575309,142396,19.8,44,0.082,0.281,0.116,0.095,32,1
SHOP021,2025-09,662979,547365,115614,17.4,49,0.063,0.268,0.243,0.058,33,1
SHOP021,2025-10,689024,564145,124879,18.1,47,0.128,0.222,0.19,0.063,34,1
SHOP021,2025-11,517379,392393,124986,24.2,40,0.101,0.261,0.176,0.058,35,1
SHOP021,2025-12,572964,454101,118863,20.7,34,0.217,0.32,0.191,0.105,36,1
SHOP022,2023-01,568286,498064,70222,12.4,26,0.076,0.264,0.214,0.03,1,0
SHOP022,2023-02,400274,331029,69245,17.3,61,0.13,0.296,0.157,0.053,2,0
SHOP022,2023-03,462797,405300,57497,12.4,35,0.094,0.34,0.231,0.045,3,0
SHOP022,2023-04,560074,464172,95902,17.1,43,0.131,0.311,0.111,0.026,4,1
SHOP022,2023-05,507842,421144,86698,17.1,46,0.102,0.313,0.177,0.057,5,1
SHOP022,2023-06,498511,418962,79549,16.0,41,0.071,0.201,0.333,0.053,6,0
SHOP022,2023-07,481461,405036,76425,15.9,42,0.102,0.275,0.157,0.029,7,1
SHOP022,2023-08,686014,576093,109921,16.0,40,0.093,0.22,0.278,0.053,8,0
SHOP022,2023-09,539327,450527,88800,16.5,34,0.127,0.34,0.219,0.083,9,1
SHOP022,2023-10,612720,497049,115671,18.9,41,0.091,0.252,0.167,0.066,10,1
SHOP022,2023-11,666734,559090,107644,16.1,39,0.092,0.298,0.177,0.087,11,1
SHOP022,2023-12,516720,424046,92674,17.9,52,0.191,0.276,0.174,0.093,12,0
SHOP022,2024-01,524046,440993,83053,15.8,47,0.149,0.182,0.237,0.073,13,0
SHOP022,2024-02,688223,523172,165051,24.0,43,0.113,0.286,0.128,0.0,14,1
SHOP022,2024-03,628491,524979,103512,16.5,42,0.041,0.146,0.255,0.1,15,0
SHOP022,2024-04,630597,537831,92766,14.7,51,0.043,0.318,0.107,0.059,16,1
SHOP022,2024-05,669648,530956,138692,20.7,48,0.117,0.184,0.088,0.005,17,1
SHOP022,2024-06,549814,458704,91110,16.6,50,0.124,0.255,0.266,0.081,18,1
SHOP022,2024-07,564859,470106,94753,16.8,60,0.131,0.295,0.161,0.09,19,0
SHOP022,2024-08,625055,525447,99608,15.9,39,0.096,0.227,0.12,0.079,20,1
SHOP022,2024-09,593921,466166,127755,21.5,48,0.113,0.185,0.215,0.077,21,0
SHOP022,2024-10,569647,452072,117575,20.6,52,0.111,0.154,0.215,0.086,22,1
SHOP022,2024-11,463120,371349,91771,19.8,31,0.142,0.316,0.179,0.102,23,1
SHOP022,2024-12,622431,491114,131317,21.1,50,0.135,0.265,0.18,0.059,24,1
SHOP022,2025-01,589682,466933,122749,20.8,46,0.024,0.144,0.131,0.071,25,1
SHOP022,2025-02,640658,546295,94363,14.7,33,0.026,0.307,0.19,0.051,26,1
SHOP022,2025-03,456919,372602,84317,18.5,47,0.061,0.189,0.143,0.089,27,1
SHOP022,2025-04,475485,376477,99008,20.8,46,0.187,0.278,0.253,0.121,28,1
SHOP022,2025-05,615441,508304,107137,17.4,51,0.142,0.389,0.193,0.064,29,1
SHOP022,2025-06,438795,362993,75802,17.3,37,0.157,0.175,0.293,0.13,30,1
SHOP022,2025-07,602706,494186,108520,18.0,43,0.121,0.292,0.144,0.064,31,1
SHOP022,2025-08,758390,614422,143968,19.0,54,0.055,0.276,0.306,0.133,32,1
SHOP022,2025-09,638952,531159,107793,16.9,42,0.051,0.26,0.166,0.033,33,1
SHOP022,2025-10,538523,438797,99726,18.5,45,0.054,0.261,0.213,0.08,34,1
SHOP022,2025-11,405442,364756,40686,10.0,41,0.078,0.237,0.135,0.048,35,1
SHOP022,2025-12,552998,449259,103739,18.8,42,0.141,0.266,0.249,0.054,36,1
SHOP023,2023-01,393549,339070,54479,13.8,28,0.121,0.199,0.206,0.098,1,0
SHOP023,2023-02,606365,541118,65247,10.8,40,0.175,0.166,0.196,0.144,2,0
SHOP023,2023-03,604183,507100,97083,16.1,33,0.129,0.086,0.273,0.141,3,0
SHOP023,2023-04,324246,272767,51479,15.9,29,0.013,0.22,0.279,0.075,4,0
SHOP023,2023-05,596151,533121,63030,10.6,31,0.093,0.228,0.192,0.129,5,0
SHOP023,2023-06,342234,296384,45850,13.4,37,0.189,0.202,0.194,0.043,6,0
SHOP023,2023-07,659168,590166,69002,10.5,37,0.065,0.136,0.241,0.106,7,0
SHOP023,2023-08,524384,460091,64293,12.3,43,0.218,0.161,0.242,0.09,8,0
SHOP023,2023-09,493914,453794,40120,8.1,28,0.129,0.208,0.321,0.036,9,0
SHOP023,2023-10,659333,563684,95649,14.5,39,0.027,0.111,0.207,0.062,10,0
SHOP023,2023-11,531588,472038,59550,11.2,33,0.098,0.191,0.255,0.106,11,0
SHOP023,2023-12,525724,456647,69077,13.1,34,0.143,0.281,0.269,0.08,12,0
SHOP023,2024-01,498133,425984,72149,14.5,28,0.097,0.188,0.239,0.142,13,0
SHOP023,2024-02,388606,350189,38417,9.9,39,0.249,0.137,0.303,0.12,14,0
SHOP023,2024-03,462687,390650,72037,15.6,28,0.153,0.23,0.268,0.039,15,0
SHOP023,2024-04,462778,416591,46187,10.0,40,0.181,0.226,0.248,0.12,16,0
SHOP023,2024-05,416303,343254,73049,17.5,37,0.109,0.164,0.172,0.11,17,0
SHOP023,2024-06,545617,482570,63047,11.6,37,0.175,0.175,0.221,0.083,18,1
SHOP023,2024-07,416564,345034,71530,17.2,35,0.196,0.193,0.191,0.054,19,1
SHOP023,2024-08,451097,385955,65142,14.4,48,0.086,0.223,0.245,0.119,20,1
SHOP023,2024-09,397070,342795,54275,13.7,23,0.068,0.18,0.144,0.123,21,1
SHOP023,2024-10,477349,432448,44901,9.4,40,0.173,0.266,0.337,0.081,22,0
SHOP023,2024-11,586401,504044,82357,14.0,35,0.19,0.15,0.19,0.056,23,0
SHOP023,2024-12,478912,419879,59033,12.3,38,0.063,0.213,0.298,0.104,24,1
SHOP023,2025-01,451226,409555,41671,9.2,29,0.232,0.117,0.176,0.057,25,0
SHOP023,2025-02,404195,354218,49977,12.4,33,0.151,0.14,0.162,0.102,26,0
SHOP023,2025-03,515859,466002,49857,9.7,33,0.132,0.201,0.246,0.097,27,0
SHOP023,2025-04,327627,279035,48592,14.8,35,0.038,0.237,0.184,0.115,28,1
SHOP023,2025-05,426838,370213,56625,13.3,37,0.157,0.233,0.205,0.006,29,1
SHOP023,2025-06,571167,495544,75623,13.2,48,0.186,0.02,0.204,0.069,30,0
SHOP023,2025-07,680784,584572,96212,14.1,37,0.11,0.171,0.178,0.092,31,0
SHOP023,2025-08,612967,507406,105561,17.2,30,0.117,0.227,0.218,0.073,32,1
SHOP023,2025-09,612818,495458,117360,19.2,40,0.126,0.184,0.298,0.063,33,0
SHOP023,2025-10,498797,417619,81178,16.3,27,0.175,0.28,0.302,0.075,34,0
SHOP023,2025-11,376103,325074,51029,13.6,36,0.104,0.343,0.256,0.102,35,1
SHOP023,2025-12,496734,409916,86818,17.5,40,0.136,0.249,0.316,0.095,36,1
SHOP024,2023-01,726546,606679,119867,16.5,55,0.21,0.182,0.178,0.153,1,0
SHOP024,2023-02,724377,637593,86784,12.0,52,0.089,0.172,0.241,0.115,2,0
SHOP024,2023-03,795802,693065,102737,12.9,47,0.119,0.196,0.235,0.068,3,0
SHOP024,2023-04,624866,587265,37601,6.0,57,0.075,0.14,0.228,0.094,4,0
SHOP024,2023-05,891960,767306,124654,14.0,64,0.026,0.168,0.192,0.115,5,0
SHOP024,2023-06,711654,643790,67864,9.5,51,0.073,0.203,0.303,0.078,6,0
SHOP024,2023-07,613415,539188,74227,12.1,54,0.139,0.207,0.264,0.097,7,0
SHOP024,2023-08,768686,702076,66610,8.7,48,0.138,0.191,0.204,0.054,8,0
SHOP024,2023-09,669901,587256,82645,12.3,70,0.175,0.072,0.28,0.123,9,0
SHOP024,2023-10,791628,732308,59320,7.5,63,0.203,0.254,0.268,0.08,10,0
SHOP024,2023-11,922634,834660,87974,9.5,47,0.172,0.186,0.263,0.081,11,0
SHOP024,2023-12,754903,678578,76325,10.1,51,0.081,0.209,0.335,0.097,12,0
SHOP024,2024-01,759900,633977,125923,16.6,47,0.14,0.134,0.247,0.057,13,0
SHOP024,2024-02,676370,588176,88194,13.0,51,0.075,0.152,0.373,0.046,14,0
SHOP024,2024-03,775364,695040,80324,10.4,62,0.264,0.142,0.267,0.103,15,0
SHOP024,2024-04,522187,454443,67744,13.0,53,0.116,0.229,0.284,0.109,16,0
SHOP024,2024-05,829554,700046,129508,15.6,57,0.263,0.157,0.32,0.066,17,0
SHOP024,2024-06,562266,500776,61490,10.9,54,0.153,0.158,0.234,0.09,18,0
SHOP024,2024-07,482975,419262,63713,13.2,49,0.236,0.161,0.26,0.073,19,0
SHOP024,2024-08,528575,460395,68180,12.9,67,0.101,0.186,0.257,0.055,20,0
SHOP024,2024-09,713311,632087,81224,11.4,54,0.088,0.168,0.283,0.034,21,0
SHOP024,2024-10,925125,862383,62742,6.8,48,0.111,0.227,0.206,0.117,22,0
SHOP024,2024-11,790235,702544,87691,11.1,67,0.092,0.171,0.322,0.095,23,0
SHOP024,2024-12,903414,779754,123660,13.7,45,0.192,0.207,0.234,0.089,24,0
SHOP024,2025-01,605779,510007,95772,15.8,49,0.124,0.187,0.246,0.169,25,0
SHOP024,2025-02,774798,717499,57299,7.4,66,0.149,0.119,0.199,0.091,26,0
SHOP024,2025-03,798949,685808,113141,14.2,57,0.173,0.135,0.261,0.095,27,1
SHOP024,2025-04,550380,502206,48174,8.8,60,0.22,0.113,0.324,0.183,28,0
SHOP024,2025-05,678826,588543,90283,13.3,63,0.193,0.322,0.304,0.093,29,1
SHOP024,2025-06,858803,741992,116811,13.6,53,0.158,0.208,0.242,0.078,30,1
SHOP024,2025-07,649158,551371,97787,15.1,58,0.164,0.184,0.23,0.105,31,0
SHOP024,2025-08,664492,574327,90165,13.6,65,0.159,0.139,0.302,0.111,32,0
SHOP024,2025-09,535432,462681,72751,13.6,55,0.244,0.217,0.251,0.075,33,0
SHOP024,2025-10,593779,516416,77363,13.0,56,0.112,0.153,0.206,0.092,34,0
SHOP024,2025-11,727020,657289,69731,9.6,45,0.074,0.163,0.249,0.117,35,1
SHOP024,2025-12,679096,614886,64210,9.5,55,0.117,0.145,0.332,0.084,36,0
SHOP025,2023-01,497040,420902,76138,15.3,58,0.092,0.345,0.156,0.102,1,0
SHOP025,2023-02,727971,612564,115407,15.9,51,0.128,0.316,0.136,0.031,2,0
SHOP025,2023-03,646671,547735,98936,15.3,61,0.065,0.247,0.257,0.071,3,0
SHOP025,2023-04,715768,628750,87018,12.2,50,0.165,0.273,0.273,0.066,4,0
SHOP025,2023-05,563090,505383,57707,10.2,49,0.142,0.205,0.114,0.077,5,0
SHOP025,2023-06,967143,746306,220837,22.8,53,0.075,0.304,0.146,0.053,6,1
SHOP025,2023-07,744822,630816,114006,15.3,57,0.173,0.188,0.209,0.021,7,0
SHOP025,2023-08,896347,733059,163288,18.2,50,0.112,0.225,0.161,0.074,8,0
SHOP025,2023-09,864919,710447,154472,17.9,57,0.127,0.237,0.226,0.056,9,0
SHOP025,2023-10,708023,606207,101816,14.4,53,0.138,0.217,0.282,0.097,10,0
SHOP025,2023-11,810651,677688,132963,16.4,67,0.047,0.272,0.164,0.063,11,1
SHOP025,2023-12,525641,428262,97379,18.5,56,0.157,0.217,0.183,0.048,12,1
SHOP025,2024-01,1036904,874668,162236,15.6,50,0.112,0.329,0.172,0.097,13,1
SHOP025,2024-02,600404,488859,111545,18.6,55,0.187,0.309,0.283,0.098,14,1
SHOP025,2024-03,817464,677919,139545,17.1,56,0.149,0.246,0.137,0.112,15,1
SHOP025,2024-04,945792,802891,142901,15.1,52,0.188,0.28,0.212,0.018,16,1
SHOP025,2024-05,631141,550375,80766,12.8,46,0.019,0.266,0.21,0.096,17,0
SHOP025,2024-06,965381,811224,154157,16.0,59,0.1,0.311,0.12,0.064,18,1
SHOP025,2024-07,814861,691682,123179,15.1,55,0.18,0.186,0.053,0.063,19,1
SHOP025,2024-08,442823,388243,54580,12.3,47,0.086,0.303,0.258,0.12,20,1
SHOP025,2024-09,485226,423694,61532,12.7,63,0.041,0.252,0.135,0.078,21,1
SHOP025,2024-10,650231,543684,106547,16.4,51,0.094,0.247,0.145,0.073,22,1
SHOP025,2024-11,725954,584269,141685,19.5,58,0.132,0.285,0.181,0.056,23,1
SHOP025,2024-12,755316,593996,161320,21.4,61,0.07,0.292,0.223,0.069,24,1
SHOP025,2025-01,551049,452246,98803,17.9,49,0.128,0.274,0.241,0.037,25,1
SHOP025,2025-02,669605,539072,130533,19.5,55,0.125,0.163,0.153,0.153,26,1
SHOP025,2025-03,544212,457148,87064,16.0,46,0.05,0.245,0.194,0.047,27,1
SHOP025,2025-04,778735,662835,115900,14.9,58,0.069,0.303,0.178,0.105,28,1
SHOP025,2025-05,832413,742116,90297,10.8,58,0.058,0.262,0.242,0.095,29,1
SHOP025,2025-06,697334,544104,153230,22.0,52,0.139,0.312,0.193,0.034,30,1
SHOP025,2025-07,608159,485570,122589,20.2,53,0.129,0.172,0.19,0.054,31,1
SHOP025,2025-08,530747,469433,61314,11.6,49,0.087,0.265,0.203,0.074,32,1
SHOP025,2025-09,970850,797402,173448,17.9,57,0.146,0.277,0.2,0.024,33,1
SHOP025,2025-10,484164,396260,87904,18.2,47,0.04,0.292,0.206,0.066,34,1
SHOP025,2025-11,870810,735727,135083,15.5,45,0.102,0.286,0.152,0.063,35,1
SHOP025,2025-12,739308,604810,134498,18.2,55,0.075,0.207,0.231,0.055,36,1
SHOP026,2023-01,895172,696710,198462,22.2,70,0.011,0.346,0.053,0.019,1,1
SHOP026,2023-02,913951,761387,152564,16.7,66,0.062,0.374,0.106,0.035,2,1
SHOP026,2023-03,752175,640273,111902,14.9,72,0.039,0.329,0.117,0.053,3,1
SHOP026,2023-04,904435,745822,158613,17.5,60,0.062,0.364,0.06,0.074,4,1
SHOP026,2023-05,928014,731418,196596,21.2,65,0.07,0.305,0.244,0.041,5,1
SHOP026,2023-06,865215,703741,161474,18.7,75,0.038,0.285,0.062,0.065,6,1
SHOP026,2023-07,867634,704890,162744,18.8,71,0.048,0.43,0.141,0.06,7,0
SHOP026,2023-08,943509,761323,182186,19.3,75,0.071,0.342,0.169,0.062,8,1
SHOP026,2023-09,908741,707071,201670,22.2,65,0.039,0.328,0.166,0.051,9,1
SHOP026,2023-10,1245120,1018846,226274,18.2,54,0.014,0.346,0.022,0.026,10,1
SHOP026,2023-11,961749,780856,180893,18.8,56,0.0,0.277,0.068,0.132,11,1
SHOP026,2023-12,969478,764370,205108,21.2,56,0.048,0.308,0.189,0.039,12,1
SHOP026,2024-01,755524,575956,179568,23.8,60,0.057,0.25,0.107,0.069,13,1
SHOP026,2024-02,653773,522230,131543,20.1,61,0.068,0.309,0.137,0.059,14,1
SHOP026,2024-03,937572,763250,174322,18.6,66,0.0,0.364,0.125,0.056,15,1
SHOP026,2024-04,633482,473048,160434,25.3,64,0.09,0.372,0.076,0.045,16,1
SHOP026,2024-05,595532,480700,114832,19.3,62,0.0,0.442,0.089,0.025,17,1
SHOP026,2024-06,985568,775006,210562,21.4,70,0.0,0.317,0.143,0.048,18,1
SHOP026,2024-07,796625,689964,106661,13.4,65,0.061,0.367,0.139,0.019,19,1
SHOP026,2024-08,704599,578835,125764,17.8,63,0.075,0.368,0.245,0.016,20,1
SHOP026,2024-09,771643,603459,168184,21.8,57,0.0,0.421,0.186,0.047,21,1
SHOP026,2024-10,725216,553990,171226,23.6,61,0.041,0.349,0.164,0.033,22,1
SHOP026,2024-11,967357,736489,230868,23.9,49,0.075,0.291,0.158,0.036,23,1
SHOP026,2024-12,542028,441808,100220,18.5,64,0.008,0.378,0.036,0.049,24,1
SHOP026,2025-01,851479,703486,147993,17.4,64,0.016,0.264,0.129,0.026,25,1
SHOP026,2025-02,1058710,861054,197656,18.7,68,0.068,0.404,0.1,0.08,26,1
SHOP026,2025-03,1064214,862387,201827,19.0,78,0.008,0.322,0.139,0.051,27,1
SHOP026,2025-04,891712,733393,158319,17.8,66,0.043,0.313,0.083,0.092,28,1
SHOP026,2025-05,888568,756940,131628,14.8,66,0.057,0.31,0.071,0.084,29,1
SHOP026,2025-06,754242,605633,148609,19.7,61,0.064,0.366,0.136,0.058,30,1
SHOP026,2025-07,905135,715930,189205,20.9,65,0.051,0.347,0.125,0.053,31,1
SHOP026,2025-08,765294,613990,151304,19.8,66,0.011,0.214,0.123,0.032,32,1
SHOP026,2025-09,892207,725996,166211,18.6,60,0.073,0.251,0.162,0.017,33,1
SHOP026,2025-10,746006,621927,124079,16.6,64,0.052,0.285,0.174,0.01,34,1
SHOP026,2025-11,882504,652180,230324,26.1,72,0.115,0.351,0.056,0.062,35,1
SHOP026,2025-12,926250,729388,196862,21.3,73,0.059,0.354,0.151,0.044,36,1
SHOP027,2023-01,509763,417963,91800,18.0,53,0.03,0.311,0.174,0.084,1,0
SHOP027,2023-02,751869,626027,125842,16.7,48,0.09,0.386,0.201,0.099,2,0
SHOP027,2023-03,521638,393244,128394,24.6,57,0.054,0.332,0.108,0.021,3,1
SHOP027,2023-04,643139,508953,134186,20.9,55,0.035,0.318,0.106,0.077,4,1
SHOP027,2023-05,434210,341655,92555,21.3,50,0.172,0.275,0.246,0.057,5,0
SHOP027,2023-06,601883,513891,87992,14.6,44,0.103,0.436,0.151,0.027,6,1
SHOP027,2023-07,639444,491338,148106,23.2,49,0.076,0.329,0.077,0.02,7,1
SHOP027,2023-08,604218,481077,123141,20.4,45,0.15,0.278,0.177,0.076,8,0
SHOP027,2023-09,487442,392997,94445,19.4,56,0.077,0.342,0.178,0.078,9,1
SHOP027,2023-10,620354,499763,120591,19.4,56,0.027,0.266,0.136,0.016,10,1
SHOP027,2023-11,806037,670503,135534,16.8,43,0.064,0.377,0.161,0.089,11,1
SHOP027,2023-12,578698,460874,117824,20.4,42,0.004,0.281,0.12,0.061,12,1
SHOP027,2024-01,426022,352421,73601,17.3,41,0.151,0.294,0.023,0.007,13,1
SHOP027,2024-02,651722,511486,140236,21.5,54,0.047,0.354,0.133,0.067,14,1
SHOP027,2024-03,440630,347700,92930,21.1,41,0.054,0.211,0.163,0.04,15,1
SHOP027,2024-04,677651,543586,134065,19.8,48,0.103,0.328,0.255,0.028,16,1
SHOP027,2024-05,799219,617693,181526,22.7,39,0.044,0.383,0.099,0.072,17,1
SHOP027,2024-06,731634,583773,147861,20.2,52,0.052,0.239,0.105,0.031,18,1
SHOP027,2024-07,405869,338388,67481,16.6,55,0.015,0.289,0.064,0.082,19,1
SHOP027,2024-08,540032,453184,86848,16.1,55,0.07,0.433,0.194,0.062,20,1
SHOP027,2024-09,566541,451649,114892,20.3,54,0.015,0.384,0.104,0.01,21,1
SHOP027,2024-10,591868,455397,136471,23.1,57,0.143,0.291,0.209,0.004,22,1
SHOP027,2024-11,629410,481461,147949,23.5,54,0.093,0.236,0.16,0.075,23,1
SHOP027,2024-12,585182,495721,89461,15.3,58,0.0,0.3,0.102,0.054,24,1
SHOP027,2025-01,482294,390260,92034,19.1,50,0.082,0.359,0.222,0.063,25,1
SHOP027,2025-02,665502,519279,146223,22.0,38,0.055,0.407,0.139,0.071,26,1
SHOP027,2025-03,612143,504889,107254,17.5,51,0.083,0.337,0.096,0.01,27,1
SHOP027,2025-04,646136,528495,117641,18.2,47,0.061,0.231,0.109,0.027,28,1
SHOP027,2025-05,480257,396296,83961,17.5,45,0.0,0.256,0.226,0.041,29,1
SHOP027,2025-06,508809,411035,97774,19.2,48,0.048,0.272,0.141,0.068,30,1
SHOP027,2025-07,634088,526150,107938,17.0,46,0.049,0.333,0.164,0.073,31,1
SHOP027,2025-08,730093,575405,154688,21.2,46,0.159,0.382,0.233,0.084,32,1
SHOP027,2025-09,752306,591265,161041,21.4,43,0.139,0.357,0.091,0.043,33,1
SHOP027,2025-10,850392,666595,183797,21.6,53,0.136,0.261,0.187,0.035,34,1
SHOP027,2025-11,770542,641684,128858,16.7,41,0.137,0.377,0.162,0.017,35,1
SHOP027,2025-12,451109,354528,96581,21.4,51,0.0,0.287,0.158,0.034,36,1
SHOP028,2023-01,507591,433415,74176,14.6,31,0.176,0.214,0.23,0.111,1,0
SHOP028,2023-02,470135,386383,83752,17.8,41,0.074,0.273,0.232,0.091,2,0
SHOP028,2023-03,361902,320621,41281,11.4,26,0.135,0.242,0.131,0.099,3,0
SHOP028,2023-04,587418,481052,106366,18.1,28,0.128,0.265,0.266,0.015,4,0
SHOP028,2023-05,472374,417262,55112,11.7,44,0.15,0.239,0.215,0.085,5,0
SHOP028,2023-06,497114,448716,48398,9.7,27,0.109,0.259,0.235,0.079,6,0
SHOP028,2023-07,421033,378727,42306,10.0,29,0.255,0.21,0.112,0.041,7,0
SHOP028,2023-08,365917,312926,52991,14.5,26,0.2,0.167,0.287,0.109,8,0
SHOP028,2023-09,486370,400010,86360,17.8,27,0.166,0.249,0.181,0.105,9,0
SHOP028,2023-10,496696,412430,84266,17.0,43,0.194,0.25,0.284,0.091,10,0
SHOP028,2023-11,542757,472978,69779,12.9,28,0.071,0.23,0.218,0.071,11,0
SHOP028,2023-12,464644,383118,81526,17.5,38,0.109,0.237,0.163,0.066,12,1
SHOP028,2024-01,440557,359266,81291,18.5,27,0.091,0.287,0.213,0.082,13,1
SHOP028,2024-02,358130,290076,68054,19.0,30,0.198,0.128,0.218,0.052,14,0
SHOP028,2024-03,409504,340485,69019,16.9,25,0.151,0.131,0.148,0.046,15,1
SHOP028,2024-04,417802,355126,62676,15.0,29,0.023,0.2,0.088,0.084,16,1
SHOP028,2024-05,469070,388007,81063,17.3,34,0.116,0.238,0.16,0.152,17,0
SHOP028,2024-06,434129,355532,78597,18.1,33,0.09,0.275,0.201,0.124,18,0
SHOP028,2024-07,443152,361498,81654,18.4,22,0.032,0.169,0.243,0.052,19,1
SHOP028,2024-08,391502,337035,54467,13.9,31,0.106,0.232,0.167,0.037,20,1
SHOP028,2024-09,413916,352151,61765,14.9,36,0.091,0.139,0.246,0.128,21,1
SHOP028,2024-10,473008,408328,64680,13.7,27,0.055,0.121,0.224,0.05,22,1
SHOP028,2024-11,500403,405565,94838,19.0,32,0.04,0.204,0.173,0.086,23,1
SHOP028,2024-12,408639,363135,45504,11.1,33,0.022,0.305,0.18,0.104,24,1
SHOP028,2025-01,426630,349001,77629,18.2,27,0.075,0.242,0.246,0.059,25,1
SHOP028,2025-02,522100,452676,69424,13.3,34,0.168,0.195,0.231,0.102,26,1
SHOP028,2025-03,388723,310042,78681,20.2,44,0.197,0.245,0.184,0.096,27,1
SHOP028,2025-04,435019,364720,70299,16.2,32,0.106,0.209,0.267,0.074,28,1
SHOP028,2025-05,328841,279882,48959,14.9,43,0.179,0.271,0.106,0.078,29,1
SHOP028,2025-06,360885,304430,56455,15.6,34,0.091,0.176,0.174,0.089,30,1
SHOP028,2025-07,314547,284134,30413,9.7,41,0.164,0.211,0.224,0.095,31,1
SHOP028,2025-08,384475,319217,65258,17.0,46,0.151,0.288,0.271,0.152,32,1
SHOP028,2025-09,356559,298264,58295,16.3,21,0.088,0.215,0.28,0.065,33,1
SHOP028,2025-10,348949,314921,34028,9.8,32,0.156,0.244,0.234,0.118,34,1
SHOP028,2025-11,444688,366927,77761,17.5,34,0.089,0.24,0.199,0.049,35,1
SHOP028,2025-12,499701,451059,48642,9.7,21,0.028,0.282,0.256,0.074,36,1
SHOP029,2023-01,723148,585970,137178,19.0,71,0.049,0.277,0.275,0.07,1,0
SHOP029,2023-02,700495,611565,88930,12.7,62,0.18,0.167,0.191,0.086,2,0
SHOP029,2023-03,1018507,821334,197173,19.4,65,0.131,0.22,0.222,0.059,3,0
SHOP029,2023-04,594320,522294,72026,12.1,69,0.156,0.172,0.285,0.112,4,0
SHOP029,2023-05,737697,619038,118659,16.1,64,0.17,0.213,0.203,0.108,5,0
SHOP029,2023-06,798830,701359,97471,12.2,63,0.063,0.191,0.343,0.098,6,0
SHOP029,2023-07,863139,741138,122001,14.1,59,0.146,0.182,0.171,0.065,7,0
SHOP029,2023-08,657476,560613,96863,14.7,55,0.136,0.17,0.225,0.125,8,0
SHOP029,2023-09,515515,419489,96026,18.6,67,0.161,0.303,0.342,0.096,9,0
SHOP029,2023-10,529300,440843,88457,16.7,59,0.176,0.237,0.251,0.057,10,0
SHOP029,2023-11,846343,748483,97860,11.6,69,0.107,0.249,0.233,0.006,11,0
SHOP029,2023-12,635379,567341,68038,10.7,50,0.197,0.128,0.253,0.109,12,0
SHOP029,2024-01,707212,574448,132764,18.8,55,0.114,0.268,0.358,0.025,13,0
SHOP029,2024-02,948860,770347,178513,18.8,59,0.142,0.218,0.28,0.062,14,0
SHOP029,2024-03,1005402,888813,116589,11.6,64,0.168,0.155,0.162,0.095,15,0
SHOP029,2024-04,698274,613534,84740,12.1,63,0.182,0.122,0.195,0.056,16,0
SHOP029,2024-05,754932,666485,88447,11.7,64,0.117,0.197,0.203,0.062,17,1
SHOP029,2024-06,841136,742644,98492,11.7,65,0.202,0.196,0.258,0.086,18,0
SHOP029,2024-07,804365,697757,106608,13.3,61,0.124,0.202,0.402,0.061,19,0
SHOP029,2024-08,822533,722646,99887,12.1,75,0.185,0.188,0.225,0.092,20,1
SHOP029,2024-09,867971,719909,148062,17.1,65,0.123,0.113,0.147,0.107,21,0
SHOP029,2024-10,669021,559885,109136,16.3,55,0.112,0.132,0.277,0.095,22,1
SHOP029,2024-11,725577,637636,87941,12.1,67,0.097,0.176,0.324,0.081,23,0
SHOP029,2024-12,983656,810613,173043,17.6,55,0.177,0.282,0.247,0.031,24,1
SHOP029,2025-01,925636,794636,131000,14.2,59,0.149,0.205,0.212,0.088,25,1
SHOP029,2025-02,908759,738768,169991,18.7,51,0.206,0.187,0.205,0.078,26,1
SHOP029,2025-03,937269,796709,140560,15.0,53,0.137,0.228,0.29,0.13,27,1
SHOP029,2025-04,712280,584416,127864,18.0,63,0.079,0.257,0.393,0.122,28,1
SHOP029,2025-05,798879,685285,113594,14.2,70,0.11,0.187,0.242,0.07,29,1
SHOP029,2025-06,633365,560415,72950,11.5,63,0.132,0.177,0.323,0.06,30,0
SHOP029,2025-07,786172,662888,123284,15.7,62,0.165,0.166,0.2,0.103,31,1
SHOP029,2025-08,575106,490040,85066,14.8,61,0.112,0.22,0.194,0.089,32,0
SHOP029,2025-09,815182,695544,119638,14.7,56,0.13,0.198,0.32,0.03,33,0
SHOP029,2025-10,694803,609932,84871,12.2,66,0.069,0.176,0.262,0.07,34,1
SHOP029,2025-11,929592,794797,134795,14.5,66,0.037,0.187,0.083,0.044,35,0
SHOP029,2025-12,905752,797918,107834,11.9,66,0.169,0.263,0.229,0.06,36,0
SHOP030,2023-01,270271,235346,34925,12.9,23,0.092,0.399,0.144,0.113,1,0
SHOP030,2023-02,248158,200382,47776,19.3,20,0.047,0.293,0.043,0.107,2,1
SHOP030,2023-03,260748,201627,59121,22.7,28,0.076,0.301,0.19,0.05,3,1
SHOP030,2023-04,234806,195089,39717,16.9,25,0.0,0.248,0.285,0.053,4,0
SHOP030,2023-05,175257,138558,36699,20.9,18,0.139,0.23,0.06,0.022,5,0
SHOP030,2023-06,294337,250887,43450,14.8,15,0.1,0.345,0.148,0.055,6,1
SHOP030,2023-07,272430,224473,47957,17.6,14,0.058,0.301,0.02,0.039,7,1
SHOP030,2023-08,244272,207339,36933,15.1,17,0.01,0.336,0.177,0.079,8,1
SHOP030,2023-09,229334,174756,54578,23.8,15,0.082,0.253,0.208,0.079,9,1
SHOP030,2023-10,249876,210112,39764,15.9,10,0.039,0.386,0.211,0.019,10,1
SHOP030,2023-11,336752,263918,72834,21.6,20,0.079,0.286,0.205,0.102,11,1
SHOP030,2023-12,167990,144277,23713,14.1,28,0.025,0.204,0.18,0.042,12,1
SHOP030,2024-01,228093,172725,55368,24.3,14,0.13,0.29,0.158,0.034,13,1
SHOP030,2024-02,210691,174975,35716,17.0,15,0.072,0.309,0.236,0.049,14,1
SHOP030,2024-03,236082,201301,34781,14.7,19,0.069,0.298,0.109,0.08,15,1
SHOP030,2024-04,273870,221075,52795,19.3,13,0.085,0.317,0.207,0.076,16,1
SHOP030,2024-05,222602,184272,38330,17.2,14,0.066,0.36,0.159,0.133,17,1
SHOP030,2024-06,272629,226213,46416,17.0,16,0.088,0.36,0.266,0.052,18,1
SHOP030,2024-07,256527,212930,43597,17.0,22,0.128,0.329,0.158,0.026,19,1
SHOP030,2024-08,187218,163504,23714,12.7,22,0.064,0.292,0.133,0.034,20,1
SHOP030,2024-09,164855,133311,31544,19.1,21,0.145,0.323,0.081,0.0,21,1
SHOP030,2024-10,230066,197814,32252,14.0,20,0.0,0.345,0.263,0.081,22,1
SHOP030,2024-11,219108,181148,37960,17.3,17,0.086,0.261,0.177,0.016,23,1
SHOP030,2024-12,288212,243441,44771,15.5,16,0.127,0.334,0.213,0.068,24,1
SHOP030,2025-01,271062,231823,39239,14.5,15,0.087,0.287,0.091,0.058,25,1
SHOP030,2025-02,306300,249880,56420,18.4,28,0.076,0.315,0.099,0.03,26,1
SHOP030,2025-03,157655,127445,30210,19.2,23,0.129,0.265,0.117,0.095,27,1
SHOP030,2025-04,208571,173268,35303,16.9,22,0.073,0.236,0.142,0.022,28,1
SHOP030,2025-05,206659,171140,35519,17.2,8,0.059,0.349,0.184,0.074,29,1
SHOP030,2025-06,222651,185300,37351,16.8,16,0.012,0.361,0.248,0.055,30,1
SHOP030,2025-07,260726,212855,47871,18.4,17,0.047,0.369,0.186,0.063,31,1
SHOP030,2025-08,194151,162080,32071,16.5,24,0.056,0.348,0.096,0.1,32,1
SHOP030,2025-09,195201,170138,25063,12.8,20,0.126,0.339,0.253,0.063,33,1
SHOP030,2025-10,176687,141183,35504,20.1,8,0.066,0.3,0.108,0.07,34,1
SHOP030,2025-11,270445,216593,53852,19.9,24,0.034,0.315,0.177,0.086,35,1
SHOP030,2025-12,203770,154888,48882,24.0,24,0.084,0.338,0.19,0.1,36,1
SHOP031,2023-01,566239,459864,106375,18.8,56,0.187,0.313,0.133,0.089,1,0
SHOP031,2023-02,766909,582934,183975,24.0,48,0.151,0.268,0.23,0.083,2,0
SHOP031,2023-03,550468,479769,70699,12.8,44,0.114,0.201,0.158,0.053,3,0
SHOP031,2023-04,732283,586164,146119,20.0,42,0.121,0.211,0.263,0.084,4,0
SHOP031,2023-05,662856,575542,87314,13.2,39,0.137,0.173,0.196,0.095,5,0
SHOP031,2023-06,757143,656772,100371,13.3,49,0.052,0.236,0.194,0.067,6,0
SHOP031,2023-07,444285,383862,60423,13.6,47,0.156,0.284,0.237,0.066,7,0
SHOP031,2023-08,674463,596134,78329,11.6,55,0.127,0.268,0.157,0.1,8,0
SHOP031,2023-09,607729,513860,93869,15.4,50,0.0,0.277,0.252,0.088,9,1
SHOP031,2023-10,664094,552845,111249,16.8,53,0.133,0.303,0.093,0.1,10,1
SHOP031,2023-11,679488,573733,105755,15.6,51,0.075,0.249,0.159,0.088,11,0
SHOP031,2023-12,734517,619549,114968,15.7,46,0.09,0.315,0.221,0.086,12,1
SHOP031,2024-01,722991,634361,88630,12.3,52,0.095,0.309,0.252,0.07,13,0
SHOP031,2024-02,383609,314523,69086,18.0,52,0.181,0.219,0.201,0.102,14,1
SHOP031,2024-03,659492,559766,99726,15.1,51,0.075,0.242,0.117,0.037,15,1
SHOP031,2024-04,671284,566802,104482,15.6,49,0.102,0.274,0.166,0.042,16,1
SHOP031,2024-05,809888,656876,153012,18.9,39,0.043,0.156,0.12,0.09,17,1
SHOP031,2024-06,617468,498800,118668,19.2,57,0.121,0.2,0.169,0.079,18,1
SHOP031,2024-07,586800,491746,95054,16.2,45,0.07,0.272,0.217,0.099,19,1
SHOP031,2024-08,983994,786522,197472,20.1,63,0.114,0.241,0.101,0.087,20,1
SHOP031,2024-09,698856,589524,109332,15.6,51,0.051,0.364,0.173,0.121,21,1
SHOP031,2024-10,552309,462645,89664,16.2,45,0.119,0.229,0.188,0.067,22,1
SHOP031,2024-11,962943,847652,115291,12.0,42,0.144,0.177,0.137,0.101,23,1
SHOP031,2024-12,824639,699243,125396,15.2,48,0.148,0.297,0.069,0.06,24,1
SHOP031,2025-01,601450,529110,72340,12.0,44,0.042,0.249,0.198,0.086,25,1
SHOP031,2025-02,640410,557951,82459,12.9,54,0.045,0.355,0.229,0.062,26,1
SHOP031,2025-03,852772,702908,149864,17.6,43,0.0,0.227,0.178,0.077,27,1
SHOP031,2025-04,673039,536798,136241,20.2,52,0.12,0.32,0.288,0.076,28,1
SHOP031,2025-05,709375,598765,110610,15.6,44,0.227,0.307,0.224,0.037,29,1
SHOP031,2025-06,522922,462677,60245,11.5,57,0.14,0.282,0.159,0.073,30,1
SHOP031,2025-07,868536,735499,133037,15.3,48,0.091,0.288,0.305,0.069,31,1
SHOP031,2025-08,787544,633809,153735,19.5,48,0.06,0.301,0.241,0.112,32,1
SHOP031,2025-09,716718,591228,125490,17.5,53,0.061,0.285,0.231,0.067,33,1
SHOP031,2025-10,657644,551305,106339,16.2,56,0.058,0.245,0.153,0.044,34,1
SHOP031,2025-11,694393,579683,114710,16.5,45,0.178,0.162,0.288,0.06,35,1
SHOP031,2025-12,554691,468811,85880,15.5,51,0.148,0.207,0.243,0.058,36,1
SHOP032,2023-01,560983,457120,103863,18.5,42,0.074,0.262,0.207,0.034,1,0
SHOP032,2023-02,614201,515592,98609,16.1,50,0.111,0.281,0.165,0.037,2,0
SHOP032,2023-03,540759,467606,73153,13.5,47,0.097,0.241,0.105,0.092,3,0
SHOP032,2023-04,573175,464018,109157,19.0,42,0.092,0.293,0.11,0.051,4,0
SHOP032,2023-05,435266,371017,64249,14.8,37,0.194,0.204,0.057,0.083,5,0
SHOP032,2023-06,548757,426763,121994,22.2,43,0.092,0.326,0.159,0.064,6,1
SHOP032,2023-07,693265,540442,152823,22.0,47,0.094,0.272,0.181,0.092,7,1
SHOP032,2023-08,397808,301351,96457,24.2,53,0.166,0.307,0.189,0.103,8,1
SHOP032,2023-09,584502,486391,98111,16.8,46,0.19,0.265,0.144,0.094,9,1
SHOP032,2023-10,637852,521472,116380,18.2,46,0.093,0.301,0.204,0.069,10,1
SHOP032,2023-11,607383,518767,88616,14.6,54,0.178,0.334,0.189,0.081,11,1
SHOP032,2023-12,430614,350698,79916,18.6,33,0.0,0.275,0.257,0.031,12,1
SHOP032,2024-01,593975,456576,137399,23.1,42,0.081,0.281,0.099,0.125,13,1
SHOP032,2024-02,656754,545145,111609,17.0,49,0.05,0.261,0.166,0.088,14,1
SHOP032,2024-03,521086,452002,69084,13.3,52,0.096,0.391,0.197,0.054,15,1
SHOP032,2024-04,668812,520551,148261,22.2,42,0.033,0.287,0.157,0.099,16,1
SHOP032,2024-05,358319,301163,57156,16.0,44,0.064,0.234,0.18,0.054,17,1
SHOP032,2024-06,595513,491517,103996,17.5,54,0.11,0.228,0.147,0.046,18,1
SHOP032,2024-07,518737,420301,98436,19.0,44,0.07,0.316,0.101,0.092,19,1
SHOP032,2024-08,416146,359567,56579,13.6,46,0.081,0.266,0.189,0.081,20,1
SHOP032,2024-09,474572,413098,61474,13.0,37,0.033,0.302,0.112,0.026,21,1
SHOP032,2024-10,424653,353525,71128,16.7,39,0.129,0.324,0.067,0.061,22,1
SHOP032,2024-11,529965,460243,69722,13.2,40,0.062,0.282,0.141,0.084,23,1
SHOP032,2024-12,887935,722492,165443,18.6,40,0.135,0.284,0.023,0.112,24,1
SHOP032,2025-01,415543,342088,73455,17.7,45,0.147,0.228,0.284,0.091,25,1
SHOP032,2025-02,645924,573163,72761,11.3,45,0.155,0.185,0.139,0.102,26,1
SHOP032,2025-03,390568,337795,52773,13.5,53,0.066,0.24,0.227,0.052,27,1
SHOP032,2025-04,432445,341027,91418,21.1,37,0.159,0.225,0.149,0.037,28,1
SHOP032,2025-05,583920,497202,86718,14.9,34,0.012,0.314,0.249,0.096,29,1
SHOP032,2025-06,522168,442543,79625,15.2,43,0.146,0.237,0.151,0.073,30,1
SHOP032,2025-07,539648,437897,101751,18.9,47,0.109,0.285,0.203,0.074,31,1
SHOP032,2025-08,598435,488498,109937,18.4,40,0.05,0.258,0.151,0.042,32,1
SHOP032,2025-09,485536,396807,88729,18.3,41,0.242,0.378,0.169,0.064,33,1
SHOP032,2025-10,609767,496519,113248,18.6,44,0.107,0.328,0.143,0.084,34,1
SHOP032,2025-11,676938,578548,98390,14.5,45,0.132,0.247,0.128,0.096,35,1
SHOP032,2025-12,476638,418534,58104,12.2,49,0.068,0.274,0.222,0.061,36,1
SHOP033,2023-01,560104,474065,86039,15.4,42,0.229,0.104,0.17,0.077,1,0
SHOP033,2023-02,600850,547917,52933,8.8,42,0.235,0.168,0.261,0.092,2,0
SHOP033,2023-03,571235,491359,79876,14.0,46,0.183,0.132,0.143,0.077,3,0
SHOP033,2023-04,631913,548510,83403,13.2,48,0.08,0.183,0.304,0.094,4,0
SHOP033,2023-05,706755,590758,115997,16.4,46,0.109,0.161,0.25,0.067,5,0
SHOP033,2023-06,618761,573440,45321,7.3,50,0.114,0.05,0.254,0.096,6,0
SHOP033,2023-07,488482,426938,61544,12.6,36,0.154,0.211,0.317,0.092,7,0
SHOP033,2023-08,564212,521679,42533,7.5,45,0.154,0.13,0.25,0.132,8,0
SHOP033,2023-09,629162,553400,75762,12.0,45,0.151,0.221,0.262,0.111,9,0
SHOP033,2023-10,479652,428643,51009,10.6,50,0.196,0.237,0.184,0.117,10,0
SHOP033,2023-11,657790,561806,95984,14.6,40,0.205,0.258,0.25,0.108,11,0
SHOP033,2023-12,589613,517306,72307,12.3,56,0.153,0.215,0.304,0.12,12,0
SHOP033,2024-01,571932,499544,72388,12.7,52,0.127,0.15,0.167,0.088,13,0
SHOP033,2024-02,584095,501411,82684,14.2,41,0.146,0.125,0.219,0.132,14,0
SHOP033,2024-03,782621,678393,104228,13.3,44,0.092,0.086,0.205,0.059,15,0
SHOP033,2024-04,667761,588768,78993,11.8,40,0.178,0.152,0.099,0.118,16,0
SHOP033,2024-05,689123,599084,90039,13.1,57,0.189,0.22,0.294,0.094,17,0
SHOP033,2024-06,686269,559948,126321,18.4,49,0.138,0.143,0.299,0.129,18,0
SHOP033,2024-07,603992,551882,52110,8.6,43,0.2,0.228,0.239,0.115,19,0
SHOP033,2024-08,604939,530491,74448,12.3,47,0.291,0.158,0.31,0.071,20,0
SHOP033,2024-09,503897,426528,77369,15.4,50,0.185,0.237,0.275,0.067,21,0
SHOP033,2024-10,777714,731126,46588,6.0,52,0.139,0.178,0.312,0.063,22,0
SHOP033,2024-11,377931,303031,74900,19.8,42,0.042,0.122,0.2,0.111,23,1
SHOP033,2024-12,510309,437087,73222,14.3,42,0.188,0.257,0.162,0.076,24,1
SHOP033,2025-01,573179,488505,84674,14.8,56,0.116,0.141,0.324,0.137,25,1
SHOP033,2025-02,511635,425457,86178,16.8,39,0.183,0.169,0.287,0.078,26,0
SHOP033,2025-03,432457,381738,50719,11.7,38,0.151,0.124,0.206,0.039,27,0
SHOP033,2025-04,520631,451292,69339,13.3,44,0.115,0.148,0.152,0.147,28,1
SHOP033,2025-05,507739,459666,48073,9.5,49,0.161,0.151,0.245,0.116,29,0
SHOP033,2025-06,608210,564061,44149,7.3,48,0.171,0.247,0.273,0.127,30,0
SHOP033,2025-07,650160,594920,55240,8.5,44,0.041,0.176,0.287,0.113,31,0
SHOP033,2025-08,481245,414275,66970,13.9,41,0.163,0.208,0.243,0.134,32,1
SHOP033,2025-09,506002,419468,86534,17.1,56,0.195,0.124,0.282,0.068,33,1
SHOP033,2025-10,598257,514483,83774,14.0,51,0.145,0.15,0.185,0.095,34,1
SHOP033,2025-11,706844,594173,112671,15.9,32,0.174,0.129,0.192,0.086,35,0
SHOP033,2025-12,597442,496421,101021,16.9,40,0.256,0.182,0.308,0.108,36,1
SHOP034,2023-01,235099,204672,30427,12.9,35,0.184,0.187,0.232,0.115,1,0
SHOP034,2023-02,357742,313626,44116,12.3,26,0.183,0.166,0.16,0.066,2,0
SHOP034,2023-03,298906,248474,50432,16.9,24,0.079,0.138,0.236,0.109,3,0
SHOP034,2023-04,499230,435755,63475,12.7,37,0.269,0.162,0.311,0.054,4,0
SHOP034,2023-05,366939,321701,45238,12.3,23,0.216,0.266,0.239,0.097,5,0
SHOP034,2023-06,333856,281427,52429,15.7,37,0.041,0.223,0.297,0.096,6,0
SHOP034,2023-07,425485,363541,61944,14.6,28,0.143,0.224,0.319,0.039,7,0
SHOP034,2023-08,402474,345492,56982,14.2,28,0.117,0.214,0.288,0.072,8,0
SHOP034,2023-09,318326,273243,45083,14.2,34,0.238,0.178,0.272,0.108,9,0
SHOP034,2023-10,278490,233076,45414,16.3,28,0.039,0.215,0.296,0.11,10,0
SHOP034,2023-11,323069,268863,54206,16.8,30,0.056,0.142,0.206,0.086,11,0
SHOP034,2023-12,357229,312526,44703,12.5,29,0.192,0.242,0.136,0.123,12,0
SHOP034,2024-01,405133,342360,62773,15.5,28,0.148,0.223,0.13,0.104,13,0
SHOP034,2024-02,319262,268870,50392,15.8,28,0.116,0.152,0.222,0.075,14,0
SHOP034,2024-03,478100,410709,67391,14.1,23,0.162,0.152,0.277,0.106,15,0
SHOP034,2024-04,315173,269397,45776,14.5,24,0.152,0.204,0.255,0.104,16,0
SHOP034,2024-05,396159,328729,67430,17.0,30,0.096,0.181,0.21,0.053,17,1
SHOP034,2024-06,315984,274337,41647,13.2,21,0.118,0.197,0.186,0.148,18,1
SHOP034,2024-07,411847,352006,59841,14.5,29,0.21,0.118,0.062,0.111,19,0
SHOP034,2024-08,366764,323341,43423,11.8,39,0.088,0.162,0.237,0.108,20,0
SHOP034,2024-09,250015,208049,41966,16.8,19,0.118,0.151,0.277,0.036,21,1
SHOP034,2024-10,319848,270209,49639,15.5,32,0.202,0.14,0.244,0.125,22,1
SHOP034,2024-11,504803,403448,101355,20.1,16,0.173,0.17,0.286,0.072,23,0
SHOP034,2024-12,353995,304686,49309,13.9,27,0.11,0.254,0.227,0.069,24,1
SHOP034,2025-01,388616,334454,54162,13.9,22,0.182,0.179,0.227,0.108,25,1
SHOP034,2025-02,362641,300670,61971,17.1,35,0.016,0.263,0.214,0.093,26,1
SHOP034,2025-03,265315,230326,34989,13.2,39,0.174,0.186,0.257,0.117,27,0
SHOP034,2025-04,253524,223359,30165,11.9,28,0.114,0.249,0.25,0.128,28,0
SHOP034,2025-05,375311,329711,45600,12.1,24,0.153,0.121,0.281,0.061,29,1
SHOP034,2025-06,336781,298263,38518,11.4,16,0.21,0.184,0.293,0.088,30,0
SHOP034,2025-07,374639,323594,51045,13.6,34,0.22,0.118,0.191,0.11,31,1
SHOP034,2025-08,292722,248563,44159,15.1,31,0.162,0.289,0.363,0.105,32,1
SHOP034,2025-09,344632,293176,51456,14.9,24,0.156,0.207,0.275,0.092,33,1
SHOP034,2025-10,408358,359717,48641,11.9,23,0.167,0.158,0.254,0.07,34,1
SHOP034,2025-11,295395,247198,48197,16.3,26,0.217,0.188,0.19,0.103,35,0
SHOP034,2025-12,483496,422303,61193,12.7,25,0.228,0.244,0.275,0.103,36,1
SHOP035,2023-01,316273,268171,48102,15.2,30,0.0,0.199,0.238,0.085,1,0
SHOP035,2023-02,484939,419057,65882,13.6,33,0.0,0.251,0.229,0.083,2,0
SHOP035,2023-03,392230,343653,48577,12.4,29,0.161,0.191,0.126,0.051,3,0
SHOP035,2023-04,347663,290517,57146,16.4,28,0.012,0.286,0.335,0.078,4,0
SHOP035,2023-05,179721,151617,28104,15.6,24,0.049,0.218,0.152,0.057,5,0
SHOP035,2023-06,229078,186609,42469,18.5,29,0.07,0.269,0.26,0.074,6,0
SHOP035,2023-07,404695,338894,65801,16.3,19,0.11,0.223,0.276,0.059,7,0
SHOP035,2023-08,348150,285893,62257,17.9,29,0.227,0.196,0.225,0.057,8,0
SHOP035,2023-09,429608,354947,74661,17.4,36,0.145,0.229,0.267,0.077,9,0
SHOP035,2023-10,425977,340589,85388,20.0,30,0.093,0.249,0.231,0.061,10,0
SHOP035,2023-11,401911,339622,62289,15.5,36,0.159,0.21,0.216,0.109,11,0
SHOP035,2023-12,258745,212827,45918,17.7,19,0.155,0.173,0.098,0.036,12,1
SHOP035,2024-01,342880,292755,50125,14.6,35,0.161,0.297,0.224,0.081,13,1
SHOP035,2024-02,388545,336262,52283,13.5,16,0.071,0.267,0.158,0.066,14,0
SHOP035,2024-03,411127,356153,54974,13.4,29,0.162,0.217,0.183,0.11,15,0
SHOP035,2024-04,469131,411900,57231,12.2,27,0.068,0.226,0.213,0.027,16,0
SHOP035,2024-05,314378,265161,49217,15.7,21,0.018,0.246,0.276,0.149,17,1
SHOP035,2024-06,318450,285725,32725,10.3,31,0.122,0.185,0.179,0.058,18,0
SHOP035,2024-07,397492,335016,62476,15.7,26,0.145,0.227,0.143,0.102,19,1
SHOP035,2024-08,379494,320984,58510,15.4,33,0.09,0.196,0.159,0.073,20,1
SHOP035,2024-09,388033,309923,78110,20.1,25,0.053,0.228,0.233,0.075,21,1
SHOP035,2024-10,362811,305761,57050,15.7,31,0.068,0.285,0.33,0.074,22,1
SHOP035,2024-11,449767,376414,73353,16.3,30,0.135,0.22,0.157,0.089,23,0
SHOP035,2024-12,377619,341440,36179,9.6,39,0.199,0.231,0.243,0.06,24,1
SHOP035,2025-01,377782,322830,54952,14.5,35,0.082,0.207,0.195,0.047,25,1
SHOP035,2025-02,397218,322760,74458,18.7,39,0.136,0.242,0.189,0.052,26,1
SHOP035,2025-03,398012,351136,46876,11.8,29,0.15,0.256,0.284,0.083,27,1
SHOP035,2025-04,372603,317354,55249,14.8,21,0.164,0.215,0.203,0.149,28,1
SHOP035,2025-05,531127,471608,59519,11.2,20,0.194,0.235,0.277,0.102,29,1
SHOP035,2025-06,349658,312530,37128,10.6,20,0.147,0.174,0.204,0.091,30,1
SHOP035,2025-07,420243,355677,64566,15.4,30,0.169,0.22,0.304,0.07,31,1
SHOP035,2025-08,401746,359594,42152,10.5,31,0.108,0.281,0.184,0.039,32,1
SHOP035,2025-09,452313,392913,59400,13.1,30,0.005,0.164,0.151,0.062,33,1
SHOP035,2025-10,428823,374851,53972,12.6,19,0.099,0.242,0.243,0.106,34,1
SHOP035,2025-11,397431,331859,65572,16.5,35,0.108,0.236,0.113,0.052,35,1
SHOP035,2025-12,390464,306880,83584,21.4,29,0.043,0.174,0.221,0.09,36,1
SHOP036,2023-01,672448,585419,87029,12.9,52,0.099,0.251,0.246,0.053,1,0
SHOP036,2023-02,601409,508511,92898,15.4,49,0.077,0.194,0.237,0.072,2,0
SHOP036,2023-03,486693,406632,80061,16.4,45,0.076,0.161,0.25,0.075,3,0
SHOP036,2023-04,461026,371138,89888,19.5,36,0.084,0.269,0.197,0.048,4,1
SHOP036,2023-05,532050,440389,91661,17.2,49,0.086,0.263,0.182,0.07,5,1
SHOP036,2023-06,475707,407231,68476,14.4,44,0.127,0.235,0.188,0.095,6,0
SHOP036,2023-07,660673,551013,109660,16.6,40,0.131,0.259,0.084,0.109,7,1
SHOP036,2023-08,453033,378950,74083,16.4,41,0.123,0.223,0.219,0.088,8,0
SHOP036,2023-09,583150,478167,104983,18.0,42,0.07,0.222,0.166,0.058,9,1
SHOP036,2023-10,610052,525117,84935,13.9,41,0.099,0.275,0.147,0.062,10,0
SHOP036,2023-11,471615,406181,65434,13.9,35,0.141,0.234,0.215,0.056,11,0
SHOP036,2023-12,658337,550559,107778,16.4,41,0.083,0.267,0.192,0.057,12,1
SHOP036,2024-01,531461,469978,61483,11.6,31,0.123,0.192,0.089,0.032,13,1
SHOP036,2024-02,545604,441742,103862,19.0,43,0.124,0.236,0.101,0.088,14,1
SHOP036,2024-03,435958,348945,87013,20.0,54,0.066,0.268,0.192,0.122,15,1
SHOP036,2024-04,547851,441557,106294,19.4,52,0.151,0.172,0.196,0.053,16,1
SHOP036,2024-05,494866,420164,74702,15.1,35,0.067,0.279,0.246,0.029,17,1
SHOP036,2024-06,598655,516295,82360,13.8,41,0.129,0.307,0.282,0.089,18,1
SHOP036,2024-07,627097,535507,91590,14.6,42,0.183,0.322,0.324,0.076,19,1
SHOP036,2024-08,586128,505788,80340,13.7,50,0.042,0.338,0.238,0.086,20,1
SHOP036,2024-09,545734,460425,85309,15.6,47,0.179,0.248,0.21,0.061,21,1
SHOP036,2024-10,578369,491393,86976,15.0,38,0.203,0.208,0.152,0.094,22,1
SHOP036,2024-11,621334,504196,117138,18.9,37,0.222,0.347,0.222,0.129,23,1
SHOP036,2024-12,426330,339889,86441,20.3,42,0.082,0.263,0.172,0.08,24,1
SHOP036,2025-01,680736,577724,103012,15.1,33,0.108,0.24,0.147,0.12,25,1
SHOP036,2025-02,408777,327982,80795,19.8,56,0.139,0.305,0.126,0.069,26,1
SHOP036,2025-03,373187,328406,44781,12.0,46,0.095,0.295,0.243,0.068,27,1
SHOP036,2025-04,534725,427142,107583,20.1,47,0.115,0.244,0.195,0.078,28,1
SHOP036,2025-05,576346,475370,100976,17.5,55,0.095,0.226,0.308,0.061,29,1
SHOP036,2025-06,750347,653653,96694,12.9,40,0.107,0.257,0.196,0.073,30,1
SHOP036,2025-07,547495,475798,71697,13.1,50,0.151,0.277,0.156,0.035,31,1
SHOP036,2025-08,559947,480358,79589,14.2,48,0.054,0.321,0.219,0.051,32,1
SHOP036,2025-09,592432,526756,65676,11.1,43,0.136,0.286,0.13,0.088,33,1
SHOP036,2025-10,473543,386291,87252,18.4,47,0.111,0.249,0.212,0.043,34,1
SHOP036,2025-11,641611,538213,103398,16.1,41,0.066,0.263,0.191,0.064,35,1
SHOP036,2025-12,641481,536397,105084,16.4,49,0.128,0.266,0.049,0.144,36,1
SHOP037,2023-01,542463,442475,99988,18.4,40,0.065,0.205,0.193,0.098,1,0
SHOP037,2023-02,413940,347627,66313,16.0,44,0.185,0.206,0.242,0.135,2,0
SHOP037,2023-03,595694,504414,91280,15.3,38,0.091,0.167,0.126,0.067,3,0
SHOP037,2023-04,490082,427867,62215,12.7,39,0.122,0.167,0.209,0.143,4,0
SHOP037,2023-05,487679,429425,58254,11.9,33,0.084,0.155,0.34,0.065,5,0
SHOP037,2023-06,588121,468450,119671,20.3,46,0.166,0.219,0.214,0.086,6,0
SHOP037,2023-07,550964,489009,61955,11.2,29,0.131,0.19,0.286,0.037,7,0
SHOP037,2023-08,504965,422918,82047,16.2,46,0.066,0.246,0.268,0.085,8,0
SHOP037,2023-09,588293,482962,105331,17.9,41,0.131,0.208,0.208,0.097,9,0
SHOP037,2023-10,492483,418654,73829,15.0,41,0.075,0.202,0.243,0.137,10,0
SHOP037,2023-11,486594,409718,76876,15.8,44,0.088,0.221,0.186,0.12,11,0
SHOP037,2023-12,564395,472520,91875,16.3,34,0.077,0.182,0.23,0.119,12,0
SHOP037,2024-01,585046,505543,79503,13.6,30,0.123,0.21,0.26,0.107,13,0
SHOP037,2024-02,367557,303482,64075,17.4,38,0.181,0.191,0.273,0.06,14,0
SHOP037,2024-03,360162,309089,51073,14.2,32,0.08,0.245,0.228,0.081,15,1
SHOP037,2024-04,506327,443866,62461,12.3,48,0.109,0.159,0.303,0.078,16,0
SHOP037,2024-05,416148,361055,55093,13.2,42,0.13,0.234,0.377,0.145,17,0
SHOP037,2024-06,626549,505136,121413,19.4,44,0.065,0.187,0.259,0.154,18,0
SHOP037,2024-07,300249,249196,51053,17.0,50,0.076,0.17,0.15,0.108,19,1
SHOP037,2024-08,572449,503845,68604,12.0,39,0.077,0.214,0.134,0.066,20,0
SHOP037,2024-09,536487,425698,110789,20.7,38,0.179,0.266,0.186,0.085,21,1
SHOP037,2024-10,396465,349264,47201,11.9,40,0.187,0.23,0.339,0.139,22,0
SHOP037,2024-11,437953,388847,49106,11.2,45,0.18,0.248,0.322,0.077,23,0
SHOP037,2024-12,498097,436769,61328,12.3,41,0.159,0.207,0.239,0.026,24,1
SHOP037,2025-01,576092,516478,59614,10.3,32,0.035,0.262,0.235,0.08,25,1
SHOP037,2025-02,396595,349953,46642,11.8,27,0.158,0.112,0.335,0.128,26,0
SHOP037,2025-03,508489,424022,84467,16.6,35,0.0,0.26,0.321,0.074,27,1
SHOP037,2025-04,522505,422555,99950,19.1,35,0.076,0.134,0.221,0.093,28,1
SHOP037,2025-05,434043,366492,67551,15.6,33,0.078,0.278,0.284,0.096,29,1
SHOP037,2025-06,411280,371501,39779,9.7,39,0.086,0.255,0.212,0.12,30,1
SHOP037,2025-07,391941,341556,50385,12.9,46,0.137,0.159,0.19,0.058,31,0
SHOP037,2025-08,533516,478227,55289,10.4,31,0.116,0.286,0.187,0.103,32,1
SHOP037,2025-09,603535,492665,110870,18.4,45,0.097,0.118,0.157,0.045,33,1
SHOP037,2025-10,472682,418846,53836,11.4,31,0.156,0.182,0.199,0.097,34,0
SHOP037,2025-11,583163,471597,111566,19.1,35,0.037,0.222,0.14,0.072,35,1
SHOP037,2025-12,339944,278009,61935,18.2,42,0.133,0.279,0.179,0.024,36,1
SHOP038,2023-01,1030886,937891,92995,9.0,68,0.147,0.166,0.149,0.061,1,0
SHOP038,2023-02,793510,649335,144175,18.2,60,0.226,0.058,0.223,0.068,2,0
SHOP038,2023-03,561507,487281,74226,13.2,70,0.217,0.223,0.157,0.111,3,0
SHOP038,2023-04,1141848,979547,162301,14.2,61,0.219,0.161,0.298,0.127,4,0
SHOP038,2023-05,874642,794498,80144,9.2,79,0.201,0.1,0.289,0.063,5,0
SHOP038,2023-06,679271,596628,82643,12.2,62,0.159,0.03,0.191,0.113,6,0
SHOP038,2023-07,1095128,921251,173877,15.9,58,0.161,0.176,0.357,0.114,7,0
SHOP038,2023-08,671361,605666,65695,9.8,66,0.155,0.152,0.253,0.126,8,0
SHOP038,2023-09,981213,876461,104752,10.7,70,0.139,0.139,0.189,0.078,9,0
SHOP038,2023-10,637019,545646,91373,14.3,71,0.19,0.201,0.334,0.107,10,0
SHOP038,2023-11,706040,621924,84116,11.9,63,0.175,0.168,0.221,0.081,11,0
SHOP038,2023-12,818868,706161,112707,13.8,79,0.146,0.044,0.304,0.088,12,0
SHOP038,2024-01,1023177,905238,117939,11.5,73,0.148,0.082,0.347,0.088,13,0
SHOP038,2024-02,1163919,1015337,148582,12.8,63,0.154,0.13,0.158,0.116,14,0
SHOP038,2024-03,1056896,919110,137786,13.0,71,0.269,0.174,0.31,0.081,15,0
SHOP038,2024-04,1095563,963709,131854,12.0,67,0.042,0.2,0.33,0.067,16,0
SHOP038,2024-05,994030,900629,93401,9.4,68,0.113,0.13,0.231,0.085,17,0
SHOP038,2024-06,931403,844886,86517,9.3,64,0.126,0.122,0.308,0.108,18,0
SHOP038,2024-07,709286,618070,91216,12.9,71,0.162,0.157,0.182,0.113,19,0
SHOP038,2024-08,795366,674106,121260,15.2,63,0.245,0.215,0.277,0.153,20,0
SHOP038,2024-09,734396,659544,74852,10.2,61,0.122,0.148,0.279,0.093,21,0
SHOP038,2024-10,942980,855896,87084,9.2,69,0.08,0.132,0.239,0.201,22,0
SHOP038,2024-11,817013,732939,84074,10.3,68,0.19,0.263,0.287,0.086,23,1
SHOP038,2024-12,729324,654351,74973,10.3,65,0.128,0.133,0.119,0.072,24,1
SHOP038,2025-01,711034,648480,62554,8.8,69,0.136,0.088,0.144,0.104,25,0
SHOP038,2025-02,934235,806102,128133,13.7,68,0.192,0.142,0.291,0.086,26,0
SHOP038,2025-03,1135226,982552,152674,13.4,75,0.129,0.127,0.19,0.126,27,0
SHOP038,2025-04,799288,705749,93539,11.7,71,0.079,0.094,0.292,0.083,28,0
SHOP038,2025-05,1083747,973318,110429,10.2,64,0.224,0.133,0.262,0.141,29,0
SHOP038,2025-06,976319,866649,109670,11.2,67,0.075,0.219,0.219,0.126,30,0
SHOP038,2025-07,884930,813446,71484,8.1,66,0.209,0.105,0.263,0.175,31,0
SHOP038,2025-08,660664,549643,111021,16.8,66,0.165,0.165,0.173,0.091,32,0
SHOP038,2025-09,765491,722745,42746,5.6,60,0.098,0.261,0.281,0.128,33,1
SHOP038,2025-10,789073,701357,87716,11.1,68,0.162,0.148,0.299,0.071,34,0
SHOP038,2025-11,1232129,1139032,93097,7.6,66,0.222,0.215,0.246,0.098,35,0
SHOP038,2025-12,956697,827221,129476,13.5,64,0.191,0.171,0.207,0.121,36,0
SHOP039,2023-01,148400,116970,31430,21.2,17,0.074,0.343,0.063,0.043,1,1
SHOP039,2023-02,333345,279947,53398,16.0,25,0.054,0.301,0.16,0.002,2,0
SHOP039,2023-03,347299,269500,77799,22.4,27,0.057,0.289,0.114,0.028,3,1
SHOP039,2023-04,215597,180301,35296,16.4,26,0.08,0.331,0.166,0.011,4,1
SHOP039,2023-05,308391,252382,56009,18.2,13,0.003,0.365,0.127,0.032,5,1
SHOP039,2023-06,337968,262178,75790,22.4,17,0.108,0.292,0.149,0.056,6,1
SHOP039,2023-07,288708,242558,46150,16.0,23,0.06,0.265,0.102,0.034,7,1
SHOP039,2023-08,242995,196445,46550,19.2,28,0.146,0.212,0.132,0.005,8,1
SHOP039,2023-09,302231,242357,59874,19.8,12,0.0,0.379,0.123,0.044,9,1
SHOP039,2023-10,195191,167567,27624,14.2,29,0.191,0.308,0.277,0.093,10,0
SHOP039,2023-11,360496,291766,68730,19.1,15,0.044,0.425,0.192,0.075,11,1
SHOP039,2023-12,310257,252633,57624,18.6,23,0.0,0.329,0.137,0.04,12,1
SHOP039,2024-01,345164,297898,47266,13.7,27,0.037,0.348,0.199,0.097,13,1
SHOP039,2024-02,322388,265242,57146,17.7,22,0.144,0.369,0.088,0.041,14,1
SHOP039,2024-03,202378,166646,35732,17.7,19,0.11,0.391,0.169,0.055,15,1
SHOP039,2024-04,209560,166756,42804,20.4,19,0.128,0.39,0.091,0.02,16,1
SHOP039,2024-05,301047,244724,56323,18.7,19,0.12,0.319,0.13,0.101,17,1
SHOP039,2024-06,242660,193383,49277,20.3,35,0.043,0.356,0.127,0.048,18,1
SHOP039,2024-07,325844,268130,57714,17.7,28,0.057,0.361,0.192,0.062,19,1
SHOP039,2024-08,282670,219841,62829,22.2,16,0.106,0.379,0.084,0.065,20,1
SHOP039,2024-09,365370,288765,76605,21.0,29,0.151,0.288,0.136,0.029,21,1
SHOP039,2024-10,249427,205334,44093,17.7,16,0.049,0.289,0.251,0.016,22,1
SHOP039,2024-11,336129,281769,54360,16.2,18,0.111,0.392,0.165,0.105,23,1
SHOP039,2024-12,321989,275250,46739,14.5,27,0.105,0.302,0.23,0.011,24,1
SHOP039,2025-01,306582,264535,42047,13.7,22,0.0,0.343,0.067,0.084,25,1
SHOP039,2025-02,330950,250022,80928,24.5,19,0.052,0.286,0.144,0.014,26,1
SHOP039,2025-03,354939,300060,54879,15.5,15,0.142,0.375,0.122,0.047,27,1
SHOP039,2025-04,250625,201805,48820,19.5,28,0.051,0.321,0.177,0.064,28,1
SHOP039,2025-05,307122,263895,43227,14.1,13,0.054,0.228,0.195,0.049,29,1
SHOP039,2025-06,297439,228496,68943,23.2,14,0.047,0.339,0.065,0.121,30,1
SHOP039,2025-07,271747,227140,44607,16.4,27,0.136,0.42,0.2,0.051,31,1
SHOP039,2025-08,258740,218943,39797,15.4,18,0.052,0.305,0.152,0.026,32,1
SHOP039,2025-09,355856,279401,76455,21.5,19,0.1,0.329,0.064,0.011,33,1
SHOP039,2025-10,297734,247203,50531,17.0,20,0.0,0.356,0.106,0.063,34,1
SHOP039,2025-11,311635,257981,53654,17.2,17,0.086,0.324,0.142,0.009,35,1
SHOP039,2025-12,262357,229458,32899,12.5,16,0.112,0.32,0.123,0.022,36,1
SHOP040,2023-01,767343,666721,100622,13.1,59,0.156,0.21,0.312,0.122,1,0
SHOP040,2023-02,499384,451812,47572,9.5,58,0.168,0.211,0.201,0.125,2,0
SHOP040,2023-03,754571,668202,86369,11.4,52,0.197,0.149,0.205,0.12,3,0
SHOP040,2023-04,653892,572610,81282,12.4,60,0.067,0.148,0.147,0.104,4,0
SHOP040,2023-05,566908,508992,57916,10.2,64,0.1,0.243,0.292,0.075,5,0
SHOP040,2023-06,597751,550582,47169,7.9,61,0.108,0.105,0.2,0.079,6,0
SHOP040,2023-07,1029352,913367,115985,11.3,54,0.093,0.129,0.186,0.13,7,0
SHOP040,2023-08,653397,559587,93810,14.4,52,0.086,0.166,0.327,0.122,8,0
SHOP040,2023-09,762730,673913,88817,11.6,55,0.244,0.133,0.288,0.083,9,0
SHOP040,2023-10,829415,717347,112068,13.5,51,0.229,0.127,0.325,0.081,10,0
SHOP040,2023-11,883856,778499,105357,11.9,54,0.205,0.256,0.341,0.103,11,0
SHOP040,2023-12,805208,712114,93094,11.6,53,0.087,0.196,0.358,0.113,12,0
SHOP040,2024-01,712256,611698,100558,14.1,61,0.234,0.086,0.265,0.085,13,0
SHOP040,2024-02,632908,525489,107419,17.0,65,0.129,0.149,0.313,0.12,14,0
SHOP040,2024-03,722553,614831,107722,14.9,50,0.112,0.117,0.188,0.077,15,0
SHOP040,2024-04,693289,586685,106604,15.4,52,0.091,0.16,0.219,0.07,16,0
SHOP040,2024-05,850164,741618,108546,12.8,50,0.075,0.224,0.251,0.093,17,0
SHOP040,2024-06,1013960,876005,137955,13.6,53,0.14,0.271,0.319,0.087,18,0
SHOP040,2024-07,741400,661403,79997,10.8,49,0.175,0.129,0.308,0.059,19,0
SHOP040,2024-08,628834,544453,84381,13.4,59,0.174,0.177,0.319,0.117,20,0
SHOP040,2024-09,949228,828051,121177,12.8,76,0.191,0.207,0.211,0.113,21,0
SHOP040,2024-10,886642,827332,59310,6.7,51,0.132,0.149,0.279,0.101,22,0
SHOP040,2024-11,750851,670205,80646,10.7,61,0.133,0.177,0.246,0.139,23,0
SHOP040,2024-12,656089,545086,111003,16.9,66,0.202,0.178,0.237,0.109,24,1
SHOP040,2025-01,679334,574758,104576,15.4,70,0.145,0.136,0.229,0.12,25,0
SHOP040,2025-02,695843,604559,91284,13.1,57,0.124,0.105,0.322,0.067,26,0
SHOP040,2025-03,735647,625064,110583,15.0,52,0.091,0.105,0.264,0.093,27,1
SHOP040,2025-04,797860,734659,63201,7.9,58,0.157,0.196,0.29,0.075,28,0
SHOP040,2025-05,834290,746550,87740,10.5,61,0.14,0.152,0.239,0.073,29,1
SHOP040,2025-06,949217,830732,118485,12.5,49,0.163,0.172,0.27,0.064,30,1
SHOP040,2025-07,1118522,999380,119142,10.7,60,0.191,0.184,0.327,0.065,31,1
SHOP040,2025-08,1069675,967862,101813,9.5,55,0.148,0.156,0.367,0.122,32,0
SHOP040,2025-09,750264,683991,66273,8.8,63,0.121,0.215,0.124,0.143,33,1
SHOP040,2025-10,502654,429555,73099,14.5,59,0.102,0.094,0.201,0.106,34,1
SHOP040,2025-11,924574,765940,158634,17.2,57,0.181,0.183,0.254,0.174,35,0
SHOP040,2025-12,831614,726242,105372,12.7,57,0.149,0.106,0.201,0.093,36,0
SHOP041,2023-01,727268,645976,81292,11.2,47,0.083,0.174,0.259,0.081,1,0
SHOP041,2023-02,745534,656113,89421,12.0,50,0.193,0.08,0.253,0.142,2,0
SHOP041,2023-03,645042,559109,85933,13.3,58,0.102,0.084,0.312,0.116,3,0
SHOP041,2023-04,702897,620253,82644,11.8,49,0.047,0.088,0.288,0.151,4,0
SHOP041,2023-05,548643,471368,77275,14.1,55,0.136,0.099,0.31,0.081,5,0
SHOP041,2023-06,592789,532325,60464,10.2,48,0.147,0.152,0.366,0.12,6,0
SHOP041,2023-07,650292,572702,77590,11.9,58,0.2,0.184,0.24,0.125,7,0
SHOP041,2023-08,605497,503855,101642,16.8,55,0.227,0.115,0.311,0.124,8,0
SHOP041,2023-09,648523,573500,75023,11.6,57,0.309,0.302,0.177,0.168,9,0
SHOP041,2023-10,787046,658217,128829,16.4,43,0.159,0.181,0.343,0.074,10,0
SHOP041,2023-11,859835,763884,95951,11.2,65,0.174,0.135,0.258,0.098,11,0
SHOP041,2023-12,600941,550820,50121,8.3,56,0.169,0.261,0.135,0.017,12,0
SHOP041,2024-01,663148,580669,82479,12.4,49,0.152,0.141,0.234,0.104,13,0
SHOP041,2024-02,754920,646676,108244,14.3,55,0.202,0.214,0.278,0.157,14,0
SHOP041,2024-03,421169,355355,65814,15.6,46,0.175,0.151,0.164,0.093,15,0
SHOP041,2024-04,709340,624286,85054,12.0,56,0.145,0.149,0.383,0.072,16,0
SHOP041,2024-05,637128,537040,100088,15.7,54,0.102,0.154,0.19,0.145,17,0
SHOP041,2024-06,664749,561946,102803,15.5,48,0.088,0.185,0.128,0.139,18,0
SHOP041,2024-07,836200,734321,101879,12.2,48,0.181,0.132,0.233,0.131,19,0
SHOP041,2024-08,745052,660703,84349,11.3,43,0.077,0.147,0.358,0.08,20,0
SHOP041,2024-09,615710,550627,65083,10.6,50,0.258,0.164,0.192,0.119,21,1
SHOP041,2024-10,721719,640130,81589,11.3,64,0.128,0.152,0.216,0.124,22,0
SHOP041,2024-11,673128,579026,94102,14.0,48,0.152,0.209,0.319,0.105,23,1
SHOP041,2024-12,593901,532300,61601,10.4,53,0.141,0.167,0.226,0.094,24,1
SHOP041,2025-01,590679,533991,56688,9.6,49,0.085,0.144,0.269,0.119,25,0
SHOP041,2025-02,523929,444295,79634,15.2,49,0.186,0.196,0.316,0.104,26,0
SHOP041,2025-03,680582,602634,77948,11.5,53,0.096,0.126,0.18,0.117,27,1
SHOP041,2025-04,683968,604899,79069,11.6,44,0.19,0.172,0.132,0.101,28,0
SHOP041,2025-05,545288,459375,85913,15.8,54,0.239,0.136,0.292,0.126,29,1
SHOP041,2025-06,654981,585482,69499,10.6,58,0.085,0.113,0.254,0.042,30,0
SHOP041,2025-07,510453,456859,53594,10.5,49,0.129,0.136,0.238,0.154,31,0
SHOP041,2025-08,553916,459815,94101,17.0,52,0.143,0.168,0.186,0.075,32,0
SHOP041,2025-09,726511,632400,94111,13.0,54,0.0,0.167,0.314,0.074,33,1
SHOP041,2025-10,664588,585358,79230,11.9,51,0.232,0.175,0.343,0.073,34,0
SHOP041,2025-11,742232,630154,112078,15.1,56,0.197,0.142,0.239,0.092,35,1
SHOP041,2025-12,587979,507741,80238,13.6,50,0.136,0.127,0.264,0.131,36,0
SHOP042,2023-01,760030,669645,90385,11.9,71,0.141,0.18,0.227,0.09,1,0
SHOP042,2023-02,780658,644453,136205,17.4,62,0.127,0.232,0.226,0.079,2,0
SHOP042,2023-03,935828,894543,41285,4.4,64,0.114,0.25,0.299,0.114,3,0
SHOP042,2023-04,760561,663178,97383,12.8,80,0.18,0.235,0.145,0.128,4,0
SHOP042,2023-05,898737,755382,143355,16.0,86,0.14,0.222,0.25,0.117,5,0
SHOP042,2023-06,867356,773107,94249,10.9,70,0.163,0.126,0.164,0.077,6,0
SHOP042,2023-07,922563,828928,93635,10.1,68,0.195,0.188,0.235,0.068,7,0
SHOP042,2023-08,855958,780083,75875,8.9,61,0.175,0.181,0.345,0.126,8,0
SHOP042,2023-09,968573,832164,136409,14.1,62,0.151,0.171,0.281,0.132,9,0
SHOP042,2023-10,708491,644847,63644,9.0,71,0.097,0.223,0.33,0.142,10,0
SHOP042,2023-11,884653,756923,127730,14.4,70,0.119,0.173,0.193,0.082,11,0
SHOP042,2023-12,970461,807104,163357,16.8,82,0.179,0.208,0.201,0.124,12,0
SHOP042,2024-01,550853,509630,41223,7.5,78,0.201,0.218,0.248,0.09,13,0
SHOP042,2024-02,1003712,879676,124036,12.4,68,0.183,0.241,0.287,0.128,14,0
SHOP042,2024-03,1003309,813232,190077,18.9,59,0.156,0.196,0.21,0.108,15,0
SHOP042,2024-04,1109601,984912,124689,11.2,63,0.129,0.214,0.199,0.105,16,0
SHOP042,2024-05,1083277,982326,100951,9.3,77,0.048,0.096,0.282,0.081,17,0
SHOP042,2024-06,943251,881665,61586,6.5,69,0.255,0.213,0.223,0.079,18,0
SHOP042,2024-07,564388,512354,52034,9.2,73,0.115,0.117,0.327,0.028,19,0
SHOP042,2024-08,849302,756010,93292,11.0,63,0.152,0.2,0.172,0.133,20,0
SHOP042,2024-09,862799,727899,134900,15.6,64,0.161,0.159,0.333,0.061,21,1
SHOP042,2024-10,1089139,961655,127484,11.7,62,0.147,0.15,0.261,0.093,22,0
SHOP042,2024-11,875887,780676,95211,10.9,71,0.117,0.156,0.235,0.145,23,0
SHOP042,2024-12,958519,868877,89642,9.4,78,0.095,0.187,0.19,0.066,24,1
SHOP042,2025-01,1040140,938762,101378,9.7,66,0.056,0.133,0.168,0.07,25,1
SHOP042,2025-02,1241794,1115757,126037,10.1,71,0.129,0.098,0.332,0.123,26,0
SHOP042,2025-03,867256,746494,120762,13.9,76,0.029,0.177,0.276,0.065,27,0
SHOP042,2025-04,976446,823620,152826,15.7,66,0.175,0.116,0.263,0.113,28,0
SHOP042,2025-05,905972,768749,137223,15.1,69,0.214,0.248,0.27,0.042,29,1
SHOP042,2025-06,1115793,945463,170330,15.3,58,0.08,0.108,0.253,0.064,30,0
SHOP042,2025-07,1105971,948424,157547,14.2,75,0.085,0.167,0.21,0.07,31,1
SHOP042,2025-08,1063905,937524,126381,11.9,66,0.206,0.105,0.132,0.074,32,1
SHOP042,2025-09,717106,621786,95320,13.3,64,0.157,0.195,0.212,0.082,33,1
SHOP042,2025-10,766043,654442,111601,14.6,74,0.155,0.17,0.251,0.099,34,1
SHOP042,2025-11,592086,492365,99721,16.8,64,0.161,0.221,0.31,0.082,35,1
SHOP042,2025-12,1179670,1043992,135678,11.5,62,0.059,0.222,0.299,0.091,36,1
SHOP043,2023-01,244384,196834,47550,19.5,20,0.136,0.289,0.26,0.099,1,0
SHOP043,2023-02,243519,209354,34165,14.0,8,0.049,0.255,0.274,0.082,2,0
SHOP043,2023-03,175808,151219,24589,14.0,20,0.194,0.158,0.175,0.078,3,0
SHOP043,2023-04,322772,269742,53030,16.4,22,0.102,0.15,0.214,0.06,4,0
SHOP043,2023-05,234384,199151,35233,15.0,9,0.117,0.142,0.187,0.1,5,0
SHOP043,2023-06,336036,296053,39983,11.9,22,0.101,0.154,0.301,0.087,6,0
SHOP043,2023-07,279451,230367,49084,17.6,28,0.127,0.149,0.24,0.159,7,0
SHOP043,2023-08,285975,246674,39301,13.7,21,0.093,0.196,0.196,0.077,8,0
SHOP043,2023-09,248962,209655,39307,15.8,21,0.153,0.261,0.169,0.099,9,1
SHOP043,2023-10,248357,200597,47760,19.2,15,0.112,0.233,0.213,0.082,10,0
SHOP043,2023-11,253987,206568,47419,18.7,26,0.113,0.171,0.095,0.046,11,0
SHOP043,2023-12,324451,268088,56363,17.4,29,0.15,0.166,0.216,0.049,12,0
SHOP043,2024-01,290719,250980,39739,13.7,8,0.138,0.302,0.228,0.126,13,0
SHOP043,2024-02,216410,182454,33956,15.7,36,0.062,0.313,0.219,0.092,14,0
SHOP043,2024-03,262132,218435,43697,16.7,14,0.091,0.248,0.126,0.091,15,1
SHOP043,2024-04,223532,182235,41297,18.5,8,0.086,0.249,0.145,0.096,16,0
SHOP043,2024-05,235659,193250,42409,18.0,21,0.159,0.303,0.22,0.045,17,1
SHOP043,2024-06,245117,205169,39948,16.3,18,0.153,0.186,0.309,0.052,18,0
SHOP043,2024-07,268478,235554,32924,12.3,24,0.19,0.226,0.178,0.05,19,1
SHOP043,2024-08,245010,205898,39112,16.0,30,0.215,0.227,0.124,0.096,20,1
SHOP043,2024-09,240558,200271,40287,16.7,18,0.105,0.273,0.232,0.086,21,1
SHOP043,2024-10,284623,246456,38167,13.4,20,0.14,0.198,0.287,0.083,22,1
SHOP043,2024-11,245625,211562,34063,13.9,20,0.159,0.303,0.248,0.022,23,1
SHOP043,2024-12,236449,199411,37038,15.7,8,0.106,0.284,0.263,0.104,24,1
SHOP043,2025-01,268079,226553,41526,15.5,22,0.057,0.194,0.275,0.052,25,1
SHOP043,2025-02,261756,210004,51752,19.8,18,0.07,0.21,0.24,0.032,26,1
SHOP043,2025-03,293372,241361,52011,17.7,14,0.102,0.257,0.285,0.089,27,1
SHOP043,2025-04,387741,336559,51182,13.2,22,0.085,0.257,0.197,0.055,28,1
SHOP043,2025-05,289138,235449,53689,18.6,28,0.119,0.187,0.271,0.08,29,1
SHOP043,2025-06,295023,249097,45926,15.6,19,0.104,0.105,0.196,0.07,30,1
SHOP043,2025-07,258229,225988,32241,12.5,26,0.157,0.173,0.263,0.09,31,1
SHOP043,2025-08,344836,286802,58034,16.8,19,0.119,0.331,0.222,0.086,32,1
SHOP043,2025-09,336932,272375,64557,19.2,12,0.175,0.155,0.254,0.035,33,1
SHOP043,2025-10,287912,227355,60557,21.0,15,0.203,0.152,0.11,0.132,34,1
SHOP043,2025-11,302142,245611,56531,18.7,30,0.157,0.164,0.213,0.082,35,1
SHOP043,2025-12,337273,274229,63044,18.7,14,0.119,0.214,0.288,0.132,36,0
SHOP044,2023-01,318730,288983,29747,9.3,27,0.095,0.235,0.166,0.12,1,0
SHOP044,2023-02,215684,198349,17335,8.0,26,0.133,0.222,0.272,0.135,2,0
SHOP044,2023-03,364553,297693,66860,18.3,29,0.118,0.273,0.295,0.0,3,0
SHOP044,2023-04,343561,282082,61479,17.9,17,0.135,0.224,0.216,0.092,4,0
SHOP044,2023-05,281248,232067,49181,17.5,23,0.185,0.218,0.275,0.056,5,0
SHOP044,2023-06,277019,252467,24552,8.9,28,0.03,0.276,0.224,0.09,6,0
SHOP044,2023-07,258534,229585,28949,11.2,26,0.111,0.308,0.143,0.047,7,0
SHOP044,2023-08,408608,348763,59845,14.6,32,0.129,0.276,0.117,0.045,8,0
SHOP044,2023-09,308331,269038,39293,12.7,20,0.226,0.215,0.251,0.119,9,0
SHOP044,2023-10,362040,337115,24925,6.9,34,0.079,0.142,0.269,0.101,10,0
SHOP044,2023-11,238046,217638,20408,8.6,27,0.082,0.201,0.115,0.048,11,0
SHOP044,2023-12,339327,290736,48591,14.3,27,0.046,0.234,0.288,0.081,12,0
SHOP044,2024-01,365124,333170,31954,8.8,24,0.129,0.155,0.194,0.044,13,0
SHOP044,2024-02,430777,380069,50708,11.8,29,0.08,0.236,0.301,0.077,14,0
SHOP044,2024-03,323582,276860,46722,14.4,34,0.167,0.212,0.228,0.075,15,1
SHOP044,2024-04,282126,241334,40792,14.5,28,0.177,0.192,0.23,0.143,16,0
SHOP044,2024-05,308573,273052,35521,11.5,18,0.12,0.21,0.244,0.079,17,0
SHOP044,2024-06,379231,326269,52962,14.0,29,0.128,0.19,0.328,0.084,18,0
SHOP044,2024-07,383901,341795,42106,11.0,29,0.154,0.23,0.209,0.079,19,1
SHOP044,2024-08,426435,367687,58748,13.8,24,0.21,0.143,0.241,0.126,20,0
SHOP044,2024-09,399965,347401,52564,13.1,22,0.18,0.083,0.223,0.098,21,0
SHOP044,2024-10,325184,278437,46747,14.4,29,0.132,0.203,0.042,0.076,22,1
SHOP044,2024-11,388780,322621,66159,17.0,26,0.236,0.195,0.462,0.108,23,0
SHOP044,2024-12,336258,276842,59416,17.7,19,0.223,0.227,0.182,0.111,24,0
SHOP044,2025-01,438477,385044,53433,12.2,32,0.207,0.161,0.245,0.054,25,1
SHOP044,2025-02,341580,297301,44279,13.0,20,0.077,0.129,0.307,0.072,26,1
SHOP044,2025-03,325737,276995,48742,15.0,25,0.076,0.221,0.125,0.092,27,1
SHOP044,2025-04,274271,235077,39194,14.3,33,0.328,0.255,0.12,0.045,28,1
SHOP044,2025-05,332002,282053,49949,15.0,35,0.131,0.237,0.165,0.108,29,1
SHOP044,2025-06,284262,250939,33323,11.7,27,0.222,0.125,0.206,0.048,30,1
SHOP044,2025-07,407585,362540,45045,11.1,13,0.087,0.269,0.241,0.095,31,1
SHOP044,2025-08,172151,148510,23641,13.7,33,0.147,0.227,0.222,0.118,32,1
SHOP044,2025-09,383043,311667,71376,18.6,31,0.236,0.125,0.277,0.13,33,0
SHOP044,2025-10,356405,306322,50083,14.1,28,0.141,0.199,0.154,0.083,34,1
SHOP044,2025-11,408505,349728,58777,14.4,18,0.15,0.169,0.227,0.09,35,1
SHOP044,2025-12,287361,231455,55906,19.5,27,0.206,0.202,0.258,0.092,36,0
SHOP045,2023-01,630793,521098,109695,17.4,34,0.042,0.315,0.239,0.059,1,0
SHOP045,2023-02,687343,555761,131582,19.1,37,0.205,0.25,0.103,0.075,2,0
SHOP045,2023-03,563165,450879,112286,19.9,48,0.12,0.29,0.122,0.039,3,1
SHOP045,2023-04,559737,463029,96708,17.3,53,0.061,0.336,0.134,0.087,4,1
SHOP045,2023-05,547009,445098,101911,18.6,43,0.034,0.215,0.249,0.069,5,1
SHOP045,2023-06,608013,526722,81291,13.4,43,0.086,0.264,0.226,0.04,6,1
SHOP045,2023-07,500989,417005,83984,16.8,36,0.142,0.308,0.198,0.054,7,1
SHOP045,2023-08,694473,600413,94060,13.5,48,0.087,0.316,0.182,0.063,8,1
SHOP045,2023-09,497056,417325,79731,16.0,51,0.136,0.245,0.125,0.129,9,0
SHOP045,2023-10,578005,462675,115330,20.0,49,0.156,0.33,0.114,0.043,10,1
SHOP045,2023-11,488319,394794,93525,19.2,48,0.109,0.241,0.129,0.067,11,1
SHOP045,2023-12,495971,438881,57090,11.5,46,0.05,0.223,0.159,0.028,12,0
SHOP045,2024-01,591990,464250,127740,21.6,41,0.081,0.237,0.18,0.119,13,1
SHOP045,2024-02,691988,571195,120793,17.5,39,0.019,0.253,0.233,0.019,14,1
SHOP045,2024-03,515806,446213,69593,13.5,45,0.085,0.343,0.062,0.093,15,1
SHOP045,2024-04,630483,522070,108413,17.2,40,0.0,0.285,0.205,0.125,16,1
SHOP045,2024-05,651618,560589,91029,14.0,43,0.072,0.252,0.124,0.049,17,1
SHOP045,2024-06,482629,389898,92731,19.2,46,0.088,0.236,0.131,0.084,18,1
SHOP045,2024-07,665767,531897,133870,20.1,41,0.07,0.313,0.191,0.133,19,0
SHOP045,2024-08,580264,476957,103307,17.8,42,0.0,0.278,0.205,0.067,20,1
SHOP045,2024-09,522755,421087,101668,19.4,37,0.142,0.288,0.12,0.055,21,1
SHOP045,2024-10,661146,549710,111436,16.9,39,0.129,0.197,0.307,0.072,22,1
SHOP045,2024-11,442068,364673,77395,17.5,41,0.047,0.357,0.213,0.074,23,1
SHOP045,2024-12,481966,377943,104023,21.6,47,0.025,0.297,0.14,0.061,24,1
SHOP045,2025-01,646470,530100,116370,18.0,49,0.052,0.241,0.132,0.072,25,1
SHOP045,2025-02,654692,538579,116113,17.7,45,0.046,0.245,0.246,0.072,26,1
SHOP045,2025-03,610242,498897,111345,18.2,44,0.063,0.288,0.132,0.041,27,1
SHOP045,2025-04,638797,533998,104799,16.4,52,0.137,0.237,0.112,0.117,28,1
SHOP045,2025-05,716930,579509,137421,19.2,36,0.113,0.305,0.259,0.091,29,1
SHOP045,2025-06,395144,330159,64985,16.4,44,0.079,0.324,0.218,0.05,30,1
SHOP045,2025-07,570463,479835,90628,15.9,44,0.079,0.361,0.172,0.067,31,1
SHOP045,2025-08,558840,440670,118170,21.1,45,0.162,0.304,0.074,0.097,32,1
SHOP045,2025-09,347999,280362,67637,19.4,53,0.111,0.136,0.202,0.139,33,1
SHOP045,2025-10,546764,461049,85715,15.7,47,0.172,0.323,0.129,0.021,34,1
SHOP045,2025-11,764262,607647,156615,20.5,47,0.1,0.319,0.19,0.032,35,1
SHOP045,2025-12,514073,429970,84103,16.4,50,0.112,0.279,0.242,0.086,36,1
SHOP046,2023-01,707209,597564,109645,15.5,52,0.204,0.163,0.137,0.08,1,0
SHOP046,2023-02,626166,546762,79404,12.7,65,0.104,0.195,0.206,0.129,2,0
SHOP046,2023-03,658295,571900,86395,13.1,49,0.149,0.164,0.224,0.07,3,0
SHOP046,2023-04,736369,657156,79213,10.8,45,0.206,0.207,0.158,0.049,4,0
SHOP046,2023-05,644509,514074,130435,20.2,61,0.127,0.233,0.242,0.083,5,0
SHOP046,2023-06,502556,431184,71372,14.2,51,0.072,0.189,0.24,0.128,6,0
SHOP046,2023-07,671726,569436,102290,15.2,53,0.1,0.193,0.3,0.165,7,0
SHOP046,2023-08,752411,662467,89944,12.0,52,0.098,0.191,0.128,0.198,8,0
SHOP046,2023-09,727650,651328,76322,10.5,45,0.0,0.225,0.273,0.087,9,0
SHOP046,2023-10,580246,477992,102254,17.6,45,0.131,0.236,0.125,0.065,10,0
SHOP046,2023-11,541131,476353,64778,12.0,53,0.07,0.182,0.129,0.054,11,0
SHOP046,2023-12,839558,693166,146392,17.4,55,0.201,0.227,0.187,0.063,12,0
SHOP046,2024-01,542270,449957,92313,17.0,42,0.14,0.221,0.174,0.027,13,0
SHOP046,2024-02,734606,637769,96837,13.2,46,0.196,0.139,0.33,0.098,14,0
SHOP046,2024-03,756789,673948,82841,10.9,48,0.072,0.198,0.267,0.083,15,0
SHOP046,2024-04,646260,555916,90344,14.0,43,0.221,0.282,0.175,0.059,16,1
SHOP046,2024-05,717263,623303,93960,13.1,42,0.125,0.162,0.245,0.118,17,0
SHOP046,2024-06,736647,627705,108942,14.8,48,0.12,0.191,0.071,0.052,18,1
SHOP046,2024-07,555103,482276,72827,13.1,50,0.131,0.139,0.229,0.089,19,0
SHOP046,2024-08,730853,584477,146376,20.0,48,0.017,0.301,0.236,0.11,20,1
SHOP046,2024-09,601145,518200,82945,13.8,48,0.236,0.221,0.17,0.125,21,0
SHOP046,2024-10,492757,412244,80513,16.3,49,0.134,0.232,0.137,0.049,22,1
SHOP046,2024-11,596227,490344,105883,17.8,52,0.126,0.147,0.263,0.108,23,1
SHOP046,2024-12,482055,407826,74229,15.4,46,0.117,0.123,0.229,0.086,24,1
SHOP046,2025-01,567649,505794,61855,10.9,52,0.199,0.216,0.294,0.122,25,1
SHOP046,2025-02,421472,365507,55965,13.3,46,0.228,0.135,0.12,0.074,26,0
SHOP046,2025-03,616218,541042,75176,12.2,47,0.145,0.19,0.268,0.082,27,1
SHOP046,2025-04,521852,453347,68505,13.1,49,0.157,0.175,0.283,0.08,28,1
SHOP046,2025-05,665138,571879,93259,14.0,46,0.04,0.199,0.375,0.035,29,0
SHOP046,2025-06,692264,614895,77369,11.2,57,0.117,0.179,0.139,0.089,30,1
SHOP046,2025-07,635910,551416,84494,13.3,38,0.107,0.121,0.229,0.109,31,0
SHOP046,2025-08,669533,542281,127252,19.0,50,0.203,0.216,0.167,0.144,32,1
SHOP046,2025-09,524250,431176,93074,17.8,45,0.131,0.245,0.166,0.103,33,1
SHOP046,2025-10,459838,381730,78108,17.0,49,0.089,0.183,0.157,0.133,34,1
SHOP046,2025-11,560909,489953,70956,12.7,56,0.13,0.192,0.215,0.097,35,1
SHOP046,2025-12,665967,571382,94585,14.2,58,0.088,0.239,0.154,0.071,36,0
SHOP047,2023-01,281587,229863,51724,18.4,15,0.127,0.391,0.158,0.056,1,0
SHOP047,2023-02,326804,271497,55307,16.9,10,0.107,0.272,0.245,0.118,2,0
SHOP047,2023-03,319014,267031,51983,16.3,34,0.055,0.274,0.172,0.084,3,0
SHOP047,2023-04,245308,202596,42712,17.4,8,0.076,0.261,0.144,0.089,4,1
SHOP047,2023-05,315443,264748,50695,16.1,21,0.206,0.256,0.202,0.052,5,0
SHOP047,2023-06,228832,212316,16516,7.2,20,0.13,0.262,0.242,0.04,6,0
SHOP047,2023-07,302829,260167,42662,14.1,14,0.07,0.193,0.152,0.097,7,0
SHOP047,2023-08,316566,282761,33805,10.7,17,0.098,0.239,0.18,0.1,8,0
SHOP047,2023-09,254177,201765,52412,20.6,19,0.136,0.303,0.234,0.053,9,1
SHOP047,2023-10,249322,222723,26599,10.7,23,0.117,0.213,0.222,0.066,10,0
SHOP047,2023-11,212709,180868,31841,15.0,8,0.146,0.204,0.16,0.046,11,1
SHOP047,2023-12,239164,214111,25053,10.5,26,0.134,0.246,0.322,0.096,12,0
SHOP047,2024-01,349403,292437,56966,16.3,27,0.151,0.251,0.165,0.034,13,1
SHOP047,2024-02,344192,299353,44839,13.0,14,0.0,0.276,0.056,0.066,14,1
SHOP047,2024-03,172684,150201,22483,13.0,9,0.037,0.238,0.151,0.081,15,1
SHOP047,2024-04,338465,281972,56493,16.7,31,0.145,0.309,0.139,0.077,16,0
SHOP047,2024-05,292131,243096,49035,16.8,23,0.096,0.27,0.225,0.061,17,1
SHOP047,2024-06,311245,258446,52799,17.0,19,0.08,0.338,0.18,0.087,18,1
SHOP047,2024-07,229364,199006,30358,13.2,30,0.14,0.161,0.193,0.097,19,0
SHOP047,2024-08,193330,167334,25996,13.4,16,0.14,0.281,0.17,0.114,20,1
SHOP047,2024-09,251759,199233,52526,20.9,18,0.184,0.297,0.168,0.029,21,1
SHOP047,2024-10,230599,199710,30889,13.4,30,0.093,0.263,0.275,0.108,22,0
SHOP047,2024-11,296460,228294,68166,23.0,18,0.169,0.281,0.258,0.073,23,1
SHOP047,2024-12,241866,205960,35906,14.8,31,0.08,0.317,0.241,0.106,24,1
SHOP047,2025-01,313088,270718,42370,13.5,21,0.134,0.276,0.129,0.099,25,1
SHOP047,2025-02,332224,278883,53341,16.1,26,0.112,0.284,0.167,0.034,26,1
SHOP047,2025-03,239854,200321,39533,16.5,25,0.117,0.255,0.267,0.082,27,1
SHOP047,2025-04,251745,209412,42333,16.8,25,0.097,0.234,0.282,0.054,28,1
SHOP047,2025-05,244105,204588,39517,16.2,18,0.087,0.16,0.269,0.101,29,0
SHOP047,2025-06,220040,173916,46124,21.0,13,0.068,0.207,0.323,0.016,30,1
SHOP047,2025-07,238640,216525,22115,9.3,15,0.124,0.174,0.12,0.087,31,1
SHOP047,2025-08,228224,181105,47119,20.6,9,0.056,0.255,0.134,0.12,32,1
SHOP047,2025-09,273143,233658,39485,14.5,32,0.107,0.215,0.171,0.086,33,1
SHOP047,2025-10,288194,248418,39776,13.8,20,0.071,0.245,0.161,0.128,34,1
SHOP047,2025-11,255924,206641,49283,19.3,19,0.04,0.331,0.128,0.085,35,1
SHOP047,2025-12,305110,265611,39499,12.9,29,0.141,0.162,0.114,0.102,36,1
SHOP048,2023-01,474157,377803,96354,20.3,39,0.167,0.308,0.257,0.032,1,1
SHOP048,2023-02,270812,209933,60879,22.5,20,0.086,0.374,0.088,0.038,2,1
SHOP048,2023-03,366050,322364,43686,11.9,31,0.115,0.337,0.306,0.042,3,0
SHOP048,2023-04,163301,127048,36253,22.2,27,0.048,0.366,0.145,0.0,4,1
SHOP048,2023-05,433830,337591,96239,22.2,36,0.048,0.265,0.166,0.017,5,1
SHOP048,2023-06,419209,334162,85047,20.3,23,0.12,0.35,0.169,0.056,6,0
SHOP048,2023-07,256834,198182,58652,22.8,42,0.039,0.349,0.024,0.038,7,1
SHOP048,2023-08,413913,331188,82725,20.0,25,0.111,0.437,0.068,0.052,8,0
SHOP048,2023-09,376092,291746,84346,22.4,27,0.045,0.272,0.227,0.032,9,1
SHOP048,2023-10,351468,281816,69652,19.8,30,0.121,0.35,0.275,0.015,10,1
SHOP048,2023-11,525828,451312,74516,14.2,29,0.071,0.378,0.093,0.052,11,1
SHOP048,2023-12,382251,322302,59949,15.7,27,0.118,0.204,0.082,0.024,12,1
SHOP048,2024-01,600724,457183,143541,23.9,27,0.072,0.344,0.23,0.068,13,1
SHOP048,2024-02,226162,179162,47000,20.8,21,0.133,0.324,0.3,0.06,14,1
SHOP048,2024-03,295124,227067,68057,23.1,19,0.055,0.307,0.138,0.096,15,1
SHOP048,2024-04,476933,372350,104583,21.9,36,0.074,0.38,0.11,0.026,16,1
SHOP048,2024-05,394615,325064,69551,17.6,23,0.057,0.328,0.108,0.091,17,1
SHOP048,2024-06,276239,222787,53452,19.3,30,0.083,0.326,0.15,0.015,18,1
SHOP048,2024-07,267683,218521,49162,18.4,21,0.073,0.311,0.09,0.03,19,1
SHOP048,2024-08,281407,236520,44887,16.0,29,0.0,0.337,0.078,0.069,20,1
SHOP048,2024-09,417213,337467,79746,19.1,26,0.052,0.332,0.201,0.023,21,1
SHOP048,2024-10,391075,300518,90557,23.2,30,0.109,0.24,0.116,0.01,22,1
SHOP048,2024-11,415636,332622,83014,20.0,34,0.054,0.387,0.057,0.0,23,1
SHOP048,2024-12,411083,344038,67045,16.3,27,0.109,0.362,0.143,0.051,24,1
SHOP048,2025-01,272583,208879,63704,23.4,18,0.025,0.274,0.217,0.048,25,1
SHOP048,2025-02,328953,261768,67185,20.4,22,0.011,0.323,0.114,0.101,26,1
SHOP048,2025-03,428774,341581,87193,20.3,17,0.059,0.355,0.089,0.083,27,1
SHOP048,2025-04,338916,280029,58887,17.4,27,0.087,0.416,0.136,0.113,28,1
SHOP048,2025-05,275423,222728,52695,19.1,30,0.068,0.297,0.054,0.033,29,1
SHOP048,2025-06,485812,423511,62301,12.8,30,0.166,0.375,0.137,0.09,30,1
SHOP048,2025-07,413191,351904,61287,14.8,25,0.111,0.261,0.034,0.079,31,1
SHOP048,2025-08,487256,393479,93777,19.2,36,0.155,0.315,0.133,0.0,32,1
SHOP048,2025-09,432309,358492,73817,17.1,21,0.0,0.343,0.206,0.0,33,1
SHOP048,2025-10,473187,388242,84945,18.0,35,0.086,0.358,0.165,0.014,34,1
SHOP048,2025-11,375670,302136,73534,19.6,17,0.041,0.355,0.181,0.032,35,1
SHOP048,2025-12,401444,322665,78779,19.6,22,0.054,0.216,0.046,0.101,36,1
SHOP049,2023-01,671029,578962,92067,13.7,61,0.167,0.204,0.216,0.097,1,0
SHOP049,2023-02,799945,739057,60888,7.6,60,0.093,0.13,0.292,0.143,2,0
SHOP049,2023-03,694801,605636,89165,12.8,69,0.188,0.189,0.292,0.082,3,0
SHOP049,2023-04,726132,606872,119260,16.4,62,0.185,0.119,0.204,0.085,4,0
SHOP049,2023-05,534220,468408,65812,12.3,54,0.153,0.232,0.283,0.136,5,0
SHOP049,2023-06,764565,657650,106915,14.0,59,0.267,0.18,0.235,0.063,6,0
SHOP049,2023-07,827700,722459,105241,12.7,40,0.1,0.129,0.205,0.094,7,0
SHOP049,2023-08,725770,661154,64616,8.9,55,0.175,0.16,0.285,0.102,8,0
SHOP049,2023-09,856440,777432,79008,9.2,54,0.131,0.107,0.206,0.091,9,0
SHOP049,2023-10,807460,674254,133206,16.5,63,0.172,0.226,0.206,0.083,10,0
SHOP049,2023-11,806347,698129,108218,13.4,52,0.173,0.237,0.253,0.079,11,0
SHOP049,2023-12,863889,784991,78898,9.1,42,0.068,0.055,0.246,0.075,12,0
SHOP049,2024-01,744359,603255,141104,19.0,50,0.148,0.103,0.248,0.097,13,0
SHOP049,2024-02,652988,568725,84263,12.9,51,0.196,0.138,0.266,0.147,14,0
SHOP049,2024-03,654545,558664,95881,14.6,59,0.091,0.23,0.204,0.075,15,0
SHOP049,2024-04,681206,595128,86078,12.6,63,0.187,0.268,0.211,0.121,16,0
SHOP049,2024-05,762985,657317,105668,13.8,58,0.087,0.168,0.195,0.079,17,1
SHOP049,2024-06,780447,687901,92546,11.9,59,0.204,0.127,0.299,0.071,18,0
SHOP049,2024-07,724994,645556,79438,11.0,51,0.134,0.207,0.11,0.158,19,0
SHOP049,2024-08,823221,736086,87135,10.6,57,0.128,0.232,0.218,0.116,20,0
SHOP049,2024-09,760157,653283,106874,14.1,43,0.129,0.232,0.247,0.099,21,0
SHOP049,2024-10,843633,715568,128065,15.2,61,0.158,0.238,0.132,0.09,22,1
SHOP049,2024-11,885143,748784,136359,15.4,68,0.137,0.248,0.202,0.084,23,1
SHOP049,2024-12,927254,828541,98713,10.6,44,0.142,0.227,0.144,0.092,24,0
SHOP049,2025-01,723180,629102,94078,13.0,51,0.192,0.126,0.346,0.084,25,0
SHOP049,2025-02,831475,701070,130405,15.7,58,0.171,0.134,0.131,0.146,26,1
SHOP049,2025-03,890808,749168,141640,15.9,61,0.084,0.093,0.131,0.049,27,1
SHOP049,2025-04,740501,664275,76226,10.3,57,0.147,0.156,0.24,0.113,28,0
SHOP049,2025-05,712879,590756,122123,17.1,54,0.233,0.164,0.252,0.091,29,1
SHOP049,2025-06,770128,726807,43321,5.6,55,0.205,0.211,0.155,0.1,30,0
SHOP049,2025-07,740805,584985,155820,21.0,65,0.196,0.287,0.311,0.087,31,1
SHOP049,2025-08,682054,581737,100317,14.7,64,0.178,0.21,0.297,0.039,32,1
SHOP049,2025-09,706460,577627,128833,18.2,61,0.152,0.283,0.265,0.113,33,1
SHOP049,2025-10,924357,820502,103855,11.2,60,0.107,0.141,0.303,0.084,34,0
SHOP049,2025-11,626712,553302,73410,11.7,62,0.14,0.15,0.328,0.116,35,0
SHOP049,2025-12,739311,682109,57202,7.7,58,0.143,0.14,0.293,0.093,36,0
SHOP050,2023-01,246089,218719,27370,11.1,43,0.112,0.182,0.414,0.083,1,0
SHOP050,2023-02,392307,356681,35626,9.1,35,0.11,0.18,0.247,0.121,2,0
SHOP050,2023-03,420722,361248,59474,14.1,36,0.12,0.163,0.209,0.111,3,0
SHOP050,2023-04,417616,375157,42459,10.2,35,0.124,0.196,0.219,0.108,4,0
SHOP050,2023-05,357454,297115,60339,16.9,30,0.077,0.221,0.279,0.14,5,0
SHOP050,2023-06,364692,323553,41139,11.3,44,0.07,0.177,0.229,0.138,6,0
SHOP050,2023-07,529304,455172,74132,14.0,39,0.098,0.081,0.259,0.089,7,0
SHOP050,2023-08,549274,504298,44976,8.2,30,0.155,0.183,0.358,0.127,8,0
SHOP050,2023-09,457817,393808,64009,14.0,34,0.126,0.137,0.187,0.066,9,0
SHOP050,2023-10,378404,320535,57869,15.3,26,0.091,0.138,0.225,0.069,10,0
SHOP050,2023-11,396421,346554,49867,12.6,43,0.147,0.119,0.332,0.092,11,0
SHOP050,2023-12,516196,458811,57385,11.1,20,0.359,0.164,0.301,0.077,12,0
SHOP050,2024-01,461745,402675,59070,12.8,31,0.222,0.206,0.307,0.166,13,0
SHOP050,2024-02,502870,443400,59470,11.8,35,0.175,0.232,0.169,0.11,14,0
SHOP050,2024-03,446352,383284,63068,14.1,30,0.187,0.251,0.254,0.113,15,0
SHOP050,2024-04,381383,350856,30527,8.0,33,0.092,0.141,0.192,0.089,16,0
SHOP050,2024-05,372860,311178,61682,16.5,34,0.193,0.176,0.317,0.098,17,0
SHOP050,2024-06,465901,405535,60366,13.0,34,0.078,0.148,0.213,0.122,18,0
SHOP050,2024-07,305099,262166,42933,14.1,44,0.178,0.239,0.321,0.038,19,1
SHOP050,2024-08,511125,441118,70007,13.7,36,0.135,0.111,0.252,0.142,20,0
SHOP050,2024-09,442771,398991,43780,9.9,39,0.055,0.186,0.186,0.101,21,0
SHOP050,2024-10,345314,300785,44529,12.9,37,0.124,0.156,0.276,0.099,22,1
SHOP050,2024-11,315223,302239,12984,4.1,32,0.123,0.072,0.186,0.139,23,0
SHOP050,2024-12,399662,337204,62458,15.6,23,0.23,0.085,0.324,0.098,24,0
SHOP050,2025-01,433549,374647,58902,13.6,25,0.103,0.211,0.242,0.114,25,0
SHOP050,2025-02,563966,518837,45129,8.0,39,0.165,0.159,0.301,0.121,26,0
SHOP050,2025-03,289609,241706,47903,16.5,24,0.259,0.122,0.23,0.116,27,0
SHOP050,2025-04,449697,392477,57220,12.7,30,0.144,0.213,0.245,0.142,28,0
SHOP050,2025-05,495995,421644,74351,15.0,31,0.079,0.108,0.249,0.126,29,0
SHOP050,2025-06,411576,343008,68568,16.7,42,0.055,0.141,0.204,0.115,30,1
SHOP050,2025-07,443754,390836,52918,11.9,37,0.212,0.152,0.215,0.122,31,1
SHOP050,2025-08,309992,274033,35959,11.6,24,0.135,0.177,0.266,0.065,32,0
SHOP050,2025-09,310994,255140,55854,18.0,38,0.156,0.067,0.197,0.105,33,1
SHOP050,2025-10,489981,443297,46684,9.5,42,0.177,0.113,0.279,0.097,34,0
SHOP050,2025-11,522871,443645,79226,15.2,25,0.09,0.095,0.272,0.114,35,0
SHOP050,2025-12,287440,238218,49222,17.1,37,0.107,0.186,0.229,0.124,36,0
SHOP051,2023-01,281672,239747,41925,14.9,22,0.179,0.212,0.142,0.113,1,0
SHOP051,2023-02,425694,364948,60746,14.3,23,0.217,0.13,0.239,0.078,2,0
SHOP051,2023-03,388661,347745,40916,10.5,21,0.22,0.135,0.378,0.088,3,0
SHOP051,2023-04,318412,284224,34188,10.7,31,0.199,0.197,0.329,0.063,4,0
SHOP051,2023-05,342234,303153,39081,11.4,19,0.118,0.187,0.201,0.085,5,0
SHOP051,2023-06,388148,338674,49474,12.7,21,0.161,0.137,0.33,0.129,6,0
SHOP051,2023-07,400954,363734,37220,9.3,29,0.188,0.222,0.169,0.114,7,0
SHOP051,2023-08,412484,369219,43265,10.5,29,0.182,0.189,0.345,0.115,8,0
SHOP051,2023-09,350077,304959,45118,12.9,21,0.179,0.103,0.221,0.108,9,0
SHOP051,2023-10,373054,328369,44685,12.0,37,0.228,0.189,0.297,0.115,10,0
SHOP051,2023-11,388463,331659,56804,14.6,23,0.116,0.203,0.256,0.083,11,0
SHOP051,2023-12,295645,265273,30372,10.3,19,0.16,0.165,0.215,0.078,12,0
SHOP051,2024-01,383235,328963,54272,14.2,27,0.111,0.166,0.249,0.114,13,0
SHOP051,2024-02,254491,220019,34472,13.5,41,0.141,0.206,0.213,0.044,14,1
SHOP051,2024-03,300424,248992,51432,17.1,18,0.129,0.124,0.311,0.038,15,0
SHOP051,2024-04,413932,376398,37534,9.1,31,0.161,0.17,0.278,0.113,16,0
SHOP051,2024-05,296580,257654,38926,13.1,22,0.173,0.193,0.34,0.096,17,0
SHOP051,2024-06,359346,316026,43320,12.1,19,0.201,0.114,0.253,0.082,18,0
SHOP051,2024-07,313587,280040,33547,10.7,29,0.199,0.189,0.304,0.091,19,0
SHOP051,2024-08,246441,221977,24464,9.9,25,0.15,0.198,0.183,0.16,20,0
SHOP051,2024-09,334692,296676,38016,11.4,39,0.165,0.085,0.297,0.114,21,0
SHOP051,2024-10,349208,288982,60226,17.2,20,0.12,0.21,0.28,0.086,22,1
SHOP051,2024-11,330241,280823,49418,15.0,34,0.18,0.065,0.259,0.094,23,0
SHOP051,2024-12,256548,224161,32387,12.6,31,0.035,0.174,0.248,0.138,24,0
SHOP051,2025-01,349609,307059,42550,12.2,23,0.151,0.163,0.253,0.14,25,1
SHOP051,2025-02,204288,181488,22800,11.2,25,0.144,0.127,0.12,0.055,26,0
SHOP051,2025-03,448005,396462,51543,11.5,18,0.171,0.11,0.193,0.15,27,0
SHOP051,2025-04,350651,306959,43692,12.5,33,0.2,0.223,0.253,0.128,28,0
SHOP051,2025-05,422158,379276,42882,10.2,31,0.238,0.128,0.283,0.122,29,1
SHOP051,2025-06,320562,268409,52153,16.3,18,0.06,0.185,0.16,0.031,30,1
SHOP051,2025-07,324481,285114,39367,12.1,8,0.14,0.111,0.204,0.106,31,1
SHOP051,2025-08,309832,272478,37354,12.1,17,0.123,0.223,0.237,0.135,32,1
SHOP051,2025-09,361630,312098,49532,13.7,35,0.143,0.103,0.35,0.058,33,1
SHOP051,2025-10,272785,232737,40048,14.7,31,0.222,0.098,0.215,0.154,34,1
SHOP051,2025-11,299761,264512,35249,11.8,27,0.117,0.057,0.258,0.16,35,0
SHOP051,2025-12,308319,280061,28258,9.2,25,0.118,0.064,0.208,0.041,36,1
SHOP052,2023-01,279757,237745,42012,15.0,10,0.105,0.249,0.085,0.086,1,0
SHOP052,2023-02,210180,176150,34030,16.2,21,0.126,0.254,0.166,0.073,2,0
SHOP052,2023-03,235523,192524,42999,18.3,32,0.101,0.243,0.185,0.057,3,0
SHOP052,2023-04,288770,242824,45946,15.9,15,0.149,0.26,0.122,0.091,4,0
SHOP052,2023-05,317780,289239,28541,9.0,28,0.16,0.263,0.129,0.123,5,0
SHOP052,2023-06,226387,186683,39704,17.5,29,0.086,0.126,0.169,0.091,6,0
SHOP052,2023-07,272453,231552,40901,15.0,29,0.113,0.221,0.264,0.092,7,0
SHOP052,2023-08,336412,293770,42642,12.7,15,0.072,0.239,0.242,0.113,8,0
SHOP052,2023-09,337090,298543,38547,11.4,26,0.212,0.222,0.096,0.062,9,0
SHOP052,2023-10,319456,265563,53893,16.9,25,0.108,0.153,0.232,0.042,10,0
SHOP052,2023-11,279455,232818,46637,16.7,21,0.14,0.2,0.108,0.018,11,1
SHOP052,2023-12,251089,217880,33209,13.2,22,0.071,0.233,0.203,0.081,12,0
SHOP052,2024-01,168118,140293,27825,16.6,11,0.137,0.19,0.217,0.102,13,0
SHOP052,2024-02,263190,226693,36497,13.9,17,0.095,0.107,0.224,0.091,14,0
SHOP052,2024-03,254088,218278,35810,14.1,13,0.146,0.207,0.36,0.095,15,0
SHOP052,2024-04,325599,298985,26614,8.2,12,0.157,0.194,0.194,0.067,16,0
SHOP052,2024-05,276501,236382,40119,14.5,27,0.055,0.22,0.209,0.047,17,1
SHOP052,2024-06,329141,281793,47348,14.4,20,0.135,0.3,0.238,0.074,18,1
SHOP052,2024-07,286856,248892,37964,13.2,24,0.091,0.265,0.158,0.079,19,0
SHOP052,2024-08,332761,285108,47653,14.3,26,0.087,0.274,0.205,0.082,20,1
SHOP052,2024-09,292663,243290,49373,16.9,17,0.067,0.194,0.266,0.074,21,1
SHOP052,2024-10,345622,288049,57573,16.7,22,0.119,0.302,0.19,0.051,22,1
SHOP052,2024-11,299716,260857,38859,13.0,39,0.204,0.227,0.251,0.105,23,1
SHOP052,2024-12,265502,221051,44451,16.7,29,0.155,0.25,0.237,0.119,24,1
SHOP052,2025-01,167509,143920,23589,14.1,24,0.078,0.199,0.182,0.14,25,1
SHOP052,2025-02,294482,241832,52650,17.9,21,0.198,0.229,0.196,0.051,26,1
SHOP052,2025-03,212996,186579,26417,12.4,27,0.22,0.284,0.12,0.124,27,1
SHOP052,2025-04,275918,231133,44785,16.2,18,0.0,0.198,0.18,0.11,28,1
SHOP052,2025-05,304614,269620,34994,11.5,21,0.048,0.261,0.249,0.107,29,1
SHOP052,2025-06,186221,146827,39394,21.2,20,0.025,0.232,0.217,0.026,30,1
SHOP052,2025-07,303738,264406,39332,12.9,8,0.084,0.215,0.221,0.078,31,1
SHOP052,2025-08,244360,210298,34062,13.9,24,0.141,0.179,0.094,0.078,32,1
SHOP052,2025-09,339032,281337,57695,17.0,35,0.122,0.285,0.251,0.021,33,1
SHOP052,2025-10,273848,236541,37307,13.6,24,0.098,0.171,0.241,0.063,34,0
SHOP052,2025-11,327488,270784,56704,17.3,24,0.172,0.257,0.256,0.083,35,1
SHOP052,2025-12,290613,257886,32727,11.3,14,0.13,0.24,0.336,0.09,36,0
SHOP053,2023-01,957682,832860,124822,13.0,61,0.097,0.251,0.239,0.102,1,0
SHOP053,2023-02,1088018,887985,200033,18.4,68,0.149,0.171,0.216,0.046,2,0
SHOP053,2023-03,879710,765553,114157,13.0,64,0.166,0.254,0.256,0.106,3,0
SHOP053,2023-04,868582,716753,151829,17.5,72,0.187,0.2,0.328,0.053,4,0
SHOP053,2023-05,874958,740825,134133,15.3,64,0.225,0.153,0.306,0.102,5,0
SHOP053,2023-06,694248,599473,94775,13.7,62,0.175,0.232,0.218,0.128,6,0
SHOP053,2023-07,1030590,908448,122142,11.9,55,0.143,0.241,0.311,0.115,7,0
SHOP053,2023-08,743479,617746,125733,16.9,63,0.119,0.217,0.15,0.147,8,0
SHOP053,2023-09,941237,788849,152388,16.2,65,0.053,0.167,0.287,0.097,9,0
SHOP053,2023-10,875677,763875,111802,12.8,63,0.124,0.156,0.248,0.102,10,0
SHOP053,2023-11,827454,705753,121701,14.7,63,0.176,0.196,0.197,0.067,11,0
SHOP053,2023-12,887216,780413,106803,12.0,61,0.118,0.276,0.197,0.048,12,0
SHOP053,2024-01,829386,698349,131037,15.8,61,0.162,0.22,0.159,0.132,13,0
SHOP053,2024-02,832156,703921,128235,15.4,58,0.136,0.133,0.296,0.058,14,0
SHOP053,2024-03,839794,721157,118637,14.1,67,0.097,0.168,0.186,0.078,15,0
SHOP053,2024-04,985018,821359,163659,16.6,58,0.022,0.165,0.168,0.099,16,1
SHOP053,2024-05,1036706,910564,126142,12.2,70,0.131,0.249,0.18,0.076,17,0
SHOP053,2024-06,974581,872815,101766,10.4,61,0.158,0.218,0.145,0.072,18,1
SHOP053,2024-07,750790,644316,106474,14.2,62,0.072,0.287,0.287,0.101,19,1
SHOP053,2024-08,605304,520399,84905,14.0,70,0.02,0.16,0.234,0.142,20,1
SHOP053,2024-09,1114986,955569,159417,14.3,50,0.174,0.182,0.266,0.092,21,0
SHOP053,2024-10,1086153,967358,118795,10.9,61,0.164,0.273,0.219,0.098,22,0
SHOP053,2024-11,982467,847890,134577,13.7,78,0.109,0.242,0.275,0.112,23,1
SHOP053,2024-12,861762,756425,105337,12.2,70,0.115,0.24,0.268,0.095,24,0
SHOP053,2025-01,761523,648287,113236,14.9,61,0.119,0.056,0.251,0.116,25,0
SHOP053,2025-02,1034400,882097,152303,14.7,62,0.145,0.212,0.241,0.068,26,1
SHOP053,2025-03,741457,646147,95310,12.9,71,0.163,0.192,0.229,0.071,27,0
SHOP053,2025-04,607123,548009,59114,9.7,69,0.139,0.19,0.24,0.098,28,1
SHOP053,2025-05,804701,704384,100317,12.5,75,0.085,0.259,0.07,0.085,29,1
SHOP053,2025-06,723806,620185,103621,14.3,67,0.173,0.245,0.203,0.1,30,1
SHOP053,2025-07,877619,766934,110685,12.6,64,0.131,0.207,0.28,0.074,31,1
SHOP053,2025-08,763623,651385,112238,14.7,62,0.118,0.225,0.224,0.101,32,1
SHOP053,2025-09,629257,573117,56140,8.9,50,0.214,0.275,0.208,0.111,33,1
SHOP053,2025-10,797757,712983,84774,10.6,65,0.173,0.25,0.209,0.096,34,0
SHOP053,2025-11,682390,626588,55802,8.2,65,0.091,0.175,0.185,0.062,35,1
SHOP053,2025-12,825095,715059,110036,13.3,66,0.116,0.16,0.332,0.085,36,1
SHOP054,2023-01,715593,607502,108091,15.1,56,0.144,0.291,0.197,0.109,1,0
SHOP054,2023-02,754137,609765,144372,19.1,42,0.1,0.189,0.209,0.094,2,0
SHOP054,2023-03,680852,556086,124766,18.3,58,0.113,0.253,0.161,0.061,3,0
SHOP054,2023-04,524120,426892,97228,18.6,50,0.142,0.251,0.172,0.082,4,0
SHOP054,2023-05,534326,455023,79303,14.8,50,0.262,0.232,0.362,0.066,5,0
SHOP054,2023-06,544108,452034,92074,16.9,54,0.146,0.2,0.161,0.044,6,0
SHOP054,2023-07,730205,597693,132512,18.1,50,0.074,0.232,0.092,0.112,7,0
SHOP054,2023-08,674180,556430,117750,17.5,56,0.134,0.195,0.237,0.076,8,0
SHOP054,2023-09,444710,378797,65913,14.8,58,0.04,0.266,0.182,0.082,9,0
SHOP054,2023-10,692888,553451,139437,20.1,52,0.106,0.236,0.208,0.042,10,1
SHOP054,2023-11,707662,613150,94512,13.4,60,0.139,0.239,0.201,0.055,11,0
SHOP054,2023-12,610572,483023,127549,20.9,56,0.112,0.265,0.283,0.081,12,1
SHOP054,2024-01,567579,475049,92530,16.3,36,0.07,0.236,0.215,0.055,13,1
SHOP054,2024-02,654760,563173,91587,14.0,55,0.098,0.22,0.223,0.065,14,1
SHOP054,2024-03,508500,425645,82855,16.3,45,0.1,0.256,0.19,0.029,15,1
SHOP054,2024-04,605884,499945,105939,17.5,56,0.117,0.259,0.186,0.066,16,1
SHOP054,2024-05,614617,524060,90557,14.7,41,0.023,0.354,0.241,0.049,17,0
SHOP054,2024-06,495474,412085,83389,16.8,40,0.103,0.204,0.267,0.066,18,1
SHOP054,2024-07,557588,418568,139020,24.9,55,0.166,0.327,0.228,0.102,19,1
SHOP054,2024-08,551342,468063,83279,15.1,52,0.081,0.272,0.111,0.084,20,1
SHOP054,2024-09,865744,745344,120400,13.9,46,0.105,0.328,0.237,0.022,21,1
SHOP054,2024-10,543248,469321,73927,13.6,57,0.035,0.285,0.167,0.101,22,1
SHOP054,2024-11,656656,564925,91731,14.0,49,0.06,0.275,0.246,0.054,23,1
SHOP054,2024-12,638032,525053,112979,17.7,49,0.118,0.296,0.151,0.084,24,1
SHOP054,2025-01,728278,576004,152274,20.9,40,0.121,0.241,0.221,0.038,25,1
SHOP054,2025-02,679456,572678,106778,15.7,56,0.114,0.244,0.159,0.077,26,1
SHOP054,2025-03,677158,562550,114608,16.9,41,0.057,0.265,0.188,0.062,27,1
SHOP054,2025-04,712024,619392,92632,13.0,45,0.12,0.361,0.211,0.04,28,1
SHOP054,2025-05,693838,619102,74736,10.8,49,0.119,0.254,0.164,0.094,29,1
SHOP054,2025-06,636062,568487,67575,10.6,55,0.06,0.302,0.254,0.117,30,1
SHOP054,2025-07,787136,640384,146752,18.6,54,0.035,0.164,0.199,0.011,31,1
SHOP054,2025-08,578136,466400,111736,19.3,38,0.088,0.28,0.067,0.052,32,1
SHOP054,2025-09,596859,494567,102292,17.1,36,0.037,0.219,0.208,0.042,33,1
SHOP054,2025-10,634197,522167,112030,17.7,50,0.129,0.305,0.211,0.014,34,1
SHOP054,2025-11,659072,527128,131944,20.0,53,0.124,0.234,0.127,0.033,35,1
SHOP054,2025-12,647002,551396,95606,14.8,49,0.092,0.238,0.191,0.049,36,1
SHOP055,2023-01,813229,722807,90422,11.1,57,0.108,0.159,0.215,0.139,1,0
SHOP055,2023-02,1056445,962353,94092,8.9,64,0.09,0.219,0.257,0.166,2,0
SHOP055,2023-03,1011365,906871,104494,10.3,61,0.203,0.209,0.362,0.109,3,0
SHOP055,2023-04,680894,588487,92407,13.6,59,0.213,0.086,0.257,0.101,4,0
SHOP055,2023-05,678635,584571,94064,13.9,53,0.182,0.174,0.301,0.067,5,0
SHOP055,2023-06,1060928,973256,87672,8.3,61,0.145,0.113,0.315,0.064,6,0
SHOP055,2023-07,879207,769846,109361,12.4,76,0.139,0.138,0.248,0.083,7,0
SHOP055,2023-08,933903,815674,118229,12.7,65,0.088,0.199,0.288,0.111,8,0
SHOP055,2023-09,1133885,1022024,111861,9.9,59,0.178,0.156,0.248,0.097,9,0
SHOP055,2023-10,917120,746027,171093,18.7,64,0.066,0.157,0.238,0.191,10,0
SHOP055,2023-11,683630,626611,57019,8.3,48,0.073,0.093,0.316,0.153,11,0
SHOP055,2023-12,757084,651490,105594,13.9,60,0.059,0.103,0.287,0.136,12,0
SHOP055,2024-01,777626,662787,114839,14.8,55,0.132,0.126,0.287,0.105,13,0
SHOP055,2024-02,897826,810092,87734,9.8,64,0.219,0.212,0.43,0.152,14,0
SHOP055,2024-03,865597,748197,117400,13.6,65,0.181,0.125,0.178,0.07,15,0
SHOP055,2024-04,796275,673996,122279,15.4,58,0.171,0.131,0.278,0.087,16,0
SHOP055,2024-05,823766,707254,116512,14.1,61,0.138,0.032,0.28,0.12,17,0
SHOP055,2024-06,643006,591953,51053,7.9,69,0.201,0.169,0.299,0.087,18,0
SHOP055,2024-07,594265,529633,64632,10.9,57,0.137,0.159,0.206,0.072,19,0
SHOP055,2024-08,929090,795907,133183,14.3,61,0.224,0.228,0.261,0.078,20,0
SHOP055,2024-09,734233,660672,73561,10.0,45,0.148,0.085,0.22,0.166,21,0
SHOP055,2024-10,770498,674499,95999,12.5,59,0.136,0.139,0.3,0.089,22,0
SHOP055,2024-11,738331,649866,88465,12.0,66,0.18,0.175,0.267,0.056,23,1
SHOP055,2024-12,744432,643419,101013,13.6,68,0.188,0.21,0.306,0.11,24,0
SHOP055,2025-01,928989,824395,104594,11.3,52,0.109,0.077,0.191,0.106,25,0
SHOP055,2025-02,716421,630343,86078,12.0,68,0.094,0.165,0.207,0.107,26,0
SHOP055,2025-03,880429,769045,111384,12.7,68,0.211,0.02,0.299,0.082,27,0
SHOP055,2025-04,851514,757751,93763,11.0,66,0.173,0.267,0.22,0.106,28,1
SHOP055,2025-05,787891,677216,110675,14.0,62,0.093,0.189,0.234,0.056,29,1
SHOP055,2025-06,693497,622308,71189,10.3,67,0.139,0.125,0.286,0.074,30,0
SHOP055,2025-07,1141423,1041029,100394,8.8,61,0.2,0.115,0.27,0.093,31,0
SHOP055,2025-08,873254,740792,132462,15.2,57,0.099,0.08,0.359,0.07,32,0
SHOP055,2025-09,846738,703858,142880,16.9,55,0.158,0.233,0.29,0.109,33,1
SHOP055,2025-10,539418,460382,79036,14.7,57,0.25,0.183,0.32,0.111,34,0
SHOP055,2025-11,590196,503107,87089,14.8,63,0.112,0.141,0.2,0.155,35,1
SHOP055,2025-12,770507,673736,96771,12.6,60,0.123,0.112,0.225,0.14,36,0
SHOP056,2023-01,941235,830293,110942,11.8,69,0.181,0.207,0.241,0.138,1,0
SHOP056,2023-02,1100664,936529,164135,14.9,69,0.228,0.266,0.314,0.109,2,0
SHOP056,2023-03,575417,508128,67289,11.7,59,0.183,0.121,0.322,0.064,3,0
SHOP056,2023-04,752140,638744,113396,15.1,60,0.09,0.136,0.338,0.053,4,0
SHOP056,2023-05,807342,744509,62833,7.8,68,0.123,0.131,0.192,0.106,5,0
SHOP056,2023-06,705838,581292,124546,17.6,60,0.219,0.137,0.262,0.087,6,0
SHOP056,2023-07,785465,732261,53204,6.8,54,0.076,0.166,0.221,0.113,7,0
SHOP056,2023-08,838014,752303,85711,10.2,68,0.141,0.189,0.233,0.104,8,0
SHOP056,2023-09,886988,801407,85581,9.6,64,0.173,0.157,0.283,0.182,9,0
SHOP056,2023-10,710961,597894,113067,15.9,56,0.09,0.133,0.321,0.06,10,0
SHOP056,2023-11,940638,797021,143617,15.3,72,0.171,0.123,0.341,0.128,11,0
SHOP056,2023-12,724900,625665,99235,13.7,58,0.107,0.253,0.25,0.047,12,0
SHOP056,2024-01,793856,677181,116675,14.7,64,0.122,0.141,0.295,0.093,13,0
SHOP056,2024-02,846856,708970,137886,16.3,62,0.162,0.28,0.186,0.063,14,0
SHOP056,2024-03,715117,624649,90468,12.7,64,0.108,0.151,0.179,0.126,15,0
SHOP056,2024-04,949654,847861,101793,10.7,68,0.178,0.058,0.181,0.132,16,0
SHOP056,2024-05,680134,589509,90625,13.3,60,0.251,0.143,0.295,0.09,17,0
SHOP056,2024-06,670256,567704,102552,15.3,64,0.204,0.149,0.248,0.057,18,0
SHOP056,2024-07,786594,703349,83245,10.6,55,0.132,0.14,0.432,0.111,19,0
SHOP056,2024-08,782371,724582,57789,7.4,71,0.268,0.106,0.239,0.11,20,0
SHOP056,2024-09,1027735,914680,113055,11.0,72,0.132,0.128,0.217,0.091,21,0
SHOP056,2024-10,859917,748295,111622,13.0,49,0.149,0.14,0.284,0.1,22,0
SHOP056,2024-11,520472,439519,80953,15.6,57,0.135,0.136,0.331,0.071,23,0
SHOP056,2024-12,882361,768623,113738,12.9,63,0.142,0.191,0.354,0.066,24,0
SHOP056,2025-01,782662,680306,102356,13.1,67,0.091,0.059,0.319,0.09,25,0
SHOP056,2025-02,931255,816863,114392,12.3,62,0.208,0.135,0.198,0.066,26,0
SHOP056,2025-03,668790,576480,92310,13.8,66,0.181,0.097,0.234,0.106,27,0
SHOP056,2025-04,751073,664153,86920,11.6,65,0.187,0.2,0.26,0.14,28,0
SHOP056,2025-05,931751,813196,118555,12.7,73,0.191,0.207,0.319,0.127,29,0
SHOP056,2025-06,647510,589018,58492,9.0,62,0.043,0.066,0.231,0.089,30,0
SHOP056,2025-07,879920,735412,144508,16.4,55,0.169,0.124,0.299,0.126,31,0
SHOP056,2025-08,868235,774484,93751,10.8,61,0.24,0.182,0.313,0.096,32,0
SHOP056,2025-09,742511,636148,106363,14.3,62,0.128,0.148,0.139,0.081,33,1
SHOP056,2025-10,713148,632421,80727,11.3,56,0.192,0.202,0.298,0.138,34,0
SHOP056,2025-11,872015,767413,104602,12.0,62,0.164,0.192,0.207,0.16,35,1
SHOP056,2025-12,680957,596511,84446,12.4,67,0.143,0.087,0.319,0.051,36,0
SHOP057,2023-01,464084,372137,91947,19.8,36,0.043,0.315,0.164,0.03,1,1
SHOP057,2023-02,451467,387157,64310,14.2,40,0.051,0.277,0.168,0.019,2,0
SHOP057,2023-03,500713,428181,72532,14.5,34,0.075,0.329,0.132,0.111,3,0
SHOP057,2023-04,463888,359326,104562,22.5,36,0.042,0.318,0.163,0.075,4,1
SHOP057,2023-05,377597,308016,69581,18.4,31,0.024,0.295,0.059,0.039,5,1
SHOP057,2023-06,479015,360295,118720,24.8,31,0.079,0.326,0.187,0.084,6,1
SHOP057,2023-07,566719,471022,95697,16.9,33,0.081,0.237,0.072,0.041,7,1
SHOP057,2023-08,564625,484565,80060,14.2,30,0.076,0.279,0.148,0.055,8,0
SHOP057,2023-09,285955,218159,67796,23.7,28,0.041,0.383,0.083,0.032,9,1
SHOP057,2023-10,450986,366528,84458,18.7,38,0.0,0.307,0.166,0.038,10,1
SHOP057,2023-11,569257,453251,116006,20.4,37,0.02,0.282,0.169,0.026,11,1
SHOP057,2023-12,423661,343597,80064,18.9,35,0.061,0.337,0.02,0.05,12,1
SHOP057,2024-01,575614,497048,78566,13.6,25,0.093,0.254,0.064,0.045,13,1
SHOP057,2024-02,661271,526828,134443,20.3,29,0.097,0.231,0.02,0.035,14,1
SHOP057,2024-03,359456,299322,60134,16.7,50,0.192,0.255,0.197,0.069,15,0
SHOP057,2024-04,412896,341130,71766,17.4,30,0.103,0.303,0.231,0.064,16,1
SHOP057,2024-05,598014,484021,113993,19.1,44,0.073,0.36,0.11,0.065,17,1
SHOP057,2024-06,474318,372006,102312,21.6,27,0.163,0.329,0.291,0.039,18,1
SHOP057,2024-07,470792,372594,98198,20.9,27,0.19,0.341,0.162,0.08,19,1
SHOP057,2024-08,456698,355861,100837,22.1,30,0.116,0.326,0.17,0.034,20,1
SHOP057,2024-09,461391,369707,91684,19.9,43,0.121,0.299,0.159,0.017,21,1
SHOP057,2024-10,442664,367188,75476,17.1,36,0.051,0.352,0.169,0.113,22,1
SHOP057,2024-11,576379,475308,101071,17.5,32,0.107,0.387,0.248,0.078,23,1
SHOP057,2024-12,504393,436485,67908,13.5,35,0.045,0.316,0.204,0.041,24,1
SHOP057,2025-01,640396,549104,91292,14.3,31,0.095,0.393,0.079,0.086,25,1
SHOP057,2025-02,355769,292082,63687,17.9,29,0.089,0.33,0.206,0.055,26,1
SHOP057,2025-03,323154,278433,44721,13.8,39,0.063,0.343,0.109,0.052,27,1
SHOP057,2025-04,420510,334668,85842,20.4,38,0.093,0.343,0.088,0.052,28,1
SHOP057,2025-05,509473,402869,106604,20.9,26,0.033,0.339,0.16,0.094,29,1
SHOP057,2025-06,528199,413785,114414,21.7,39,0.09,0.312,0.125,0.103,30,1
SHOP057,2025-07,506075,425008,81067,16.0,43,0.156,0.331,0.192,0.023,31,1
SHOP057,2025-08,567031,474779,92252,16.3,33,0.0,0.292,0.159,0.025,32,1
SHOP057,2025-09,466372,390066,76306,16.4,33,0.034,0.326,0.097,0.085,33,1
SHOP057,2025-10,440580,336302,104278,23.7,24,0.093,0.326,0.138,0.041,34,1
SHOP057,2025-11,586450,475059,111391,19.0,39,0.104,0.336,0.178,0.016,35,1
SHOP057,2025-12,486553,388785,97768,20.1,48,0.094,0.285,0.091,0.019,36,1
SHOP058,2023-01,813111,665775,147336,18.1,73,0.047,0.343,0.083,0.028,1,0
SHOP058,2023-02,738898,608262,130636,17.7,67,0.113,0.318,0.141,0.04,2,1
SHOP058,2023-03,1166984,1003054,163930,14.0,68,0.087,0.236,0.25,0.0,3,0
SHOP058,2023-04,944088,767940,176148,18.7,64,0.07,0.301,0.055,0.056,4,1
SHOP058,2023-05,916250,731615,184635,20.2,67,0.076,0.353,0.131,0.028,5,1
SHOP058,2023-06,925978,734813,191165,20.6,65,0.098,0.276,0.167,0.059,6,1
SHOP058,2023-07,848805,703856,144949,17.1,60,0.033,0.391,0.133,0.046,7,1
SHOP058,2023-08,712747,561436,151311,21.2,65,0.07,0.369,0.115,0.042,8,1
SHOP058,2023-09,788136,628929,159207,20.2,75,0.021,0.391,0.143,0.061,9,1
SHOP058,2023-10,900190,699916,200274,22.2,73,0.108,0.312,0.104,0.097,10,1
SHOP058,2023-11,914224,735220,179004,19.6,65,0.102,0.361,0.177,0.014,11,1
SHOP058,2023-12,799512,690233,109279,13.7,71,0.107,0.247,0.072,0.061,12,1
SHOP058,2024-01,895376,771109,124267,13.9,66,0.13,0.342,0.212,0.035,13,1
SHOP058,2024-02,1040021,876379,163642,15.7,68,0.098,0.384,0.02,0.068,14,1
SHOP058,2024-03,825261,669025,156236,18.9,65,0.017,0.266,0.32,0.069,15,1
SHOP058,2024-04,989313,803787,185526,18.8,74,0.053,0.266,0.133,0.105,16,1
SHOP058,2024-05,1045283,906463,138820,13.3,57,0.019,0.264,0.157,0.071,17,1
SHOP058,2024-06,880594,699541,181053,20.6,66,0.033,0.317,0.211,0.071,18,1
SHOP058,2024-07,1176015,1002330,173685,14.8,70,0.054,0.328,0.211,0.066,19,1
SHOP058,2024-08,729843,578551,151292,20.7,57,0.009,0.261,0.108,0.058,20,1
SHOP058,2024-09,732119,597886,134233,18.3,67,0.02,0.236,0.217,0.066,21,1
SHOP058,2024-10,1000106,820818,179288,17.9,75,0.015,0.285,0.165,0.072,22,1
SHOP058,2024-11,1150920,967946,182974,15.9,55,0.043,0.389,0.132,0.089,23,1
SHOP058,2024-12,941681,707759,233922,24.8,82,0.15,0.263,0.097,0.017,24,1
SHOP058,2025-01,902152,700402,201750,22.4,74,0.131,0.215,0.205,0.016,25,1
SHOP058,2025-02,834363,696691,137672,16.5,77,0.085,0.369,0.164,0.04,26,1
SHOP058,2025-03,813948,699041,114907,14.1,63,0.034,0.279,0.086,0.096,27,1
SHOP058,2025-04,912462,702606,209856,23.0,61,0.099,0.247,0.164,0.018,28,1
SHOP058,2025-05,1095915,824206,271709,24.8,76,0.076,0.281,0.138,0.047,29,1
SHOP058,2025-06,907422,731511,175911,19.4,70,0.0,0.256,0.052,0.07,30,1
SHOP058,2025-07,926900,755192,171708,18.5,69,0.1,0.325,0.182,0.043,31,1
SHOP058,2025-08,607784,489516,118268,19.5,65,0.008,0.275,0.15,0.097,32,1
SHOP058,2025-09,1058599,865095,193504,18.3,75,0.178,0.271,0.175,0.043,33,1
SHOP058,2025-10,936772,766174,170598,18.2,62,0.108,0.29,0.043,0.033,34,1
SHOP058,2025-11,1147654,925113,222541,19.4,80,0.043,0.295,0.212,0.056,35,1
SHOP058,2025-12,927121,753231,173890,18.8,65,0.053,0.196,0.119,0.061,36,1
SHOP059,2023-01,433407,376860,56547,13.0,20,0.099,0.211,0.235,0.102,1,0
SHOP059,2023-02,510122,434406,75716,14.8,34,0.023,0.149,0.261,0.075,2,0
SHOP059,2023-03,253847,227672,26175,10.3,32,0.148,0.138,0.245,0.075,3,0
SHOP059,2023-04,222811,186583,36228,16.3,23,0.13,0.205,0.225,0.102,4,0
SHOP059,2023-05,330336,282861,47475,14.4,33,0.163,0.106,0.304,0.098,5,0
SHOP059,2023-06,326267,284082,42185,12.9,28,0.072,0.215,0.337,0.06,6,0
SHOP059,2023-07,377422,319995,57427,15.2,31,0.187,0.274,0.232,0.06,7,0
SHOP059,2023-08,510591,435558,75033,14.7,34,0.047,0.133,0.22,0.095,8,0
SHOP059,2023-09,304792,272662,32130,10.5,24,0.167,0.194,0.255,0.12,9,0
SHOP059,2023-10,431802,383241,48561,11.2,44,0.15,0.156,0.253,0.068,10,0
SHOP059,2023-11,287829,237736,50093,17.4,25,0.217,0.287,0.232,0.037,11,0
SHOP059,2023-12,435363,375232,60131,13.8,33,0.151,0.138,0.267,0.061,12,0
SHOP059,2024-01,398884,310735,88149,22.1,36,0.142,0.164,0.194,0.097,13,0
SHOP059,2024-02,356057,307878,48179,13.5,34,0.117,0.248,0.218,0.071,14,0
SHOP059,2024-03,314535,268216,46319,14.7,29,0.126,0.239,0.203,0.145,15,0
SHOP059,2024-04,408980,368581,40399,9.9,35,0.111,0.223,0.192,0.04,16,1
SHOP059,2024-05,385567,331869,53698,13.9,39,0.139,0.153,0.246,0.094,17,0
SHOP059,2024-06,536163,476881,59282,11.1,30,0.147,0.188,0.096,0.078,18,0
SHOP059,2024-07,392007,332935,59072,15.1,22,0.129,0.196,0.156,0.071,19,0
SHOP059,2024-08,459839,402547,57292,12.5,36,0.201,0.159,0.166,0.071,20,1
SHOP059,2024-09,402050,344275,57775,14.4,30,0.141,0.185,0.223,0.146,21,0
SHOP059,2024-10,318137,278796,39341,12.4,28,0.175,0.148,0.309,0.097,22,0
SHOP059,2024-11,349803,295058,54745,15.7,30,0.118,0.243,0.239,0.133,23,1
SHOP059,2024-12,402806,339022,63784,15.8,25,0.159,0.298,0.305,0.079,24,0
SHOP059,2025-01,302296,278076,24220,8.0,23,0.146,0.222,0.127,0.108,25,0
SHOP059,2025-02,366394,303566,62828,17.1,19,0.117,0.143,0.283,0.075,26,1
SHOP059,2025-03,458602,422526,36076,7.9,27,0.045,0.225,0.197,0.09,27,1
SHOP059,2025-04,268611,238425,30186,11.2,23,0.095,0.164,0.153,0.067,28,1
SHOP059,2025-05,437307,369799,67508,15.4,29,0.008,0.186,0.152,0.086,29,1
SHOP059,2025-06,329128,277520,51608,15.7,22,0.213,0.256,0.161,0.083,30,1
SHOP059,2025-07,280977,244446,36531,13.0,43,0.069,0.208,0.168,0.103,31,0
SHOP059,2025-08,445839,396398,49441,11.1,39,0.14,0.127,0.248,0.039,32,1
SHOP059,2025-09,293207,250342,42865,14.6,25,0.079,0.158,0.162,0.071,33,1
SHOP059,2025-10,392688,330076,62612,15.9,39,0.153,0.132,0.177,0.073,34,1
SHOP059,2025-11,364586,327283,37303,10.2,31,0.145,0.237,0.144,0.068,35,1
SHOP059,2025-12,316131,280627,35504,11.2,27,0.155,0.253,0.261,0.058,36,1
SHOP060,2023-01,726501,597520,128981,17.8,46,0.068,0.304,0.035,0.0,1,1
SHOP060,2023-02,551258,448594,102664,18.6,48,0.113,0.396,0.083,0.029,2,0
SHOP060,2023-03,568015,431314,136701,24.1,52,0.067,0.324,0.05,0.066,3,1
SHOP060,2023-04,650912,543065,107847,16.6,36,0.0,0.408,0.173,0.018,4,1
SHOP060,2023-05,422761,348120,74641,17.7,49,0.06,0.285,0.25,0.029,5,1
SHOP060,2023-06,638434,530495,107939,16.9,49,0.102,0.303,0.071,0.068,6,1
SHOP060,2023-07,639057,497123,141934,22.2,51,0.023,0.356,0.155,0.078,7,1
SHOP060,2023-08,427945,343435,84510,19.7,44,0.022,0.361,0.173,0.038,8,1
SHOP060,2023-09,614924,537086,77838,12.7,47,0.176,0.333,0.118,0.018,9,1
SHOP060,2023-10,711138,578566,132572,18.6,50,0.091,0.334,0.151,0.058,10,1
SHOP060,2023-11,786763,611290,175473,22.3,39,0.0,0.344,0.19,0.084,11,1
SHOP060,2023-12,477329,385024,92305,19.3,41,0.148,0.335,0.154,0.076,12,1
SHOP060,2024-01,522990,429147,93843,17.9,44,0.112,0.317,0.143,0.038,13,1
SHOP060,2024-02,596403,511491,84912,14.2,54,0.083,0.27,0.211,0.054,14,0
SHOP060,2024-03,545725,457466,88259,16.2,52,0.106,0.36,0.139,0.073,15,1
SHOP060,2024-04,536926,427450,109476,20.4,45,0.094,0.244,0.223,0.043,16,1
SHOP060,2024-05,483772,411652,72120,14.9,48,0.117,0.277,0.142,0.051,17,1
SHOP060,2024-06,669018,536916,132102,19.7,35,0.093,0.288,0.086,0.04,18,1
SHOP060,2024-07,667416,538672,128744,19.3,43,0.0,0.34,0.112,0.043,19,1
SHOP060,2024-08,534964,440294,94670,17.7,46,0.094,0.444,0.171,0.116,20,1
SHOP060,2024-09,574039,461168,112871,19.7,57,0.105,0.32,0.072,0.055,21,1
SHOP060,2024-10,448068,345384,102684,22.9,50,0.118,0.257,0.053,0.085,22,1
SHOP060,2024-11,519586,408944,110642,21.3,48,0.083,0.22,0.184,0.107,23,1
SHOP060,2024-12,501138,372264,128874,25.7,58,0.144,0.27,0.172,0.052,24,1
SHOP060,2025-01,572056,452751,119305,20.9,45,0.053,0.328,0.02,0.032,25,1
SHOP060,2025-02,454431,372329,82102,18.1,42,0.069,0.288,0.138,0.046,26,1
SHOP060,2025-03,675765,532558,143207,21.2,53,0.059,0.342,0.095,0.002,27,1
SHOP060,2025-04,633273,475847,157426,24.9,47,0.104,0.37,0.15,0.034,28,1
SHOP060,2025-05,518973,403515,115458,22.2,47,0.0,0.288,0.177,0.06,29,1
SHOP060,2025-06,483290,389078,94212,19.5,63,0.033,0.368,0.097,0.066,30,1
SHOP060,2025-07,660354,570158,90196,13.7,37,0.045,0.276,0.038,0.025,31,1
SHOP060,2025-08,503446,398148,105298,20.9,39,0.053,0.364,0.177,0.068,32,1
SHOP060,2025-09,688897,513493,175404,25.5,39,0.175,0.323,0.082,0.051,33,1
SHOP060,2025-10,631566,535403,96163,15.2,49,0.11,0.286,0.201,0.061,34,1
SHOP060,2025-11,617091,509707,107384,17.4,49,0.021,0.287,0.135,0.037,35,1
SHOP060,2025-12,511048,382172,128876,25.2,43,0.065,0.24,0.08,0.079,36,1
SHOP061,2023-01,475046,425919,49127,10.3,34,0.096,0.186,0.184,0.128,1,0
SHOP061,2023-02,285024,253219,31805,11.2,29,0.16,0.204,0.226,0.091,2,0
SHOP061,2023-03,489722,419399,70323,14.4,28,0.173,0.129,0.302,0.015,3,0
SHOP061,2023-04,513986,440534,73452,14.3,28,0.205,0.207,0.182,0.107,4,0
SHOP061,2023-05,398425,351745,46680,11.7,33,0.162,0.245,0.265,0.101,5,0
SHOP061,2023-06,417825,387035,30790,7.4,34,0.154,0.271,0.251,0.086,6,0
SHOP061,2023-07,516214,440970,75244,14.6,28,0.067,0.26,0.195,0.056,7,0
SHOP061,2023-08,485299,404925,80374,16.6,21,0.053,0.292,0.324,0.076,8,0
SHOP061,2023-09,481166,410526,70640,14.7,24,0.119,0.255,0.271,0.0,9,0
SHOP061,2023-10,367244,296997,70247,19.1,24,0.071,0.221,0.19,0.078,10,0
SHOP061,2023-11,398357,347792,50565,12.7,34,0.113,0.229,0.309,0.099,11,0
SHOP061,2023-12,399432,321602,77830,19.5,35,0.114,0.14,0.187,0.06,12,1
SHOP061,2024-01,492197,426333,65864,13.4,42,0.092,0.233,0.143,0.061,13,0
SHOP061,2024-02,415574,354731,60843,14.6,37,0.043,0.152,0.3,0.026,14,0
SHOP061,2024-03,459823,419723,40100,8.7,42,0.108,0.18,0.226,0.059,15,0
SHOP061,2024-04,329499,272547,56952,17.3,46,0.144,0.239,0.252,0.084,16,1
SHOP061,2024-05,365375,308974,56401,15.4,35,0.152,0.218,0.203,0.119,17,0
SHOP061,2024-06,453471,387900,65571,14.5,38,0.116,0.239,0.18,0.05,18,1
SHOP061,2024-07,424834,364263,60571,14.3,33,0.106,0.23,0.265,0.051,19,0
SHOP061,2024-08,458653,388281,70372,15.3,32,0.056,0.187,0.183,0.052,20,1
SHOP061,2024-09,529407,466604,62803,11.9,25,0.117,0.174,0.095,0.03,21,1
SHOP061,2024-10,432437,369884,62553,14.5,40,0.175,0.227,0.227,0.035,22,1
SHOP061,2024-11,551146,452285,98861,17.9,35,0.091,0.178,0.242,0.104,23,1
SHOP061,2024-12,483299,431792,51507,10.7,31,0.13,0.159,0.205,0.072,24,1
SHOP061,2025-01,668286,561674,106612,16.0,38,0.09,0.178,0.297,0.089,25,1
SHOP061,2025-02,553862,488932,64930,11.7,28,0.071,0.158,0.218,0.083,26,0
SHOP061,2025-03,422052,360130,61922,14.7,31,0.172,0.198,0.218,0.102,27,1
SHOP061,2025-04,370332,314001,56331,15.2,40,0.152,0.288,0.231,0.075,28,1
SHOP061,2025-05,486923,399351,87572,18.0,36,0.116,0.182,0.215,0.126,29,1
SHOP061,2025-06,452816,391895,60921,13.5,27,0.186,0.067,0.224,0.128,30,0
SHOP061,2025-07,227387,185371,42016,18.5,32,0.139,0.174,0.284,0.059,31,1
SHOP061,2025-08,468202,411377,56825,12.1,36,0.18,0.227,0.24,0.032,32,1
SHOP061,2025-09,425078,365770,59308,14.0,31,0.139,0.246,0.319,0.079,33,1
SHOP061,2025-10,298139,252302,45837,15.4,27,0.085,0.063,0.152,0.101,34,1
SHOP061,2025-11,323578,272091,51487,15.9,18,0.199,0.203,0.233,0.087,35,1
SHOP061,2025-12,329927,289245,40682,12.3,39,0.184,0.19,0.154,0.06,36,1
SHOP062,2023-01,938114,785360,152754,16.3,64,0.059,0.223,0.138,0.069,1,0
SHOP062,2023-02,763222,646056,117166,15.4,60,0.037,0.247,0.298,0.037,2,0
SHOP062,2023-03,604641,510421,94220,15.6,65,0.088,0.158,0.212,0.068,3,0
SHOP062,2023-04,741145,631862,109283,14.7,69,0.08,0.251,0.224,0.073,4,0
SHOP062,2023-05,645514,546711,98803,15.3,65,0.141,0.324,0.179,0.015,5,1
SHOP062,2023-06,767681,619872,147809,19.3,63,0.147,0.182,0.334,0.042,6,0
SHOP062,2023-07,736665,613723,122942,16.7,58,0.107,0.239,0.167,0.06,7,0
SHOP062,2023-08,578582,478217,100365,17.3,64,0.112,0.255,0.323,0.039,8,0
SHOP062,2023-09,809995,730694,79301,9.8,63,0.201,0.259,0.185,0.103,9,0
SHOP062,2023-10,1078991,961479,117512,10.9,66,0.09,0.187,0.218,0.079,10,0
SHOP062,2023-11,717934,618353,99581,13.9,56,0.169,0.291,0.14,0.078,11,1
SHOP062,2023-12,832494,681310,151184,18.2,70,0.092,0.217,0.088,0.138,12,0
SHOP062,2024-01,757702,652474,105228,13.9,73,0.049,0.267,0.225,0.036,13,1
SHOP062,2024-02,751113,629917,121196,16.1,56,0.051,0.198,0.244,0.066,14,1
SHOP062,2024-03,706555,602785,103770,14.7,61,0.168,0.208,0.223,0.072,15,1
SHOP062,2024-04,1198577,1035488,163089,13.6,63,0.005,0.324,0.198,0.009,16,1
SHOP062,2024-05,845356,682866,162490,19.2,58,0.0,0.278,0.259,0.067,17,1
SHOP062,2024-06,888750,764471,124279,14.0,54,0.008,0.321,0.192,0.091,18,1
SHOP062,2024-07,874870,756112,118758,13.6,48,0.095,0.284,0.306,0.059,19,1
SHOP062,2024-08,779556,629264,150292,19.3,64,0.116,0.192,0.219,0.072,20,1
SHOP062,2024-09,767818,653665,114153,14.9,70,0.13,0.252,0.265,0.012,21,1
SHOP062,2024-10,753805,592632,161173,21.4,53,0.117,0.203,0.181,0.087,22,1
SHOP062,2024-11,775612,635485,140127,18.1,65,0.082,0.29,0.298,0.073,23,1
SHOP062,2024-12,690429,581799,108630,15.7,55,0.136,0.267,0.129,0.1,24,1
SHOP062,2025-01,588032,498818,89214,15.2,67,0.125,0.252,0.211,0.075,25,1
SHOP062,2025-02,941717,796841,144876,15.4,69,0.123,0.205,0.318,0.148,26,0
SHOP062,2025-03,532905,446237,86668,16.3,76,0.002,0.292,0.219,0.118,27,1
SHOP062,2025-04,525569,432081,93488,17.8,54,0.143,0.292,0.128,0.093,28,1
SHOP062,2025-05,861648,766098,95550,11.1,63,0.102,0.274,0.181,0.077,29,1
SHOP062,2025-06,748871,642168,106703,14.2,60,0.08,0.195,0.26,0.104,30,1
SHOP062,2025-07,942706,809998,132708,14.1,62,0.049,0.315,0.13,0.088,31,1
SHOP062,2025-08,646087,532249,113838,17.6,68,0.148,0.329,0.136,0.086,32,1
SHOP062,2025-09,423686,364702,58984,13.9,57,0.137,0.309,0.128,0.073,33,0
SHOP062,2025-10,758267,634855,123412,16.3,56,0.159,0.298,0.176,0.036,34,1
SHOP062,2025-11,911814,769569,142245,15.6,70,0.124,0.221,0.08,0.118,35,1
SHOP062,2025-12,889379,745930,143449,16.1,54,0.101,0.239,0.17,0.031,36,1
SHOP063,2023-01,303037,265626,37411,12.3,15,0.143,0.231,0.147,0.152,1,0
SHOP063,2023-02,330590,291198,39392,11.9,24,0.141,0.161,0.364,0.071,2,0
SHOP063,2023-03,337013,296204,40809,12.1,24,0.167,0.192,0.286,0.112,3,0
SHOP063,2023-04,236721,217618,19103,8.1,20,0.121,0.212,0.226,0.15,4,0
SHOP063,2023-05,260955,229683,31272,12.0,22,0.171,0.175,0.258,0.071,5,0
SHOP063,2023-06,292284,254516,37768,12.9,28,0.128,0.241,0.194,0.088,6,0
SHOP063,2023-07,281184,245045,36139,12.9,25,0.194,0.245,0.253,0.132,7,0
SHOP063,2023-08,308606,276479,32127,10.4,21,0.173,0.12,0.249,0.059,8,0
SHOP063,2023-09,281801,239919,41882,14.9,24,0.172,0.192,0.188,0.103,9,0
SHOP063,2023-10,344749,296061,48688,14.1,21,0.179,0.196,0.258,0.047,10,0
SHOP063,2023-11,377610,305448,72162,19.1,22,0.165,0.154,0.212,0.086,11,0
SHOP063,2023-12,336154,287606,48548,14.4,35,0.074,0.161,0.101,0.127,12,0
SHOP063,2024-01,353026,312258,40768,11.5,20,0.163,0.177,0.268,0.099,13,0
SHOP063,2024-02,354525,317357,37168,10.5,23,0.187,0.171,0.245,0.123,14,0
SHOP063,2024-03,353340,326070,27270,7.7,25,0.221,0.126,0.23,0.081,15,0
SHOP063,2024-04,346289,306690,39599,11.4,19,0.045,0.116,0.221,0.142,16,0
SHOP063,2024-05,230109,189198,40911,17.8,21,0.098,0.236,0.288,0.094,17,0
SHOP063,2024-06,315933,278419,37514,11.9,36,0.08,0.363,0.262,0.064,18,0
SHOP063,2024-07,325639,281120,44519,13.7,15,0.237,0.21,0.244,0.092,19,0
SHOP063,2024-08,388244,367514,20730,5.3,27,0.082,0.19,0.194,0.144,20,0
SHOP063,2024-09,360674,296424,64250,17.8,28,0.152,0.14,0.237,0.126,21,0
SHOP063,2024-10,404561,327238,77323,19.1,8,0.027,0.247,0.266,0.117,22,1
SHOP063,2024-11,414306,327982,86324,20.8,29,0.215,0.103,0.221,0.13,23,0
SHOP063,2024-12,281209,250135,31074,11.1,26,0.129,0.264,0.206,0.095,24,1
SHOP063,2025-01,231461,196763,34698,15.0,17,0.212,0.186,0.315,0.139,25,1
SHOP063,2025-02,386719,342300,44419,11.5,26,0.141,0.214,0.303,0.102,26,1
SHOP063,2025-03,328995,287658,41337,12.6,21,0.124,0.182,0.268,0.125,27,1
SHOP063,2025-04,295391,248638,46753,15.8,26,0.1,0.233,0.355,0.09,28,1
SHOP063,2025-05,368933,337779,31154,8.4,26,0.24,0.156,0.237,0.097,29,0
SHOP063,2025-06,294292,259771,34521,11.7,27,0.155,0.138,0.252,0.112,30,1
SHOP063,2025-07,321491,276246,45245,14.1,30,0.192,0.167,0.232,0.065,31,1
SHOP063,2025-08,234879,198436,36443,15.5,37,0.155,0.234,0.272,0.112,32,0
SHOP063,2025-09,287928,236466,51462,17.9,22,0.152,0.235,0.273,0.132,33,1
SHOP063,2025-10,324191,264382,59809,18.4,19,0.141,0.231,0.192,0.132,34,1
SHOP063,2025-11,423503,346008,77495,18.3,35,0.139,0.086,0.107,0.093,35,0
SHOP063,2025-12,351458,311587,39871,11.3,17,0.094,0.117,0.209,0.089,36,0
SHOP064,2023-01,312459,258611,53848,17.2,26,0.07,0.21,0.115,0.104,1,0
SHOP064,2023-02,417750,326407,91343,21.9,21,0.094,0.223,0.291,0.045,2,0
SHOP064,2023-03,306530,248194,58336,19.0,28,0.0,0.255,0.232,0.051,3,0
SHOP064,2023-04,339927,300254,39673,11.7,31,0.125,0.293,0.14,0.066,4,0
SHOP064,2023-05,232168,189428,42740,18.4,25,0.091,0.19,0.29,0.05,5,0
SHOP064,2023-06,429475,348366,81109,18.9,19,0.071,0.286,0.136,0.121,6,0
SHOP064,2023-07,370735,329188,41547,11.2,33,0.204,0.222,0.317,0.034,7,0
SHOP064,2023-08,368364,321399,46965,12.7,31,0.132,0.254,0.374,0.076,8,0
SHOP064,2023-09,424441,362401,62040,14.6,27,0.122,0.24,0.205,0.085,9,0
SHOP064,2023-10,415121,355558,59563,14.3,33,0.064,0.196,0.204,0.082,10,0
SHOP064,2023-11,311193,256318,54875,17.6,28,0.17,0.299,0.071,0.094,11,1
SHOP064,2023-12,344440,269989,74451,21.6,32,0.128,0.291,0.113,0.065,12,1
SHOP064,2024-01,430428,362749,67679,15.7,36,0.195,0.226,0.157,0.069,13,0
SHOP064,2024-02,273662,229304,44358,16.2,29,0.076,0.301,0.206,0.085,14,0
SHOP064,2024-03,276389,234151,42238,15.3,29,0.067,0.271,0.215,0.066,15,1
SHOP064,2024-04,254248,212550,41698,16.4,32,0.155,0.209,0.156,0.072,16,1
SHOP064,2024-05,312319,263709,48610,15.6,35,0.086,0.168,0.099,0.058,17,1
SHOP064,2024-06,291236,225875,65361,22.4,34,0.079,0.182,0.088,0.032,18,1
SHOP064,2024-07,365537,320110,45427,12.4,28,0.158,0.193,0.062,0.066,19,1
SHOP064,2024-08,289608,229091,60517,20.9,28,0.207,0.217,0.23,0.044,20,1
SHOP064,2024-09,177285,148734,28551,16.1,16,0.139,0.268,0.289,0.101,21,1
SHOP064,2024-10,364799,307959,56840,15.6,32,0.124,0.2,0.167,0.038,22,1
SHOP064,2024-11,377318,310746,66572,17.6,29,0.093,0.278,0.187,0.102,23,1
SHOP064,2024-12,357471,300013,57458,16.1,33,0.071,0.27,0.272,0.084,24,1
SHOP064,2025-01,284779,249094,35685,12.5,28,0.058,0.237,0.135,0.062,25,1
SHOP064,2025-02,294441,245866,48575,16.5,31,0.126,0.179,0.332,0.113,26,0
SHOP064,2025-03,313858,255868,57990,18.5,25,0.215,0.217,0.104,0.114,27,1
SHOP064,2025-04,305069,259223,45846,15.0,27,0.09,0.183,0.253,0.034,28,1
SHOP064,2025-05,325259,277519,47740,14.7,35,0.112,0.289,0.154,0.081,29,1
SHOP064,2025-06,273760,229217,44543,16.3,30,0.0,0.237,0.219,0.096,30,1
SHOP064,2025-07,411552,336145,75407,18.3,28,0.122,0.244,0.18,0.044,31,1
SHOP064,2025-08,418015,338779,79236,19.0,34,0.105,0.336,0.226,0.145,32,1
SHOP064,2025-09,251260,212790,38470,15.3,26,0.201,0.219,0.105,0.044,33,1
SHOP064,2025-10,312869,280937,31932,10.2,28,0.09,0.2,0.227,0.127,34,1
SHOP064,2025-11,353882,297100,56782,16.0,31,0.062,0.236,0.247,0.055,35,1
SHOP064,2025-12,395915,334143,61772,15.6,40,0.136,0.211,0.189,0.087,36,1
SHOP065,2023-01,915461,785304,130157,14.2,80,0.211,0.124,0.164,0.068,1,0
SHOP065,2023-02,856398,759620,96778,11.3,72,0.16,0.197,0.193,0.084,2,0
SHOP065,2023-03,779647,698741,80906,10.4,65,0.255,0.074,0.226,0.091,3,0
SHOP065,2023-04,551759,480272,71487,13.0,57,0.078,0.192,0.218,0.102,4,0
SHOP065,2023-05,846774,740103,106671,12.6,67,0.11,0.162,0.335,0.118,5,0
SHOP065,2023-06,1018430,894194,124236,12.2,69,0.075,0.218,0.213,0.112,6,0
SHOP065,2023-07,1048209,917360,130849,12.5,61,0.197,0.191,0.312,0.084,7,0
SHOP065,2023-08,935428,741273,194155,20.8,68,0.134,0.108,0.264,0.107,8,0
SHOP065,2023-09,774953,671662,103291,13.3,59,0.11,0.138,0.22,0.067,9,0
SHOP065,2023-10,553476,496978,56498,10.2,75,0.192,0.219,0.232,0.124,10,0
SHOP065,2023-11,816378,706503,109875,13.5,63,0.096,0.119,0.237,0.035,11,0
SHOP065,2023-12,846435,713050,133385,15.8,60,0.127,0.228,0.291,0.117,12,0
SHOP065,2024-01,821540,674373,147167,17.9,65,0.198,0.223,0.174,0.091,13,0
SHOP065,2024-02,1045869,956411,89458,8.6,66,0.078,0.185,0.074,0.076,14,0
SHOP065,2024-03,955044,850244,104800,11.0,69,0.216,0.219,0.202,0.099,15,0
SHOP065,2024-04,740845,611921,128924,17.4,66,0.151,0.163,0.245,0.115,16,0
SHOP065,2024-05,667713,568424,99289,14.9,77,0.142,0.215,0.207,0.063,17,0
SHOP065,2024-06,832154,684002,148152,17.8,65,0.087,0.255,0.109,0.114,18,1
SHOP065,2024-07,1075156,924742,150414,14.0,66,0.184,0.217,0.296,0.156,19,0
SHOP065,2024-08,954400,836716,117684,12.3,65,0.122,0.193,0.231,0.156,20,0
SHOP065,2024-09,943358,834436,108922,11.5,66,0.086,0.195,0.213,0.111,21,1
SHOP065,2024-10,648644,546187,102457,15.8,68,0.128,0.229,0.222,0.115,22,1
SHOP065,2024-11,942910,833892,109018,11.6,52,0.151,0.185,0.21,0.058,23,0
SHOP065,2024-12,1204386,1064713,139673,11.6,65,0.146,0.23,0.288,0.072,24,0
SHOP065,2025-01,670793,595423,75370,11.2,74,0.162,0.139,0.277,0.097,25,0
SHOP065,2025-02,717542,631463,86079,12.0,71,0.11,0.251,0.173,0.092,26,1
SHOP065,2025-03,801880,713367,88513,11.0,75,0.131,0.147,0.282,0.057,27,1
SHOP065,2025-04,603009,491771,111238,18.4,71,0.022,0.292,0.292,0.068,28,1
SHOP065,2025-05,807164,718679,88485,11.0,67,0.218,0.156,0.198,0.046,29,1
SHOP065,2025-06,1001808,872186,129622,12.9,65,0.157,0.293,0.221,0.081,30,1
SHOP065,2025-07,935045,812864,122181,13.1,63,0.123,0.262,0.202,0.081,31,1
SHOP065,2025-08,854483,740853,113630,13.3,63,0.068,0.199,0.211,0.052,32,1
SHOP065,2025-09,734133,601632,132501,18.0,73,0.11,0.257,0.12,0.051,33,1
SHOP065,2025-10,950452,783665,166787,17.5,65,0.168,0.246,0.216,0.108,34,1
SHOP065,2025-11,677737,600993,76744,11.3,69,0.21,0.257,0.177,0.081,35,1
SHOP065,2025-12,705822,592687,113135,16.0,67,0.115,0.145,0.149,0.11,36,0
SHOP066,2023-01,368990,310577,58413,15.8,34,0.0,0.333,0.22,0.039,1,0
SHOP066,2023-02,467959,356221,111738,23.9,36,0.164,0.271,0.274,0.035,2,0
SHOP066,2023-03,537073,477838,59235,11.0,32,0.051,0.347,0.113,0.03,3,0
SHOP066,2023-04,473803,415452,58351,12.3,37,0.154,0.374,0.241,0.034,4,0
SHOP066,2023-05,531152,441201,89951,16.9,38,0.102,0.447,0.14,0.072,5,1
SHOP066,2023-06,393378,316260,77118,19.6,37,0.058,0.288,0.09,0.06,6,1
SHOP066,2023-07,327649,282583,45066,13.8,37,0.086,0.297,0.176,0.081,7,0
SHOP066,2023-08,370068,298835,71233,19.2,18,0.098,0.35,0.182,0.074,8,1
SHOP066,2023-09,230060,194764,35296,15.3,45,0.013,0.235,0.165,0.008,9,1
SHOP066,2023-10,434987,355387,79600,18.3,42,0.109,0.277,0.268,0.027,10,0
SHOP066,2023-11,358930,286489,72441,20.2,19,0.198,0.235,0.186,0.0,11,1
SHOP066,2023-12,454521,378433,76088,16.7,30,0.096,0.305,0.135,0.057,12,1
SHOP066,2024-01,498936,441274,57662,11.6,43,0.086,0.394,0.229,0.091,13,1
SHOP066,2024-02,365633,325873,39760,10.9,28,0.041,0.297,0.174,0.077,14,1
SHOP066,2024-03,215372,169228,46144,21.4,29,0.102,0.305,0.144,0.082,15,1
SHOP066,2024-04,389338,310828,78510,20.2,30,0.136,0.236,0.072,0.043,16,1
SHOP066,2024-05,447574,373981,73593,16.4,37,0.14,0.34,0.114,0.048,17,1
SHOP066,2024-06,481180,405554,75626,15.7,30,0.062,0.361,0.176,0.084,18,1
SHOP066,2024-07,441938,357417,84521,19.1,26,0.108,0.28,0.234,0.053,19,1
SHOP066,2024-08,405240,307787,97453,24.0,32,0.044,0.252,0.172,0.066,20,1
SHOP066,2024-09,408598,324709,83889,20.5,22,0.096,0.298,0.02,0.031,21,1
SHOP066,2024-10,360106,302777,57329,15.9,27,0.051,0.335,0.222,0.041,22,1
SHOP066,2024-11,458042,395593,62449,13.6,39,0.012,0.364,0.166,0.016,23,1
SHOP066,2024-12,527009,418861,108148,20.5,36,0.008,0.198,0.134,0.013,24,1
SHOP066,2025-01,468008,370764,97244,20.8,31,0.086,0.389,0.296,0.023,25,1
SHOP066,2025-02,378898,324994,53904,14.2,24,0.097,0.385,0.172,0.095,26,1
SHOP066,2025-03,346730,267053,79677,23.0,37,0.076,0.378,0.138,0.086,27,1
SHOP066,2025-04,463996,386960,77036,16.6,39,0.089,0.327,0.165,0.089,28,1
SHOP066,2025-05,362550,281317,81233,22.4,27,0.006,0.333,0.146,0.019,29,1
SHOP066,2025-06,518237,418122,100115,19.3,38,0.142,0.288,0.124,0.054,30,1
SHOP066,2025-07,413628,322755,90873,22.0,34,0.13,0.403,0.167,0.038,31,1
SHOP066,2025-08,487166,401209,85957,17.6,41,0.009,0.228,0.185,0.043,32,1
SHOP066,2025-09,438033,337890,100143,22.9,37,0.104,0.296,0.219,0.125,33,1
SHOP066,2025-10,464372,398562,65810,14.2,36,0.139,0.168,0.094,0.073,34,1
SHOP066,2025-11,318795,267565,51230,16.1,41,0.075,0.344,0.142,0.0,35,1
SHOP066,2025-12,487485,422063,65422,13.4,34,0.079,0.305,0.121,0.023,36,1
SHOP067,2023-01,534312,475664,58648,11.0,36,0.074,0.126,0.224,0.092,1,0
SHOP067,2023-02,487554,431974,55580,11.4,37,0.155,0.086,0.186,0.076,2,0
SHOP067,2023-03,572894,491086,81808,14.3,36,0.132,0.229,0.365,0.096,3,0
SHOP067,2023-04,333468,296850,36618,11.0,39,0.145,0.203,0.287,0.101,4,0
SHOP067,2023-05,460548,400234,60314,13.1,33,0.195,0.143,0.196,0.097,5,0
SHOP067,2023-06,467059,396237,70822,15.2,39,0.097,0.136,0.253,0.069,6,0
SHOP067,2023-07,640538,546163,94375,14.7,45,0.0,0.128,0.221,0.123,7,0
SHOP067,2023-08,266313,237263,29050,10.9,27,0.159,0.187,0.215,0.107,8,0
SHOP067,2023-09,524858,460447,64411,12.3,46,0.231,0.085,0.302,0.12,9,0
SHOP067,2023-10,543591,478786,64805,11.9,41,0.159,0.178,0.262,0.104,10,0
SHOP067,2023-11,426018,386166,39852,9.4,34,0.137,0.128,0.294,0.089,11,0
SHOP067,2023-12,549445,451823,97622,17.8,42,0.142,0.175,0.218,0.134,12,0
SHOP067,2024-01,542206,452651,89555,16.5,35,0.229,0.163,0.277,0.094,13,0
SHOP067,2024-02,574813,515895,58918,10.2,41,0.135,0.209,0.238,0.079,14,0
SHOP067,2024-03,662173,556367,105806,16.0,32,0.153,0.207,0.324,0.026,15,0
SHOP067,2024-04,499309,419214,80095,16.0,39,0.177,0.19,0.299,0.069,16,0
SHOP067,2024-05,549320,479038,70282,12.8,33,0.143,0.273,0.325,0.099,17,0
SHOP067,2024-06,464756,379506,85250,18.3,43,0.177,0.144,0.329,0.107,18,0
SHOP067,2024-07,551186,479411,71775,13.0,40,0.092,0.082,0.339,0.076,19,0
SHOP067,2024-08,536203,450949,85254,15.9,26,0.175,0.232,0.255,0.067,20,0
SHOP067,2024-09,570267,508603,61664,10.8,41,0.121,0.143,0.151,0.121,21,0
SHOP067,2024-10,422573,353880,68693,16.3,35,0.147,0.184,0.236,0.116,22,0
SHOP067,2024-11,429660,371317,58343,13.6,41,0.112,0.136,0.185,0.086,23,1
SHOP067,2024-12,528397,434709,93688,17.7,38,0.083,0.174,0.139,0.098,24,0
SHOP067,2025-01,528313,476446,51867,9.8,35,0.136,0.162,0.269,0.151,25,1
SHOP067,2025-02,398413,357514,40899,10.3,41,0.209,0.139,0.321,0.049,26,0
SHOP067,2025-03,319013,272961,46052,14.4,44,0.121,0.178,0.239,0.12,27,1
SHOP067,2025-04,478537,408411,70126,14.7,38,0.023,0.221,0.187,0.1,28,1
SHOP067,2025-05,391593,327969,63624,16.2,26,0.243,0.234,0.144,0.102,29,1
SHOP067,2025-06,508024,456353,51671,10.2,35,0.132,0.203,0.172,0.092,30,0
SHOP067,2025-07,482020,415750,66270,13.7,27,0.157,0.236,0.304,0.095,31,0
SHOP067,2025-08,537779,430200,107579,20.0,47,0.105,0.23,0.224,0.055,32,1
SHOP067,2025-09,432144,384433,47711,11.0,29,0.146,0.325,0.217,0.104,33,0
SHOP067,2025-10,507847,429622,78225,15.4,34,0.163,0.213,0.248,0.093,34,1
SHOP067,2025-11,548376,479284,69092,12.6,32,0.19,0.206,0.24,0.059,35,0
SHOP067,2025-12,560588,499053,61535,11.0,44,0.173,0.188,0.233,0.091,36,1
SHOP068,2023-01,415171,344100,71071,17.1,50,0.066,0.251,0.084,0.037,1,1
SHOP068,2023-02,608294,513394,94900,15.6,50,0.043,0.247,0.117,0.062,2,1
SHOP068,2023-03,618573,504700,113873,18.4,49,0.028,0.355,0.176,0.047,3,1
SHOP068,2023-04,757698,589506,168192,22.2,41,0.0,0.29,0.211,0.031,4,1
SHOP068,2023-05,775969,611095,164874,21.2,58,0.038,0.29,0.113,0.043,5,1
SHOP068,2023-06,705490,580729,124761,17.7,49,0.089,0.296,0.086,0.039,6,1
SHOP068,2023-07,879541,729865,149676,17.0,62,0.078,0.32,0.094,0.025,7,1
SHOP068,2023-08,654439,528409,126030,19.3,56,0.063,0.279,0.257,0.037,8,1
SHOP068,2023-09,632342,518058,114284,18.1,62,0.064,0.274,0.146,0.041,9,1
SHOP068,2023-10,598143,495289,102854,17.2,52,0.111,0.324,0.115,0.082,10,1
SHOP068,2023-11,706753,576196,130557,18.5,49,0.116,0.287,0.121,0.006,11,1
SHOP068,2023-12,899418,767277,132141,14.7,54,0.084,0.275,0.14,0.016,12,1
SHOP068,2024-01,622181,514361,107820,17.3,54,0.0,0.301,0.152,0.074,13,1
SHOP068,2024-02,627162,521401,105761,16.9,48,0.052,0.252,0.087,0.049,14,1
SHOP068,2024-03,732912,613704,119208,16.3,62,0.051,0.358,0.105,0.0,15,1
SHOP068,2024-04,766974,584626,182348,23.8,51,0.045,0.272,0.176,0.034,16,1
SHOP068,2024-05,593043,470813,122230,20.6,52,0.031,0.257,0.159,0.057,17,1
SHOP068,2024-06,685653,527924,157729,23.0,52,0.065,0.246,0.146,0.015,18,1
SHOP068,2024-07,742544,623957,118587,16.0,69,0.085,0.336,0.179,0.068,19,1
SHOP068,2024-08,808288,663193,145095,18.0,50,0.083,0.346,0.159,0.088,20,1
SHOP068,2024-09,771872,651684,120188,15.6,60,0.144,0.244,0.084,0.041,21,1
SHOP068,2024-10,641959,510120,131839,20.5,64,0.008,0.323,0.112,0.024,22,1
SHOP068,2024-11,685406,557018,128388,18.7,44,0.051,0.238,0.094,0.051,23,1
SHOP068,2024-12,558429,456057,102372,18.3,50,0.118,0.308,0.176,0.095,24,1
SHOP068,2025-01,900886,741432,159454,17.7,42,0.139,0.349,0.173,0.059,25,1
SHOP068,2025-02,754095,607613,146482,19.4,56,0.073,0.294,0.039,0.071,26,1
SHOP068,2025-03,797726,638691,159035,19.9,57,0.087,0.359,0.115,0.064,27,1
SHOP068,2025-04,863576,680616,182960,21.2,66,0.087,0.344,0.191,0.013,28,1
SHOP068,2025-05,716198,573939,142259,19.9,58,0.043,0.312,0.092,0.058,29,1
SHOP068,2025-06,471029,381030,89999,19.1,49,0.056,0.241,0.091,0.063,30,1
SHOP068,2025-07,696656,535619,161037,23.1,60,0.095,0.325,0.131,0.057,31,1
SHOP068,2025-08,637803,527235,110568,17.3,53,0.118,0.328,0.232,0.086,32,1
SHOP068,2025-09,616536,496013,120523,19.5,55,0.065,0.399,0.19,0.0,33,1
SHOP068,2025-10,735865,633469,102396,13.9,46,0.111,0.305,0.194,0.014,34,1
SHOP068,2025-11,760959,617671,143288,18.8,57,0.09,0.282,0.143,0.039,35,1
SHOP068,2025-12,506711,414769,91942,18.1,55,0.171,0.253,0.196,0.025,36,1
SHOP069,2023-01,678864,542631,136233,20.1,59,0.197,0.221,0.034,0.066,1,0
SHOP069,2023-02,895976,802289,93687,10.5,61,0.113,0.235,0.226,0.057,2,0
SHOP069,2023-03,754111,601149,152962,20.3,47,0.088,0.296,0.162,0.111,3,0
SHOP069,2023-04,633279,512171,121108,19.1,49,0.135,0.341,0.203,0.013,4,0
SHOP069,2023-05,780426,637299,143127,18.3,53,0.094,0.25,0.199,0.049,5,0
SHOP069,2023-06,711766,595085,116681,16.4,56,0.005,0.331,0.148,0.083,6,1
SHOP069,2023-07,676006,561339,114667,17.0,54,0.108,0.268,0.116,0.062,7,0
SHOP069,2023-08,619340,509827,109513,17.7,66,0.279,0.258,0.107,0.032,8,0
SHOP069,2023-09,981473,813249,168224,17.1,51,0.13,0.387,0.237,0.087,9,1
SHOP069,2023-10,626226,552625,73601,11.8,55,0.138,0.293,0.296,0.062,10,1
SHOP069,2023-11,869385,718307,151078,17.4,62,0.167,0.295,0.112,0.047,11,1
SHOP069,2023-12,696960,546810,150150,21.5,51,0.106,0.397,0.221,0.071,12,1
SHOP069,2024-01,542557,442806,99751,18.4,66,0.156,0.308,0.241,0.085,13,1
SHOP069,2024-02,633833,519648,114185,18.0,60,0.04,0.193,0.13,0.046,14,0
SHOP069,2024-03,736046,632749,103297,14.0,50,0.046,0.212,0.295,0.069,15,0
SHOP069,2024-04,714715,563258,151457,21.2,65,0.197,0.197,0.236,0.068,16,1
SHOP069,2024-05,533881,444456,89425,16.7,50,0.123,0.341,0.158,0.07,17,1
SHOP069,2024-06,615793,544800,70993,11.5,58,0.122,0.275,0.133,0.061,18,0
SHOP069,2024-07,661491,503415,158076,23.9,53,0.169,0.281,0.141,0.004,19,1
SHOP069,2024-08,539150,449037,90113,16.7,53,0.089,0.232,0.165,0.082,20,1
SHOP069,2024-09,1065114,887552,177562,16.7,53,0.033,0.199,0.141,0.035,21,1
SHOP069,2024-10,949743,800507,149236,15.7,54,0.147,0.354,0.21,0.047,22,1
SHOP069,2024-11,646620,527465,119155,18.4,56,0.166,0.297,0.133,0.039,23,1
SHOP069,2024-12,508144,412346,95798,18.9,54,0.031,0.32,0.154,0.049,24,1
SHOP069,2025-01,615982,522676,93306,15.1,63,0.045,0.267,0.057,0.064,25,1
SHOP069,2025-02,341134,271626,69508,20.4,54,0.089,0.319,0.237,0.052,26,1
SHOP069,2025-03,962166,846408,115758,12.0,48,0.091,0.293,0.208,0.094,27,1
SHOP069,2025-04,476122,375976,100146,21.0,48,0.12,0.341,0.137,0.057,28,1
SHOP069,2025-05,777620,674565,103055,13.3,69,0.084,0.286,0.123,0.023,29,1
SHOP069,2025-06,701737,548568,153169,21.8,63,0.044,0.272,0.082,0.11,30,1
SHOP069,2025-07,769143,644233,124910,16.2,58,0.096,0.272,0.109,0.035,31,1
SHOP069,2025-08,620552,497429,123123,19.8,56,0.034,0.279,0.259,0.076,32,1
SHOP069,2025-09,792356,645160,147196,18.6,60,0.15,0.275,0.218,0.104,33,1
SHOP069,2025-10,583286,482383,100903,17.3,55,0.096,0.344,0.251,0.028,34,1
SHOP069,2025-11,616360,545596,70764,11.5,61,0.1,0.304,0.199,0.023,35,1
SHOP069,2025-12,726372,602694,123678,17.0,51,0.148,0.256,0.155,0.047,36,1
SHOP070,2023-01,461972,393246,68726,14.9,61,0.194,0.287,0.231,0.016,1,0
SHOP070,2023-02,756327,633031,123296,16.3,67,0.081,0.258,0.202,0.07,2,0
SHOP070,2023-03,766937,634715,132222,17.2,46,0.06,0.291,0.176,0.075,3,1
SHOP070,2023-04,617475,515779,101696,16.5,57,0.026,0.241,0.077,0.096,4,0
SHOP070,2023-05,624925,519347,105578,16.9,54,0.094,0.229,0.145,0.052,5,1
SHOP070,2023-06,791350,690795,100555,12.7,55,0.172,0.307,0.23,0.112,6,0
SHOP070,2023-07,633929,533671,100258,15.8,53,0.089,0.322,0.089,0.057,7,1
SHOP070,2023-08,775922,697002,78920,10.2,55,0.067,0.158,0.137,0.085,8,0
SHOP070,2023-09,689286,604899,84387,12.2,52,0.191,0.317,0.286,0.053,9,0
SHOP070,2023-10,719670,590535,129135,17.9,60,0.139,0.312,0.212,0.068,10,1
SHOP070,2023-11,519809,410088,109721,21.1,49,0.087,0.364,0.181,0.079,11,1
SHOP070,2023-12,673749,586470,87279,13.0,51,0.191,0.334,0.226,0.057,12,0
SHOP070,2024-01,548157,422257,125900,23.0,53,0.058,0.296,0.204,0.0,13,1
SHOP070,2024-02,846962,661719,185243,21.9,46,0.029,0.388,0.208,0.017,14,1
SHOP070,2024-03,769168,633775,135393,17.6,51,0.152,0.264,0.245,0.078,15,1
SHOP070,2024-04,814349,717248,97101,11.9,50,0.202,0.346,0.176,0.056,16,1
SHOP070,2024-05,630250,525192,105058,16.7,56,0.137,0.185,0.139,0.077,17,1
SHOP070,2024-06,766328,657215,109113,14.2,59,0.136,0.293,0.13,0.085,18,1
SHOP070,2024-07,712121,599813,112308,15.8,55,0.129,0.236,0.104,0.082,19,1
SHOP070,2024-08,778379,648085,130294,16.7,54,0.123,0.297,0.229,0.096,20,1
SHOP070,2024-09,785735,673274,112461,14.3,51,0.088,0.291,0.132,0.04,21,1
SHOP070,2024-10,669231,556931,112300,16.8,62,0.098,0.263,0.243,0.004,22,1
SHOP070,2024-11,623557,498994,124563,20.0,55,0.082,0.275,0.212,0.056,23,1
SHOP070,2024-12,650370,538712,111658,17.2,41,0.173,0.247,0.234,0.1,24,1
SHOP070,2025-01,706740,628570,78170,11.1,56,0.089,0.317,0.152,0.093,25,1
SHOP070,2025-02,706416,567039,139377,19.7,57,0.126,0.109,0.148,0.065,26,1
SHOP070,2025-03,648472,518089,130383,20.1,46,0.082,0.285,0.139,0.067,27,1
SHOP070,2025-04,735428,608730,126698,17.2,45,0.139,0.206,0.064,0.072,28,1
SHOP070,2025-05,860962,729565,131397,15.3,58,0.046,0.327,0.185,0.0,29,1
SHOP070,2025-06,716434,601840,114594,16.0,47,0.17,0.268,0.292,0.059,30,1
SHOP070,2025-07,803799,673931,129868,16.2,60,0.091,0.304,0.083,0.025,31,1
SHOP070,2025-08,596815,518840,77975,13.1,49,0.137,0.216,0.111,0.05,32,1
SHOP070,2025-09,663948,511196,152752,23.0,55,0.166,0.232,0.236,0.093,33,1
SHOP070,2025-10,869470,741165,128305,14.8,48,0.176,0.328,0.242,0.048,34,1
SHOP070,2025-11,560242,474436,85806,15.3,46,0.141,0.244,0.239,0.031,35,1
SHOP070,2025-12,858282,709892,148390,17.3,52,0.113,0.274,0.167,0.044,36,1
SHOP071,2023-01,507821,448699,59122,11.6,49,0.133,0.146,0.271,0.086,1,0
SHOP071,2023-02,719753,678965,40788,5.7,54,0.097,0.296,0.211,0.12,2,0
SHOP071,2023-03,744729,635031,109698,14.7,52,0.206,0.104,0.301,0.087,3,0
SHOP071,2023-04,773678,654206,119472,15.4,42,0.177,0.176,0.292,0.094,4,0
SHOP071,2023-05,745609,687590,58019,7.8,61,0.139,0.19,0.203,0.167,5,0
SHOP071,2023-06,730001,644219,85782,11.8,56,0.133,0.201,0.363,0.082,6,0
SHOP071,2023-07,820034,724874,95160,11.6,45,0.171,0.254,0.222,0.13,7,0
SHOP071,2023-08,749855,643621,106234,14.2,52,0.142,0.123,0.178,0.055,8,0
SHOP071,2023-09,396823,329220,67603,17.0,51,0.174,0.203,0.248,0.112,9,0
SHOP071,2023-10,984809,805856,178953,18.2,51,0.134,0.186,0.3,0.075,10,0
SHOP071,2023-11,636556,528598,107958,17.0,60,0.124,0.342,0.358,0.083,11,0
SHOP071,2023-12,742775,658921,83854,11.3,66,0.192,0.111,0.209,0.126,12,0
SHOP071,2024-01,521985,485324,36661,7.0,65,0.1,0.178,0.269,0.1,13,0
SHOP071,2024-02,690271,610995,79276,11.5,44,0.14,0.145,0.27,0.078,14,0
SHOP071,2024-03,744197,642643,101554,13.6,41,0.132,0.186,0.226,0.067,15,0
SHOP071,2024-04,489911,446602,43309,8.8,47,0.171,0.243,0.273,0.138,16,0
SHOP071,2024-05,637698,554023,83675,13.1,59,0.178,0.105,0.251,0.09,17,1
SHOP071,2024-06,664876,586045,78831,11.9,53,0.232,0.089,0.219,0.067,18,0
SHOP071,2024-07,426274,337669,88605,20.8,63,0.113,0.14,0.178,0.11,19,1
SHOP071,2024-08,546741,445511,101230,18.5,64,0.103,0.19,0.173,0.096,20,1
SHOP071,2024-09,860425,760456,99969,11.6,43,0.162,0.177,0.254,0.093,21,0
SHOP071,2024-10,613006,529478,83528,13.6,57,0.078,0.16,0.232,0.161,22,0
SHOP071,2024-11,584138,518242,65896,11.3,54,0.159,0.138,0.218,0.072,23,1
SHOP071,2024-12,810073,735801,74272,9.2,52,0.204,0.257,0.187,0.052,24,1
SHOP071,2025-01,901387,785512,115875,12.9,56,0.104,0.135,0.176,0.117,25,0
SHOP071,2025-02,824302,723339,100963,12.2,54,0.094,0.153,0.267,0.063,26,1
SHOP071,2025-03,458899,414103,44796,9.8,57,0.177,0.161,0.182,0.037,27,0
SHOP071,2025-04,671800,626053,45747,6.8,57,0.184,0.178,0.234,0.102,28,0
SHOP071,2025-05,569495,512848,56647,9.9,58,0.113,0.196,0.321,0.101,29,0
SHOP071,2025-06,764076,686377,77699,10.2,57,0.181,0.222,0.138,0.112,30,1
SHOP071,2025-07,586694,512669,74025,12.6,64,0.169,0.232,0.331,0.047,31,1
SHOP071,2025-08,885188,728130,157058,17.7,57,0.144,0.214,0.17,0.084,32,1
SHOP071,2025-09,770946,696497,74449,9.7,62,0.095,0.213,0.266,0.081,33,1
SHOP071,2025-10,709168,576315,132853,18.7,54,0.161,0.126,0.372,0.059,34,0
SHOP071,2025-11,636532,530690,105842,16.6,53,0.153,0.225,0.249,0.081,35,1
SHOP071,2025-12,808823,693598,115225,14.2,59,0.238,0.189,0.235,0.156,36,1
SHOP072,2023-01,474528,403085,71443,15.1,27,0.126,0.276,0.19,0.086,1,0
SHOP072,2023-02,301942,246000,55942,18.5,18,0.051,0.245,0.191,0.067,2,0
SHOP072,2023-03,385353,351025,34328,8.9,38,0.138,0.133,0.246,0.101,3,0
SHOP072,2023-04,317867,263686,54181,17.0,30,0.107,0.144,0.284,0.079,4,0
SHOP072,2023-05,325523,268118,57405,17.6,31,0.158,0.168,0.176,0.058,5,0
SHOP072,2023-06,531685,439584,92101,17.3,20,0.119,0.244,0.225,0.098,6,0
SHOP072,2023-07,368550,317876,50674,13.7,23,0.105,0.247,0.136,0.139,7,0
SHOP072,2023-08,366896,330896,36000,9.8,24,0.065,0.26,0.288,0.03,8,0
SHOP072,2023-09,349630,308631,40999,11.7,32,0.189,0.217,0.124,0.044,9,0
SHOP072,2023-10,488902,430586,58316,11.9,23,0.141,0.242,0.251,0.078,10,0
SHOP072,2023-11,143240,116173,27067,18.9,27,0.17,0.267,0.276,0.059,11,1
SHOP072,2023-12,422830,366282,56548,13.4,31,0.198,0.103,0.232,0.121,12,0
SHOP072,2024-01,484505,429485,55020,11.4,34,0.139,0.257,0.144,0.052,13,0
SHOP072,2024-02,382691,339440,43251,11.3,20,0.019,0.301,0.279,0.084,14,0
SHOP072,2024-03,485966,403708,82258,16.9,30,0.114,0.197,0.197,0.077,15,1
SHOP072,2024-04,331340,272652,58688,17.7,29,0.076,0.107,0.192,0.042,16,0
SHOP072,2024-05,402679,329413,73266,18.2,23,0.175,0.249,0.279,0.091,17,0
SHOP072,2024-06,463821,386108,77713,16.8,30,0.119,0.173,0.13,0.081,18,1
SHOP072,2024-07,408813,354053,54760,13.4,28,0.067,0.26,0.181,0.048,19,1
SHOP072,2024-08,384323,303346,80977,21.1,31,0.058,0.302,0.256,0.118,20,1
SHOP072,2024-09,423269,352566,70703,16.7,25,0.177,0.209,0.231,0.093,21,1
SHOP072,2024-10,360536,328468,32068,8.9,31,0.099,0.198,0.17,0.104,22,0
SHOP072,2024-11,396379,319179,77200,19.5,28,0.059,0.162,0.25,0.06,23,1
SHOP072,2024-12,365022,310338,54684,15.0,35,0.128,0.265,0.226,0.062,24,1
SHOP072,2025-01,393580,341726,51854,13.2,24,0.11,0.256,0.297,0.058,25,1
SHOP072,2025-02,275116,245572,29544,10.7,16,0.146,0.203,0.183,0.094,26,1
SHOP072,2025-03,337342,285943,51399,15.2,45,0.144,0.23,0.268,0.074,27,1
SHOP072,2025-04,344452,310397,34055,9.9,33,0.103,0.191,0.262,0.087,28,1
SHOP072,2025-05,462060,402924,59136,12.8,26,0.123,0.256,0.209,0.094,29,1
SHOP072,2025-06,346460,292288,54172,15.6,26,0.137,0.252,0.272,0.067,30,1
SHOP072,2025-07,266510,227698,38812,14.6,19,0.129,0.204,0.256,0.061,31,1
SHOP072,2025-08,407882,368039,39843,9.8,26,0.142,0.279,0.284,0.101,32,0
SHOP072,2025-09,336904,291263,45641,13.5,26,0.102,0.202,0.297,0.116,33,1
SHOP072,2025-10,390226,352903,37323,9.6,22,0.154,0.163,0.191,0.093,34,0
SHOP072,2025-11,360838,298234,62604,17.3,38,0.153,0.202,0.218,0.096,35,1
SHOP072,2025-12,383113,316396,66717,17.4,23,0.153,0.199,0.177,0.114,36,1
SHOP073,2023-01,338969,276735,62234,18.4,18,0.07,0.355,0.215,0.111,1,1
SHOP073,2023-02,306671,255594,51077,16.7,22,0.039,0.283,0.093,0.014,2,1
SHOP073,2023-03,343665,263175,80490,23.4,26,0.083,0.282,0.034,0.101,3,1
SHOP073,2023-04,320595,278038,42557,13.3,17,0.144,0.36,0.249,0.087,4,0
SHOP073,2023-05,316344,243673,72671,23.0,29,0.047,0.351,0.374,0.09,5,1
SHOP073,2023-06,317911,255502,62409,19.6,22,0.08,0.282,0.077,0.094,6,1
SHOP073,2023-07,406819,326387,80432,19.8,22,0.036,0.269,0.14,0.0,7,1
SHOP073,2023-08,426208,360490,65718,15.4,31,0.135,0.237,0.152,0.037,8,0
SHOP073,2023-09,351014,287207,63807,18.2,29,0.091,0.311,0.182,0.077,9,1
SHOP073,2023-10,344542,279585,64957,18.9,27,0.035,0.335,0.12,0.049,10,1
SHOP073,2023-11,256563,209844,46719,18.2,15,0.089,0.245,0.179,0.013,11,1
SHOP073,2023-12,403842,341635,62207,15.4,14,0.088,0.314,0.28,0.028,12,1
SHOP073,2024-01,376480,310432,66048,17.5,25,0.066,0.245,0.18,0.057,13,1
SHOP073,2024-02,309453,251089,58364,18.9,25,0.103,0.321,0.118,0.019,14,1
SHOP073,2024-03,330491,282337,48154,14.6,32,0.062,0.361,0.132,0.013,15,1
SHOP073,2024-04,273718,211291,62427,22.8,24,0.068,0.252,0.173,0.116,16,1
SHOP073,2024-05,306448,254049,52399,17.1,30,0.135,0.233,0.115,0.007,17,1
SHOP073,2024-06,257604,204838,52766,20.5,34,0.04,0.352,0.141,0.0,18,1
SHOP073,2024-07,351027,292914,58113,16.6,19,0.123,0.282,0.158,0.033,19,1
SHOP073,2024-08,314059,266041,48018,15.3,18,0.094,0.291,0.188,0.088,20,1
SHOP073,2024-09,328012,259244,68768,21.0,30,0.161,0.281,0.052,0.117,21,1
SHOP073,2024-10,300810,240892,59918,19.9,32,0.139,0.293,0.26,0.059,22,1
SHOP073,2024-11,378585,332961,45624,12.1,20,0.134,0.358,0.206,0.017,23,1
SHOP073,2024-12,316029,249288,66741,21.1,28,0.108,0.305,0.151,0.061,24,1
SHOP073,2025-01,473495,424723,48772,10.3,21,0.054,0.281,0.154,0.013,25,1
SHOP073,2025-02,223900,175653,48247,21.5,30,0.038,0.291,0.1,0.12,26,1
SHOP073,2025-03,328787,269992,58795,17.9,28,0.099,0.279,0.199,0.091,27,1
SHOP073,2025-04,399011,344228,54783,13.7,20,0.054,0.383,0.165,0.019,28,1
SHOP073,2025-05,384767,308099,76668,19.9,29,0.085,0.284,0.147,0.088,29,1
SHOP073,2025-06,304120,243570,60550,19.9,28,0.097,0.225,0.243,0.083,30,1
SHOP073,2025-07,238298,198928,39370,16.5,25,0.095,0.418,0.22,0.011,31,1
SHOP073,2025-08,301384,259266,42118,14.0,33,0.044,0.205,0.176,0.04,32,1
SHOP073,2025-09,330514,275238,55276,16.7,30,0.069,0.394,0.201,0.02,33,1
SHOP073,2025-10,303840,246964,56876,18.7,20,0.144,0.271,0.16,0.033,34,1
SHOP073,2025-11,417847,343249,74598,17.9,24,0.0,0.317,0.13,0.07,35,1
SHOP073,2025-12,409859,334482,75377,18.4,24,0.0,0.166,0.159,0.069,36,1
SHOP074,2023-01,222630,188253,34377,15.4,21,0.061,0.217,0.187,0.058,1,0
SHOP074,2023-02,208494,191112,17382,8.3,13,0.19,0.235,0.347,0.066,2,0
SHOP074,2023-03,283807,254126,29681,10.5,13,0.138,0.085,0.238,0.117,3,0
SHOP074,2023-04,255337,215243,40094,15.7,21,0.178,0.065,0.216,0.058,4,0
SHOP074,2023-05,255300,198809,56491,22.1,20,0.167,0.084,0.223,0.092,5,0
SHOP074,2023-06,179415,155591,23824,13.3,8,0.164,0.167,0.203,0.063,6,0
SHOP074,2023-07,191119,160560,30559,16.0,24,0.06,0.248,0.205,0.116,7,0
SHOP074,2023-08,207375,167936,39439,19.0,13,0.144,0.113,0.292,0.054,8,0
SHOP074,2023-09,238044,205508,32536,13.7,14,0.073,0.125,0.268,0.124,9,0
SHOP074,2023-10,223753,196729,27024,12.1,11,0.097,0.263,0.253,0.07,10,0
SHOP074,2023-11,232965,205710,27255,11.7,23,0.169,0.268,0.153,0.129,11,0
SHOP074,2023-12,205723,181035,24688,12.0,22,0.173,0.122,0.319,0.132,12,0
SHOP074,2024-01,287909,247001,40908,14.2,23,0.211,0.212,0.234,0.092,13,0
SHOP074,2024-02,218731,174690,44041,20.1,12,0.147,0.221,0.288,0.144,14,0
SHOP074,2024-03,209488,187135,22353,10.7,19,0.187,0.218,0.239,0.053,15,0
SHOP074,2024-04,221574,195161,26413,11.9,25,0.156,0.197,0.286,0.101,16,1
SHOP074,2024-05,290250,242103,48147,16.6,19,0.099,0.185,0.337,0.129,17,0
SHOP074,2024-06,174753,152622,22131,12.7,19,0.108,0.192,0.221,0.126,18,0
SHOP074,2024-07,154875,132959,21916,14.2,21,0.141,0.155,0.293,0.118,19,0
SHOP074,2024-08,187255,149573,37682,20.1,8,0.181,0.142,0.254,0.043,20,1
SHOP074,2024-09,252861,224334,28527,11.3,10,0.217,0.226,0.205,0.091,21,0
SHOP074,2024-10,243992,205272,38720,15.9,24,0.153,0.168,0.139,0.058,22,1
SHOP074,2024-11,191455,165053,26402,13.8,14,0.101,0.154,0.259,0.122,23,1
SHOP074,2024-12,234543,207438,27105,11.6,23,0.217,0.163,0.261,0.08,24,0
SHOP074,2025-01,212102,178423,33679,15.9,13,0.165,0.168,0.279,0.131,25,0
SHOP074,2025-02,189050,167262,21788,11.5,10,0.222,0.141,0.18,0.096,26,0
SHOP074,2025-03,276121,241066,35055,12.7,23,0.119,0.216,0.224,0.048,27,0
SHOP074,2025-04,194535,176488,18047,9.3,29,0.105,0.187,0.332,0.082,28,0
SHOP074,2025-05,175187,147704,27483,15.7,24,0.199,0.122,0.218,0.059,29,0
SHOP074,2025-06,181893,159061,22832,12.6,22,0.193,0.231,0.247,0.061,30,1
SHOP074,2025-07,202902,177637,25265,12.5,24,0.165,0.231,0.27,0.12,31,1
SHOP074,2025-08,249216,226367,22849,9.2,18,0.137,0.138,0.234,0.111,32,0
SHOP074,2025-09,284916,234746,50170,17.6,27,0.148,0.234,0.151,0.082,33,1
SHOP074,2025-10,269039,247711,21328,7.9,18,0.164,0.125,0.24,0.125,34,0
SHOP074,2025-11,229112,208917,20195,8.8,19,0.096,0.171,0.179,0.116,35,0
SHOP074,2025-12,283704,229065,54639,19.3,13,0.201,0.221,0.326,0.105,36,1
SHOP075,2023-01,157869,135082,22787,14.4,19,0.219,0.226,0.179,0.066,1,0
SHOP075,2023-02,262595,211976,50619,19.3,18,0.099,0.255,0.146,0.131,2,0
SHOP075,2023-03,255406,200280,55126,21.6,13,0.07,0.261,0.157,0.089,3,1
SHOP075,2023-04,325972,281178,44794,13.7,18,0.023,0.152,0.138,0.101,4,0
SHOP075,2023-05,229871,191851,38020,16.5,14,0.168,0.254,0.224,0.092,5,0
SHOP075,2023-06,230731,197198,33533,14.5,23,0.129,0.19,0.214,0.084,6,0
SHOP075,2023-07,265659,223694,41965,15.8,12,0.041,0.196,0.215,0.083,7,0
SHOP075,2023-08,298041,256706,41335,13.9,16,0.189,0.139,0.275,0.086,8,0
SHOP075,2023-09,262407,229264,33143,12.6,23,0.12,0.201,0.279,0.021,9,0
SHOP075,2023-10,284591,233718,50873,17.9,18,0.0,0.227,0.153,0.075,10,1
SHOP075,2023-11,287745,252366,35379,12.3,16,0.224,0.239,0.235,0.065,11,0
SHOP075,2023-12,201059,165588,35471,17.6,9,0.174,0.271,0.227,0.082,12,0
SHOP075,2024-01,254108,212231,41877,16.5,28,0.165,0.269,0.243,0.08,13,0
SHOP075,2024-02,271655,215409,56246,20.7,25,0.108,0.189,0.255,0.08,14,0
SHOP075,2024-03,221043,183290,37753,17.1,19,0.134,0.197,0.263,0.076,15,1
SHOP075,2024-04,313095,256349,56746,18.1,18,0.067,0.17,0.208,0.031,16,1
SHOP075,2024-05,271746,233212,38534,14.2,34,0.081,0.212,0.198,0.149,17,0
SHOP075,2024-06,281766,236759,45007,16.0,18,0.136,0.239,0.154,0.083,18,1
SHOP075,2024-07,219823,180958,38865,17.7,15,0.113,0.166,0.252,0.086,19,0
SHOP075,2024-08,245121,197786,47335,19.3,21,0.17,0.166,0.16,0.031,20,1
SHOP075,2024-09,223130,186503,36627,16.4,31,0.109,0.341,0.263,0.088,21,1
SHOP075,2024-10,188346,172747,15599,8.3,16,0.244,0.233,0.277,0.086,22,0
SHOP075,2024-11,248245,226517,21728,8.8,23,0.039,0.19,0.22,0.101,23,1
SHOP075,2024-12,229549,207897,21652,9.4,21,0.134,0.23,0.3,0.089,24,0
SHOP075,2025-01,228474,182841,45633,20.0,12,0.1,0.124,0.209,0.079,25,1
SHOP075,2025-02,230623,209261,21362,9.3,14,0.114,0.216,0.167,0.055,26,1
SHOP075,2025-03,258400,224451,33949,13.1,10,0.061,0.305,0.155,0.074,27,1
SHOP075,2025-04,250030,211215,38815,15.5,31,0.191,0.242,0.304,0.093,28,1
SHOP075,2025-05,192427,155701,36726,19.1,18,0.132,0.186,0.218,0.093,29,1
SHOP075,2025-06,226819,198659,28160,12.4,21,0.051,0.212,0.203,0.073,30,1
SHOP075,2025-07,221551,190082,31469,14.2,15,0.142,0.199,0.165,0.108,31,1
SHOP075,2025-08,270765,225820,44945,16.6,18,0.186,0.187,0.206,0.06,32,1
SHOP075,2025-09,269880,251737,18143,6.7,17,0.134,0.265,0.301,0.093,33,1
SHOP075,2025-10,134385,111966,22419,16.7,31,0.14,0.146,0.121,0.058,34,1
SHOP075,2025-11,293869,257380,36489,12.4,13,0.022,0.204,0.29,0.118,35,1
SHOP075,2025-12,228941,198986,29955,13.1,18,0.128,0.214,0.207,0.103,36,0
SHOP076,2023-01,274990,232786,42204,15.3,31,0.204,0.201,0.206,0.117,1,0
SHOP076,2023-02,524700,471001,53699,10.2,35,0.181,0.156,0.186,0.148,2,0
SHOP076,2023-03,337712,287748,49964,14.8,20,0.136,0.239,0.24,0.086,3,0
SHOP076,2023-04,289741,265041,24700,8.5,41,0.046,0.205,0.32,0.106,4,0
SHOP076,2023-05,451124,386342,64782,14.4,15,0.059,0.168,0.205,0.062,5,0
SHOP076,2023-06,405362,336886,68476,16.9,38,0.208,0.166,0.326,0.074,6,0
SHOP076,2023-07,373601,298929,74672,20.0,36,0.046,0.212,0.248,0.108,7,0
SHOP076,2023-08,331859,276196,55663,16.8,28,0.25,0.223,0.193,0.044,8,0
SHOP076,2023-09,377940,334293,43647,11.5,24,0.074,0.175,0.299,0.143,9,0
SHOP076,2023-10,276045,243165,32880,11.9,27,0.125,0.297,0.162,0.007,10,1
SHOP076,2023-11,370399,310835,59564,16.1,19,0.143,0.186,0.202,0.075,11,1
SHOP076,2023-12,273429,231728,41701,15.3,22,0.217,0.247,0.192,0.093,12,0
SHOP076,2024-01,352752,293574,59178,16.8,30,0.174,0.172,0.259,0.144,13,0
SHOP076,2024-02,369982,316574,53408,14.4,30,0.061,0.216,0.195,0.061,14,1
SHOP076,2024-03,371403,321073,50330,13.6,28,0.126,0.163,0.229,0.112,15,1
SHOP076,2024-04,238669,210373,28296,11.9,20,0.027,0.247,0.269,0.072,16,0
SHOP076,2024-05,433074,363821,69253,16.0,27,0.127,0.2,0.211,0.125,17,1
SHOP076,2024-06,338786,272071,66715,19.7,16,0.164,0.172,0.254,0.045,18,1
SHOP076,2024-07,377405,313836,63569,16.8,20,0.107,0.229,0.183,0.097,19,1
SHOP076,2024-08,449190,395406,53784,12.0,20,0.154,0.212,0.14,0.074,20,0
SHOP076,2024-09,335727,296012,39715,11.8,21,0.165,0.145,0.294,0.117,21,0
SHOP076,2024-10,311273,260194,51079,16.4,17,0.139,0.165,0.231,0.034,22,0
SHOP076,2024-11,373053,324042,49011,13.1,25,0.129,0.15,0.279,0.067,23,0
SHOP076,2024-12,341803,311957,29846,8.7,28,0.098,0.214,0.252,0.083,24,0
SHOP076,2025-01,367772,317938,49834,13.6,29,0.094,0.256,0.285,0.105,25,1
SHOP076,2025-02,333482,289756,43726,13.1,24,0.186,0.222,0.185,0.09,26,0
SHOP076,2025-03,264737,238469,26268,9.9,21,0.068,0.165,0.302,0.056,27,0
SHOP076,2025-04,382217,326293,55924,14.6,23,0.053,0.269,0.225,0.124,28,1
SHOP076,2025-05,421090,364030,57060,13.6,29,0.159,0.235,0.156,0.165,29,1
SHOP076,2025-06,328532,279890,48642,14.8,24,0.176,0.216,0.252,0.06,30,1
SHOP076,2025-07,386077,349872,36205,9.4,14,0.184,0.217,0.16,0.1,31,0
SHOP076,2025-08,307195,268283,38912,12.7,26,0.126,0.194,0.23,0.114,32,1
SHOP076,2025-09,375599,318034,57565,15.3,24,0.181,0.292,0.264,0.088,33,1
SHOP076,2025-10,359816,321863,37953,10.5,29,0.032,0.171,0.242,0.085,34,1
SHOP076,2025-11,295462,262980,32482,11.0,19,0.085,0.204,0.317,0.072,35,0
SHOP076,2025-12,433552,373608,59944,13.8,26,0.129,0.172,0.237,0.058,36,1
SHOP077,2023-01,471592,377768,93824,19.9,34,0.044,0.176,0.207,0.095,1,0
SHOP077,2023-02,407779,329749,78030,19.1,32,0.134,0.318,0.085,0.102,2,0
SHOP077,2023-03,270215,220901,49314,18.2,35,0.098,0.273,0.145,0.089,3,0
SHOP077,2023-04,425357,356863,68494,16.1,41,0.13,0.282,0.299,0.046,4,0
SHOP077,2023-05,349057,299195,49862,14.3,30,0.125,0.316,0.254,0.043,5,0
SHOP077,2023-06,433471,362366,71105,16.4,36,0.157,0.248,0.152,0.032,6,0
SHOP077,2023-07,347380,302218,45162,13.0,27,0.143,0.307,0.22,0.106,7,0
SHOP077,2023-08,340037,280072,59965,17.6,38,0.047,0.309,0.212,0.077,8,0
SHOP077,2023-09,483502,404933,78569,16.3,39,0.101,0.298,0.146,0.071,9,1
SHOP077,2023-10,316783,265668,51115,16.1,23,0.162,0.249,0.119,0.096,10,1
SHOP077,2023-11,444302,425345,18957,4.3,31,0.064,0.317,0.235,0.098,11,0
SHOP077,2023-12,450011,379062,70949,15.8,30,0.108,0.263,0.157,0.032,12,1
SHOP077,2024-01,348549,273125,75424,21.6,41,0.093,0.176,0.123,0.011,13,1
SHOP077,2024-02,424817,366014,58803,13.8,29,0.138,0.256,0.182,0.039,14,0
SHOP077,2024-03,461141,401717,59424,12.9,39,0.089,0.297,0.21,0.067,15,1
SHOP077,2024-04,323177,289050,34127,10.6,32,0.051,0.259,0.205,0.026,16,1
SHOP077,2024-05,314971,271226,43745,13.9,26,0.117,0.306,0.316,0.047,17,0
SHOP077,2024-06,440007,381723,58284,13.2,35,0.084,0.271,0.199,0.056,18,1
SHOP077,2024-07,427465,366655,60810,14.2,19,0.079,0.31,0.199,0.024,19,1
SHOP077,2024-08,425482,369019,56463,13.3,20,0.092,0.204,0.178,0.067,20,0
SHOP077,2024-09,438238,368369,69869,15.9,29,0.077,0.145,0.322,0.072,21,1
SHOP077,2024-10,324899,268089,56810,17.5,40,0.097,0.234,0.213,0.059,22,1
SHOP077,2024-11,263379,227995,35384,13.4,28,0.103,0.28,0.174,0.055,23,1
SHOP077,2024-12,217840,179398,38442,17.6,16,0.086,0.318,0.16,0.102,24,1
SHOP077,2025-01,423346,364893,58453,13.8,33,0.106,0.276,0.114,0.056,25,1
SHOP077,2025-02,401364,337982,63382,15.8,35,0.056,0.306,0.189,0.066,26,1
SHOP077,2025-03,368629,302155,66474,18.0,22,0.11,0.292,0.199,0.066,27,1
SHOP077,2025-04,454785,398772,56013,12.3,27,0.041,0.256,0.187,0.065,28,1
SHOP077,2025-05,334083,291868,42215,12.6,33,0.096,0.217,0.12,0.08,29,1
SHOP077,2025-06,361785,311954,49831,13.8,28,0.092,0.274,0.149,0.042,30,1
SHOP077,2025-07,297921,252092,45829,15.4,26,0.058,0.164,0.174,0.035,31,1
SHOP077,2025-08,426828,354514,72314,16.9,34,0.125,0.194,0.252,0.045,32,1
SHOP077,2025-09,249549,196268,53281,21.4,17,0.117,0.328,0.238,0.049,33,1
SHOP077,2025-10,457720,372191,85529,18.7,27,0.167,0.22,0.166,0.061,34,1
SHOP077,2025-11,379044,320038,59006,15.6,37,0.109,0.293,0.203,0.083,35,1
SHOP077,2025-12,340966,281282,59684,17.5,38,0.233,0.256,0.289,0.107,36,1
SHOP078,2023-01,848166,668683,179483,21.2,59,0.143,0.246,0.183,0.078,1,0
SHOP078,2023-02,830324,682438,147886,17.8,55,0.028,0.337,0.043,0.057,2,1
SHOP078,2023-03,648864,512282,136582,21.0,66,0.068,0.252,0.183,0.031,3,1
SHOP078,2023-04,546368,452842,93526,17.1,47,0.0,0.446,0.197,0.068,4,0
SHOP078,2023-05,683845,535570,148275,21.7,52,0.206,0.264,0.086,0.056,5,1
SHOP078,2023-06,582858,481089,101769,17.5,48,0.127,0.33,0.166,0.069,6,1
SHOP078,2023-07,541915,421144,120771,22.3,57,0.084,0.3,0.211,0.04,7,1
SHOP078,2023-08,819844,641096,178748,21.8,60,0.066,0.307,0.155,0.073,8,1
SHOP078,2023-09,868708,703755,164953,19.0,64,0.123,0.381,0.02,0.081,9,1
SHOP078,2023-10,733318,600022,133296,18.2,56,0.081,0.337,0.148,0.079,10,1
SHOP078,2023-11,774981,626081,148900,19.2,66,0.038,0.27,0.1,0.064,11,1
SHOP078,2023-12,564754,417179,147575,26.1,52,0.129,0.256,0.129,0.059,12,1
SHOP078,2024-01,744110,616825,127285,17.1,45,0.161,0.26,0.209,0.029,13,1
SHOP078,2024-02,653177,532577,120600,18.5,62,0.18,0.322,0.172,0.001,14,1
SHOP078,2024-03,768411,661037,107374,14.0,53,0.115,0.392,0.253,0.083,15,1
SHOP078,2024-04,631091,544527,86564,13.7,63,0.066,0.326,0.118,0.038,16,1
SHOP078,2024-05,780702,627208,153494,19.7,55,0.171,0.296,0.223,0.045,17,1
SHOP078,2024-06,765750,589108,176642,23.1,59,0.072,0.28,0.165,0.089,18,1
SHOP078,2024-07,711910,575591,136319,19.1,59,0.083,0.383,0.189,0.0,19,1
SHOP078,2024-08,786075,617665,168410,21.4,60,0.06,0.311,0.16,0.065,20,1
SHOP078,2024-09,775845,606011,169834,21.9,54,0.195,0.241,0.218,0.011,21,1
SHOP078,2024-10,747665,597683,149982,20.1,59,0.127,0.354,0.179,0.089,22,1
SHOP078,2024-11,911854,742397,169457,18.6,59,0.073,0.328,0.07,0.021,23,1
SHOP078,2024-12,824351,732855,91496,11.1,48,0.057,0.36,0.075,0.087,24,1
SHOP078,2025-01,634277,512061,122216,19.3,66,0.0,0.274,0.055,0.077,25,1
SHOP078,2025-02,654478,536496,117982,18.0,64,0.161,0.27,0.243,0.076,26,1
SHOP078,2025-03,822179,682982,139197,16.9,57,0.164,0.254,0.195,0.047,27,1
SHOP078,2025-04,656100,548658,107442,16.4,54,0.121,0.276,0.229,0.058,28,1
SHOP078,2025-05,731906,636361,95545,13.1,55,0.142,0.305,0.046,0.074,29,1
SHOP078,2025-06,932296,802631,129665,13.9,49,0.086,0.319,0.095,0.028,30,1
SHOP078,2025-07,913079,728387,184692,20.2,64,0.079,0.293,0.091,0.0,31,1
SHOP078,2025-08,823656,705277,118379,14.4,52,0.117,0.274,0.063,0.059,32,1
SHOP078,2025-09,842848,684959,157889,18.7,63,0.144,0.361,0.118,0.057,33,1
SHOP078,2025-10,519894,421686,98208,18.9,61,0.093,0.29,0.133,0.086,34,1
SHOP078,2025-11,805078,642024,163054,20.3,64,0.101,0.313,0.122,0.067,35,1
SHOP078,2025-12,815005,620371,194634,23.9,66,0.0,0.304,0.116,0.092,36,1
SHOP079,2023-01,222504,206094,16410,7.4,28,0.162,0.124,0.355,0.055,1,0
SHOP079,2023-02,343092,313269,29823,8.7,31,0.125,0.086,0.292,0.108,2,0
SHOP079,2023-03,375486,326142,49344,13.1,29,0.177,0.118,0.307,0.088,3,0
SHOP079,2023-04,371579,321611,49968,13.4,21,0.123,0.191,0.222,0.128,4,0
SHOP079,2023-05,365679,314328,51351,14.0,24,0.197,0.188,0.246,0.156,5,0
SHOP079,2023-06,328078,267990,60088,18.3,29,0.215,0.155,0.263,0.089,6,0
SHOP079,2023-07,292351,254126,38225,13.1,20,0.127,0.063,0.233,0.081,7,0
SHOP079,2023-08,415419,368170,47249,11.4,19,0.173,0.214,0.365,0.094,8,0
SHOP079,2023-09,365441,321416,44025,12.0,35,0.102,0.073,0.192,0.118,9,0
SHOP079,2023-10,318027,278268,39759,12.5,28,0.179,0.19,0.29,0.135,10,0
SHOP079,2023-11,352180,302779,49401,14.0,32,0.218,0.185,0.312,0.148,11,0
SHOP079,2023-12,342334,299215,43119,12.6,28,0.123,0.178,0.35,0.108,12,0
SHOP079,2024-01,386679,319468,67211,17.4,29,0.12,0.153,0.201,0.063,13,0
SHOP079,2024-02,350812,324483,26329,7.5,23,0.158,0.084,0.206,0.102,14,0
SHOP079,2024-03,323141,297634,25507,7.9,16,0.154,0.145,0.231,0.103,15,0
SHOP079,2024-04,303182,261856,41326,13.6,18,0.091,0.106,0.248,0.116,16,0
SHOP079,2024-05,356854,302980,53874,15.1,20,0.135,0.169,0.359,0.122,17,0
SHOP079,2024-06,262655,233848,28807,11.0,29,0.135,0.035,0.221,0.053,18,0
SHOP079,2024-07,432118,373958,58160,13.5,24,0.215,0.152,0.215,0.072,19,0
SHOP079,2024-08,376407,329977,46430,12.3,34,0.185,0.084,0.24,0.118,20,0
SHOP079,2024-09,285139,238919,46220,16.2,29,0.198,0.186,0.288,0.117,21,1
SHOP079,2024-10,363092,327014,36078,9.9,17,0.162,0.166,0.241,0.119,22,0
SHOP079,2024-11,416754,367768,48986,11.8,15,0.187,0.13,0.252,0.118,23,0
SHOP079,2024-12,239470,223948,15522,6.5,23,0.145,0.165,0.248,0.124,24,0
SHOP079,2025-01,397903,348415,49488,12.4,17,0.174,0.127,0.271,0.064,25,0
SHOP079,2025-02,238662,210761,27901,11.7,22,0.157,0.135,0.278,0.119,26,0
SHOP079,2025-03,281500,241814,39686,14.1,18,0.134,0.126,0.322,0.111,27,0
SHOP079,2025-04,303721,250460,53261,17.5,20,0.204,0.196,0.166,0.113,28,1
SHOP079,2025-05,374787,323720,51067,13.6,20,0.273,0.236,0.169,0.108,29,0
SHOP079,2025-06,471219,404913,66306,14.1,22,0.055,0.162,0.237,0.111,30,0
SHOP079,2025-07,397619,333597,64022,16.1,31,0.148,0.164,0.401,0.124,31,0
SHOP079,2025-08,306641,282061,24580,8.0,27,0.294,0.193,0.202,0.065,32,1
SHOP079,2025-09,436410,393619,42791,9.8,19,0.193,0.134,0.139,0.072,33,0
SHOP079,2025-10,338068,295448,42620,12.6,33,0.162,0.265,0.103,0.125,34,1
SHOP079,2025-11,210952,178947,32005,15.2,25,0.21,0.146,0.213,0.084,35,0
SHOP079,2025-12,338448,283328,55120,16.3,30,0.17,0.073,0.322,0.101,36,0
SHOP080,2023-01,462071,398635,63436,13.7,40,0.189,0.214,0.16,0.076,1,0
SHOP080,2023-02,522175,422291,99884,19.1,34,0.039,0.248,0.273,0.06,2,0
SHOP080,2023-03,599080,492755,106325,17.7,41,0.105,0.289,0.204,0.036,3,0
SHOP080,2023-04,569605,514212,55393,9.7,36,0.148,0.249,0.196,0.095,4,0
SHOP080,2023-05,457499,386247,71252,15.6,39,0.055,0.199,0.236,0.12,5,0
SHOP080,2023-06,451853,384465,67388,14.9,41,0.124,0.218,0.144,0.1,6,0
SHOP080,2023-07,478924,405347,73577,15.4,51,0.116,0.302,0.208,0.096,7,0
SHOP080,2023-08,591110,518792,72318,12.2,43,0.17,0.161,0.179,0.032,8,0
SHOP080,2023-09,433543,377074,56469,13.0,41,0.089,0.266,0.193,0.021,9,0
SHOP080,2023-10,567484,499608,67876,12.0,42,0.069,0.29,0.243,0.056,10,1
SHOP080,2023-11,422197,357039,65158,15.4,38,0.07,0.139,0.192,0.071,11,0
SHOP080,2023-12,485804,407401,78403,16.1,33,0.063,0.232,0.276,0.075,12,0
SHOP080,2024-01,424703,369049,55654,13.1,25,0.132,0.126,0.236,0.042,13,0
SHOP080,2024-02,585208,462347,122861,21.0,41,0.089,0.292,0.261,0.09,14,0
SHOP080,2024-03,398085,347547,50538,12.7,35,0.077,0.21,0.237,0.071,15,1
SHOP080,2024-04,446245,350423,95822,21.5,27,0.086,0.123,0.167,0.086,16,1
SHOP080,2024-05,403829,341105,62724,15.5,41,0.159,0.276,0.167,0.094,17,0
SHOP080,2024-06,528252,446956,81296,15.4,41,0.16,0.192,0.189,0.083,18,1
SHOP080,2024-07,472929,410539,62390,13.2,39,0.241,0.288,0.217,0.04,19,1
SHOP080,2024-08,436937,348043,88894,20.3,40,0.238,0.2,0.134,0.073,20,1
SHOP080,2024-09,499276,434795,64481,12.9,37,0.072,0.186,0.212,0.145,21,1
SHOP080,2024-10,689532,584409,105123,15.2,39,0.222,0.244,0.227,0.038,22,1
SHOP080,2024-11,639617,542875,96742,15.1,46,0.168,0.178,0.15,0.112,23,1
SHOP080,2024-12,492559,431684,60875,12.4,43,0.081,0.251,0.163,0.085,24,1
SHOP080,2025-01,670797,542855,127942,19.1,35,0.127,0.263,0.223,0.074,25,1
SHOP080,2025-02,622355,545845,76510,12.3,44,0.147,0.282,0.186,0.036,26,1
SHOP080,2025-03,573778,496885,76893,13.4,41,0.118,0.211,0.147,0.018,27,1
SHOP080,2025-04,561404,479240,82164,14.6,39,0.121,0.168,0.141,0.024,28,1
SHOP080,2025-05,414068,337365,76703,18.5,44,0.118,0.301,0.193,0.061,29,1
SHOP080,2025-06,492784,410110,82674,16.8,39,0.006,0.198,0.189,0.092,30,1
SHOP080,2025-07,482372,418178,64194,13.3,40,0.176,0.235,0.194,0.044,31,1
SHOP080,2025-08,511635,446744,64891,12.7,27,0.117,0.246,0.256,0.088,32,1
SHOP080,2025-09,571688,478264,93424,16.3,34,0.168,0.28,0.235,0.114,33,1
SHOP080,2025-10,395936,353683,42253,10.7,29,0.117,0.296,0.107,0.065,34,1
SHOP080,2025-11,461572,374413,87159,18.9,42,0.094,0.28,0.173,0.036,35,1
SHOP080,2025-12,491292,398024,93268,19.0,43,0.013,0.275,0.254,0.032,36,1
SHOP081,2023-01,950429,841353,109076,11.5,67,0.02,0.302,0.189,0.036,1,0
SHOP081,2023-02,876298,731004,145294,16.6,60,0.066,0.174,0.181,0.088,2,0
SHOP081,2023-03,518105,444992,73113,14.1,68,0.053,0.242,0.211,0.064,3,0
SHOP081,2023-04,910650,792594,118056,13.0,63,0.154,0.257,0.194,0.058,4,0
SHOP081,2023-05,851464,721374,130090,15.3,59,0.035,0.232,0.077,0.088,5,0
SHOP081,2023-06,1174435,988515,185920,15.8,57,0.15,0.2,0.172,0.036,6,0
SHOP081,2023-07,680390,560649,119741,17.6,63,0.099,0.266,0.244,0.099,7,0
SHOP081,2023-08,1083740,911599,172141,15.9,61,0.11,0.28,0.185,0.088,8,0
SHOP081,2023-09,997570,833774,163796,16.4,68,0.084,0.263,0.224,0.12,9,0
SHOP081,2023-10,825815,699727,126088,15.3,58,0.136,0.175,0.177,0.064,10,0
SHOP081,2023-11,1002988,866896,136092,13.6,71,0.08,0.224,0.12,0.09,11,0
SHOP081,2023-12,818093,677151,140942,17.2,68,0.141,0.23,0.169,0.055,12,1
SHOP081,2024-01,917594,788971,128623,14.0,61,0.078,0.296,0.221,0.093,13,1
SHOP081,2024-02,665586,532612,132974,20.0,61,0.024,0.251,0.147,0.129,14,1
SHOP081,2024-03,708095,626465,81630,11.5,67,0.178,0.16,0.2,0.078,15,0
SHOP081,2024-04,667427,560136,107291,16.1,58,0.109,0.217,0.242,0.076,16,0
SHOP081,2024-05,879631,739252,140379,16.0,53,0.128,0.283,0.206,0.045,17,1
SHOP081,2024-06,894975,774945,120030,13.4,68,0.07,0.322,0.284,0.08,18,1
SHOP081,2024-07,1122676,909554,213122,19.0,71,0.173,0.259,0.27,0.061,19,1
SHOP081,2024-08,753186,621154,132032,17.5,67,0.17,0.234,0.14,0.065,20,1
SHOP081,2024-09,934507,753879,180628,19.3,65,0.075,0.256,0.3,0.037,21,1
SHOP081,2024-10,1020773,845258,175515,17.2,57,0.135,0.283,0.159,0.071,22,1
SHOP081,2024-11,633610,530752,102858,16.2,67,0.105,0.197,0.233,0.059,23,1
SHOP081,2024-12,664744,547541,117203,17.6,68,0.068,0.212,0.211,0.066,24,1
SHOP081,2025-01,996494,820917,175577,17.6,65,0.118,0.186,0.14,0.0,25,1
SHOP081,2025-02,833277,706167,127110,15.3,69,0.162,0.218,0.189,0.038,26,1
SHOP081,2025-03,814947,693642,121305,14.9,69,0.135,0.24,0.172,0.066,27,1
SHOP081,2025-04,815009,711778,103231,12.7,71,0.119,0.13,0.242,0.057,28,0
SHOP081,2025-05,1008485,891578,116907,11.6,61,0.098,0.263,0.191,0.107,29,1
SHOP081,2025-06,965110,765455,199655,20.7,71,0.177,0.291,0.174,0.037,30,1
SHOP081,2025-07,958731,741260,217471,22.7,63,0.09,0.224,0.166,0.125,31,1
SHOP081,2025-08,856041,692771,163270,19.1,49,0.043,0.173,0.226,0.15,32,1
SHOP081,2025-09,1019183,863693,155490,15.3,52,0.086,0.253,0.23,0.057,33,1
SHOP081,2025-10,700627,600867,99760,14.2,51,0.085,0.261,0.188,0.068,34,0
SHOP081,2025-11,1064160,844043,220117,20.7,65,0.108,0.182,0.206,0.074,35,1
SHOP081,2025-12,825153,697883,127270,15.4,67,0.133,0.194,0.301,0.115,36,1
SHOP082,2023-01,339383,310250,29133,8.6,25,0.163,0.159,0.354,0.083,1,0
SHOP082,2023-02,332959,272130,60829,18.3,22,0.1,0.208,0.195,0.1,2,0
SHOP082,2023-03,371325,329241,42084,11.3,27,0.216,0.164,0.225,0.052,3,0
SHOP082,2023-04,247808,207627,40181,16.2,22,0.103,0.171,0.344,0.143,4,0
SHOP082,2023-05,337476,301396,36080,10.7,26,0.191,0.209,0.289,0.102,5,0
SHOP082,2023-06,316194,272149,44045,13.9,24,0.2,0.157,0.284,0.138,6,0
SHOP082,2023-07,273560,243544,30016,11.0,20,0.15,0.077,0.289,0.112,7,0
SHOP082,2023-08,321932,270556,51376,16.0,33,0.115,0.131,0.326,0.123,8,0
SHOP082,2023-09,422609,370872,51737,12.2,21,0.174,0.052,0.308,0.12,9,0
SHOP082,2023-10,346452,313253,33199,9.6,23,0.202,0.153,0.319,0.096,10,0
SHOP082,2023-11,307412,282482,24930,8.1,22,0.173,0.133,0.346,0.101,11,0
SHOP082,2023-12,324149,265725,58424,18.0,29,0.114,0.178,0.264,0.081,12,0
SHOP082,2024-01,368574,318217,50357,13.7,30,0.061,0.137,0.299,0.099,13,0
SHOP082,2024-02,356354,305181,51173,14.4,34,0.139,0.203,0.265,0.097,14,0
SHOP082,2024-03,315418,270078,45340,14.4,19,0.154,0.108,0.222,0.125,15,0
SHOP082,2024-04,290135,240763,49372,17.0,27,0.087,0.204,0.351,0.097,16,0
SHOP082,2024-05,380846,341168,39678,10.4,26,0.157,0.269,0.285,0.052,17,0
SHOP082,2024-06,244734,204789,39945,16.3,29,0.127,0.139,0.35,0.101,18,0
SHOP082,2024-07,299689,261382,38307,12.8,23,0.177,0.065,0.17,0.1,19,0
SHOP082,2024-08,325507,291077,34430,10.6,30,0.213,0.246,0.341,0.074,20,0
SHOP082,2024-09,206512,185464,21048,10.2,28,0.0,0.178,0.298,0.063,21,0
SHOP082,2024-10,297856,259905,37951,12.7,26,0.151,0.129,0.236,0.032,22,0
SHOP082,2024-11,311914,279304,32610,10.5,22,0.15,0.168,0.24,0.155,23,0
SHOP082,2024-12,335176,293638,41538,12.4,20,0.197,0.141,0.368,0.069,24,0
SHOP082,2025-01,338723,288139,50584,14.9,28,0.141,0.123,0.223,0.044,25,0
SHOP082,2025-02,248370,201106,47264,19.0,21,0.132,0.125,0.355,0.085,26,0
SHOP082,2025-03,317559,264395,53164,16.7,30,0.169,0.226,0.26,0.099,27,1
SHOP082,2025-04,297641,266280,31361,10.5,23,0.153,0.181,0.207,0.114,28,1
SHOP082,2025-05,298580,261596,36984,12.4,16,0.204,0.1,0.257,0.145,29,0
SHOP082,2025-06,358179,319858,38321,10.7,19,0.18,0.105,0.341,0.118,30,0
SHOP082,2025-07,345701,290899,54802,15.9,22,0.092,0.165,0.179,0.105,31,1
SHOP082,2025-08,408798,352611,56187,13.7,21,0.102,0.074,0.405,0.1,32,0
SHOP082,2025-09,274092,251313,22779,8.3,33,0.249,0.227,0.216,0.131,33,0
SHOP082,2025-10,261950,223929,38021,14.5,27,0.118,0.162,0.254,0.101,34,1
SHOP082,2025-11,274388,256179,18209,6.6,23,0.064,0.139,0.426,0.056,35,0
SHOP082,2025-12,186696,173925,12771,6.8,29,0.085,0.14,0.233,0.122,36,0
SHOP083,2023-01,501712,401756,99956,19.9,31,0.012,0.304,0.198,0.099,1,1
SHOP083,2023-02,416798,346231,70567,16.9,28,0.12,0.307,0.24,0.0,2,0
SHOP083,2023-03,422838,348608,74230,17.6,18,0.116,0.298,0.202,0.045,3,1
SHOP083,2023-04,373810,311525,62285,16.7,41,0.084,0.233,0.179,0.043,4,0
SHOP083,2023-05,478073,390163,87910,18.4,39,0.056,0.29,0.221,0.021,5,1
SHOP083,2023-06,346258,285344,60914,17.6,36,0.068,0.283,0.221,0.027,6,0
SHOP083,2023-07,328693,288937,39756,12.1,34,0.036,0.262,0.132,0.048,7,0
SHOP083,2023-08,250480,212263,38217,15.3,27,0.142,0.25,0.147,0.054,8,0
SHOP083,2023-09,380673,316543,64130,16.8,25,0.114,0.295,0.179,0.007,9,1
SHOP083,2023-10,457360,379140,78220,17.1,42,0.06,0.249,0.144,0.083,10,1
SHOP083,2023-11,322683,267263,55420,17.2,32,0.023,0.266,0.175,0.085,11,1
SHOP083,2023-12,438883,358820,80063,18.2,41,0.161,0.263,0.135,0.044,12,1
SHOP083,2024-01,481331,414714,66617,13.8,32,0.087,0.274,0.202,0.051,13,0
SHOP083,2024-02,358108,275344,82764,23.1,24,0.089,0.349,0.141,0.023,14,1
SHOP083,2024-03,484909,404132,80777,16.7,36,0.166,0.297,0.229,0.052,15,1
SHOP083,2024-04,373030,303069,69961,18.8,24,0.125,0.257,0.213,0.068,16,1
SHOP083,2024-05,505596,430093,75503,14.9,27,0.062,0.237,0.198,0.007,17,1
SHOP083,2024-06,299802,252495,47307,15.8,37,0.031,0.256,0.142,0.037,18,1
SHOP083,2024-07,326067,269731,56336,17.3,29,0.175,0.353,0.256,0.029,19,1
SHOP083,2024-08,510203,435918,74285,14.6,30,0.074,0.278,0.184,0.055,20,1
SHOP083,2024-09,423574,345042,78532,18.5,34,0.079,0.269,0.187,0.038,21,1
SHOP083,2024-10,478573,396665,81908,17.1,27,0.083,0.229,0.089,0.055,22,1
SHOP083,2024-11,323072,266856,56216,17.4,21,0.08,0.374,0.11,0.057,23,1
SHOP083,2024-12,374302,313407,60895,16.3,31,0.117,0.199,0.129,0.049,24,1
SHOP083,2025-01,320357,260121,60236,18.8,31,0.105,0.297,0.146,0.055,25,1
SHOP083,2025-02,467238,378788,88450,18.9,33,0.175,0.255,0.175,0.019,26,1
SHOP083,2025-03,261354,218212,43142,16.5,31,0.173,0.334,0.109,0.049,27,1
SHOP083,2025-04,385231,317245,67986,17.6,35,0.077,0.331,0.048,0.076,28,1
SHOP083,2025-05,431606,364931,66675,15.4,39,0.086,0.229,0.196,0.084,29,1
SHOP083,2025-06,323418,273406,50012,15.5,33,0.069,0.296,0.13,0.052,30,1
SHOP083,2025-07,275289,230028,45261,16.4,34,0.146,0.198,0.181,0.034,31,1
SHOP083,2025-08,387166,334535,52631,13.6,30,0.101,0.313,0.215,0.007,32,1
SHOP083,2025-09,263645,219860,43785,16.6,28,0.164,0.303,0.106,0.015,33,1
SHOP083,2025-10,381272,322750,58522,15.3,25,0.105,0.317,0.128,0.072,34,1
SHOP083,2025-11,346194,274857,71337,20.6,29,0.113,0.234,0.21,0.032,35,1
SHOP083,2025-12,378192,300244,77948,20.6,32,0.09,0.233,0.224,0.005,36,1
SHOP084,2023-01,563012,482528,80484,14.3,51,0.167,0.165,0.258,0.058,1,0
SHOP084,2023-02,588605,535170,53435,9.1,39,0.222,0.208,0.25,0.076,2,0
SHOP084,2023-03,563119,529685,33434,5.9,50,0.109,0.107,0.255,0.129,3,0
SHOP084,2023-04,611427,561598,49829,8.1,48,0.172,0.093,0.286,0.057,4,0
SHOP084,2023-05,565857,480006,85851,15.2,39,0.15,0.138,0.185,0.06,5,0
SHOP084,2023-06,632315,562204,70111,11.1,42,0.14,0.12,0.258,0.125,6,0
SHOP084,2023-07,411699,373032,38667,9.4,46,0.127,0.188,0.349,0.083,7,0
SHOP084,2023-08,724631,628848,95783,13.2,46,0.201,0.123,0.306,0.059,8,0
SHOP084,2023-09,531867,504852,27015,5.1,53,0.163,0.226,0.329,0.121,9,0
SHOP084,2023-10,605117,533343,71774,11.9,40,0.037,0.176,0.336,0.095,10,0
SHOP084,2023-11,585014,534678,50336,8.6,50,0.219,0.158,0.2,0.108,11,0
SHOP084,2023-12,823472,753052,70420,8.6,51,0.174,0.176,0.359,0.106,12,0
SHOP084,2024-01,594671,518462,76209,12.8,43,0.1,0.098,0.257,0.082,13,0
SHOP084,2024-02,409185,369706,39479,9.6,44,0.226,0.182,0.265,0.153,14,0
SHOP084,2024-03,543681,497031,46650,8.6,39,0.125,0.122,0.094,0.093,15,0
SHOP084,2024-04,720072,655513,64559,9.0,46,0.163,0.22,0.326,0.15,16,0
SHOP084,2024-05,559396,507815,51581,9.2,43,0.126,0.156,0.288,0.099,17,0
SHOP084,2024-06,547310,493810,53500,9.8,56,0.161,0.17,0.299,0.193,18,0
SHOP084,2024-07,630945,573131,57814,9.2,42,0.239,0.106,0.314,0.181,19,0
SHOP084,2024-08,637255,531904,105351,16.5,49,0.131,0.232,0.297,0.098,20,0
SHOP084,2024-09,774830,671172,103658,13.4,40,0.144,0.157,0.253,0.06,21,0
SHOP084,2024-10,491304,413729,77575,15.8,45,0.119,0.061,0.255,0.156,22,0
SHOP084,2024-11,660325,591762,68563,10.4,47,0.12,0.04,0.313,0.093,23,0
SHOP084,2024-12,637420,576232,61188,9.6,42,0.184,0.236,0.136,0.103,24,0
SHOP084,2025-01,597751,526695,71056,11.9,41,0.134,0.118,0.282,0.128,25,0
SHOP084,2025-02,628395,569453,58942,9.4,52,0.169,0.195,0.318,0.091,26,0
SHOP084,2025-03,576733,496878,79855,13.8,52,0.175,0.192,0.231,0.132,27,0
SHOP084,2025-04,384674,350189,34485,9.0,58,0.158,0.159,0.288,0.111,28,0
SHOP084,2025-05,631166,561349,69817,11.1,38,0.185,0.159,0.422,0.161,29,0
SHOP084,2025-06,414760,367145,47615,11.5,59,0.182,0.146,0.324,0.069,30,0
SHOP084,2025-07,537566,485237,52329,9.7,50,0.186,0.123,0.398,0.093,31,0
SHOP084,2025-08,559644,468752,90892,16.2,41,0.168,0.09,0.27,0.078,32,0
SHOP084,2025-09,510954,448004,62950,12.3,43,0.071,0.08,0.25,0.081,33,0
SHOP084,2025-10,342212,282233,59979,17.5,42,0.102,0.198,0.33,0.108,34,0
SHOP084,2025-11,566754,510175,56579,10.0,43,0.144,0.109,0.217,0.126,35,0
SHOP084,2025-12,600538,518968,81570,13.6,58,0.114,0.188,0.308,0.124,36,0
SHOP085,2023-01,795362,666703,128659,16.2,63,0.099,0.334,0.148,0.072,1,0
SHOP085,2023-02,792669,653076,139593,17.6,61,0.146,0.278,0.181,0.025,2,0
SHOP085,2023-03,728674,606891,121783,16.7,53,0.079,0.271,0.201,0.038,3,1
SHOP085,2023-04,788704,612522,176182,22.3,58,0.199,0.266,0.168,0.064,4,0
SHOP085,2023-05,777423,669881,107542,13.8,52,0.174,0.191,0.126,0.086,5,0
SHOP085,2023-06,640906,551515,89391,13.9,63,0.112,0.289,0.031,0.074,6,0
SHOP085,2023-07,486950,398515,88435,18.2,55,0.045,0.179,0.162,0.092,7,0
SHOP085,2023-08,470496,395838,74658,15.9,60,0.067,0.26,0.169,0.1,8,0
SHOP085,2023-09,836532,743855,92677,11.1,49,0.084,0.295,0.271,0.088,9,1
SHOP085,2023-10,845182,669149,176033,20.8,63,0.117,0.286,0.202,0.086,10,0
SHOP085,2023-11,682712,543396,139316,20.4,62,0.162,0.226,0.148,0.086,11,1
SHOP085,2023-12,605698,493562,112136,18.5,60,0.067,0.26,0.148,0.094,12,0
SHOP085,2024-01,817444,696777,120667,14.8,53,0.1,0.213,0.166,0.07,13,0
SHOP085,2024-02,674126,545246,128880,19.1,71,0.077,0.23,0.15,0.049,14,0
SHOP085,2024-03,864958,737268,127690,14.8,66,0.08,0.222,0.204,0.067,15,1
SHOP085,2024-04,783448,724883,58565,7.5,67,0.077,0.284,0.206,0.118,16,0
SHOP085,2024-05,704806,593040,111766,15.9,49,0.081,0.159,0.306,0.097,17,0
SHOP085,2024-06,744232,612433,131799,17.7,73,0.092,0.291,0.239,0.074,18,1
SHOP085,2024-07,865758,705217,160541,18.5,60,0.057,0.269,0.131,0.083,19,1
SHOP085,2024-08,626264,544187,82077,13.1,53,0.071,0.238,0.123,0.027,20,1
SHOP085,2024-09,798374,704255,94119,11.8,65,0.159,0.401,0.211,0.087,21,1
SHOP085,2024-10,604272,505084,99188,16.4,55,0.148,0.243,0.165,0.085,22,1
SHOP085,2024-11,1070352,907849,162503,15.2,58,0.114,0.299,0.256,0.073,23,1
SHOP085,2024-12,903094,738172,164922,18.3,49,0.215,0.294,0.218,0.034,24,1
SHOP085,2025-01,650584,532531,118053,18.1,60,0.172,0.248,0.132,0.04,25,1
SHOP085,2025-02,793983,665320,128663,16.2,67,0.117,0.271,0.225,0.068,26,1
SHOP085,2025-03,785285,671939,113346,14.4,61,0.165,0.286,0.18,0.046,27,1
SHOP085,2025-04,623944,521650,102294,16.4,64,0.146,0.279,0.122,0.085,28,1
SHOP085,2025-05,538841,420397,118444,22.0,55,0.131,0.272,0.214,0.056,29,1
SHOP085,2025-06,852555,743015,109540,12.8,59,0.069,0.374,0.238,0.077,30,1
SHOP085,2025-07,638206,560197,78009,12.2,60,0.089,0.313,0.246,0.077,31,1
SHOP085,2025-08,881679,726145,155534,17.6,56,0.065,0.344,0.314,0.018,32,1
SHOP085,2025-09,751223,633808,117415,15.6,56,0.049,0.31,0.156,0.097,33,1
SHOP085,2025-10,787311,637441,149870,19.0,61,0.139,0.225,0.123,0.036,34,1
SHOP085,2025-11,816776,698598,118178,14.5,65,0.091,0.321,0.129,0.063,35,1
SHOP085,2025-12,853052,695804,157248,18.4,51,0.107,0.176,0.151,0.103,36,1
SHOP086,2023-01,519492,443775,75717,14.6,49,0.066,0.292,0.194,0.067,1,0
SHOP086,2023-02,680446,531849,148597,21.8,44,0.08,0.229,0.165,0.092,2,1
SHOP086,2023-03,585686,488654,97032,16.6,60,0.076,0.287,0.106,0.062,3,0
SHOP086,2023-04,700221,555506,144715,20.7,54,0.009,0.257,0.211,0.057,4,0
SHOP086,2023-05,800176,667169,133007,16.6,51,0.079,0.223,0.212,0.096,5,0
SHOP086,2023-06,603208,470663,132545,22.0,54,0.158,0.385,0.165,0.013,6,1
SHOP086,2023-07,656746,556534,100212,15.3,54,0.07,0.25,0.298,0.083,7,0
SHOP086,2023-08,890012,719495,170517,19.2,47,0.127,0.251,0.191,0.062,8,0
SHOP086,2023-09,656768,533023,123745,18.8,66,0.141,0.228,0.148,0.091,9,0
SHOP086,2023-10,839760,714138,125622,15.0,47,0.103,0.339,0.157,0.042,10,1
SHOP086,2023-11,612549,494256,118293,19.3,48,0.058,0.24,0.169,0.043,11,1
SHOP086,2023-12,767844,601561,166283,21.7,56,0.149,0.316,0.151,0.05,12,1
SHOP086,2024-01,559229,461366,97863,17.5,49,0.072,0.276,0.14,0.023,13,0
SHOP086,2024-02,649034,549618,99416,15.3,43,0.048,0.288,0.095,0.041,14,1
SHOP086,2024-03,791071,660251,130820,16.5,64,0.1,0.284,0.183,0.079,15,1
SHOP086,2024-04,841175,689260,151915,18.1,45,0.119,0.339,0.14,0.087,16,1
SHOP086,2024-05,620679,517179,103500,16.7,55,0.106,0.307,0.296,0.115,17,1
SHOP086,2024-06,477327,411841,65486,13.7,46,0.093,0.3,0.05,0.076,18,1
SHOP086,2024-07,960655,777014,183641,19.1,57,0.069,0.265,0.197,0.094,19,1
SHOP086,2024-08,1044510,857019,187491,18.0,61,0.095,0.364,0.187,0.092,20,1
SHOP086,2024-09,731215,595964,135251,18.5,55,0.211,0.32,0.171,0.042,21,1
SHOP086,2024-10,648122,572021,76101,11.7,48,0.066,0.362,0.202,0.067,22,1
SHOP086,2024-11,510938,432002,78936,15.4,41,0.145,0.215,0.105,0.033,23,1
SHOP086,2024-12,566994,498599,68395,12.1,55,0.1,0.228,0.183,0.062,24,1
SHOP086,2025-01,730284,596507,133777,18.3,55,0.137,0.264,0.116,0.084,25,1
SHOP086,2025-02,585404,527087,58317,10.0,64,0.129,0.322,0.123,0.077,26,1
SHOP086,2025-03,745440,601686,143754,19.3,50,0.146,0.286,0.143,0.156,27,1
SHOP086,2025-04,732587,588895,143692,19.6,51,0.088,0.304,0.191,0.083,28,1
SHOP086,2025-05,712918,596536,116382,16.3,49,0.045,0.3,0.136,0.045,29,1
SHOP086,2025-06,725416,583185,142231,19.6,52,0.107,0.19,0.182,0.095,30,1
SHOP086,2025-07,623829,495978,127851,20.5,64,0.057,0.249,0.114,0.057,31,1
SHOP086,2025-08,570759,496582,74177,13.0,58,0.145,0.366,0.13,0.098,32,1
SHOP086,2025-09,697614,601403,96211,13.8,38,0.117,0.341,0.146,0.085,33,1
SHOP086,2025-10,768033,606319,161714,21.1,58,0.03,0.298,0.113,0.063,34,1
SHOP086,2025-11,692464,591884,100580,14.5,44,0.096,0.296,0.151,0.054,35,1
SHOP086,2025-12,978617,792405,186212,19.0,49,0.104,0.234,0.299,0.053,36,1
SHOP087,2023-01,185945,157788,28157,15.1,20,0.064,0.305,0.17,0.001,1,1
SHOP087,2023-02,225651,200526,25125,11.1,16,0.086,0.317,0.188,0.068,2,1
SHOP087,2023-03,182769,152662,30107,16.5,17,0.068,0.344,0.02,0.095,3,1
SHOP087,2023-04,260494,213497,46997,18.0,24,0.109,0.367,0.311,0.087,4,0
SHOP087,2023-05,189060,146911,42149,22.3,17,0.072,0.297,0.178,0.059,5,1
SHOP087,2023-06,180206,148082,32124,17.8,20,0.124,0.342,0.22,0.036,6,0
SHOP087,2023-07,314922,260713,54209,17.2,29,0.0,0.269,0.176,0.081,7,1
SHOP087,2023-08,207745,158764,48981,23.6,11,0.014,0.383,0.049,0.087,8,1
SHOP087,2023-09,278630,225415,53215,19.1,9,0.088,0.355,0.114,0.038,9,1
SHOP087,2023-10,239721,201444,38277,16.0,18,0.01,0.285,0.216,0.013,10,1
SHOP087,2023-11,222003,182863,39140,17.6,11,0.061,0.24,0.219,0.035,11,1
SHOP087,2023-12,215483,175172,40311,18.7,25,0.0,0.297,0.133,0.048,12,1
SHOP087,2024-01,245489,198041,47448,19.3,16,0.118,0.254,0.214,0.101,13,1
SHOP087,2024-02,174569,143527,31042,17.8,22,0.092,0.27,0.043,0.024,14,1
SHOP087,2024-03,219835,189772,30063,13.7,17,0.127,0.287,0.184,0.059,15,1
SHOP087,2024-04,252182,200684,51498,20.4,23,0.079,0.275,0.069,0.091,16,1
SHOP087,2024-05,157862,128768,29094,18.4,22,0.075,0.335,0.168,0.015,17,1
SHOP087,2024-06,267175,230116,37059,13.9,16,0.114,0.289,0.164,0.042,18,1
SHOP087,2024-07,189182,152376,36806,19.5,12,0.092,0.347,0.132,0.059,19,1
SHOP087,2024-08,228542,180863,47679,20.9,8,0.032,0.204,0.173,0.109,20,1
SHOP087,2024-09,173890,144901,28989,16.7,27,0.074,0.251,0.175,0.084,21,1
SHOP087,2024-10,275538,233703,41835,15.2,17,0.053,0.374,0.166,0.048,22,1
SHOP087,2024-11,246776,207373,39403,16.0,22,0.092,0.317,0.217,0.024,23,1
SHOP087,2024-12,187812,155846,31966,17.0,21,0.058,0.344,0.148,0.059,24,1
SHOP087,2025-01,227646,193093,34553,15.2,19,0.085,0.35,0.177,0.006,25,1
SHOP087,2025-02,256837,205901,50936,19.8,21,0.065,0.366,0.165,0.028,26,1
SHOP087,2025-03,289781,244878,44903,15.5,17,0.134,0.234,0.239,0.075,27,1
SHOP087,2025-04,231329,189515,41814,18.1,13,0.111,0.288,0.13,0.104,28,1
SHOP087,2025-05,201957,165652,36305,18.0,8,0.055,0.298,0.15,0.0,29,1
SHOP087,2025-06,155927,127694,28233,18.1,25,0.0,0.325,0.121,0.052,30,1
SHOP087,2025-07,234024,181101,52923,22.6,23,0.069,0.387,0.211,0.081,31,1
SHOP087,2025-08,217097,179135,37962,17.5,13,0.181,0.237,0.206,0.016,32,1
SHOP087,2025-09,249469,204828,44641,17.9,16,0.136,0.364,0.126,0.053,33,1
SHOP087,2025-10,170626,136386,34240,20.1,18,0.056,0.326,0.202,0.066,34,1
SHOP087,2025-11,287775,232558,55217,19.2,16,0.062,0.256,0.298,0.037,35,1
SHOP087,2025-12,167332,132753,34579,20.7,10,0.137,0.153,0.256,0.053,36,1
SHOP088,2023-01,458525,417872,40653,8.9,31,0.063,0.149,0.239,0.076,1,0
SHOP088,2023-02,456562,390184,66378,14.5,36,0.228,0.082,0.242,0.065,2,0
SHOP088,2023-03,565038,492635,72403,12.8,28,0.193,0.126,0.339,0.164,3,0
SHOP088,2023-04,408634,354423,54211,13.3,40,0.251,0.238,0.215,0.05,4,0
SHOP088,2023-05,447127,399874,47253,10.6,22,0.162,0.176,0.273,0.099,5,0
SHOP088,2023-06,493932,410867,83065,16.8,27,0.151,0.13,0.216,0.081,6,0
SHOP088,2023-07,616269,578124,38145,6.2,37,0.092,0.127,0.278,0.123,7,0
SHOP088,2023-08,568210,469180,99030,17.4,38,0.255,0.18,0.425,0.112,8,0
SHOP088,2023-09,493640,443504,50136,10.2,47,0.221,0.222,0.305,0.103,9,0
SHOP088,2023-10,404840,358720,46120,11.4,37,0.154,0.128,0.343,0.111,10,0
SHOP088,2023-11,559383,483095,76288,13.6,33,0.158,0.201,0.31,0.126,11,0
SHOP088,2023-12,261744,216867,44877,17.1,43,0.144,0.123,0.318,0.123,12,0
SHOP088,2024-01,410306,382064,28242,6.9,21,0.127,0.179,0.258,0.075,13,0
SHOP088,2024-02,529499,495622,33877,6.4,34,0.153,0.108,0.225,0.039,14,0
SHOP088,2024-03,408016,361582,46434,11.4,39,0.117,0.149,0.208,0.106,15,0
SHOP088,2024-04,344649,304070,40579,11.8,33,0.089,0.095,0.361,0.119,16,0
SHOP088,2024-05,555332,463861,91471,16.5,46,0.136,0.123,0.188,0.047,17,0
SHOP088,2024-06,558751,468729,90022,16.1,29,0.163,0.164,0.218,0.113,18,0
SHOP088,2024-07,547518,463970,83548,15.3,36,0.179,0.181,0.386,0.12,19,0
SHOP088,2024-08,512340,464061,48279,9.4,39,0.302,0.117,0.22,0.096,20,0
SHOP088,2024-09,559543,481583,77960,13.9,35,0.101,0.191,0.228,0.114,21,1
SHOP088,2024-10,501859,465567,36292,7.2,34,0.187,0.076,0.195,0.132,22,0
SHOP088,2024-11,510708,455260,55448,10.9,30,0.199,0.188,0.222,0.11,23,0
SHOP088,2024-12,471996,407105,64891,13.7,27,0.099,0.14,0.25,0.122,24,0
SHOP088,2025-01,526407,443461,82946,15.8,28,0.074,0.098,0.41,0.118,25,0
SHOP088,2025-02,536382,485406,50976,9.5,43,0.251,0.086,0.28,0.158,26,0
SHOP088,2025-03,529357,448401,80956,15.3,29,0.199,0.151,0.197,0.136,27,0
SHOP088,2025-04,569847,499370,70477,12.4,37,0.127,0.213,0.324,0.091,28,0
SHOP088,2025-05,457216,411609,45607,10.0,30,0.056,0.058,0.295,0.079,29,0
SHOP088,2025-06,421712,377258,44454,10.5,18,0.151,0.238,0.25,0.105,30,0
SHOP088,2025-07,349211,309146,40065,11.5,23,0.164,0.171,0.281,0.102,31,0
SHOP088,2025-08,513753,461977,51776,10.1,45,0.14,0.224,0.185,0.086,32,1
SHOP088,2025-09,431487,364723,66764,15.5,30,0.181,0.191,0.249,0.107,33,0
SHOP088,2025-10,461717,381006,80711,17.5,32,0.157,0.133,0.295,0.114,34,0
SHOP088,2025-11,396186,351325,44861,11.3,34,0.11,0.145,0.312,0.13,35,0
SHOP088,2025-12,338792,292798,45994,13.6,38,0.138,0.19,0.248,0.125,36,0
SHOP089,2023-01,372575,310205,62370,16.7,42,0.121,0.177,0.071,0.083,1,0
SHOP089,2023-02,517483,440667,76816,14.8,35,0.147,0.127,0.188,0.039,2,0
SHOP089,2023-03,434819,392086,42733,9.8,35,0.195,0.2,0.235,0.12,3,0
SHOP089,2023-04,483802,418936,64866,13.4,38,0.144,0.29,0.148,0.072,4,0
SHOP089,2023-05,546857,465755,81102,14.8,34,0.14,0.207,0.214,0.086,5,0
SHOP089,2023-06,489753,405692,84061,17.2,35,0.079,0.223,0.285,0.045,6,0
SHOP089,2023-07,594707,522142,72565,12.2,47,0.05,0.204,0.192,0.049,7,0
SHOP089,2023-08,528603,442642,85961,16.3,36,0.106,0.122,0.232,0.118,8,1
SHOP089,2023-09,619288,550546,68742,11.1,34,0.094,0.279,0.202,0.125,9,0
SHOP089,2023-10,497325,390855,106470,21.4,39,0.167,0.275,0.222,0.096,10,0
SHOP089,2023-11,677202,566185,111017,16.4,42,0.128,0.302,0.24,0.064,11,0
SHOP089,2023-12,601445,504588,96857,16.1,37,0.013,0.216,0.168,0.094,12,1
SHOP089,2024-01,628194,563412,64782,10.3,32,0.131,0.252,0.16,0.06,13,0
SHOP089,2024-02,388858,325798,63060,16.2,38,0.132,0.273,0.284,0.078,14,0
SHOP089,2024-03,432316,360848,71468,16.5,36,0.107,0.21,0.151,0.061,15,0
SHOP089,2024-04,539074,439234,99840,18.5,32,0.158,0.191,0.239,0.081,16,1
SHOP089,2024-05,540346,465867,74479,13.8,34,0.178,0.245,0.288,0.124,17,0
SHOP089,2024-06,411502,380405,31097,7.6,35,0.202,0.218,0.257,0.07,18,0
SHOP089,2024-07,681823,575016,106807,15.7,35,0.154,0.167,0.23,0.068,19,0
SHOP089,2024-08,460410,389471,70939,15.4,32,0.112,0.293,0.111,0.095,20,1
SHOP089,2024-09,509917,436799,73118,14.3,47,0.179,0.172,0.209,0.071,21,1
SHOP089,2024-10,549213,482091,67122,12.2,40,0.136,0.25,0.284,0.13,22,1
SHOP089,2024-11,534476,459592,74884,14.0,38,0.203,0.184,0.194,0.125,23,1
SHOP089,2024-12,625750,519431,106319,17.0,41,0.226,0.201,0.119,0.091,24,1
SHOP089,2025-01,600563,530303,70260,11.7,42,0.122,0.109,0.219,0.028,25,1
SHOP089,2025-02,548356,479384,68972,12.6,34,0.091,0.226,0.114,0.062,26,1
SHOP089,2025-03,541937,458022,83915,15.5,22,0.172,0.273,0.29,0.051,27,1
SHOP089,2025-04,589367,498164,91203,15.5,38,0.097,0.216,0.17,0.069,28,1
SHOP089,2025-05,488031,432720,55311,11.3,44,0.078,0.218,0.269,0.129,29,1
SHOP089,2025-06,542848,467156,75692,13.9,31,0.103,0.193,0.246,0.099,30,0
SHOP089,2025-07,551388,453469,97919,17.8,44,0.14,0.257,0.298,0.063,31,1
SHOP089,2025-08,404103,367298,36805,9.1,34,0.06,0.255,0.29,0.073,32,1
SHOP089,2025-09,466198,427401,38797,8.3,32,0.135,0.171,0.221,0.124,33,0
SHOP089,2025-10,494919,403413,91506,18.5,32,0.199,0.213,0.253,0.105,34,1
SHOP089,2025-11,402765,350903,51862,12.9,40,0.088,0.08,0.205,0.116,35,1
SHOP089,2025-12,392639,333284,59355,15.1,38,0.133,0.266,0.205,0.112,36,1
SHOP090,2023-01,584234,472059,112175,19.2,37,0.149,0.194,0.138,0.023,1,0
SHOP090,2023-02,344894,314130,30764,8.9,34,0.127,0.258,0.27,0.061,2,0
SHOP090,2023-03,452953,367988,84965,18.8,45,0.046,0.219,0.329,0.084,3,0
SHOP090,2023-04,301493,270595,30898,10.2,42,0.168,0.179,0.26,0.051,4,0
SHOP090,2023-05,403191,343039,60152,14.9,31,0.204,0.199,0.234,0.073,5,0
SHOP090,2023-06,436226,362429,73797,16.9,45,0.16,0.238,0.146,0.097,6,0
SHOP090,2023-07,464057,414937,49120,10.6,47,0.097,0.19,0.197,0.046,7,0
SHOP090,2023-08,470850,387357,83493,17.7,40,0.039,0.19,0.234,0.026,8,0
SHOP090,2023-09,411487,358527,52960,12.9,29,0.198,0.178,0.221,0.091,9,0
SHOP090,2023-10,535646,440142,95504,17.8,36,0.105,0.315,0.161,0.094,10,0
SHOP090,2023-11,537004,451983,85021,15.8,37,0.08,0.159,0.279,0.089,11,0
SHOP090,2023-12,517245,436898,80347,15.5,34,0.132,0.185,0.234,0.134,12,0
SHOP090,2024-01,394204,331007,63197,16.0,29,0.099,0.189,0.255,0.079,13,0
SHOP090,2024-02,337426,289093,48333,14.3,38,0.183,0.256,0.263,0.119,14,0
SHOP090,2024-03,534944,450833,84111,15.7,34,0.23,0.184,0.197,0.105,15,0
SHOP090,2024-04,417128,359650,57478,13.8,33,0.195,0.113,0.176,0.117,16,0
SHOP090,2024-05,447602,381081,66521,14.9,48,0.078,0.23,0.25,0.109,17,1
SHOP090,2024-06,624597,562522,62075,9.9,33,0.156,0.188,0.241,0.13,18,0
SHOP090,2024-07,418779,327497,91282,21.8,45,0.063,0.164,0.238,0.137,19,0
SHOP090,2024-08,431666,393581,38085,8.8,42,0.108,0.201,0.275,0.143,20,0
SHOP090,2024-09,491257,408174,83083,16.9,27,0.162,0.181,0.231,0.114,21,1
SHOP090,2024-10,501756,439838,61918,12.3,38,0.072,0.194,0.269,0.12,22,1
SHOP090,2024-11,534897,460554,74343,13.9,29,0.052,0.258,0.18,0.091,23,1
SHOP090,2024-12,607718,528416,79302,13.0,34,0.04,0.204,0.175,0.073,24,1
SHOP090,2025-01,558098,470545,87553,15.7,46,0.056,0.162,0.186,0.065,25,1
SHOP090,2025-02,606950,539256,67694,11.2,35,0.211,0.173,0.167,0.105,26,1
SHOP090,2025-03,281653,254778,26875,9.5,33,0.127,0.178,0.249,0.064,27,1
SHOP090,2025-04,475051,417345,57706,12.1,36,0.205,0.192,0.266,0.076,28,1
SHOP090,2025-05,534368,469548,64820,12.1,34,0.178,0.145,0.2,0.12,29,0
SHOP090,2025-06,489514,431440,58074,11.9,39,0.078,0.15,0.18,0.084,30,0
SHOP090,2025-07,325297,285337,39960,12.3,46,0.096,0.197,0.257,0.115,31,1
SHOP090,2025-08,419252,394976,24276,5.8,34,0.047,0.114,0.215,0.086,32,1
SHOP090,2025-09,442392,388052,54340,12.3,46,0.133,0.271,0.298,0.105,33,0
SHOP090,2025-10,371447,319059,52388,14.1,40,0.09,0.115,0.174,0.07,34,1
SHOP090,2025-11,481194,405964,75230,15.6,29,0.131,0.155,0.184,0.091,35,1
SHOP090,2025-12,362180,317326,44854,12.4,38,0.186,0.245,0.14,0.089,36,1
SHOP091,2023-01,481258,419637,61621,12.8,36,0.157,0.123,0.237,0.083,1,0
SHOP091,2023-02,426717,367411,59306,13.9,35,0.189,0.194,0.206,0.102,2,0
SHOP091,2023-03,439530,389619,49911,11.4,35,0.211,0.152,0.201,0.09,3,0
SHOP091,2023-04,432055,375646,56409,13.1,31,0.178,0.195,0.293,0.073,4,0
SHOP091,2023-05,296067,261038,35029,11.8,29,0.107,0.093,0.206,0.046,5,0
SHOP091,2023-06,493769,452061,41708,8.4,30,0.168,0.143,0.165,0.097,6,0
SHOP091,2023-07,405577,356447,49130,12.1,30,0.144,0.151,0.332,0.142,7,0
SHOP091,2023-08,480406,430007,50399,10.5,31,0.139,0.188,0.264,0.089,8,0
SHOP091,2023-09,397307,345617,51690,13.0,41,0.18,0.07,0.213,0.145,9,0
SHOP091,2023-10,341969,298700,43269,12.7,43,0.159,0.162,0.394,0.135,10,0
SHOP091,2023-11,313971,288009,25962,8.3,38,0.103,0.093,0.274,0.139,11,0
SHOP091,2023-12,540535,437806,102729,19.0,38,0.164,0.193,0.267,0.108,12,0
SHOP091,2024-01,478249,417678,60571,12.7,39,0.174,0.074,0.295,0.155,13,0
SHOP091,2024-02,327830,300885,26945,8.2,23,0.197,0.186,0.295,0.113,14,0
SHOP091,2024-03,369240,331044,38196,10.3,18,0.152,0.194,0.279,0.104,15,0
SHOP091,2024-04,488062,426165,61897,12.7,40,0.135,0.221,0.25,0.135,16,0
SHOP091,2024-05,415735,372684,43051,10.4,33,0.187,0.168,0.234,0.114,17,0
SHOP091,2024-06,341599,318717,22882,6.7,31,0.172,0.192,0.193,0.101,18,0
SHOP091,2024-07,468325,393938,74387,15.9,32,0.231,0.219,0.346,0.105,19,0
SHOP091,2024-08,405479,367731,37748,9.3,41,0.124,0.206,0.203,0.099,20,0
SHOP091,2024-09,403075,347910,55165,13.7,23,0.129,0.054,0.203,0.098,21,0
SHOP091,2024-10,432083,366738,65345,15.1,32,0.233,0.127,0.163,0.077,22,1
SHOP091,2024-11,411665,369725,41940,10.2,24,0.081,0.154,0.302,0.121,23,0
SHOP091,2024-12,347328,300636,46692,13.4,33,0.082,0.125,0.189,0.1,24,0
SHOP091,2025-01,398949,359513,39436,9.9,24,0.168,0.067,0.282,0.087,25,0
SHOP091,2025-02,364173,317000,47173,13.0,45,0.223,0.167,0.307,0.141,26,0
SHOP091,2025-03,356155,327881,28274,7.9,40,0.082,0.217,0.265,0.142,27,0
SHOP091,2025-04,353539,322103,31436,8.9,26,0.071,0.176,0.183,0.124,28,0
SHOP091,2025-05,313988,271842,42146,13.4,28,0.18,0.229,0.303,0.131,29,0
SHOP091,2025-06,484321,444432,39889,8.2,36,0.165,0.141,0.313,0.12,30,0
SHOP091,2025-07,389784,344233,45551,11.7,30,0.226,0.122,0.254,0.12,31,0
SHOP091,2025-08,413747,383883,29864,7.2,34,0.162,0.119,0.279,0.122,32,0
SHOP091,2025-09,433590,370209,63381,14.6,39,0.204,0.214,0.306,0.074,33,0
SHOP091,2025-10,370638,324615,46023,12.4,31,0.229,0.13,0.307,0.142,34,0
SHOP091,2025-11,428449,375804,52645,12.3,31,0.134,0.182,0.254,0.136,35,0
SHOP091,2025-12,537301,488603,48698,9.1,28,0.186,0.21,0.203,0.09,36,1
SHOP092,2023-01,494303,406081,88222,17.8,52,0.108,0.247,0.151,0.02,1,1
SHOP092,2023-02,664260,541629,122631,18.5,43,0.111,0.272,0.149,0.053,2,0
SHOP092,2023-03,603446,545283,58163,9.6,44,0.084,0.27,0.104,0.041,3,0
SHOP092,2023-04,501578,424813,76765,15.3,52,0.088,0.284,0.225,0.054,4,1
SHOP092,2023-05,696192,571596,124596,17.9,46,0.074,0.207,0.211,0.05,5,0
SHOP092,2023-06,572160,454295,117865,20.6,49,0.101,0.239,0.137,0.055,6,1
SHOP092,2023-07,596178,509145,87033,14.6,44,0.007,0.27,0.175,0.006,7,0
SHOP092,2023-08,653518,537219,116299,17.8,59,0.172,0.228,0.163,0.071,8,0
SHOP092,2023-09,392805,330558,62247,15.8,40,0.112,0.166,0.124,0.094,9,0
SHOP092,2023-10,658592,547251,111341,16.9,46,0.158,0.241,0.11,0.107,10,0
SHOP092,2023-11,547274,442989,104285,19.1,42,0.173,0.271,0.189,0.049,11,1
SHOP092,2023-12,357936,298227,59709,16.7,53,0.114,0.26,0.217,0.061,12,1
SHOP092,2024-01,691585,551958,139627,20.2,44,0.152,0.222,0.122,0.065,13,1
SHOP092,2024-02,723758,612503,111255,15.4,40,0.065,0.239,0.12,0.055,14,1
SHOP092,2024-03,578820,488858,89962,15.5,43,0.099,0.296,0.123,0.074,15,1
SHOP092,2024-04,559045,467469,91576,16.4,44,0.044,0.338,0.132,0.094,16,1
SHOP092,2024-05,566252,473044,93208,16.5,47,0.05,0.218,0.232,0.087,17,0
SHOP092,2024-06,670668,556564,114104,17.0,49,0.064,0.257,0.14,0.06,18,1
SHOP092,2024-07,539460,420115,119345,22.1,50,0.096,0.319,0.179,0.095,19,1
SHOP092,2024-08,741547,608216,133331,18.0,43,0.106,0.364,0.209,0.058,20,1
SHOP092,2024-09,429251,364574,64677,15.1,44,0.115,0.29,0.101,0.055,21,1
SHOP092,2024-10,624057,508798,115259,18.5,43,0.164,0.282,0.149,0.073,22,1
SHOP092,2024-11,743985,630229,113756,15.3,55,0.097,0.267,0.22,0.115,23,1
SHOP092,2024-12,606621,496486,110135,18.2,33,0.114,0.302,0.142,0.078,24,1
SHOP092,2025-01,570873,478114,92759,16.2,52,0.13,0.269,0.216,0.064,25,1
SHOP092,2025-02,517547,411772,105775,20.4,36,0.041,0.326,0.095,0.085,26,1
SHOP092,2025-03,517569,423534,94035,18.2,52,0.089,0.305,0.105,0.033,27,1
SHOP092,2025-04,792792,645671,147121,18.6,43,0.167,0.262,0.238,0.05,28,1
SHOP092,2025-05,600875,496669,104206,17.3,46,0.108,0.293,0.082,0.092,29,1
SHOP092,2025-06,527990,433514,94476,17.9,36,0.025,0.309,0.21,0.066,30,1
SHOP092,2025-07,595839,513171,82668,13.9,61,0.0,0.27,0.222,0.082,31,1
SHOP092,2025-08,513871,418727,95144,18.5,55,0.073,0.298,0.121,0.083,32,1
SHOP092,2025-09,656770,551729,105041,16.0,60,0.152,0.385,0.085,0.044,33,1
SHOP092,2025-10,502923,400497,102426,20.4,38,0.088,0.316,0.205,0.104,34,1
SHOP092,2025-11,552643,425287,127356,23.0,61,0.083,0.266,0.22,0.045,35,1
SHOP092,2025-12,398446,318950,79496,20.0,45,0.098,0.276,0.132,0.071,36,1
SHOP093,2023-01,304715,245765,58950,19.3,15,0.161,0.2,0.255,0.035,1,0
SHOP093,2023-02,275303,237891,37412,13.6,31,0.093,0.213,0.29,0.075,2,0
SHOP093,2023-03,387992,327677,60315,15.5,22,0.136,0.239,0.153,0.114,3,0
SHOP093,2023-04,372652,304164,68488,18.4,26,0.144,0.287,0.121,0.095,4,0
SHOP093,2023-05,329065,273289,55776,16.9,27,0.043,0.212,0.184,0.067,5,0
SHOP093,2023-06,402632,344018,58614,14.6,31,0.042,0.258,0.136,0.086,6,0
SHOP093,2023-07,319508,245780,73728,23.1,22,0.084,0.249,0.236,0.058,7,0
SHOP093,2023-08,293278,245427,47851,16.3,20,0.131,0.248,0.132,0.106,8,0
SHOP093,2023-09,371715,315499,56216,15.1,18,0.128,0.309,0.19,0.024,9,0
SHOP093,2023-10,365488,306876,58612,16.0,21,0.098,0.328,0.085,0.042,10,1
SHOP093,2023-11,289546,236450,53096,18.3,26,0.081,0.255,0.258,0.092,11,0
SHOP093,2023-12,278768,253581,25187,9.0,20,0.033,0.182,0.274,0.087,12,0
SHOP093,2024-01,256722,223308,33414,13.0,24,0.081,0.232,0.193,0.035,13,1
SHOP093,2024-02,342361,282897,59464,17.4,28,0.069,0.271,0.156,0.11,14,1
SHOP093,2024-03,288710,255196,33514,11.6,19,0.176,0.188,0.245,0.072,15,0
SHOP093,2024-04,293571,250910,42661,14.5,19,0.064,0.188,0.191,0.102,16,1
SHOP093,2024-05,277599,243121,34478,12.4,25,0.121,0.169,0.216,0.084,17,0
SHOP093,2024-06,398377,352083,46294,11.6,21,0.141,0.246,0.16,0.108,18,0
SHOP093,2024-07,403419,340624,62795,15.6,20,0.104,0.153,0.25,0.051,19,1
SHOP093,2024-08,339760,281317,58443,17.2,28,0.211,0.21,0.115,0.093,20,1
SHOP093,2024-09,240831,193948,46883,19.5,26,0.144,0.272,0.277,0.056,21,1
SHOP093,2024-10,320263,273423,46840,14.6,28,0.104,0.214,0.211,0.038,22,1
SHOP093,2024-11,283917,227814,56103,19.8,20,0.057,0.374,0.151,0.072,23,1
SHOP093,2024-12,318608,272261,46347,14.5,19,0.0,0.164,0.102,0.02,24,1
SHOP093,2025-01,377615,342906,34709,9.2,19,0.185,0.341,0.287,0.047,25,1
SHOP093,2025-02,365310,316086,49224,13.5,21,0.188,0.198,0.167,0.138,26,1
SHOP093,2025-03,327857,284042,43815,13.4,17,0.118,0.263,0.212,0.095,27,1
SHOP093,2025-04,274187,228995,45192,16.5,19,0.097,0.103,0.113,0.051,28,1
SHOP093,2025-05,328611,287485,41126,12.5,14,0.097,0.191,0.274,0.13,29,1
SHOP093,2025-06,346301,282327,63974,18.5,29,0.139,0.237,0.192,0.089,30,1
SHOP093,2025-07,303750,252720,51030,16.8,21,0.0,0.217,0.285,0.092,31,1
SHOP093,2025-08,295918,229630,66288,22.4,34,0.05,0.172,0.14,0.127,32,1
SHOP093,2025-09,388029,300533,87496,22.5,15,0.215,0.262,0.16,0.091,33,1
SHOP093,2025-10,361396,315320,46076,12.7,17,0.043,0.219,0.143,0.051,34,1
SHOP093,2025-11,293460,252405,41055,14.0,19,0.14,0.26,0.274,0.055,35,0
SHOP093,2025-12,297008,267130,29878,10.1,25,0.11,0.26,0.171,0.093,36,1
SHOP094,2023-01,873025,707751,165274,18.9,56,0.068,0.256,0.187,0.024,1,0
SHOP094,2023-02,479878,410726,69152,14.4,56,0.18,0.209,0.088,0.092,2,1
SHOP094,2023-03,501305,394364,106941,21.3,57,0.083,0.295,0.139,0.083,3,0
SHOP094,2023-04,713360,589966,123394,17.3,58,0.081,0.292,0.06,0.083,4,1
SHOP094,2023-05,926501,752516,173985,18.8,47,0.1,0.267,0.281,0.057,5,0
SHOP094,2023-06,706874,578875,127999,18.1,52,0.08,0.162,0.239,0.087,6,0
SHOP094,2023-07,594468,476392,118076,19.9,58,0.142,0.266,0.114,0.054,7,1
SHOP094,2023-08,667296,545823,121473,18.2,44,0.11,0.379,0.298,0.067,8,1
SHOP094,2023-09,672061,565242,106819,15.9,60,0.173,0.275,0.164,0.059,9,1
SHOP094,2023-10,681009,576247,104762,15.4,54,0.177,0.253,0.153,0.073,10,1
SHOP094,2023-11,789483,679453,110030,13.9,57,0.242,0.276,0.17,0.083,11,1
SHOP094,2023-12,823351,698229,125122,15.2,64,0.052,0.275,0.221,0.057,12,1
SHOP094,2024-01,777435,627288,150147,19.3,52,0.037,0.295,0.146,0.076,13,1
SHOP094,2024-02,714831,604515,110316,15.4,58,0.174,0.163,0.174,0.064,14,1
SHOP094,2024-03,810886,675529,135357,16.7,47,0.09,0.316,0.154,0.052,15,1
SHOP094,2024-04,751379,621184,130195,17.3,62,0.116,0.33,0.16,0.055,16,1
SHOP094,2024-05,804694,658994,145700,18.1,43,0.176,0.252,0.246,0.08,17,1
SHOP094,2024-06,555163,453943,101220,18.2,59,0.076,0.296,0.225,0.05,18,1
SHOP094,2024-07,792001,646420,145581,18.4,43,0.115,0.267,0.159,0.077,19,1
SHOP094,2024-08,822547,653816,168731,20.5,52,0.128,0.238,0.209,0.13,20,1
SHOP094,2024-09,802624,661677,140947,17.6,53,0.178,0.209,0.181,0.054,21,1
SHOP094,2024-10,780487,645653,134834,17.3,50,0.0,0.301,0.206,0.094,22,1
SHOP094,2024-11,921469,810433,111036,12.0,55,0.142,0.277,0.204,0.066,23,1
SHOP094,2024-12,701237,582707,118530,16.9,56,0.103,0.253,0.129,0.05,24,1
SHOP094,2025-01,661626,525684,135942,20.5,45,0.112,0.252,0.141,0.053,25,1
SHOP094,2025-02,597264,499946,97318,16.3,52,0.114,0.269,0.144,0.067,26,1
SHOP094,2025-03,675992,531866,144126,21.3,55,0.088,0.322,0.183,0.032,27,1
SHOP094,2025-04,665050,571365,93685,14.1,64,0.122,0.368,0.168,0.057,28,1
SHOP094,2025-05,635254,557217,78037,12.3,56,0.073,0.31,0.128,0.093,29,1
SHOP094,2025-06,461535,395634,65901,14.3,63,0.121,0.174,0.187,0.049,30,1
SHOP094,2025-07,811235,651778,159457,19.7,46,0.116,0.303,0.169,0.084,31,1
SHOP094,2025-08,829622,774919,54703,6.6,49,0.153,0.275,0.171,0.073,32,1
SHOP094,2025-09,861798,708258,153540,17.8,61,0.031,0.257,0.072,0.051,33,1
SHOP094,2025-10,728440,637719,90721,12.5,50,0.151,0.272,0.151,0.018,34,1
SHOP094,2025-11,839688,679412,160276,19.1,42,0.069,0.297,0.225,0.057,35,1
SHOP094,2025-12,701811,572492,129319,18.4,55,0.154,0.362,0.177,0.053,36,1
SHOP095,2023-01,1177061,974146,202915,17.2,53,0.089,0.191,0.184,0.114,1,0
SHOP095,2023-02,898293,737115,161178,17.9,57,0.079,0.262,0.132,0.1,2,0
SHOP095,2023-03,905880,807735,98145,10.8,64,0.133,0.288,0.159,0.02,3,0
SHOP095,2023-04,654120,552714,101406,15.5,63,0.0,0.236,0.251,0.086,4,0
SHOP095,2023-05,933916,787439,146477,15.7,66,0.056,0.247,0.206,0.071,5,1
SHOP095,2023-06,821694,689854,131840,16.0,58,0.031,0.243,0.232,0.063,6,0
SHOP095,2023-07,726620,602207,124413,17.1,64,0.039,0.235,0.18,0.082,7,1
SHOP095,2023-08,876304,719993,156311,17.8,62,0.065,0.302,0.137,0.04,8,1
SHOP095,2023-09,1163828,1004830,158998,13.7,75,0.125,0.169,0.131,0.036,9,0
SHOP095,2023-10,917425,770444,146981,16.0,62,0.109,0.263,0.138,0.044,10,1
SHOP095,2023-11,980191,844690,135501,13.8,67,0.13,0.358,0.239,0.075,11,1
SHOP095,2023-12,842555,729695,112860,13.4,74,0.043,0.263,0.192,0.074,12,0
SHOP095,2024-01,919284,788909,130375,14.2,65,0.082,0.291,0.146,0.146,13,1
SHOP095,2024-02,754528,639083,115445,15.3,70,0.07,0.241,0.146,0.079,14,0
SHOP095,2024-03,952121,786958,165163,17.3,72,0.104,0.194,0.237,0.055,15,1
SHOP095,2024-04,899474,712607,186867,20.8,62,0.051,0.277,0.14,0.067,16,1
SHOP095,2024-05,1230317,1043052,187265,15.2,58,0.035,0.242,0.142,0.045,17,1
SHOP095,2024-06,870804,707990,162814,18.7,81,0.013,0.322,0.114,0.096,18,1
SHOP095,2024-07,771666,632206,139460,18.1,79,0.18,0.282,0.192,0.054,19,1
SHOP095,2024-08,777518,686405,91113,11.7,66,0.071,0.316,0.145,0.059,20,1
SHOP095,2024-09,811632,660040,151592,18.7,67,0.143,0.249,0.279,0.07,21,1
SHOP095,2024-10,919193,746155,173038,18.8,71,0.156,0.278,0.101,0.059,22,1
SHOP095,2024-11,1014908,869236,145672,14.4,64,0.097,0.267,0.131,0.077,23,1
SHOP095,2024-12,786926,651752,135174,17.2,66,0.068,0.173,0.18,0.043,24,1
SHOP095,2025-01,522723,440117,82606,15.8,67,0.135,0.16,0.174,0.073,25,1
SHOP095,2025-02,744449,614383,130066,17.5,67,0.01,0.284,0.169,0.064,26,1
SHOP095,2025-03,1234067,1030643,203424,16.5,68,0.166,0.117,0.244,0.054,27,1
SHOP095,2025-04,1014063,830430,183633,18.1,59,0.12,0.331,0.193,0.0,28,1
SHOP095,2025-05,892884,750623,142261,15.9,66,0.133,0.266,0.152,0.07,29,1
SHOP095,2025-06,723334,638869,84465,11.7,58,0.11,0.304,0.124,0.033,30,1
SHOP095,2025-07,774038,662335,111703,14.4,71,0.226,0.298,0.218,0.068,31,1
SHOP095,2025-08,798149,647653,150496,18.9,77,0.124,0.222,0.272,0.08,32,1
SHOP095,2025-09,555308,458401,96907,17.5,66,0.058,0.293,0.1,0.051,33,1
SHOP095,2025-10,1003767,783591,220176,21.9,69,0.126,0.315,0.204,0.081,34,1
SHOP095,2025-11,1149842,1004887,144955,12.6,62,0.182,0.185,0.128,0.078,35,0
SHOP095,2025-12,985402,849323,136079,13.8,62,0.023,0.345,0.083,0.035,36,1
SHOP096,2023-01,306380,237205,69175,22.6,20,0.103,0.377,0.07,0.032,1,1
SHOP096,2023-02,303209,240455,62754,20.7,22,0.079,0.381,0.143,0.048,2,0
SHOP096,2023-03,232444,208727,23717,10.2,24,0.025,0.357,0.304,0.003,3,0
SHOP096,2023-04,282204,215513,66691,23.6,15,0.037,0.375,0.135,0.058,4,1
SHOP096,2023-05,262079,218027,44052,16.8,30,0.062,0.307,0.2,0.055,5,0
SHOP096,2023-06,317977,275197,42780,13.5,21,0.088,0.216,0.161,0.089,6,1
SHOP096,2023-07,363817,293840,69977,19.2,18,0.125,0.296,0.14,0.017,7,1
SHOP096,2023-08,356533,302957,53576,15.0,17,0.074,0.322,0.14,0.028,8,1
SHOP096,2023-09,197553,163783,33770,17.1,26,0.108,0.326,0.177,0.102,9,1
SHOP096,2023-10,286673,240238,46435,16.2,28,0.121,0.299,0.19,0.048,10,0
SHOP096,2023-11,249949,204131,45818,18.3,24,0.062,0.33,0.19,0.025,11,1
SHOP096,2023-12,239995,188868,51127,21.3,28,0.066,0.305,0.165,0.036,12,1
SHOP096,2024-01,355592,278965,76627,21.5,31,0.113,0.389,0.238,0.025,13,1
SHOP096,2024-02,344391,277543,66848,19.4,22,0.072,0.345,0.218,0.112,14,1
SHOP096,2024-03,323781,262643,61138,18.9,17,0.053,0.362,0.101,0.052,15,1
SHOP096,2024-04,339056,257036,82020,24.2,20,0.095,0.248,0.211,0.025,16,1
SHOP096,2024-05,264316,213569,50747,19.2,26,0.001,0.298,0.136,0.036,17,1
SHOP096,2024-06,269185,227736,41449,15.4,28,0.023,0.367,0.153,0.097,18,1
SHOP096,2024-07,409045,340201,68844,16.8,21,0.079,0.324,0.155,0.05,19,1
SHOP096,2024-08,329662,280048,49614,15.0,16,0.134,0.223,0.162,0.099,20,1
SHOP096,2024-09,225607,176352,49255,21.8,24,0.084,0.325,0.103,0.0,21,1
SHOP096,2024-10,310924,246492,64432,20.7,15,0.056,0.314,0.152,0.075,22,1
SHOP096,2024-11,258035,202426,55609,21.6,26,0.085,0.285,0.116,0.071,23,1
SHOP096,2024-12,371825,296176,75649,20.3,25,0.092,0.345,0.14,0.036,24,1
SHOP096,2025-01,370153,309745,60408,16.3,22,0.097,0.265,0.14,0.019,25,1
SHOP096,2025-02,306665,256212,50453,16.5,34,0.124,0.228,0.157,0.106,26,1
SHOP096,2025-03,350032,275667,74365,21.2,19,0.0,0.269,0.155,0.039,27,1
SHOP096,2025-04,331396,267382,64014,19.3,22,0.101,0.382,0.108,0.098,28,1
SHOP096,2025-05,279863,226263,53600,19.2,26,0.026,0.381,0.226,0.043,29,1
SHOP096,2025-06,299450,242319,57131,19.1,28,0.042,0.361,0.07,0.046,30,1
SHOP096,2025-07,321178,269315,51863,16.1,19,0.141,0.234,0.094,0.032,31,1
SHOP096,2025-08,285421,229292,56129,19.7,24,0.134,0.343,0.02,0.032,32,1
SHOP096,2025-09,351448,274788,76660,21.8,16,0.035,0.324,0.083,0.032,33,1
SHOP096,2025-10,350881,278578,72303,20.6,16,0.137,0.37,0.126,0.055,34,1
SHOP096,2025-11,273325,223384,49941,18.3,29,0.079,0.267,0.213,0.055,35,1
SHOP096,2025-12,186145,146000,40145,21.6,20,0.128,0.362,0.205,0.046,36,1
SHOP097,2023-01,765535,710913,54622,7.1,76,0.125,0.108,0.304,0.181,1,0
SHOP097,2023-02,1055412,960950,94462,9.0,72,0.141,0.069,0.339,0.115,2,0
SHOP097,2023-03,894803,738818,155985,17.4,72,0.097,0.153,0.175,0.104,3,0
SHOP097,2023-04,1072546,1001391,71155,6.6,65,0.223,0.167,0.239,0.165,4,0
SHOP097,2023-05,785203,685725,99478,12.7,67,0.097,0.109,0.269,0.087,5,0
SHOP097,2023-06,909584,797171,112413,12.4,78,0.22,0.204,0.185,0.118,6,0
SHOP097,2023-07,1054473,912212,142261,13.5,72,0.127,0.247,0.205,0.137,7,0
SHOP097,2023-08,1045442,971913,73529,7.0,70,0.17,0.223,0.32,0.131,8,0
SHOP097,2023-09,876946,763655,113291,12.9,72,0.184,0.172,0.225,0.121,9,0
SHOP097,2023-10,886033,775411,110622,12.5,64,0.17,0.105,0.306,0.101,10,0
SHOP097,2023-11,1327443,1145626,181817,13.7,69,0.171,0.247,0.262,0.141,11,0
SHOP097,2023-12,1159656,1019093,140563,12.1,72,0.174,0.047,0.188,0.116,12,0
SHOP097,2024-01,870736,756130,114606,13.2,66,0.199,0.15,0.284,0.068,13,0
SHOP097,2024-02,835263,749849,85414,10.2,67,0.246,0.186,0.312,0.058,14,0
SHOP097,2024-03,867735,768744,98991,11.4,58,0.165,0.207,0.166,0.133,15,0
SHOP097,2024-04,869143,802024,67119,7.7,72,0.098,0.198,0.308,0.103,16,0
SHOP097,2024-05,1059686,957283,102403,9.7,66,0.131,0.14,0.246,0.066,17,0
SHOP097,2024-06,723329,639045,84284,11.7,63,0.083,0.203,0.353,0.073,18,0
SHOP097,2024-07,873431,768761,104670,12.0,72,0.16,0.183,0.294,0.132,19,0
SHOP097,2024-08,855419,720017,135402,15.8,68,0.087,0.113,0.321,0.111,20,0
SHOP097,2024-09,1092917,877513,215404,19.7,67,0.114,0.129,0.27,0.129,21,0
SHOP097,2024-10,841731,729635,112096,13.3,59,0.138,0.082,0.165,0.108,22,1
SHOP097,2024-11,1101270,988881,112389,10.2,61,0.119,0.171,0.272,0.067,23,0
SHOP097,2024-12,967437,839162,128275,13.3,70,0.14,0.152,0.282,0.105,24,0
SHOP097,2025-01,1090132,971909,118223,10.8,73,0.142,0.111,0.312,0.157,25,0
SHOP097,2025-02,890740,782052,108688,12.2,72,0.14,0.143,0.276,0.125,26,0
SHOP097,2025-03,1030152,879008,151144,14.7,79,0.143,0.195,0.279,0.101,27,1
SHOP097,2025-04,1130743,1064868,65875,5.8,79,0.184,0.135,0.26,0.14,28,0
SHOP097,2025-05,614321,508714,105607,17.2,65,0.193,0.239,0.22,0.113,29,1
SHOP097,2025-06,931127,847640,83487,9.0,69,0.251,0.085,0.358,0.115,30,0
SHOP097,2025-07,775756,685096,90660,11.7,64,0.119,0.13,0.23,0.116,31,0
SHOP097,2025-08,1178068,1081685,96383,8.2,70,0.195,0.166,0.259,0.08,32,0
SHOP097,2025-09,1045808,914284,131524,12.6,65,0.198,0.091,0.247,0.099,33,0
SHOP097,2025-10,737079,639980,97099,13.2,69,0.152,0.146,0.27,0.147,34,1
SHOP097,2025-11,839086,678998,160088,19.1,78,0.16,0.111,0.259,0.094,35,1
SHOP097,2025-12,936855,794289,142566,15.2,66,0.109,0.203,0.264,0.121,36,1
SHOP098,2023-01,425431,335049,90382,21.2,38,0.027,0.312,0.116,0.0,1,1
SHOP098,2023-02,418615,338410,80205,19.2,19,0.161,0.284,0.158,0.048,2,1
SHOP098,2023-03,369647,315469,54178,14.7,19,0.079,0.334,0.142,0.036,3,1
SHOP098,2023-04,255120,211530,43590,17.1,34,0.089,0.407,0.118,0.068,4,0
SHOP098,2023-05,345886,279648,66238,19.2,28,0.099,0.259,0.054,0.038,5,1
SHOP098,2023-06,222098,172120,49978,22.5,32,0.0,0.392,0.146,0.064,6,1
SHOP098,2023-07,286977,229086,57891,20.2,33,0.098,0.375,0.227,0.0,7,1
SHOP098,2023-08,294977,235692,59285,20.1,26,0.072,0.313,0.065,0.061,8,1
SHOP098,2023-09,375084,303276,71808,19.1,32,0.106,0.393,0.128,0.09,9,1
SHOP098,2023-10,320885,263574,57311,17.9,31,0.111,0.274,0.308,0.08,10,1
SHOP098,2023-11,509246,411355,97891,19.2,37,0.087,0.29,0.116,0.051,11,1
SHOP098,2023-12,305766,245578,60188,19.7,36,0.101,0.282,0.159,0.029,12,1
SHOP098,2024-01,456797,368863,87934,19.3,31,0.08,0.349,0.203,0.059,13,1
SHOP098,2024-02,465049,368658,96391,20.7,36,0.048,0.326,0.181,0.072,14,1
SHOP098,2024-03,387118,327590,59528,15.4,26,0.086,0.299,0.232,0.083,15,1
SHOP098,2024-04,361838,315672,46166,12.8,23,0.19,0.329,0.084,0.038,16,1
SHOP098,2024-05,359159,292030,67129,18.7,29,0.067,0.338,0.143,0.056,17,1
SHOP098,2024-06,373173,314362,58811,15.8,25,0.171,0.349,0.166,0.048,18,1
SHOP098,2024-07,254983,210329,44654,17.5,26,0.0,0.366,0.153,0.006,19,1
SHOP098,2024-08,330402,273940,56462,17.1,29,0.123,0.312,0.195,0.091,20,1
SHOP098,2024-09,326326,271026,55300,16.9,20,0.103,0.313,0.208,0.044,21,1
SHOP098,2024-10,461493,332938,128555,27.9,16,0.067,0.282,0.076,0.12,22,1
SHOP098,2024-11,340106,284522,55584,16.3,12,0.034,0.357,0.199,0.064,23,1
SHOP098,2024-12,424471,360154,64317,15.2,33,0.127,0.284,0.22,0.045,24,1
SHOP098,2025-01,502647,405567,97080,19.3,21,0.061,0.339,0.164,0.058,25,1
SHOP098,2025-02,355642,271725,83917,23.6,27,0.087,0.295,0.14,0.092,26,1
SHOP098,2025-03,306806,250551,56255,18.3,35,0.058,0.335,0.152,0.023,27,1
SHOP098,2025-04,516258,416236,100022,19.4,24,0.092,0.228,0.149,0.065,28,1
SHOP098,2025-05,322575,273425,49150,15.2,34,0.07,0.337,0.164,0.095,29,1
SHOP098,2025-06,410433,334493,75940,18.5,33,0.14,0.388,0.174,0.144,30,1
SHOP098,2025-07,281386,242879,38507,13.7,21,0.013,0.352,0.215,0.063,31,1
SHOP098,2025-08,411778,341536,70242,17.1,25,0.0,0.329,0.136,0.071,32,1
SHOP098,2025-09,496055,405348,90707,18.3,30,0.112,0.399,0.192,0.052,33,1
SHOP098,2025-10,310408,258397,52011,16.8,33,0.009,0.417,0.218,0.053,34,1
SHOP098,2025-11,357400,293512,63888,17.9,28,0.16,0.28,0.219,0.07,35,1
SHOP098,2025-12,425836,353927,71909,16.9,33,0.052,0.324,0.087,0.06,36,1
SHOP099,2023-01,469874,428858,41016,8.7,30,0.145,0.163,0.224,0.088,1,0
SHOP099,2023-02,405908,361334,44574,11.0,37,0.064,0.166,0.258,0.08,2,0
SHOP099,2023-03,316622,279740,36882,11.6,35,0.088,0.193,0.196,0.051,3,0
SHOP099,2023-04,475083,400152,74931,15.8,16,0.164,0.191,0.202,0.099,4,0
SHOP099,2023-05,379521,344275,35246,9.3,33,0.125,0.202,0.232,0.082,5,0
SHOP099,2023-06,369890,308419,61471,16.6,30,0.101,0.176,0.114,0.07,6,0
SHOP099,2023-07,500678,420035,80643,16.1,25,0.179,0.093,0.202,0.084,7,0
SHOP099,2023-08,409952,350338,59614,14.5,35,0.09,0.18,0.322,0.121,8,0
SHOP099,2023-09,323042,296245,26797,8.3,16,0.175,0.132,0.204,0.074,9,0
SHOP099,2023-10,413802,351212,62590,15.1,37,0.086,0.21,0.259,0.163,10,0
SHOP099,2023-11,172571,146355,26216,15.2,42,0.19,0.043,0.186,0.157,11,0
SHOP099,2023-12,478464,395404,83060,17.4,28,0.112,0.162,0.209,0.14,12,0
SHOP099,2024-01,631625,554576,77049,12.2,19,0.069,0.143,0.305,0.114,13,0
SHOP099,2024-02,402015,354429,47586,11.8,27,0.129,0.157,0.266,0.147,14,0
SHOP099,2024-03,449211,379188,70023,15.6,24,0.175,0.161,0.213,0.092,15,0
SHOP099,2024-04,380395,342303,38092,10.0,26,0.175,0.159,0.252,0.078,16,0
SHOP099,2024-05,472396,416074,56322,11.9,28,0.1,0.19,0.297,0.099,17,0
SHOP099,2024-06,241001,218109,22892,9.5,25,0.163,0.199,0.277,0.154,18,0
SHOP099,2024-07,274104,252115,21989,8.0,40,0.071,0.044,0.186,0.123,19,0
SHOP099,2024-08,478890,423487,55403,11.6,33,0.159,0.162,0.304,0.08,20,0
SHOP099,2024-09,306979,256102,50877,16.6,29,0.187,0.195,0.21,0.096,21,0
SHOP099,2024-10,289175,259163,30012,10.4,27,0.184,0.148,0.346,0.118,22,0
SHOP099,2024-11,368235,322403,45832,12.4,32,0.131,0.102,0.199,0.112,23,0
SHOP099,2024-12,412196,339568,72628,17.6,36,0.123,0.176,0.203,0.071,24,1
SHOP099,2025-01,314508,277650,36858,11.7,25,0.186,0.132,0.348,0.099,25,0
SHOP099,2025-02,353477,310492,42985,12.2,21,0.147,0.097,0.239,0.105,26,0
SHOP099,2025-03,376569,319744,56825,15.1,26,0.147,0.121,0.169,0.1,27,0
SHOP099,2025-04,461903,377134,84769,18.4,31,0.193,0.146,0.18,0.125,28,1
SHOP099,2025-05,379868,333002,46866,12.3,21,0.087,0.179,0.333,0.085,29,0
SHOP099,2025-06,504573,452513,52060,10.3,21,0.214,0.142,0.274,0.138,30,0
SHOP099,2025-07,430039,373572,56467,13.1,34,0.109,0.201,0.285,0.121,31,0
SHOP099,2025-08,425640,378769,46871,11.0,25,0.116,0.147,0.229,0.122,32,0
SHOP099,2025-09,417519,348622,68897,16.5,37,0.076,0.267,0.34,0.073,33,1
SHOP099,2025-10,369480,331553,37927,10.3,22,0.125,0.151,0.2,0.087,34,0
SHOP099,2025-11,429866,383028,46838,10.9,35,0.0,0.176,0.413,0.139,35,0
SHOP099,2025-12,326255,279423,46832,14.4,33,0.188,0.13,0.309,0.07,36,1
SHOP100,2023-01,1161957,974627,187330,16.1,63,0.138,0.294,0.256,0.09,1,0
SHOP100,2023-02,863771,671728,192043,22.2,63,0.043,0.339,0.123,0.035,2,0
SHOP100,2023-03,953902,799524,154378,16.2,76,0.086,0.311,0.091,0.031,3,1
SHOP100,2023-04,939505,787431,152074,16.2,64,0.143,0.272,0.157,0.077,4,1
SHOP100,2023-05,646303,516093,130210,20.1,69,0.181,0.367,0.111,0.014,5,1
SHOP100,2023-06,756026,638521,117505,15.5,62,0.175,0.279,0.134,0.05,6,1
SHOP100,2023-07,766293,610366,155927,20.3,82,0.137,0.321,0.111,0.057,7,1
SHOP100,2023-08,977006,799310,177696,18.2,67,0.039,0.326,0.147,0.065,8,1
SHOP100,2023-09,634758,511242,123516,19.5,75,0.188,0.355,0.199,0.064,9,1
SHOP100,2023-10,989742,766130,223612,22.6,64,0.065,0.273,0.12,0.084,10,1
SHOP100,2023-11,975484,765689,209795,21.5,76,0.1,0.285,0.136,0.113,11,1
SHOP100,2023-12,1019085,871580,147505,14.5,77,0.116,0.228,0.131,0.058,12,1
SHOP100,2024-01,772260,609008,163252,21.1,69,0.099,0.359,0.174,0.055,13,1
SHOP100,2024-02,1019992,867651,152341,14.9,68,0.104,0.312,0.135,0.012,14,1
SHOP100,2024-03,990539,826370,164169,16.6,75,0.149,0.321,0.227,0.054,15,1
SHOP100,2024-04,992255,797121,195134,19.7,67,0.133,0.31,0.193,0.067,16,1
SHOP100,2024-05,917905,711306,206599,22.5,81,0.11,0.315,0.197,0.048,17,1
SHOP100,2024-06,939768,757012,182756,19.4,69,0.019,0.325,0.13,0.018,18,1
SHOP100,2024-07,966111,797346,168765,17.5,71,0.078,0.338,0.189,0.044,19,1
SHOP100,2024-08,907603,731374,176229,19.4,72,0.129,0.294,0.138,0.05,20,1
SHOP100,2024-09,910251,731573,178678,19.6,64,0.057,0.255,0.054,0.081,21,1
SHOP100,2024-10,891064,736631,154433,17.3,70,0.05,0.311,0.238,0.055,22,1
SHOP100,2024-11,874678,705759,168919,19.3,59,0.122,0.306,0.063,0.024,23,1
SHOP100,2024-12,694668,581812,112856,16.2,65,0.127,0.275,0.241,0.068,24,1
SHOP100,2025-01,1066367,887824,178543,16.7,68,0.198,0.282,0.098,0.04,25,1
SHOP100,2025-02,704936,552001,152935,21.7,67,0.082,0.316,0.195,0.071,26,1
SHOP100,2025-03,669905,548955,120950,18.1,64,0.04,0.323,0.115,0.068,27,1
SHOP100,2025-04,893945,712044,181901,20.3,54,0.096,0.356,0.24,0.068,28,1
SHOP100,2025-05,622722,498796,123926,19.9,68,0.012,0.297,0.271,0.073,29,1
SHOP100,2025-06,813292,660613,152679,18.8,72,0.046,0.313,0.128,0.077,30,1
SHOP100,2025-07,863889,677355,186534,21.6,67,0.135,0.329,0.08,0.0,31,1
SHOP100,2025-08,1047606,873421,174185,16.6,79,0.124,0.382,0.081,0.021,32,1
SHOP100,2025-09,975670,793136,182534,18.7,73,0.093,0.293,0.119,0.071,33,1
SHOP100,2025-10,847778,703071,144707,17.1,69,0.083,0.346,0.046,0.035,34,1
SHOP100,2025-11,1082929,879459,203470,18.8,63,0.048,0.355,0.18,0.065,35,1
SHOP100,2025-12,1119448,978031,141417,12.6,74,0.164,0.323,0.096,0.037,36,1
SHOP101,2023-01,206047,179389,26658,12.9,20,0.149,0.223,0.103,0.05,1,0
SHOP101,2023-02,300918,243844,57074,19.0,19,0.139,0.257,0.284,0.146,2,0
SHOP101,2023-03,266130,239876,26254,9.9,18,0.184,0.167,0.168,0.072,3,0
SHOP101,2023-04,262401,208824,53577,20.4,15,0.041,0.238,0.273,0.1,4,0
SHOP101,2023-05,191006,166739,24267,12.7,27,0.121,0.257,0.267,0.057,5,0
SHOP101,2023-06,279078,236513,42565,15.3,31,0.177,0.196,0.156,0.117,6,0
SHOP101,2023-07,306253,269523,36730,12.0,26,0.165,0.191,0.14,0.098,7,0
SHOP101,2023-08,238662,199763,38899,16.3,29,0.234,0.174,0.202,0.06,8,0
SHOP101,2023-09,288945,243465,45480,15.7,30,0.233,0.241,0.358,0.1,9,0
SHOP101,2023-10,388045,330122,57923,14.9,16,0.073,0.245,0.324,0.077,10,0
SHOP101,2023-11,196651,166784,29867,15.2,18,0.154,0.274,0.238,0.072,11,0
SHOP101,2023-12,240264,204136,36128,15.0,17,0.084,0.174,0.162,0.118,12,0
SHOP101,2024-01,354049,299372,54677,15.4,21,0.149,0.128,0.258,0.089,13,0
SHOP101,2024-02,240544,207829,32715,13.6,10,0.153,0.262,0.3,0.09,14,0
SHOP101,2024-03,298708,260621,38087,12.8,31,0.084,0.226,0.258,0.1,15,1
SHOP101,2024-04,217992,183276,34716,15.9,27,0.154,0.22,0.246,0.12,16,0
SHOP101,2024-05,270611,240127,30484,11.3,13,0.135,0.176,0.295,0.111,17,0
SHOP101,2024-06,326538,287572,38966,11.9,28,0.142,0.24,0.058,0.137,18,1
SHOP101,2024-07,376722,324070,52652,14.0,12,0.141,0.185,0.144,0.059,19,1
SHOP101,2024-08,401736,350786,50950,12.7,24,0.1,0.184,0.236,0.089,20,1
SHOP101,2024-09,328288,309938,18350,5.6,20,0.115,0.212,0.187,0.061,21,0
SHOP101,2024-10,383006,332263,50743,13.2,33,0.094,0.259,0.19,0.084,22,1
SHOP101,2024-11,335417,282669,52748,15.7,18,0.081,0.221,0.195,0.091,23,1
SHOP101,2024-12,296971,242667,54304,18.3,24,0.106,0.181,0.221,0.061,24,1
SHOP101,2025-01,176566,148585,27981,15.8,33,0.077,0.167,0.268,0.081,25,1
SHOP101,2025-02,279881,236024,43857,15.7,29,0.112,0.099,0.276,0.075,26,1
SHOP101,2025-03,321729,275739,45990,14.3,26,0.122,0.195,0.132,0.098,27,1
SHOP101,2025-04,257265,240486,16779,6.5,31,0.082,0.266,0.22,0.106,28,1
SHOP101,2025-05,285463,258036,27427,9.6,22,0.031,0.231,0.239,0.136,29,1
SHOP101,2025-06,380821,327961,52860,13.9,28,0.121,0.127,0.094,0.116,30,1
SHOP101,2025-07,275232,249222,26010,9.5,15,0.078,0.198,0.213,0.075,31,1
SHOP101,2025-08,255020,234301,20719,8.1,20,0.22,0.256,0.183,0.108,32,1
SHOP101,2025-09,338404,287761,50643,15.0,16,0.121,0.222,0.257,0.126,33,1
SHOP101,2025-10,300139,240766,59373,19.8,20,0.1,0.308,0.191,0.055,34,1
SHOP101,2025-11,394048,330823,63225,16.0,14,0.102,0.256,0.39,0.082,35,1
SHOP101,2025-12,192868,162905,29963,15.5,22,0.104,0.161,0.233,0.1,36,1
SHOP102,2023-01,310697,234134,76563,24.6,32,0.122,0.272,0.22,0.028,1,1
SHOP102,2023-02,370471,290735,79736,21.5,13,0.049,0.325,0.149,0.096,2,1
SHOP102,2023-03,311371,255648,55723,17.9,24,0.167,0.357,0.118,0.026,3,0
SHOP102,2023-04,299563,244761,54802,18.3,17,0.129,0.261,0.123,0.07,4,1
SHOP102,2023-05,408168,335574,72594,17.8,28,0.02,0.34,0.029,0.017,5,1
SHOP102,2023-06,426749,351395,75354,17.7,26,0.131,0.334,0.115,0.007,6,1
SHOP102,2023-07,284126,240947,43179,15.2,28,0.0,0.336,0.197,0.063,7,1
SHOP102,2023-08,300090,245610,54480,18.2,21,0.0,0.322,0.197,0.037,8,1
SHOP102,2023-09,266642,209131,57511,21.6,28,0.091,0.321,0.2,0.083,9,1
SHOP102,2023-10,347170,275954,71216,20.5,32,0.166,0.279,0.193,0.059,10,1
SHOP102,2023-11,274468,227308,47160,17.2,25,0.105,0.436,0.154,0.0,11,1
SHOP102,2023-12,338015,270408,67607,20.0,17,0.004,0.326,0.181,0.0,12,1
SHOP102,2024-01,166461,131238,35223,21.2,26,0.031,0.307,0.231,0.028,13,1
SHOP102,2024-02,249856,214387,35469,14.2,27,0.085,0.292,0.13,0.011,14,1
SHOP102,2024-03,264168,223294,40874,15.5,22,0.069,0.204,0.127,0.059,15,1
SHOP102,2024-04,206694,171941,34753,16.8,24,0.013,0.259,0.16,0.032,16,1
SHOP102,2024-05,344425,291116,53309,15.5,25,0.017,0.282,0.236,0.071,17,1
SHOP102,2024-06,253522,211568,41954,16.5,25,0.108,0.329,0.048,0.094,18,1
SHOP102,2024-07,236963,190511,46452,19.6,19,0.082,0.256,0.04,0.062,19,1
SHOP102,2024-08,333111,295213,37898,11.4,27,0.037,0.307,0.148,0.064,20,1
SHOP102,2024-09,243069,189584,53485,22.0,18,0.114,0.328,0.133,0.074,21,1
SHOP102,2024-10,360801,303752,57049,15.8,34,0.035,0.317,0.175,0.05,22,1
SHOP102,2024-11,340984,288445,52539,15.4,20,0.072,0.402,0.126,0.029,23,1
SHOP102,2024-12,329389,261755,67634,20.5,20,0.021,0.26,0.289,0.098,24,1
SHOP102,2025-01,284060,240457,43603,15.4,21,0.058,0.311,0.125,0.072,25,1
SHOP102,2025-02,336687,286814,49873,14.8,27,0.081,0.285,0.185,0.057,26,1
SHOP102,2025-03,288735,233469,55266,19.1,24,0.025,0.299,0.219,0.0,27,1
SHOP102,2025-04,341890,297924,43966,12.9,21,0.174,0.302,0.266,0.046,28,1
SHOP102,2025-05,260710,230143,30567,11.7,23,0.144,0.326,0.051,0.029,29,1
SHOP102,2025-06,275520,220173,55347,20.1,14,0.03,0.365,0.138,0.057,30,1
SHOP102,2025-07,339503,281722,57781,17.0,15,0.095,0.301,0.121,0.025,31,1
SHOP102,2025-08,354598,295182,59416,16.8,27,0.027,0.349,0.184,0.086,32,1
SHOP102,2025-09,315636,258196,57440,18.2,16,0.093,0.235,0.178,0.074,33,1
SHOP102,2025-10,388634,310125,78509,20.2,12,0.109,0.317,0.195,0.0,34,1
SHOP102,2025-11,325321,248853,76468,23.5,29,0.175,0.365,0.183,0.0,35,1
SHOP102,2025-12,298841,259061,39780,13.3,23,0.119,0.366,0.129,0.104,36,1
SHOP103,2023-01,316182,264373,51809,16.4,35,0.102,0.304,0.207,0.071,1,0
SHOP103,2023-02,594336,485313,109023,18.3,41,0.087,0.304,0.243,0.041,2,0
SHOP103,2023-03,566829,494705,72124,12.7,28,0.096,0.211,0.12,0.014,3,0
SHOP103,2023-04,598523,482024,116499,19.5,37,0.117,0.305,0.221,0.102,4,0
SHOP103,2023-05,355129,298323,56806,16.0,33,0.104,0.248,0.174,0.082,5,0
SHOP103,2023-06,511946,452256,59690,11.7,29,0.154,0.238,0.211,0.063,6,0
SHOP103,2023-07,450222,364482,85740,19.0,30,0.116,0.363,0.224,0.123,7,1
SHOP103,2023-08,515291,433381,81910,15.9,37,0.126,0.336,0.106,0.037,8,0
SHOP103,2023-09,556503,447738,108765,19.5,35,0.203,0.214,0.227,0.11,9,0
SHOP103,2023-10,486302,411005,75297,15.5,38,0.172,0.278,0.299,0.012,10,0
SHOP103,2023-11,329905,301132,28773,8.7,38,0.082,0.183,0.079,0.042,11,0
SHOP103,2023-12,407898,347511,60387,14.8,34,0.097,0.37,0.239,0.039,12,1
SHOP103,2024-01,535061,478719,56342,10.5,34,0.107,0.348,0.158,0.041,13,1
SHOP103,2024-02,361148,288179,72969,20.2,31,0.055,0.272,0.308,0.062,14,0
SHOP103,2024-03,491810,420608,71202,14.5,45,0.145,0.177,0.175,0.019,15,1
SHOP103,2024-04,481803,400090,81713,17.0,40,0.12,0.311,0.147,0.086,16,1
SHOP103,2024-05,432233,394733,37500,8.7,38,0.017,0.243,0.098,0.04,17,1
SHOP103,2024-06,577556,497426,80130,13.9,29,0.04,0.286,0.191,0.065,18,1
SHOP103,2024-07,495493,430674,64819,13.1,39,0.027,0.28,0.295,0.051,19,1
SHOP103,2024-08,475617,407833,67784,14.3,39,0.127,0.184,0.158,0.061,20,1
SHOP103,2024-09,466152,375244,90908,19.5,37,0.14,0.24,0.284,0.103,21,1
SHOP103,2024-10,447486,356978,90508,20.2,39,0.057,0.206,0.14,0.047,22,1
SHOP103,2024-11,564934,440286,124648,22.1,35,0.065,0.283,0.121,0.032,23,1
SHOP103,2024-12,421439,355645,65794,15.6,43,0.074,0.305,0.127,0.074,24,1
SHOP103,2025-01,555544,483053,72491,13.0,36,0.042,0.263,0.144,0.083,25,1
SHOP103,2025-02,412777,313792,98985,24.0,26,0.123,0.239,0.097,0.061,26,1
SHOP103,2025-03,486614,409202,77412,15.9,19,0.124,0.221,0.078,0.041,27,1
SHOP103,2025-04,420179,360071,60108,14.3,32,0.112,0.175,0.211,0.069,28,1
SHOP103,2025-05,483094,392893,90201,18.7,39,0.126,0.354,0.227,0.059,29,1
SHOP103,2025-06,514501,401481,113020,22.0,41,0.094,0.311,0.121,0.084,30,1
SHOP103,2025-07,604180,509556,94624,15.7,34,0.057,0.323,0.195,0.097,31,1
SHOP103,2025-08,304165,261663,42502,14.0,43,0.187,0.241,0.267,0.069,32,1
SHOP103,2025-09,443634,386687,56947,12.8,30,0.087,0.223,0.11,0.061,33,1
SHOP103,2025-10,532388,450717,81671,15.3,43,0.097,0.396,0.142,0.11,34,1
SHOP103,2025-11,405672,331183,74489,18.4,41,0.057,0.236,0.222,0.11,35,1
SHOP103,2025-12,400236,323616,76620,19.1,31,0.139,0.316,0.136,0.083,36,1
SHOP104,2023-01,398953,340058,58895,14.8,41,0.061,0.325,0.259,0.115,1,0
SHOP104,2023-02,378841,316362,62479,16.5,28,0.099,0.247,0.125,0.108,2,0
SHOP104,2023-03,369709,310736,58973,16.0,32,0.135,0.357,0.035,0.065,3,1
SHOP104,2023-04,322959,275088,47871,14.8,37,0.146,0.319,0.163,0.019,4,0
SHOP104,2023-05,419450,343136,76314,18.2,33,0.042,0.342,0.145,0.078,5,1
SHOP104,2023-06,356048,297461,58587,16.5,42,0.039,0.331,0.237,0.07,6,1
SHOP104,2023-07,404568,341584,62984,15.6,27,0.15,0.232,0.166,0.041,7,0
SHOP104,2023-08,371822,321319,50503,13.6,25,0.074,0.255,0.181,0.03,8,0
SHOP104,2023-09,390164,328773,61391,15.7,31,0.087,0.328,0.211,0.109,9,1
SHOP104,2023-10,530603,461960,68643,12.9,36,0.112,0.292,0.157,0.104,10,0
SHOP104,2023-11,524719,428845,95874,18.3,39,0.099,0.316,0.153,0.069,11,1
SHOP104,2023-12,351562,277402,74160,21.1,29,0.179,0.245,0.153,0.064,12,1
SHOP104,2024-01,505886,430506,75380,14.9,36,0.114,0.411,0.219,0.081,13,1
SHOP104,2024-02,512371,450496,61875,12.1,32,0.068,0.286,0.105,0.082,14,1
SHOP104,2024-03,451764,363675,88089,19.5,30,0.064,0.284,0.281,0.076,15,1
SHOP104,2024-04,441997,369373,72624,16.4,38,0.153,0.326,0.168,0.083,16,1
SHOP104,2024-05,414904,346910,67994,16.4,31,0.032,0.216,0.169,0.09,17,1
SHOP104,2024-06,510988,434660,76328,14.9,41,0.14,0.276,0.258,0.087,18,1
SHOP104,2024-07,316929,249186,67743,21.4,39,0.071,0.269,0.168,0.004,19,1
SHOP104,2024-08,428041,345566,82475,19.3,31,0.108,0.205,0.092,0.06,20,1
SHOP104,2024-09,443564,344529,99035,22.3,40,0.071,0.274,0.12,0.052,21,1
SHOP104,2024-10,453486,364306,89180,19.7,39,0.196,0.366,0.059,0.061,22,1
SHOP104,2024-11,413715,345467,68248,16.5,28,0.063,0.331,0.166,0.038,23,1
SHOP104,2024-12,432455,354750,77705,18.0,29,0.034,0.419,0.119,0.051,24,1
SHOP104,2025-01,474114,375956,98158,20.7,33,0.017,0.353,0.18,0.049,25,1
SHOP104,2025-02,440098,373618,66480,15.1,39,0.128,0.246,0.234,0.051,26,1
SHOP104,2025-03,396904,339644,57260,14.4,20,0.054,0.296,0.113,0.09,27,1
SHOP104,2025-04,349424,290119,59305,17.0,34,0.082,0.353,0.112,0.092,28,1
SHOP104,2025-05,529756,443915,85841,16.2,43,0.049,0.371,0.227,0.064,29,1
SHOP104,2025-06,383288,325853,57435,15.0,41,0.001,0.328,0.145,0.055,30,1
SHOP104,2025-07,501386,411661,89725,17.9,36,0.092,0.314,0.097,0.026,31,1
SHOP104,2025-08,485423,392520,92903,19.1,40,0.137,0.351,0.167,0.083,32,1
SHOP104,2025-09,460053,386517,73536,16.0,26,0.137,0.388,0.199,0.073,33,1
SHOP104,2025-10,506820,387814,119006,23.5,34,0.068,0.331,0.197,0.044,34,1
SHOP104,2025-11,367286,317458,49828,13.6,24,0.094,0.245,0.184,0.024,35,1
SHOP104,2025-12,451067,372208,78859,17.5,29,0.17,0.282,0.158,0.035,36,1
SHOP105,2023-01,473928,370115,103813,21.9,46,0.145,0.323,0.258,0.032,1,1
SHOP105,2023-02,737625,604925,132700,18.0,58,0.17,0.342,0.11,0.039,2,0
SHOP105,2023-03,747891,641571,106320,14.2,61,0.095,0.328,0.147,0.088,3,1
SHOP105,2023-04,567080,447811,119269,21.0,57,0.012,0.323,0.129,0.072,4,1
SHOP105,2023-05,609187,511509,97678,16.0,57,0.14,0.28,0.146,0.042,5,0
SHOP105,2023-06,803718,631886,171832,21.4,51,0.023,0.336,0.086,0.063,6,1
SHOP105,2023-07,1054832,850513,204319,19.4,47,0.088,0.301,0.058,0.003,7,1
SHOP105,2023-08,589033,470714,118319,20.1,48,0.125,0.174,0.146,0.057,8,1
SHOP105,2023-09,840025,684551,155474,18.5,56,0.168,0.355,0.177,0.0,9,1
SHOP105,2023-10,593522,498090,95432,16.1,52,0.014,0.337,0.169,0.015,10,1
SHOP105,2023-11,705996,530511,175485,24.9,38,0.07,0.347,0.182,0.035,11,1
SHOP105,2023-12,681734,566181,115553,16.9,53,0.021,0.332,0.124,0.001,12,1
SHOP105,2024-01,883820,737951,145869,16.5,59,0.058,0.446,0.14,0.032,13,1
SHOP105,2024-02,884832,695439,189393,21.4,66,0.131,0.393,0.135,0.058,14,1
SHOP105,2024-03,422506,358556,63950,15.1,60,0.029,0.295,0.136,0.055,15,1
SHOP105,2024-04,524475,435288,89187,17.0,54,0.116,0.304,0.11,0.112,16,1
SHOP105,2024-05,527908,432834,95074,18.0,54,0.053,0.282,0.092,0.077,17,1
SHOP105,2024-06,682727,552873,129854,19.0,64,0.069,0.28,0.097,0.031,18,1
SHOP105,2024-07,587510,489545,97965,16.7,56,0.069,0.36,0.196,0.042,19,1
SHOP105,2024-08,904253,736960,167293,18.5,43,0.0,0.38,0.15,0.113,20,1
SHOP105,2024-09,841104,641683,199421,23.7,52,0.126,0.259,0.134,0.036,21,1
SHOP105,2024-10,705096,575079,130017,18.4,60,0.057,0.364,0.13,0.073,22,1
SHOP105,2024-11,738865,617110,121755,16.5,43,0.147,0.28,0.057,0.069,23,1
SHOP105,2024-12,738912,583009,155903,21.1,72,0.032,0.308,0.157,0.042,24,1
SHOP105,2025-01,629583,506164,123419,19.6,56,0.104,0.279,0.185,0.012,25,1
SHOP105,2025-02,584454,472354,112100,19.2,54,0.076,0.273,0.125,0.048,26,1
SHOP105,2025-03,637233,506932,130301,20.4,51,0.048,0.349,0.241,0.029,27,1
SHOP105,2025-04,582789,478231,104558,17.9,56,0.103,0.289,0.195,0.067,28,1
SHOP105,2025-05,750968,639126,111842,14.9,58,0.0,0.174,0.159,0.05,29,1
SHOP105,2025-06,574153,474193,99960,17.4,56,0.062,0.379,0.13,0.033,30,1
SHOP105,2025-07,664571,539239,125332,18.9,65,0.041,0.226,0.118,0.061,31,1
SHOP105,2025-08,754145,612615,141530,18.8,53,0.043,0.337,0.16,0.066,32,1
SHOP105,2025-09,778938,612701,166237,21.3,52,0.061,0.326,0.115,0.08,33,1
SHOP105,2025-10,790284,626109,164175,20.8,43,0.201,0.365,0.233,0.072,34,1
SHOP105,2025-11,374056,302156,71900,19.2,51,0.129,0.26,0.106,0.066,35,1
SHOP105,2025-12,1021178,756052,265126,26.0,58,0.075,0.2,0.186,0.067,36,1
SHOP106,2023-01,257811,214309,43502,16.9,15,0.175,0.305,0.087,0.07,1,0
SHOP106,2023-02,231564,204156,27408,11.8,18,0.039,0.302,0.319,0.02,2,0
SHOP106,2023-03,241061,208149,32912,13.7,20,0.161,0.241,0.279,0.0,3,0
SHOP106,2023-04,230729,194346,36383,15.8,12,0.065,0.214,0.239,0.112,4,1
SHOP106,2023-05,204975,166450,38525,18.8,22,0.156,0.264,0.202,0.098,5,0
SHOP106,2023-06,324807,257583,67224,20.7,20,0.177,0.222,0.288,0.105,6,0
SHOP106,2023-07,268973,234502,34471,12.8,26,0.114,0.22,0.205,0.086,7,0
SHOP106,2023-08,214972,188260,26712,12.4,16,0.034,0.272,0.177,0.108,8,0
SHOP106,2023-09,236950,205671,31279,13.2,13,0.043,0.251,0.234,0.056,9,0
SHOP106,2023-10,249531,218337,31194,12.5,15,0.111,0.244,0.11,0.079,10,0
SHOP106,2023-11,285055,233071,51984,18.2,21,0.038,0.272,0.252,0.123,11,0
SHOP106,2023-12,237200,195825,41375,17.4,19,0.091,0.36,0.169,0.117,12,1
SHOP106,2024-01,237619,189181,48438,20.4,19,0.041,0.248,0.126,0.082,13,1
SHOP106,2024-02,229299,201458,27841,12.1,16,0.149,0.248,0.239,0.117,14,0
SHOP106,2024-03,238327,203331,34996,14.7,14,0.079,0.295,0.168,0.062,15,1
SHOP106,2024-04,234322,190763,43559,18.6,12,0.055,0.291,0.223,0.066,16,1
SHOP106,2024-05,360500,327275,33225,9.2,9,0.135,0.223,0.13,0.114,17,1
SHOP106,2024-06,229925,195813,34112,14.8,22,0.021,0.326,0.198,0.043,18,1
SHOP106,2024-07,290170,251437,38733,13.3,13,0.138,0.241,0.167,0.078,19,1
SHOP106,2024-08,276613,217455,59158,21.4,13,0.149,0.265,0.219,0.109,20,1
SHOP106,2024-09,154013,136029,17984,11.7,10,0.093,0.212,0.198,0.06,21,1
SHOP106,2024-10,211303,173909,37394,17.7,11,0.193,0.219,0.137,0.116,22,1
SHOP106,2024-11,191996,167839,24157,12.6,8,0.102,0.246,0.173,0.109,23,1
SHOP106,2024-12,294850,232028,62822,21.3,18,0.167,0.163,0.326,0.082,24,1
SHOP106,2025-01,186154,158707,27447,14.7,11,0.159,0.202,0.205,0.067,25,1
SHOP106,2025-02,200815,168542,32273,16.1,20,0.163,0.28,0.213,0.08,26,1
SHOP106,2025-03,150951,130158,20793,13.8,20,0.129,0.216,0.115,0.069,27,1
SHOP106,2025-04,317300,277615,39685,12.5,11,0.11,0.185,0.211,0.071,28,1
SHOP106,2025-05,255012,225729,29283,11.5,16,0.01,0.181,0.192,0.045,29,1
SHOP106,2025-06,220610,187798,32812,14.9,8,0.113,0.254,0.258,0.061,30,0
SHOP106,2025-07,250429,208072,42357,16.9,35,0.058,0.262,0.117,0.095,31,1
SHOP106,2025-08,297217,246961,50256,16.9,17,0.092,0.289,0.138,0.041,32,1
SHOP106,2025-09,270117,238138,31979,11.8,17,0.067,0.254,0.131,0.085,33,1
SHOP106,2025-10,174889,151119,23770,13.6,19,0.034,0.159,0.249,0.103,34,0
SHOP106,2025-11,288677,232638,56039,19.4,22,0.037,0.235,0.132,0.141,35,1
SHOP106,2025-12,275817,240192,35625,12.9,10,0.111,0.297,0.274,0.095,36,0
SHOP107,2023-01,387288,343557,43731,11.3,39,0.095,0.096,0.348,0.15,1,0
SHOP107,2023-02,531217,487018,44199,8.3,39,0.17,0.282,0.186,0.076,2,0
SHOP107,2023-03,468196,401218,66978,14.3,37,0.107,0.174,0.296,0.128,3,0
SHOP107,2023-04,655848,588551,67297,10.3,34,0.117,0.27,0.231,0.09,4,0
SHOP107,2023-05,456814,407564,49250,10.8,31,0.071,0.197,0.266,0.086,5,0
SHOP107,2023-06,624405,538597,85808,13.7,43,0.08,0.21,0.205,0.075,6,0
SHOP107,2023-07,635966,548524,87442,13.7,44,0.177,0.233,0.443,0.105,7,0
SHOP107,2023-08,592760,508708,84052,14.2,41,0.206,0.179,0.218,0.039,8,0
SHOP107,2023-09,490015,442247,47768,9.7,44,0.046,0.175,0.22,0.126,9,0
SHOP107,2023-10,624945,542676,82269,13.2,30,0.166,0.15,0.187,0.131,10,0
SHOP107,2023-11,612173,533171,79002,12.9,47,0.169,0.153,0.191,0.124,11,0
SHOP107,2023-12,462971,402544,60427,13.1,57,0.133,0.108,0.257,0.12,12,0
SHOP107,2024-01,553271,483672,69599,12.6,35,0.128,0.206,0.25,0.126,13,0
SHOP107,2024-02,383832,334927,48905,12.7,41,0.102,0.282,0.229,0.093,14,1
SHOP107,2024-03,650910,561104,89806,13.8,56,0.166,0.262,0.257,0.074,15,0
SHOP107,2024-04,552747,462754,89993,16.3,45,0.111,0.092,0.258,0.078,16,0
SHOP107,2024-05,605891,504792,101099,16.7,48,0.161,0.134,0.192,0.069,17,0
SHOP107,2024-06,519782,426008,93774,18.0,37,0.129,0.11,0.181,0.059,18,0
SHOP107,2024-07,376493,346363,30130,8.0,34,0.187,0.189,0.212,0.076,19,0
SHOP107,2024-08,668188,593453,74735,11.2,34,0.21,0.045,0.165,0.077,20,0
SHOP107,2024-09,238733,211540,27193,11.4,42,0.156,0.197,0.236,0.163,21,0
SHOP107,2024-10,680492,592933,87559,12.9,49,0.19,0.07,0.292,0.106,22,0
SHOP107,2024-11,489796,419195,70601,14.4,38,0.14,0.101,0.21,0.107,23,0
SHOP107,2024-12,656631,570961,85670,13.0,23,0.185,0.126,0.258,0.111,24,0
SHOP107,2025-01,628508,569731,58777,9.4,44,0.063,0.221,0.357,0.034,25,0
SHOP107,2025-02,543593,482583,61010,11.2,43,0.17,0.165,0.276,0.096,26,1
SHOP107,2025-03,349695,299530,50165,14.3,42,0.152,0.212,0.319,0.054,27,0
SHOP107,2025-04,546976,460927,86049,15.7,41,0.07,0.146,0.247,0.073,28,0
SHOP107,2025-05,510303,448517,61786,12.1,44,0.108,0.175,0.18,0.109,29,1
SHOP107,2025-06,513599,425003,88596,17.3,50,0.121,0.234,0.24,0.058,30,0
SHOP107,2025-07,736654,653372,83282,11.3,49,0.078,0.062,0.327,0.104,31,0
SHOP107,2025-08,426347,356050,70297,16.5,39,0.175,0.133,0.356,0.057,32,1
SHOP107,2025-09,588902,531111,57791,9.8,46,0.085,0.108,0.245,0.125,33,0
SHOP107,2025-10,419297,371379,47918,11.4,41,0.149,0.133,0.304,0.086,34,0
SHOP107,2025-11,457775,400411,57364,12.5,43,0.157,0.162,0.228,0.07,35,0
SHOP107,2025-12,513081,459111,53970,10.5,38,0.124,0.244,0.164,0.092,36,1
SHOP108,2023-01,172238,146006,26232,15.2,11,0.093,0.276,0.229,0.0,1,0
SHOP108,2023-02,237763,193364,44399,18.7,34,0.179,0.355,0.126,0.03,2,0
SHOP108,2023-03,249703,195465,54238,21.7,26,0.127,0.294,0.236,0.047,3,0
SHOP108,2023-04,302617,247262,55355,18.3,19,0.081,0.251,0.236,0.013,4,0
SHOP108,2023-05,336787,285379,51408,15.3,26,0.11,0.202,0.272,0.122,5,0
SHOP108,2023-06,217205,181133,36072,16.6,29,0.122,0.263,0.105,0.061,6,0
SHOP108,2023-07,335499,269774,65725,19.6,29,0.105,0.274,0.115,0.094,7,1
SHOP108,2023-08,200635,164349,36286,18.1,26,0.093,0.248,0.068,0.105,8,1
SHOP108,2023-09,278225,219985,58240,20.9,30,0.14,0.298,0.175,0.09,9,1
SHOP108,2023-10,301582,250056,51526,17.1,18,0.048,0.27,0.29,0.095,10,0
SHOP108,2023-11,392056,323564,68492,17.5,26,0.127,0.273,0.279,0.028,11,1
SHOP108,2023-12,263025,219844,43181,16.4,24,0.107,0.26,0.157,0.068,12,0
SHOP108,2024-01,254569,213567,41002,16.1,28,0.097,0.295,0.205,0.073,13,1
SHOP108,2024-02,283916,248393,35523,12.5,27,0.1,0.247,0.187,0.037,14,0
SHOP108,2024-03,298289,234293,63996,21.5,19,0.092,0.251,0.214,0.076,15,1
SHOP108,2024-04,338135,278247,59888,17.7,27,0.075,0.262,0.1,0.058,16,1
SHOP108,2024-05,241068,204555,36513,15.1,23,0.19,0.282,0.207,0.103,17,1
SHOP108,2024-06,387605,299530,88075,22.7,26,0.175,0.277,0.068,0.118,18,1
SHOP108,2024-07,199155,171449,27706,13.9,26,0.102,0.328,0.228,0.076,19,1
SHOP108,2024-08,273014,219886,53128,19.5,28,0.184,0.26,0.231,0.036,20,1
SHOP108,2024-09,288689,236453,52236,18.1,17,0.184,0.27,0.226,0.115,21,1
SHOP108,2024-10,249739,209396,40343,16.2,27,0.0,0.294,0.173,0.125,22,1
SHOP108,2024-11,236821,197043,39778,16.8,13,0.049,0.22,0.148,0.073,23,1
SHOP108,2024-12,264960,217255,47705,18.0,15,0.183,0.284,0.098,0.084,24,1
SHOP108,2025-01,288269,263676,24593,8.5,17,0.171,0.258,0.298,0.099,25,1
SHOP108,2025-02,412631,341866,70765,17.1,20,0.095,0.341,0.237,0.026,26,1
SHOP108,2025-03,228527,183110,45417,19.9,21,0.183,0.309,0.119,0.04,27,1
SHOP108,2025-04,274623,217670,56953,20.7,17,0.113,0.193,0.153,0.048,28,1
SHOP108,2025-05,286630,239028,47602,16.6,17,0.014,0.242,0.23,0.077,29,1
SHOP108,2025-06,234744,197805,36939,15.7,19,0.075,0.284,0.039,0.027,30,1
SHOP108,2025-07,252870,207348,45522,18.0,10,0.064,0.25,0.316,0.026,31,1
SHOP108,2025-08,293104,248094,45010,15.4,28,0.081,0.198,0.064,0.117,32,1
SHOP108,2025-09,273589,221478,52111,19.0,21,0.138,0.306,0.192,0.062,33,1
SHOP108,2025-10,227339,184715,42624,18.7,32,0.042,0.297,0.176,0.074,34,1
SHOP108,2025-11,151821,121080,30741,20.2,35,0.082,0.307,0.19,0.072,35,1
SHOP108,2025-12,277526,232778,44748,16.1,19,0.082,0.236,0.083,0.066,36,1
SHOP109,2023-01,391252,313139,78113,20.0,38,0.122,0.249,0.132,0.052,1,0
SHOP109,2023-02,370041,302883,67158,18.1,25,0.061,0.261,0.12,0.029,2,0
SHOP109,2023-03,335744,286825,48919,14.6,27,0.159,0.219,0.122,0.081,3,0
SHOP109,2023-04,347240,293332,53908,15.5,24,0.084,0.281,0.084,0.053,4,1
SHOP109,2023-05,447524,378004,69520,15.5,25,0.027,0.36,0.248,0.023,5,0
SHOP109,2023-06,322916,257637,65279,20.2,21,0.101,0.338,0.234,0.139,6,1
SHOP109,2023-07,363421,292540,70881,19.5,32,0.046,0.23,0.206,0.041,7,1
SHOP109,2023-08,454849,366775,88074,19.4,18,0.089,0.322,0.171,0.099,8,1
SHOP109,2023-09,285919,237464,48455,16.9,30,0.039,0.283,0.188,0.134,9,0
SHOP109,2023-10,292892,239903,52989,18.1,28,0.063,0.329,0.138,0.069,10,1
SHOP109,2023-11,427836,324894,102942,24.1,30,0.172,0.262,0.149,0.02,11,1
SHOP109,2023-12,201438,163784,37654,18.7,20,0.135,0.333,0.122,0.035,12,1
SHOP109,2024-01,323701,262734,60967,18.8,37,0.108,0.289,0.038,0.064,13,1
SHOP109,2024-02,476130,395192,80938,17.0,29,0.0,0.231,0.123,0.032,14,1
SHOP109,2024-03,451992,373662,78330,17.3,35,0.067,0.294,0.083,0.07,15,1
SHOP109,2024-04,283874,220964,62910,22.2,30,0.078,0.3,0.103,0.018,16,1
SHOP109,2024-05,261684,215198,46486,17.8,26,0.112,0.223,0.186,0.003,17,1
SHOP109,2024-06,317074,258463,58611,18.5,37,0.078,0.382,0.158,0.088,18,1
SHOP109,2024-07,409374,318873,90501,22.1,28,0.032,0.282,0.09,0.021,19,1
SHOP109,2024-08,332203,285269,46934,14.1,29,0.146,0.273,0.132,0.051,20,1
SHOP109,2024-09,409898,341867,68031,16.6,31,0.096,0.324,0.14,0.074,21,1
SHOP109,2024-10,394435,332462,61973,15.7,38,0.145,0.293,0.126,0.036,22,1
SHOP109,2024-11,371643,304807,66836,18.0,30,0.064,0.311,0.13,0.031,23,1
SHOP109,2024-12,349628,274238,75390,21.6,24,0.144,0.343,0.129,0.116,24,1
SHOP109,2025-01,437314,348540,88774,20.3,30,0.048,0.292,0.162,0.069,25,1
SHOP109,2025-02,347460,309584,37876,10.9,28,0.131,0.344,0.19,0.033,26,1
SHOP109,2025-03,393549,324679,68870,17.5,37,0.139,0.313,0.12,0.023,27,1
SHOP109,2025-04,404237,314557,89680,22.2,28,0.015,0.35,0.121,0.078,28,1
SHOP109,2025-05,349871,279753,70118,20.0,28,0.151,0.297,0.065,0.103,29,1
SHOP109,2025-06,268021,215959,52062,19.4,32,0.073,0.269,0.09,0.027,30,1
SHOP109,2025-07,352542,279901,72641,20.6,30,0.122,0.322,0.191,0.048,31,1
SHOP109,2025-08,292115,231201,60914,20.9,27,0.148,0.37,0.179,0.052,32,1
SHOP109,2025-09,480041,403128,76913,16.0,38,0.081,0.328,0.116,0.073,33,1
SHOP109,2025-10,345101,278282,66819,19.4,27,0.068,0.321,0.185,0.016,34,1
SHOP109,2025-11,301694,241398,60296,20.0,41,0.147,0.341,0.119,0.045,35,1
SHOP109,2025-12,420928,357735,63193,15.0,39,0.112,0.31,0.1,0.073,36,1
SHOP110,2023-01,868603,757629,110974,12.8,52,0.156,0.174,0.256,0.101,1,0
SHOP110,2023-02,498077,407726,90351,18.1,43,0.015,0.296,0.204,0.114,2,0
SHOP110,2023-03,599466,521714,77752,13.0,48,0.03,0.154,0.241,0.108,3,0
SHOP110,2023-04,641931,554779,87152,13.6,49,0.154,0.093,0.182,0.12,4,0
SHOP110,2023-05,577019,491350,85669,14.8,42,0.163,0.168,0.159,0.114,5,0
SHOP110,2023-06,689663,579008,110655,16.0,46,0.165,0.212,0.166,0.101,6,0
SHOP110,2023-07,461404,392448,68956,14.9,47,0.172,0.185,0.269,0.08,7,0
SHOP110,2023-08,735814,644825,90989,12.4,55,0.168,0.175,0.16,0.073,8,0
SHOP110,2023-09,614379,525245,89134,14.5,58,0.151,0.151,0.284,0.052,9,0
SHOP110,2023-10,563001,480590,82411,14.6,45,0.132,0.203,0.25,0.19,10,0
SHOP110,2023-11,567896,518894,49002,8.6,44,0.213,0.201,0.335,0.109,11,0
SHOP110,2023-12,604170,523068,81102,13.4,62,0.214,0.191,0.272,0.062,12,0
SHOP110,2024-01,553450,441321,112129,20.3,40,0.122,0.2,0.203,0.137,13,0
SHOP110,2024-02,504268,428606,75662,15.0,64,0.258,0.264,0.248,0.108,14,0
SHOP110,2024-03,620827,551339,69488,11.2,52,0.13,0.198,0.301,0.073,15,0
SHOP110,2024-04,672337,560494,111843,16.6,48,0.209,0.213,0.202,0.118,16,0
SHOP110,2024-05,687208,609064,78144,11.4,50,0.207,0.207,0.349,0.134,17,0
SHOP110,2024-06,729188,614218,114970,15.8,69,0.188,0.198,0.267,0.068,18,1
SHOP110,2024-07,790087,714788,75299,9.5,50,0.114,0.222,0.256,0.083,19,0
SHOP110,2024-08,557937,482662,75275,13.5,60,0.131,0.158,0.208,0.096,20,1
SHOP110,2024-09,454825,393820,61005,13.4,55,0.088,0.248,0.132,0.093,21,1
SHOP110,2024-10,741625,669444,72181,9.7,47,0.145,0.176,0.345,0.135,22,0
SHOP110,2024-11,561734,477497,84237,15.0,46,0.169,0.142,0.304,0.082,23,1
SHOP110,2024-12,753599,626471,127128,16.9,51,0.17,0.183,0.068,0.129,24,0
SHOP110,2025-01,547436,445558,101878,18.6,44,0.177,0.123,0.184,0.101,25,0
SHOP110,2025-02,865252,722403,142849,16.5,48,0.157,0.158,0.19,0.149,26,0
SHOP110,2025-03,803573,726033,77540,9.6,67,0.138,0.166,0.235,0.063,27,1
SHOP110,2025-04,833326,715251,118075,14.2,54,0.192,0.146,0.257,0.116,28,0
SHOP110,2025-05,617236,562269,54967,8.9,52,0.205,0.238,0.282,0.126,29,0
SHOP110,2025-06,592072,502146,89926,15.2,45,0.141,0.168,0.276,0.085,30,0
SHOP110,2025-07,818104,702945,115159,14.1,55,0.151,0.203,0.229,0.121,31,1
SHOP110,2025-08,736086,657220,78866,10.7,49,0.155,0.282,0.264,0.086,32,1
SHOP110,2025-09,748034,605475,142559,19.1,49,0.112,0.213,0.287,0.155,33,1
SHOP110,2025-10,708151,631572,76579,10.8,59,0.174,0.229,0.27,0.131,34,0
SHOP110,2025-11,729939,622427,107512,14.7,58,0.228,0.14,0.224,0.085,35,0
SHOP110,2025-12,775487,650095,125392,16.2,45,0.115,0.146,0.264,0.092,36,1
SHOP111,2023-01,615368,576274,39094,6.4,63,0.124,0.18,0.26,0.049,1,0
SHOP111,2023-02,751691,614670,137021,18.2,61,0.164,0.139,0.281,0.096,2,0
SHOP111,2023-03,903325,799891,103434,11.5,49,0.13,0.2,0.205,0.136,3,0
SHOP111,2023-04,650877,589392,61485,9.4,72,0.103,0.174,0.324,0.068,4,0
SHOP111,2023-05,945738,844039,101699,10.8,62,0.181,0.276,0.27,0.14,5,0
SHOP111,2023-06,512390,440785,71605,14.0,59,0.059,0.111,0.329,0.113,6,0
SHOP111,2023-07,705721,646400,59321,8.4,65,0.168,0.078,0.224,0.093,7,0
SHOP111,2023-08,563406,471993,91413,16.2,52,0.148,0.065,0.314,0.045,8,0
SHOP111,2023-09,987028,880348,106680,10.8,59,0.182,0.179,0.28,0.175,9,0
SHOP111,2023-10,404557,355393,49164,12.2,65,0.271,0.102,0.333,0.119,10,0
SHOP111,2023-11,717234,637700,79534,11.1,65,0.212,0.174,0.232,0.153,11,0
SHOP111,2023-12,708866,612555,96311,13.6,55,0.081,0.227,0.204,0.134,12,0
SHOP111,2024-01,705360,610818,94542,13.4,73,0.098,0.209,0.174,0.136,13,0
SHOP111,2024-02,1075892,1028292,47600,4.4,59,0.115,0.175,0.274,0.115,14,0
SHOP111,2024-03,882077,775908,106169,12.0,67,0.211,0.194,0.377,0.083,15,0
SHOP111,2024-04,443970,385971,57999,13.1,62,0.155,0.084,0.195,0.115,16,0
SHOP111,2024-05,858932,773458,85474,10.0,58,0.214,0.121,0.258,0.094,17,0
SHOP111,2024-06,820047,731426,88621,10.8,56,0.085,0.219,0.31,0.107,18,0
SHOP111,2024-07,924352,777379,146973,15.9,63,0.167,0.175,0.325,0.122,19,0
SHOP111,2024-08,822057,722531,99526,12.1,64,0.209,0.242,0.223,0.067,20,1
SHOP111,2024-09,770764,695175,75589,9.8,59,0.091,0.075,0.203,0.087,21,0
SHOP111,2024-10,910612,771238,139374,15.3,63,0.003,0.158,0.197,0.081,22,1
SHOP111,2024-11,950948,846710,104238,11.0,58,0.161,0.151,0.225,0.136,23,0
SHOP111,2024-12,595532,513708,81824,13.7,66,0.195,0.186,0.377,0.131,24,0
SHOP111,2025-01,891519,789588,101931,11.4,60,0.217,0.198,0.126,0.142,25,1
SHOP111,2025-02,742893,643357,99536,13.4,52,0.162,0.187,0.386,0.092,26,0
SHOP111,2025-03,794230,734661,59569,7.5,58,0.112,0.23,0.351,0.1,27,0
SHOP111,2025-04,797356,711582,85774,10.8,62,0.148,0.197,0.317,0.066,28,0
SHOP111,2025-05,790998,693328,97670,12.3,65,0.117,0.179,0.148,0.106,29,1
SHOP111,2025-06,680228,619381,60847,8.9,54,0.171,0.129,0.143,0.074,30,0
SHOP111,2025-07,928216,814933,113283,12.2,66,0.21,0.21,0.345,0.161,31,0
SHOP111,2025-08,766498,673120,93378,12.2,63,0.096,0.192,0.227,0.093,32,0
SHOP111,2025-09,884076,789250,94826,10.7,66,0.224,0.146,0.216,0.118,33,0
SHOP111,2025-10,822349,706434,115915,14.1,59,0.083,0.214,0.35,0.041,34,1
SHOP111,2025-11,646337,573438,72899,11.3,68,0.128,0.175,0.332,0.084,35,1
SHOP111,2025-12,832861,732009,100852,12.1,51,0.232,0.173,0.338,0.116,36,0
SHOP112,2023-01,402516,334518,67998,16.9,63,0.083,0.191,0.191,0.085,1,0
SHOP112,2023-02,839397,715258,124139,14.8,72,0.158,0.248,0.049,0.034,2,0
SHOP112,2023-03,773497,676694,96803,12.5,65,0.038,0.284,0.124,0.058,3,0
SHOP112,2023-04,792189,648222,143967,18.2,62,0.132,0.348,0.114,0.027,4,1
SHOP112,2023-05,815280,660984,154296,18.9,68,0.147,0.263,0.148,0.069,5,0
SHOP112,2023-06,639529,531168,108361,16.9,73,0.0,0.271,0.164,0.052,6,1
SHOP112,2023-07,611121,519733,91388,15.0,65,0.081,0.341,0.164,0.073,7,0
SHOP112,2023-08,667498,542103,125395,18.8,54,0.068,0.295,0.191,0.007,8,1
SHOP112,2023-09,756187,626629,129558,17.1,68,0.04,0.173,0.166,0.075,9,0
SHOP112,2023-10,1034073,934773,99300,9.6,61,0.074,0.332,0.283,0.165,10,0
SHOP112,2023-11,598417,502208,96209,16.1,72,0.027,0.33,0.114,0.085,11,1
SHOP112,2023-12,698278,544640,153638,22.0,63,0.15,0.359,0.292,0.064,12,1
SHOP112,2024-01,996441,817547,178894,18.0,59,0.084,0.239,0.101,0.054,13,0
SHOP112,2024-02,594508,494302,100206,16.9,56,0.065,0.301,0.184,0.073,14,1
SHOP112,2024-03,595704,497367,98337,16.5,52,0.142,0.199,0.102,0.063,15,1
SHOP112,2024-04,781567,648411,133156,17.0,65,0.086,0.234,0.154,0.051,16,1
SHOP112,2024-05,660498,539071,121427,18.4,59,0.152,0.194,0.204,0.072,17,0
SHOP112,2024-06,917692,805702,111990,12.2,57,0.026,0.246,0.197,0.014,18,1
SHOP112,2024-07,716175,594580,121595,17.0,58,0.194,0.252,0.091,0.034,19,1
SHOP112,2024-08,709211,571866,137345,19.4,64,0.114,0.18,0.209,0.083,20,1
SHOP112,2024-09,945700,791229,154471,16.3,62,0.031,0.254,0.068,0.068,21,1
SHOP112,2024-10,966484,779287,187197,19.4,60,0.085,0.287,0.222,0.067,22,1
SHOP112,2024-11,844171,675734,168437,20.0,67,0.065,0.312,0.114,0.125,23,1
SHOP112,2024-12,732438,570685,161753,22.1,67,0.105,0.388,0.218,0.042,24,1
SHOP112,2025-01,983101,811785,171316,17.4,69,0.093,0.334,0.1,0.04,25,1
SHOP112,2025-02,481414,409244,72170,15.0,69,0.165,0.186,0.222,0.082,26,1
SHOP112,2025-03,824574,681596,142978,17.3,51,0.195,0.311,0.104,0.121,27,1
SHOP112,2025-04,835443,694785,140658,16.8,70,0.042,0.269,0.156,0.039,28,1
SHOP112,2025-05,1043430,848979,194451,18.6,75,0.055,0.311,0.205,0.069,29,1
SHOP112,2025-06,681415,594488,86927,12.8,61,0.137,0.333,0.113,0.073,30,1
SHOP112,2025-07,934225,801189,133036,14.2,61,0.155,0.379,0.153,0.055,31,1
SHOP112,2025-08,604953,510153,94800,15.7,63,0.11,0.277,0.236,0.053,32,1
SHOP112,2025-09,891418,750729,140689,15.8,61,0.09,0.329,0.236,0.051,33,1
SHOP112,2025-10,1046476,829557,216919,20.7,48,0.18,0.223,0.146,0.067,34,1
SHOP112,2025-11,755319,612825,142494,18.9,60,0.145,0.21,0.112,0.007,35,1
SHOP112,2025-12,792705,695706,96999,12.2,74,0.135,0.245,0.173,0.064,36,1
SHOP113,2023-01,570102,441524,128578,22.6,49,0.064,0.285,0.189,0.055,1,1
SHOP113,2023-02,581573,493244,88329,15.2,53,0.137,0.368,0.085,0.097,2,0
SHOP113,2023-03,498434,412194,86240,17.3,48,0.092,0.271,0.212,0.055,3,0
SHOP113,2023-04,481228,385029,96199,20.0,50,0.108,0.253,0.2,0.057,4,0
SHOP113,2023-05,536239,445402,90837,16.9,46,0.074,0.354,0.206,0.095,5,1
SHOP113,2023-06,616781,503820,112961,18.3,42,0.072,0.292,0.181,0.097,6,0
SHOP113,2023-07,660839,533140,127699,19.3,45,0.125,0.202,0.194,0.091,7,0
SHOP113,2023-08,823513,711409,112104,13.6,63,0.052,0.324,0.127,0.078,8,1
SHOP113,2023-09,767612,633060,134552,17.5,55,0.086,0.27,0.051,0.043,9,1
SHOP113,2023-10,599663,453817,145846,24.3,57,0.142,0.355,0.107,0.091,10,1
SHOP113,2023-11,455083,372181,82902,18.2,39,0.072,0.254,0.034,0.072,11,1
SHOP113,2023-12,643410,549453,93957,14.6,53,0.068,0.315,0.108,0.095,12,1
SHOP113,2024-01,904644,715759,188885,20.9,59,0.108,0.288,0.282,0.133,13,1
SHOP113,2024-02,583783,500082,83701,14.3,45,0.079,0.253,0.154,0.054,14,1
SHOP113,2024-03,587836,479199,108637,18.5,42,0.084,0.32,0.256,0.1,15,1
SHOP113,2024-04,585056,466837,118219,20.2,55,0.078,0.29,0.208,0.073,16,1
SHOP113,2024-05,804714,666683,138031,17.2,48,0.099,0.278,0.129,0.022,17,1
SHOP113,2024-06,641358,507768,133590,20.8,45,0.161,0.296,0.126,0.061,18,1
SHOP113,2024-07,789436,631327,158109,20.0,45,0.042,0.262,0.159,0.054,19,1
SHOP113,2024-08,547820,450642,97178,17.7,57,0.06,0.281,0.169,0.081,20,1
SHOP113,2024-09,746200,573924,172276,23.1,54,0.163,0.335,0.02,0.022,21,1
SHOP113,2024-10,715242,585315,129927,18.2,64,0.101,0.28,0.142,0.032,22,1
SHOP113,2024-11,668613,555159,113454,17.0,51,0.094,0.413,0.084,0.037,23,1
SHOP113,2024-12,617410,493235,124175,20.1,63,0.091,0.334,0.119,0.03,24,1
SHOP113,2025-01,882850,738047,144803,16.4,59,0.071,0.264,0.303,0.084,25,1
SHOP113,2025-02,522595,430329,92266,17.7,37,0.128,0.349,0.099,0.0,26,1
SHOP113,2025-03,775454,605102,170352,22.0,49,0.096,0.254,0.177,0.077,27,1
SHOP113,2025-04,792445,647122,145323,18.3,49,0.11,0.286,0.273,0.119,28,1
SHOP113,2025-05,814122,682223,131899,16.2,44,0.126,0.333,0.128,0.0,29,1
SHOP113,2025-06,700941,588657,112284,16.0,41,0.068,0.263,0.17,0.0,30,1
SHOP113,2025-07,527358,459487,67871,12.9,48,0.093,0.278,0.093,0.046,31,1
SHOP113,2025-08,579414,501440,77974,13.5,44,0.11,0.285,0.209,0.051,32,1
SHOP113,2025-09,719085,587428,131657,18.3,40,0.143,0.284,0.131,0.09,33,1
SHOP113,2025-10,789968,645159,144809,18.3,48,0.173,0.205,0.18,0.101,34,1
SHOP113,2025-11,537259,433304,103955,19.3,49,0.031,0.268,0.158,0.032,35,1
SHOP113,2025-12,611804,502060,109744,17.9,47,0.054,0.248,0.179,0.107,36,1
SHOP114,2023-01,558708,426462,132246,23.7,40,0.063,0.348,0.18,0.055,1,0
SHOP114,2023-02,766310,677299,89011,11.6,54,0.085,0.315,0.145,0.027,2,1
SHOP114,2023-03,781962,610819,171143,21.9,49,0.043,0.356,0.248,0.084,3,0
SHOP114,2023-04,554930,433033,121897,22.0,42,0.125,0.401,0.2,0.043,4,1
SHOP114,2023-05,500255,384904,115351,23.1,46,0.067,0.315,0.136,0.033,5,1
SHOP114,2023-06,501658,442724,58934,11.7,37,0.017,0.387,0.118,0.023,6,1
SHOP114,2023-07,640373,501791,138582,21.6,51,0.085,0.339,0.097,0.073,7,1
SHOP114,2023-08,772467,665476,106991,13.9,37,0.05,0.333,0.264,0.029,8,1
SHOP114,2023-09,460389,348294,112095,24.3,48,0.051,0.268,0.213,0.029,9,1
SHOP114,2023-10,652208,545395,106813,16.4,33,0.073,0.3,0.195,0.037,10,1
SHOP114,2023-11,549553,447885,101668,18.5,42,0.024,0.354,0.085,0.015,11,1
SHOP114,2023-12,716057,594284,121773,17.0,48,0.058,0.242,0.121,0.051,12,1
SHOP114,2024-01,558007,448233,109774,19.7,39,0.122,0.306,0.168,0.029,13,1
SHOP114,2024-02,580141,495435,84706,14.6,32,0.02,0.319,0.222,0.047,14,1
SHOP114,2024-03,452439,362060,90379,20.0,48,0.021,0.35,0.102,0.047,15,1
SHOP114,2024-04,453649,380184,73465,16.2,47,0.127,0.391,0.212,0.02,16,1
SHOP114,2024-05,575756,449349,126407,22.0,33,0.087,0.398,0.249,0.0,17,1
SHOP114,2024-06,572012,474166,97846,17.1,46,0.099,0.349,0.2,0.03,18,1
SHOP114,2024-07,556691,451988,104703,18.8,52,0.081,0.355,0.025,0.092,19,1
SHOP114,2024-08,590973,474480,116493,19.7,45,0.04,0.329,0.12,0.053,20,1
SHOP114,2024-09,693440,537126,156314,22.5,47,0.06,0.287,0.146,0.015,21,1
SHOP114,2024-10,499598,384454,115144,23.0,46,0.181,0.301,0.152,0.04,22,1
SHOP114,2024-11,717193,555453,161740,22.6,43,0.082,0.34,0.143,0.003,23,1
SHOP114,2024-12,405396,337185,68211,16.8,47,0.061,0.316,0.233,0.037,24,1
SHOP114,2025-01,727136,559109,168027,23.1,41,0.134,0.327,0.155,0.069,25,1
SHOP114,2025-02,727960,595265,132695,18.2,47,0.155,0.326,0.219,0.071,26,1
SHOP114,2025-03,782781,616113,166668,21.3,39,0.008,0.321,0.17,0.017,27,1
SHOP114,2025-04,467696,369133,98563,21.1,47,0.079,0.366,0.159,0.011,28,1
SHOP114,2025-05,615603,494218,121385,19.7,50,0.07,0.225,0.151,0.034,29,1
SHOP114,2025-06,470742,391964,78778,16.7,54,0.0,0.43,0.165,0.0,30,1
SHOP114,2025-07,773404,648113,125291,16.2,51,0.0,0.318,0.121,0.024,31,1
SHOP114,2025-08,470869,391338,79531,16.9,46,0.004,0.315,0.116,0.041,32,1
SHOP114,2025-09,501446,398600,102846,20.5,51,0.109,0.391,0.168,0.0,33,1
SHOP114,2025-10,661641,521282,140359,21.2,36,0.076,0.327,0.126,0.004,34,1
SHOP114,2025-11,628685,532132,96553,15.4,41,0.061,0.305,0.131,0.038,35,1
SHOP114,2025-12,530288,432777,97511,18.4,38,0.107,0.279,0.169,0.055,36,1
SHOP115,2023-01,711936,568053,143883,20.2,56,0.124,0.324,0.145,0.014,1,1
SHOP115,2023-02,670722,550516,120206,17.9,42,0.08,0.287,0.084,0.044,2,1
SHOP115,2023-03,510524,398748,111776,21.9,52,0.013,0.336,0.208,0.063,3,1
SHOP115,2023-04,611750,516752,94998,15.5,62,0.059,0.2,0.205,0.027,4,1
SHOP115,2023-05,640716,512464,128252,20.0,52,0.058,0.396,0.161,0.05,5,1
SHOP115,2023-06,712678,588475,124203,17.4,54,0.156,0.421,0.181,0.078,6,1
SHOP115,2023-07,871587,724797,146790,16.8,43,0.062,0.314,0.131,0.062,7,1
SHOP115,2023-08,890058,709550,180508,20.3,48,0.047,0.29,0.11,0.1,8,1
SHOP115,2023-09,689193,554845,134348,19.5,40,0.132,0.251,0.167,0.077,9,1
SHOP115,2023-10,720785,582556,138229,19.2,52,0.022,0.228,0.086,0.025,10,1
SHOP115,2023-11,788946,655258,133688,16.9,54,0.112,0.265,0.198,0.018,11,1
SHOP115,2023-12,817267,705666,111601,13.7,50,0.038,0.26,0.192,0.095,12,1
SHOP115,2024-01,653576,535440,118136,18.1,43,0.124,0.364,0.258,0.061,13,1
SHOP115,2024-02,379738,308176,71562,18.8,48,0.115,0.334,0.184,0.039,14,1
SHOP115,2024-03,810675,666857,143818,17.7,60,0.112,0.299,0.19,0.024,15,1
SHOP115,2024-04,557803,427586,130217,23.3,50,0.074,0.284,0.063,0.047,16,1
SHOP115,2024-05,847798,666380,181418,21.4,56,0.103,0.264,0.097,0.11,17,1
SHOP115,2024-06,731383,573804,157579,21.5,54,0.152,0.398,0.072,0.0,18,1
SHOP115,2024-07,582188,472722,109466,18.8,50,0.044,0.299,0.091,0.0,19,1
SHOP115,2024-08,576082,487471,88611,15.4,46,0.163,0.322,0.03,0.031,20,1
SHOP115,2024-09,687913,527053,160860,23.4,42,0.0,0.398,0.122,0.063,21,1
SHOP115,2024-10,578700,466769,111931,19.3,46,0.056,0.346,0.258,0.002,22,1
SHOP115,2024-11,775047,624989,150058,19.4,48,0.122,0.37,0.155,0.054,23,1
SHOP115,2024-12,656468,527569,128899,19.6,53,0.028,0.179,0.064,0.099,24,1
SHOP115,2025-01,730427,588348,142079,19.5,56,0.079,0.28,0.152,0.088,25,1
SHOP115,2025-02,673349,565981,107368,15.9,54,0.085,0.339,0.084,0.069,26,1
SHOP115,2025-03,852731,746347,106384,12.5,50,0.05,0.317,0.192,0.031,27,1
SHOP115,2025-04,690026,584346,105680,15.3,47,0.126,0.271,0.162,0.071,28,1
SHOP115,2025-05,752064,621722,130342,17.3,50,0.037,0.432,0.086,0.077,29,1
SHOP115,2025-06,672378,549931,122447,18.2,66,0.123,0.237,0.043,0.046,30,1
SHOP115,2025-07,638007,532431,105576,16.5,62,0.089,0.286,0.038,0.062,31,1
SHOP115,2025-08,652581,520858,131723,20.2,61,0.08,0.298,0.21,0.101,32,1
SHOP115,2025-09,440984,373501,67483,15.3,48,0.097,0.312,0.163,0.079,33,1
SHOP115,2025-10,796551,660494,136057,17.1,51,0.093,0.288,0.02,0.102,34,1
SHOP115,2025-11,447776,362510,85266,19.0,48,0.074,0.378,0.148,0.019,35,1
SHOP115,2025-12,700522,511574,188948,27.0,47,0.069,0.329,0.089,0.081,36,1
SHOP116,2023-01,683673,610158,73515,10.8,47,0.094,0.38,0.091,0.048,1,0
SHOP116,2023-02,347641,301630,46011,13.2,45,0.016,0.256,0.229,0.025,2,0
SHOP116,2023-03,491123,404730,86393,17.6,41,0.157,0.27,0.23,0.023,3,0
SHOP116,2023-04,470017,370526,99491,21.2,52,0.086,0.281,0.099,0.107,4,0
SHOP116,2023-05,529178,412417,116761,22.1,38,0.051,0.253,0.176,0.044,5,1
SHOP116,2023-06,541879,411850,130029,24.0,44,0.13,0.309,0.139,0.069,6,1
SHOP116,2023-07,744394,599419,144975,19.5,54,0.139,0.304,0.122,0.018,7,1
SHOP116,2023-08,596711,491536,105175,17.6,39,0.153,0.219,0.2,0.099,8,1
SHOP116,2023-09,510612,406893,103719,20.3,34,0.111,0.249,0.211,0.083,9,0
SHOP116,2023-10,628347,505142,123205,19.6,36,0.112,0.281,0.186,0.076,10,1
SHOP116,2023-11,497512,410103,87409,17.6,39,0.076,0.338,0.101,0.078,11,1
SHOP116,2023-12,479605,395143,84462,17.6,41,0.019,0.278,0.139,0.016,12,1
SHOP116,2024-01,377999,298072,79927,21.1,43,0.124,0.188,0.149,0.107,13,1
SHOP116,2024-02,551142,445469,105673,19.2,46,0.117,0.269,0.261,0.062,14,0
SHOP116,2024-03,568647,472376,96271,16.9,37,0.166,0.313,0.18,0.067,15,1
SHOP116,2024-04,483099,422523,60576,12.5,45,0.078,0.256,0.189,0.03,16,1
SHOP116,2024-05,425298,360316,64982,15.3,35,0.15,0.31,0.177,0.095,17,1
SHOP116,2024-06,396964,320842,76122,19.2,45,0.115,0.264,0.232,0.065,18,1
SHOP116,2024-07,615915,512962,102953,16.7,38,0.153,0.267,0.106,0.085,19,1
SHOP116,2024-08,420730,350742,69988,16.6,38,0.177,0.275,0.206,0.099,20,1
SHOP116,2024-09,509357,465797,43560,8.6,51,0.163,0.25,0.233,0.064,21,1
SHOP116,2024-10,555622,458164,97458,17.5,31,0.053,0.194,0.154,0.045,22,1
SHOP116,2024-11,283045,240525,42520,15.0,35,0.172,0.262,0.152,0.066,23,1
SHOP116,2024-12,594319,476108,118211,19.9,37,0.041,0.235,0.209,0.119,24,1
SHOP116,2025-01,551641,428394,123247,22.3,44,0.106,0.239,0.123,0.041,25,1
SHOP116,2025-02,545338,438406,106932,19.6,44,0.16,0.199,0.239,0.052,26,1
SHOP116,2025-03,632951,513137,119814,18.9,37,0.129,0.289,0.141,0.051,27,1
SHOP116,2025-04,541693,433946,107747,19.9,50,0.124,0.22,0.295,0.103,28,1
SHOP116,2025-05,508358,420422,87936,17.3,49,0.098,0.267,0.063,0.043,29,1
SHOP116,2025-06,642936,562962,79974,12.4,43,0.0,0.239,0.179,0.055,30,1
SHOP116,2025-07,540671,446727,93944,17.4,57,0.134,0.231,0.177,0.068,31,1
SHOP116,2025-08,740055,601841,138214,18.7,45,0.176,0.275,0.248,0.054,32,1
SHOP116,2025-09,457822,358746,99076,21.6,38,0.051,0.274,0.24,0.032,33,1
SHOP116,2025-10,510809,417260,93549,18.3,47,0.147,0.315,0.103,0.012,34,1
SHOP116,2025-11,694867,564601,130266,18.7,42,0.067,0.189,0.15,0.092,35,1
SHOP116,2025-12,645231,518023,127208,19.7,42,0.087,0.271,0.221,0.067,36,1
SHOP117,2023-01,606840,507753,99087,16.3,54,0.142,0.198,0.311,0.057,1,0
SHOP117,2023-02,760625,636180,124445,16.4,52,0.128,0.238,0.291,0.091,2,0
SHOP117,2023-03,527368,459484,67884,12.9,52,0.026,0.188,0.214,0.118,3,0
SHOP117,2023-04,673626,582844,90782,13.5,51,0.021,0.181,0.264,0.097,4,0
SHOP117,2023-05,652558,572554,80004,12.3,57,0.165,0.111,0.308,0.088,5,0
SHOP117,2023-06,625539,568930,56609,9.0,52,0.166,0.26,0.246,0.076,6,0
SHOP117,2023-07,523208,441681,81527,15.6,50,0.12,0.172,0.224,0.064,7,0
SHOP117,2023-08,821981,692852,129129,15.7,61,0.107,0.081,0.215,0.119,8,0
SHOP117,2023-09,731323,636400,94923,13.0,59,0.144,0.2,0.311,0.108,9,0
SHOP117,2023-10,708346,657263,51083,7.2,64,0.128,0.203,0.26,0.108,10,0
SHOP117,2023-11,951238,817636,133602,14.0,58,0.092,0.261,0.201,0.085,11,1
SHOP117,2023-12,881059,771414,109645,12.4,40,0.12,0.301,0.204,0.135,12,0
SHOP117,2024-01,869779,754702,115077,13.2,59,0.208,0.172,0.197,0.128,13,0
SHOP117,2024-02,689450,571031,118419,17.2,54,0.104,0.108,0.236,0.055,14,0
SHOP117,2024-03,710788,581614,129174,18.2,58,0.134,0.212,0.288,0.054,15,0
SHOP117,2024-04,728031,596901,131130,18.0,58,0.148,0.238,0.258,0.055,16,0
SHOP117,2024-05,647915,530917,116998,18.1,54,0.113,0.149,0.31,0.078,17,1
SHOP117,2024-06,617520,563839,53681,8.7,60,0.129,0.135,0.335,0.052,18,0
SHOP117,2024-07,668851,598648,70203,10.5,55,0.11,0.204,0.171,0.084,19,0
SHOP117,2024-08,550162,472227,77935,14.2,56,0.19,0.137,0.316,0.087,20,1
SHOP117,2024-09,801447,671081,130366,16.3,52,0.223,0.185,0.248,0.082,21,0
SHOP117,2024-10,683864,562409,121455,17.8,43,0.063,0.16,0.082,0.113,22,1
SHOP117,2024-11,665263,574343,90920,13.7,56,0.158,0.264,0.236,0.101,23,1
SHOP117,2024-12,574017,480148,93869,16.4,66,0.138,0.165,0.195,0.107,24,1
SHOP117,2025-01,776707,649575,127132,16.4,59,0.168,0.191,0.222,0.099,25,0
SHOP117,2025-02,670967,554401,116566,17.4,52,0.16,0.247,0.184,0.062,26,1
SHOP117,2025-03,593757,502661,91096,15.3,59,0.125,0.182,0.223,0.066,27,1
SHOP117,2025-04,702064,610708,91356,13.0,65,0.107,0.201,0.116,0.131,28,1
SHOP117,2025-05,798862,671907,126955,15.9,62,0.124,0.178,0.234,0.111,29,1
SHOP117,2025-06,650470,552565,97905,15.1,58,0.2,0.16,0.268,0.099,30,0
SHOP117,2025-07,524174,435247,88927,17.0,55,0.181,0.187,0.266,0.118,31,0
SHOP117,2025-08,887302,738179,149123,16.8,58,0.151,0.298,0.191,0.109,32,1
SHOP117,2025-09,803533,694662,108871,13.5,44,0.138,0.239,0.247,0.114,33,1
SHOP117,2025-10,791812,636926,154886,19.6,47,0.22,0.136,0.246,0.126,34,0
SHOP117,2025-11,776829,672495,104334,13.4,58,0.21,0.229,0.178,0.093,35,1
SHOP117,2025-12,604245,512385,91860,15.2,47,0.13,0.219,0.228,0.086,36,1
SHOP118,2023-01,371366,326672,44694,12.0,24,0.0,0.334,0.29,0.087,1,0
SHOP118,2023-02,294856,241478,53378,18.1,24,0.053,0.219,0.166,0.07,2,1
SHOP118,2023-03,366189,303892,62297,17.0,29,0.046,0.371,0.234,0.05,3,0
SHOP118,2023-04,419044,352847,66197,15.8,27,0.131,0.173,0.146,0.052,4,0
SHOP118,2023-05,180850,159204,21646,12.0,32,0.097,0.242,0.154,0.038,5,0
SHOP118,2023-06,302684,229204,73480,24.3,24,0.123,0.362,0.157,0.077,6,0
SHOP118,2023-07,382340,313131,69209,18.1,32,0.054,0.284,0.203,0.015,7,1
SHOP118,2023-08,293803,241088,52715,17.9,28,0.083,0.307,0.215,0.077,8,1
SHOP118,2023-09,350660,290806,59854,17.1,30,0.106,0.282,0.133,0.0,9,1
SHOP118,2023-10,366260,291715,74545,20.4,22,0.077,0.303,0.25,0.06,10,1
SHOP118,2023-11,363439,306273,57166,15.7,23,0.142,0.258,0.149,0.017,11,0
SHOP118,2023-12,273302,224665,48637,17.8,26,0.116,0.264,0.248,0.031,12,1
SHOP118,2024-01,340476,279212,61264,18.0,18,0.063,0.322,0.188,0.083,13,0
SHOP118,2024-02,372167,302417,69750,18.7,13,0.121,0.24,0.154,0.084,14,1
SHOP118,2024-03,325872,265470,60402,18.5,34,0.104,0.356,0.175,0.021,15,1
SHOP118,2024-04,390171,318118,72053,18.5,28,0.189,0.265,0.1,0.068,16,1
SHOP118,2024-05,369367,294957,74410,20.1,34,0.088,0.212,0.127,0.092,17,1
SHOP118,2024-06,353393,300562,52831,14.9,17,0.073,0.26,0.158,0.06,18,1
SHOP118,2024-07,453983,373985,79998,17.6,19,0.019,0.22,0.125,0.063,19,1
SHOP118,2024-08,316085,245558,70527,22.3,33,0.084,0.298,0.118,0.029,20,1
SHOP118,2024-09,358390,308101,50289,14.0,25,0.069,0.276,0.099,0.081,21,1
SHOP118,2024-10,297274,259323,37951,12.8,17,0.016,0.346,0.192,0.06,22,1
SHOP118,2024-11,355059,311869,43190,12.2,17,0.0,0.277,0.09,0.031,23,1
SHOP118,2024-12,306825,257209,49616,16.2,25,0.099,0.264,0.221,0.067,24,1
SHOP118,2025-01,220811,186303,34508,15.6,24,0.0,0.377,0.149,0.08,25,1
SHOP118,2025-02,307145,257645,49500,16.1,25,0.072,0.319,0.115,0.024,26,1
SHOP118,2025-03,203125,166643,36482,18.0,24,0.112,0.232,0.114,0.031,27,1
SHOP118,2025-04,363792,311978,51814,14.2,30,0.092,0.311,0.143,0.042,28,1
SHOP118,2025-05,418586,332859,85727,20.5,26,0.094,0.352,0.16,0.074,29,1
SHOP118,2025-06,221389,188420,32969,14.9,21,0.121,0.272,0.055,0.09,30,1
SHOP118,2025-07,351503,284062,67441,19.2,28,0.057,0.259,0.227,0.047,31,1
SHOP118,2025-08,254169,217201,36968,14.5,22,0.099,0.24,0.254,0.105,32,1
SHOP118,2025-09,427973,364909,63064,14.7,29,0.022,0.352,0.173,0.088,33,1
SHOP118,2025-10,377153,308584,68569,18.2,32,0.084,0.232,0.146,0.026,34,1
SHOP118,2025-11,294909,258828,36081,12.2,39,0.093,0.36,0.214,0.092,35,1
SHOP118,2025-12,303168,253254,49914,16.5,22,0.083,0.34,0.073,0.055,36,1
SHOP119,2023-01,353197,289997,63200,17.9,29,0.145,0.298,0.115,0.044,1,0
SHOP119,2023-02,203819,166644,37175,18.2,31,0.021,0.282,0.25,0.067,2,0
SHOP119,2023-03,274100,217043,57057,20.8,15,0.066,0.335,0.249,0.063,3,1
SHOP119,2023-04,295654,240752,54902,18.6,17,0.044,0.328,0.154,0.075,4,1
SHOP119,2023-05,221673,185372,36301,16.4,23,0.077,0.291,0.264,0.074,5,0
SHOP119,2023-06,364333,302854,61479,16.9,21,0.136,0.354,0.171,0.066,6,0
SHOP119,2023-07,259016,207091,51925,20.0,12,0.079,0.289,0.07,0.075,7,1
SHOP119,2023-08,285619,232399,53220,18.6,16,0.061,0.156,0.178,0.01,8,1
SHOP119,2023-09,292782,231470,61312,20.9,21,0.114,0.334,0.158,0.062,9,1
SHOP119,2023-10,338053,268773,69280,20.5,35,0.05,0.317,0.16,0.049,10,1
SHOP119,2023-11,356582,296372,60210,16.9,19,0.112,0.287,0.079,0.057,11,1
SHOP119,2023-12,351922,274090,77832,22.1,29,0.109,0.33,0.164,0.104,12,1
SHOP119,2024-01,299228,234621,64607,21.6,19,0.149,0.41,0.072,0.052,13,1
SHOP119,2024-02,271544,220167,51377,18.9,23,0.109,0.373,0.109,0.016,14,1
SHOP119,2024-03,304682,244399,60283,19.8,25,0.052,0.44,0.167,0.033,15,1
SHOP119,2024-04,377415,317704,59711,15.8,32,0.065,0.283,0.176,0.008,16,1
SHOP119,2024-05,212259,163419,48840,23.0,19,0.108,0.294,0.174,0.043,17,1
SHOP119,2024-06,335188,276151,59037,17.6,18,0.135,0.332,0.185,0.103,18,1
SHOP119,2024-07,359930,272597,87333,24.3,28,0.037,0.316,0.172,0.056,19,1
SHOP119,2024-08,298108,255027,43081,14.5,31,0.099,0.297,0.159,0.074,20,1
SHOP119,2024-09,251271,215405,35866,14.3,19,0.092,0.329,0.185,0.04,21,1
SHOP119,2024-10,337782,277350,60432,17.9,31,0.147,0.341,0.179,0.033,22,1
SHOP119,2024-11,317776,271853,45923,14.5,28,0.0,0.315,0.179,0.044,23,1
SHOP119,2024-12,356971,278757,78214,21.9,19,0.161,0.329,0.237,0.096,24,1
SHOP119,2025-01,355289,292063,63226,17.8,26,0.064,0.309,0.091,0.09,25,1
SHOP119,2025-02,297198,232184,65014,21.9,19,0.144,0.288,0.119,0.035,26,1
SHOP119,2025-03,272844,223500,49344,18.1,15,0.018,0.25,0.081,0.006,27,1
SHOP119,2025-04,338576,271434,67142,19.8,30,0.063,0.29,0.223,0.046,28,1
SHOP119,2025-05,289491,229517,59974,20.7,23,0.13,0.438,0.158,0.025,29,1
SHOP119,2025-06,256883,209650,47233,18.4,31,0.147,0.367,0.124,0.045,30,1
SHOP119,2025-07,211511,169927,41584,19.7,19,0.058,0.383,0.244,0.072,31,1
SHOP119,2025-08,324457,279951,44506,13.7,20,0.052,0.386,0.172,0.097,32,1
SHOP119,2025-09,271161,225923,45238,16.7,13,0.032,0.381,0.216,0.055,33,1
SHOP119,2025-10,308234,253952,54282,17.6,20,0.033,0.306,0.092,0.086,34,1
SHOP119,2025-11,314446,235423,79023,25.1,16,0.182,0.312,0.188,0.121,35,1
SHOP119,2025-12,232084,196484,35600,15.3,22,0.101,0.257,0.079,0.076,36,1
SHOP120,2023-01,284312,232107,52205,18.4,16,0.038,0.246,0.148,0.047,1,0
SHOP120,2023-02,160437,133031,27406,17.1,12,0.088,0.281,0.201,0.135,2,0
SHOP120,2023-03,161942,143208,18734,11.6,23,0.146,0.166,0.196,0.081,3,0
SHOP120,2023-04,259669,222744,36925,14.2,27,0.11,0.19,0.271,0.123,4,0
SHOP120,2023-05,341133,301511,39622,11.6,14,0.136,0.234,0.273,0.081,5,0
SHOP120,2023-06,238758,203358,35400,14.8,14,0.193,0.198,0.276,0.064,6,0
SHOP120,2023-07,214463,182371,32092,15.0,8,0.16,0.264,0.176,0.119,7,0
SHOP120,2023-08,241411,200424,40987,17.0,13,0.074,0.258,0.227,0.079,8,0
SHOP120,2023-09,283492,240883,42609,15.0,17,0.035,0.145,0.179,0.049,9,0
SHOP120,2023-10,201686,175649,26037,12.9,11,0.103,0.259,0.288,0.042,10,0
SHOP120,2023-11,261746,237455,24291,9.3,18,0.025,0.286,0.343,0.088,11,0
SHOP120,2023-12,259365,232290,27075,10.4,27,0.098,0.281,0.14,0.064,12,0
SHOP120,2024-01,184884,147864,37020,20.0,18,0.164,0.223,0.214,0.1,13,0
SHOP120,2024-02,240516,215175,25341,10.5,20,0.111,0.166,0.254,0.043,14,0
SHOP120,2024-03,213830,177626,36204,16.9,13,0.12,0.214,0.056,0.098,15,1
SHOP120,2024-04,175391,147546,27845,15.9,15,0.077,0.199,0.219,0.119,16,0
SHOP120,2024-05,276336,228357,47979,17.4,22,0.175,0.159,0.172,0.094,17,1
SHOP120,2024-06,158727,132285,26442,16.7,12,0.192,0.25,0.293,0.081,18,0
SHOP120,2024-07,261824,237248,24576,9.4,20,0.156,0.276,0.314,0.123,19,1
SHOP120,2024-08,294301,255397,38904,13.2,8,0.038,0.184,0.178,0.101,20,1
SHOP120,2024-09,269947,225615,44332,16.4,23,0.023,0.168,0.162,0.116,21,1
SHOP120,2024-10,267517,213106,54411,20.3,22,0.14,0.251,0.188,0.074,22,1
SHOP120,2024-11,246342,192467,53875,21.9,21,0.165,0.273,0.215,0.116,23,1
SHOP120,2024-12,233187,189102,44085,18.9,15,0.203,0.22,0.251,0.089,24,1
SHOP120,2025-01,259431,218888,40543,15.6,21,0.152,0.224,0.254,0.035,25,1
SHOP120,2025-02,211798,169735,42063,19.9,21,0.1,0.264,0.264,0.076,26,1
SHOP120,2025-03,212208,176328,35880,16.9,24,0.126,0.067,0.32,0.061,27,1
SHOP120,2025-04,206829,160726,46103,22.3,18,0.109,0.257,0.195,0.121,28,1
SHOP120,2025-05,214689,186392,28297,13.2,9,0.099,0.245,0.173,0.119,29,1
SHOP120,2025-06,199420,163277,36143,18.1,14,0.124,0.233,0.237,0.027,30,1
SHOP120,2025-07,163431,139598,23833,14.6,27,0.131,0.192,0.224,0.048,31,1
SHOP120,2025-08,250521,216069,34452,13.8,13,0.226,0.228,0.184,0.125,32,0
SHOP120,2025-09,220748,189340,31408,14.2,12,0.11,0.228,0.22,0.05,33,1
SHOP120,2025-10,238723,200971,37752,15.8,20,0.121,0.189,0.179,0.091,34,1
SHOP120,2025-11,182275,162574,19701,10.8,13,0.135,0.13,0.128,0.059,35,1
SHOP120,2025-12,207843,179722,28121,13.5,18,0.09,0.237,0.243,0.13,36,0
SHOP121,2023-01,492421,399937,92484,18.8,43,0.065,0.334,0.249,0.096,1,0
SHOP121,2023-02,548439,460613,87826,16.0,41,0.075,0.309,0.109,0.003,2,1
SHOP121,2023-03,405925,312767,93158,22.9,42,0.0,0.369,0.118,0.036,3,1
SHOP121,2023-04,520971,415305,105666,20.3,34,0.093,0.291,0.117,0.059,4,1
SHOP121,2023-05,644993,543478,101515,15.7,38,0.118,0.364,0.139,0.041,5,1
SHOP121,2023-06,678267,521772,156495,23.1,47,0.014,0.303,0.127,0.114,6,1
SHOP121,2023-07,620292,491402,128890,20.8,45,0.06,0.384,0.113,0.037,7,1
SHOP121,2023-08,611022,499143,111879,18.3,37,0.0,0.299,0.219,0.004,8,1
SHOP121,2023-09,578420,477797,100623,17.4,32,0.18,0.308,0.043,0.071,9,1
SHOP121,2023-10,761362,647430,113932,15.0,38,0.138,0.311,0.158,0.013,10,1
SHOP121,2023-11,669148,559619,109529,16.4,33,0.12,0.366,0.032,0.07,11,1
SHOP121,2023-12,648153,552371,95782,14.8,40,0.091,0.398,0.118,0.077,12,1
SHOP121,2024-01,589699,470207,119492,20.3,38,0.058,0.343,0.02,0.039,13,1
SHOP121,2024-02,492144,393229,98915,20.1,39,0.054,0.39,0.162,0.025,14,1
SHOP121,2024-03,566351,432579,133772,23.6,42,0.021,0.309,0.083,0.06,15,1
SHOP121,2024-04,623869,505370,118499,19.0,40,0.076,0.32,0.098,0.051,16,1
SHOP121,2024-05,410136,362613,47523,11.6,29,0.1,0.342,0.166,0.056,17,1
SHOP121,2024-06,533804,434851,98953,18.5,41,0.157,0.343,0.189,0.085,18,1
SHOP121,2024-07,493971,384560,109411,22.1,42,0.088,0.322,0.129,0.0,19,1
SHOP121,2024-08,568622,474379,94243,16.6,31,0.076,0.35,0.218,0.046,20,1
SHOP121,2024-09,386964,322124,64840,16.8,33,0.0,0.265,0.121,0.026,21,1
SHOP121,2024-10,607708,491026,116682,19.2,32,0.073,0.307,0.199,0.029,22,1
SHOP121,2024-11,406886,308280,98606,24.2,51,0.023,0.373,0.106,0.0,23,1
SHOP121,2024-12,573269,484917,88352,15.4,44,0.095,0.352,0.156,0.039,24,1
SHOP121,2025-01,576794,484149,92645,16.1,40,0.125,0.293,0.282,0.026,25,1
SHOP121,2025-02,699961,529030,170931,24.4,47,0.06,0.364,0.071,0.03,26,1
SHOP121,2025-03,548866,453977,94889,17.3,28,0.121,0.349,0.168,0.052,27,1
SHOP121,2025-04,447668,371384,76284,17.0,47,0.078,0.376,0.122,0.084,28,1
SHOP121,2025-05,376906,299961,76945,20.4,41,0.102,0.327,0.116,0.028,29,1
SHOP121,2025-06,308145,234926,73219,23.8,34,0.119,0.367,0.091,0.034,30,1
SHOP121,2025-07,215840,175209,40631,18.8,32,0.041,0.315,0.154,0.069,31,1
SHOP121,2025-08,705422,573315,132107,18.7,36,0.028,0.296,0.133,0.035,32,1
SHOP121,2025-09,415008,307206,107802,26.0,48,0.179,0.325,0.089,0.097,33,1
SHOP121,2025-10,526519,414015,112504,21.4,56,0.062,0.344,0.178,0.061,34,1
SHOP121,2025-11,710971,549550,161421,22.7,32,0.081,0.326,0.045,0.058,35,1
SHOP121,2025-12,509599,432447,77152,15.1,43,0.049,0.372,0.115,0.045,36,1
SHOP122,2023-01,251531,240376,11155,4.4,18,0.139,0.18,0.332,0.094,1,0
SHOP122,2023-02,294024,249242,44782,15.2,23,0.225,0.22,0.219,0.054,2,0
SHOP122,2023-03,352435,317785,34650,9.8,31,0.105,0.183,0.257,0.166,3,0
SHOP122,2023-04,250421,218202,32219,12.9,31,0.094,0.17,0.17,0.066,4,0
SHOP122,2023-05,306529,270276,36253,11.8,24,0.167,0.178,0.205,0.1,5,0
SHOP122,2023-06,326551,277655,48896,15.0,23,0.148,0.242,0.175,0.113,6,0
SHOP122,2023-07,243213,216562,26651,11.0,18,0.161,0.184,0.225,0.026,7,0
SHOP122,2023-08,332578,291935,40643,12.2,36,0.152,0.232,0.165,0.07,8,0
SHOP122,2023-09,339238,291716,47522,14.0,25,0.167,0.239,0.234,0.091,9,0
SHOP122,2023-10,363022,320113,42909,11.8,22,0.11,0.205,0.234,0.057,10,0
SHOP122,2023-11,343223,289837,53386,15.6,19,0.103,0.187,0.254,0.083,11,0
SHOP122,2023-12,318236,258267,59969,18.8,22,0.135,0.245,0.141,0.128,12,0
SHOP122,2024-01,405839,338148,67691,16.7,23,0.123,0.197,0.26,0.074,13,1
SHOP122,2024-02,366912,332086,34826,9.5,24,0.195,0.054,0.259,0.095,14,0
SHOP122,2024-03,297996,256546,41450,13.9,32,0.114,0.092,0.311,0.09,15,0
SHOP122,2024-04,354798,309663,45135,12.7,13,0.182,0.161,0.156,0.057,16,0
SHOP122,2024-05,212690,193684,19006,8.9,22,0.215,0.142,0.278,0.061,17,0
SHOP122,2024-06,328694,286106,42588,13.0,24,0.029,0.203,0.311,0.124,18,1
SHOP122,2024-07,357727,309163,48564,13.6,18,0.178,0.169,0.084,0.11,19,1
SHOP122,2024-08,252005,216919,35086,13.9,21,0.188,0.17,0.218,0.18,20,0
SHOP122,2024-09,375942,313733,62209,16.5,30,0.144,0.101,0.399,0.113,21,0
SHOP122,2024-10,405089,345184,59905,14.8,24,0.179,0.22,0.169,0.081,22,0
SHOP122,2024-11,197100,167898,29202,14.8,27,0.076,0.187,0.369,0.122,23,0
SHOP122,2024-12,356664,319048,37616,10.5,23,0.169,0.157,0.224,0.076,24,0
SHOP122,2025-01,362594,310830,51764,14.3,27,0.208,0.094,0.225,0.074,25,1
SHOP122,2025-02,346387,286823,59564,17.2,24,0.139,0.176,0.368,0.071,26,0
SHOP122,2025-03,331465,305159,26306,7.9,13,0.134,0.132,0.183,0.127,27,0
SHOP122,2025-04,401895,372420,29475,7.3,23,0.192,0.314,0.271,0.067,28,1
SHOP122,2025-05,419459,352744,66715,15.9,18,0.103,0.167,0.25,0.097,29,1
SHOP122,2025-06,327560,265323,62237,19.0,20,0.11,0.226,0.21,0.061,30,1
SHOP122,2025-07,385917,320809,65108,16.9,29,0.109,0.135,0.27,0.069,31,0
SHOP122,2025-08,299756,257658,42098,14.0,32,0.196,0.328,0.251,0.102,32,0
SHOP122,2025-09,267338,228590,38748,14.5,29,0.141,0.152,0.264,0.062,33,1
SHOP122,2025-10,317565,269486,48079,15.1,21,0.12,0.225,0.226,0.078,34,1
SHOP122,2025-11,260832,236317,24515,9.4,35,0.202,0.138,0.215,0.071,35,1
SHOP122,2025-12,355038,295486,59552,16.8,19,0.175,0.029,0.269,0.089,36,0
SHOP123,2023-01,163797,141086,22711,13.9,10,0.159,0.129,0.256,0.082,1,0
SHOP123,2023-02,279253,241832,37421,13.4,22,0.253,0.247,0.079,0.113,2,0
SHOP123,2023-03,222166,195741,26425,11.9,9,0.142,0.172,0.325,0.044,3,0
SHOP123,2023-04,223531,205386,18145,8.1,20,0.174,0.192,0.23,0.127,4,0
SHOP123,2023-05,303327,254679,48648,16.0,13,0.16,0.206,0.292,0.149,5,0
SHOP123,2023-06,264434,228358,36076,13.6,22,0.141,0.158,0.299,0.081,6,0
SHOP123,2023-07,204385,164762,39623,19.4,19,0.161,0.176,0.191,0.068,7,0
SHOP123,2023-08,244347,201169,43178,17.7,14,0.213,0.21,0.327,0.065,8,0
SHOP123,2023-09,199761,163039,36722,18.4,25,0.254,0.203,0.234,0.109,9,0
SHOP123,2023-10,222909,190578,32331,14.5,15,0.091,0.237,0.206,0.118,10,0
SHOP123,2023-11,181206,150889,30317,16.7,16,0.149,0.19,0.274,0.069,11,0
SHOP123,2023-12,250181,221515,28666,11.5,18,0.084,0.282,0.234,0.072,12,0
SHOP123,2024-01,289173,259606,29567,10.2,8,0.111,0.217,0.217,0.087,13,0
SHOP123,2024-02,199516,165675,33841,17.0,16,0.097,0.098,0.223,0.124,14,0
SHOP123,2024-03,189621,165060,24561,13.0,10,0.16,0.17,0.205,0.129,15,0
SHOP123,2024-04,251310,197639,53671,21.4,20,0.203,0.143,0.303,0.16,16,0
SHOP123,2024-05,208368,180643,27725,13.3,14,0.187,0.153,0.324,0.11,17,0
SHOP123,2024-06,281490,245636,35854,12.7,10,0.257,0.132,0.241,0.043,18,0
SHOP123,2024-07,288212,244342,43870,15.2,21,0.259,0.181,0.209,0.099,19,0
SHOP123,2024-08,236883,207477,29406,12.4,23,0.205,0.073,0.334,0.122,20,0
SHOP123,2024-09,260395,229415,30980,11.9,17,0.169,0.137,0.284,0.052,21,0
SHOP123,2024-10,206156,182141,24015,11.6,10,0.097,0.18,0.221,0.118,22,0
SHOP123,2024-11,265107,235149,29958,11.3,12,0.037,0.252,0.326,0.099,23,1
SHOP123,2024-12,227315,188316,38999,17.2,19,0.169,0.181,0.161,0.114,24,1
SHOP123,2025-01,236979,209444,27535,11.6,19,0.181,0.167,0.305,0.103,25,0
SHOP123,2025-02,219962,200343,19619,8.9,29,0.147,0.126,0.164,0.061,26,0
SHOP123,2025-03,261541,222898,38643,14.8,15,0.12,0.146,0.208,0.067,27,1
SHOP123,2025-04,276371,236729,39642,14.3,13,0.066,0.164,0.22,0.107,28,0
SHOP123,2025-05,201677,171547,30130,14.9,25,0.203,0.221,0.248,0.086,29,1
SHOP123,2025-06,211840,184221,27619,13.0,20,0.181,0.112,0.379,0.067,30,0
SHOP123,2025-07,337743,293696,44047,13.0,24,0.084,0.119,0.196,0.086,31,0
SHOP123,2025-08,222528,207771,14757,6.6,13,0.196,0.23,0.148,0.056,32,0
SHOP123,2025-09,204818,174475,30343,14.8,26,0.147,0.224,0.189,0.105,33,0
SHOP123,2025-10,219474,193949,25525,11.6,15,0.164,0.157,0.228,0.089,34,1
SHOP123,2025-11,287084,251830,35254,12.3,23,0.184,0.207,0.201,0.08,35,1
SHOP123,2025-12,243710,207358,36352,14.9,35,0.094,0.193,0.244,0.073,36,0
SHOP124,2023-01,208742,172199,36543,17.5,13,0.152,0.165,0.161,0.041,1,0
SHOP124,2023-02,283518,236377,47141,16.6,18,0.126,0.171,0.153,0.103,2,0
SHOP124,2023-03,307059,250006,57053,18.6,27,0.131,0.21,0.242,0.084,3,0
SHOP124,2023-04,293765,248442,45323,15.4,24,0.141,0.162,0.317,0.04,4,0
SHOP124,2023-05,305495,270028,35467,11.6,22,0.15,0.098,0.234,0.063,5,0
SHOP124,2023-06,348861,320615,28246,8.1,31,0.207,0.131,0.117,0.044,6,0
SHOP124,2023-07,385765,324690,61075,15.8,29,0.083,0.217,0.233,0.121,7,0
SHOP124,2023-08,216805,186656,30149,13.9,16,0.139,0.182,0.17,0.128,8,0
SHOP124,2023-09,318624,267587,51037,16.0,24,0.217,0.196,0.297,0.12,9,0
SHOP124,2023-10,348893,281733,67160,19.2,19,0.117,0.176,0.221,0.073,10,0
SHOP124,2023-11,267759,246604,21155,7.9,16,0.044,0.113,0.157,0.077,11,0
SHOP124,2023-12,201497,176584,24913,12.4,30,0.197,0.295,0.272,0.052,12,0
SHOP124,2024-01,300011,253434,46577,15.5,20,0.214,0.229,0.218,0.086,13,0
SHOP124,2024-02,250016,213099,36917,14.8,20,0.156,0.174,0.197,0.052,14,1
SHOP124,2024-03,316509,268599,47910,15.1,16,0.12,0.184,0.209,0.101,15,0
SHOP124,2024-04,388370,349002,39368,10.1,22,0.071,0.212,0.349,0.062,16,0
SHOP124,2024-05,318776,274855,43921,13.8,17,0.154,0.215,0.256,0.076,17,1
SHOP124,2024-06,344798,299214,45584,13.2,24,0.069,0.251,0.208,0.102,18,1
SHOP124,2024-07,293454,256300,37154,12.7,22,0.012,0.243,0.212,0.08,19,0
SHOP124,2024-08,324541,283133,41408,12.8,17,0.16,0.193,0.238,0.052,20,1
SHOP124,2024-09,218916,194617,24299,11.1,23,0.12,0.295,0.354,0.064,21,0
SHOP124,2024-10,293673,264117,29556,10.1,16,0.079,0.159,0.302,0.123,22,0
SHOP124,2024-11,230352,200517,29835,13.0,21,0.079,0.248,0.231,0.037,23,1
SHOP124,2024-12,225954,200395,25559,11.3,18,0.141,0.266,0.297,0.12,24,0
SHOP124,2025-01,244564,200879,43685,17.9,19,0.142,0.244,0.169,0.1,25,1
SHOP124,2025-02,303638,253283,50355,16.6,28,0.105,0.207,0.217,0.138,26,1
SHOP124,2025-03,247142,204011,43131,17.5,22,0.091,0.231,0.229,0.138,27,1
SHOP124,2025-04,176749,156204,20545,11.6,17,0.078,0.223,0.232,0.046,28,1
SHOP124,2025-05,308356,267790,40566,13.2,21,0.102,0.287,0.259,0.08,29,1
SHOP124,2025-06,310538,262679,47859,15.4,28,0.259,0.185,0.197,0.083,30,1
SHOP124,2025-07,370942,316138,54804,14.8,43,0.173,0.229,0.195,0.113,31,1
SHOP124,2025-08,316631,273416,43215,13.6,23,0.089,0.238,0.253,0.095,32,1
SHOP124,2025-09,232991,197019,35972,15.4,22,0.028,0.313,0.288,0.073,33,1
SHOP124,2025-10,328872,277689,51183,15.6,18,0.189,0.312,0.24,0.123,34,1
SHOP124,2025-11,274764,225590,49174,17.9,15,0.109,0.223,0.2,0.075,35,1
SHOP124,2025-12,320717,261365,59352,18.5,14,0.102,0.155,0.303,0.059,36,1
SHOP125,2023-01,388058,323624,64434,16.6,26,0.137,0.154,0.214,0.067,1,0
SHOP125,2023-02,363977,320080,43897,12.1,29,0.078,0.205,0.27,0.057,2,0
SHOP125,2023-03,317776,261149,56627,17.8,32,0.13,0.268,0.279,0.14,3,0
SHOP125,2023-04,358868,293694,65174,18.2,20,0.189,0.23,0.214,0.057,4,0
SHOP125,2023-05,230265,196014,34251,14.9,30,0.095,0.112,0.26,0.055,5,0
SHOP125,2023-06,444862,387852,57010,12.8,21,0.119,0.272,0.165,0.12,6,0
SHOP125,2023-07,397648,326946,70702,17.8,26,0.036,0.204,0.177,0.082,7,0
SHOP125,2023-08,325795,276164,49631,15.2,23,0.179,0.254,0.216,0.077,8,0
SHOP125,2023-09,350333,311410,38923,11.1,27,0.146,0.175,0.155,0.067,9,0
SHOP125,2023-10,368601,303681,64920,17.6,22,0.123,0.193,0.24,0.084,10,0
SHOP125,2023-11,273509,251840,21669,7.9,23,0.168,0.17,0.267,0.14,11,0
SHOP125,2023-12,302862,264047,38815,12.8,32,0.162,0.259,0.222,0.102,12,0
SHOP125,2024-01,439368,372101,67267,15.3,21,0.122,0.279,0.243,0.121,13,0
SHOP125,2024-02,303874,254147,49727,16.4,28,0.203,0.245,0.153,0.135,14,0
SHOP125,2024-03,385615,338898,46717,12.1,25,0.111,0.281,0.199,0.029,15,0
SHOP125,2024-04,290958,254494,36464,12.5,37,0.115,0.184,0.174,0.086,16,1
SHOP125,2024-05,230887,185827,45060,19.5,14,0.076,0.223,0.339,0.028,17,1
SHOP125,2024-06,415758,358834,56924,13.7,30,0.146,0.13,0.212,0.106,18,1
SHOP125,2024-07,443781,390712,53069,12.0,12,0.088,0.229,0.152,0.074,19,1
SHOP125,2024-08,194032,165546,28486,14.7,23,0.066,0.226,0.105,0.023,20,1
SHOP125,2024-09,425911,366208,59703,14.0,33,0.1,0.277,0.15,0.091,21,1
SHOP125,2024-10,344887,303311,41576,12.1,32,0.142,0.132,0.086,0.129,22,1
SHOP125,2024-11,252225,217075,35150,13.9,19,0.092,0.117,0.17,0.095,23,1
SHOP125,2024-12,200020,166492,33528,16.8,14,0.105,0.232,0.213,0.112,24,1
SHOP125,2025-01,310514,262091,48423,15.6,31,0.111,0.29,0.226,0.075,25,1
SHOP125,2025-02,186337,147901,38436,20.6,24,0.123,0.204,0.234,0.104,26,1
SHOP125,2025-03,252914,220462,32452,12.8,20,0.048,0.245,0.236,0.114,27,1
SHOP125,2025-04,296394,251580,44814,15.1,23,0.146,0.191,0.226,0.1,28,1
SHOP125,2025-05,331622,277238,54384,16.4,23,0.194,0.175,0.258,0.057,29,1
SHOP125,2025-06,290288,230099,60189,20.7,28,0.102,0.225,0.253,0.082,30,1
SHOP125,2025-07,404756,333951,70805,17.5,18,0.134,0.228,0.16,0.106,31,1
SHOP125,2025-08,311519,276488,35031,11.2,27,0.129,0.192,0.18,0.091,32,1
SHOP125,2025-09,369193,324430,44763,12.1,26,0.123,0.314,0.279,0.12,33,0
SHOP125,2025-10,313446,267265,46181,14.7,27,0.087,0.173,0.229,0.053,34,1
SHOP125,2025-11,332146,286229,45917,13.8,13,0.087,0.2,0.258,0.052,35,1
SHOP125,2025-12,237459,197630,39829,16.8,20,0.14,0.223,0.319,0.101,36,1
SHOP126,2023-01,472717,421428,51289,10.8,44,0.183,0.279,0.288,0.087,1,0
SHOP126,2023-02,508886,448438,60448,11.9,50,0.22,0.143,0.307,0.048,2,0
SHOP126,2023-03,312138,259159,52979,17.0,39,0.132,0.267,0.164,0.082,3,0
SHOP126,2023-04,564736,477603,87133,15.4,49,0.145,0.262,0.312,0.083,4,0
SHOP126,2023-05,424930,359094,65836,15.5,43,0.095,0.178,0.239,0.126,5,0
SHOP126,2023-06,554175,479830,74345,13.4,40,0.114,0.189,0.301,0.142,6,0
SHOP126,2023-07,477906,414489,63417,13.3,35,0.097,0.273,0.097,0.087,7,0
SHOP126,2023-08,529293,462721,66572,12.6,50,0.089,0.104,0.152,0.102,8,0
SHOP126,2023-09,424080,362108,61972,14.6,47,0.143,0.232,0.187,0.101,9,0
SHOP126,2023-10,503719,442495,61224,12.2,34,0.09,0.107,0.273,0.047,10,0
SHOP126,2023-11,565010,480638,84372,14.9,40,0.17,0.221,0.257,0.095,11,0
SHOP126,2023-12,592697,518053,74644,12.6,40,0.155,0.282,0.231,0.066,12,1
SHOP126,2024-01,480136,405227,74909,15.6,47,0.182,0.221,0.216,0.084,13,0
SHOP126,2024-02,511622,424026,87596,17.1,38,0.092,0.307,0.318,0.085,14,0
SHOP126,2024-03,604308,553807,50501,8.4,39,0.131,0.139,0.178,0.09,15,0
SHOP126,2024-04,466416,375340,91076,19.5,36,0.163,0.18,0.278,0.133,16,0
SHOP126,2024-05,609576,518600,90976,14.9,36,0.04,0.157,0.176,0.073,17,0
SHOP126,2024-06,569080,459170,109910,19.3,57,0.145,0.195,0.227,0.106,18,0
SHOP126,2024-07,400404,335829,64575,16.1,43,0.117,0.148,0.355,0.058,19,0
SHOP126,2024-08,486787,409271,77516,15.9,30,0.087,0.232,0.227,0.032,20,1
SHOP126,2024-09,516369,450982,65387,12.7,56,0.124,0.13,0.168,0.055,21,1
SHOP126,2024-10,410029,343273,66756,16.3,41,0.166,0.132,0.261,0.078,22,1
SHOP126,2024-11,482002,425057,56945,11.8,43,0.089,0.257,0.228,0.097,23,1
SHOP126,2024-12,478460,408952,69508,14.5,47,0.157,0.152,0.108,0.149,24,1
SHOP126,2025-01,369661,330176,39485,10.7,36,0.105,0.206,0.311,0.098,25,0
SHOP126,2025-02,412308,364279,48029,11.6,52,0.191,0.09,0.271,0.064,26,0
SHOP126,2025-03,651317,552111,99206,15.2,46,0.127,0.154,0.248,0.031,27,0
SHOP126,2025-04,409085,354472,54613,13.3,42,0.147,0.22,0.147,0.033,28,1
SHOP126,2025-05,364675,309109,55566,15.2,53,0.161,0.309,0.208,0.066,29,1
SHOP126,2025-06,457607,381156,76451,16.7,45,0.205,0.273,0.181,0.112,30,1
SHOP126,2025-07,588153,503128,85025,14.5,29,0.217,0.249,0.215,0.089,31,1
SHOP126,2025-08,461130,400384,60746,13.2,36,0.133,0.164,0.218,0.081,32,0
SHOP126,2025-09,472800,405648,67152,14.2,26,0.137,0.17,0.297,0.102,33,0
SHOP126,2025-10,442949,378099,64850,14.6,45,0.0,0.195,0.286,0.083,34,0
SHOP126,2025-11,789130,673329,115801,14.7,40,0.139,0.173,0.219,0.086,35,1
SHOP126,2025-12,676956,586562,90394,13.4,52,0.138,0.175,0.263,0.032,36,1
SHOP127,2023-01,630583,543342,87241,13.8,46,0.119,0.18,0.366,0.076,1,0
SHOP127,2023-02,937302,811795,125507,13.4,61,0.205,0.217,0.242,0.051,2,0
SHOP127,2023-03,800794,655817,144977,18.1,59,0.16,0.116,0.234,0.063,3,0
SHOP127,2023-04,483852,392061,91791,19.0,52,0.153,0.257,0.275,0.101,4,0
SHOP127,2023-05,673224,595388,77836,11.6,56,0.216,0.239,0.116,0.033,5,0
SHOP127,2023-06,693695,612372,81323,11.7,54,0.124,0.319,0.246,0.083,6,0
SHOP127,2023-07,848451,681522,166929,19.7,56,0.129,0.233,0.202,0.122,7,0
SHOP127,2023-08,533954,462021,71933,13.5,53,0.112,0.173,0.211,0.103,8,0
SHOP127,2023-09,697371,594580,102791,14.7,52,0.141,0.217,0.148,0.113,9,0
SHOP127,2023-10,1083341,903570,179771,16.6,50,0.181,0.213,0.247,0.129,10,0
SHOP127,2023-11,789947,658529,131418,16.6,49,0.084,0.184,0.125,0.062,11,1
SHOP127,2023-12,615654,480755,134899,21.9,58,0.053,0.145,0.155,0.09,12,1
SHOP127,2024-01,855293,734610,120683,14.1,57,0.154,0.233,0.246,0.043,13,0
SHOP127,2024-02,672129,570353,101776,15.1,51,0.09,0.228,0.311,0.07,14,0
SHOP127,2024-03,485314,397303,88011,18.1,60,0.217,0.246,0.198,0.058,15,1
SHOP127,2024-04,826828,703207,123621,15.0,44,0.079,0.241,0.251,0.085,16,0
SHOP127,2024-05,682222,605331,76891,11.3,61,0.174,0.234,0.243,0.083,17,1
SHOP127,2024-06,589921,495302,94619,16.0,56,0.07,0.285,0.188,0.072,18,1
SHOP127,2024-07,830994,689539,141455,17.0,57,0.091,0.236,0.234,0.122,19,1
SHOP127,2024-08,770557,601912,168645,21.9,38,0.174,0.278,0.22,0.101,20,1
SHOP127,2024-09,606552,510008,96544,15.9,50,0.135,0.242,0.231,0.124,21,1
SHOP127,2024-10,751162,656694,94468,12.6,51,0.227,0.237,0.157,0.026,22,0
SHOP127,2024-11,551682,483534,68148,12.4,50,0.207,0.269,0.17,0.115,23,1
SHOP127,2024-12,523113,460482,62631,12.0,57,0.226,0.213,0.279,0.073,24,1
SHOP127,2025-01,697370,589135,108235,15.5,46,0.123,0.272,0.264,0.053,25,1
SHOP127,2025-02,563908,491333,72575,12.9,58,0.167,0.156,0.171,0.098,26,0
SHOP127,2025-03,792753,645733,147020,18.5,67,0.238,0.172,0.214,0.092,27,1
SHOP127,2025-04,742598,584593,158005,21.3,37,0.136,0.233,0.165,0.063,28,1
SHOP127,2025-05,818768,678041,140727,17.2,65,0.139,0.212,0.207,0.084,29,1
SHOP127,2025-06,637171,534417,102754,16.1,56,0.1,0.278,0.338,0.056,30,1
SHOP127,2025-07,817376,699970,117406,14.4,44,0.066,0.211,0.161,0.056,31,1
SHOP127,2025-08,528411,480875,47536,9.0,50,0.106,0.158,0.165,0.1,32,1
SHOP127,2025-09,719864,627814,92050,12.8,60,0.115,0.117,0.148,0.116,33,1
SHOP127,2025-10,786498,641398,145100,18.4,66,0.151,0.14,0.146,0.031,34,1
SHOP127,2025-11,557849,489345,68504,12.3,59,0.21,0.218,0.32,0.038,35,0
SHOP127,2025-12,703963,562550,141413,20.1,60,0.163,0.263,0.248,0.105,36,1
SHOP128,2023-01,806786,664909,141877,17.6,59,0.123,0.252,0.152,0.073,1,0
SHOP128,2023-02,733540,582505,151035,20.6,42,0.054,0.244,0.243,0.071,2,0
SHOP128,2023-03,475103,405053,70050,14.7,49,0.116,0.253,0.222,0.073,3,0
SHOP128,2023-04,487850,406147,81703,16.7,36,0.064,0.178,0.36,0.061,4,0
SHOP128,2023-05,568769,507334,61435,10.8,44,0.091,0.298,0.175,0.097,5,0
SHOP128,2023-06,451552,390337,61215,13.6,48,0.206,0.177,0.268,0.101,6,0
SHOP128,2023-07,521581,417310,104271,20.0,37,0.064,0.201,0.207,0.06,7,1
SHOP128,2023-08,664626,554469,110157,16.6,49,0.136,0.266,0.213,0.095,8,0
SHOP128,2023-09,727237,628606,98631,13.6,41,0.141,0.253,0.168,0.028,9,0
SHOP128,2023-10,600975,503706,97269,16.2,43,0.132,0.275,0.134,0.053,10,0
SHOP128,2023-11,708227,622588,85639,12.1,52,0.139,0.295,0.144,0.126,11,0
SHOP128,2023-12,425846,335706,90140,21.2,35,0.092,0.199,0.228,0.04,12,1
SHOP128,2024-01,656651,555380,101271,15.4,35,0.112,0.201,0.03,0.061,13,1
SHOP128,2024-02,499232,431230,68002,13.6,40,0.112,0.287,0.218,0.06,14,0
SHOP128,2024-03,599435,510980,88455,14.8,39,0.023,0.194,0.126,0.182,15,0
SHOP128,2024-04,572168,494164,78004,13.6,42,0.066,0.248,0.077,0.121,16,1
SHOP128,2024-05,629528,548339,81189,12.9,36,0.157,0.246,0.225,0.03,17,1
SHOP128,2024-06,451261,388025,63236,14.0,47,0.104,0.233,0.187,0.113,18,1
SHOP128,2024-07,410102,329076,81026,19.8,42,0.134,0.266,0.23,0.032,19,1
SHOP128,2024-08,706568,578250,128318,18.2,60,0.116,0.32,0.226,0.007,20,1
SHOP128,2024-09,726755,593627,133128,18.3,41,0.137,0.206,0.212,0.084,21,1
SHOP128,2024-10,869250,719811,149439,17.2,52,0.071,0.182,0.209,0.06,22,1
SHOP128,2024-11,637562,543374,94188,14.8,48,0.146,0.185,0.328,0.112,23,1
SHOP128,2024-12,573420,474531,98889,17.2,41,0.08,0.108,0.217,0.07,24,1
SHOP128,2025-01,495410,403124,92286,18.6,43,0.045,0.285,0.225,0.108,25,1
SHOP128,2025-02,661290,546061,115229,17.4,35,0.106,0.25,0.22,0.069,26,1
SHOP128,2025-03,554769,454131,100638,18.1,47,0.098,0.228,0.209,0.099,27,1
SHOP128,2025-04,687433,565213,122220,17.8,37,0.197,0.238,0.139,0.076,28,1
SHOP128,2025-05,643923,568021,75902,11.8,37,0.23,0.229,0.14,0.084,29,1
SHOP128,2025-06,637209,501918,135291,21.2,42,0.15,0.356,0.229,0.03,30,1
SHOP128,2025-07,510122,404235,105887,20.8,45,0.199,0.22,0.135,0.096,31,1
SHOP128,2025-08,531601,439263,92338,17.4,45,0.184,0.182,0.271,0.103,32,1
SHOP128,2025-09,522115,418705,103410,19.8,48,0.108,0.269,0.119,0.081,33,1
SHOP128,2025-10,541959,469006,72953,13.5,50,0.105,0.25,0.216,0.072,34,1
SHOP128,2025-11,765449,660045,105404,13.8,47,0.161,0.256,0.237,0.052,35,1
SHOP128,2025-12,638903,553604,85299,13.4,44,0.142,0.261,0.123,0.071,36,1
SHOP129,2023-01,859135,754762,104373,12.1,60,0.048,0.161,0.226,0.08,1,0
SHOP129,2023-02,465665,392864,72801,15.6,47,0.147,0.345,0.158,0.104,2,0
SHOP129,2023-03,722568,639116,83452,11.5,50,0.119,0.195,0.237,0.111,3,0
SHOP129,2023-04,731597,612792,118805,16.2,50,0.183,0.193,0.236,0.101,4,0
SHOP129,2023-05,585445,505345,80100,13.7,57,0.104,0.299,0.189,0.102,5,0
SHOP129,2023-06,496558,438894,57664,11.6,60,0.089,0.289,0.178,0.069,6,0
SHOP129,2023-07,649052,572869,76183,11.7,62,0.051,0.201,0.223,0.103,7,0
SHOP129,2023-08,931895,764107,167788,18.0,45,0.097,0.238,0.256,0.085,8,0
SHOP129,2023-09,781353,677172,104181,13.3,43,0.096,0.205,0.13,0.124,9,0
SHOP129,2023-10,524664,450197,74467,14.2,54,0.1,0.178,0.381,0.067,10,0
SHOP129,2023-11,610960,538340,72620,11.9,45,0.104,0.163,0.248,0.066,11,0
SHOP129,2023-12,483747,394550,89197,18.4,53,0.092,0.26,0.185,0.133,12,0
SHOP129,2024-01,689228,609428,79800,11.6,54,0.197,0.254,0.143,0.123,13,0
SHOP129,2024-02,852928,723712,129216,15.1,48,0.075,0.254,0.147,0.117,14,0
SHOP129,2024-03,783861,677616,106245,13.6,49,0.114,0.267,0.248,0.07,15,0
SHOP129,2024-04,748562,631337,117225,15.7,66,0.101,0.169,0.226,0.122,16,0
SHOP129,2024-05,772922,700945,71977,9.3,53,0.065,0.204,0.237,0.133,17,0
SHOP129,2024-06,539711,445158,94553,17.5,49,0.097,0.214,0.21,0.153,18,1
SHOP129,2024-07,806754,639103,167651,20.8,60,0.069,0.225,0.088,0.126,19,1
SHOP129,2024-08,762425,665560,96865,12.7,63,0.032,0.216,0.22,0.092,20,1
SHOP129,2024-09,396475,342706,53769,13.6,49,0.092,0.182,0.338,0.073,21,0
SHOP129,2024-10,636043,540654,95389,15.0,53,0.095,0.159,0.105,0.093,22,1
SHOP129,2024-11,836705,709425,127280,15.2,59,0.176,0.18,0.152,0.129,23,1
SHOP129,2024-12,657962,601574,56388,8.6,48,0.173,0.196,0.101,0.102,24,1
SHOP129,2025-01,665913,544329,121584,18.3,49,0.06,0.208,0.265,0.067,25,1
SHOP129,2025-02,526639,435265,91374,17.4,50,0.104,0.271,0.271,0.12,26,1
SHOP129,2025-03,540523,442933,97590,18.1,60,0.074,0.215,0.146,0.094,27,1
SHOP129,2025-04,809084,699433,109651,13.6,58,0.18,0.19,0.281,0.067,28,0
SHOP129,2025-05,468107,384926,83181,17.8,49,0.106,0.232,0.169,0.139,29,1
SHOP129,2025-06,804702,702178,102524,12.7,50,0.093,0.334,0.208,0.113,30,1
SHOP129,2025-07,504159,428924,75235,14.9,41,0.098,0.292,0.329,0.093,31,1
SHOP129,2025-08,671367,581960,89407,13.3,56,0.129,0.262,0.222,0.115,32,1
SHOP129,2025-09,567053,492475,74578,13.2,52,0.109,0.216,0.237,0.029,33,1
SHOP129,2025-10,720553,632245,88308,12.3,60,0.179,0.208,0.237,0.089,34,1
SHOP129,2025-11,660903,560922,99981,15.1,52,0.094,0.232,0.275,0.08,35,1
SHOP129,2025-12,583370,505476,77894,13.4,42,0.147,0.228,0.279,0.111,36,1
SHOP130,2023-01,367144,314673,52471,14.3,25,0.113,0.177,0.267,0.073,1,0
SHOP130,2023-02,310438,261158,49280,15.9,20,0.003,0.256,0.156,0.082,2,0
SHOP130,2023-03,294963,233713,61250,20.8,12,0.068,0.208,0.146,0.077,3,0
SHOP130,2023-04,281660,232118,49542,17.6,19,0.079,0.185,0.26,0.078,4,0
SHOP130,2023-05,298544,251916,46628,15.6,19,0.113,0.223,0.205,0.048,5,0
SHOP130,2023-06,282024,245438,36586,13.0,29,0.05,0.242,0.213,0.084,6,0
SHOP130,2023-07,205750,162881,42869,20.8,27,0.128,0.178,0.235,0.052,7,0
SHOP130,2023-08,258062,212522,45540,17.6,19,0.155,0.224,0.168,0.08,8,0
SHOP130,2023-09,325503,276114,49389,15.2,26,0.099,0.2,0.224,0.065,9,0
SHOP130,2023-10,306548,257007,49541,16.2,20,0.0,0.287,0.286,0.134,10,0
SHOP130,2023-11,273029,238791,34238,12.5,9,0.103,0.172,0.2,0.033,11,0
SHOP130,2023-12,259390,221294,38096,14.7,23,0.098,0.264,0.07,0.119,12,0
SHOP130,2024-01,218484,189238,29246,13.4,18,0.044,0.107,0.25,0.058,13,0
SHOP130,2024-02,272202,222249,49953,18.4,28,0.156,0.285,0.162,0.128,14,0
SHOP130,2024-03,280690,264349,16341,5.8,22,0.174,0.176,0.196,0.114,15,0
SHOP130,2024-04,334228,292770,41458,12.4,32,0.057,0.23,0.128,0.073,16,0
SHOP130,2024-05,280137,238529,41608,14.9,19,0.122,0.223,0.215,0.045,17,0
SHOP130,2024-06,283434,228658,54776,19.3,25,0.079,0.279,0.215,0.087,18,1
SHOP130,2024-07,320124,265753,54371,17.0,27,0.043,0.25,0.138,0.053,19,1
SHOP130,2024-08,308313,262218,46095,15.0,20,0.12,0.302,0.186,0.086,20,1
SHOP130,2024-09,268997,233688,35309,13.1,29,0.0,0.178,0.135,0.031,21,1
SHOP130,2024-10,254119,210493,43626,17.2,24,0.155,0.305,0.185,0.099,22,1
SHOP130,2024-11,224494,183923,40571,18.1,22,0.107,0.106,0.3,0.126,23,1
SHOP130,2024-12,249495,204205,45290,18.2,26,0.163,0.219,0.056,0.039,24,1
SHOP130,2025-01,340624,277204,63420,18.6,21,0.142,0.207,0.262,0.057,25,1
SHOP130,2025-02,264638,218391,46247,17.5,17,0.017,0.248,0.186,0.078,26,1
SHOP130,2025-03,399474,325216,74258,18.6,23,0.144,0.322,0.135,0.111,27,1
SHOP130,2025-04,295384,244609,50775,17.2,19,0.159,0.273,0.257,0.054,28,1
SHOP130,2025-05,311638,274259,37379,12.0,23,0.1,0.288,0.183,0.088,29,1
SHOP130,2025-06,234114,202635,31479,13.4,28,0.122,0.23,0.157,0.107,30,1
SHOP130,2025-07,278605,247803,30802,11.1,16,0.109,0.281,0.161,0.017,31,1
SHOP130,2025-08,306897,250164,56733,18.5,29,0.156,0.274,0.24,0.087,32,1
SHOP130,2025-09,339335,279034,60301,17.8,13,0.084,0.154,0.235,0.071,33,1
SHOP130,2025-10,258984,214530,44454,17.2,26,0.101,0.146,0.243,0.012,34,1
SHOP130,2025-11,281083,225855,55228,19.6,18,0.131,0.234,0.161,0.08,35,1
SHOP130,2025-12,291457,219781,71676,24.6,19,0.075,0.162,0.27,0.078,36,1
SHOP131,2023-01,339514,287366,52148,15.4,31,0.09,0.242,0.153,0.06,1,0
SHOP131,2023-02,332519,283202,49317,14.8,32,0.141,0.217,0.148,0.093,2,0
SHOP131,2023-03,398293,347772,50521,12.7,27,0.133,0.258,0.096,0.09,3,1
SHOP131,2023-04,365712,325297,40415,11.1,22,0.207,0.236,0.151,0.03,4,0
SHOP131,2023-05,443642,384902,58740,13.2,26,0.039,0.19,0.142,0.07,5,0
SHOP131,2023-06,514424,428279,86145,16.7,31,0.108,0.307,0.115,0.076,6,0
SHOP131,2023-07,362189,299044,63145,17.4,35,0.137,0.235,0.111,0.093,7,0
SHOP131,2023-08,332348,298530,33818,10.2,28,0.023,0.208,0.266,0.067,8,0
SHOP131,2023-09,293013,241462,51551,17.6,27,0.14,0.177,0.283,0.072,9,0
SHOP131,2023-10,412544,344893,67651,16.4,29,0.19,0.229,0.212,0.035,10,0
SHOP131,2023-11,415986,346696,69290,16.7,27,0.121,0.25,0.078,0.051,11,0
SHOP131,2023-12,277998,222649,55349,19.9,26,0.171,0.261,0.14,0.113,12,1
SHOP131,2024-01,381902,315663,66239,17.3,31,0.119,0.27,0.226,0.1,13,0
SHOP131,2024-02,300514,247906,52608,17.5,28,0.079,0.214,0.232,0.039,14,0
SHOP131,2024-03,387855,342794,45061,11.6,22,0.14,0.131,0.254,0.101,15,0
SHOP131,2024-04,309047,267288,41759,13.5,22,0.117,0.275,0.062,0.051,16,1
SHOP131,2024-05,321267,257151,64116,20.0,30,0.093,0.185,0.206,0.115,17,0
SHOP131,2024-06,276252,237166,39086,14.1,27,0.133,0.287,0.225,0.069,18,0
SHOP131,2024-07,478054,406279,71775,15.0,25,0.0,0.256,0.278,0.11,19,1
SHOP131,2024-08,384362,313641,70721,18.4,29,0.114,0.302,0.16,0.082,20,1
SHOP131,2024-09,306898,258545,48353,15.8,33,0.133,0.291,0.258,0.054,21,1
SHOP131,2024-10,365866,308059,57807,15.8,26,0.05,0.232,0.154,0.108,22,1
SHOP131,2024-11,316861,263071,53790,17.0,30,0.261,0.207,0.146,0.113,23,0
SHOP131,2024-12,411337,360729,50608,12.3,34,0.186,0.23,0.094,0.084,24,1
SHOP131,2025-01,376374,301471,74903,19.9,33,0.072,0.206,0.178,0.084,25,1
SHOP131,2025-02,407280,323738,83542,20.5,29,0.179,0.212,0.241,0.02,26,1
SHOP131,2025-03,385658,334365,51293,13.3,32,0.068,0.211,0.203,0.126,27,1
SHOP131,2025-04,355313,316743,38570,10.9,24,0.117,0.21,0.249,0.069,28,1
SHOP131,2025-05,361347,315253,46094,12.8,33,0.197,0.227,0.132,0.095,29,1
SHOP131,2025-06,410972,353657,57315,13.9,38,0.156,0.359,0.195,0.07,30,0
SHOP131,2025-07,361493,287208,74285,20.5,25,0.079,0.243,0.284,0.102,31,1
SHOP131,2025-08,441589,373439,68150,15.4,32,0.0,0.238,0.26,0.095,32,1
SHOP131,2025-09,399597,348142,51455,12.9,18,0.167,0.329,0.157,0.004,33,1
SHOP131,2025-10,389619,329612,60007,15.4,31,0.07,0.313,0.211,0.096,34,1
SHOP131,2025-11,346122,294401,51721,14.9,35,0.225,0.207,0.257,0.111,35,1
SHOP131,2025-12,323291,275029,48262,14.9,30,0.064,0.297,0.157,0.094,36,1
SHOP132,2023-01,578876,474490,104386,18.0,59,0.089,0.281,0.115,0.102,1,1
SHOP132,2023-02,710249,616785,93464,13.2,50,0.12,0.313,0.17,0.043,2,0
SHOP132,2023-03,613663,508134,105529,17.2,42,0.079,0.355,0.154,0.033,3,1
SHOP132,2023-04,732107,569469,162638,22.2,46,0.093,0.274,0.078,0.061,4,1
SHOP132,2023-05,589807,465668,124139,21.0,48,0.036,0.208,0.171,0.058,5,0
SHOP132,2023-06,668495,562291,106204,15.9,45,0.145,0.246,0.132,0.078,6,0
SHOP132,2023-07,811606,672390,139216,17.2,47,0.005,0.291,0.071,0.081,7,1
SHOP132,2023-08,682196,554418,127778,18.7,47,0.091,0.293,0.227,0.104,8,1
SHOP132,2023-09,803760,702821,100939,12.6,45,0.071,0.323,0.063,0.081,9,0
SHOP132,2023-10,531616,440013,91603,17.2,46,0.056,0.321,0.047,0.065,10,1
SHOP132,2023-11,680882,538277,142605,20.9,49,0.127,0.182,0.27,0.096,11,1
SHOP132,2023-12,564675,457515,107160,19.0,49,0.137,0.29,0.09,0.018,12,1
SHOP132,2024-01,729373,623730,105643,14.5,54,0.118,0.397,0.201,0.021,13,1
SHOP132,2024-02,640462,509726,130736,20.4,45,0.144,0.374,0.132,0.115,14,1
SHOP132,2024-03,774289,642658,131631,17.0,39,0.077,0.321,0.166,0.065,15,1
SHOP132,2024-04,643705,514450,129255,20.1,50,0.076,0.318,0.127,0.055,16,1
SHOP132,2024-05,620728,501122,119606,19.3,44,0.074,0.333,0.071,0.073,17,1
SHOP132,2024-06,712106,562119,149987,21.1,63,0.06,0.286,0.164,0.064,18,1
SHOP132,2024-07,704739,554588,150151,21.3,54,0.044,0.239,0.156,0.052,19,1
SHOP132,2024-08,643265,531059,112206,17.4,49,0.008,0.241,0.078,0.01,20,1
SHOP132,2024-09,622615,529251,93364,15.0,57,0.006,0.337,0.154,0.017,21,1
SHOP132,2024-10,452751,381497,71254,15.7,55,0.061,0.286,0.066,0.073,22,1
SHOP132,2024-11,574129,476373,97756,17.0,52,0.188,0.315,0.17,0.02,23,1
SHOP132,2024-12,518146,433275,84871,16.4,60,0.086,0.306,0.174,0.037,24,1
SHOP132,2025-01,545521,473205,72316,13.3,47,0.162,0.296,0.163,0.005,25,1
SHOP132,2025-02,574439,459137,115302,20.1,60,0.058,0.304,0.232,0.051,26,1
SHOP132,2025-03,532332,465399,66933,12.6,59,0.047,0.363,0.19,0.074,27,1
SHOP132,2025-04,523497,425915,97582,18.6,55,0.073,0.331,0.158,0.06,28,1
SHOP132,2025-05,741024,606167,134857,18.2,45,0.036,0.261,0.184,0.055,29,1
SHOP132,2025-06,716519,568932,147587,20.6,50,0.109,0.395,0.04,0.059,30,1
SHOP132,2025-07,585330,504605,80725,13.8,54,0.118,0.268,0.064,0.074,31,1
SHOP132,2025-08,698258,575827,122431,17.5,47,0.051,0.121,0.14,0.035,32,1
SHOP132,2025-09,592997,471637,121360,20.5,59,0.044,0.337,0.079,0.018,33,1
SHOP132,2025-10,705232,569918,135314,19.2,54,0.05,0.255,0.097,0.081,34,1
SHOP132,2025-11,625481,537856,87625,14.0,51,0.148,0.309,0.128,0.087,35,1
SHOP132,2025-12,820226,684581,135645,16.5,50,0.052,0.319,0.154,0.0,36,1
SHOP133,2023-01,696130,614725,81405,11.7,47,0.09,0.211,0.235,0.117,1,0
SHOP133,2023-02,810833,712162,98671,12.2,44,0.137,0.229,0.222,0.098,2,0
SHOP133,2023-03,838952,729953,108999,13.0,44,0.09,0.194,0.242,0.034,3,0
SHOP133,2023-04,673631,542229,131402,19.5,52,0.161,0.206,0.227,0.111,4,0
SHOP133,2023-05,587375,494584,92791,15.8,55,0.139,0.283,0.313,0.119,5,0
SHOP133,2023-06,360097,326043,34054,9.5,42,0.152,0.231,0.28,0.087,6,0
SHOP133,2023-07,659569,574995,84574,12.8,48,0.068,0.258,0.261,0.112,7,0
SHOP133,2023-08,533913,451878,82035,15.4,51,0.089,0.209,0.231,0.105,8,0
SHOP133,2023-09,558526,475614,82912,14.8,56,0.151,0.097,0.267,0.096,9,0
SHOP133,2023-10,671094,561492,109602,16.3,42,0.094,0.223,0.128,0.098,10,1
SHOP133,2023-11,487856,419430,68426,14.0,46,0.082,0.107,0.257,0.084,11,0
SHOP133,2023-12,444635,389214,55421,12.5,48,0.091,0.305,0.312,0.141,12,0
SHOP133,2024-01,571709,502708,69001,12.1,65,0.166,0.229,0.112,0.111,13,1
SHOP133,2024-02,758519,661830,96689,12.7,54,0.193,0.162,0.193,0.06,14,0
SHOP133,2024-03,699346,610853,88493,12.7,51,0.117,0.295,0.221,0.044,15,1
SHOP133,2024-04,346334,300330,46004,13.3,56,0.083,0.193,0.206,0.051,16,0
SHOP133,2024-05,410399,334985,75414,18.4,47,0.103,0.234,0.344,0.138,17,0
SHOP133,2024-06,661926,534138,127788,19.3,55,0.241,0.199,0.114,0.105,18,1
SHOP133,2024-07,710133,588012,122121,17.2,52,0.125,0.132,0.094,0.061,19,1
SHOP133,2024-08,500635,429742,70893,14.2,48,0.194,0.155,0.145,0.069,20,1
SHOP133,2024-09,403070,329562,73508,18.2,57,0.0,0.187,0.129,0.085,21,1
SHOP133,2024-10,622955,534996,87959,14.1,51,0.169,0.207,0.073,0.16,22,0
SHOP133,2024-11,400870,328763,72107,18.0,54,0.094,0.298,0.22,0.103,23,1
SHOP133,2024-12,691201,563840,127361,18.4,62,0.106,0.251,0.226,0.133,24,1
SHOP133,2025-01,765143,668161,96982,12.7,51,0.082,0.308,0.247,0.077,25,1
SHOP133,2025-02,519416,439619,79797,15.4,49,0.201,0.284,0.16,0.09,26,1
SHOP133,2025-03,703041,610820,92221,13.1,45,0.129,0.256,0.191,0.101,27,1
SHOP133,2025-04,594579,487611,106968,18.0,45,0.086,0.232,0.198,0.091,28,1
SHOP133,2025-05,710514,613140,97374,13.7,47,0.12,0.201,0.31,0.128,29,0
SHOP133,2025-06,436497,371155,65342,15.0,53,0.029,0.185,0.31,0.126,30,0
SHOP133,2025-07,757288,593128,164160,21.7,50,0.083,0.206,0.145,0.022,31,1
SHOP133,2025-08,632268,512863,119405,18.9,34,0.189,0.205,0.296,0.084,32,0
SHOP133,2025-09,683123,564451,118672,17.4,50,0.159,0.278,0.12,0.136,33,1
SHOP133,2025-10,525069,452925,72144,13.7,56,0.186,0.207,0.238,0.109,34,1
SHOP133,2025-11,583755,527518,56237,9.6,60,0.139,0.26,0.17,0.074,35,1
SHOP133,2025-12,560924,480891,80033,14.3,52,0.233,0.113,0.301,0.073,36,1
SHOP134,2023-01,635424,578945,56479,8.9,60,0.164,0.159,0.36,0.098,1,0
SHOP134,2023-02,716353,649758,66595,9.3,56,0.198,0.152,0.321,0.085,2,0
SHOP134,2023-03,898359,815194,83165,9.3,59,0.225,0.218,0.357,0.102,3,0
SHOP134,2023-04,623980,538732,85248,13.7,49,0.095,0.225,0.317,0.131,4,0
SHOP134,2023-05,856129,783792,72337,8.4,49,0.187,0.176,0.395,0.051,5,0
SHOP134,2023-06,741087,616209,124878,16.9,51,0.14,0.208,0.331,0.145,6,0
SHOP134,2023-07,844819,729046,115773,13.7,54,0.116,0.106,0.166,0.151,7,0
SHOP134,2023-08,739163,647157,92006,12.4,57,0.191,0.212,0.237,0.107,8,0
SHOP134,2023-09,756819,687153,69666,9.2,60,0.113,0.215,0.288,0.097,9,0
SHOP134,2023-10,679463,564613,114850,16.9,51,0.178,0.111,0.304,0.111,10,0
SHOP134,2023-11,916667,871348,45319,4.9,53,0.047,0.171,0.361,0.124,11,0
SHOP134,2023-12,699190,606560,92630,13.2,44,0.124,0.226,0.32,0.125,12,0
SHOP134,2024-01,826424,764775,61649,7.5,57,0.079,0.087,0.216,0.092,13,0
SHOP134,2024-02,744023,683043,60980,8.2,58,0.129,0.14,0.297,0.099,14,0
SHOP134,2024-03,672637,617370,55267,8.2,64,0.237,0.094,0.258,0.151,15,0
SHOP134,2024-04,783686,665782,117904,15.0,57,0.125,0.167,0.35,0.133,16,0
SHOP134,2024-05,740903,614228,126675,17.1,51,0.136,0.126,0.189,0.122,17,0
SHOP134,2024-06,719926,656374,63552,8.8,70,0.072,0.146,0.229,0.123,18,0
SHOP134,2024-07,841784,718925,122859,14.6,52,0.069,0.128,0.372,0.1,19,0
SHOP134,2024-08,672835,607490,65345,9.7,60,0.152,0.199,0.364,0.063,20,0
SHOP134,2024-09,922885,858519,64366,7.0,55,0.097,0.199,0.331,0.135,21,0
SHOP134,2024-10,667222,563589,103633,15.5,46,0.159,0.082,0.184,0.158,22,0
SHOP134,2024-11,990090,847229,142861,14.4,62,0.173,0.191,0.26,0.042,23,1
SHOP134,2024-12,542483,450468,92015,17.0,52,0.137,0.149,0.272,0.091,24,0
SHOP134,2025-01,657938,569833,88105,13.4,67,0.08,0.145,0.237,0.113,25,1
SHOP134,2025-02,692486,620847,71639,10.3,59,0.217,0.153,0.273,0.126,26,0
SHOP134,2025-03,742839,649978,92861,12.5,63,0.123,0.148,0.266,0.132,27,0
SHOP134,2025-04,599916,542771,57145,9.5,64,0.091,0.149,0.321,0.133,28,0
SHOP134,2025-05,539226,468357,70869,13.1,49,0.165,0.173,0.251,0.125,29,1
SHOP134,2025-06,599926,534029,65897,11.0,55,0.147,0.19,0.177,0.075,30,1
SHOP134,2025-07,549604,474060,75544,13.7,49,0.141,0.157,0.255,0.131,31,0
SHOP134,2025-08,766567,689295,77272,10.1,50,0.131,0.153,0.164,0.094,32,1
SHOP134,2025-09,927352,777743,149609,16.1,62,0.196,0.091,0.309,0.083,33,0
SHOP134,2025-10,852921,751555,101366,11.9,71,0.219,0.106,0.29,0.08,34,0
SHOP134,2025-11,735230,649754,85476,11.6,58,0.156,0.178,0.262,0.077,35,0
SHOP134,2025-12,730351,646665,83686,11.5,55,0.125,0.127,0.373,0.169,36,0
SHOP135,2023-01,382998,344893,38105,9.9,23,0.213,0.184,0.19,0.105,1,0
SHOP135,2023-02,396454,324051,72403,18.3,36,0.305,0.143,0.275,0.107,2,0
SHOP135,2023-03,284374,241996,42378,14.9,36,0.164,0.225,0.391,0.093,3,0
SHOP135,2023-04,454577,397569,57008,12.5,24,0.145,0.199,0.221,0.052,4,0
SHOP135,2023-05,316005,254533,61472,19.5,28,0.097,0.208,0.27,0.083,5,0
SHOP135,2023-06,446885,373948,72937,16.3,31,0.127,0.16,0.231,0.083,6,0
SHOP135,2023-07,446339,391703,54636,12.2,36,0.136,0.188,0.305,0.063,7,0
SHOP135,2023-08,398045,316800,81245,20.4,31,0.054,0.142,0.203,0.109,8,0
SHOP135,2023-09,380416,314923,65493,17.2,34,0.179,0.197,0.273,0.079,9,0
SHOP135,2023-10,432290,362755,69535,16.1,36,0.13,0.212,0.134,0.101,10,0
SHOP135,2023-11,374416,330671,43745,11.7,30,0.153,0.275,0.257,0.139,11,0
SHOP135,2023-12,330734,278218,52516,15.9,35,0.081,0.164,0.291,0.127,12,0
SHOP135,2024-01,353632,309000,44632,12.6,32,0.166,0.149,0.25,0.085,13,0
SHOP135,2024-02,358006,337101,20905,5.8,25,0.112,0.243,0.216,0.037,14,0
SHOP135,2024-03,269843,246241,23602,8.7,27,0.078,0.159,0.206,0.09,15,0
SHOP135,2024-04,416883,381916,34967,8.4,22,0.153,0.225,0.329,0.15,16,0
SHOP135,2024-05,283964,254628,29336,10.3,36,0.205,0.307,0.239,0.139,17,0
SHOP135,2024-06,346660,303636,43024,12.4,38,0.179,0.105,0.24,0.1,18,0
SHOP135,2024-07,444445,361028,83417,18.8,24,0.116,0.137,0.189,0.099,19,1
SHOP135,2024-08,422214,360655,61559,14.6,25,0.129,0.226,0.296,0.092,20,1
SHOP135,2024-09,412100,359559,52541,12.7,28,0.156,0.218,0.193,0.111,21,1
SHOP135,2024-10,363804,315997,47807,13.1,22,0.089,0.213,0.215,0.073,22,1
SHOP135,2024-11,340375,292984,47391,13.9,22,0.109,0.179,0.333,0.122,23,1
SHOP135,2024-12,307220,274124,33096,10.8,32,0.102,0.135,0.169,0.096,24,0
SHOP135,2025-01,268266,231418,36848,13.7,37,0.057,0.215,0.3,0.1,25,1
SHOP135,2025-02,424987,367964,57023,13.4,33,0.165,0.18,0.236,0.111,26,1
SHOP135,2025-03,332850,295456,37394,11.2,28,0.087,0.278,0.24,0.117,27,1
SHOP135,2025-04,381848,331853,49995,13.1,33,0.135,0.202,0.123,0.066,28,1
SHOP135,2025-05,213445,189357,24088,11.3,27,0.172,0.155,0.26,0.076,29,0
SHOP135,2025-06,467756,443264,24492,5.2,35,0.102,0.201,0.254,0.098,30,0
SHOP135,2025-07,253928,225335,28593,11.3,28,0.13,0.182,0.254,0.086,31,0
SHOP135,2025-08,446860,393399,53461,12.0,37,0.154,0.266,0.243,0.109,32,1
SHOP135,2025-09,390331,316808,73523,18.8,32,0.181,0.249,0.259,0.082,33,1
SHOP135,2025-10,440043,343410,96633,22.0,24,0.137,0.178,0.239,0.115,34,1
SHOP135,2025-11,452330,366327,86003,19.0,24,0.192,0.183,0.196,0.121,35,1
SHOP135,2025-12,332259,278631,53628,16.1,30,0.081,0.15,0.257,0.032,36,1
SHOP136,2023-01,370870,297684,73186,19.7,31,0.058,0.338,0.169,0.06,1,0
SHOP136,2023-02,473148,399030,74118,15.7,36,0.067,0.272,0.113,0.029,2,0
SHOP136,2023-03,381074,333591,47483,12.5,35,0.126,0.199,0.253,0.0,3,0
SHOP136,2023-04,429557,338959,90598,21.1,34,0.005,0.233,0.219,0.051,4,1
SHOP136,2023-05,456675,394434,62241,13.6,35,0.072,0.31,0.195,0.074,5,0
SHOP136,2023-06,359486,300385,59101,16.4,36,0.118,0.288,0.313,0.048,6,1
SHOP136,2023-07,369130,294357,74773,20.3,32,0.081,0.247,0.21,0.086,7,1
SHOP136,2023-08,395658,331375,64283,16.2,34,0.0,0.323,0.188,0.057,8,1
SHOP136,2023-09,383525,328599,54926,14.3,36,0.081,0.219,0.078,0.038,9,0
SHOP136,2023-10,373307,311856,61451,16.5,28,0.0,0.276,0.069,0.091,10,1
SHOP136,2023-11,435923,383714,52209,12.0,21,0.106,0.306,0.265,0.053,11,1
SHOP136,2023-12,508925,417422,91503,18.0,19,0.081,0.244,0.149,0.063,12,1
SHOP136,2024-01,384290,323986,60304,15.7,26,0.024,0.367,0.147,0.034,13,1
SHOP136,2024-02,440353,358520,81833,18.6,32,0.044,0.26,0.176,0.047,14,1
SHOP136,2024-03,337071,286600,50471,15.0,24,0.091,0.329,0.196,0.06,15,1
SHOP136,2024-04,469817,403416,66401,14.1,32,0.069,0.299,0.042,0.016,16,1
SHOP136,2024-05,405776,353946,51830,12.8,36,0.077,0.221,0.171,0.022,17,1
SHOP136,2024-06,413972,335692,78280,18.9,29,0.086,0.216,0.167,0.122,18,1
SHOP136,2024-07,368466,300334,68132,18.5,39,0.156,0.363,0.179,0.094,19,1
SHOP136,2024-08,344170,286129,58041,16.9,44,0.164,0.241,0.09,0.084,20,1
SHOP136,2024-09,530571,424794,105777,19.9,35,0.04,0.399,0.119,0.074,21,1
SHOP136,2024-10,297477,246330,51147,17.2,35,0.137,0.289,0.089,0.047,22,1
SHOP136,2024-11,506154,435324,70830,14.0,38,0.027,0.221,0.141,0.066,23,1
SHOP136,2024-12,378433,314475,63958,16.9,22,0.053,0.359,0.276,0.033,24,1
SHOP136,2025-01,381277,322346,58931,15.5,25,0.014,0.339,0.195,0.0,25,1
SHOP136,2025-02,449122,367772,81350,18.1,28,0.065,0.249,0.111,0.088,26,1
SHOP136,2025-03,415695,339927,75768,18.2,31,0.094,0.274,0.21,0.073,27,1
SHOP136,2025-04,435009,350782,84227,19.4,43,0.001,0.32,0.129,0.043,28,1
SHOP136,2025-05,389652,333007,56645,14.5,29,0.033,0.345,0.134,0.013,29,1
SHOP136,2025-06,474808,400059,74749,15.7,27,0.068,0.402,0.294,0.036,30,1
SHOP136,2025-07,244496,205007,39489,16.2,27,0.074,0.301,0.16,0.052,31,1
SHOP136,2025-08,322781,261359,61422,19.0,15,0.047,0.306,0.092,0.103,32,1
SHOP136,2025-09,348418,296163,52255,15.0,26,0.149,0.302,0.181,0.067,33,1
SHOP136,2025-10,418268,339021,79247,18.9,30,0.13,0.303,0.176,0.069,34,1
SHOP136,2025-11,386349,330081,56268,14.6,24,0.093,0.304,0.162,0.051,35,1
SHOP136,2025-12,439436,358720,80716,18.4,26,0.097,0.289,0.02,0.024,36,1
SHOP137,2023-01,811080,680947,130133,16.0,58,0.046,0.229,0.294,0.065,1,0
SHOP137,2023-02,655010,551605,103405,15.8,48,0.15,0.182,0.186,0.069,2,0
SHOP137,2023-03,564070,504086,59984,10.6,43,0.065,0.278,0.122,0.04,3,0
SHOP137,2023-04,557131,483343,73788,13.2,38,0.068,0.222,0.178,0.109,4,0
SHOP137,2023-05,652749,545152,107597,16.5,53,0.16,0.213,0.267,0.054,5,0
SHOP137,2023-06,646796,562149,84647,13.1,57,0.177,0.231,0.294,0.06,6,0
SHOP137,2023-07,715889,601926,113963,15.9,42,0.09,0.294,0.128,0.05,7,1
SHOP137,2023-08,652162,534323,117839,18.1,43,0.153,0.148,0.162,0.063,8,0
SHOP137,2023-09,515945,436875,79070,15.3,45,0.216,0.312,0.237,0.036,9,0
SHOP137,2023-10,567185,447181,120004,21.2,42,0.097,0.178,0.356,0.142,10,0
SHOP137,2023-11,439438,352164,87274,19.9,39,0.11,0.174,0.188,0.125,11,0
SHOP137,2023-12,461353,421665,39688,8.6,52,0.161,0.216,0.214,0.044,12,0
SHOP137,2024-01,579185,509057,70128,12.1,57,0.147,0.204,0.167,0.038,13,0
SHOP137,2024-02,537814,460957,76857,14.3,49,0.126,0.272,0.162,0.083,14,1
SHOP137,2024-03,515768,451425,64343,12.5,51,0.117,0.221,0.145,0.103,15,1
SHOP137,2024-04,609238,508141,101097,16.6,58,0.092,0.201,0.209,0.081,16,0
SHOP137,2024-05,765796,642109,123687,16.2,58,0.081,0.211,0.163,0.108,17,1
SHOP137,2024-06,665973,566925,99048,14.9,50,0.077,0.213,0.217,0.079,18,0
SHOP137,2024-07,617460,533787,83673,13.6,55,0.05,0.22,0.208,0.082,19,1
SHOP137,2024-08,595346,502979,92367,15.5,47,0.075,0.198,0.222,0.072,20,1
SHOP137,2024-09,709440,591297,118143,16.7,57,0.168,0.327,0.197,0.081,21,1
SHOP137,2024-10,796493,663549,132944,16.7,48,0.115,0.153,0.242,0.11,22,1
SHOP137,2024-11,496388,381725,114663,23.1,48,0.081,0.285,0.122,0.083,23,1
SHOP137,2024-12,883039,715411,167628,19.0,40,0.105,0.22,0.212,0.076,24,1
SHOP137,2025-01,927146,780000,147146,15.9,43,0.07,0.185,0.186,0.029,25,1
SHOP137,2025-02,746202,612634,133568,17.9,52,0.157,0.275,0.129,0.069,26,1
SHOP137,2025-03,726257,636065,90192,12.4,52,0.071,0.241,0.206,0.03,27,1
SHOP137,2025-04,743922,617042,126880,17.1,50,0.194,0.142,0.153,0.075,28,1
SHOP137,2025-05,844691,707011,137680,16.3,60,0.096,0.287,0.229,0.128,29,1
SHOP137,2025-06,577605,468760,108845,18.8,42,0.083,0.28,0.134,0.026,30,1
SHOP137,2025-07,519531,442011,77520,14.9,61,0.072,0.143,0.243,0.05,31,1
SHOP137,2025-08,649564,552065,97499,15.0,51,0.142,0.194,0.246,0.022,32,1
SHOP137,2025-09,755147,640625,114522,15.2,52,0.135,0.274,0.296,0.087,33,1
SHOP137,2025-10,479713,406571,73142,15.2,44,0.062,0.224,0.269,0.068,34,1
SHOP137,2025-11,408902,352914,55988,13.7,42,0.181,0.261,0.205,0.075,35,1
SHOP137,2025-12,488316,381733,106583,21.8,62,0.035,0.188,0.197,0.094,36,1
SHOP138,2023-01,781374,659702,121672,15.6,77,0.047,0.239,0.255,0.019,1,0
SHOP138,2023-02,790356,650733,139623,17.7,78,0.009,0.174,0.273,0.079,2,0
SHOP138,2023-03,994743,793062,201681,20.3,64,0.181,0.216,0.078,0.077,3,1
SHOP138,2023-04,806362,721772,84590,10.5,62,0.112,0.212,0.128,0.11,4,0
SHOP138,2023-05,793731,666254,127477,16.1,76,0.052,0.288,0.206,0.086,5,0
SHOP138,2023-06,788074,656095,131979,16.7,76,0.144,0.243,0.106,0.068,6,0
SHOP138,2023-07,773588,640547,133041,17.2,64,0.085,0.288,0.213,0.036,7,0
SHOP138,2023-08,981109,849832,131277,13.4,71,0.164,0.202,0.158,0.024,8,0
SHOP138,2023-09,717966,598299,119667,16.7,64,0.064,0.257,0.285,0.053,9,0
SHOP138,2023-10,1167445,985360,182085,15.6,62,0.087,0.323,0.225,0.06,10,1
SHOP138,2023-11,933077,779701,153376,16.4,73,0.081,0.188,0.161,0.086,11,0
SHOP138,2023-12,996213,833605,162608,16.3,70,0.152,0.294,0.254,0.039,12,1
SHOP138,2024-01,763820,634975,128845,16.9,70,0.112,0.321,0.274,0.078,13,0
SHOP138,2024-02,773388,643438,129950,16.8,62,0.163,0.246,0.216,0.066,14,1
SHOP138,2024-03,1010762,883663,127099,12.6,61,0.166,0.239,0.266,0.148,15,1
SHOP138,2024-04,1162216,1004567,157649,13.6,68,0.0,0.281,0.155,0.022,16,1
SHOP138,2024-05,833629,662747,170882,20.5,64,0.111,0.297,0.199,0.034,17,1
SHOP138,2024-06,761628,620573,141055,18.5,60,0.055,0.244,0.149,0.034,18,1
SHOP138,2024-07,909357,745453,163904,18.0,66,0.05,0.306,0.103,0.0,19,1
SHOP138,2024-08,912660,741356,171304,18.8,76,0.108,0.268,0.036,0.033,20,1
SHOP138,2024-09,930952,788660,142292,15.3,57,0.273,0.281,0.19,0.078,21,1
SHOP138,2024-10,904745,754728,150017,16.6,58,0.126,0.159,0.195,0.096,22,1
SHOP138,2024-11,737214,548242,188972,25.6,64,0.046,0.215,0.221,0.066,23,1
SHOP138,2024-12,909521,735675,173846,19.1,67,0.098,0.3,0.124,0.053,24,1
SHOP138,2025-01,723666,585583,138083,19.1,65,0.096,0.242,0.319,0.088,25,1
SHOP138,2025-02,798094,689586,108508,13.6,74,0.051,0.332,0.163,0.075,26,1
SHOP138,2025-03,511893,433216,78677,15.4,67,0.133,0.32,0.265,0.0,27,1
SHOP138,2025-04,718486,625704,92782,12.9,73,0.103,0.18,0.2,0.097,28,1
SHOP138,2025-05,873388,747076,126312,14.5,67,0.142,0.223,0.19,0.043,29,1
SHOP138,2025-06,1025131,786745,238386,23.3,63,0.061,0.269,0.236,0.145,30,1
SHOP138,2025-07,760419,627228,133191,17.5,75,0.117,0.22,0.16,0.08,31,1
SHOP138,2025-08,848250,676495,171755,20.2,61,0.167,0.278,0.255,0.052,32,1
SHOP138,2025-09,913284,803379,109905,12.0,58,0.087,0.255,0.166,0.065,33,1
SHOP138,2025-10,814211,695247,118964,14.6,73,0.096,0.31,0.153,0.079,34,1
SHOP138,2025-11,957852,785226,172626,18.0,78,0.107,0.19,0.313,0.058,35,1
SHOP138,2025-12,902985,742901,160084,17.7,64,0.0,0.288,0.163,0.192,36,1
SHOP139,2023-01,279917,228396,51521,18.4,26,0.159,0.255,0.195,0.058,1,0
SHOP139,2023-02,164788,138285,26503,16.1,20,0.046,0.205,0.215,0.027,2,1
SHOP139,2023-03,252080,210190,41890,16.6,22,0.0,0.236,0.14,0.056,3,1
SHOP139,2023-04,255532,212755,42777,16.7,17,0.177,0.303,0.283,0.085,4,0
SHOP139,2023-05,308284,269145,39139,12.7,14,0.155,0.156,0.077,0.026,5,0
SHOP139,2023-06,313630,265161,48469,15.5,19,0.091,0.293,0.155,0.035,6,1
SHOP139,2023-07,231290,190783,40507,17.5,18,0.0,0.288,0.132,0.039,7,1
SHOP139,2023-08,311985,250230,61755,19.8,20,0.053,0.336,0.103,0.019,8,1
SHOP139,2023-09,212578,167106,45472,21.4,11,0.013,0.194,0.211,0.09,9,1
SHOP139,2023-10,269437,209697,59740,22.2,13,0.063,0.282,0.1,0.065,10,1
SHOP139,2023-11,244157,215308,28849,11.8,8,0.116,0.193,0.13,0.057,11,0
SHOP139,2023-12,268862,221584,47278,17.6,21,0.049,0.313,0.219,0.043,12,1
SHOP139,2024-01,249470,205949,43521,17.4,8,0.11,0.322,0.25,0.12,13,1
SHOP139,2024-02,284489,218167,66322,23.3,26,0.027,0.258,0.23,0.008,14,1
SHOP139,2024-03,321396,263426,57970,18.0,26,0.118,0.319,0.09,0.041,15,1
SHOP139,2024-04,236431,196856,39575,16.7,12,0.078,0.255,0.243,0.079,16,1
SHOP139,2024-05,316532,264758,51774,16.4,8,0.131,0.296,0.303,0.039,17,1
SHOP139,2024-06,228459,188285,40174,17.6,23,0.046,0.3,0.182,0.036,18,1
SHOP139,2024-07,262421,205864,56557,21.6,16,0.096,0.269,0.18,0.079,19,1
SHOP139,2024-08,315600,246560,69040,21.9,8,0.0,0.32,0.163,0.034,20,1
SHOP139,2024-09,259121,206975,52146,20.1,25,0.128,0.256,0.191,0.057,21,1
SHOP139,2024-10,226799,180809,45990,20.3,14,0.133,0.3,0.166,0.155,22,1
SHOP139,2024-11,237324,189272,48052,20.2,24,0.11,0.322,0.179,0.047,23,1
SHOP139,2024-12,228767,193813,34954,15.3,30,0.079,0.246,0.169,0.101,24,1
SHOP139,2025-01,256026,206404,49622,19.4,25,0.082,0.309,0.144,0.059,25,1
SHOP139,2025-02,180686,143330,37356,20.7,10,0.087,0.224,0.14,0.071,26,1
SHOP139,2025-03,286947,256310,30637,10.7,20,0.08,0.267,0.07,0.071,27,1
SHOP139,2025-04,244430,213674,30756,12.6,14,0.149,0.208,0.18,0.032,28,1
SHOP139,2025-05,206742,170280,36462,17.6,26,0.058,0.31,0.166,0.136,29,1
SHOP139,2025-06,278433,227095,51338,18.4,13,0.068,0.317,0.224,0.117,30,1
SHOP139,2025-07,290554,239539,51015,17.6,17,0.153,0.366,0.241,0.08,31,1
SHOP139,2025-08,213106,173626,39480,18.5,24,0.079,0.17,0.279,0.062,32,1
SHOP139,2025-09,304883,243356,61527,20.2,8,0.035,0.342,0.08,0.061,33,1
SHOP139,2025-10,178816,145888,32928,18.4,31,0.031,0.244,0.278,0.046,34,1
SHOP139,2025-11,306843,263783,43060,14.0,12,0.088,0.265,0.168,0.093,35,1
SHOP139,2025-12,315186,266776,48410,15.4,18,0.05,0.313,0.112,0.045,36,1
SHOP140,2023-01,591403,509016,82387,13.9,60,0.122,0.026,0.242,0.085,1,0
SHOP140,2023-02,470542,410979,59563,12.7,64,0.22,0.191,0.241,0.086,2,0
SHOP140,2023-03,649001,540938,108063,16.7,46,0.208,0.172,0.309,0.079,3,0
SHOP140,2023-04,724429,661898,62531,8.6,54,0.142,0.102,0.334,0.05,4,0
SHOP140,2023-05,998509,864644,133865,13.4,58,0.102,0.125,0.267,0.071,5,0
SHOP140,2023-06,740008,666178,73830,10.0,59,0.179,0.143,0.279,0.136,6,0
SHOP140,2023-07,865747,761115,104632,12.1,49,0.151,0.129,0.246,0.099,7,0
SHOP140,2023-08,393404,339321,54083,13.7,58,0.127,0.079,0.221,0.103,8,0
SHOP140,2023-09,744998,656492,88506,11.9,53,0.163,0.201,0.198,0.114,9,0
SHOP140,2023-10,729679,636647,93032,12.7,56,0.078,0.166,0.304,0.098,10,0
SHOP140,2023-11,682964,613492,69472,10.2,46,0.167,0.107,0.261,0.129,11,0
SHOP140,2023-12,518754,434451,84303,16.3,60,0.138,0.135,0.223,0.081,12,0
SHOP140,2024-01,630691,564408,66283,10.5,50,0.143,0.152,0.289,0.12,13,0
SHOP140,2024-02,834080,734389,99691,12.0,68,0.094,0.138,0.198,0.145,14,0
SHOP140,2024-03,751939,577105,174834,23.3,64,0.192,0.16,0.251,0.104,15,0
SHOP140,2024-04,716074,675509,40565,5.7,57,0.184,0.138,0.352,0.114,16,0
SHOP140,2024-05,784575,667050,117525,15.0,59,0.098,0.246,0.292,0.028,17,1
SHOP140,2024-06,626069,562944,63125,10.1,51,0.145,0.231,0.369,0.082,18,0
SHOP140,2024-07,671221,554439,116782,17.4,61,0.128,0.116,0.319,0.101,19,0
SHOP140,2024-08,851785,740300,111485,13.1,51,0.091,0.145,0.197,0.092,20,0
SHOP140,2024-09,535716,484206,51510,9.6,48,0.101,0.173,0.215,0.096,21,0
SHOP140,2024-10,894072,747827,146245,16.4,59,0.211,0.129,0.145,0.106,22,1
SHOP140,2024-11,752061,640481,111580,14.8,58,0.112,0.174,0.279,0.156,23,0
SHOP140,2024-12,512998,438296,74702,14.6,52,0.143,0.154,0.254,0.091,24,0
SHOP140,2025-01,699400,585380,114020,16.3,56,0.192,0.163,0.33,0.092,25,0
SHOP140,2025-02,858546,715872,142674,16.6,55,0.171,0.204,0.322,0.025,26,0
SHOP140,2025-03,560115,490507,69608,12.4,54,0.112,0.092,0.205,0.084,27,0
SHOP140,2025-04,613482,559530,53952,8.8,61,0.091,0.134,0.292,0.119,28,0
SHOP140,2025-05,558332,479736,78596,14.1,64,0.066,0.136,0.225,0.126,29,1
SHOP140,2025-06,619097,558643,60454,9.8,57,0.24,0.141,0.245,0.108,30,0
SHOP140,2025-07,687520,598457,89063,13.0,65,0.138,0.123,0.16,0.112,31,0
SHOP140,2025-08,943709,812843,130866,13.9,58,0.131,0.085,0.235,0.109,32,0
SHOP140,2025-09,699700,624549,75151,10.7,61,0.168,0.144,0.285,0.12,33,0
SHOP140,2025-10,733047,648919,84128,11.5,57,0.252,0.213,0.226,0.119,34,0
SHOP140,2025-11,840460,748894,91566,10.9,60,0.127,0.18,0.299,0.153,35,0
SHOP140,2025-12,624822,525381,99441,15.9,52,0.084,0.157,0.274,0.108,36,1
SHOP141,2023-01,684705,596762,87943,12.8,54,0.078,0.1,0.156,0.096,1,0
SHOP141,2023-02,610862,548582,62280,10.2,42,0.083,0.143,0.302,0.085,2,0
SHOP141,2023-03,611763,550541,61222,10.0,53,0.226,0.193,0.373,0.117,3,0
SHOP141,2023-04,582148,484328,97820,16.8,55,0.189,0.27,0.119,0.015,4,0
SHOP141,2023-05,862499,728251,134248,15.6,54,0.157,0.308,0.229,0.103,5,0
SHOP141,2023-06,598933,519191,79742,13.3,54,0.168,0.17,0.244,0.087,6,0
SHOP141,2023-07,712084,624761,87323,12.3,59,0.17,0.196,0.205,0.115,7,0
SHOP141,2023-08,665558,579907,85651,12.9,50,0.176,0.222,0.131,0.104,8,0
SHOP141,2023-09,631161,538314,92847,14.7,45,0.071,0.178,0.204,0.133,9,0
SHOP141,2023-10,631238,549616,81622,12.9,63,0.191,0.128,0.197,0.094,10,0
SHOP141,2023-11,823566,696164,127402,15.5,65,0.111,0.151,0.24,0.109,11,0
SHOP141,2023-12,601073,509935,91138,15.2,49,0.168,0.265,0.288,0.017,12,0
SHOP141,2024-01,339965,297254,42711,12.6,46,0.123,0.207,0.167,0.068,13,0
SHOP141,2024-02,888549,752790,135759,15.3,51,0.162,0.215,0.349,0.123,14,0
SHOP141,2024-03,560672,468298,92374,16.5,59,0.083,0.222,0.302,0.044,15,0
SHOP141,2024-04,619427,523409,96018,15.5,53,0.153,0.23,0.264,0.096,16,0
SHOP141,2024-05,679678,638610,41068,6.0,67,0.132,0.109,0.324,0.087,17,0
SHOP141,2024-06,902561,764169,138392,15.3,51,0.099,0.189,0.264,0.103,18,0
SHOP141,2024-07,672527,572098,100429,14.9,46,0.114,0.247,0.203,0.074,19,0
SHOP141,2024-08,718160,611998,106162,14.8,54,0.081,0.211,0.274,0.062,20,1
SHOP141,2024-09,588945,505318,83627,14.2,58,0.065,0.155,0.281,0.092,21,0
SHOP141,2024-10,727264,633306,93958,12.9,41,0.06,0.238,0.309,0.081,22,0
SHOP141,2024-11,672927,587181,85746,12.7,39,0.113,0.145,0.277,0.106,23,0
SHOP141,2024-12,381336,337334,44002,11.5,52,0.147,0.219,0.101,0.173,24,1
SHOP141,2025-01,678899,580550,98349,14.5,57,0.096,0.199,0.223,0.071,25,1
SHOP141,2025-02,624992,518585,106407,17.0,50,0.173,0.141,0.287,0.067,26,0
SHOP141,2025-03,552860,463540,89320,16.2,52,0.159,0.192,0.202,0.069,27,1
SHOP141,2025-04,585758,491794,93964,16.0,53,0.174,0.198,0.189,0.072,28,1
SHOP141,2025-05,714172,623463,90709,12.7,49,0.109,0.338,0.262,0.018,29,0
SHOP141,2025-06,694647,556261,138386,19.9,53,0.192,0.15,0.254,0.104,30,1
SHOP141,2025-07,824107,713248,110859,13.5,47,0.145,0.166,0.253,0.058,31,1
SHOP141,2025-08,818705,725305,93400,11.4,54,0.201,0.145,0.259,0.058,32,1
SHOP141,2025-09,819402,700158,119244,14.6,58,0.1,0.303,0.229,0.052,33,1
SHOP141,2025-10,610693,522654,88039,14.4,45,0.134,0.162,0.223,0.108,34,1
SHOP141,2025-11,803787,688370,115417,14.4,62,0.17,0.199,0.254,0.113,35,0
SHOP141,2025-12,636046,560779,75267,11.8,50,0.14,0.188,0.185,0.11,36,1
SHOP142,2023-01,298245,248672,49573,16.6,19,0.041,0.272,0.229,0.105,1,0
SHOP142,2023-02,212574,171225,41349,19.5,33,0.156,0.208,0.1,0.094,2,0
SHOP142,2023-03,286714,255284,31430,11.0,24,0.162,0.326,0.281,0.112,3,0
SHOP142,2023-04,174396,136096,38300,22.0,21,0.114,0.206,0.277,0.101,4,0
SHOP142,2023-05,336041,286190,49851,14.8,19,0.181,0.29,0.215,0.082,5,0
SHOP142,2023-06,281990,242004,39986,14.2,17,0.09,0.293,0.136,0.02,6,0
SHOP142,2023-07,268597,232246,36351,13.5,16,0.11,0.148,0.228,0.091,7,0
SHOP142,2023-08,179528,152991,26537,14.8,20,0.138,0.194,0.232,0.073,8,0
SHOP142,2023-09,275667,238940,36727,13.3,16,0.12,0.254,0.188,0.057,9,0
SHOP142,2023-10,292922,260145,32777,11.2,22,0.19,0.094,0.21,0.022,10,0
SHOP142,2023-11,198151,165016,33135,16.7,16,0.222,0.237,0.282,0.11,11,0
SHOP142,2023-12,284174,247480,36694,12.9,25,0.162,0.087,0.282,0.101,12,0
SHOP142,2024-01,203069,174542,28527,14.0,19,0.176,0.255,0.223,0.046,13,0
SHOP142,2024-02,216676,175205,41471,19.1,19,0.113,0.183,0.145,0.156,14,0
SHOP142,2024-03,268377,231334,37043,13.8,17,0.122,0.282,0.224,0.07,15,0
SHOP142,2024-04,263586,233875,29711,11.3,19,0.13,0.172,0.182,0.091,16,0
SHOP142,2024-05,256739,215905,40834,15.9,22,0.133,0.175,0.257,0.116,17,0
SHOP142,2024-06,220194,180392,39802,18.1,22,0.125,0.25,0.191,0.04,18,1
SHOP142,2024-07,205524,176338,29186,14.2,13,0.025,0.212,0.196,0.122,19,0
SHOP142,2024-08,289409,247195,42214,14.6,24,0.117,0.233,0.173,0.104,20,1
SHOP142,2024-09,227900,189541,38359,16.8,21,0.029,0.191,0.229,0.062,21,1
SHOP142,2024-10,234600,204201,30399,13.0,8,0.089,0.213,0.23,0.054,22,1
SHOP142,2024-11,257602,211679,45923,17.8,17,0.107,0.247,0.226,0.115,23,1
SHOP142,2024-12,174670,146827,27843,15.9,16,0.072,0.212,0.276,0.114,24,1
SHOP142,2025-01,220162,194457,25705,11.7,19,0.094,0.263,0.202,0.088,25,1
SHOP142,2025-02,379442,328518,50924,13.4,26,0.086,0.191,0.286,0.089,26,1
SHOP142,2025-03,245691,234562,11129,4.5,16,0.029,0.178,0.111,0.074,27,0
SHOP142,2025-04,212130,178737,33393,15.7,15,0.109,0.233,0.197,0.11,28,1
SHOP142,2025-05,237543,195137,42406,17.9,16,0.167,0.226,0.204,0.109,29,1
SHOP142,2025-06,225324,186690,38634,17.1,10,0.209,0.291,0.241,0.113,30,1
SHOP142,2025-07,262837,219128,43709,16.6,17,0.185,0.245,0.265,0.033,31,0
SHOP142,2025-08,275878,240094,35784,13.0,15,0.085,0.281,0.215,0.045,32,1
SHOP142,2025-09,243706,207554,36152,14.8,27,0.093,0.257,0.38,0.096,33,1
SHOP142,2025-10,228077,201572,26505,11.6,12,0.166,0.27,0.193,0.074,34,1
SHOP142,2025-11,303161,255919,47242,15.6,23,0.13,0.162,0.161,0.109,35,1
SHOP142,2025-12,239242,206941,32301,13.5,19,0.092,0.141,0.227,0.075,36,1
SHOP143,2023-01,676932,544272,132660,19.6,49,0.216,0.257,0.155,0.119,1,0
SHOP143,2023-02,890108,751125,138983,15.6,60,0.054,0.202,0.089,0.075,2,0
SHOP143,2023-03,836852,672052,164800,19.7,63,0.099,0.13,0.288,0.047,3,0
SHOP143,2023-04,808762,689928,118834,14.7,61,0.135,0.2,0.107,0.08,4,0
SHOP143,2023-05,801768,669454,132314,16.5,47,0.044,0.215,0.22,0.047,5,0
SHOP143,2023-06,732215,692028,40187,5.5,58,0.095,0.181,0.234,0.081,6,0
SHOP143,2023-07,828514,708562,119952,14.5,62,0.093,0.258,0.376,0.111,7,0
SHOP143,2023-08,924167,788391,135776,14.7,60,0.136,0.213,0.192,0.057,8,0
SHOP143,2023-09,652053,517173,134880,20.7,55,0.074,0.278,0.21,0.121,9,0
SHOP143,2023-10,512426,439978,72448,14.1,58,0.175,0.313,0.205,0.034,10,0
SHOP143,2023-11,642132,549625,92507,14.4,58,0.154,0.176,0.264,0.104,11,0
SHOP143,2023-12,629486,530350,99136,15.7,58,0.246,0.16,0.162,0.073,12,0
SHOP143,2024-01,527275,454273,73002,13.8,51,0.113,0.283,0.166,0.128,13,1
SHOP143,2024-02,685670,577244,108426,15.8,61,0.099,0.194,0.242,0.104,14,0
SHOP143,2024-03,487489,402817,84672,17.4,70,0.091,0.257,0.164,0.098,15,1
SHOP143,2024-04,602123,526099,76024,12.6,55,0.075,0.255,0.267,0.124,16,0
SHOP143,2024-05,890403,746542,143861,16.2,66,0.061,0.189,0.234,0.145,17,1
SHOP143,2024-06,784702,688887,95815,12.2,61,0.097,0.154,0.098,0.051,18,1
SHOP143,2024-07,504995,407894,97101,19.2,67,0.103,0.251,0.24,0.028,19,1
SHOP143,2024-08,957997,832604,125393,13.1,65,0.125,0.221,0.127,0.084,20,1
SHOP143,2024-09,804771,684377,120394,15.0,63,0.167,0.266,0.151,0.089,21,1
SHOP143,2024-10,839004,697689,141315,16.8,64,0.162,0.298,0.211,0.092,22,1
SHOP143,2024-11,604068,539274,64794,10.7,66,0.057,0.216,0.219,0.102,23,1
SHOP143,2024-12,724997,634071,90926,12.5,53,0.072,0.212,0.261,0.101,24,0
SHOP143,2025-01,751402,634422,116980,15.6,68,0.119,0.196,0.288,0.136,25,1
SHOP143,2025-02,394553,341973,52580,13.3,57,0.053,0.354,0.129,0.054,26,1
SHOP143,2025-03,673883,530344,143539,21.3,53,0.139,0.22,0.149,0.096,27,0
SHOP143,2025-04,1038643,923476,115167,11.1,53,0.111,0.192,0.277,0.054,28,0
SHOP143,2025-05,882139,751226,130913,14.8,57,0.026,0.146,0.243,0.03,29,1
SHOP143,2025-06,784914,647780,137134,17.5,56,0.112,0.272,0.135,0.072,30,1
SHOP143,2025-07,721217,608917,112300,15.6,62,0.096,0.225,0.195,0.071,31,1
SHOP143,2025-08,850057,704797,145260,17.1,55,0.147,0.216,0.21,0.137,32,1
SHOP143,2025-09,926884,779038,147846,16.0,58,0.138,0.227,0.097,0.008,33,1
SHOP143,2025-10,648795,540543,108252,16.7,57,0.098,0.26,0.113,0.054,34,1
SHOP143,2025-11,702483,604365,98118,14.0,65,0.159,0.22,0.283,0.106,35,1
SHOP143,2025-12,823481,699235,124246,15.1,77,0.104,0.232,0.265,0.069,36,1
SHOP144,2023-01,663481,568216,95265,14.4,63,0.229,0.271,0.215,0.085,1,0
SHOP144,2023-02,982195,905750,76445,7.8,55,0.127,0.043,0.304,0.092,2,0
SHOP144,2023-03,712328,615442,96886,13.6,61,0.209,0.125,0.332,0.129,3,0
SHOP144,2023-04,695294,611559,83735,12.0,64,0.133,0.121,0.235,0.094,4,0
SHOP144,2023-05,668213,566902,101311,15.2,56,0.074,0.252,0.264,0.118,5,0
SHOP144,2023-06,817164,729332,87832,10.7,56,0.117,0.17,0.242,0.13,6,0
SHOP144,2023-07,710945,644973,65972,9.3,60,0.166,0.237,0.357,0.131,7,0
SHOP144,2023-08,826423,728679,97744,11.8,62,0.178,0.166,0.221,0.056,8,0
SHOP144,2023-09,711622,633441,78181,11.0,58,0.007,0.194,0.219,0.064,9,0
SHOP144,2023-10,638405,555813,82592,12.9,54,0.128,0.153,0.252,0.125,10,0
SHOP144,2023-11,762923,660868,102055,13.4,62,0.048,0.177,0.287,0.032,11,0
SHOP144,2023-12,594017,508202,85815,14.4,63,0.129,0.209,0.208,0.062,12,0
SHOP144,2024-01,753953,671716,82237,10.9,65,0.079,0.158,0.234,0.209,13,0
SHOP144,2024-02,935800,790531,145269,15.5,66,0.119,0.192,0.214,0.143,14,0
SHOP144,2024-03,572020,468225,103795,18.1,59,0.127,0.143,0.254,0.109,15,0
SHOP144,2024-04,877501,791636,85865,9.8,49,0.132,0.167,0.339,0.095,16,0
SHOP144,2024-05,705588,651675,53913,7.6,56,0.09,0.194,0.323,0.108,17,0
SHOP144,2024-06,795053,685960,109093,13.7,58,0.18,0.208,0.143,0.16,18,1
SHOP144,2024-07,920057,783567,136490,14.8,50,0.103,0.051,0.184,0.096,19,0
SHOP144,2024-08,646596,575353,71243,11.0,61,0.164,0.102,0.22,0.072,20,0
SHOP144,2024-09,674161,580520,93641,13.9,63,0.153,0.229,0.265,0.055,21,0
SHOP144,2024-10,836967,719712,117255,14.0,49,0.178,0.18,0.282,0.082,22,0
SHOP144,2024-11,830387,779750,50637,6.1,52,0.187,0.233,0.203,0.091,23,0
SHOP144,2024-12,782921,658983,123938,15.8,62,0.118,0.188,0.264,0.068,24,0
SHOP144,2025-01,386648,314999,71649,18.5,53,0.223,0.22,0.22,0.153,25,0
SHOP144,2025-02,710001,603089,106912,15.1,51,0.149,0.129,0.275,0.094,26,1
SHOP144,2025-03,944164,817332,126832,13.4,60,0.21,0.195,0.309,0.183,27,0
SHOP144,2025-04,790070,719431,70639,8.9,63,0.134,0.151,0.193,0.111,28,1
SHOP144,2025-05,929780,856687,73093,7.9,50,0.17,0.19,0.263,0.072,29,0
SHOP144,2025-06,891359,800423,90936,10.2,57,0.15,0.095,0.318,0.14,30,0
SHOP144,2025-07,794364,639823,154541,19.5,53,0.182,0.168,0.266,0.072,31,1
SHOP144,2025-08,441590,402944,38646,8.8,58,0.204,0.127,0.176,0.115,32,0
SHOP144,2025-09,653201,547238,105963,16.2,67,0.181,0.145,0.322,0.174,33,0
SHOP144,2025-10,637025,533995,103030,16.2,61,0.112,0.095,0.167,0.118,34,1
SHOP144,2025-11,653611,551989,101622,15.5,63,0.091,0.152,0.164,0.127,35,1
SHOP144,2025-12,636164,547375,88789,14.0,53,0.106,0.166,0.21,0.098,36,1
SHOP145,2023-01,363807,291974,71833,19.7,14,0.143,0.346,0.076,0.069,1,1
SHOP145,2023-02,378666,326223,52443,13.8,32,0.124,0.316,0.151,0.026,2,0
SHOP145,2023-03,397133,323735,73398,18.5,19,0.138,0.205,0.235,0.089,3,0
SHOP145,2023-04,330562,278897,51665,15.6,25,0.095,0.332,0.197,0.093,4,0
SHOP145,2023-05,287926,241999,45927,16.0,23,0.151,0.313,0.156,0.053,5,0
SHOP145,2023-06,332033,273130,58903,17.7,27,0.11,0.336,0.163,0.027,6,1
SHOP145,2023-07,337451,275778,61673,18.3,29,0.0,0.288,0.241,0.09,7,0
SHOP145,2023-08,300533,228697,71836,23.9,24,0.031,0.262,0.119,0.077,8,1
SHOP145,2023-09,427527,354705,72822,17.0,26,0.136,0.329,0.174,0.023,9,1
SHOP145,2023-10,306971,239693,67278,21.9,23,0.178,0.276,0.057,0.065,10,1
SHOP145,2023-11,355515,289809,65706,18.5,23,0.044,0.33,0.105,0.054,11,1
SHOP145,2023-12,366089,286985,79104,21.6,39,0.134,0.272,0.182,0.086,12,0
SHOP145,2024-01,383143,301595,81548,21.3,22,0.093,0.209,0.219,0.06,13,1
SHOP145,2024-02,418013,342880,75133,18.0,31,0.168,0.27,0.177,0.054,14,1
SHOP145,2024-03,369070,308356,60714,16.5,22,0.0,0.36,0.149,0.092,15,1
SHOP145,2024-04,296321,233490,62831,21.2,28,0.088,0.26,0.216,0.096,16,1
SHOP145,2024-05,277885,231789,46096,16.6,22,0.045,0.246,0.272,0.074,17,1
SHOP145,2024-06,282277,231079,51198,18.1,27,0.159,0.373,0.131,0.066,18,1
SHOP145,2024-07,296169,246719,49450,16.7,19,0.08,0.325,0.051,0.122,19,1
SHOP145,2024-08,326244,267437,58807,18.0,24,0.071,0.226,0.218,0.109,20,1
SHOP145,2024-09,368420,324050,44370,12.0,31,0.116,0.365,0.12,0.067,21,1
SHOP145,2024-10,366181,299716,66465,18.2,37,0.114,0.384,0.227,0.031,22,1
SHOP145,2024-11,329098,262777,66321,20.2,21,0.052,0.211,0.165,0.053,23,1
SHOP145,2024-12,410966,345260,65706,16.0,23,0.15,0.301,0.091,0.03,24,1
SHOP145,2025-01,344017,297349,46668,13.6,28,0.174,0.273,0.107,0.077,25,1
SHOP145,2025-02,358275,306079,52196,14.6,18,0.08,0.313,0.141,0.101,26,1
SHOP145,2025-03,314773,261530,53243,16.9,23,0.086,0.268,0.161,0.074,27,1
SHOP145,2025-04,397631,318468,79163,19.9,18,0.131,0.318,0.194,0.089,28,1
SHOP145,2025-05,263706,216692,47014,17.8,24,0.109,0.284,0.149,0.039,29,1
SHOP145,2025-06,305685,250133,55552,18.2,17,0.032,0.219,0.107,0.104,30,1
SHOP145,2025-07,487358,413967,73391,15.1,44,0.133,0.315,0.191,0.093,31,1
SHOP145,2025-08,275116,231537,43579,15.8,19,0.161,0.255,0.116,0.083,32,1
SHOP145,2025-09,258666,210642,48024,18.6,29,0.126,0.285,0.111,0.004,33,1
SHOP145,2025-10,427454,365641,61813,14.5,16,0.07,0.234,0.228,0.096,34,1
SHOP145,2025-11,236699,199887,36812,15.6,32,0.078,0.318,0.208,0.03,35,1
SHOP145,2025-12,325170,264937,60233,18.5,33,0.074,0.27,0.173,0.098,36,1
SHOP146,2023-01,234924,204208,30716,13.1,24,0.142,0.099,0.226,0.116,1,0
SHOP146,2023-02,338860,310107,28753,8.5,22,0.177,0.15,0.25,0.16,2,0
SHOP146,2023-03,309827,265724,44103,14.2,24,0.115,0.216,0.27,0.092,3,0
SHOP146,2023-04,298176,263083,35093,11.8,21,0.144,0.122,0.265,0.088,4,0
SHOP146,2023-05,307456,251467,55989,18.2,20,0.108,0.164,0.294,0.141,5,0
SHOP146,2023-06,299890,264254,35636,11.9,31,0.184,0.137,0.222,0.063,6,0
SHOP146,2023-07,159753,137525,22228,13.9,26,0.205,0.293,0.352,0.075,7,0
SHOP146,2023-08,214647,189614,25033,11.7,26,0.163,0.166,0.232,0.076,8,0
SHOP146,2023-09,289363,254782,34581,12.0,11,0.034,0.093,0.145,0.053,9,0
SHOP146,2023-10,358970,319307,39663,11.0,23,0.216,0.077,0.21,0.026,10,0
SHOP146,2023-11,382706,345373,37333,9.8,20,0.133,0.192,0.211,0.139,11,0
SHOP146,2023-12,262656,228355,34301,13.1,15,0.213,0.11,0.242,0.053,12,0
SHOP146,2024-01,295235,261609,33626,11.4,23,0.177,0.195,0.262,0.072,13,0
SHOP146,2024-02,280946,225218,55728,19.8,31,0.09,0.199,0.21,0.117,14,0
SHOP146,2024-03,269023,239520,29503,11.0,34,0.133,0.164,0.253,0.057,15,0
SHOP146,2024-04,225793,194460,31333,13.9,22,0.183,0.212,0.315,0.092,16,0
SHOP146,2024-05,199427,169613,29814,14.9,15,0.237,0.221,0.373,0.136,17,0
SHOP146,2024-06,361082,317506,43576,12.1,18,0.126,0.196,0.226,0.116,18,0
SHOP146,2024-07,250746,228884,21862,8.7,19,0.105,0.188,0.243,0.067,19,0
SHOP146,2024-08,210918,187178,23740,11.3,23,0.184,0.212,0.268,0.1,20,0
SHOP146,2024-09,296438,273442,22996,7.8,32,0.145,0.199,0.269,0.112,21,0
SHOP146,2024-10,256613,224573,32040,12.5,18,0.103,0.096,0.184,0.049,22,0
SHOP146,2024-11,277574,245394,32180,11.6,12,0.14,0.227,0.161,0.137,23,0
SHOP146,2024-12,323899,281617,42282,13.1,26,0.202,0.1,0.356,0.105,24,1
SHOP146,2025-01,283331,248741,34590,12.2,24,0.236,0.068,0.202,0.097,25,1
SHOP146,2025-02,269537,233726,35811,13.3,14,0.154,0.106,0.162,0.087,26,0
SHOP146,2025-03,140067,125123,14944,10.7,20,0.138,0.125,0.314,0.109,27,0
SHOP146,2025-04,402589,353507,49082,12.2,20,0.062,0.151,0.332,0.094,28,1
SHOP146,2025-05,342771,307024,35747,10.4,26,0.197,0.116,0.303,0.089,29,0
SHOP146,2025-06,278083,246077,32006,11.5,12,0.162,0.175,0.254,0.057,30,1
SHOP146,2025-07,168026,141787,26239,15.6,21,0.147,0.118,0.315,0.112,31,0
SHOP146,2025-08,237586,203255,34331,14.4,18,0.162,0.16,0.247,0.064,32,0
SHOP146,2025-09,260982,230776,30206,11.6,13,0.192,0.151,0.233,0.085,33,1
SHOP146,2025-10,298304,256580,41724,14.0,25,0.084,0.211,0.316,0.138,34,0
SHOP146,2025-11,305363,264077,41286,13.5,22,0.194,0.233,0.188,0.14,35,1
SHOP146,2025-12,296749,249856,46893,15.8,30,0.287,0.12,0.29,0.129,36,0
SHOP147,2023-01,586078,478637,107441,18.3,53,0.144,0.289,0.17,0.069,1,0
SHOP147,2023-02,727580,577162,150418,20.7,68,0.072,0.265,0.191,0.084,2,1
SHOP147,2023-03,758719,604082,154637,20.4,62,0.134,0.225,0.112,0.092,3,0
SHOP147,2023-04,743398,619615,123783,16.7,64,0.092,0.311,0.175,0.06,4,0
SHOP147,2023-05,904205,734110,170095,18.8,64,0.069,0.249,0.186,0.089,5,1
SHOP147,2023-06,953779,817088,136691,14.3,56,0.098,0.277,0.196,0.085,6,1
SHOP147,2023-07,896956,771446,125510,14.0,61,0.153,0.285,0.221,0.063,7,0
SHOP147,2023-08,736149,618355,117794,16.0,59,0.131,0.279,0.218,0.063,8,1
SHOP147,2023-09,844045,745361,98684,11.7,64,0.088,0.241,0.159,0.061,9,0
SHOP147,2023-10,679296,541818,137478,20.2,53,0.019,0.295,0.02,0.092,10,1
SHOP147,2023-11,877682,775931,101751,11.6,68,0.004,0.283,0.135,0.063,11,1
SHOP147,2023-12,568998,435059,133939,23.5,60,0.124,0.224,0.265,0.05,12,0
SHOP147,2024-01,883754,739149,144605,16.4,70,0.05,0.246,0.277,0.037,13,0
SHOP147,2024-02,1121614,931375,190239,17.0,58,0.094,0.275,0.087,0.036,14,1
SHOP147,2024-03,465749,376576,89173,19.1,59,0.0,0.252,0.109,0.041,15,1
SHOP147,2024-04,691554,573824,117730,17.0,60,0.128,0.401,0.172,0.018,16,1
SHOP147,2024-05,804075,702964,101111,12.6,70,0.081,0.278,0.26,0.071,17,1
SHOP147,2024-06,693451,552418,141033,20.3,77,0.048,0.227,0.161,0.042,18,1
SHOP147,2024-07,1067280,899002,168278,15.8,56,0.09,0.23,0.146,0.052,19,1
SHOP147,2024-08,443383,359999,83384,18.8,65,0.043,0.172,0.119,0.053,20,1
SHOP147,2024-09,758744,614700,144044,19.0,75,0.117,0.333,0.214,0.097,21,1
SHOP147,2024-10,824327,713101,111226,13.5,50,0.013,0.37,0.118,0.024,22,1
SHOP147,2024-11,670918,580410,90508,13.5,56,0.0,0.27,0.129,0.076,23,1
SHOP147,2024-12,730137,605035,125102,17.1,63,0.11,0.226,0.135,0.074,24,1
SHOP147,2025-01,742213,635095,107118,14.4,49,0.092,0.275,0.142,0.076,25,1
SHOP147,2025-02,817399,677738,139661,17.1,72,0.133,0.287,0.201,0.044,26,1
SHOP147,2025-03,1022371,831394,190977,18.7,62,0.134,0.323,0.195,0.047,27,1
SHOP147,2025-04,815359,680809,134550,16.5,58,0.111,0.297,0.139,0.018,28,1
SHOP147,2025-05,907650,748420,159230,17.5,63,0.076,0.322,0.214,0.065,29,1
SHOP147,2025-06,686555,576835,109720,16.0,56,0.092,0.328,0.074,0.058,30,1
SHOP147,2025-07,912524,783492,129032,14.1,53,0.158,0.322,0.126,0.035,31,1
SHOP147,2025-08,530739,428448,102291,19.3,63,0.0,0.279,0.085,0.022,32,1
SHOP147,2025-09,937999,744809,193190,20.6,65,0.085,0.352,0.212,0.082,33,1
SHOP147,2025-10,586254,476322,109932,18.8,61,0.031,0.308,0.057,0.105,34,1
SHOP147,2025-11,665247,548135,117112,17.6,55,0.07,0.187,0.047,0.027,35,1
SHOP147,2025-12,723828,592410,131418,18.2,56,0.0,0.394,0.143,0.017,36,1
SHOP148,2023-01,407154,350790,56364,13.8,48,0.104,0.15,0.2,0.106,1,0
SHOP148,2023-02,518407,462044,56363,10.9,37,0.184,0.223,0.166,0.073,2,0
SHOP148,2023-03,442204,376230,65974,14.9,47,0.152,0.17,0.2,0.14,3,0
SHOP148,2023-04,419511,371880,47631,11.4,42,0.104,0.126,0.216,0.072,4,0
SHOP148,2023-05,438157,366637,71520,16.3,45,0.136,0.291,0.193,0.076,5,0
SHOP148,2023-06,502456,441252,61204,12.2,40,0.042,0.174,0.14,0.108,6,0
SHOP148,2023-07,312031,273006,39025,12.5,54,0.124,0.128,0.192,0.059,7,0
SHOP148,2023-08,394881,327784,67097,17.0,52,0.076,0.173,0.12,0.123,8,0
SHOP148,2023-09,504036,427811,76225,15.1,37,0.097,0.225,0.163,0.04,9,0
SHOP148,2023-10,446594,370814,75780,17.0,44,0.159,0.235,0.331,0.066,10,0
SHOP148,2023-11,569317,507134,62183,10.9,43,0.172,0.194,0.259,0.148,11,0
SHOP148,2023-12,717084,600231,116853,16.3,38,0.174,0.175,0.241,0.058,12,0
SHOP148,2024-01,601912,535247,66665,11.1,35,0.024,0.28,0.29,0.034,13,0
SHOP148,2024-02,423412,370731,52681,12.4,42,0.157,0.213,0.242,0.072,14,0
SHOP148,2024-03,482515,409432,73083,15.1,43,0.11,0.235,0.216,0.092,15,0
SHOP148,2024-04,400124,345428,54696,13.7,42,0.165,0.133,0.203,0.094,16,0
SHOP148,2024-05,477165,402104,75061,15.7,47,0.102,0.098,0.24,0.071,17,0
SHOP148,2024-06,798155,702154,96001,12.0,54,0.145,0.22,0.234,0.06,18,0
SHOP148,2024-07,528910,440872,88038,16.6,43,0.096,0.29,0.322,0.073,19,1
SHOP148,2024-08,351439,300628,50811,14.5,38,0.159,0.216,0.135,0.125,20,1
SHOP148,2024-09,613364,521095,92269,15.0,37,0.151,0.218,0.255,0.091,21,1
SHOP148,2024-10,458891,387707,71184,15.5,45,0.114,0.196,0.103,0.1,22,1
SHOP148,2024-11,577094,493556,83538,14.5,46,0.169,0.219,0.208,0.092,23,0
SHOP148,2024-12,640676,557811,82865,12.9,41,0.074,0.229,0.208,0.079,24,1
SHOP148,2025-01,626276,534302,91974,14.7,45,0.05,0.194,0.2,0.075,25,1
SHOP148,2025-02,538461,471066,67395,12.5,49,0.085,0.169,0.253,0.074,26,0
SHOP148,2025-03,663150,581715,81435,12.3,36,0.168,0.229,0.221,0.108,27,1
SHOP148,2025-04,550063,486610,63453,11.5,54,0.006,0.117,0.235,0.158,28,1
SHOP148,2025-05,767279,682288,84991,11.1,43,0.036,0.278,0.178,0.101,29,1
SHOP148,2025-06,624731,524973,99758,16.0,46,0.119,0.228,0.357,0.087,30,1
SHOP148,2025-07,706645,637877,68768,9.7,42,0.127,0.251,0.196,0.109,31,1
SHOP148,2025-08,480106,414420,65686,13.7,45,0.242,0.266,0.307,0.094,32,0
SHOP148,2025-09,622311,563581,58730,9.4,49,0.163,0.222,0.163,0.133,33,0
SHOP148,2025-10,486240,435920,50320,10.3,30,0.124,0.138,0.408,0.059,34,0
SHOP148,2025-11,538519,436014,102505,19.0,41,0.116,0.21,0.237,0.052,35,0
SHOP148,2025-12,632132,567163,64969,10.3,36,0.187,0.16,0.254,0.13,36,0
SHOP149,2023-01,755628,660388,95240,12.6,53,0.175,0.202,0.343,0.104,1,0
SHOP149,2023-02,766496,637649,128847,16.8,54,0.095,0.239,0.262,0.104,2,0
SHOP149,2023-03,711921,610364,101557,14.3,61,0.012,0.266,0.229,0.07,3,0
SHOP149,2023-04,574145,475208,98937,17.2,49,0.101,0.176,0.394,0.07,4,0
SHOP149,2023-05,746386,646888,99498,13.3,60,0.113,0.359,0.143,0.055,5,0
SHOP149,2023-06,741988,648360,93628,12.6,56,0.215,0.19,0.347,0.053,6,0
SHOP149,2023-07,766005,670896,95109,12.4,64,0.032,0.164,0.328,0.105,7,0
SHOP149,2023-08,750570,655061,95509,12.7,62,0.179,0.23,0.22,0.11,8,0
SHOP149,2023-09,947567,769720,177847,18.8,56,0.153,0.23,0.221,0.037,9,0
SHOP149,2023-10,622150,541303,80847,13.0,59,0.144,0.17,0.121,0.058,10,0
SHOP149,2023-11,751748,613533,138215,18.4,53,0.174,0.202,0.175,0.075,11,0
SHOP149,2023-12,947687,772342,175345,18.5,58,0.082,0.159,0.189,0.129,12,0
SHOP149,2024-01,549484,469442,80042,14.6,50,0.074,0.309,0.298,0.131,13,0
SHOP149,2024-02,565935,518938,46997,8.3,43,0.083,0.241,0.26,0.106,14,0
SHOP149,2024-03,546288,467021,79267,14.5,58,0.066,0.251,0.231,0.131,15,1
SHOP149,2024-04,876129,723395,152734,17.4,51,0.165,0.194,0.2,0.071,16,0
SHOP149,2024-05,521276,436227,85049,16.3,48,0.049,0.228,0.267,0.086,17,0
SHOP149,2024-06,755772,626459,129313,17.1,65,0.146,0.212,0.195,0.068,18,0
SHOP149,2024-07,728227,666230,61997,8.5,50,0.146,0.194,0.339,0.08,19,0
SHOP149,2024-08,482304,412649,69655,14.4,59,0.097,0.21,0.23,0.087,20,0
SHOP149,2024-09,764559,633004,131555,17.2,62,0.164,0.189,0.263,0.079,21,1
SHOP149,2024-10,633686,533312,100374,15.8,48,0.132,0.225,0.22,0.036,22,1
SHOP149,2024-11,408748,348762,59986,14.7,56,0.186,0.181,0.159,0.056,23,1
SHOP149,2024-12,641362,549587,91775,14.3,53,0.175,0.154,0.161,0.03,24,1
SHOP149,2025-01,817512,659009,158503,19.4,65,0.19,0.202,0.263,0.091,25,1
SHOP149,2025-02,552202,488335,63867,11.6,51,0.09,0.242,0.194,0.108,26,0
SHOP149,2025-03,995616,851016,144600,14.5,42,0.097,0.219,0.231,0.071,27,1
SHOP149,2025-04,670731,563160,107571,16.0,51,0.127,0.231,0.251,0.043,28,1
SHOP149,2025-05,709393,611321,98072,13.8,60,0.143,0.153,0.199,0.087,29,1
SHOP149,2025-06,709527,602840,106687,15.0,65,0.213,0.216,0.233,0.0,30,1
SHOP149,2025-07,870132,745170,124962,14.4,56,0.115,0.139,0.196,0.096,31,1
SHOP149,2025-08,745386,656984,88402,11.9,64,0.148,0.254,0.251,0.034,32,1
SHOP149,2025-09,634433,554323,80110,12.6,48,0.216,0.218,0.22,0.113,33,1
SHOP149,2025-10,736762,655876,80886,11.0,59,0.195,0.256,0.236,0.121,34,1
SHOP149,2025-11,702757,643768,58989,8.4,61,0.144,0.225,0.265,0.126,35,1
SHOP149,2025-12,515033,445305,69728,13.5,58,0.113,0.243,0.202,0.133,36,1
SHOP150,2023-01,292930,256084,36846,12.6,27,0.163,0.071,0.246,0.109,1,0
SHOP150,2023-02,444057,367291,76766,17.3,26,0.104,0.121,0.192,0.065,2,0
SHOP150,2023-03,352446,301081,51365,14.6,33,0.156,0.103,0.164,0.081,3,0
SHOP150,2023-04,326574,296392,30182,9.2,38,0.05,0.138,0.204,0.072,4,0
SHOP150,2023-05,372403,323609,48794,13.1,31,0.11,0.191,0.31,0.095,5,0
SHOP150,2023-06,267389,236003,31386,11.7,32,0.182,0.229,0.264,0.069,6,0
SHOP150,2023-07,291840,254696,37144,12.7,29,0.12,0.106,0.237,0.109,7,0
SHOP150,2023-08,440889,403060,37829,8.6,38,0.122,0.243,0.338,0.08,8,0
SHOP150,2023-09,374993,339344,35649,9.5,22,0.144,0.194,0.269,0.068,9,0
SHOP150,2023-10,443543,376936,66607,15.0,30,0.232,0.178,0.217,0.114,10,0
SHOP150,2023-11,373434,318450,54984,14.7,28,0.21,0.105,0.333,0.124,11,0
SHOP150,2023-12,404876,360814,44062,10.9,23,0.124,0.084,0.293,0.066,12,0
SHOP150,2024-01,366010,316840,49170,13.4,32,0.175,0.105,0.316,0.137,13,0
SHOP150,2024-02,342565,297154,45411,13.3,27,0.202,0.052,0.182,0.048,14,0
SHOP150,2024-03,259610,222132,37478,14.4,31,0.153,0.147,0.212,0.107,15,0
SHOP150,2024-04,254185,222511,31674,12.5,22,0.27,0.14,0.17,0.076,16,0
SHOP150,2024-05,445818,400388,45430,10.2,17,0.202,0.146,0.228,0.072,17,0
SHOP150,2024-06,442754,403769,38985,8.8,27,0.129,0.1,0.266,0.11,18,0
SHOP150,2024-07,369500,325955,43545,11.8,23,0.1,0.207,0.128,0.105,19,0
SHOP150,2024-08,429887,382938,46949,10.9,29,0.138,0.122,0.222,0.052,20,1
SHOP150,2024-09,336948,297671,39277,11.7,28,0.122,0.224,0.279,0.124,21,0
SHOP150,2024-10,432744,392443,40301,9.3,19,0.09,0.122,0.267,0.118,22,0
SHOP150,2024-11,353997,312873,41124,11.6,29,0.054,0.064,0.258,0.122,23,0
SHOP150,2024-12,220999,197286,23713,10.7,27,0.177,0.057,0.388,0.108,24,0
SHOP150,2025-01,285851,262325,23526,8.2,30,0.174,0.141,0.21,0.083,25,0
SHOP150,2025-02,425246,375204,50042,11.8,27,0.211,0.186,0.244,0.106,26,1
SHOP150,2025-03,425812,396976,28836,6.8,25,0.07,0.107,0.352,0.118,27,0
SHOP150,2025-04,367339,316317,51022,13.9,23,0.251,0.128,0.131,0.087,28,1
SHOP150,2025-05,549305,502350,46955,8.5,25,0.097,0.197,0.231,0.124,29,0
SHOP150,2025-06,407251,357119,50132,12.3,32,0.142,0.11,0.279,0.098,30,0
SHOP150,2025-07,297135,256993,40142,13.5,33,0.23,0.114,0.382,0.139,31,0
SHOP150,2025-08,372022,347070,24952,6.7,22,0.136,0.156,0.151,0.047,32,1
SHOP150,2025-09,340061,310691,29370,8.6,23,0.202,0.107,0.32,0.093,33,0
SHOP150,2025-10,368721,322280,46441,12.6,32,0.156,0.182,0.223,0.126,34,0
SHOP150,2025-11,333361,300630,32731,9.8,20,0.109,0.212,0.325,0.134,35,0
SHOP150,2025-12,208217,187950,20267,9.7,19,0.176,0.166,0.279,0.089,36,0
SHOP151,2023-01,644270,521851,122419,19.0,53,0.247,0.121,0.18,0.116,1,0
SHOP151,2023-02,486205,401213,84992,17.5,57,0.084,0.175,0.236,0.057,2,0
SHOP151,2023-03,602479,522294,80185,13.3,45,0.172,0.237,0.184,0.085,3,0
SHOP151,2023-04,535700,444045,91655,17.1,37,0.147,0.263,0.288,0.118,4,0
SHOP151,2023-05,626492,528143,98349,15.7,45,0.173,0.214,0.236,0.112,5,0
SHOP151,2023-06,575956,513129,62827,10.9,45,0.125,0.235,0.255,0.07,6,0
SHOP151,2023-07,536760,472186,64574,12.0,38,0.101,0.213,0.251,0.099,7,0
SHOP151,2023-08,389322,350384,38938,10.0,35,0.067,0.174,0.119,0.145,8,0
SHOP151,2023-09,542335,455267,87068,16.1,42,0.106,0.154,0.202,0.065,9,0
SHOP151,2023-10,655166,588368,66798,10.2,43,0.132,0.232,0.191,0.08,10,0
SHOP151,2023-11,489200,408687,80513,16.5,37,0.1,0.19,0.3,0.06,11,0
SHOP151,2023-12,589004,490047,98957,16.8,39,0.13,0.321,0.262,0.121,12,0
SHOP151,2024-01,427336,358274,69062,16.2,43,0.157,0.128,0.245,0.085,13,0
SHOP151,2024-02,494773,434871,59902,12.1,41,0.075,0.217,0.137,0.131,14,0
SHOP151,2024-03,429746,352128,77618,18.1,46,0.048,0.168,0.239,0.065,15,0
SHOP151,2024-04,548088,469403,78685,14.4,52,0.203,0.208,0.185,0.088,16,0
SHOP151,2024-05,378018,311689,66329,17.5,52,0.079,0.245,0.252,0.055,17,1
SHOP151,2024-06,536233,452926,83307,15.5,46,0.169,0.175,0.229,0.046,18,1
SHOP151,2024-07,561496,480616,80880,14.4,38,0.097,0.256,0.213,0.083,19,0
SHOP151,2024-08,598486,483667,114819,19.2,47,0.095,0.173,0.208,0.098,20,1
SHOP151,2024-09,630075,532149,97926,15.5,46,0.128,0.129,0.179,0.088,21,1
SHOP151,2024-10,563064,462103,100961,17.9,37,0.113,0.245,0.113,0.123,22,1
SHOP151,2024-11,370430,318646,51784,14.0,37,0.088,0.219,0.134,0.108,23,1
SHOP151,2024-12,512318,434630,77688,15.2,48,0.085,0.19,0.169,0.111,24,1
SHOP151,2025-01,624548,555920,68628,11.0,34,0.057,0.216,0.342,0.057,25,1
SHOP151,2025-02,539401,435339,104062,19.3,45,0.101,0.224,0.257,0.107,26,1
SHOP151,2025-03,659526,526236,133290,20.2,48,0.12,0.27,0.193,0.07,27,1
SHOP151,2025-04,515212,440611,74601,14.5,33,0.097,0.176,0.234,0.051,28,1
SHOP151,2025-05,435770,363967,71803,16.5,32,0.148,0.224,0.186,0.075,29,1
SHOP151,2025-06,563884,482198,81686,14.5,40,0.14,0.173,0.197,0.111,30,0
SHOP151,2025-07,529457,457707,71750,13.6,38,0.103,0.217,0.236,0.067,31,1
SHOP151,2025-08,546000,468621,77379,14.2,50,0.155,0.183,0.173,0.087,32,1
SHOP151,2025-09,554464,447605,106859,19.3,47,0.153,0.216,0.201,0.06,33,1
SHOP151,2025-10,382466,333820,48646,12.7,41,0.172,0.156,0.362,0.077,34,0
SHOP151,2025-11,588063,521174,66889,11.4,53,0.204,0.201,0.139,0.042,35,1
SHOP151,2025-12,544222,463637,80585,14.8,32,0.071,0.196,0.272,0.1,36,0
SHOP152,2023-01,874976,780204,94772,10.8,57,0.152,0.27,0.167,0.057,1,0
SHOP152,2023-02,714885,603867,111018,15.5,46,0.162,0.224,0.11,0.044,2,0
SHOP152,2023-03,978398,873323,105075,10.7,60,0.136,0.139,0.194,0.087,3,0
SHOP152,2023-04,795933,685693,110240,13.9,57,0.087,0.271,0.22,0.032,4,0
SHOP152,2023-05,917497,771960,145537,15.9,59,0.096,0.188,0.281,0.064,5,0
SHOP152,2023-06,959936,818962,140974,14.7,53,0.07,0.129,0.233,0.098,6,0
SHOP152,2023-07,613448,538820,74628,12.2,53,0.153,0.309,0.249,0.106,7,0
SHOP152,2023-08,715151,573675,141476,19.8,51,0.167,0.262,0.157,0.053,8,0
SHOP152,2023-09,664234,583882,80352,12.1,56,0.172,0.214,0.213,0.039,9,0
SHOP152,2023-10,613926,500976,112950,18.4,55,0.095,0.19,0.242,0.086,10,0
SHOP152,2023-11,595180,520934,74246,12.5,58,0.085,0.279,0.1,0.118,11,0
SHOP152,2023-12,536364,428649,107715,20.1,68,0.092,0.225,0.237,0.076,12,0
SHOP152,2024-01,634126,529936,104190,16.4,52,0.102,0.27,0.189,0.023,13,1
SHOP152,2024-02,1011114,872628,138486,13.7,53,0.178,0.297,0.205,0.136,14,0
SHOP152,2024-03,561324,469328,91996,16.4,55,0.103,0.224,0.191,0.078,15,0
SHOP152,2024-04,685207,557719,127488,18.6,52,0.037,0.325,0.244,0.102,16,1
SHOP152,2024-05,740001,592604,147397,19.9,60,0.131,0.203,0.147,0.094,17,1
SHOP152,2024-06,893317,735619,157698,17.7,62,0.103,0.23,0.319,0.126,18,0
SHOP152,2024-07,711045,615466,95579,13.4,52,0.0,0.252,0.153,0.0,19,1
SHOP152,2024-08,943590,828090,115500,12.2,63,0.159,0.214,0.186,0.11,20,1
SHOP152,2024-09,764548,688699,75849,9.9,59,0.0,0.243,0.172,0.062,21,1
SHOP152,2024-10,693745,568574,125171,18.0,54,0.133,0.241,0.214,0.058,22,1
SHOP152,2024-11,900469,758282,142187,15.8,57,0.114,0.187,0.255,0.057,23,1
SHOP152,2024-12,549137,448765,100372,18.3,57,0.139,0.272,0.253,0.096,24,1
SHOP152,2025-01,757397,640732,116665,15.4,54,0.147,0.172,0.141,0.048,25,1
SHOP152,2025-02,923769,760887,162882,17.6,48,0.086,0.237,0.246,0.104,26,1
SHOP152,2025-03,609154,514193,94961,15.6,65,0.083,0.209,0.179,0.011,27,1
SHOP152,2025-04,682457,596935,85522,12.5,45,0.153,0.182,0.214,0.054,28,1
SHOP152,2025-05,706540,622304,84236,11.9,53,0.132,0.237,0.185,0.086,29,1
SHOP152,2025-06,633380,563065,70315,11.1,49,0.11,0.161,0.244,0.104,30,1
SHOP152,2025-07,640021,567559,72462,11.3,62,0.148,0.288,0.229,0.044,31,1
SHOP152,2025-08,746282,589774,156508,21.0,71,0.077,0.244,0.235,0.037,32,1
SHOP152,2025-09,937810,837485,100325,10.7,55,0.084,0.182,0.119,0.089,33,1
SHOP152,2025-10,966981,787094,179887,18.6,56,0.077,0.217,0.151,0.041,34,1
SHOP152,2025-11,680807,591861,88946,13.1,62,0.107,0.252,0.159,0.094,35,1
SHOP152,2025-12,664123,567461,96662,14.6,62,0.061,0.175,0.303,0.102,36,0
SHOP153,2023-01,646210,575055,71155,11.0,51,0.102,0.207,0.154,0.083,1,0
SHOP153,2023-02,648348,552796,95552,14.7,55,0.094,0.266,0.229,0.095,2,0
SHOP153,2023-03,636962,537299,99663,15.6,64,0.096,0.218,0.177,0.085,3,0
SHOP153,2023-04,671886,592443,79443,11.8,41,0.122,0.309,0.222,0.117,4,0
SHOP153,2023-05,1043599,866051,177548,17.0,62,0.085,0.245,0.201,0.09,5,0
SHOP153,2023-06,704676,610177,94499,13.4,53,0.2,0.294,0.176,0.047,6,0
SHOP153,2023-07,924255,739116,185139,20.0,50,0.084,0.223,0.131,0.121,7,0
SHOP153,2023-08,461203,394305,66898,14.5,59,0.185,0.285,0.216,0.108,8,0
SHOP153,2023-09,538615,463566,75049,13.9,52,0.069,0.358,0.267,0.083,9,1
SHOP153,2023-10,783763,656070,127693,16.3,52,0.117,0.272,0.256,0.087,10,1
SHOP153,2023-11,794944,667062,127882,16.1,68,0.134,0.199,0.032,0.123,11,1
SHOP153,2023-12,811827,659199,152628,18.8,56,0.217,0.265,0.136,0.074,12,0
SHOP153,2024-01,620175,514186,105989,17.1,53,0.132,0.234,0.269,0.066,13,1
SHOP153,2024-02,740624,642177,98447,13.3,56,0.115,0.328,0.223,0.054,14,1
SHOP153,2024-03,895176,753127,142049,15.9,49,0.146,0.223,0.232,0.088,15,1
SHOP153,2024-04,720123,604460,115663,16.1,64,0.094,0.192,0.118,0.064,16,1
SHOP153,2024-05,752368,627632,124736,16.6,57,0.064,0.238,0.257,0.044,17,0
SHOP153,2024-06,643920,526314,117606,18.3,54,0.108,0.301,0.137,0.087,18,1
SHOP153,2024-07,946804,794831,151973,16.1,54,0.22,0.243,0.099,0.08,19,1
SHOP153,2024-08,905819,748633,157186,17.4,56,0.02,0.25,0.221,0.06,20,1
SHOP153,2024-09,759383,651868,107515,14.2,50,0.16,0.174,0.131,0.03,21,1
SHOP153,2024-10,808167,677718,130449,16.1,58,0.103,0.186,0.202,0.094,22,1
SHOP153,2024-11,756815,636537,120278,15.9,59,0.108,0.235,0.263,0.055,23,1
SHOP153,2024-12,670601,548101,122500,18.3,65,0.198,0.174,0.083,0.016,24,1
SHOP153,2025-01,704139,622373,81766,11.6,48,0.127,0.253,0.141,0.067,25,1
SHOP153,2025-02,563333,471187,92146,16.4,50,0.062,0.241,0.21,0.084,26,1
SHOP153,2025-03,699895,601053,98842,14.1,62,0.07,0.291,0.129,0.043,27,1
SHOP153,2025-04,717119,596257,120862,16.9,57,0.129,0.26,0.199,0.051,28,1
SHOP153,2025-05,783057,680529,102528,13.1,59,0.105,0.119,0.242,0.1,29,1
SHOP153,2025-06,692073,594306,97767,14.1,57,0.081,0.392,0.225,0.031,30,1
SHOP153,2025-07,778430,657611,120819,15.5,64,0.089,0.273,0.186,0.067,31,1
SHOP153,2025-08,728287,633613,94674,13.0,59,0.056,0.24,0.225,0.075,32,1
SHOP153,2025-09,905352,758788,146564,16.2,58,0.171,0.281,0.2,0.1,33,1
SHOP153,2025-10,733163,629641,103522,14.1,56,0.07,0.237,0.158,0.056,34,1
SHOP153,2025-11,654756,544511,110245,16.8,56,0.031,0.203,0.178,0.054,35,1
SHOP153,2025-12,722733,585841,136892,18.9,57,0.103,0.247,0.167,0.044,36,1
SHOP154,2023-01,729346,639920,89426,12.3,51,0.165,0.163,0.236,0.062,1,0
SHOP154,2023-02,805116,711360,93756,11.6,51,0.151,0.161,0.207,0.082,2,0
SHOP154,2023-03,701433,581341,120092,17.1,65,0.14,0.172,0.19,0.115,3,0
SHOP154,2023-04,786462,649896,136566,17.4,52,0.146,0.185,0.277,0.096,4,0
SHOP154,2023-05,832908,748502,84406,10.1,52,0.185,0.159,0.33,0.066,5,0
SHOP154,2023-06,801608,730260,71348,8.9,52,0.138,0.096,0.31,0.095,6,0
SHOP154,2023-07,1027852,917425,110427,10.7,59,0.083,0.142,0.26,0.087,7,0
SHOP154,2023-08,539465,486932,52533,9.7,62,0.109,0.164,0.244,0.097,8,0
SHOP154,2023-09,810083,722957,87126,10.8,55,0.128,0.114,0.321,0.062,9,0
SHOP154,2023-10,706958,627073,79885,11.3,60,0.243,0.205,0.292,0.052,10,0
SHOP154,2023-11,612805,522317,90488,14.8,50,0.144,0.144,0.257,0.117,11,0
SHOP154,2023-12,485267,431371,53896,11.1,63,0.088,0.149,0.195,0.107,12,0
SHOP154,2024-01,969045,847876,121169,12.5,62,0.187,0.138,0.307,0.068,13,0
SHOP154,2024-02,602027,526115,75912,12.6,49,0.009,0.167,0.266,0.108,14,0
SHOP154,2024-03,716259,665949,50310,7.0,56,0.132,0.209,0.22,0.109,15,0
SHOP154,2024-04,895769,757970,137799,15.4,63,0.114,0.152,0.321,0.094,16,0
SHOP154,2024-05,684079,574549,109530,16.0,54,0.214,0.103,0.28,0.061,17,0
SHOP154,2024-06,828868,730124,98744,11.9,54,0.176,0.126,0.259,0.11,18,0
SHOP154,2024-07,670025,566965,103060,15.4,54,0.155,0.223,0.335,0.033,19,0
SHOP154,2024-08,672347,626187,46160,6.9,72,0.139,0.131,0.252,0.065,20,0
SHOP154,2024-09,769946,672207,97739,12.7,54,0.091,0.13,0.252,0.181,21,0
SHOP154,2024-10,781718,709816,71902,9.2,57,0.161,0.195,0.2,0.047,22,0
SHOP154,2024-11,563260,464016,99244,17.6,63,0.186,0.106,0.238,0.101,23,0
SHOP154,2024-12,839388,714790,124598,14.8,56,0.283,0.176,0.136,0.067,24,1
SHOP154,2025-01,742602,608306,134296,18.1,50,0.083,0.183,0.185,0.056,25,1
SHOP154,2025-02,892754,799459,93295,10.5,56,0.168,0.156,0.241,0.108,26,0
SHOP154,2025-03,810221,701515,108706,13.4,66,0.203,0.254,0.236,0.099,27,1
SHOP154,2025-04,673058,606346,66712,9.9,50,0.145,0.197,0.296,0.145,28,0
SHOP154,2025-05,880188,780932,99256,11.3,57,0.164,0.285,0.343,0.07,29,0
SHOP154,2025-06,911396,825681,85715,9.4,58,0.228,0.199,0.26,0.143,30,0
SHOP154,2025-07,660415,583200,77215,11.7,59,0.114,0.205,0.216,0.108,31,0
SHOP154,2025-08,556036,473440,82596,14.9,45,0.076,0.163,0.303,0.09,32,1
SHOP154,2025-09,738328,686480,51848,7.0,62,0.094,0.139,0.222,0.08,33,0
SHOP154,2025-10,763708,653380,110328,14.4,60,0.156,0.144,0.325,0.084,34,0
SHOP154,2025-11,756418,672390,84028,11.1,46,0.103,0.053,0.153,0.084,35,0
SHOP154,2025-12,421982,349443,72539,17.2,71,0.097,0.182,0.209,0.104,36,0
SHOP155,2023-01,631360,550450,80910,12.8,55,0.109,0.101,0.136,0.066,1,0
SHOP155,2023-02,618040,521441,96599,15.6,41,0.042,0.199,0.162,0.133,2,0
SHOP155,2023-03,542294,459193,83101,15.3,49,0.085,0.202,0.022,0.048,3,0
SHOP155,2023-04,545897,453035,92862,17.0,48,0.137,0.26,0.239,0.059,4,0
SHOP155,2023-05,568642,490690,77952,13.7,42,0.241,0.102,0.192,0.084,5,0
SHOP155,2023-06,766091,698286,67805,8.9,39,0.185,0.287,0.252,0.068,6,0
SHOP155,2023-07,471281,407544,63737,13.5,52,0.137,0.132,0.174,0.118,7,0
SHOP155,2023-08,581447,494424,87023,15.0,23,0.066,0.192,0.13,0.109,8,0
SHOP155,2023-09,468456,410439,58017,12.4,48,0.035,0.118,0.185,0.058,9,0
SHOP155,2023-10,595395,505351,90044,15.1,37,0.167,0.173,0.147,0.055,10,0
SHOP155,2023-11,466855,393930,72925,15.6,46,0.088,0.208,0.251,0.084,11,0
SHOP155,2023-12,651559,583656,67903,10.4,39,0.093,0.149,0.269,0.077,12,0
SHOP155,2024-01,503478,441842,61636,12.2,58,0.183,0.296,0.209,0.045,13,0
SHOP155,2024-02,555631,468082,87549,15.8,42,0.142,0.186,0.246,0.104,14,0
SHOP155,2024-03,622936,510362,112574,18.1,47,0.0,0.299,0.139,0.048,15,1
SHOP155,2024-04,518041,430936,87105,16.8,39,0.147,0.288,0.227,0.083,16,0
SHOP155,2024-05,738293,645861,92432,12.5,49,0.145,0.17,0.251,0.063,17,0
SHOP155,2024-06,428094,356453,71641,16.7,52,0.084,0.218,0.174,0.092,18,1
SHOP155,2024-07,366255,300625,65630,17.9,44,0.196,0.153,0.328,0.032,19,0
SHOP155,2024-08,652802,569342,83460,12.8,53,0.129,0.194,0.201,0.098,20,1
SHOP155,2024-09,618184,532994,85190,13.8,47,0.149,0.158,0.209,0.044,21,1
SHOP155,2024-10,706144,624975,81169,11.5,35,0.01,0.149,0.246,0.092,22,1
SHOP155,2024-11,337841,300670,37171,11.0,42,0.106,0.155,0.215,0.064,23,1
SHOP155,2024-12,613010,520201,92809,15.1,41,0.141,0.246,0.181,0.114,24,1
SHOP155,2025-01,467277,388834,78443,16.8,49,0.038,0.206,0.057,0.053,25,1
SHOP155,2025-02,620470,537895,82575,13.3,46,0.046,0.223,0.171,0.087,26,1
SHOP155,2025-03,465331,391090,74241,16.0,38,0.15,0.243,0.211,0.103,27,1
SHOP155,2025-04,468384,428170,40214,8.6,48,0.183,0.176,0.212,0.055,28,1
SHOP155,2025-05,397698,343625,54073,13.6,41,0.093,0.217,0.206,0.122,29,1
SHOP155,2025-06,567386,470346,97040,17.1,34,0.116,0.248,0.228,0.034,30,1
SHOP155,2025-07,549690,481706,67984,12.4,45,0.165,0.169,0.196,0.153,31,1
SHOP155,2025-08,588732,497051,91681,15.6,48,0.097,0.21,0.189,0.075,32,1
SHOP155,2025-09,568372,493104,75268,13.2,45,0.141,0.298,0.253,0.078,33,1
SHOP155,2025-10,509666,436064,73602,14.4,41,0.19,0.189,0.263,0.049,34,1
SHOP155,2025-11,398906,330085,68821,17.3,40,0.016,0.315,0.283,0.11,35,1
SHOP155,2025-12,413469,331331,82138,19.9,49,0.148,0.217,0.314,0.07,36,0
SHOP156,2023-01,619139,571282,47857,7.7,55,0.075,0.171,0.406,0.063,1,0
SHOP156,2023-02,676809,567181,109628,16.2,46,0.105,0.217,0.279,0.103,2,0
SHOP156,2023-03,476004,406870,69134,14.5,39,0.134,0.173,0.204,0.033,3,0
SHOP156,2023-04,624868,555914,68954,11.0,45,0.115,0.224,0.125,0.064,4,0
SHOP156,2023-05,467102,411425,55677,11.9,46,0.196,0.155,0.154,0.111,5,0
SHOP156,2023-06,708030,603349,104681,14.8,58,0.106,0.2,0.167,0.116,6,0
SHOP156,2023-07,589250,513096,76154,12.9,42,0.13,0.119,0.205,0.106,7,0
SHOP156,2023-08,578474,507596,70878,12.3,43,0.104,0.233,0.174,0.093,8,0
SHOP156,2023-09,813896,726499,87397,10.7,43,0.094,0.198,0.221,0.126,9,0
SHOP156,2023-10,729003,662525,66478,9.1,51,0.208,0.233,0.27,0.085,10,0
SHOP156,2023-11,519461,458065,61396,11.8,49,0.061,0.178,0.216,0.094,11,0
SHOP156,2023-12,577595,507527,70068,12.1,32,0.129,0.214,0.232,0.049,12,0
SHOP156,2024-01,539749,476808,62941,11.7,42,0.104,0.23,0.253,0.109,13,0
SHOP156,2024-02,619583,523579,96004,15.5,46,0.0,0.164,0.292,0.089,14,0
SHOP156,2024-03,740458,646543,93915,12.7,44,0.164,0.172,0.31,0.085,15,0
SHOP156,2024-04,690198,591352,98846,14.3,40,0.121,0.118,0.252,0.079,16,0
SHOP156,2024-05,732551,658628,73923,10.1,52,0.062,0.122,0.219,0.097,17,0
SHOP156,2024-06,595714,497540,98174,16.5,48,0.233,0.235,0.146,0.108,18,0
SHOP156,2024-07,546761,485102,61659,11.3,53,0.106,0.119,0.304,0.107,19,0
SHOP156,2024-08,375013,327114,47899,12.8,41,0.195,0.232,0.286,0.095,20,0
SHOP156,2024-09,552289,509134,43155,7.8,39,0.176,0.149,0.142,0.081,21,1
SHOP156,2024-10,578756,465471,113285,19.6,42,0.104,0.178,0.225,0.128,22,1
SHOP156,2024-11,576315,510357,65958,11.4,50,0.241,0.228,0.275,0.124,23,0
SHOP156,2024-12,607058,558174,48884,8.1,55,0.193,0.101,0.234,0.069,24,0
SHOP156,2025-01,766012,636588,129424,16.9,49,0.154,0.182,0.187,0.129,25,1
SHOP156,2025-02,634394,541430,92964,14.7,36,0.121,0.133,0.174,0.075,26,1
SHOP156,2025-03,352975,302295,50680,14.4,49,0.188,0.162,0.373,0.12,27,1
SHOP156,2025-04,795407,725275,70132,8.8,48,0.095,0.053,0.273,0.039,28,0
SHOP156,2025-05,592101,516066,76035,12.8,44,0.175,0.198,0.211,0.074,29,1
SHOP156,2025-06,603857,541003,62854,10.4,53,0.092,0.196,0.253,0.119,30,0
SHOP156,2025-07,706290,621256,85034,12.0,35,0.059,0.301,0.28,0.078,31,1
SHOP156,2025-08,559431,486716,72715,13.0,44,0.057,0.252,0.2,0.128,32,0
SHOP156,2025-09,379542,329532,50010,13.2,44,0.183,0.272,0.291,0.06,33,1
SHOP156,2025-10,571531,486108,85423,14.9,43,0.208,0.19,0.332,0.083,34,0
SHOP156,2025-11,693985,563842,130143,18.8,49,0.161,0.149,0.212,0.107,35,1
SHOP156,2025-12,846703,748322,98381,11.6,50,0.121,0.201,0.261,0.057,36,1
SHOP157,2023-01,327716,289730,37986,11.6,21,0.013,0.271,0.226,0.126,1,0
SHOP157,2023-02,298477,254614,43863,14.7,22,0.069,0.226,0.103,0.07,2,0
SHOP157,2023-03,301505,246769,54736,18.2,27,0.17,0.25,0.193,0.071,3,0
SHOP157,2023-04,279695,229020,50675,18.1,18,0.031,0.298,0.164,0.093,4,0
SHOP157,2023-05,237102,201150,35952,15.2,16,0.153,0.181,0.095,0.032,5,0
SHOP157,2023-06,346660,271695,74965,21.6,19,0.103,0.343,0.158,0.086,6,1
SHOP157,2023-07,269363,230426,38937,14.5,26,0.021,0.203,0.191,0.034,7,0
SHOP157,2023-08,227211,183321,43890,19.3,20,0.034,0.278,0.181,0.061,8,1
SHOP157,2023-09,361297,292917,68380,18.9,23,0.15,0.239,0.035,0.057,9,1
SHOP157,2023-10,204910,165924,38986,19.0,24,0.032,0.243,0.183,0.083,10,0
SHOP157,2023-11,234115,204111,30004,12.8,12,0.115,0.173,0.235,0.078,11,0
SHOP157,2023-12,275676,226730,48946,17.8,18,0.042,0.317,0.153,0.027,12,1
SHOP157,2024-01,261164,225036,36128,13.8,8,0.021,0.191,0.192,0.069,13,0
SHOP157,2024-02,160433,131996,28437,17.7,22,0.095,0.251,0.108,0.014,14,1
SHOP157,2024-03,190790,162409,28381,14.9,12,0.029,0.26,0.199,0.003,15,0
SHOP157,2024-04,197217,160973,36244,18.4,20,0.082,0.217,0.149,0.015,16,1
SHOP157,2024-05,272144,219844,52300,19.2,23,0.077,0.357,0.135,0.12,17,1
SHOP157,2024-06,176477,141559,34918,19.8,22,0.112,0.276,0.189,0.087,18,1
SHOP157,2024-07,169755,140425,29330,17.3,20,0.099,0.31,0.22,0.084,19,1
SHOP157,2024-08,199642,157829,41813,20.9,16,0.077,0.245,0.205,0.055,20,1
SHOP157,2024-09,236832,194961,41871,17.7,24,0.078,0.199,0.182,0.046,21,1
SHOP157,2024-10,252320,219188,33132,13.1,19,0.04,0.24,0.214,0.079,22,1
SHOP157,2024-11,202518,174238,28280,14.0,13,0.099,0.283,0.056,0.05,23,1
SHOP157,2024-12,281021,240593,40428,14.4,24,0.14,0.226,0.224,0.068,24,1
SHOP157,2025-01,213385,175028,38357,18.0,14,0.023,0.33,0.16,0.071,25,1
SHOP157,2025-02,212637,180828,31809,15.0,19,0.118,0.269,0.18,0.048,26,1
SHOP157,2025-03,258029,214678,43351,16.8,20,0.036,0.29,0.15,0.02,27,1
SHOP157,2025-04,292935,247093,45842,15.6,13,0.14,0.208,0.192,0.127,28,1
SHOP157,2025-05,188208,159153,29055,15.4,19,0.0,0.3,0.228,0.09,29,1
SHOP157,2025-06,290866,252506,38360,13.2,23,0.022,0.235,0.202,0.043,30,1
SHOP157,2025-07,251660,197520,54140,21.5,31,0.128,0.221,0.07,0.058,31,1
SHOP157,2025-08,244700,208231,36469,14.9,15,0.066,0.296,0.189,0.094,32,1
SHOP157,2025-09,250303,218758,31545,12.6,21,0.21,0.231,0.205,0.079,33,1
SHOP157,2025-10,150554,124472,26082,17.3,13,0.065,0.197,0.172,0.073,34,1
SHOP157,2025-11,264793,211365,53428,20.2,19,0.067,0.267,0.169,0.011,35,1
SHOP157,2025-12,227794,184318,43476,19.1,12,0.109,0.194,0.224,0.062,36,1
SHOP158,2023-01,513616,415350,98266,19.1,45,0.17,0.094,0.202,0.041,1,0
SHOP158,2023-02,501441,429662,71779,14.3,39,0.126,0.107,0.265,0.07,2,0
SHOP158,2023-03,652906,611418,41488,6.4,32,0.095,0.278,0.31,0.098,3,0
SHOP158,2023-04,531222,439048,92174,17.4,44,0.051,0.153,0.369,0.199,4,0
SHOP158,2023-05,442410,368966,73444,16.6,27,0.132,0.243,0.307,0.087,5,0
SHOP158,2023-06,449909,387831,62078,13.8,36,0.142,0.202,0.245,0.122,6,0
SHOP158,2023-07,428025,375945,52080,12.2,34,0.234,0.202,0.344,0.099,7,0
SHOP158,2023-08,323041,277644,45397,14.1,36,0.192,0.112,0.263,0.165,8,0
SHOP158,2023-09,463777,404122,59655,12.9,34,0.099,0.059,0.185,0.048,9,0
SHOP158,2023-10,509257,461933,47324,9.3,38,0.124,0.177,0.19,0.144,10,0
SHOP158,2023-11,535844,477914,57930,10.8,29,0.103,0.133,0.14,0.08,11,0
SHOP158,2023-12,532704,465509,67195,12.6,31,0.088,0.226,0.274,0.096,12,0
SHOP158,2024-01,568165,483788,84377,14.9,38,0.037,0.189,0.254,0.092,13,0
SHOP158,2024-02,650522,577490,73032,11.2,25,0.13,0.19,0.281,0.138,14,0
SHOP158,2024-03,685352,604983,80369,11.7,36,0.094,0.1,0.154,0.135,15,0
SHOP158,2024-04,436159,395106,41053,9.4,39,0.096,0.145,0.25,0.1,16,0
SHOP158,2024-05,499311,467147,32164,6.4,34,0.151,0.261,0.233,0.079,17,0
SHOP158,2024-06,266666,234220,32446,12.2,37,0.172,0.143,0.251,0.125,18,0
SHOP158,2024-07,514400,437968,76432,14.9,35,0.192,0.181,0.188,0.081,19,0
SHOP158,2024-08,537062,479718,57344,10.7,37,0.087,0.246,0.227,0.117,20,0
SHOP158,2024-09,462294,428647,33647,7.3,34,0.166,0.238,0.327,0.032,21,0
SHOP158,2024-10,597577,496340,101237,16.9,44,0.064,0.163,0.13,0.077,22,1
SHOP158,2024-11,466003,387255,78748,16.9,36,0.134,0.097,0.298,0.062,23,0
SHOP158,2024-12,502884,433761,69123,13.7,43,0.063,0.148,0.205,0.146,24,0
SHOP158,2025-01,458996,394102,64894,14.1,36,0.185,0.114,0.355,0.122,25,0
SHOP158,2025-02,506878,450963,55915,11.0,35,0.145,0.202,0.244,0.067,26,0
SHOP158,2025-03,404650,366125,38525,9.5,43,0.224,0.209,0.209,0.137,27,0
SHOP158,2025-04,458162,405433,52729,11.5,36,0.181,0.175,0.308,0.136,28,0
SHOP158,2025-05,481812,437646,44166,9.2,36,0.103,0.181,0.301,0.148,29,0
SHOP158,2025-06,372372,308241,64131,17.2,41,0.098,0.171,0.109,0.08,30,1
SHOP158,2025-07,476378,428508,47870,10.0,31,0.131,0.175,0.317,0.064,31,0
SHOP158,2025-08,404528,353880,50648,12.5,34,0.106,0.212,0.257,0.091,32,1
SHOP158,2025-09,534262,484855,49407,9.2,44,0.168,0.192,0.295,0.108,33,0
SHOP158,2025-10,520472,435623,84849,16.3,36,0.043,0.208,0.293,0.09,34,0
SHOP158,2025-11,531702,483002,48700,9.2,39,0.056,0.136,0.201,0.091,35,1
SHOP158,2025-12,529790,467410,62380,11.8,37,0.167,0.104,0.258,0.102,36,0
SHOP159,2023-01,379418,329289,50129,13.2,33,0.069,0.223,0.169,0.128,1,0
SHOP159,2023-02,297845,252374,45471,15.3,32,0.171,0.198,0.211,0.109,2,0
SHOP159,2023-03,307681,268008,39673,12.9,40,0.085,0.304,0.233,0.095,3,0
SHOP159,2023-04,398606,331050,67556,16.9,30,0.125,0.2,0.167,0.036,4,0
SHOP159,2023-05,304592,249427,55165,18.1,30,0.08,0.233,0.213,0.086,5,0
SHOP159,2023-06,351565,320618,30947,8.8,13,0.145,0.194,0.264,0.04,6,0
SHOP159,2023-07,263960,237226,26734,10.1,21,0.094,0.273,0.236,0.073,7,0
SHOP159,2023-08,183845,160866,22979,12.5,27,0.046,0.286,0.254,0.089,8,0
SHOP159,2023-09,251652,218402,33250,13.2,28,0.155,0.189,0.307,0.07,9,0
SHOP159,2023-10,277440,232301,45139,16.3,27,0.105,0.318,0.252,0.104,10,0
SHOP159,2023-11,273666,221869,51797,18.9,23,0.105,0.273,0.236,0.032,11,0
SHOP159,2023-12,284527,247607,36920,13.0,17,0.099,0.175,0.201,0.06,12,0
SHOP159,2024-01,319870,265256,54614,17.1,30,0.14,0.155,0.317,0.124,13,0
SHOP159,2024-02,363712,312801,50911,14.0,18,0.075,0.271,0.113,0.099,14,1
SHOP159,2024-03,296692,239607,57085,19.2,19,0.214,0.126,0.226,0.087,15,0
SHOP159,2024-04,318688,267159,51529,16.2,22,0.174,0.19,0.299,0.063,16,1
SHOP159,2024-05,297488,263305,34183,11.5,23,0.111,0.227,0.284,0.042,17,1
SHOP159,2024-06,238227,198910,39317,16.5,25,0.062,0.212,0.179,0.065,18,1
SHOP159,2024-07,261950,211928,50022,19.1,23,0.237,0.229,0.175,0.058,19,0
SHOP159,2024-08,402966,344980,57986,14.4,20,0.123,0.157,0.209,0.138,20,1
SHOP159,2024-09,327183,278184,48999,15.0,24,0.177,0.217,0.199,0.042,21,0
SHOP159,2024-10,309759,258835,50924,16.4,31,0.144,0.115,0.206,0.06,22,1
SHOP159,2024-11,361425,299538,61887,17.1,20,0.141,0.162,0.078,0.065,23,1
SHOP159,2024-12,400115,328644,71471,17.9,30,0.102,0.195,0.146,0.062,24,1
SHOP159,2025-01,293618,252603,41015,14.0,27,0.081,0.177,0.169,0.102,25,1
SHOP159,2025-02,297551,263115,34436,11.6,18,0.21,0.224,0.147,0.135,26,0
SHOP159,2025-03,321406,273572,47834,14.9,22,0.124,0.255,0.201,0.053,27,1
SHOP159,2025-04,397985,348597,49388,12.4,30,0.123,0.236,0.155,0.069,28,1
SHOP159,2025-05,363182,314171,49011,13.5,22,0.146,0.22,0.215,0.079,29,1
SHOP159,2025-06,331261,274359,56902,17.2,34,0.122,0.28,0.213,0.043,30,1
SHOP159,2025-07,414771,363027,51744,12.5,20,0.191,0.247,0.152,0.148,31,1
SHOP159,2025-08,347614,305940,41674,12.0,20,0.171,0.274,0.175,0.052,32,1
SHOP159,2025-09,325158,277244,47914,14.7,31,0.233,0.241,0.136,0.072,33,1
SHOP159,2025-10,352639,317447,35192,10.0,26,0.138,0.257,0.125,0.079,34,1
SHOP159,2025-11,277112,223251,53861,19.4,22,0.122,0.228,0.158,0.084,35,1
SHOP159,2025-12,329367,269127,60240,18.3,23,0.062,0.237,0.182,0.095,36,1
SHOP160,2023-01,932849,798502,134347,14.4,71,0.178,0.194,0.199,0.068,1,0
SHOP160,2023-02,1158235,1054669,103566,8.9,62,0.066,0.177,0.223,0.089,2,0
SHOP160,2023-03,674676,551010,123666,18.3,67,0.013,0.293,0.249,0.061,3,0
SHOP160,2023-04,712581,583154,129427,18.2,67,0.082,0.226,0.089,0.06,4,0
SHOP160,2023-05,1053791,855956,197835,18.8,65,0.0,0.298,0.19,0.026,5,0
SHOP160,2023-06,800720,711553,89167,11.1,58,0.098,0.324,0.088,0.02,6,0
SHOP160,2023-07,734806,634172,100634,13.7,76,0.0,0.268,0.14,0.023,7,1
SHOP160,2023-08,846559,686689,159870,18.9,74,0.069,0.23,0.234,0.046,8,0
SHOP160,2023-09,1317809,1085024,232785,17.7,63,0.131,0.217,0.269,0.081,9,0
SHOP160,2023-10,947239,787919,159320,16.8,70,0.107,0.242,0.124,0.074,10,0
SHOP160,2023-11,889922,695553,194369,21.8,64,0.043,0.279,0.213,0.075,11,1
SHOP160,2023-12,924513,766193,158320,17.1,69,0.089,0.229,0.082,0.087,12,1
SHOP160,2024-01,745852,676085,69767,9.4,55,0.077,0.257,0.165,0.099,13,0
SHOP160,2024-02,1001182,824561,176621,17.6,71,0.042,0.165,0.116,0.076,14,1
SHOP160,2024-03,392532,335090,57442,14.6,60,0.076,0.185,0.189,0.096,15,1
SHOP160,2024-04,931721,815646,116075,12.5,68,0.149,0.194,0.121,0.073,16,1
SHOP160,2024-05,702723,595206,107517,15.3,66,0.055,0.212,0.177,0.101,17,0
SHOP160,2024-06,823574,681424,142150,17.3,64,0.009,0.21,0.137,0.094,18,1
SHOP160,2024-07,661116,558100,103016,15.6,72,0.151,0.276,0.267,0.109,19,1
SHOP160,2024-08,804998,641455,163543,20.3,67,0.021,0.171,0.129,0.081,20,1
SHOP160,2024-09,791172,684634,106538,13.5,54,0.137,0.241,0.301,0.007,21,0
SHOP160,2024-10,669344,584332,85012,12.7,62,0.119,0.209,0.281,0.04,22,1
SHOP160,2024-11,826084,690152,135932,16.5,59,0.11,0.288,0.289,0.072,23,1
SHOP160,2024-12,755250,617149,138101,18.3,70,0.128,0.204,0.181,0.102,24,1
SHOP160,2025-01,880118,755416,124702,14.2,79,0.089,0.214,0.152,0.102,25,1
SHOP160,2025-02,875386,741285,134101,15.3,78,0.024,0.242,0.224,0.067,26,1
SHOP160,2025-03,1027272,845531,181741,17.7,61,0.152,0.068,0.166,0.0,27,1
SHOP160,2025-04,856357,739451,116906,13.7,61,0.106,0.288,0.225,0.103,28,1
SHOP160,2025-05,725889,637588,88301,12.2,61,0.191,0.165,0.133,0.051,29,1
SHOP160,2025-06,956933,819006,137927,14.4,73,0.134,0.305,0.177,0.046,30,1
SHOP160,2025-07,818103,696302,121801,14.9,56,0.099,0.172,0.121,0.061,31,1
SHOP160,2025-08,1049431,864578,184853,17.6,65,0.091,0.185,0.251,0.105,32,1
SHOP160,2025-09,667399,557810,109589,16.4,72,0.183,0.286,0.155,0.043,33,1
SHOP160,2025-10,921645,766993,154652,16.8,60,0.147,0.197,0.109,0.04,34,1
SHOP160,2025-11,1132141,972230,159911,14.1,76,0.019,0.208,0.272,0.105,35,1
SHOP160,2025-12,658721,557388,101333,15.4,65,0.057,0.154,0.156,0.083,36,1
SHOP161,2023-01,649719,543915,105804,16.3,64,0.059,0.249,0.183,0.113,1,0
SHOP161,2023-02,868489,780848,87641,10.1,63,0.135,0.097,0.321,0.151,2,0
SHOP161,2023-03,805720,704077,101643,12.6,69,0.083,0.206,0.221,0.095,3,0
SHOP161,2023-04,753673,623597,130076,17.3,60,0.225,0.225,0.195,0.151,4,0
SHOP161,2023-05,826631,695799,130832,15.8,60,0.256,0.148,0.256,0.135,5,0
SHOP161,2023-06,762877,647657,115220,15.1,63,0.128,0.149,0.187,0.1,6,0
SHOP161,2023-07,913194,768588,144606,15.8,67,0.214,0.278,0.229,0.113,7,0
SHOP161,2023-08,856006,726047,129959,15.2,74,0.08,0.307,0.353,0.104,8,0
SHOP161,2023-09,871534,698666,172868,19.8,60,0.099,0.179,0.2,0.077,9,0
SHOP161,2023-10,929762,811133,118629,12.8,69,0.108,0.257,0.278,0.127,10,0
SHOP161,2023-11,998978,845088,153890,15.4,50,0.084,0.159,0.358,0.097,11,0
SHOP161,2023-12,696035,603275,92760,13.3,62,0.133,0.167,0.241,0.078,12,0
SHOP161,2024-01,428041,380379,47662,11.1,61,0.138,0.222,0.286,0.095,13,0
SHOP161,2024-02,637296,561036,76260,12.0,58,0.123,0.26,0.266,0.143,14,0
SHOP161,2024-03,751049,659025,92024,12.3,64,0.153,0.317,0.168,0.063,15,1
SHOP161,2024-04,1053049,951055,101994,9.7,73,0.116,0.177,0.276,0.069,16,0
SHOP161,2024-05,983119,825796,157323,16.0,58,0.091,0.159,0.184,0.066,17,0
SHOP161,2024-06,724725,658989,65736,9.1,61,0.125,0.114,0.257,0.083,18,0
SHOP161,2024-07,596784,506135,90649,15.2,62,0.165,0.194,0.283,0.099,19,0
SHOP161,2024-08,864868,726815,138053,16.0,63,0.154,0.155,0.265,0.086,20,1
SHOP161,2024-09,1013702,878508,135194,13.3,70,0.077,0.228,0.241,0.092,21,1
SHOP161,2024-10,671657,557053,114604,17.1,58,0.173,0.146,0.181,0.052,22,1
SHOP161,2024-11,967342,803252,164090,17.0,69,0.194,0.153,0.29,0.026,23,0
SHOP161,2024-12,647657,544994,102663,15.9,65,0.105,0.175,0.177,0.068,24,1
SHOP161,2025-01,860883,742272,118611,13.8,64,0.186,0.155,0.235,0.037,25,1
SHOP161,2025-02,1039720,820854,218866,21.1,70,0.091,0.175,0.151,0.072,26,1
SHOP161,2025-03,640553,556302,84251,13.2,71,0.175,0.211,0.271,0.07,27,0
SHOP161,2025-04,843932,714202,129730,15.4,61,0.19,0.175,0.243,0.145,28,0
SHOP161,2025-05,952710,773512,179198,18.8,59,0.157,0.182,0.168,0.106,29,0
SHOP161,2025-06,699636,581384,118252,16.9,60,0.173,0.182,0.215,0.102,30,1
SHOP161,2025-07,794796,739835,54961,6.9,57,0.146,0.206,0.236,0.104,31,1
SHOP161,2025-08,1084479,973091,111388,10.3,60,0.051,0.188,0.168,0.062,32,1
SHOP161,2025-09,699147,612501,86646,12.4,48,0.167,0.195,0.215,0.09,33,1
SHOP161,2025-10,1041334,912660,128674,12.4,71,0.057,0.174,0.244,0.076,34,1
SHOP161,2025-11,1035572,901407,134165,13.0,76,0.174,0.206,0.221,0.079,35,1
SHOP161,2025-12,806810,694765,112045,13.9,68,0.11,0.152,0.2,0.094,36,1
SHOP162,2023-01,563830,493907,69923,12.4,37,0.065,0.375,0.108,0.087,1,0
SHOP162,2023-02,519190,435560,83630,16.1,45,0.098,0.338,0.188,0.059,2,0
SHOP162,2023-03,401237,329040,72197,18.0,36,0.071,0.288,0.251,0.081,3,0
SHOP162,2023-04,521773,417215,104558,20.0,39,0.104,0.259,0.144,0.079,4,1
SHOP162,2023-05,482485,407707,74778,15.5,44,0.145,0.107,0.153,0.04,5,0
SHOP162,2023-06,439830,324876,114954,26.1,40,0.176,0.258,0.124,0.049,6,1
SHOP162,2023-07,503614,399879,103735,20.6,35,0.0,0.289,0.274,0.045,7,0
SHOP162,2023-08,541710,456437,85273,15.7,35,0.136,0.274,0.052,0.044,8,1
SHOP162,2023-09,600089,485262,114827,19.1,41,0.119,0.335,0.079,0.039,9,1
SHOP162,2023-10,528908,452177,76731,14.5,40,0.081,0.244,0.293,0.086,10,0
SHOP162,2023-11,466595,384639,81956,17.6,27,0.0,0.357,0.157,0.127,11,1
SHOP162,2023-12,504467,403601,100866,20.0,42,0.088,0.3,0.228,0.057,12,1
SHOP162,2024-01,448241,363114,85127,19.0,33,0.085,0.284,0.112,0.058,13,1
SHOP162,2024-02,604603,483948,120655,20.0,33,0.037,0.334,0.193,0.083,14,1
SHOP162,2024-03,551560,449027,102533,18.6,36,0.032,0.329,0.116,0.05,15,1
SHOP162,2024-04,538705,425607,113098,21.0,40,0.038,0.209,0.169,0.024,16,1
SHOP162,2024-05,500998,408237,92761,18.5,34,0.122,0.306,0.16,0.038,17,1
SHOP162,2024-06,545398,459963,85435,15.7,40,0.035,0.36,0.149,0.037,18,1
SHOP162,2024-07,518185,414661,103524,20.0,27,0.115,0.361,0.124,0.106,19,1
SHOP162,2024-08,355475,281697,73778,20.8,44,0.083,0.281,0.122,0.002,20,1
SHOP162,2024-09,519592,414910,104682,20.1,32,0.044,0.336,0.126,0.05,21,1
SHOP162,2024-10,401349,343511,57838,14.4,38,0.127,0.254,0.187,0.0,22,1
SHOP162,2024-11,452523,365845,86678,19.2,42,0.056,0.251,0.207,0.034,23,1
SHOP162,2024-12,526962,436802,90160,17.1,44,0.1,0.288,0.052,0.102,24,1
SHOP162,2025-01,366033,300903,65130,17.8,39,0.069,0.344,0.311,0.079,25,1
SHOP162,2025-02,592940,467247,125693,21.2,35,0.107,0.263,0.141,0.076,26,1
SHOP162,2025-03,589715,490996,98719,16.7,51,0.115,0.257,0.175,0.091,27,1
SHOP162,2025-04,406184,336331,69853,17.2,27,0.119,0.332,0.142,0.074,28,1
SHOP162,2025-05,489236,413347,75889,15.5,29,0.0,0.263,0.245,0.013,29,1
SHOP162,2025-06,412686,332875,79811,19.3,44,0.08,0.357,0.112,0.01,30,1
SHOP162,2025-07,405272,340012,65260,16.1,36,0.09,0.318,0.136,0.038,31,1
SHOP162,2025-08,464812,397060,67752,14.6,36,0.054,0.298,0.197,0.035,32,1
SHOP162,2025-09,628011,519217,108794,17.3,37,0.147,0.289,0.21,0.049,33,1
SHOP162,2025-10,428403,328438,99965,23.3,39,0.126,0.28,0.137,0.08,34,1
SHOP162,2025-11,416192,345394,70798,17.0,33,0.154,0.365,0.215,0.084,35,1
SHOP162,2025-12,615938,528648,87290,14.2,45,0.085,0.336,0.195,0.066,36,1
SHOP163,2023-01,190617,165772,24845,13.0,20,0.125,0.165,0.215,0.125,1,0
SHOP163,2023-02,275615,219753,55862,20.3,12,0.099,0.162,0.297,0.099,2,0
SHOP163,2023-03,280239,253685,26554,9.5,29,0.15,0.252,0.265,0.111,3,0
SHOP163,2023-04,352061,321340,30721,8.7,20,0.181,0.179,0.35,0.084,4,0
SHOP163,2023-05,265469,222346,43123,16.2,8,0.164,0.144,0.29,0.054,5,0
SHOP163,2023-06,283540,249149,34391,12.1,24,0.121,0.128,0.266,0.075,6,0
SHOP163,2023-07,187832,162792,25040,13.3,24,0.045,0.189,0.364,0.128,7,0
SHOP163,2023-08,253745,220369,33376,13.2,8,0.206,0.19,0.217,0.068,8,0
SHOP163,2023-09,212860,185952,26908,12.6,27,0.173,0.118,0.27,0.116,9,0
SHOP163,2023-10,274134,239565,34569,12.6,21,0.146,0.179,0.301,0.081,10,0
SHOP163,2023-11,188353,160288,28065,14.9,8,0.164,0.124,0.343,0.095,11,0
SHOP163,2023-12,218705,196536,22169,10.1,18,0.115,0.179,0.27,0.093,12,0
SHOP163,2024-01,291656,261562,30094,10.3,20,0.203,0.224,0.186,0.069,13,0
SHOP163,2024-02,279854,254355,25499,9.1,13,0.224,0.157,0.263,0.126,14,0
SHOP163,2024-03,281836,249633,32203,11.4,15,0.088,0.159,0.313,0.087,15,0
SHOP163,2024-04,224316,184374,39942,17.8,23,0.141,0.166,0.256,0.13,16,0
SHOP163,2024-05,262915,221586,41329,15.7,24,0.211,0.171,0.235,0.107,17,0
SHOP163,2024-06,296877,259607,37270,12.6,26,0.128,0.258,0.292,0.108,18,0
SHOP163,2024-07,269679,258892,10787,4.0,26,0.181,0.144,0.267,0.079,19,0
SHOP163,2024-08,290589,252809,37780,13.0,20,0.18,0.199,0.277,0.094,20,0
SHOP163,2024-09,267736,243152,24584,9.2,16,0.093,0.036,0.175,0.137,21,0
SHOP163,2024-10,229828,197773,32055,13.9,24,0.157,0.177,0.208,0.077,22,0
SHOP163,2024-11,237171,205076,32095,13.5,25,0.092,0.055,0.262,0.093,23,0
SHOP163,2024-12,262421,216615,45806,17.5,11,0.2,0.169,0.19,0.122,24,0
SHOP163,2025-01,308829,276824,32005,10.4,21,0.168,0.106,0.287,0.113,25,0
SHOP163,2025-02,257859,225617,32242,12.5,25,0.153,0.173,0.228,0.122,26,0
SHOP163,2025-03,264881,240085,24796,9.4,26,0.2,0.216,0.311,0.056,27,0
SHOP163,2025-04,169543,142094,27449,16.2,8,0.168,0.138,0.199,0.06,28,0
SHOP163,2025-05,209470,175797,33673,16.1,16,0.184,0.082,0.256,0.098,29,0
SHOP163,2025-06,175972,145918,30054,17.1,37,0.153,0.206,0.278,0.098,30,1
SHOP163,2025-07,238650,227432,11218,4.7,21,0.145,0.132,0.244,0.146,31,0
SHOP163,2025-08,173447,150787,22660,13.1,22,0.229,0.172,0.315,0.12,32,1
SHOP163,2025-09,260601,227652,32949,12.6,23,0.244,0.144,0.239,0.109,33,1
SHOP163,2025-10,250235,218884,31351,12.5,16,0.137,0.088,0.335,0.086,34,0
SHOP163,2025-11,174950,159426,15524,8.9,9,0.194,0.089,0.293,0.106,35,0
SHOP163,2025-12,228496,194186,34310,15.0,21,0.166,0.169,0.266,0.07,36,1
SHOP164,2023-01,665461,534351,131110,19.7,48,0.143,0.36,0.183,0.046,1,0
SHOP164,2023-02,496124,410098,86026,17.3,48,0.056,0.43,0.202,0.102,2,1
SHOP164,2023-03,698164,596347,101817,14.6,50,0.1,0.301,0.142,0.023,3,0
SHOP164,2023-04,464529,382357,82172,17.7,37,0.049,0.383,0.121,0.082,4,1
SHOP164,2023-05,543043,433275,109768,20.2,46,0.0,0.269,0.193,0.028,5,1
SHOP164,2023-06,597524,521892,75632,12.7,33,0.075,0.278,0.102,0.058,6,1
SHOP164,2023-07,636165,536221,99944,15.7,51,0.01,0.299,0.121,0.059,7,1
SHOP164,2023-08,634420,551814,82606,13.0,44,0.11,0.351,0.113,0.009,8,1
SHOP164,2023-09,562040,445790,116250,20.7,38,0.161,0.292,0.117,0.0,9,1
SHOP164,2023-10,628407,515808,112599,17.9,33,0.0,0.37,0.115,0.042,10,1
SHOP164,2023-11,552499,467204,85295,15.4,43,0.046,0.294,0.198,0.039,11,1
SHOP164,2023-12,638188,528748,109440,17.1,49,0.068,0.275,0.099,0.057,12,1
SHOP164,2024-01,771299,618934,152365,19.8,40,0.052,0.373,0.149,0.01,13,1
SHOP164,2024-02,459407,382360,77047,16.8,49,0.093,0.328,0.13,0.03,14,1
SHOP164,2024-03,509113,412029,97084,19.1,45,0.048,0.368,0.15,0.0,15,1
SHOP164,2024-04,381103,301402,79701,20.9,53,0.138,0.318,0.149,0.068,16,1
SHOP164,2024-05,529307,427544,101763,19.2,41,0.074,0.282,0.182,0.075,17,1
SHOP164,2024-06,517365,420718,96647,18.7,50,0.078,0.344,0.158,0.092,18,1
SHOP164,2024-07,518225,408401,109824,21.2,54,0.021,0.315,0.143,0.032,19,1
SHOP164,2024-08,621988,532177,89811,14.4,44,0.07,0.291,0.074,0.088,20,1
SHOP164,2024-09,682174,583953,98221,14.4,43,0.072,0.36,0.099,0.095,21,1
SHOP164,2024-10,633469,530256,103213,16.3,46,0.054,0.263,0.131,0.057,22,1
SHOP164,2024-11,702932,587169,115763,16.5,46,0.085,0.333,0.144,0.04,23,1
SHOP164,2024-12,644438,498600,145838,22.6,36,0.034,0.328,0.084,0.045,24,1
SHOP164,2025-01,512084,412550,99534,19.4,48,0.163,0.26,0.23,0.029,25,1
SHOP164,2025-02,715456,571252,144204,20.2,51,0.03,0.218,0.241,0.0,26,1
SHOP164,2025-03,664401,518430,145971,22.0,45,0.089,0.287,0.166,0.042,27,1
SHOP164,2025-04,440520,342118,98402,22.3,46,0.133,0.334,0.098,0.034,28,1
SHOP164,2025-05,646121,503272,142849,22.1,48,0.0,0.345,0.14,0.066,29,1
SHOP164,2025-06,624352,509617,114735,18.4,44,0.114,0.279,0.18,0.039,30,1
SHOP164,2025-07,459317,379889,79428,17.3,49,0.037,0.435,0.204,0.066,31,1
SHOP164,2025-08,643130,540673,102457,15.9,46,0.141,0.197,0.089,0.046,32,1
SHOP164,2025-09,497871,420365,77506,15.6,50,0.063,0.35,0.22,0.047,33,1
SHOP164,2025-10,564942,472227,92715,16.4,39,0.062,0.354,0.02,0.013,34,1
SHOP164,2025-11,688063,528800,159263,23.1,54,0.052,0.292,0.07,0.018,35,1
SHOP164,2025-12,446672,374096,72576,16.2,44,0.138,0.337,0.134,0.064,36,1
SHOP165,2023-01,454843,357941,96902,21.3,36,0.041,0.308,0.207,0.031,1,1
SHOP165,2023-02,364775,276199,88576,24.3,41,0.0,0.312,0.111,0.011,2,1
SHOP165,2023-03,362703,297917,64786,17.9,37,0.11,0.317,0.214,0.118,3,0
SHOP165,2023-04,511305,401087,110218,21.6,39,0.022,0.315,0.155,0.066,4,1
SHOP165,2023-05,463404,393956,69448,15.0,47,0.091,0.411,0.101,0.046,5,1
SHOP165,2023-06,318511,263054,55457,17.4,30,0.044,0.377,0.238,0.127,6,1
SHOP165,2023-07,387077,327602,59475,15.4,35,0.099,0.348,0.359,0.074,7,1
SHOP165,2023-08,509378,411286,98092,19.3,32,0.07,0.296,0.055,0.051,8,1
SHOP165,2023-09,515906,434783,81123,15.7,35,0.051,0.337,0.182,0.074,9,1
SHOP165,2023-10,618087,524020,94067,15.2,20,0.125,0.297,0.192,0.029,10,1
SHOP165,2023-11,519791,436952,82839,15.9,36,0.049,0.375,0.215,0.088,11,1
SHOP165,2023-12,434176,374651,59525,13.7,41,0.083,0.275,0.246,0.037,12,1
SHOP165,2024-01,410886,317475,93411,22.7,49,0.108,0.279,0.18,0.057,13,1
SHOP165,2024-02,315448,266382,49066,15.6,21,0.101,0.384,0.125,0.05,14,1
SHOP165,2024-03,411641,346858,64783,15.7,36,0.002,0.38,0.128,0.0,15,1
SHOP165,2024-04,468580,375918,92662,19.8,43,0.052,0.31,0.227,0.029,16,1
SHOP165,2024-05,355411,285572,69839,19.7,31,0.104,0.333,0.11,0.044,17,1
SHOP165,2024-06,403969,329479,74490,18.4,32,0.132,0.346,0.17,0.052,18,1
SHOP165,2024-07,428064,365890,62174,14.5,22,0.063,0.287,0.13,0.012,19,1
SHOP165,2024-08,425417,331531,93886,22.1,30,0.028,0.274,0.184,0.05,20,1
SHOP165,2024-09,589959,469118,120841,20.5,37,0.085,0.454,0.186,0.048,21,1
SHOP165,2024-10,450424,357526,92898,20.6,31,0.056,0.269,0.176,0.06,22,1
SHOP165,2024-11,480314,402173,78141,16.3,40,0.0,0.374,0.125,0.074,23,1
SHOP165,2024-12,609002,500594,108408,17.8,27,0.086,0.221,0.268,0.034,24,1
SHOP165,2025-01,507798,439894,67904,13.4,27,0.046,0.265,0.187,0.042,25,1
SHOP165,2025-02,417831,349684,68147,16.3,41,0.072,0.307,0.119,0.067,26,1
SHOP165,2025-03,439976,344908,95068,21.6,46,0.091,0.339,0.164,0.032,27,1
SHOP165,2025-04,489892,395065,94827,19.4,37,0.055,0.242,0.135,0.042,28,1
SHOP165,2025-05,475924,392487,83437,17.5,23,0.069,0.275,0.099,0.0,29,1
SHOP165,2025-06,423742,318827,104915,24.8,41,0.098,0.322,0.177,0.085,30,1
SHOP165,2025-07,484727,385513,99214,20.5,27,0.103,0.344,0.151,0.057,31,1
SHOP165,2025-08,463789,380126,83663,18.0,37,0.04,0.338,0.253,0.072,32,1
SHOP165,2025-09,499024,405003,94021,18.8,35,0.131,0.244,0.07,0.0,33,1
SHOP165,2025-10,270480,221806,48674,18.0,46,0.122,0.408,0.146,0.045,34,1
SHOP165,2025-11,600347,469718,130629,21.8,39,0.059,0.314,0.028,0.044,35,1
SHOP165,2025-12,407679,306601,101078,24.8,43,0.079,0.335,0.062,0.032,36,1
SHOP166,2023-01,749988,634135,115853,15.4,56,0.002,0.294,0.195,0.114,1,0
SHOP166,2023-02,542662,454122,88540,16.3,51,0.115,0.271,0.296,0.104,2,0
SHOP166,2023-03,715568,608762,106806,14.9,46,0.111,0.228,0.282,0.126,3,0
SHOP166,2023-04,374996,318624,56372,15.0,54,0.104,0.105,0.329,0.129,4,0
SHOP166,2023-05,521540,407984,113556,21.8,50,0.013,0.245,0.15,0.064,5,1
SHOP166,2023-06,697825,570764,127061,18.2,50,0.094,0.282,0.186,0.131,6,0
SHOP166,2023-07,443551,362423,81128,18.3,44,0.106,0.163,0.18,0.047,7,0
SHOP166,2023-08,661664,530730,130934,19.8,59,0.071,0.265,0.148,0.079,8,0
SHOP166,2023-09,573459,467469,105990,18.5,56,0.139,0.266,0.217,0.061,9,0
SHOP166,2023-10,582084,488436,93648,16.1,63,0.214,0.248,0.103,0.007,10,0
SHOP166,2023-11,684356,596330,88026,12.9,54,0.11,0.246,0.161,0.069,11,1
SHOP166,2023-12,726514,622077,104437,14.4,45,0.065,0.295,0.2,0.044,12,1
SHOP166,2024-01,797926,705063,92863,11.6,58,0.099,0.298,0.176,0.108,13,1
SHOP166,2024-02,635352,538264,97088,15.3,57,0.057,0.294,0.186,0.079,14,1
SHOP166,2024-03,492835,407936,84899,17.2,58,0.162,0.267,0.132,0.076,15,1
SHOP166,2024-04,521293,439445,81848,15.7,61,0.114,0.229,0.173,0.093,16,1
SHOP166,2024-05,651669,536502,115167,17.7,54,0.132,0.199,0.295,0.088,17,0
SHOP166,2024-06,598659,527633,71026,11.9,54,0.107,0.201,0.135,0.05,18,1
SHOP166,2024-07,598097,510300,87797,14.7,55,0.107,0.328,0.189,0.066,19,1
SHOP166,2024-08,678213,560166,118047,17.4,50,0.125,0.329,0.189,0.145,20,1
SHOP166,2024-09,589309,534266,55043,9.3,52,0.026,0.295,0.172,0.074,21,1
SHOP166,2024-10,650772,563399,87373,13.4,47,0.109,0.187,0.197,0.088,22,1
SHOP166,2024-11,564795,477205,87590,15.5,55,0.086,0.211,0.2,0.099,23,1
SHOP166,2024-12,747861,607192,140669,18.8,57,0.038,0.221,0.17,0.119,24,1
SHOP166,2025-01,627828,543984,83844,13.4,49,0.098,0.209,0.161,0.099,25,1
SHOP166,2025-02,528231,477032,51199,9.7,39,0.069,0.17,0.213,0.033,26,1
SHOP166,2025-03,523917,416670,107247,20.5,53,0.137,0.26,0.201,0.094,27,1
SHOP166,2025-04,611304,509039,102265,16.7,49,0.121,0.223,0.231,0.089,28,1
SHOP166,2025-05,788669,663765,124904,15.8,47,0.047,0.29,0.167,0.088,29,1
SHOP166,2025-06,829288,695525,133763,16.1,54,0.089,0.313,0.236,0.075,30,1
SHOP166,2025-07,492650,411835,80815,16.4,46,0.09,0.219,0.234,0.024,31,1
SHOP166,2025-08,726930,620364,106566,14.7,46,0.145,0.207,0.172,0.085,32,1
SHOP166,2025-09,664635,577788,86847,13.1,64,0.077,0.227,0.185,0.07,33,1
SHOP166,2025-10,805712,679430,126282,15.7,53,0.144,0.219,0.162,0.058,34,1
SHOP166,2025-11,815830,734577,81253,10.0,57,0.131,0.249,0.249,0.109,35,1
SHOP166,2025-12,630479,512314,118165,18.7,48,0.157,0.199,0.177,0.026,36,1
SHOP167,2023-01,497072,403758,93314,18.8,37,0.124,0.28,0.184,0.072,1,0
SHOP167,2023-02,469266,376779,92487,19.7,43,0.08,0.269,0.152,0.039,2,1
SHOP167,2023-03,518522,411637,106885,20.6,26,0.08,0.397,0.091,0.037,3,1
SHOP167,2023-04,438262,343348,94914,21.7,29,0.056,0.335,0.152,0.054,4,1
SHOP167,2023-05,418932,329707,89225,21.3,35,0.0,0.312,0.132,0.073,5,1
SHOP167,2023-06,519173,437691,81482,15.7,34,0.116,0.26,0.137,0.048,6,0
SHOP167,2023-07,543831,427089,116742,21.5,43,0.032,0.419,0.086,0.033,7,1
SHOP167,2023-08,486071,405220,80851,16.6,36,0.083,0.481,0.102,0.035,8,1
SHOP167,2023-09,600716,448310,152406,25.4,38,0.046,0.358,0.023,0.019,9,1
SHOP167,2023-10,431401,359572,71829,16.7,41,0.051,0.396,0.089,0.071,10,1
SHOP167,2023-11,463014,346253,116761,25.2,38,0.0,0.324,0.086,0.0,11,1
SHOP167,2023-12,452930,377734,75196,16.6,30,0.0,0.297,0.059,0.038,12,1
SHOP167,2024-01,568426,466504,101922,17.9,27,0.02,0.307,0.106,0.026,13,1
SHOP167,2024-02,496631,374812,121819,24.5,33,0.124,0.403,0.232,0.056,14,1
SHOP167,2024-03,505878,410637,95241,18.8,35,0.08,0.337,0.126,0.069,15,1
SHOP167,2024-04,498484,416538,81946,16.4,40,0.106,0.371,0.08,0.064,16,1
SHOP167,2024-05,587187,476097,111090,18.9,38,0.186,0.301,0.145,0.092,17,1
SHOP167,2024-06,533795,428175,105620,19.8,45,0.028,0.317,0.137,0.09,18,1
SHOP167,2024-07,440878,369651,71227,16.2,28,0.018,0.292,0.088,0.075,19,1
SHOP167,2024-08,468971,373881,95090,20.3,38,0.048,0.383,0.082,0.046,20,1
SHOP167,2024-09,473254,382142,91112,19.3,42,0.038,0.348,0.047,0.018,21,1
SHOP167,2024-10,501052,422455,78597,15.7,43,0.143,0.381,0.02,0.046,22,1
SHOP167,2024-11,446903,369367,77536,17.3,35,0.054,0.333,0.119,0.05,23,1
SHOP167,2024-12,561849,471139,90710,16.1,39,0.104,0.32,0.053,0.045,24,1
SHOP167,2025-01,468812,371241,97571,20.8,41,0.115,0.378,0.093,0.088,25,1
SHOP167,2025-02,483032,412739,70293,14.6,40,0.026,0.444,0.133,0.018,26,1
SHOP167,2025-03,505600,407430,98170,19.4,41,0.079,0.235,0.059,0.078,27,1
SHOP167,2025-04,505845,431375,74470,14.7,46,0.135,0.282,0.204,0.036,28,1
SHOP167,2025-05,649574,525180,124394,19.2,32,0.166,0.36,0.174,0.028,29,1
SHOP167,2025-06,489841,415012,74829,15.3,42,0.127,0.332,0.12,0.083,30,1
SHOP167,2025-07,496637,392486,104151,21.0,40,0.074,0.356,0.194,0.083,31,1
SHOP167,2025-08,393446,300949,92497,23.5,27,0.095,0.283,0.133,0.028,32,1
SHOP167,2025-09,307211,227989,79222,25.8,35,0.05,0.329,0.198,0.066,33,1
SHOP167,2025-10,486887,420260,66627,13.7,38,0.102,0.336,0.129,0.045,34,1
SHOP167,2025-11,417642,340191,77451,18.5,40,0.034,0.282,0.081,0.027,35,1
SHOP167,2025-12,568591,457628,110963,19.5,40,0.134,0.274,0.223,0.071,36,1
SHOP168,2023-01,935130,812320,122810,13.1,68,0.092,0.304,0.205,0.084,1,0
SHOP168,2023-02,705695,599354,106341,15.1,58,0.169,0.208,0.173,0.079,2,0
SHOP168,2023-03,775534,665140,110394,14.2,65,0.19,0.225,0.229,0.089,3,0
SHOP168,2023-04,717335,624220,93115,13.0,71,0.066,0.232,0.14,0.072,4,0
SHOP168,2023-05,827447,688041,139406,16.8,82,0.178,0.293,0.153,0.013,5,0
SHOP168,2023-06,983567,909163,74404,7.6,66,0.165,0.306,0.214,0.071,6,0
SHOP168,2023-07,823516,693160,130356,15.8,64,0.151,0.19,0.221,0.089,7,0
SHOP168,2023-08,650188,516898,133290,20.5,57,0.158,0.336,0.198,0.126,8,0
SHOP168,2023-09,941554,792093,149461,15.9,70,0.18,0.096,0.276,0.059,9,0
SHOP168,2023-10,1226130,1027340,198790,16.2,77,0.143,0.24,0.167,0.087,10,0
SHOP168,2023-11,875254,757698,117556,13.4,61,0.179,0.147,0.133,0.075,11,0
SHOP168,2023-12,1124169,956017,168152,15.0,71,0.062,0.286,0.264,0.041,12,0
SHOP168,2024-01,1012645,854583,158062,15.6,73,0.06,0.147,0.33,0.122,13,0
SHOP168,2024-02,1015653,850369,165284,16.3,62,0.128,0.19,0.209,0.074,14,0
SHOP168,2024-03,669003,582308,86695,13.0,76,0.12,0.143,0.336,0.176,15,0
SHOP168,2024-04,827897,738345,89552,10.8,72,0.116,0.215,0.204,0.057,16,0
SHOP168,2024-05,929977,755669,174308,18.7,63,0.179,0.17,0.359,0.113,17,0
SHOP168,2024-06,893471,741419,152052,17.0,74,0.085,0.226,0.054,0.023,18,1
SHOP168,2024-07,760623,603152,157471,20.7,63,0.04,0.301,0.243,0.094,19,1
SHOP168,2024-08,1025077,906337,118740,11.6,52,0.153,0.171,0.297,0.125,20,0
SHOP168,2024-09,741993,620004,121989,16.4,70,0.139,0.221,0.258,0.097,21,1
SHOP168,2024-10,987397,845273,142124,14.4,72,0.135,0.225,0.12,0.077,22,1
SHOP168,2024-11,1102254,927347,174907,15.9,65,0.046,0.149,0.175,0.06,23,1
SHOP168,2024-12,683202,581790,101412,14.8,69,0.121,0.288,0.136,0.063,24,1
SHOP168,2025-01,969923,800801,169122,17.4,61,0.108,0.302,0.156,0.131,25,1
SHOP168,2025-02,991608,877732,113876,11.5,68,0.206,0.187,0.211,0.052,26,0
SHOP168,2025-03,911949,813543,98406,10.8,59,0.106,0.279,0.261,0.074,27,1
SHOP168,2025-04,814984,684601,130383,16.0,77,0.143,0.199,0.235,0.137,28,1
SHOP168,2025-05,533672,428903,104769,19.6,69,0.124,0.241,0.206,0.024,29,1
SHOP168,2025-06,977978,840445,137533,14.1,74,0.17,0.278,0.206,0.032,30,1
SHOP168,2025-07,893690,784007,109683,12.3,63,0.073,0.17,0.267,0.074,31,1
SHOP168,2025-08,715068,581003,134065,18.7,68,0.154,0.206,0.199,0.043,32,1
SHOP168,2025-09,678620,613999,64621,9.5,72,0.206,0.139,0.182,0.067,33,1
SHOP168,2025-10,717406,644553,72853,10.2,67,0.119,0.309,0.203,0.122,34,1
SHOP168,2025-11,800799,658465,142334,17.8,58,0.113,0.282,0.2,0.128,35,1
SHOP168,2025-12,773786,659659,114127,14.7,71,0.115,0.391,0.259,0.082,36,1
SHOP169,2023-01,334438,268809,65629,19.6,32,0.127,0.251,0.18,0.108,1,0
SHOP169,2023-02,301185,243136,58049,19.3,32,0.013,0.294,0.235,0.047,2,0
SHOP169,2023-03,431795,331661,100134,23.2,34,0.093,0.331,0.164,0.051,3,1
SHOP169,2023-04,309611,251508,58103,18.8,43,0.133,0.305,0.143,0.045,4,0
SHOP169,2023-05,459168,374109,85059,18.5,38,0.162,0.189,0.243,0.066,5,0
SHOP169,2023-06,334396,283266,51130,15.3,26,0.121,0.252,0.203,0.082,6,0
SHOP169,2023-07,417442,338089,79353,19.0,36,0.135,0.26,0.089,0.092,7,0
SHOP169,2023-08,398987,334609,64378,16.1,35,0.093,0.253,0.202,0.047,8,0
SHOP169,2023-09,403646,356848,46798,11.6,29,0.17,0.29,0.208,0.018,9,0
SHOP169,2023-10,332528,278151,54377,16.4,34,0.093,0.197,0.163,0.077,10,1
SHOP169,2023-11,281989,240546,41443,14.7,32,0.093,0.245,0.2,0.072,11,1
SHOP169,2023-12,428190,342614,85576,20.0,39,0.2,0.176,0.158,0.098,12,0
SHOP169,2024-01,439343,366161,73182,16.7,24,0.127,0.236,0.207,0.04,13,1
SHOP169,2024-02,468675,390609,78066,16.7,31,0.035,0.232,0.128,0.1,14,1
SHOP169,2024-03,393221,339099,54122,13.8,33,0.063,0.327,0.173,0.078,15,1
SHOP169,2024-04,372413,327469,44944,12.1,24,0.086,0.335,0.209,0.018,16,1
SHOP169,2024-05,566439,444712,121727,21.5,16,0.136,0.318,0.216,0.143,17,1
SHOP169,2024-06,572329,464066,108263,18.9,26,0.107,0.29,0.11,0.076,18,0
SHOP169,2024-07,385059,325530,59529,15.5,24,0.05,0.257,0.126,0.034,19,1
SHOP169,2024-08,409814,328653,81161,19.8,26,0.064,0.212,0.064,0.09,20,1
SHOP169,2024-09,419412,354396,65016,15.5,31,0.121,0.26,0.273,0.0,21,1
SHOP169,2024-10,412848,338094,74754,18.1,34,0.129,0.227,0.207,0.125,22,1
SHOP169,2024-11,339264,275015,64249,18.9,21,0.136,0.258,0.22,0.053,23,1
SHOP169,2024-12,374878,324437,50441,13.5,26,0.008,0.193,0.16,0.036,24,1
SHOP169,2025-01,446471,376434,70037,15.7,28,0.041,0.26,0.209,0.069,25,1
SHOP169,2025-02,455312,374138,81174,17.8,24,0.097,0.234,0.233,0.071,26,1
SHOP169,2025-03,348041,279780,68261,19.6,26,0.112,0.277,0.169,0.108,27,1
SHOP169,2025-04,337721,272012,65709,19.5,23,0.163,0.267,0.155,0.046,28,1
SHOP169,2025-05,429911,343771,86140,20.0,26,0.132,0.324,0.157,0.05,29,1
SHOP169,2025-06,295496,251024,44472,15.1,29,0.199,0.265,0.17,0.121,30,1
SHOP169,2025-07,469978,367947,102031,21.7,26,0.114,0.204,0.202,0.056,31,1
SHOP169,2025-08,370202,309229,60973,16.5,28,0.028,0.224,0.078,0.011,32,1
SHOP169,2025-09,421963,336520,85443,20.2,23,0.009,0.274,0.111,0.092,33,1
SHOP169,2025-10,346795,294663,52132,15.0,41,0.047,0.263,0.168,0.108,34,1
SHOP169,2025-11,595740,508679,87061,14.6,26,0.077,0.294,0.07,0.066,35,1
SHOP169,2025-12,478611,410552,68059,14.2,32,0.11,0.172,0.127,0.057,36,1
SHOP170,2023-01,489510,407913,81597,16.7,37,0.026,0.25,0.311,0.047,1,0
SHOP170,2023-02,512224,438402,73822,14.4,37,0.2,0.33,0.291,0.075,2,0
SHOP170,2023-03,615940,508525,107415,17.4,43,0.108,0.261,0.24,0.12,3,0
SHOP170,2023-04,426357,355905,70452,16.5,50,0.007,0.241,0.237,0.092,4,0
SHOP170,2023-05,460364,392379,67985,14.8,43,0.186,0.254,0.234,0.079,5,0
SHOP170,2023-06,533302,439212,94090,17.6,39,0.118,0.291,0.2,0.067,6,0
SHOP170,2023-07,654373,553909,100464,15.4,42,0.138,0.314,0.214,0.13,7,0
SHOP170,2023-08,592412,498404,94008,15.9,46,0.224,0.246,0.191,0.119,8,0
SHOP170,2023-09,305413,251138,54275,17.8,46,0.014,0.213,0.23,0.087,9,0
SHOP170,2023-10,427387,357731,69656,16.3,37,0.075,0.238,0.155,0.104,10,0
SHOP170,2023-11,449345,395500,53845,12.0,53,0.149,0.255,0.127,0.054,11,0
SHOP170,2023-12,545999,457451,88548,16.2,40,0.099,0.238,0.188,0.143,12,0
SHOP170,2024-01,422135,339255,82880,19.6,35,0.124,0.288,0.2,0.043,13,1
SHOP170,2024-02,504161,445768,58393,11.6,35,0.05,0.264,0.2,0.031,14,1
SHOP170,2024-03,618845,506816,112029,18.1,50,0.09,0.309,0.165,0.053,15,1
SHOP170,2024-04,616983,513059,103924,16.8,42,0.155,0.214,0.146,0.046,16,1
SHOP170,2024-05,423090,356119,66971,15.8,42,0.21,0.164,0.191,0.101,17,0
SHOP170,2024-06,516223,420643,95580,18.5,37,0.178,0.289,0.228,0.109,18,1
SHOP170,2024-07,482143,428454,53689,11.1,37,0.124,0.251,0.225,0.059,19,0
SHOP170,2024-08,569372,502851,66521,11.7,33,0.081,0.275,0.219,0.153,20,1
SHOP170,2024-09,662276,561665,100611,15.2,52,0.049,0.272,0.175,0.079,21,1
SHOP170,2024-10,659225,586866,72359,11.0,40,0.124,0.267,0.235,0.063,22,1
SHOP170,2024-11,531561,474235,57326,10.8,43,0.1,0.219,0.252,0.087,23,1
SHOP170,2024-12,549748,456996,92752,16.9,31,0.169,0.224,0.139,0.04,24,1
SHOP170,2025-01,555313,466710,88603,16.0,32,0.098,0.281,0.199,0.089,25,1
SHOP170,2025-02,643733,535941,107792,16.7,44,0.129,0.265,0.137,0.117,26,1
SHOP170,2025-03,691993,589715,102278,14.8,44,0.124,0.188,0.232,0.119,27,1
SHOP170,2025-04,530954,451871,79083,14.9,38,0.094,0.31,0.228,0.024,28,1
SHOP170,2025-05,579196,484424,94772,16.4,39,0.149,0.232,0.066,0.036,29,1
SHOP170,2025-06,643402,551831,91571,14.2,42,0.065,0.267,0.202,0.003,30,1
SHOP170,2025-07,402381,341361,61020,15.2,41,0.136,0.246,0.176,0.073,31,1
SHOP170,2025-08,529585,463043,66542,12.6,34,0.028,0.197,0.176,0.127,32,1
SHOP170,2025-09,517817,469026,48791,9.4,44,0.137,0.306,0.15,0.099,33,0
SHOP170,2025-10,593153,485409,107744,18.2,33,0.0,0.298,0.108,0.109,34,1
SHOP170,2025-11,608515,504933,103582,17.0,43,0.085,0.164,0.22,0.103,35,1
SHOP170,2025-12,654821,562695,92126,14.1,43,0.238,0.282,0.169,0.122,36,1
SHOP171,2023-01,214543,172565,41978,19.6,16,0.13,0.301,0.182,0.114,1,0
SHOP171,2023-02,237528,203132,34396,14.5,12,0.154,0.359,0.151,0.093,2,1
SHOP171,2023-03,256528,206803,49725,19.4,29,0.14,0.331,0.121,0.099,3,1
SHOP171,2023-04,226565,179920,46645,20.6,28,0.102,0.197,0.103,0.103,4,0
SHOP171,2023-05,344060,278601,65459,19.0,24,0.116,0.267,0.075,0.092,5,1
SHOP171,2023-06,281899,238363,43536,15.4,21,0.094,0.309,0.169,0.019,6,1
SHOP171,2023-07,226613,185273,41340,18.2,23,0.123,0.371,0.151,0.06,7,0
SHOP171,2023-08,307894,260602,47292,15.4,23,0.012,0.229,0.142,0.08,8,1
SHOP171,2023-09,191699,165487,26212,13.7,20,0.054,0.31,0.203,0.06,9,0
SHOP171,2023-10,283845,234453,49392,17.4,19,0.021,0.271,0.152,0.042,10,1
SHOP171,2023-11,327370,262115,65255,19.9,11,0.147,0.382,0.072,0.087,11,1
SHOP171,2023-12,226537,185147,41390,18.3,19,0.212,0.303,0.211,0.052,12,1
SHOP171,2024-01,317057,252347,64710,20.4,15,0.036,0.183,0.046,0.04,13,1
SHOP171,2024-02,259365,209858,49507,19.1,12,0.143,0.236,0.232,0.103,14,1
SHOP171,2024-03,191716,149139,42577,22.2,25,0.191,0.256,0.186,0.04,15,1
SHOP171,2024-04,289391,237773,51618,17.8,15,0.065,0.358,0.162,0.048,16,1
SHOP171,2024-05,319209,263233,55976,17.5,25,0.068,0.327,0.213,0.014,17,1
SHOP171,2024-06,298752,257797,40955,13.7,21,0.235,0.245,0.159,0.15,18,1
SHOP171,2024-07,293802,244266,49536,16.9,20,0.09,0.411,0.184,0.02,19,1
SHOP171,2024-08,259591,212912,46679,18.0,13,0.033,0.317,0.036,0.063,20,1
SHOP171,2024-09,192948,156117,36831,19.1,26,0.09,0.337,0.104,0.019,21,1
SHOP171,2024-10,219037,175507,43530,19.9,11,0.101,0.283,0.086,0.089,22,1
SHOP171,2024-11,275913,235311,40602,14.7,9,0.108,0.266,0.139,0.085,23,1
SHOP171,2024-12,270035,220359,49676,18.4,19,0.151,0.264,0.103,0.066,24,1
SHOP171,2025-01,110604,87925,22679,20.5,20,0.125,0.341,0.054,0.063,25,1
SHOP171,2025-02,240297,202980,37317,15.5,16,0.072,0.421,0.219,0.037,26,1
SHOP171,2025-03,226329,188780,37549,16.6,28,0.006,0.296,0.119,0.065,27,1
SHOP171,2025-04,260458,218927,41531,15.9,17,0.127,0.266,0.155,0.046,28,1
SHOP171,2025-05,227759,186292,41467,18.2,8,0.157,0.241,0.125,0.087,29,1
SHOP171,2025-06,131498,105183,26315,20.0,17,0.052,0.296,0.095,0.082,30,1
SHOP171,2025-07,266900,217331,49569,18.6,22,0.0,0.295,0.158,0.054,31,1
SHOP171,2025-08,222171,199497,22674,10.2,16,0.129,0.242,0.16,0.078,32,1
SHOP171,2025-09,266050,213760,52290,19.7,16,0.032,0.322,0.175,0.099,33,1
SHOP171,2025-10,274424,218849,55575,20.3,23,0.095,0.35,0.098,0.074,34,1
SHOP171,2025-11,230514,180208,50306,21.8,19,0.05,0.321,0.221,0.019,35,1
SHOP171,2025-12,230879,198343,32536,14.1,22,0.06,0.341,0.024,0.05,36,1
SHOP172,2023-01,281629,246050,35579,12.6,28,0.037,0.252,0.133,0.107,1,0
SHOP172,2023-02,370656,302819,67837,18.3,23,0.07,0.238,0.161,0.132,2,0
SHOP172,2023-03,308330,267380,40950,13.3,23,0.192,0.338,0.267,0.071,3,0
SHOP172,2023-04,326198,275369,50829,15.6,37,0.079,0.209,0.157,0.03,4,0
SHOP172,2023-05,375931,302555,73376,19.5,25,0.159,0.191,0.229,0.058,5,0
SHOP172,2023-06,284587,241590,42997,15.1,28,0.071,0.302,0.145,0.112,6,0
SHOP172,2023-07,429550,364004,65546,15.3,17,0.165,0.262,0.184,0.099,7,0
SHOP172,2023-08,358828,303535,55293,15.4,23,0.062,0.254,0.16,0.034,8,1
SHOP172,2023-09,259395,218783,40612,15.7,23,0.06,0.192,0.274,0.075,9,0
SHOP172,2023-10,332922,254505,78417,23.6,28,0.124,0.258,0.178,0.081,10,1
SHOP172,2023-11,333832,282103,51729,15.5,23,0.163,0.226,0.13,0.035,11,1
SHOP172,2023-12,310798,258126,52672,16.9,22,0.047,0.197,0.14,0.092,12,1
SHOP172,2024-01,382085,309527,72558,19.0,15,0.109,0.273,0.256,0.064,13,1
SHOP172,2024-02,362973,306600,56373,15.5,30,0.136,0.275,0.172,0.043,14,1
SHOP172,2024-03,301360,247820,53540,17.8,32,0.117,0.249,0.288,0.045,15,1
SHOP172,2024-04,381574,324092,57482,15.1,22,0.139,0.282,0.158,0.057,16,1
SHOP172,2024-05,399194,329002,70192,17.6,26,0.09,0.305,0.141,0.03,17,1
SHOP172,2024-06,245822,204719,41103,16.7,28,0.09,0.286,0.246,0.106,18,1
SHOP172,2024-07,302883,245543,57340,18.9,20,0.126,0.366,0.136,0.077,19,1
SHOP172,2024-08,319808,275149,44659,14.0,28,0.045,0.226,0.276,0.043,20,1
SHOP172,2024-09,363415,294447,68968,19.0,23,0.144,0.263,0.2,0.011,21,1
SHOP172,2024-10,330224,273666,56558,17.1,23,0.193,0.258,0.061,0.062,22,1
SHOP172,2024-11,336810,272814,63996,19.0,19,0.11,0.253,0.274,0.052,23,1
SHOP172,2024-12,372394,323616,48778,13.1,21,0.027,0.333,0.205,0.141,24,1
SHOP172,2025-01,348890,289554,59336,17.0,21,0.16,0.199,0.189,0.042,25,1
SHOP172,2025-02,172341,151621,20720,12.0,31,0.087,0.207,0.126,0.09,26,1
SHOP172,2025-03,356359,296161,60198,16.9,31,0.102,0.257,0.153,0.085,27,1
SHOP172,2025-04,364420,323350,41070,11.3,33,0.149,0.326,0.162,0.102,28,1
SHOP172,2025-05,309438,227432,82006,26.5,25,0.164,0.317,0.181,0.099,29,1
SHOP172,2025-06,368210,295388,72822,19.8,37,0.078,0.265,0.239,0.084,30,1
SHOP172,2025-07,347407,287801,59606,17.2,30,0.047,0.242,0.12,0.064,31,1
SHOP172,2025-08,294124,243821,50303,17.1,25,0.144,0.274,0.135,0.055,32,1
SHOP172,2025-09,428762,375269,53493,12.5,29,0.042,0.298,0.143,0.119,33,1
SHOP172,2025-10,377088,298559,78529,20.8,29,0.151,0.334,0.249,0.039,34,1
SHOP172,2025-11,360678,299917,60761,16.8,35,0.061,0.268,0.052,0.106,35,1
SHOP172,2025-12,376242,303938,72304,19.2,22,0.135,0.36,0.258,0.032,36,1
SHOP173,2023-01,868961,767249,101712,11.7,64,0.177,0.239,0.243,0.083,1,0
SHOP173,2023-02,664437,562257,102180,15.4,63,0.143,0.192,0.139,0.056,2,0
SHOP173,2023-03,892592,812815,79777,8.9,63,0.121,0.336,0.257,0.059,3,0
SHOP173,2023-04,700081,625290,74791,10.7,73,0.176,0.255,0.234,0.09,4,0
SHOP173,2023-05,897791,760228,137563,15.3,62,0.079,0.193,0.136,0.078,5,0
SHOP173,2023-06,126441,105557,20884,16.5,77,0.187,0.165,0.266,0.041,6,0
SHOP173,2023-07,789141,670635,118506,15.0,66,0.159,0.263,0.195,0.108,7,0
SHOP173,2023-08,643921,538890,105031,16.3,66,0.006,0.154,0.186,0.006,8,0
SHOP173,2023-09,857824,739148,118676,13.8,69,0.122,0.243,0.217,0.075,9,0
SHOP173,2023-10,870945,743927,127018,14.6,70,0.104,0.185,0.201,0.086,10,0
SHOP173,2023-11,517063,445668,71395,13.8,58,0.28,0.253,0.19,0.116,11,0
SHOP173,2023-12,776673,639141,137532,17.7,71,0.215,0.16,0.179,0.086,12,0
SHOP173,2024-01,858428,725623,132805,15.5,72,0.121,0.242,0.314,0.1,13,0
SHOP173,2024-02,1133632,946198,187434,16.5,67,0.132,0.239,0.227,0.113,14,0
SHOP173,2024-03,605066,539136,65930,10.9,51,0.153,0.283,0.155,0.101,15,0
SHOP173,2024-04,937142,826886,110256,11.8,62,0.047,0.258,0.195,0.023,16,1
SHOP173,2024-05,821916,695338,126578,15.4,70,0.103,0.146,0.3,0.131,17,0
SHOP173,2024-06,694541,554282,140259,20.2,66,0.069,0.148,0.184,0.082,18,0
SHOP173,2024-07,923362,812741,110621,12.0,64,0.088,0.239,0.22,0.005,19,1
SHOP173,2024-08,764378,653554,110824,14.5,75,0.078,0.23,0.209,0.079,20,1
SHOP173,2024-09,844650,698583,146067,17.3,73,0.08,0.198,0.082,0.055,21,1
SHOP173,2024-10,775345,672876,102469,13.2,60,0.178,0.277,0.335,0.118,22,0
SHOP173,2024-11,995854,878693,117161,11.8,55,0.053,0.229,0.133,0.1,23,0
SHOP173,2024-12,667425,578292,89133,13.4,62,0.197,0.222,0.294,0.081,24,1
SHOP173,2025-01,1017718,842457,175261,17.2,69,0.065,0.215,0.173,0.027,25,0
SHOP173,2025-02,1066131,927123,139008,13.0,65,0.089,0.219,0.19,0.111,26,1
SHOP173,2025-03,996034,805414,190620,19.1,68,0.086,0.303,0.173,0.117,27,1
SHOP173,2025-04,1125047,972415,152632,13.6,71,0.22,0.21,0.132,0.068,28,1
SHOP173,2025-05,1158660,992778,165882,14.3,61,0.088,0.162,0.205,0.149,29,1
SHOP173,2025-06,1095394,1012498,82896,7.6,70,0.134,0.206,0.314,0.119,30,1
SHOP173,2025-07,1034161,840663,193498,18.7,75,0.124,0.202,0.191,0.068,31,1
SHOP173,2025-08,890836,792561,98275,11.0,58,0.18,0.204,0.044,0.115,32,1
SHOP173,2025-09,832406,654322,178084,21.4,72,0.092,0.271,0.071,0.136,33,1
SHOP173,2025-10,1077375,902525,174850,16.2,63,0.077,0.192,0.289,0.039,34,1
SHOP173,2025-11,883289,812680,70609,8.0,64,0.08,0.278,0.253,0.139,35,1
SHOP173,2025-12,652759,540284,112475,17.2,63,0.082,0.207,0.026,0.047,36,1
SHOP174,2023-01,266524,232198,34326,12.9,28,0.118,0.238,0.188,0.075,1,0
SHOP174,2023-02,222719,177297,45422,20.4,34,0.12,0.197,0.215,0.069,2,0
SHOP174,2023-03,211125,176061,35064,16.6,29,0.101,0.223,0.185,0.075,3,0
SHOP174,2023-04,186808,159823,26985,14.4,13,0.172,0.279,0.157,0.114,4,0
SHOP174,2023-05,259109,211502,47607,18.4,31,0.134,0.292,0.02,0.042,5,1
SHOP174,2023-06,374371,305173,69198,18.5,17,0.026,0.321,0.189,0.053,6,1
SHOP174,2023-07,289490,243443,46047,15.9,22,0.21,0.317,0.135,0.079,7,0
SHOP174,2023-08,243894,205974,37920,15.5,19,0.061,0.205,0.211,0.046,8,1
SHOP174,2023-09,192991,165697,27294,14.1,22,0.04,0.303,0.249,0.01,9,0
SHOP174,2023-10,313363,270036,43327,13.8,19,0.06,0.336,0.045,0.098,10,1
SHOP174,2023-11,214304,174339,39965,18.6,25,0.111,0.266,0.206,0.078,11,1
SHOP174,2023-12,214325,172163,42162,19.7,29,0.116,0.235,0.239,0.025,12,1
SHOP174,2024-01,244355,204109,40246,16.5,19,0.091,0.25,0.029,0.069,13,1
SHOP174,2024-02,290050,239003,51047,17.6,25,0.065,0.392,0.113,0.051,14,1
SHOP174,2024-03,251583,214299,37284,14.8,11,0.038,0.22,0.196,0.072,15,0
SHOP174,2024-04,302392,237800,64592,21.4,23,0.107,0.366,0.129,0.045,16,1
SHOP174,2024-05,262992,219300,43692,16.6,22,0.005,0.237,0.175,0.107,17,1
SHOP174,2024-06,327343,280565,46778,14.3,24,0.122,0.327,0.194,0.092,18,1
SHOP174,2024-07,265703,213862,51841,19.5,13,0.074,0.364,0.171,0.083,19,1
SHOP174,2024-08,328292,286127,42165,12.8,8,0.026,0.267,0.185,0.111,20,1
SHOP174,2024-09,265806,215071,50735,19.1,22,0.116,0.34,0.121,0.081,21,1
SHOP174,2024-10,308941,247495,61446,19.9,16,0.059,0.251,0.145,0.04,22,1
SHOP174,2024-11,280140,227095,53045,18.9,27,0.081,0.28,0.133,0.098,23,1
SHOP174,2024-12,325837,265133,60704,18.6,21,0.097,0.267,0.198,0.064,24,1
SHOP174,2025-01,248321,203836,44485,17.9,14,0.066,0.362,0.191,0.046,25,1
SHOP174,2025-02,297943,241788,56155,18.8,12,0.057,0.308,0.101,0.027,26,1
SHOP174,2025-03,267965,222120,45845,17.1,10,0.122,0.3,0.159,0.066,27,1
SHOP174,2025-04,274873,225591,49282,17.9,30,0.098,0.26,0.082,0.063,28,1
SHOP174,2025-05,316984,276506,40478,12.8,25,0.083,0.34,0.175,0.055,29,1
SHOP174,2025-06,194867,151533,43334,22.2,20,0.097,0.256,0.231,0.047,30,1
SHOP174,2025-07,178590,152141,26449,14.8,22,0.096,0.152,0.164,0.071,31,1
SHOP174,2025-08,259272,226663,32609,12.6,15,0.094,0.283,0.092,0.062,32,1
SHOP174,2025-09,251220,215948,35272,14.0,20,0.126,0.217,0.077,0.012,33,1
SHOP174,2025-10,146067,127160,18907,12.9,17,0.046,0.187,0.1,0.063,34,1
SHOP174,2025-11,215505,177070,38435,17.8,23,0.165,0.246,0.159,0.124,35,1
SHOP174,2025-12,245166,213285,31881,13.0,22,0.112,0.297,0.156,0.078,36,1
SHOP175,2023-01,860891,694126,166765,19.4,70,0.085,0.306,0.107,0.042,1,0
SHOP175,2023-02,802012,653724,148288,18.5,63,0.146,0.285,0.302,0.061,2,0
SHOP175,2023-03,1086991,912482,174509,16.1,56,0.037,0.272,0.114,0.066,3,0
SHOP175,2023-04,508958,441734,67224,13.2,66,0.085,0.217,0.163,0.048,4,0
SHOP175,2023-05,631604,518971,112633,17.8,51,0.151,0.25,0.141,0.066,5,0
SHOP175,2023-06,768496,612943,155553,20.2,68,0.09,0.2,0.15,0.084,6,1
SHOP175,2023-07,965561,783373,182188,18.9,60,0.143,0.246,0.221,0.062,7,0
SHOP175,2023-08,834320,700600,133720,16.0,55,0.149,0.321,0.219,0.059,8,0
SHOP175,2023-09,718942,632759,86183,12.0,55,0.016,0.248,0.173,0.032,9,0
SHOP175,2023-10,922036,770338,151698,16.5,56,0.066,0.328,0.187,0.08,10,0
SHOP175,2023-11,803367,633737,169630,21.1,67,0.077,0.284,0.079,0.035,11,1
SHOP175,2023-12,635833,537934,97899,15.4,56,0.106,0.287,0.215,0.099,12,1
SHOP175,2024-01,757856,598611,159245,21.0,68,0.097,0.268,0.268,0.089,13,0
SHOP175,2024-02,959220,814790,144430,15.1,59,0.114,0.28,0.278,0.034,14,0
SHOP175,2024-03,912839,774101,138738,15.2,61,0.098,0.272,0.129,0.055,15,1
SHOP175,2024-04,799535,660846,138689,17.3,62,0.0,0.269,0.142,0.105,16,1
SHOP175,2024-05,728340,619567,108773,14.9,58,0.061,0.208,0.214,0.102,17,1
SHOP175,2024-06,823608,668103,155505,18.9,69,0.09,0.232,0.285,0.077,18,1
SHOP175,2024-07,1029726,868801,160925,15.6,65,0.194,0.268,0.196,0.08,19,1
SHOP175,2024-08,783162,633907,149255,19.1,63,0.143,0.327,0.095,0.108,20,1
SHOP175,2024-09,1163371,958684,204687,17.6,56,0.121,0.16,0.128,0.021,21,1
SHOP175,2024-10,913213,836305,76908,8.4,69,0.098,0.261,0.1,0.092,22,1
SHOP175,2024-11,1012070,901362,110708,10.9,58,0.181,0.259,0.04,0.041,23,1
SHOP175,2024-12,908097,716220,191877,21.1,58,0.161,0.235,0.161,0.092,24,1
SHOP175,2025-01,1019025,836172,182853,17.9,60,0.103,0.339,0.203,0.072,25,1
SHOP175,2025-02,425349,362278,63071,14.8,57,0.116,0.306,0.204,0.052,26,1
SHOP175,2025-03,791770,699802,91968,11.6,63,0.127,0.261,0.251,0.101,27,1
SHOP175,2025-04,770249,642305,127944,16.6,55,0.163,0.21,0.098,0.094,28,1
SHOP175,2025-05,814361,687792,126569,15.5,64,0.108,0.319,0.196,0.05,29,1
SHOP175,2025-06,780825,675752,105073,13.5,66,0.112,0.278,0.176,0.096,30,1
SHOP175,2025-07,789001,720474,68527,8.7,61,0.018,0.272,0.15,0.07,31,1
SHOP175,2025-08,751977,602954,149023,19.8,63,0.145,0.304,0.156,0.101,32,1
SHOP175,2025-09,705533,603451,102082,14.5,51,0.02,0.293,0.049,0.077,33,1
SHOP175,2025-10,866793,674272,192521,22.2,67,0.092,0.275,0.058,0.06,34,1
SHOP175,2025-11,603419,513480,89939,14.9,64,0.08,0.283,0.308,0.068,35,1
SHOP175,2025-12,668702,611449,57253,8.6,64,0.048,0.309,0.156,0.078,36,1
SHOP176,2023-01,436985,352341,84644,19.4,38,0.085,0.258,0.189,0.002,1,1
SHOP176,2023-02,445207,345021,100186,22.5,38,0.087,0.251,0.136,0.035,2,0
SHOP176,2023-03,392558,329861,62697,16.0,41,0.075,0.296,0.183,0.036,3,0
SHOP176,2023-04,472829,383685,89144,18.9,39,0.077,0.224,0.238,0.11,4,0
SHOP176,2023-05,549331,435999,113332,20.6,38,0.125,0.272,0.191,0.053,5,0
SHOP176,2023-06,524858,448471,76387,14.6,31,0.127,0.242,0.166,0.137,6,0
SHOP176,2023-07,612674,505059,107615,17.6,33,0.09,0.317,0.167,0.036,7,1
SHOP176,2023-08,453077,391120,61957,13.7,28,0.057,0.232,0.135,0.069,8,1
SHOP176,2023-09,398395,346359,52036,13.1,36,0.043,0.307,0.238,0.068,9,0
SHOP176,2023-10,406978,357538,49440,12.1,33,0.112,0.264,0.143,0.11,10,1
SHOP176,2023-11,455994,342551,113443,24.9,42,0.042,0.288,0.227,0.058,11,1
SHOP176,2023-12,471138,403941,67197,14.3,46,0.109,0.256,0.269,0.083,12,0
SHOP176,2024-01,490883,375184,115699,23.6,39,0.092,0.285,0.079,0.12,13,1
SHOP176,2024-02,453428,367061,86367,19.0,33,0.083,0.273,0.164,0.02,14,1
SHOP176,2024-03,589113,474759,114354,19.4,30,0.061,0.328,0.294,0.096,15,1
SHOP176,2024-04,526968,437569,89399,17.0,35,0.091,0.248,0.126,0.106,16,1
SHOP176,2024-05,488679,395613,93066,19.0,30,0.105,0.334,0.16,0.061,17,1
SHOP176,2024-06,513268,432275,80993,15.8,21,0.138,0.343,0.139,0.041,18,1
SHOP176,2024-07,405265,318938,86327,21.3,39,0.118,0.212,0.194,0.087,19,1
SHOP176,2024-08,380124,303122,77002,20.3,38,0.046,0.211,0.202,0.067,20,1
SHOP176,2024-09,488438,400762,87676,18.0,44,0.108,0.222,0.144,0.079,21,1
SHOP176,2024-10,463824,421342,42482,9.2,29,0.089,0.243,0.247,0.069,22,1
SHOP176,2024-11,405124,349983,55141,13.6,29,0.044,0.223,0.173,0.041,23,1
SHOP176,2024-12,642082,512845,129237,20.1,32,0.207,0.229,0.258,0.055,24,1
SHOP176,2025-01,529483,439277,90206,17.0,30,0.141,0.291,0.202,0.094,25,1
SHOP176,2025-02,772760,616616,156144,20.2,33,0.188,0.304,0.147,0.054,26,1
SHOP176,2025-03,470588,431364,39224,8.3,31,0.163,0.221,0.02,0.091,27,1
SHOP176,2025-04,540651,442886,97765,18.1,40,0.09,0.289,0.237,0.056,28,1
SHOP176,2025-05,424609,361592,63017,14.8,30,0.033,0.26,0.169,0.043,29,1
SHOP176,2025-06,399591,332647,66944,16.8,45,0.061,0.258,0.25,0.112,30,1
SHOP176,2025-07,470339,383049,87290,18.6,33,0.0,0.246,0.189,0.08,31,1
SHOP176,2025-08,417639,366725,50914,12.2,42,0.095,0.268,0.137,0.088,32,1
SHOP176,2025-09,537947,423789,114158,21.2,29,0.0,0.267,0.217,0.0,33,1
SHOP176,2025-10,412464,370860,41604,10.1,27,0.126,0.25,0.263,0.115,34,0
SHOP176,2025-11,458335,376982,81353,17.7,34,0.175,0.296,0.261,0.074,35,1
SHOP176,2025-12,443384,375473,67911,15.3,34,0.094,0.315,0.203,0.035,36,1
SHOP177,2023-01,829559,700703,128856,15.5,65,0.146,0.192,0.172,0.094,1,0
SHOP177,2023-02,698876,591076,107800,15.4,46,0.155,0.261,0.162,0.091,2,0
SHOP177,2023-03,839839,718127,121712,14.5,59,0.13,0.17,0.203,0.066,3,0
SHOP177,2023-04,657064,564479,92585,14.1,48,0.122,0.211,0.26,0.108,4,0
SHOP177,2023-05,864737,748694,116043,13.4,64,0.087,0.215,0.229,0.105,5,1
SHOP177,2023-06,677794,598733,79061,11.7,64,0.127,0.249,0.151,0.055,6,0
SHOP177,2023-07,657288,579841,77447,11.8,72,0.178,0.171,0.149,0.066,7,0
SHOP177,2023-08,970101,852590,117511,12.1,53,0.154,0.219,0.195,0.064,8,0
SHOP177,2023-09,815582,707136,108446,13.3,59,0.133,0.195,0.348,0.068,9,0
SHOP177,2023-10,514564,457730,56834,11.0,48,0.134,0.253,0.219,0.116,10,0
SHOP177,2023-11,707872,638264,69608,9.8,43,0.157,0.234,0.242,0.048,11,0
SHOP177,2023-12,802066,680959,121107,15.1,63,0.174,0.28,0.239,0.076,12,1
SHOP177,2024-01,825334,687326,138008,16.7,54,0.173,0.233,0.152,0.079,13,1
SHOP177,2024-02,622402,499918,122484,19.7,66,0.15,0.21,0.241,0.074,14,0
SHOP177,2024-03,792590,665325,127265,16.1,65,0.137,0.262,0.268,0.096,15,0
SHOP177,2024-04,729913,635497,94416,12.9,57,0.186,0.214,0.359,0.086,16,0
SHOP177,2024-05,598187,529426,68761,11.5,51,0.09,0.227,0.239,0.083,17,0
SHOP177,2024-06,670825,585130,85695,12.8,56,0.16,0.151,0.255,0.018,18,0
SHOP177,2024-07,775874,623107,152767,19.7,65,0.074,0.2,0.271,0.099,19,0
SHOP177,2024-08,636153,553208,82945,13.0,65,0.127,0.241,0.223,0.091,20,1
SHOP177,2024-09,653678,535972,117706,18.0,61,0.112,0.202,0.078,0.097,21,1
SHOP177,2024-10,1045525,923748,121777,11.6,50,0.04,0.142,0.332,0.135,22,0
SHOP177,2024-11,752680,651643,101037,13.4,54,0.052,0.175,0.19,0.065,23,1
SHOP177,2024-12,796556,630061,166495,20.9,59,0.159,0.117,0.275,0.095,24,1
SHOP177,2025-01,749562,613632,135930,18.1,52,0.034,0.278,0.175,0.133,25,1
SHOP177,2025-02,881661,777569,104092,11.8,53,0.138,0.275,0.104,0.098,26,0
SHOP177,2025-03,679242,567995,111247,16.4,62,0.068,0.152,0.173,0.085,27,0
SHOP177,2025-04,730414,647040,83374,11.4,57,0.209,0.266,0.298,0.047,28,0
SHOP177,2025-05,737241,640480,96761,13.1,59,0.07,0.259,0.193,0.101,29,1
SHOP177,2025-06,651602,591747,59855,9.2,70,0.112,0.196,0.301,0.121,30,0
SHOP177,2025-07,818989,692030,126959,15.5,57,0.148,0.189,0.27,0.113,31,1
SHOP177,2025-08,708680,611041,97639,13.8,53,0.203,0.171,0.291,0.063,32,0
SHOP177,2025-09,647256,545548,101708,15.7,65,0.129,0.179,0.143,0.129,33,1
SHOP177,2025-10,871172,748086,123086,14.1,54,0.135,0.228,0.296,0.168,34,1
SHOP177,2025-11,968532,832489,136043,14.0,65,0.126,0.282,0.183,0.067,35,1
SHOP177,2025-12,603340,508673,94667,15.7,66,0.11,0.238,0.299,0.099,36,1
SHOP178,2023-01,237880,187389,50491,21.2,8,0.104,0.191,0.194,0.067,1,0
SHOP178,2023-02,289207,251111,38096,13.2,18,0.052,0.312,0.148,0.075,2,0
SHOP178,2023-03,165424,140311,25113,15.2,14,0.062,0.311,0.145,0.066,3,1
SHOP178,2023-04,221458,188944,32514,14.7,24,0.0,0.317,0.064,0.07,4,1
SHOP178,2023-05,225304,183110,42194,18.7,21,0.095,0.347,0.116,0.08,5,1
SHOP178,2023-06,260284,218730,41554,16.0,30,0.16,0.247,0.241,0.092,6,0
SHOP178,2023-07,145817,116741,29076,19.9,26,0.091,0.235,0.149,0.065,7,1
SHOP178,2023-08,238448,205733,32715,13.7,14,0.059,0.296,0.128,0.033,8,1
SHOP178,2023-09,286238,233745,52493,18.3,12,0.142,0.289,0.171,0.085,9,1
SHOP178,2023-10,231991,190699,41292,17.8,13,0.046,0.246,0.263,0.056,10,1
SHOP178,2023-11,286330,224300,62030,21.7,21,0.056,0.314,0.13,0.054,11,1
SHOP178,2023-12,167497,132550,34947,20.9,22,0.186,0.322,0.15,0.042,12,1
SHOP178,2024-01,284344,214375,69969,24.6,27,0.022,0.269,0.228,0.014,13,1
SHOP178,2024-02,178674,150112,28562,16.0,14,0.065,0.256,0.147,0.099,14,0
SHOP178,2024-03,227220,184838,42382,18.7,26,0.103,0.322,0.231,0.111,15,1
SHOP178,2024-04,269907,218558,51349,19.0,14,0.027,0.226,0.175,0.081,16,1
SHOP178,2024-05,229698,193585,36113,15.7,8,0.034,0.252,0.16,0.021,17,1
SHOP178,2024-06,293109,241208,51901,17.7,26,0.057,0.302,0.119,0.036,18,1
SHOP178,2024-07,297786,243664,54122,18.2,10,0.032,0.368,0.143,0.031,19,1
SHOP178,2024-08,264787,217980,46807,17.7,18,0.099,0.301,0.081,0.0,20,1
SHOP178,2024-09,168200,141520,26680,15.9,20,0.084,0.313,0.215,0.03,21,1
SHOP178,2024-10,251535,201978,49557,19.7,13,0.04,0.293,0.05,0.088,22,1
SHOP178,2024-11,192029,161801,30228,15.7,24,0.098,0.307,0.216,0.059,23,1
SHOP178,2024-12,261163,221526,39637,15.2,27,0.071,0.318,0.236,0.058,24,1
SHOP178,2025-01,309273,256170,53103,17.2,8,0.057,0.25,0.155,0.088,25,1
SHOP178,2025-02,289810,240227,49583,17.1,10,0.085,0.285,0.123,0.077,26,1
SHOP178,2025-03,229906,189890,40016,17.4,20,0.121,0.236,0.111,0.028,27,1
SHOP178,2025-04,222023,185566,36457,16.4,32,0.112,0.284,0.101,0.04,28,1
SHOP178,2025-05,273923,230321,43602,15.9,17,0.116,0.381,0.127,0.05,29,1
SHOP178,2025-06,167441,124375,43066,25.7,23,0.061,0.346,0.208,0.061,30,1
SHOP178,2025-07,217142,178086,39056,18.0,17,0.108,0.266,0.157,0.045,31,1
SHOP178,2025-08,238655,187132,51523,21.6,17,0.135,0.296,0.191,0.083,32,1
SHOP178,2025-09,246758,203002,43756,17.7,8,0.073,0.296,0.197,0.086,33,1
SHOP178,2025-10,191389,164483,26906,14.1,9,0.079,0.351,0.146,0.033,34,1
SHOP178,2025-11,206815,162065,44750,21.6,18,0.109,0.381,0.154,0.098,35,1
SHOP178,2025-12,197128,162095,35033,17.8,22,0.025,0.302,0.185,0.084,36,1
SHOP179,2023-01,270653,234483,36170,13.4,30,0.082,0.194,0.22,0.056,1,0
SHOP179,2023-02,401442,329012,72430,18.0,29,0.02,0.241,0.164,0.079,2,0
SHOP179,2023-03,445376,378050,67326,15.1,31,0.098,0.259,0.283,0.05,3,0
SHOP179,2023-04,311807,266974,44833,14.4,24,0.21,0.324,0.163,0.005,4,0
SHOP179,2023-05,271904,225404,46500,17.1,24,0.162,0.177,0.158,0.136,5,0
SHOP179,2023-06,371093,310260,60833,16.4,28,0.191,0.143,0.222,0.095,6,0
SHOP179,2023-07,228081,190461,37620,16.5,35,0.064,0.188,0.266,0.066,7,0
SHOP179,2023-08,312551,278205,34346,11.0,21,0.096,0.22,0.234,0.074,8,0
SHOP179,2023-09,347280,303856,43424,12.5,24,0.021,0.254,0.227,0.125,9,0
SHOP179,2023-10,295019,252720,42299,14.3,37,0.122,0.196,0.159,0.119,10,0
SHOP179,2023-11,362609,301671,60938,16.8,28,0.128,0.247,0.215,0.058,11,0
SHOP179,2023-12,312900,272315,40585,13.0,20,0.092,0.283,0.165,0.077,12,0
SHOP179,2024-01,277873,250940,26933,9.7,11,0.104,0.242,0.196,0.047,13,0
SHOP179,2024-02,395685,327294,68391,17.3,18,0.078,0.2,0.171,0.08,14,0
SHOP179,2024-03,376765,318474,58291,15.5,29,0.162,0.287,0.241,0.106,15,0
SHOP179,2024-04,297650,242148,55502,18.6,26,0.132,0.257,0.275,0.029,16,1
SHOP179,2024-05,415816,353812,62004,14.9,29,0.177,0.212,0.256,0.147,17,0
SHOP179,2024-06,401989,366732,35257,8.8,25,0.07,0.202,0.274,0.107,18,0
SHOP179,2024-07,429195,347408,81787,19.1,25,0.116,0.294,0.173,0.096,19,1
SHOP179,2024-08,291061,249782,41279,14.2,39,0.125,0.274,0.129,0.085,20,1
SHOP179,2024-09,399027,336624,62403,15.6,30,0.117,0.251,0.169,0.076,21,1
SHOP179,2024-10,318784,271871,46913,14.7,32,0.11,0.098,0.156,0.098,22,1
SHOP179,2024-11,481833,385943,95890,19.9,22,0.087,0.211,0.189,0.039,23,1
SHOP179,2024-12,332689,277246,55443,16.7,25,0.075,0.166,0.26,0.115,24,1
SHOP179,2025-01,333137,297150,35987,10.8,26,0.139,0.282,0.189,0.055,25,1
SHOP179,2025-02,403610,340231,63379,15.7,20,0.207,0.207,0.211,0.11,26,1
SHOP179,2025-03,382361,323767,58594,15.3,28,0.132,0.236,0.244,0.029,27,1
SHOP179,2025-04,392836,332520,60316,15.4,24,0.185,0.168,0.214,0.057,28,1
SHOP179,2025-05,349713,283619,66094,18.9,20,0.148,0.23,0.238,0.09,29,1
SHOP179,2025-06,276969,223393,53576,19.3,30,0.094,0.183,0.184,0.077,30,1
SHOP179,2025-07,347690,289474,58216,16.7,33,0.137,0.208,0.2,0.067,31,1
SHOP179,2025-08,304620,266633,37987,12.5,22,0.136,0.254,0.196,0.078,32,1
SHOP179,2025-09,429269,375912,53357,12.4,26,0.176,0.255,0.149,0.104,33,1
SHOP179,2025-10,402818,330606,72212,17.9,29,0.206,0.163,0.151,0.093,34,1
SHOP179,2025-11,344748,300523,44225,12.8,33,0.091,0.236,0.235,0.116,35,1
SHOP179,2025-12,285225,231243,53982,18.9,32,0.201,0.168,0.234,0.057,36,1
SHOP180,2023-01,547719,423811,123908,22.6,36,0.0,0.379,0.086,0.095,1,1
SHOP180,2023-02,500211,372758,127453,25.5,53,0.077,0.3,0.112,0.097,2,1
SHOP180,2023-03,550210,437446,112764,20.5,34,0.087,0.181,0.234,0.037,3,0
SHOP180,2023-04,577794,500022,77772,13.5,48,0.064,0.279,0.101,0.0,4,0
SHOP180,2023-05,599736,490114,109622,18.3,49,0.097,0.395,0.21,0.079,5,1
SHOP180,2023-06,600503,489335,111168,18.5,42,0.044,0.376,0.148,0.063,6,1
SHOP180,2023-07,703268,554333,148935,21.2,40,0.091,0.308,0.246,0.04,7,1
SHOP180,2023-08,670117,533722,136395,20.4,45,0.0,0.363,0.24,0.037,8,1
SHOP180,2023-09,610840,475362,135478,22.2,36,0.136,0.34,0.074,0.082,9,1
SHOP180,2023-10,647612,553023,94589,14.6,57,0.054,0.397,0.106,0.069,10,1
SHOP180,2023-11,677261,598863,78398,11.6,40,0.235,0.338,0.159,0.029,11,1
SHOP180,2023-12,733573,605839,127734,17.4,45,0.01,0.303,0.073,0.0,12,1
SHOP180,2024-01,584822,487283,97539,16.7,45,0.095,0.358,0.134,0.071,13,1
SHOP180,2024-02,431130,354144,76986,17.9,49,0.104,0.319,0.153,0.021,14,1
SHOP180,2024-03,683106,569679,113427,16.6,47,0.039,0.328,0.175,0.005,15,1
SHOP180,2024-04,654270,532485,121785,18.6,42,0.111,0.312,0.043,0.095,16,1
SHOP180,2024-05,644333,510885,133448,20.7,41,0.069,0.282,0.121,0.027,17,1
SHOP180,2024-06,646785,568403,78382,12.1,46,0.007,0.281,0.173,0.053,18,1
SHOP180,2024-07,648350,499045,149305,23.0,47,0.09,0.41,0.096,0.047,19,1
SHOP180,2024-08,433015,370187,62828,14.5,41,0.0,0.41,0.195,0.0,20,1
SHOP180,2024-09,428775,327740,101035,23.6,50,0.0,0.41,0.249,0.05,21,1
SHOP180,2024-10,583882,472404,111478,19.1,45,0.042,0.281,0.039,0.023,22,1
SHOP180,2024-11,655495,513085,142410,21.7,53,0.087,0.317,0.18,0.049,23,1
SHOP180,2024-12,769329,631771,137558,17.9,31,0.128,0.328,0.29,0.037,24,1
SHOP180,2025-01,465310,365488,99822,21.5,34,0.061,0.439,0.109,0.028,25,1
SHOP180,2025-02,681318,571071,110247,16.2,42,0.085,0.305,0.062,0.038,26,1
SHOP180,2025-03,473239,358114,115125,24.3,45,0.124,0.33,0.115,0.023,27,1
SHOP180,2025-04,587351,484137,103214,17.6,42,0.015,0.33,0.111,0.0,28,1
SHOP180,2025-05,602588,457621,144967,24.1,50,0.033,0.368,0.133,0.059,29,1
SHOP180,2025-06,701585,562737,138848,19.8,39,0.081,0.398,0.062,0.09,30,1
SHOP180,2025-07,369732,290250,79482,21.5,57,0.0,0.35,0.129,0.06,31,1
SHOP180,2025-08,717550,563037,154513,21.5,45,0.034,0.322,0.08,0.073,32,1
SHOP180,2025-09,507472,423182,84290,16.6,32,0.106,0.334,0.121,0.043,33,1
SHOP180,2025-10,459369,371426,87943,19.1,31,0.0,0.42,0.158,0.033,34,1
SHOP180,2025-11,328433,276330,52103,15.9,41,0.112,0.274,0.109,0.025,35,1
SHOP180,2025-12,629927,507223,122704,19.5,41,0.101,0.324,0.132,0.061,36,1
SHOP181,2023-01,395849,315576,80273,20.3,29,0.013,0.318,0.164,0.027,1,1
SHOP181,2023-02,362619,295989,66630,18.4,22,0.098,0.361,0.203,0.058,2,0
SHOP181,2023-03,294347,227104,67243,22.8,27,0.055,0.232,0.103,0.11,3,0
SHOP181,2023-04,294970,248403,46567,15.8,35,0.176,0.288,0.181,0.03,4,1
SHOP181,2023-05,423115,362679,60436,14.3,24,0.09,0.353,0.177,0.008,5,1
SHOP181,2023-06,241466,191557,49909,20.7,40,0.158,0.307,0.054,0.07,6,1
SHOP181,2023-07,208947,169274,39673,19.0,28,0.058,0.27,0.203,0.0,7,0
SHOP181,2023-08,312648,256811,55837,17.9,35,0.052,0.253,0.132,0.062,8,1
SHOP181,2023-09,402399,301972,100427,25.0,24,0.103,0.284,0.156,0.022,9,1
SHOP181,2023-10,372973,309050,63923,17.1,29,0.059,0.365,0.141,0.013,10,1
SHOP181,2023-11,371774,283468,88306,23.8,38,0.068,0.262,0.21,0.074,11,1
SHOP181,2023-12,351688,292944,58744,16.7,27,0.113,0.323,0.243,0.035,12,1
SHOP181,2024-01,315392,264308,51084,16.2,28,0.178,0.338,0.215,0.098,13,1
SHOP181,2024-02,303080,254923,48157,15.9,23,0.112,0.347,0.277,0.116,14,1
SHOP181,2024-03,330237,278045,52192,15.8,18,0.098,0.323,0.222,0.085,15,1
SHOP181,2024-04,322981,270386,52595,16.3,18,0.105,0.349,0.172,0.061,16,1
SHOP181,2024-05,328215,262404,65811,20.1,33,0.11,0.3,0.102,0.02,17,1
SHOP181,2024-06,306531,235559,70972,23.2,25,0.131,0.358,0.163,0.145,18,1
SHOP181,2024-07,401908,352155,49753,12.4,30,0.086,0.226,0.221,0.021,19,0
SHOP181,2024-08,391013,328619,62394,16.0,31,0.066,0.279,0.063,0.053,20,1
SHOP181,2024-09,315523,250948,64575,20.5,29,0.116,0.27,0.187,0.12,21,1
SHOP181,2024-10,403835,352638,51197,12.7,31,0.073,0.302,0.317,0.079,22,1
SHOP181,2024-11,341734,288660,53074,15.5,20,0.106,0.262,0.138,0.074,23,1
SHOP181,2024-12,363584,295252,68332,18.8,29,0.141,0.247,0.135,0.048,24,1
SHOP181,2025-01,367077,305210,61867,16.9,19,0.127,0.319,0.153,0.025,25,1
SHOP181,2025-02,220934,185010,35924,16.3,32,0.183,0.277,0.114,0.071,26,1
SHOP181,2025-03,416039,352279,63760,15.3,20,0.054,0.299,0.183,0.052,27,1
SHOP181,2025-04,392130,312587,79543,20.3,37,0.2,0.349,0.111,0.057,28,1
SHOP181,2025-05,259714,221644,38070,14.7,25,0.094,0.224,0.207,0.081,29,1
SHOP181,2025-06,363678,307675,56003,15.4,29,0.125,0.288,0.101,0.033,30,1
SHOP181,2025-07,262211,204283,57928,22.1,21,0.0,0.234,0.109,0.06,31,1
SHOP181,2025-08,364308,310497,53811,14.8,20,0.148,0.343,0.196,0.049,32,1
SHOP181,2025-09,238833,195569,43264,18.1,28,0.039,0.32,0.085,0.043,33,1
SHOP181,2025-10,357025,302112,54913,15.4,36,0.163,0.322,0.278,0.044,34,1
SHOP181,2025-11,189089,150874,38215,20.2,20,0.062,0.289,0.116,0.105,35,1
SHOP181,2025-12,391592,339630,51962,13.3,31,0.072,0.34,0.163,0.122,36,1
SHOP182,2023-01,336152,305580,30572,9.1,22,0.113,0.205,0.292,0.07,1,0
SHOP182,2023-02,354205,315268,38937,11.0,25,0.085,0.237,0.247,0.117,2,0
SHOP182,2023-03,316406,264639,51767,16.4,17,0.118,0.114,0.171,0.108,3,0
SHOP182,2023-04,269695,221490,48205,17.9,38,0.114,0.164,0.258,0.065,4,0
SHOP182,2023-05,253595,212997,40598,16.0,24,0.218,0.131,0.315,0.09,5,0
SHOP182,2023-06,362625,335329,27296,7.5,27,0.128,0.204,0.252,0.143,6,0
SHOP182,2023-07,212367,203650,8717,4.1,32,0.089,0.199,0.303,0.106,7,0
SHOP182,2023-08,332886,287628,45258,13.6,27,0.131,0.178,0.242,0.088,8,0
SHOP182,2023-09,256813,227891,28922,11.3,31,0.095,0.205,0.32,0.071,9,0
SHOP182,2023-10,362652,312033,50619,14.0,21,0.11,0.207,0.25,0.072,10,0
SHOP182,2023-11,317075,287509,29566,9.3,18,0.135,0.136,0.253,0.083,11,0
SHOP182,2023-12,220849,199757,21092,9.6,21,0.144,0.262,0.241,0.082,12,0
SHOP182,2024-01,286215,241601,44614,15.6,19,0.099,0.247,0.178,0.097,13,0
SHOP182,2024-02,229210,211453,17757,7.7,15,0.153,0.134,0.274,0.104,14,0
SHOP182,2024-03,295273,260918,34355,11.6,22,0.111,0.228,0.277,0.15,15,0
SHOP182,2024-04,254779,206787,47992,18.8,24,0.065,0.077,0.208,0.078,16,0
SHOP182,2024-05,282420,243406,39014,13.8,23,0.247,0.218,0.298,0.085,17,0
SHOP182,2024-06,254506,215281,39225,15.4,18,0.121,0.195,0.366,0.133,18,0
SHOP182,2024-07,264961,209688,55273,20.9,22,0.249,0.15,0.22,0.046,19,1
SHOP182,2024-08,328563,283846,44717,13.6,24,0.217,0.177,0.297,0.093,20,0
SHOP182,2024-09,283275,243752,39523,14.0,22,0.176,0.216,0.267,0.091,21,0
SHOP182,2024-10,396574,361580,34994,8.8,20,0.181,0.233,0.192,0.054,22,0
SHOP182,2024-11,398067,360055,38012,9.5,19,0.2,0.25,0.18,0.071,23,0
SHOP182,2024-12,269320,232394,36926,13.7,13,0.227,0.215,0.271,0.089,24,1
SHOP182,2025-01,359114,320158,38956,10.8,24,0.172,0.109,0.29,0.075,25,0
SHOP182,2025-02,224278,197212,27066,12.1,26,0.166,0.161,0.203,0.147,26,1
SHOP182,2025-03,331333,281364,49969,15.1,24,0.05,0.203,0.23,0.082,27,0
SHOP182,2025-04,409382,368241,41141,10.0,21,0.235,0.147,0.161,0.102,28,0
SHOP182,2025-05,401823,353867,47956,11.9,33,0.102,0.187,0.205,0.102,29,1
SHOP182,2025-06,337289,281140,56149,16.6,18,0.112,0.21,0.249,0.077,30,1
SHOP182,2025-07,313007,268675,44332,14.2,25,0.161,0.146,0.249,0.069,31,0
SHOP182,2025-08,332120,299946,32174,9.7,28,0.165,0.182,0.211,0.105,32,0
SHOP182,2025-09,275429,245622,29807,10.8,42,0.194,0.172,0.215,0.12,33,0
SHOP182,2025-10,301476,276020,25456,8.4,29,0.064,0.151,0.33,0.018,34,0
SHOP182,2025-11,198718,176756,21962,11.1,28,0.207,0.11,0.223,0.07,35,1
SHOP182,2025-12,273852,252201,21651,7.9,18,0.124,0.115,0.251,0.069,36,0
SHOP183,2023-01,547117,464860,82257,15.0,33,0.076,0.302,0.152,0.059,1,0
SHOP183,2023-02,671027,549431,121596,18.1,42,0.068,0.391,0.234,0.066,2,1
SHOP183,2023-03,534457,414490,119967,22.4,43,0.051,0.355,0.142,0.055,3,1
SHOP183,2023-04,583970,490086,93884,16.1,29,0.0,0.361,0.203,0.036,4,0
SHOP183,2023-05,475761,399440,76321,16.0,47,0.107,0.284,0.048,0.041,5,1
SHOP183,2023-06,734651,604261,130390,17.7,33,0.035,0.254,0.125,0.117,6,0
SHOP183,2023-07,475178,387803,87375,18.4,35,0.055,0.304,0.16,0.057,7,1
SHOP183,2023-08,590061,515670,74391,12.6,38,0.135,0.297,0.211,0.067,8,0
SHOP183,2023-09,521741,447025,74716,14.3,34,0.049,0.366,0.108,0.066,9,1
SHOP183,2023-10,590196,491232,98964,16.8,45,0.117,0.376,0.173,0.069,10,0
SHOP183,2023-11,499289,416842,82447,16.5,39,0.07,0.321,0.187,0.052,11,1
SHOP183,2023-12,423004,359401,63603,15.0,46,0.099,0.378,0.182,0.0,12,1
SHOP183,2024-01,590441,491735,98706,16.7,37,0.0,0.296,0.121,0.051,13,1
SHOP183,2024-02,621188,503965,117223,18.9,44,0.043,0.315,0.04,0.045,14,1
SHOP183,2024-03,577112,491643,85469,14.8,33,0.141,0.374,0.177,0.121,15,1
SHOP183,2024-04,413140,336593,76547,18.5,41,0.108,0.309,0.142,0.077,16,1
SHOP183,2024-05,388138,311283,76855,19.8,39,0.06,0.355,0.158,0.038,17,1
SHOP183,2024-06,408198,340663,67535,16.5,47,0.139,0.314,0.168,0.073,18,1
SHOP183,2024-07,501816,421932,79884,15.9,42,0.04,0.267,0.23,0.088,19,1
SHOP183,2024-08,677161,548546,128615,19.0,43,0.053,0.317,0.284,0.08,20,1
SHOP183,2024-09,389827,323261,66566,17.1,40,0.027,0.324,0.101,0.043,21,1
SHOP183,2024-10,597326,490458,106868,17.9,31,0.105,0.196,0.084,0.021,22,1
SHOP183,2024-11,420558,344078,76480,18.2,34,0.07,0.384,0.133,0.062,23,1
SHOP183,2024-12,484386,408052,76334,15.8,37,0.102,0.345,0.229,0.093,24,1
SHOP183,2025-01,540725,470272,70453,13.0,43,0.095,0.317,0.164,0.115,25,1
SHOP183,2025-02,298382,254291,44091,14.8,32,0.055,0.365,0.1,0.047,26,1
SHOP183,2025-03,311645,244032,67613,21.7,47,0.064,0.374,0.165,0.053,27,1
SHOP183,2025-04,475275,405767,69508,14.6,32,0.074,0.289,0.156,0.112,28,1
SHOP183,2025-05,490740,402806,87934,17.9,49,0.0,0.35,0.206,0.01,29,1
SHOP183,2025-06,505884,421464,84420,16.7,47,0.018,0.318,0.169,0.024,30,1
SHOP183,2025-07,325513,265609,59904,18.4,49,0.103,0.276,0.116,0.085,31,1
SHOP183,2025-08,480995,399413,81582,17.0,36,0.098,0.295,0.194,0.05,32,1
SHOP183,2025-09,444804,386298,58506,13.2,23,0.024,0.336,0.164,0.068,33,1
SHOP183,2025-10,580199,462577,117622,20.3,29,0.0,0.321,0.124,0.055,34,1
SHOP183,2025-11,331964,278471,53493,16.1,44,0.035,0.362,0.02,0.086,35,1
SHOP183,2025-12,370465,309081,61384,16.6,37,0.112,0.312,0.165,0.088,36,1
SHOP184,2023-01,361322,287440,73882,20.4,25,0.11,0.228,0.312,0.056,1,0
SHOP184,2023-02,381017,303251,77766,20.4,30,0.12,0.251,0.234,0.085,2,0
SHOP184,2023-03,526022,436457,89565,17.0,31,0.011,0.178,0.273,0.099,3,0
SHOP184,2023-04,416133,359359,56774,13.6,31,0.11,0.21,0.137,0.077,4,0
SHOP184,2023-05,324272,270030,54242,16.7,21,0.063,0.213,0.205,0.091,5,0
SHOP184,2023-06,333015,280547,52468,15.8,26,0.162,0.2,0.147,0.063,6,0
SHOP184,2023-07,502778,438423,64355,12.8,28,0.066,0.241,0.119,0.078,7,0
SHOP184,2023-08,439813,362126,77687,17.7,40,0.066,0.257,0.179,0.051,8,1
SHOP184,2023-09,329816,287629,42187,12.8,26,0.095,0.276,0.225,0.125,9,0
SHOP184,2023-10,365678,324793,40885,11.2,18,0.12,0.24,0.204,0.045,10,0
SHOP184,2023-11,424653,352296,72357,17.0,21,0.149,0.293,0.183,0.099,11,1
SHOP184,2023-12,347535,296173,51362,14.8,27,0.044,0.219,0.177,0.097,12,0
SHOP184,2024-01,335809,272925,62884,18.7,34,0.17,0.278,0.134,0.081,13,1
SHOP184,2024-02,411084,365362,45722,11.1,25,0.0,0.183,0.212,0.072,14,0
SHOP184,2024-03,413968,356330,57638,13.9,34,0.132,0.306,0.161,0.082,15,1
SHOP184,2024-04,480028,403460,76568,16.0,31,0.0,0.168,0.107,0.028,16,0
SHOP184,2024-05,546111,458462,87649,16.0,28,0.103,0.314,0.112,0.111,17,1
SHOP184,2024-06,421818,346012,75806,18.0,40,0.198,0.317,0.29,0.033,18,1
SHOP184,2024-07,472024,384649,87375,18.5,27,0.201,0.364,0.156,0.066,19,1
SHOP184,2024-08,413355,348978,64377,15.6,31,0.086,0.229,0.276,0.072,20,1
SHOP184,2024-09,263667,221171,42496,16.1,32,0.06,0.217,0.251,0.045,21,0
SHOP184,2024-10,436047,359044,77003,17.7,43,0.124,0.292,0.262,0.074,22,1
SHOP184,2024-11,449104,392460,56644,12.6,33,0.146,0.217,0.329,0.079,23,1
SHOP184,2024-12,412403,348762,63641,15.4,26,0.081,0.27,0.263,0.105,24,1
SHOP184,2025-01,569557,476727,92830,16.3,33,0.182,0.204,0.119,0.101,25,1
SHOP184,2025-02,421434,346665,74769,17.7,26,0.112,0.246,0.294,0.102,26,1
SHOP184,2025-03,400192,336815,63377,15.8,42,0.1,0.178,0.239,0.068,27,1
SHOP184,2025-04,352757,292811,59946,17.0,21,0.117,0.27,0.133,0.089,28,1
SHOP184,2025-05,532098,456788,75310,14.2,34,0.134,0.2,0.202,0.063,29,1
SHOP184,2025-06,334896,306562,28334,8.5,30,0.083,0.263,0.149,0.078,30,1
SHOP184,2025-07,277174,231994,45180,16.3,34,0.011,0.281,0.112,0.047,31,1
SHOP184,2025-08,437161,354838,82323,18.8,20,0.093,0.225,0.181,0.079,32,1
SHOP184,2025-09,315873,261646,54227,17.2,36,0.194,0.28,0.098,0.076,33,1
SHOP184,2025-10,344721,292243,52478,15.2,34,0.125,0.271,0.135,0.053,34,1
SHOP184,2025-11,469827,387065,82762,17.6,36,0.212,0.269,0.129,0.062,35,1
SHOP184,2025-12,465357,410509,54848,11.8,21,0.085,0.292,0.249,0.105,36,1
SHOP185,2023-01,466923,381575,85348,18.3,44,0.162,0.28,0.118,0.103,1,0
SHOP185,2023-02,516810,416320,100490,19.4,40,0.048,0.295,0.269,0.065,2,0
SHOP185,2023-03,791149,672549,118600,15.0,52,0.099,0.243,0.127,0.046,3,0
SHOP185,2023-04,737454,633114,104340,14.1,54,0.062,0.304,0.246,0.097,4,0
SHOP185,2023-05,619366,551617,67749,10.9,53,0.083,0.316,0.243,0.061,5,1
SHOP185,2023-06,456492,387103,69389,15.2,36,0.116,0.312,0.169,0.1,6,0
SHOP185,2023-07,354877,286639,68238,19.2,45,0.213,0.267,0.198,0.024,7,0
SHOP185,2023-08,792826,693197,99629,12.6,45,0.118,0.198,0.242,0.062,8,0
SHOP185,2023-09,760969,630355,130614,17.2,43,0.163,0.105,0.197,0.06,9,0
SHOP185,2023-10,550967,458969,91998,16.7,52,0.091,0.322,0.196,0.021,10,1
SHOP185,2023-11,867420,699682,167738,19.3,39,0.039,0.255,0.165,0.133,11,0
SHOP185,2023-12,387113,311207,75906,19.6,41,0.211,0.27,0.151,0.085,12,1
SHOP185,2024-01,476022,397677,78345,16.5,48,0.138,0.208,0.198,0.117,13,0
SHOP185,2024-02,564467,466276,98191,17.4,47,0.074,0.225,0.191,0.022,14,1
SHOP185,2024-03,434743,372171,62572,14.4,42,0.096,0.245,0.195,0.034,15,1
SHOP185,2024-04,574856,456988,117868,20.5,40,0.196,0.384,0.14,0.086,16,1
SHOP185,2024-05,539018,461704,77314,14.3,35,0.179,0.29,0.266,0.093,17,1
SHOP185,2024-06,471084,379561,91523,19.4,43,0.081,0.274,0.129,0.037,18,1
SHOP185,2024-07,478780,429648,49132,10.3,46,0.035,0.311,0.373,0.132,19,1
SHOP185,2024-08,618465,510358,108107,17.5,42,0.123,0.18,0.213,0.083,20,1
SHOP185,2024-09,486278,419245,67033,13.8,37,0.107,0.294,0.174,0.101,21,1
SHOP185,2024-10,489166,413079,76087,15.6,50,0.087,0.224,0.209,0.066,22,1
SHOP185,2024-11,630485,505480,125005,19.8,45,0.003,0.265,0.245,0.02,23,1
SHOP185,2024-12,495663,427882,67781,13.7,60,0.127,0.284,0.186,0.097,24,1
SHOP185,2025-01,627635,521396,106239,16.9,56,0.031,0.335,0.208,0.046,25,1
SHOP185,2025-02,638016,528270,109746,17.2,39,0.042,0.193,0.191,0.085,26,1
SHOP185,2025-03,641645,510474,131171,20.4,50,0.109,0.266,0.169,0.061,27,1
SHOP185,2025-04,626374,525688,100686,16.1,29,0.072,0.251,0.265,0.114,28,1
SHOP185,2025-05,454761,402749,52012,11.4,41,0.129,0.246,0.195,0.016,29,1
SHOP185,2025-06,531856,472253,59603,11.2,44,0.133,0.187,0.199,0.07,30,1
SHOP185,2025-07,673946,562473,111473,16.5,46,0.078,0.252,0.164,0.06,31,1
SHOP185,2025-08,492138,412694,79444,16.1,42,0.164,0.269,0.134,0.069,32,1
SHOP185,2025-09,500413,402089,98324,19.6,36,0.142,0.237,0.198,0.088,33,1
SHOP185,2025-10,461949,398055,63894,13.8,45,0.098,0.236,0.245,0.089,34,1
SHOP185,2025-11,559382,482108,77274,13.8,46,0.046,0.125,0.18,0.086,35,1
SHOP185,2025-12,575074,492923,82151,14.3,53,0.006,0.221,0.252,0.114,36,1
SHOP186,2023-01,391606,322377,69229,17.7,27,0.139,0.2,0.274,0.071,1,0
SHOP186,2023-02,218790,201936,16854,7.7,16,0.194,0.149,0.081,0.091,2,0
SHOP186,2023-03,387557,342343,45214,11.7,28,0.153,0.241,0.357,0.1,3,0
SHOP186,2023-04,330838,293199,37639,11.4,35,0.155,0.15,0.278,0.118,4,0
SHOP186,2023-05,502155,448732,53423,10.6,36,0.187,0.202,0.292,0.132,5,0
SHOP186,2023-06,265142,234993,30149,11.4,25,0.15,0.156,0.401,0.074,6,0
SHOP186,2023-07,449429,394187,55242,12.3,23,0.155,0.151,0.178,0.092,7,0
SHOP186,2023-08,328762,284430,44332,13.5,37,0.253,0.276,0.215,0.101,8,0
SHOP186,2023-09,319897,299117,20780,6.5,37,0.077,0.197,0.223,0.086,9,0
SHOP186,2023-10,321158,286202,34956,10.9,33,0.156,0.274,0.369,0.09,10,0
SHOP186,2023-11,338010,291665,46345,13.7,37,0.122,0.257,0.216,0.027,11,0
SHOP186,2023-12,382144,326112,56032,14.7,22,0.132,0.214,0.228,0.026,12,0
SHOP186,2024-01,270149,236480,33669,12.5,29,0.107,0.138,0.314,0.068,13,0
SHOP186,2024-02,411861,344173,67688,16.4,24,0.081,0.146,0.169,0.074,14,0
SHOP186,2024-03,285545,247423,38122,13.4,27,0.085,0.192,0.202,0.115,15,1
SHOP186,2024-04,312697,269865,42832,13.7,19,0.149,0.178,0.258,0.073,16,0
SHOP186,2024-05,423268,379582,43686,10.3,25,0.137,0.149,0.251,0.109,17,0
SHOP186,2024-06,304704,285916,18788,6.2,20,0.109,0.193,0.264,0.133,18,0
SHOP186,2024-07,309483,269682,39801,12.9,26,0.121,0.238,0.171,0.112,19,0
SHOP186,2024-08,409661,357952,51709,12.6,8,0.138,0.157,0.275,0.093,20,0
SHOP186,2024-09,353789,297262,56527,16.0,29,0.129,0.107,0.282,0.1,21,0
SHOP186,2024-10,384153,324637,59516,15.5,37,0.195,0.158,0.258,0.142,22,0
SHOP186,2024-11,465051,384894,80157,17.2,22,0.179,0.139,0.175,0.059,23,1
SHOP186,2024-12,369930,317208,52722,14.3,25,0.173,0.223,0.197,0.112,24,1
SHOP186,2025-01,468355,420111,48244,10.3,36,0.144,0.128,0.206,0.051,25,0
SHOP186,2025-02,375050,324101,50949,13.6,32,0.191,0.18,0.316,0.125,26,0
SHOP186,2025-03,280644,246472,34172,12.2,18,0.093,0.242,0.299,0.094,27,0
SHOP186,2025-04,372850,321680,51170,13.7,32,0.156,0.126,0.321,0.13,28,1
SHOP186,2025-05,309853,278503,31350,10.1,36,0.137,0.229,0.258,0.108,29,1
SHOP186,2025-06,220499,197426,23073,10.5,25,0.17,0.22,0.124,0.097,30,1
SHOP186,2025-07,513275,441059,72216,14.1,20,0.17,0.201,0.3,0.081,31,1
SHOP186,2025-08,297398,252590,44808,15.1,30,0.144,0.136,0.158,0.072,32,0
SHOP186,2025-09,431480,374936,56544,13.1,24,0.169,0.102,0.25,0.076,33,0
SHOP186,2025-10,301589,247571,54018,17.9,38,0.159,0.2,0.332,0.096,34,0
SHOP186,2025-11,394063,363235,30828,7.8,41,0.095,0.182,0.191,0.074,35,1
SHOP186,2025-12,227167,196373,30794,13.6,17,0.036,0.037,0.236,0.08,36,0
SHOP187,2023-01,543078,473204,69874,12.9,36,0.083,0.239,0.221,0.052,1,0
SHOP187,2023-02,304548,250553,53995,17.7,37,0.038,0.278,0.224,0.027,2,0
SHOP187,2023-03,473262,412001,61261,12.9,48,0.102,0.305,0.116,0.078,3,1
SHOP187,2023-04,537373,450749,86624,16.1,36,0.151,0.274,0.316,0.13,4,0
SHOP187,2023-05,550457,459484,90973,16.5,42,0.173,0.224,0.119,0.032,5,1
SHOP187,2023-06,568945,491673,77272,13.6,40,0.072,0.365,0.247,0.06,6,1
SHOP187,2023-07,396981,320312,76669,19.3,35,0.051,0.288,0.255,0.037,7,0
SHOP187,2023-08,394509,298998,95511,24.2,37,0.181,0.283,0.123,0.075,8,1
SHOP187,2023-09,665580,605201,60379,9.1,41,0.158,0.274,0.11,0.011,9,0
SHOP187,2023-10,494637,418369,76268,15.4,38,0.09,0.261,0.15,0.067,10,0
SHOP187,2023-11,483752,397615,86137,17.8,40,0.008,0.311,0.2,0.035,11,1
SHOP187,2023-12,516768,443549,73219,14.2,34,0.165,0.245,0.157,0.102,12,1
SHOP187,2024-01,506458,416324,90134,17.8,26,0.153,0.269,0.182,0.063,13,1
SHOP187,2024-02,363139,299486,63653,17.5,43,0.093,0.31,0.18,0.062,14,1
SHOP187,2024-03,553910,472268,81642,14.7,27,0.101,0.286,0.139,0.065,15,1
SHOP187,2024-04,479149,391632,87517,18.3,39,0.015,0.249,0.162,0.087,16,1
SHOP187,2024-05,531206,421430,109776,20.7,32,0.037,0.312,0.255,0.098,17,1
SHOP187,2024-06,486883,395907,90976,18.7,39,0.221,0.226,0.174,0.077,18,1
SHOP187,2024-07,586212,497067,89145,15.2,35,0.07,0.218,0.142,0.098,19,1
SHOP187,2024-08,405591,330938,74653,18.4,32,0.136,0.287,0.187,0.066,20,1
SHOP187,2024-09,480813,395166,85647,17.8,36,0.024,0.28,0.167,0.106,21,1
SHOP187,2024-10,515366,433766,81600,15.8,48,0.146,0.11,0.149,0.08,22,1
SHOP187,2024-11,534448,431933,102515,19.2,40,0.136,0.359,0.231,0.077,23,1
SHOP187,2024-12,421978,348502,73476,17.4,32,0.134,0.303,0.225,0.054,24,1
SHOP187,2025-01,290233,248779,41454,14.3,44,0.073,0.142,0.213,0.021,25,1
SHOP187,2025-02,500974,415046,85928,17.2,37,0.084,0.272,0.159,0.088,26,1
SHOP187,2025-03,591300,460092,131208,22.2,36,0.134,0.225,0.235,0.127,27,1
SHOP187,2025-04,626099,519784,106315,17.0,33,0.102,0.275,0.187,0.057,28,1
SHOP187,2025-05,329365,284106,45259,13.7,42,0.001,0.193,0.186,0.062,29,1
SHOP187,2025-06,639584,534382,105202,16.4,37,0.162,0.343,0.175,0.073,30,1
SHOP187,2025-07,566413,472527,93886,16.6,26,0.063,0.225,0.178,0.061,31,1
SHOP187,2025-08,296202,240591,55611,18.8,33,0.033,0.221,0.178,0.108,32,1
SHOP187,2025-09,395257,346551,48706,12.3,39,0.002,0.359,0.204,0.099,33,1
SHOP187,2025-10,553754,433265,120489,21.8,42,0.147,0.286,0.172,0.036,34,1
SHOP187,2025-11,581492,492382,89110,15.3,29,0.062,0.239,0.214,0.092,35,1
SHOP187,2025-12,508710,440985,67725,13.3,22,0.024,0.391,0.208,0.064,36,1
SHOP188,2023-01,270960,222014,48946,18.1,19,0.088,0.257,0.232,0.104,1,0
SHOP188,2023-02,212581,175043,37538,17.7,35,0.112,0.134,0.21,0.073,2,0
SHOP188,2023-03,232923,191851,41072,17.6,16,0.098,0.268,0.162,0.058,3,0
SHOP188,2023-04,251760,199453,52307,20.8,30,0.082,0.214,0.111,0.034,4,1
SHOP188,2023-05,312431,265723,46708,14.9,19,0.097,0.232,0.126,0.1,5,0
SHOP188,2023-06,260155,221415,38740,14.9,17,0.233,0.218,0.201,0.104,6,0
SHOP188,2023-07,366310,318086,48224,13.2,20,0.048,0.197,0.188,0.086,7,0
SHOP188,2023-08,233879,196983,36896,15.8,21,0.151,0.231,0.164,0.105,8,1
SHOP188,2023-09,241395,211353,30042,12.4,29,0.167,0.268,0.285,0.06,9,0
SHOP188,2023-10,233951,208485,25466,10.9,20,0.084,0.294,0.21,0.078,10,0
SHOP188,2023-11,318030,268030,50000,15.7,22,0.082,0.225,0.195,0.085,11,1
SHOP188,2023-12,286138,250576,35562,12.4,32,0.029,0.314,0.286,0.0,12,1
SHOP188,2024-01,308596,254897,53699,17.4,30,0.076,0.202,0.159,0.138,13,1
SHOP188,2024-02,287470,240841,46629,16.2,24,0.178,0.242,0.234,0.038,14,1
SHOP188,2024-03,362631,324397,38234,10.5,22,0.089,0.286,0.18,0.096,15,0
SHOP188,2024-04,292703,250731,41972,14.3,21,0.063,0.244,0.23,0.034,16,1
SHOP188,2024-05,213503,186268,27235,12.8,21,0.074,0.272,0.049,0.067,17,0
SHOP188,2024-06,207798,187737,20061,9.7,18,0.107,0.243,0.261,0.08,18,1
SHOP188,2024-07,307690,259555,48135,15.6,25,0.143,0.203,0.197,0.075,19,1
SHOP188,2024-08,239544,185878,53666,22.4,17,0.125,0.186,0.355,0.091,20,1
SHOP188,2024-09,304473,264915,39558,13.0,15,0.21,0.178,0.18,0.0,21,1
SHOP188,2024-10,271315,231711,39604,14.6,34,0.15,0.245,0.198,0.045,22,1
SHOP188,2024-11,318509,268982,49527,15.5,29,0.172,0.261,0.191,0.069,23,1
SHOP188,2024-12,298801,239638,59163,19.8,20,0.017,0.249,0.173,0.069,24,1
SHOP188,2025-01,284020,228683,55337,19.5,9,0.004,0.287,0.229,0.094,25,1
SHOP188,2025-02,256981,217248,39733,15.5,26,0.12,0.24,0.291,0.047,26,1
SHOP188,2025-03,327519,271472,56047,17.1,19,0.055,0.218,0.228,0.101,27,1
SHOP188,2025-04,292959,250118,42841,14.6,29,0.105,0.162,0.27,0.133,28,1
SHOP188,2025-05,377370,330424,46946,12.4,43,0.097,0.209,0.276,0.053,29,1
SHOP188,2025-06,202849,162490,40359,19.9,25,0.139,0.249,0.309,0.048,30,1
SHOP188,2025-07,373660,316667,56993,15.3,26,0.134,0.264,0.133,0.079,31,1
SHOP188,2025-08,234562,203452,31110,13.3,24,0.131,0.153,0.097,0.071,32,0
SHOP188,2025-09,343892,307297,36595,10.6,17,0.038,0.252,0.182,0.066,33,0
SHOP188,2025-10,262733,221539,41194,15.7,18,0.112,0.239,0.199,0.085,34,1
SHOP188,2025-11,312983,265749,47234,15.1,29,0.139,0.2,0.182,0.076,35,1
SHOP188,2025-12,400072,341010,59062,14.8,23,0.0,0.256,0.348,0.071,36,0
SHOP189,2023-01,570448,458481,111967,19.6,35,0.134,0.175,0.198,0.073,1,0
SHOP189,2023-02,448590,388472,60118,13.4,42,0.235,0.217,0.233,0.137,2,0
SHOP189,2023-03,579323,459547,119776,20.7,36,0.088,0.239,0.16,0.0,3,1
SHOP189,2023-04,582612,536669,45943,7.9,46,0.116,0.313,0.25,0.053,4,0
SHOP189,2023-05,440167,374636,65531,14.9,36,0.139,0.241,0.267,0.037,5,0
SHOP189,2023-06,316137,269442,46695,14.8,49,0.04,0.218,0.228,0.094,6,0
SHOP189,2023-07,386179,314574,71605,18.5,46,0.203,0.164,0.163,0.072,7,0
SHOP189,2023-08,642562,509487,133075,20.7,36,0.173,0.268,0.243,0.115,8,0
SHOP189,2023-09,443966,390120,53846,12.1,42,0.167,0.363,0.168,0.068,9,1
SHOP189,2023-10,482838,397689,85149,17.6,41,0.097,0.262,0.224,0.123,10,0
SHOP189,2023-11,456345,381765,74580,16.3,45,0.157,0.279,0.226,0.086,11,0
SHOP189,2023-12,368458,315080,53378,14.5,41,0.177,0.272,0.209,0.077,12,0
SHOP189,2024-01,663102,586495,76607,11.6,40,0.188,0.259,0.287,0.074,13,0
SHOP189,2024-02,447013,371200,75813,17.0,33,0.154,0.222,0.243,0.128,14,0
SHOP189,2024-03,473000,408530,64470,13.6,43,0.163,0.185,0.271,0.04,15,0
SHOP189,2024-04,604822,530012,74810,12.4,44,0.127,0.162,0.279,0.094,16,0
SHOP189,2024-05,391254,338048,53206,13.6,44,0.026,0.25,0.218,0.016,17,1
SHOP189,2024-06,430426,360463,69963,16.3,39,0.179,0.165,0.242,0.13,18,1
SHOP189,2024-07,498654,414081,84573,17.0,39,0.145,0.279,0.171,0.085,19,1
SHOP189,2024-08,459089,421339,37750,8.2,52,0.116,0.32,0.17,0.093,20,1
SHOP189,2024-09,421586,360111,61475,14.6,42,0.149,0.193,0.091,0.035,21,1
SHOP189,2024-10,491997,450339,41658,8.5,36,0.129,0.258,0.147,0.05,22,0
SHOP189,2024-11,460747,414493,46254,10.0,33,0.055,0.191,0.258,0.069,23,0
SHOP189,2024-12,386693,332060,54633,14.1,35,0.142,0.297,0.272,0.086,24,1
SHOP189,2025-01,410339,350022,60317,14.7,50,0.146,0.231,0.071,0.094,25,1
SHOP189,2025-02,490771,397788,92983,18.9,44,0.17,0.223,0.272,0.128,26,1
SHOP189,2025-03,568655,472436,96219,16.9,41,0.126,0.241,0.234,0.069,27,1
SHOP189,2025-04,679457,583937,95520,14.1,43,0.109,0.189,0.211,0.073,28,1
SHOP189,2025-05,460335,369550,90785,19.7,33,0.162,0.177,0.171,0.108,29,1
SHOP189,2025-06,351562,302204,49358,14.0,33,0.13,0.34,0.194,0.067,30,1
SHOP189,2025-07,563276,483255,80021,14.2,44,0.196,0.219,0.212,0.124,31,1
SHOP189,2025-08,500154,404852,95302,19.1,31,0.187,0.276,0.215,0.074,32,1
SHOP189,2025-09,481695,393602,88093,18.3,42,0.09,0.259,0.345,0.143,33,1
SHOP189,2025-10,610643,557189,53454,8.8,41,0.091,0.142,0.191,0.102,34,1
SHOP189,2025-11,452164,390431,61733,13.7,34,0.11,0.254,0.071,0.113,35,1
SHOP189,2025-12,489634,436867,52767,10.8,39,0.118,0.257,0.241,0.034,36,1
SHOP190,2023-01,309251,255586,53665,17.4,32,0.143,0.228,0.227,0.13,1,0
SHOP190,2023-02,337088,284662,52426,15.6,24,0.118,0.237,0.155,0.124,2,0
SHOP190,2023-03,565334,469447,95887,17.0,29,0.079,0.246,0.237,0.071,3,0
SHOP190,2023-04,509448,435234,74214,14.6,27,0.131,0.195,0.287,0.052,4,0
SHOP190,2023-05,333728,284898,48830,14.6,31,0.143,0.265,0.294,0.035,5,0
SHOP190,2023-06,293340,249948,43392,14.8,16,0.09,0.183,0.168,0.023,6,0
SHOP190,2023-07,439224,376398,62826,14.3,25,0.054,0.298,0.254,0.082,7,0
SHOP190,2023-08,400085,335620,64465,16.1,25,0.158,0.284,0.265,0.124,8,1
SHOP190,2023-09,298220,246640,51580,17.3,32,0.113,0.256,0.232,0.096,9,0
SHOP190,2023-10,357169,294102,63067,17.7,21,0.157,0.207,0.164,0.103,10,1
SHOP190,2023-11,330053,285484,44569,13.5,23,0.13,0.094,0.232,0.082,11,0
SHOP190,2023-12,391798,338151,53647,13.7,27,0.064,0.28,0.245,0.052,12,1
SHOP190,2024-01,420757,344799,75958,18.1,24,0.099,0.234,0.265,0.104,13,1
SHOP190,2024-02,250924,227960,22964,9.2,33,0.181,0.325,0.118,0.104,14,1
SHOP190,2024-03,298735,252158,46577,15.6,31,0.079,0.24,0.215,0.09,15,0
SHOP190,2024-04,297143,257320,39823,13.4,23,0.18,0.172,0.165,0.104,16,0
SHOP190,2024-05,310066,256764,53302,17.2,19,0.112,0.32,0.238,0.047,17,1
SHOP190,2024-06,357159,302265,54894,15.4,35,0.071,0.349,0.207,0.047,18,1
SHOP190,2024-07,406755,339884,66871,16.4,33,0.113,0.297,0.108,0.113,19,1
SHOP190,2024-08,474192,396649,77543,16.4,37,0.122,0.275,0.258,0.036,20,1
SHOP190,2024-09,445876,357331,88545,19.9,29,0.165,0.253,0.265,0.01,21,1
SHOP190,2024-10,360063,287259,72804,20.2,42,0.146,0.194,0.123,0.06,22,1
SHOP190,2024-11,325716,286233,39483,12.1,31,0.051,0.283,0.228,0.03,23,1
SHOP190,2024-12,418969,361712,57257,13.7,28,0.109,0.29,0.206,0.124,24,1
SHOP190,2025-01,459056,371700,87356,19.0,27,0.071,0.226,0.137,0.007,25,1
SHOP190,2025-02,353387,300353,53034,15.0,29,0.146,0.157,0.182,0.095,26,1
SHOP190,2025-03,360221,320265,39956,11.1,24,0.158,0.233,0.19,0.09,27,1
SHOP190,2025-04,371912,322195,49717,13.4,35,0.06,0.231,0.3,0.069,28,1
SHOP190,2025-05,433489,358484,75005,17.3,26,0.177,0.273,0.212,0.085,29,1
SHOP190,2025-06,431146,391555,39591,9.2,28,0.061,0.208,0.209,0.103,30,1
SHOP190,2025-07,398934,311130,87804,22.0,32,0.128,0.242,0.138,0.07,31,1
SHOP190,2025-08,386995,313412,73583,19.0,29,0.091,0.279,0.074,0.072,32,1
SHOP190,2025-09,432461,349427,83034,19.2,28,0.112,0.23,0.209,0.081,33,1
SHOP190,2025-10,305527,253940,51587,16.9,37,0.087,0.263,0.102,0.104,34,1
SHOP190,2025-11,472304,418054,54250,11.5,22,0.15,0.28,0.307,0.071,35,1
SHOP190,2025-12,293318,243617,49701,16.9,25,0.09,0.263,0.168,0.031,36,1
SHOP191,2023-01,724162,624797,99365,13.7,49,0.007,0.231,0.176,0.127,1,0
SHOP191,2023-02,815140,717035,98105,12.0,61,0.04,0.27,0.157,0.027,2,0
SHOP191,2023-03,796811,675948,120863,15.2,62,0.081,0.194,0.073,0.044,3,0
SHOP191,2023-04,542898,448812,94086,17.3,55,0.142,0.21,0.306,0.076,4,0
SHOP191,2023-05,774500,642769,131731,17.0,44,0.1,0.195,0.144,0.061,5,0
SHOP191,2023-06,976131,839852,136279,14.0,49,0.087,0.243,0.229,0.0,6,0
SHOP191,2023-07,574173,490097,84076,14.6,48,0.194,0.22,0.115,0.058,7,1
SHOP191,2023-08,802871,630446,172425,21.5,51,0.145,0.231,0.213,0.091,8,0
SHOP191,2023-09,690720,574598,116122,16.8,51,0.036,0.267,0.173,0.054,9,0
SHOP191,2023-10,625429,543941,81488,13.0,51,0.179,0.283,0.212,0.075,10,0
SHOP191,2023-11,768852,637538,131314,17.1,49,0.042,0.254,0.139,0.107,11,1
SHOP191,2023-12,426845,363574,63271,14.8,52,0.145,0.247,0.211,0.074,12,1
SHOP191,2024-01,648096,564779,83317,12.9,47,0.113,0.259,0.07,0.048,13,1
SHOP191,2024-02,811601,686209,125392,15.4,53,0.095,0.281,0.151,0.09,14,1
SHOP191,2024-03,551623,467347,84276,15.3,45,0.047,0.227,0.276,0.022,15,1
SHOP191,2024-04,719569,593782,125787,17.5,54,0.113,0.184,0.072,0.07,16,1
SHOP191,2024-05,587139,499671,87468,14.9,55,0.09,0.276,0.236,0.029,17,1
SHOP191,2024-06,744975,664032,80943,10.9,40,0.237,0.299,0.253,0.039,18,1
SHOP191,2024-07,461052,385802,75250,16.3,52,0.052,0.266,0.138,0.112,19,1
SHOP191,2024-08,705908,589199,116709,16.5,53,0.107,0.279,0.197,0.092,20,1
SHOP191,2024-09,701008,586152,114856,16.4,49,0.073,0.238,0.215,0.064,21,1
SHOP191,2024-10,606613,490965,115648,19.1,37,0.018,0.33,0.316,0.064,22,1
SHOP191,2024-11,792182,686631,105551,13.3,55,0.083,0.304,0.168,0.106,23,1
SHOP191,2024-12,726036,637452,88584,12.2,50,0.195,0.294,0.227,0.162,24,1
SHOP191,2025-01,708598,590760,117838,16.6,53,0.113,0.177,0.285,0.108,25,1
SHOP191,2025-02,920073,796743,123330,13.4,48,0.11,0.217,0.135,0.046,26,1
SHOP191,2025-03,426784,362650,64134,15.0,58,0.093,0.263,0.227,0.112,27,1
SHOP191,2025-04,672806,563166,109640,16.3,54,0.072,0.229,0.219,0.058,28,1
SHOP191,2025-05,909713,745494,164219,18.1,53,0.025,0.289,0.183,0.096,29,1
SHOP191,2025-06,622470,539251,83219,13.4,59,0.079,0.275,0.197,0.084,30,1
SHOP191,2025-07,698918,624617,74301,10.6,47,0.106,0.306,0.127,0.077,31,1
SHOP191,2025-08,607972,512409,95563,15.7,51,0.089,0.238,0.151,0.133,32,1
SHOP191,2025-09,760489,665505,94984,12.5,51,0.08,0.227,0.035,0.069,33,1
SHOP191,2025-10,704295,622433,81862,11.6,53,0.117,0.221,0.274,0.106,34,1
SHOP191,2025-11,560158,456137,104021,18.6,57,0.116,0.229,0.257,0.076,35,1
SHOP191,2025-12,776916,655593,121323,15.6,42,0.114,0.253,0.241,0.055,36,1
SHOP192,2023-01,744102,620244,123858,16.6,60,0.126,0.209,0.163,0.077,1,0
SHOP192,2023-02,830439,725964,104475,12.6,61,0.254,0.283,0.13,0.072,2,0
SHOP192,2023-03,819402,658091,161311,19.7,61,0.083,0.221,0.155,0.043,3,0
SHOP192,2023-04,704607,576405,128202,18.2,57,0.204,0.258,0.148,0.036,4,1
SHOP192,2023-05,861169,702752,158417,18.4,58,0.144,0.177,0.15,0.005,5,0
SHOP192,2023-06,765638,627529,138109,18.0,62,0.116,0.275,0.198,0.075,6,0
SHOP192,2023-07,749041,576792,172249,23.0,50,0.08,0.232,0.196,0.1,7,0
SHOP192,2023-08,691090,599871,91219,13.2,46,0.126,0.363,0.286,0.103,8,0
SHOP192,2023-09,452171,346854,105317,23.3,51,0.121,0.232,0.093,0.075,9,0
SHOP192,2023-10,678645,604481,74164,10.9,53,0.079,0.255,0.223,0.061,10,0
SHOP192,2023-11,516502,429204,87298,16.9,54,0.136,0.336,0.098,0.074,11,1
SHOP192,2023-12,672104,581590,90514,13.5,56,0.101,0.178,0.151,0.074,12,0
SHOP192,2024-01,634737,491890,142847,22.5,52,0.113,0.258,0.182,0.129,13,1
SHOP192,2024-02,655443,520471,134972,20.6,71,0.119,0.264,0.112,0.081,14,1
SHOP192,2024-03,837389,691708,145681,17.4,58,0.122,0.305,0.228,0.106,15,1
SHOP192,2024-04,991827,867411,124416,12.5,54,0.11,0.249,0.223,0.081,16,0
SHOP192,2024-05,859773,702413,157360,18.3,50,0.172,0.309,0.097,0.033,17,1
SHOP192,2024-06,654101,511151,142950,21.9,65,0.119,0.369,0.078,0.017,18,1
SHOP192,2024-07,782773,676397,106376,13.6,60,0.004,0.191,0.173,0.078,19,1
SHOP192,2024-08,878521,762087,116434,13.3,64,0.038,0.258,0.103,0.103,20,1
SHOP192,2024-09,681109,561356,119753,17.6,61,0.101,0.365,0.076,0.001,21,1
SHOP192,2024-10,640076,531111,108965,17.0,62,0.109,0.354,0.127,0.055,22,1
SHOP192,2024-11,867956,728937,139019,16.0,50,0.075,0.234,0.222,0.055,23,1
SHOP192,2024-12,932259,778526,153733,16.5,67,0.123,0.291,0.108,0.041,24,1
SHOP192,2025-01,974262,805846,168416,17.3,62,0.037,0.301,0.135,0.064,25,1
SHOP192,2025-02,907681,790306,117375,12.9,53,0.082,0.17,0.204,0.033,26,1
SHOP192,2025-03,873682,725084,148598,17.0,63,0.148,0.299,0.299,0.076,27,1
SHOP192,2025-04,626974,553670,73304,11.7,65,0.115,0.295,0.22,0.075,28,1
SHOP192,2025-05,617950,513111,104839,17.0,66,0.0,0.275,0.073,0.028,29,1
SHOP192,2025-06,855666,689900,165766,19.4,58,0.12,0.285,0.19,0.099,30,1
SHOP192,2025-07,706902,577249,129653,18.3,62,0.084,0.321,0.153,0.057,31,1
SHOP192,2025-08,825990,698698,127292,15.4,46,0.154,0.183,0.098,0.068,32,1
SHOP192,2025-09,636266,491954,144312,22.7,49,0.1,0.271,0.163,0.025,33,1
SHOP192,2025-10,650639,545187,105452,16.2,63,0.08,0.296,0.14,0.05,34,1
SHOP192,2025-11,657929,554199,103730,15.8,56,0.088,0.372,0.088,0.081,35,1
SHOP192,2025-12,838782,758878,79904,9.5,52,0.146,0.266,0.1,0.074,36,1
SHOP193,2023-01,256881,215100,41781,16.3,23,0.062,0.437,0.124,0.047,1,1
SHOP193,2023-02,192278,155606,36672,19.1,26,0.119,0.284,0.202,0.032,2,0
SHOP193,2023-03,325382,276379,49003,15.1,24,0.165,0.254,0.064,0.089,3,0
SHOP193,2023-04,250345,202524,47821,19.1,29,0.072,0.298,0.109,0.077,4,0
SHOP193,2023-05,343605,282165,61440,17.9,16,0.09,0.321,0.161,0.066,5,1
SHOP193,2023-06,337348,268146,69202,20.5,24,0.041,0.305,0.124,0.043,6,1
SHOP193,2023-07,331039,263816,67223,20.3,32,0.123,0.378,0.159,0.0,7,1
SHOP193,2023-08,337352,280238,57114,16.9,29,0.073,0.288,0.06,0.033,8,1
SHOP193,2023-09,342039,276857,65182,19.1,19,0.113,0.316,0.119,0.057,9,1
SHOP193,2023-10,350610,290979,59631,17.0,26,0.07,0.327,0.103,0.075,10,1
SHOP193,2023-11,342661,279209,63452,18.5,18,0.089,0.282,0.035,0.033,11,1
SHOP193,2023-12,308503,263868,44635,14.5,27,0.14,0.417,0.163,0.06,12,1
SHOP193,2024-01,385564,325312,60252,15.6,36,0.063,0.384,0.135,0.063,13,1
SHOP193,2024-02,295656,250811,44845,15.2,9,0.081,0.398,0.286,0.012,14,1
SHOP193,2024-03,309910,254775,55135,17.8,29,0.14,0.301,0.196,0.052,15,1
SHOP193,2024-04,294945,230451,64494,21.9,28,0.188,0.327,0.076,0.091,16,1
SHOP193,2024-05,328946,283421,45525,13.8,24,0.096,0.25,0.165,0.048,17,1
SHOP193,2024-06,353555,294613,58942,16.7,16,0.055,0.303,0.217,0.04,18,1
SHOP193,2024-07,234847,197992,36855,15.7,23,0.021,0.331,0.189,0.044,19,1
SHOP193,2024-08,401921,324191,77730,19.3,25,0.028,0.268,0.143,0.074,20,1
SHOP193,2024-09,369166,290287,78879,21.4,28,0.101,0.163,0.179,0.053,21,1
SHOP193,2024-10,205946,169080,36866,17.9,26,0.185,0.314,0.108,0.067,22,1
SHOP193,2024-11,376365,328924,47441,12.6,23,0.0,0.276,0.174,0.054,23,1
SHOP193,2024-12,370577,308119,62458,16.9,29,0.11,0.254,0.126,0.039,24,1
SHOP193,2025-01,309123,265749,43374,14.0,24,0.095,0.302,0.153,0.056,25,1
SHOP193,2025-02,317000,256246,60754,19.2,25,0.024,0.306,0.228,0.097,26,1
SHOP193,2025-03,351740,283517,68223,19.4,17,0.123,0.335,0.22,0.076,27,1
SHOP193,2025-04,333159,267332,65827,19.8,36,0.0,0.44,0.065,0.058,28,1
SHOP193,2025-05,352787,269534,83253,23.6,26,0.134,0.274,0.095,0.082,29,1
SHOP193,2025-06,258179,206028,52151,20.2,22,0.112,0.308,0.07,0.094,30,1
SHOP193,2025-07,346640,278920,67720,19.5,32,0.092,0.357,0.02,0.076,31,1
SHOP193,2025-08,331709,264526,67183,20.3,18,0.138,0.336,0.109,0.033,32,1
SHOP193,2025-09,311628,260645,50983,16.4,18,0.061,0.275,0.133,0.0,33,1
SHOP193,2025-10,254801,216724,38077,14.9,32,0.11,0.32,0.112,0.079,34,1
SHOP193,2025-11,296262,247519,48743,16.5,29,0.063,0.437,0.052,0.07,35,1
SHOP193,2025-12,365771,289449,76322,20.9,20,0.128,0.393,0.068,0.061,36,1
SHOP194,2023-01,1039377,953706,85671,8.2,54,0.165,0.228,0.152,0.0,1,0
SHOP194,2023-02,663507,577789,85718,12.9,58,0.153,0.182,0.231,0.109,2,0
SHOP194,2023-03,825189,727596,97593,11.8,56,0.23,0.203,0.206,0.06,3,0
SHOP194,2023-04,662978,557243,105735,15.9,55,0.165,0.204,0.262,0.151,4,0
SHOP194,2023-05,933761,806929,126832,13.6,64,0.065,0.284,0.214,0.09,5,0
SHOP194,2023-06,752507,678109,74398,9.9,65,0.078,0.227,0.178,0.095,6,0
SHOP194,2023-07,526009,439712,86297,16.4,62,0.033,0.292,0.18,0.093,7,0
SHOP194,2023-08,491163,414194,76969,15.7,55,0.009,0.186,0.088,0.093,8,0
SHOP194,2023-09,622021,507980,114041,18.3,64,0.087,0.17,0.207,0.019,9,0
SHOP194,2023-10,872146,772762,99384,11.4,57,0.137,0.265,0.293,0.134,10,0
SHOP194,2023-11,691260,591099,100161,14.5,62,0.145,0.266,0.248,0.06,11,0
SHOP194,2023-12,701043,625884,75159,10.7,73,0.134,0.183,0.188,0.109,12,0
SHOP194,2024-01,901257,777294,123963,13.8,63,0.155,0.191,0.279,0.054,13,0
SHOP194,2024-02,538505,461573,76932,14.3,60,0.034,0.225,0.119,0.095,14,0
SHOP194,2024-03,1034173,892379,141794,13.7,51,0.262,0.068,0.354,0.094,15,0
SHOP194,2024-04,704850,570161,134689,19.1,68,0.174,0.112,0.272,0.096,16,0
SHOP194,2024-05,770132,651293,118839,15.4,74,0.021,0.167,0.252,0.05,17,0
SHOP194,2024-06,659092,573118,85974,13.0,61,0.012,0.239,0.361,0.105,18,0
SHOP194,2024-07,700847,595313,105534,15.1,74,0.077,0.194,0.234,0.154,19,0
SHOP194,2024-08,682875,587566,95309,14.0,61,0.218,0.213,0.283,0.125,20,0
SHOP194,2024-09,772352,643311,129041,16.7,65,0.057,0.185,0.253,0.075,21,0
SHOP194,2024-10,717481,658536,58945,8.2,52,0.162,0.121,0.347,0.123,22,0
SHOP194,2024-11,637658,512236,125422,19.7,66,0.05,0.226,0.233,0.09,23,0
SHOP194,2024-12,754502,632544,121958,16.2,53,0.129,0.307,0.25,0.089,24,1
SHOP194,2025-01,663187,554963,108224,16.3,60,0.176,0.198,0.237,0.079,25,1
SHOP194,2025-02,743402,627513,115889,15.6,50,0.162,0.211,0.326,0.131,26,0
SHOP194,2025-03,633257,515372,117885,18.6,48,0.111,0.176,0.201,0.107,27,1
SHOP194,2025-04,770250,667738,102512,13.3,61,0.107,0.087,0.392,0.091,28,0
SHOP194,2025-05,614898,549902,64996,10.6,67,0.062,0.238,0.293,0.104,29,0
SHOP194,2025-06,454299,389626,64673,14.2,47,0.072,0.169,0.272,0.081,30,1
SHOP194,2025-07,712065,604131,107934,15.2,58,0.181,0.245,0.254,0.045,31,1
SHOP194,2025-08,971704,840818,130886,13.5,53,0.097,0.155,0.246,0.055,32,0
SHOP194,2025-09,652151,589224,62927,9.6,71,0.183,0.158,0.249,0.057,33,1
SHOP194,2025-10,918316,769047,149269,16.3,54,0.132,0.248,0.251,0.125,34,1
SHOP194,2025-11,662873,565522,97351,14.7,59,0.226,0.208,0.304,0.08,35,1
SHOP194,2025-12,776335,675412,100923,13.0,58,0.115,0.185,0.293,0.125,36,0
SHOP195,2023-01,306533,259069,47464,15.5,27,0.025,0.318,0.115,0.044,1,1
SHOP195,2023-02,240630,196559,44071,18.3,25,0.044,0.246,0.124,0.074,2,0
SHOP195,2023-03,330218,255028,75190,22.8,20,0.154,0.286,0.225,0.104,3,1
SHOP195,2023-04,446559,372174,74385,16.7,14,0.09,0.303,0.116,0.098,4,1
SHOP195,2023-05,244574,211954,32620,13.3,24,0.087,0.248,0.086,0.125,5,0
SHOP195,2023-06,285292,241376,43916,15.4,21,0.002,0.259,0.174,0.019,6,0
SHOP195,2023-07,223737,165968,57769,25.8,16,0.149,0.323,0.147,0.049,7,1
SHOP195,2023-08,334633,277303,57330,17.1,19,0.145,0.259,0.129,0.041,8,0
SHOP195,2023-09,271049,217069,53980,19.9,15,0.118,0.282,0.096,0.059,9,1
SHOP195,2023-10,264936,223789,41147,15.5,19,0.0,0.289,0.267,0.02,10,1
SHOP195,2023-11,245444,222893,22551,9.2,22,0.177,0.236,0.079,0.04,11,0
SHOP195,2023-12,317321,263312,54009,17.0,31,0.026,0.28,0.131,0.033,12,1
SHOP195,2024-01,281781,230271,51510,18.3,20,0.04,0.354,0.112,0.09,13,1
SHOP195,2024-02,252113,191933,60180,23.9,25,0.137,0.26,0.042,0.111,14,1
SHOP195,2024-03,304516,244857,59659,19.6,23,0.098,0.312,0.06,0.054,15,1
SHOP195,2024-04,295666,241159,54507,18.4,35,0.0,0.292,0.161,0.044,16,1
SHOP195,2024-05,221230,188203,33027,14.9,21,0.112,0.229,0.084,0.034,17,1
SHOP195,2024-06,334764,270593,64171,19.2,32,0.096,0.314,0.084,0.051,18,1
SHOP195,2024-07,325503,293932,31571,9.7,29,0.082,0.276,0.103,0.095,19,1
SHOP195,2024-08,280608,225254,55354,19.7,22,0.069,0.359,0.13,0.073,20,1
SHOP195,2024-09,264957,225686,39271,14.8,26,0.138,0.21,0.179,0.021,21,1
SHOP195,2024-10,303487,244253,59234,19.5,25,0.099,0.252,0.181,0.061,22,1
SHOP195,2024-11,356261,290166,66095,18.6,30,0.079,0.36,0.074,0.06,23,1
SHOP195,2024-12,186594,150558,36036,19.3,31,0.093,0.282,0.02,0.036,24,1
SHOP195,2025-01,359327,297917,61410,17.1,25,0.043,0.338,0.102,0.08,25,1
SHOP195,2025-02,339533,283832,55701,16.4,30,0.065,0.307,0.119,0.093,26,1
SHOP195,2025-03,357176,297721,59455,16.6,17,0.113,0.342,0.153,0.081,27,1
SHOP195,2025-04,317352,263679,53673,16.9,27,0.06,0.28,0.098,0.091,28,1
SHOP195,2025-05,315970,252475,63495,20.1,19,0.067,0.303,0.16,0.0,29,1
SHOP195,2025-06,279113,230890,48223,17.3,18,0.113,0.213,0.22,0.056,30,1
SHOP195,2025-07,258951,213815,45136,17.4,19,0.071,0.295,0.2,0.067,31,1
SHOP195,2025-08,325530,270941,54589,16.8,19,0.019,0.291,0.19,0.052,32,1
SHOP195,2025-09,249061,197116,51945,20.9,29,0.081,0.307,0.12,0.059,33,1
SHOP195,2025-10,311477,250143,61334,19.7,18,0.131,0.329,0.193,0.086,34,1
SHOP195,2025-11,372713,316782,55931,15.0,21,0.087,0.279,0.153,0.112,35,1
SHOP195,2025-12,230116,188455,41661,18.1,19,0.101,0.296,0.212,0.111,36,1
