shop_id,year_month,months_active,monthly_revenue_rs,monthly_expenses_rs,monthly_profit_rs,profit_margin_pct,avg_daily_txns,sales_volatility,credit_sales_ratio,digital_payment_ratio,stockout_rate,target_credit_ready
SHOP_0000,2025-01,29,37994,25087,12907,33.97,1.58,4.413,0.167,0.845,0.66,0
SHOP_0001,2025-01,15,156402,134436,21966,14.04,4.36,4.45,0.48,0.066,0.116,0
SHOP_0002,2025-01,8,50253,34765,15488,30.82,0.68,4.793,0.26,0.147,0.205,0
SHOP_0003,2025-01,21,128752,78753,49999,38.83,12.73,4.352,0.2,0.097,0.106,0
SHOP_0004,2025-01,19,94571,66858,27713,29.3,6.67,0.11,0.261,0.804,0.555,1
SHOP_0005,2025-01,23,264800,120523,144277,54.49,19.48,1.963,0.389,0.03,0.043,1
SHOP_0006,2025-01,11,62541,41026,21515,34.4,4.28,4.111,0.17,0.821,0.057,0
SHOP_0007,2025-01,11,57267,44862,12405,21.66,7.24,1.895,0.089,0.44,0.209,0
SHOP_0008,2025-01,24,72143,41176,30967,42.92,7.48,3.048,0.292,0.024,0.36,1
SHOP_0009,2025-01,36,59147,52620,6527,11.03,0.66,3.071,0.333,0.394,0.284,1
SHOP_0010,2025-01,24,128022,99372,28650,22.38,16.86,1.889,0.356,0.194,0.031,1
SHOP_0011,2025-01,3,23590,18780,4810,20.39,1.12,4.532,0.441,0.601,0.67,0
SHOP_0012,2025-01,22,34976,26272,8704,24.89,18.83,2.566,0.186,0.652,0.667,0
SHOP_0013,2025-01,2,34632,19590,15042,43.43,17.9,2.377,0.038,0.473,0.196,1
SHOP_0014,2025-01,24,142232,102889,39343,27.66,10.94,4.988,0.479,0.058,0.512,0
SHOP_0015,2025-01,30,242178,135419,106759,44.08,11.1,2.518,0.218,0.63,0.405,1
SHOP_0016,2025-01,2,67974,45846,22128,32.55,13.25,0.974,0.312,0.803,0.166,0
SHOP_0017,2025-01,21,64979,51899,13080,20.13,8.05,2.614,0.333,0.69,0.184,0
SHOP_0018,2025-01,33,76806,42298,34508,44.93,13.12,4.089,0.273,0.792,0.344,1
SHOP_0019,2025-01,12,164936,140807,24129,14.63,1.37,3.907,0.103,0.206,0.293,0
SHOP_0020,2025-01,22,38210,32902,5308,13.89,1.55,3.964,0.378,0.847,0.204,1
SHOP_0021,2025-01,25,86410,61577,24833,28.74,9.42,3.569,0.402,0.32,0.565,0
SHOP_0022,2025-01,27,144732,121828,22904,15.83,11.22,1.346,0.276,0.032,0.337,1
SHOP_0023,2025-01,28,103857,101280,2577,2.48,17.81,4.324,0.244,0.804,0.458,1
SHOP_0024,2025-01,16,83509,53145,30364,36.36,2.54,4.478,0.057,0.896,0.132,1
SHOP_0025,2025-01,15,147375,104507,42868,29.09,16.54,1.051,0.042,0.63,0.373,1
SHOP_0026,2025-01,3,11023,8200,2823,25.61,4.6,0.739,0.17,0.235,0.223,0
SHOP_0027,2025-01,7,117538,54950,62588,53.25,8.18,4.88,0.155,0.254,0.368,0
SHOP_0028,2025-01,21,46265,31334,14931,32.27,6.67,4.355,0.477,0.454,0.547,0
SHOP_0029,2025-01,9,20304,10606,9698,47.76,8.3,4.477,0.392,0.855,0.538,1
SHOP_0030,2025-01,18,104594,94772,9822,9.39,3.43,4.443,0.33,0.159,0.248,0
SHOP_0031,2025-01,4,191293,129758,61535,32.17,10.32,2.754,0.259,0.788,0.486,1
SHOP_0032,2025-01,25,66422,34538,31884,48.0,16.13,3.267,0.084,0.291,0.659,1
SHOP_0033,2025-01,14,142488,95603,46885,32.9,9.11,2.772,0.489,0.772,0.438,0
SHOP_0034,2025-01,9,226069,135518,90551,40.05,10.07,0.351,0.188,0.876,0.104,1
SHOP_0035,2025-01,26,183586,143714,39872,21.72,17.05,3.753,0.053,0.418,0.476,1
SHOP_0036,2025-01,2,230493,214589,15904,6.9,14.27,2.576,0.247,0.359,0.073,1
SHOP_0037,2025-01,20,122945,90649,32296,26.27,10.06,3.274,0.437,0.766,0.61,0
SHOP_0038,2025-01,28,77096,59435,17661,22.91,5.53,2.563,0.444,0.512,0.362,0
SHOP_0039,2025-01,7,23828,12401,11427,47.95,17.76,2.51,0.005,0.657,0.27,1
SHOP_0040,2025-01,8,61559,52367,9192,14.93,11.75,0.942,0.443,0.599,0.04,0
SHOP_0041,2025-01,35,40527,18952,21575,53.24,4.81,1.466,0.136,0.162,0.267,1
SHOP_0042,2025-01,14,334255,157831,176424,52.78,5.75,0.878,0.019,0.806,0.632,0
SHOP_0043,2025-01,17,64659,54880,9779,15.12,16.16,1.059,0.424,0.202,0.015,0
SHOP_0044,2025-01,36,79717,63417,16300,20.45,1.36,4.868,0.432,0.887,0.332,1
SHOP_0045,2025-01,4,107585,54369,53216,49.46,19.85,0.85,0.298,0.253,0.652,0
SHOP_0046,2025-01,2,75397,35262,40135,53.23,3.04,1.419,0.287,0.703,0.276,0
SHOP_0047,2025-01,6,239554,178462,61092,25.5,16.02,2.994,0.407,0.285,0.3,0
SHOP_0048,2025-01,4,47294,38302,8992,19.01,8.2,3.09,0.393,0.316,0.405,0
SHOP_0049,2025-01,29,83803,58760,25043,29.88,10.1,0.854,0.445,0.308,0.324,1
SHOP_0050,2025-01,18,43489,26767,16722,38.45,17.67,3.989,0.276,0.716,0.118,1
SHOP_0051,2025-01,26,29027,24239,4788,16.49,8.55,3.947,0.484,0.538,0.013,0
SHOP_0052,2025-01,34,47656,28101,19555,41.03,10.98,1.263,0.498,0.841,0.427,1
SHOP_0053,2025-01,10,71259,67883,3376,4.74,1.46,1.514,0.058,0.306,0.645,0
SHOP_0054,2025-01,36,54149,51651,2498,4.61,0.55,4.696,0.425,0.664,0.074,1
SHOP_0055,2025-01,14,45040,34918,10122,22.47,5.27,4.146,0.25,0.72,0.148,1
SHOP_0056,2025-01,31,27326,21660,5666,20.73,13.77,3.519,0.194,0.161,0.259,0
SHOP_0057,2025-01,15,68998,56076,12922,18.73,2.86,0.503,0.307,0.393,0.566,0
SHOP_0058,2025-01,8,25507,18359,7148,28.02,2.72,2.149,0.028,0.469,0.188,0
SHOP_0059,2025-01,14,124497,100844,23653,19.0,8.51,2.841,0.253,0.351,0.617,0
SHOP_0060,2025-01,23,77475,68031,9444,12.19,13.13,1.018,0.435,0.32,0.038,1
SHOP_0061,2025-01,21,26363,21512,4851,18.4,14.39,2.296,0.107,0.658,0.659,0
SHOP_0062,2025-01,16,58897,27287,31610,53.67,3.98,3.045,0.213,0.221,0.393,0
SHOP_0063,2025-01,18,43195,32919,10276,23.79,2.05,1.704,0.47,0.68,0.461,0
SHOP_0064,2025-01,24,91439,68058,23381,25.57,18.84,3.927,0.214,0.89,0.257,0
SHOP_0065,2025-01,26,186897,126049,60848,32.56,5.58,4.218,0.179,0.546,0.547,1
SHOP_0066,2025-01,25,19680,9030,10650,54.12,17.14,1.686,0.22,0.589,0.117,1
SHOP_0067,2025-01,29,79262,67527,11735,14.8,17.34,4.209,0.26,0.084,0.034,1
SHOP_0068,2025-01,15,65376,40463,24913,38.11,15.56,0.608,0.316,0.824,0.277,1
SHOP_0069,2025-01,1,117001,70262,46739,39.95,3.79,4.205,0.4,0.285,0.598,1
SHOP_0070,2025-01,25,84901,55875,29026,34.19,16.53,0.848,0.226,0.592,0.528,0
SHOP_0071,2025-01,7,43201,40309,2892,6.69,15.5,0.506,0.409,0.931,0.362,0
SHOP_0072,2025-01,9,58493,36339,22154,37.87,12.14,3.245,0.267,0.574,0.4,0
SHOP_0073,2025-01,24,41889,39628,2261,5.4,7.08,2.412,0.169,0.694,0.091,0
SHOP_0074,2025-01,1,155314,103135,52179,33.6,5.62,4.549,0.329,0.434,0.588,0
SHOP_0075,2025-01,8,74230,43649,30581,41.2,2.88,1.88,0.359,0.076,0.551,0
SHOP_0076,2025-01,24,276740,240262,36478,13.18,10.44,1.507,0.279,0.762,0.46,1
SHOP_0077,2025-01,11,70090,37424,32666,46.61,11.91,2.554,0.028,0.053,0.326,0
SHOP_0078,2025-01,17,44539,42932,1607,3.61,7.51,2.334,0.085,0.672,0.675,0
SHOP_0079,2025-01,8,25347,13504,11843,46.72,9.77,1.788,0.143,0.041,0.615,1
SHOP_0080,2025-01,35,20698,15234,5464,26.4,7.59,3.499,0.141,0.822,0.451,1
SHOP_0081,2025-01,35,24127,20862,3265,13.53,13.0,3.822,0.337,0.167,0.26,1
SHOP_0082,2025-01,33,88167,80152,8015,9.09,18.07,4.28,0.009,0.498,0.433,1
SHOP_0083,2025-01,5,104413,49570,54843,52.53,3.7,4.867,0.378,0.575,0.403,0
SHOP_0084,2025-01,28,24177,22762,1415,5.85,7.94,1.407,0.133,0.446,0.276,1
SHOP_0085,2025-01,7,136834,119659,17175,12.55,3.25,3.609,0.155,0.337,0.215,0
SHOP_0086,2025-01,9,52149,41493,10656,20.43,12.69,2.032,0.264,0.455,0.285,1
SHOP_0087,2025-01,8,81045,52783,28262,34.87,14.71,3.418,0.108,0.31,0.402,1
SHOP_0088,2025-01,12,226060,156265,69795,30.87,18.67,2.432,0.442,0.427,0.3,0
SHOP_0089,2025-01,34,137007,125143,11864,8.66,5.94,4.969,0.043,0.354,0.185,0
SHOP_0090,2025-01,33,60599,50082,10517,17.36,19.03,3.672,0.222,0.547,0.533,0
SHOP_0091,2025-01,23,39190,33447,5743,14.65,1.73,4.767,0.425,0.241,0.372,0
SHOP_0092,2025-01,24,16216,14056,2160,13.32,12.26,4.191,0.308,0.939,0.047,1
SHOP_0093,2025-01,35,44205,33688,10517,23.79,1.61,4.524,0.146,0.486,0.258,1
SHOP_0094,2025-01,22,63083,38283,24800,39.31,17.93,4.091,0.21,0.201,0.619,0
SHOP_0095,2025-01,27,36643,31687,4956,13.53,10.83,2.35,0.353,0.464,0.529,0
SHOP_0096,2025-01,35,66711,52412,14299,21.43,13.55,1.334,0.487,0.826,0.226,1
SHOP_0097,2025-01,1,77172,59640,17532,22.72,16.72,1.915,0.447,0.04,0.657,0
SHOP_0098,2025-01,35,62480,28896,33584,53.75,3.43,0.199,0.171,0.652,0.054,1
SHOP_0099,2025-01,14,46397,21993,24404,52.6,1.25,2.668,0.499,0.53,0.673,0
SHOP_0100,2025-01,3,82294,45749,36545,44.41,17.64,2.575,0.002,0.178,0.172,0
SHOP_0101,2025-01,1,99644,84889,14755,14.81,6.64,2.674,0.014,0.78,0.006,1
SHOP_0102,2025-01,5,34089,32178,1911,5.61,3.02,4.873,0.412,0.363,0.304,0
SHOP_0103,2025-01,26,196350,159444,36906,18.8,9.63,4.566,0.1,0.293,0.251,1
SHOP_0104,2025-01,14,68254,57238,11016,16.14,12.17,0.892,0.03,0.79,0.377,0
SHOP_0105,2025-01,27,74102,52750,21352,28.81,1.1,1.908,0.119,0.614,0.558,1
SHOP_0106,2025-01,9,120060,68171,51889,43.22,5.86,2.177,0.213,0.855,0.59,1
SHOP_0107,2025-01,15,86099,45210,40889,47.49,1.14,1.867,0.365,0.606,0.281,0
SHOP_0108,2025-01,15,142514,75849,66665,46.78,8.7,4.013,0.312,0.709,0.301,1
SHOP_0109,2025-01,26,89410,70578,18832,21.06,17.95,2.668,0.119,0.798,0.104,1
SHOP_0110,2025-01,13,47634,29331,18303,38.42,19.66,2.903,0.252,0.071,0.033,1
SHOP_0111,2025-01,32,94188,76688,17500,18.58,12.92,4.28,0.463,0.742,0.449,1
SHOP_0112,2025-01,32,32840,31123,1717,5.23,3.65,4.049,0.408,0.591,0.045,1
SHOP_0113,2025-01,4,78904,47987,30917,39.18,18.16,0.748,0.162,0.085,0.514,1
SHOP_0114,2025-01,30,71449,69648,1801,2.52,10.57,3.598,0.491,0.493,0.377,0
SHOP_0115,2025-01,23,63216,48242,14974,23.69,3.5,2.234,0.354,0.097,0.139,0
SHOP_0116,2025-01,15,66838,53833,13005,19.46,18.47,1.544,0.031,0.704,0.378,0
SHOP_0117,2025-01,29,19589,11998,7591,38.75,15.27,0.345,0.018,0.528,0.128,1
SHOP_0118,2025-01,36,49806,28583,21223,42.61,14.77,2.488,0.084,0.907,0.307,1
SHOP_0119,2025-01,13,78041,63902,14139,18.12,14.33,1.842,0.364,0.19,0.56,0
SHOP_0120,2025-01,32,81789,44971,36818,45.02,4.41,1.332,0.092,0.584,0.323,1
SHOP_0121,2025-01,7,35619,29358,6261,17.58,4.61,3.504,0.256,0.217,0.104,1
SHOP_0122,2025-01,22,177370,131865,45505,25.66,13.92,3.87,0.047,0.591,0.507,0
SHOP_0123,2025-01,28,39882,23717,16165,40.53,4.78,1.299,0.46,0.692,0.131,1
SHOP_0124,2025-01,2,144151,88329,55822,38.72,9.05,0.342,0.172,0.692,0.517,0
SHOP_0125,2025-01,6,98621,45040,53581,54.33,15.75,4.259,0.454,0.778,0.336,1
SHOP_0126,2025-01,28,46520,40038,6482,13.93,15.79,0.149,0.472,0.814,0.318,1
SHOP_0127,2025-01,28,253398,159380,94018,37.1,9.34,4.692,0.003,0.092,0.596,0
SHOP_0128,2025-01,20,31712,20831,10881,34.31,15.95,3.175,0.232,0.339,0.496,0
SHOP_0129,2025-01,30,139164,68886,70278,50.5,16.85,1.677,0.012,0.659,0.023,1
SHOP_0130,2025-01,11,147327,132171,15156,10.29,13.27,1.308,0.454,0.484,0.207,0
SHOP_0131,2025-01,28,45733,26596,19137,41.85,4.95,0.144,0.259,0.197,0.61,1
SHOP_0132,2025-01,25,193828,131574,62254,32.12,5.84,1.254,0.037,0.534,0.013,1
SHOP_0133,2025-01,33,61388,51224,10164,16.56,6.64,0.775,0.055,0.399,0.382,1
SHOP_0134,2025-01,1,89508,65211,24297,27.15,2.78,3.1,0.192,0.383,0.509,0
SHOP_0135,2025-01,27,87748,70470,17278,19.69,5.83,0.916,0.47,0.773,0.435,0
SHOP_0136,2025-01,13,66568,44798,21770,32.7,4.59,2.69,0.346,0.399,0.532,0
SHOP_0137,2025-01,3,129000,65639,63361,49.12,9.38,2.992,0.434,0.045,0.508,1
SHOP_0138,2025-01,6,127445,86442,41003,32.17,18.21,1.56,0.183,0.074,0.484,0
SHOP_0139,2025-01,8,21505,13875,7630,35.48,2.54,0.272,0.022,0.816,0.575,1
SHOP_0140,2025-01,27,182232,128485,53747,29.49,14.55,0.283,0.487,0.913,0.452,1
SHOP_0141,2025-01,9,22840,21764,1076,4.71,13.9,0.229,0.009,0.66,0.282,0
SHOP_0142,2025-01,33,150660,129053,21607,14.34,2.37,3.722,0.474,0.359,0.33,1
SHOP_0143,2025-01,24,160925,115744,45181,28.08,18.49,1.658,0.184,0.893,0.502,1
SHOP_0144,2025-01,15,34075,27791,6284,18.44,11.59,4.002,0.005,0.636,0.613,0
SHOP_0145,2025-01,32,54854,48473,6381,11.63,7.59,2.215,0.345,0.805,0.191,1
SHOP_0146,2025-01,32,33725,24040,9685,28.72,15.25,2.32,0.49,0.732,0.239,1
SHOP_0147,2025-01,24,62916,50893,12023,19.11,5.52,2.613,0.483,0.373,0.652,0
SHOP_0148,2025-01,12,58946,49703,9243,15.68,14.02,3.594,0.08,0.465,0.405,1
SHOP_0149,2025-01,2,126218,92655,33563,26.59,1.27,1.44,0.091,0.193,0.125,1
SHOP_0150,2025-01,3,182995,166408,16587,9.06,16.87,0.696,0.283,0.292,0.465,0
SHOP_0151,2025-01,17,194265,94859,99406,51.17,9.24,2.825,0.319,0.744,0.694,0
SHOP_0152,2025-01,2,49340,25663,23677,47.99,12.92,1.702,0.37,0.851,0.576,0
SHOP_0153,2025-01,2,63167,38214,24953,39.5,4.81,2.268,0.091,0.694,0.522,0
SHOP_0154,2025-01,28,22507,20790,1717,7.63,13.7,3.27,0.48,0.453,0.146,0
SHOP_0155,2025-01,23,41601,23662,17939,43.12,15.56,2.521,0.319,0.1,0.613,0
SHOP_0156,2025-01,32,143688,79285,64403,44.82,9.73,3.139,0.424,0.073,0.368,1
SHOP_0157,2025-01,33,226592,129856,96736,42.69,12.55,2.767,0.27,0.368,0.623,0
SHOP_0158,2025-01,1,30821,28343,2478,8.04,9.4,3.725,0.207,0.451,0.231,0
SHOP_0159,2025-01,19,48304,30853,17451,36.13,17.93,3.559,0.489,0.586,0.043,1
SHOP_0160,2025-01,2,71791,38610,33181,46.22,10.21,2.718,0.291,0.026,0.333,0
SHOP_0161,2025-01,26,88975,59969,29006,32.6,16.92,3.427,0.433,0.94,0.189,1
SHOP_0162,2025-01,32,41493,26448,15045,36.26,16.13,4.38,0.477,0.358,0.501,1
SHOP_0163,2025-01,6,98405,72531,25874,26.29,8.5,2.218,0.338,0.809,0.67,0
SHOP_0164,2025-01,32,52487,36730,15757,30.02,4.99,2.123,0.274,0.518,0.484,0
SHOP_0165,2025-01,4,72394,69627,2767,3.82,8.42,3.845,0.002,0.141,0.621,0
SHOP_0166,2025-01,11,107194,68749,38445,35.87,16.61,2.955,0.02,0.762,0.317,0
SHOP_0167,2025-01,17,73460,68820,4640,6.32,4.94,0.448,0.1,0.68,0.54,0
SHOP_0168,2025-01,24,53881,40381,13500,25.06,10.73,4.471,0.093,0.511,0.59,0
SHOP_0169,2025-01,5,67729,55869,11860,17.51,16.22,0.251,0.127,0.499,0.498,0
SHOP_0170,2025-01,34,68744,47497,21247,30.91,7.39,3.767,0.152,0.101,0.355,1
SHOP_0171,2025-01,6,56443,51323,5120,9.07,13.02,3.818,0.18,0.63,0.438,0
SHOP_0172,2025-01,22,61013,37427,23586,38.66,5.29,4.77,0.21,0.867,0.49,1
SHOP_0173,2025-01,11,223922,125093,98829,44.14,2.63,0.365,0.049,0.107,0.177,1
SHOP_0174,2025-01,16,108298,96756,11542,10.66,15.99,3.025,0.021,0.265,0.567,0
SHOP_0175,2025-01,33,59466,54989,4477,7.53,2.43,2.196,0.337,0.859,0.665,0
SHOP_0176,2025-01,9,119118,107549,11569,9.71,5.79,1.72,0.269,0.284,0.326,1
SHOP_0177,2025-01,6,57892,29821,28071,48.49,17.17,0.543,0.222,0.628,0.491,1
SHOP_0178,2025-01,16,166240,116378,49862,29.99,7.26,2.857,0.317,0.517,0.516,1
SHOP_0179,2025-01,29,94727,69373,25354,26.76,19.47,2.447,0.414,0.575,0.464,0
SHOP_0180,2025-01,3,67839,62645,5194,7.66,19.6,0.612,0.214,0.407,0.383,0
SHOP_0181,2025-01,20,100048,63604,36444,36.43,5.73,3.101,0.321,0.299,0.617,1
SHOP_0182,2025-01,36,24352,12662,11690,48.0,1.3,3.716,0.477,0.065,0.314,0
SHOP_0183,2025-01,19,33232,17981,15251,45.89,14.25,3.86,0.42,0.712,0.043,1
SHOP_0184,2025-01,26,31706,20552,11154,35.18,9.29,4.536,0.213,0.714,0.591,1
SHOP_0185,2025-01,3,80827,75986,4841,5.99,2.46,2.106,0.322,0.644,0.472,0
SHOP_0186,2025-01,19,245920,226352,19568,7.96,14.3,4.77,0.089,0.619,0.594,0
SHOP_0187,2025-01,20,348680,332594,16086,4.61,1.11,4.341,0.28,0.247,0.097,1
SHOP_0188,2025-01,32,114306,96421,17885,15.65,17.47,1.553,0.491,0.041,0.022,0
SHOP_0189,2025-01,7,103838,94295,9543,9.19,3.2,0.88,0.259,0.772,0.654,0
SHOP_0190,2025-01,33,20728,17457,3271,15.78,2.98,2.233,0.464,0.477,0.103,1
SHOP_0191,2025-01,18,50018,38810,11208,22.41,3.93,2.069,0.204,0.305,0.567,0
SHOP_0192,2025-01,1,42132,20233,21899,51.98,19.23,2.921,0.499,0.115,0.576,1
SHOP_0193,2025-01,11,47354,31088,16266,34.35,14.02,2.959,0.29,0.078,0.496,0
SHOP_0194,2025-01,28,65010,34941,30069,46.25,16.13,3.775,0.021,0.344,0.092,1
SHOP_0195,2025-01,25,52551,31715,20836,39.65,8.25,2.598,0.293,0.768,0.467,1
SHOP_0196,2025-01,23,18297,16840,1457,7.96,7.06,0.614,0.137,0.874,0.622,1
SHOP_0197,2025-01,31,123443,72827,50616,41.0,5.07,4.306,0.016,0.854,0.298,1
SHOP_0198,2025-01,30,34513,28791,5722,16.58,9.87,1.618,0.41,0.876,0.289,1
SHOP_0199,2025-01,35,86463,55446,31017,35.87,11.26,4.859,0.138,0.864,0.31,1
SHOP_0200,2025-01,7,312343,249653,62690,20.07,12.82,0.678,0.398,0.51,0.058,1
SHOP_0201,2025-01,16,38424,17338,21086,54.88,5.51,4.795,0.144,0.224,0.624,1
SHOP_0202,2025-01,26,12442,10455,1987,15.97,19.0,0.546,0.097,0.762,0.608,1
SHOP_0203,2025-01,2,59862,49809,10053,16.79,3.81,1.232,0.487,0.219,0.699,0
SHOP_0204,2025-01,1,158051,76930,81121,51.33,19.33,0.328,0.181,0.269,0.41,0
SHOP_0205,2025-01,12,288037,278514,9523,3.31,0.79,3.555,0.301,0.237,0.526,0
SHOP_0206,2025-01,5,30925,18888,12037,38.92,9.88,4.266,0.305,0.499,0.142,0
SHOP_0207,2025-01,32,103538,61665,41873,40.44,7.0,2.227,0.28,0.319,0.467,1
SHOP_0208,2025-01,9,52801,28339,24462,46.33,9.26,4.65,0.457,0.163,0.455,0
SHOP_0209,2025-01,35,67903,31476,36427,53.65,11.63,2.992,0.337,0.441,0.631,1
SHOP_0210,2025-01,19,465581,215532,250049,53.71,8.99,3.187,0.202,0.833,0.582,1
SHOP_0211,2025-01,16,25538,24144,1394,5.46,8.59,4.243,0.431,0.551,0.657,0
SHOP_0212,2025-01,3,87345,47553,39792,45.56,14.79,1.554,0.091,0.837,0.608,1
SHOP_0213,2025-01,20,101456,64674,36782,36.25,13.87,1.836,0.272,0.202,0.608,0
SHOP_0214,2025-01,24,156381,99600,56781,36.31,16.75,4.539,0.475,0.175,0.045,0
SHOP_0215,2025-01,33,78322,71428,6894,8.8,5.37,4.515,0.313,0.555,0.592,0
SHOP_0216,2025-01,24,90729,57649,33080,36.46,12.39,4.885,0.408,0.451,0.425,0
SHOP_0217,2025-01,11,55595,25534,30061,54.07,11.91,4.519,0.327,0.634,0.266,1
SHOP_0218,2025-01,8,88291,43857,44434,50.33,7.71,0.724,0.42,0.759,0.04,1
SHOP_0219,2025-01,36,57513,42977,14536,25.27,9.98,4.136,0.472,0.719,0.474,0
SHOP_0220,2025-01,20,112995,108343,4652,4.12,6.62,2.108,0.136,0.896,0.23,0
SHOP_0221,2025-01,35,56459,44489,11970,21.2,3.27,4.955,0.085,0.39,0.327,1
SHOP_0222,2025-01,25,95222,51612,43610,45.8,4.67,2.414,0.242,0.212,0.477,1
SHOP_0223,2025-01,35,71648,43577,28071,39.18,2.56,2.814,0.351,0.532,0.638,1
SHOP_0224,2025-01,25,160851,118474,42377,26.35,13.82,2.696,0.114,0.123,0.578,0
SHOP_0225,2025-01,29,70546,67075,3471,4.92,13.38,1.677,0.002,0.289,0.315,0
SHOP_0226,2025-01,18,21139,15933,5206,24.63,19.04,0.468,0.171,0.213,0.271,1
SHOP_0227,2025-01,18,176901,129388,47513,26.86,14.73,4.489,0.484,0.389,0.168,1
SHOP_0228,2025-01,2,38793,18926,19867,51.21,1.51,4.033,0.347,0.123,0.261,0
SHOP_0229,2025-01,35,46275,29626,16649,35.98,17.74,0.784,0.201,0.05,0.078,1
SHOP_0230,2025-01,16,48196,39271,8925,18.52,17.32,3.906,0.096,0.631,0.68,0
SHOP_0231,2025-01,36,191397,134281,57116,29.84,9.14,3.167,0.178,0.588,0.402,0
SHOP_0232,2025-01,33,16400,15498,902,5.5,11.92,2.105,0.085,0.679,0.089,1
SHOP_0233,2025-01,4,600000,278723,321277,53.55,19.53,1.345,0.053,0.634,0.247,1
SHOP_0234,2025-01,33,153160,120869,32291,21.08,10.88,4.313,0.453,0.126,0.383,1
SHOP_0235,2025-01,14,85500,62135,23365,27.33,18.15,3.531,0.499,0.291,0.373,1
SHOP_0236,2025-01,21,70374,55715,14659,20.83,2.12,2.784,0.082,0.14,0.025,1
SHOP_0237,2025-01,20,89312,55219,34093,38.17,4.23,3.087,0.027,0.804,0.666,1
SHOP_0238,2025-01,8,105323,66250,39073,37.1,9.09,0.546,0.165,0.715,0.193,0
SHOP_0239,2025-01,7,114881,69030,45851,39.91,11.9,2.422,0.231,0.207,0.011,0
SHOP_0240,2025-01,3,107896,90404,17492,16.21,16.42,1.049,0.102,0.337,0.054,0
SHOP_0241,2025-01,17,77863,63279,14584,18.73,19.77,1.121,0.151,0.919,0.406,1
SHOP_0242,2025-01,33,63695,58193,5502,8.64,8.08,3.34,0.1,0.573,0.096,0
SHOP_0243,2025-01,12,65782,41612,24170,36.74,1.42,4.565,0.387,0.765,0.029,1
SHOP_0244,2025-01,22,63804,61182,2622,4.11,16.12,2.078,0.356,0.266,0.266,0
SHOP_0245,2025-01,22,161723,107259,54464,33.68,12.29,1.118,0.317,0.215,0.436,0
SHOP_0246,2025-01,30,110801,57512,53289,48.09,4.37,3.279,0.194,0.749,0.078,1
SHOP_0247,2025-01,8,9337,4742,4595,49.21,10.15,4.369,0.455,0.658,0.219,1
SHOP_0248,2025-01,27,115743,85882,29861,25.8,14.98,3.767,0.485,0.653,0.292,0
SHOP_0249,2025-01,27,83811,61733,22078,26.34,15.52,4.357,0.087,0.534,0.112,1
SHOP_0250,2025-01,34,72179,67791,4388,6.08,10.24,2.729,0.112,0.544,0.354,1
SHOP_0251,2025-01,21,55717,34795,20922,37.55,6.45,3.784,0.263,0.704,0.06,1
SHOP_0252,2025-01,30,160633,87502,73131,45.53,19.49,0.786,0.046,0.271,0.033,1
SHOP_0253,2025-01,33,141955,120709,21246,14.97,13.44,1.807,0.218,0.348,0.364,0
SHOP_0254,2025-01,28,42573,32215,10358,24.33,8.46,2.009,0.291,0.831,0.174,1
SHOP_0255,2025-01,33,97240,52064,45176,46.46,5.97,2.605,0.261,0.307,0.067,1
SHOP_0256,2025-01,5,37043,19082,17961,48.49,14.76,4.652,0.165,0.528,0.297,1
SHOP_0257,2025-01,19,27841,23696,4145,14.89,5.22,4.384,0.271,0.673,0.641,0
SHOP_0258,2025-01,4,47160,32455,14705,31.18,3.85,0.759,0.479,0.95,0.507,0
SHOP_0259,2025-01,35,133743,117423,16320,12.2,10.83,0.947,0.103,0.425,0.571,1
SHOP_0260,2025-01,17,142513,131968,10545,7.4,6.15,1.852,0.327,0.418,0.61,0
SHOP_0261,2025-01,28,104732,52063,52669,50.29,12.76,1.525,0.022,0.804,0.681,0
SHOP_0262,2025-01,30,121488,66227,55261,45.49,2.8,3.112,0.033,0.769,0.534,1
SHOP_0263,2025-01,29,104959,60580,44379,42.28,13.27,4.524,0.276,0.7,0.426,1
SHOP_0264,2025-01,6,46675,44535,2140,4.58,6.02,4.815,0.052,0.451,0.256,0
SHOP_0265,2025-01,35,98948,52722,46226,46.72,0.5,3.303,0.011,0.321,0.127,1
SHOP_0266,2025-01,24,128064,95771,32293,25.22,2.98,4.207,0.086,0.586,0.481,0
SHOP_0267,2025-01,29,123996,99015,24981,20.15,18.71,2.673,0.282,0.835,0.696,0
SHOP_0268,2025-01,31,168087,116042,52045,30.96,17.41,1.121,0.352,0.842,0.327,0
SHOP_0269,2025-01,35,120068,111853,8215,6.84,5.06,2.671,0.101,0.121,0.507,0
SHOP_0270,2025-01,33,93528,54151,39377,42.1,15.68,2.82,0.334,0.418,0.347,1
SHOP_0271,2025-01,21,154679,103837,50842,32.87,12.37,3.738,0.091,0.452,0.302,0
SHOP_0272,2025-01,32,71785,63250,8535,11.89,19.43,1.177,0.307,0.929,0.287,0
SHOP_0273,2025-01,23,39446,34722,4724,11.98,7.79,1.905,0.206,0.651,0.353,0
SHOP_0274,2025-01,33,65242,57566,7676,11.77,13.79,1.884,0.327,0.399,0.257,1
SHOP_0275,2025-01,3,43415,41235,2180,5.02,1.74,4.801,0.498,0.044,0.524,0
SHOP_0276,2025-01,18,45587,30473,15114,33.15,8.23,2.275,0.469,0.546,0.612,0
SHOP_0277,2025-01,25,66094,35335,30759,46.54,19.29,3.8,0.002,0.109,0.618,1
SHOP_0278,2025-01,31,41995,40766,1229,2.93,11.01,3.779,0.443,0.796,0.159,0
SHOP_0279,2025-01,3,58949,56239,2710,4.6,6.11,1.401,0.033,0.72,0.627,0
SHOP_0280,2025-01,24,19428,13142,6286,32.36,2.85,2.902,0.477,0.448,0.239,1
SHOP_0281,2025-01,32,84906,46330,38576,45.43,14.22,4.482,0.141,0.419,0.217,1
SHOP_0282,2025-01,22,73192,59053,14139,19.32,13.07,2.428,0.191,0.855,0.509,1
SHOP_0283,2025-01,23,41276,32802,8474,20.53,7.79,4.731,0.046,0.288,0.213,1
SHOP_0284,2025-01,2,116015,77027,38988,33.61,19.04,1.151,0.056,0.252,0.037,1
SHOP_0285,2025-01,27,140970,117663,23307,16.53,0.93,0.463,0.363,0.893,0.262,0
SHOP_0286,2025-01,2,23735,22926,809,3.41,6.42,4.468,0.472,0.773,0.505,0
SHOP_0287,2025-01,26,42877,25312,17565,40.97,18.46,4.254,0.305,0.783,0.229,1
SHOP_0288,2025-01,17,42685,27677,15008,35.16,6.76,4.964,0.358,0.202,0.441,1
SHOP_0289,2025-01,33,37876,25460,12416,32.78,5.42,3.429,0.381,0.153,0.462,0
SHOP_0290,2025-01,9,130696,76706,53990,41.31,10.92,4.69,0.131,0.044,0.514,0
SHOP_0291,2025-01,29,63852,39724,24128,37.79,16.56,4.152,0.023,0.24,0.628,0
SHOP_0292,2025-01,26,60769,52923,7846,12.91,2.51,4.238,0.001,0.74,0.303,1
SHOP_0293,2025-01,35,17985,14265,3720,20.68,18.89,2.889,0.175,0.243,0.117,1
SHOP_0294,2025-01,25,114096,104188,9908,8.68,16.0,1.974,0.121,0.698,0.223,0
SHOP_0295,2025-01,24,30715,27987,2728,8.88,4.03,4.679,0.031,0.254,0.303,0
SHOP_0296,2025-01,13,76264,47407,28857,37.84,14.38,2.217,0.09,0.388,0.5,1
SHOP_0297,2025-01,7,88802,46616,42186,47.51,8.01,2.74,0.062,0.934,0.009,1
SHOP_0298,2025-01,36,189560,89046,100514,53.02,8.34,2.286,0.457,0.248,0.221,1
SHOP_0299,2025-01,20,29256,18928,10328,35.3,15.77,2.868,0.07,0.37,0.546,1
SHOP_0300,2025-01,1,8834,7795,1039,11.76,19.27,2.405,0.269,0.3,0.47,0
SHOP_0301,2025-01,8,83174,76853,6321,7.6,2.97,0.335,0.297,0.122,0.512,0
SHOP_0302,2025-01,16,257908,141640,116268,45.08,8.7,4.422,0.272,0.476,0.568,1
SHOP_0303,2025-01,14,174079,117200,56879,32.67,9.88,2.278,0.05,0.372,0.548,1
SHOP_0304,2025-01,12,84691,55245,29446,34.77,7.84,2.986,0.159,0.666,0.478,0
SHOP_0305,2025-01,23,51837,29331,22506,43.42,7.58,0.782,0.026,0.78,0.308,1
SHOP_0306,2025-01,15,128667,78135,50532,39.27,1.52,0.117,0.198,0.526,0.689,0
SHOP_0307,2025-01,28,36994,19893,17101,46.23,13.87,1.302,0.094,0.05,0.398,1
SHOP_0308,2025-01,34,102074,96991,5083,4.98,9.01,3.552,0.281,0.596,0.142,1
SHOP_0309,2025-01,2,104175,60819,43356,41.62,4.3,0.586,0.346,0.072,0.205,0
SHOP_0310,2025-01,32,153606,81265,72341,47.1,16.41,4.554,0.266,0.593,0.485,1
SHOP_0311,2025-01,23,504721,418085,86636,17.17,16.15,1.154,0.217,0.657,0.647,0
SHOP_0312,2025-01,22,96249,61654,34595,35.94,9.98,1.103,0.194,0.204,0.125,1
SHOP_0313,2025-01,25,51212,41661,9551,18.65,6.32,0.989,0.421,0.782,0.058,1
SHOP_0314,2025-01,22,71833,33925,37908,52.77,12.94,0.169,0.11,0.867,0.617,1
SHOP_0315,2025-01,22,21198,20399,799,3.77,6.12,3.882,0.367,0.776,0.641,1
SHOP_0316,2025-01,6,44968,30250,14718,32.73,5.1,4.388,0.379,0.304,0.193,0
SHOP_0317,2025-01,15,54913,48969,5944,10.82,14.75,3.109,0.21,0.566,0.264,1
SHOP_0318,2025-01,33,50672,30531,20141,39.75,1.29,1.022,0.149,0.871,0.462,1
SHOP_0319,2025-01,8,81361,72149,9212,11.32,2.35,1.498,0.235,0.318,0.231,1
SHOP_0320,2025-01,5,41122,35169,5953,14.48,0.63,2.432,0.047,0.783,0.614,0
SHOP_0321,2025-01,4,160287,115083,45204,28.2,3.48,4.776,0.023,0.029,0.075,0
SHOP_0322,2025-01,6,73141,36215,36926,50.49,1.85,1.312,0.056,0.023,0.027,1
SHOP_0323,2025-01,32,72656,63050,9606,13.22,19.92,3.685,0.094,0.727,0.146,1
SHOP_0324,2025-01,30,58132,52525,5607,9.64,6.13,2.253,0.252,0.728,0.2,1
SHOP_0325,2025-01,35,81522,47099,34423,42.23,3.41,1.559,0.425,0.754,0.079,1
SHOP_0326,2025-01,16,130297,93120,37177,28.53,5.2,2.334,0.118,0.885,0.046,1
SHOP_0327,2025-01,13,39855,19798,20057,50.32,18.75,0.449,0.468,0.13,0.529,1
SHOP_0328,2025-01,30,46135,41627,4508,9.77,10.64,4.014,0.477,0.236,0.115,0
SHOP_0329,2025-01,19,59124,37701,21423,36.23,7.61,1.292,0.479,0.86,0.64,0
SHOP_0330,2025-01,17,28507,24418,4089,14.34,17.53,3.655,0.419,0.185,0.258,0
SHOP_0331,2025-01,19,41213,36965,4248,10.31,8.2,0.435,0.182,0.654,0.469,0
SHOP_0332,2025-01,28,52399,32371,20028,38.22,7.03,4.78,0.036,0.513,0.158,1
SHOP_0333,2025-01,26,134871,89736,45135,33.47,4.54,1.046,0.284,0.097,0.168,0
SHOP_0334,2025-01,26,87886,50969,36917,42.01,7.87,4.425,0.279,0.285,0.402,0
SHOP_0335,2025-01,23,83743,68333,15410,18.4,6.68,4.066,0.425,0.504,0.392,0
SHOP_0336,2025-01,9,132671,98518,34153,25.74,13.71,4.843,0.498,0.813,0.538,0
SHOP_0337,2025-01,12,66426,50823,15603,23.49,6.15,2.442,0.254,0.678,0.53,0
SHOP_0338,2025-01,1,96117,44063,52054,54.16,11.76,3.664,0.173,0.598,0.469,0
SHOP_0339,2025-01,1,68033,56135,11898,17.49,1.78,1.916,0.093,0.481,0.314,0
SHOP_0340,2025-01,34,88058,72538,15520,17.63,4.23,1.003,0.002,0.298,0.623,0
SHOP_0341,2025-01,32,48634,38522,10112,20.79,8.44,2.271,0.255,0.131,0.436,1
SHOP_0342,2025-01,25,13264,9030,4234,31.92,18.77,0.912,0.278,0.4,0.693,0
SHOP_0343,2025-01,1,66570,56336,10234,15.37,7.86,4.912,0.412,0.047,0.574,0
SHOP_0344,2025-01,16,197980,97980,100000,50.51,13.45,0.572,0.252,0.216,0.031,1
SHOP_0345,2025-01,5,139854,117364,22490,16.08,5.47,2.987,0.458,0.422,0.224,0
SHOP_0346,2025-01,22,143742,72621,71121,49.48,2.98,3.17,0.314,0.409,0.4,0
SHOP_0347,2025-01,29,173736,160733,13003,7.48,1.64,2.737,0.42,0.061,0.505,0
SHOP_0348,2025-01,3,77813,49180,28633,36.8,6.46,3.345,0.074,0.568,0.385,0
SHOP_0349,2025-01,12,83962,41922,42040,50.07,3.57,0.669,0.428,0.531,0.55,0
SHOP_0350,2025-01,26,47460,42266,5194,10.94,3.89,2.82,0.338,0.093,0.198,0
SHOP_0351,2025-01,16,58615,27361,31254,53.32,15.33,1.507,0.085,0.897,0.129,1
SHOP_0352,2025-01,22,112537,83274,29263,26.0,0.81,4.707,0.095,0.112,0.038,1
SHOP_0353,2025-01,29,169858,81323,88535,52.12,11.38,3.834,0.463,0.815,0.401,1
SHOP_0354,2025-01,14,66329,41209,25120,37.87,7.9,4.865,0.016,0.02,0.482,1
SHOP_0355,2025-01,28,53363,43766,9597,17.98,10.38,0.284,0.231,0.841,0.228,1
SHOP_0356,2025-01,5,73157,64393,8764,11.98,11.48,1.497,0.157,0.038,0.43,0
SHOP_0357,2025-01,30,111396,91236,20160,18.1,6.61,1.058,0.333,0.725,0.037,1
SHOP_0358,2025-01,5,26617,24772,1845,6.93,6.25,0.155,0.42,0.356,0.07,0
SHOP_0359,2025-01,12,14657,13246,1411,9.63,14.8,1.287,0.18,0.707,0.491,0
SHOP_0360,2025-01,16,49743,45989,3754,7.55,17.49,3.426,0.213,0.394,0.258,0
SHOP_0361,2025-01,26,31117,23519,7598,24.42,4.26,1.232,0.491,0.086,0.47,0
SHOP_0362,2025-01,26,51241,28610,22631,44.17,2.4,2.594,0.392,0.734,0.582,0
SHOP_0363,2025-01,21,65944,59684,6260,9.49,18.01,4.45,0.449,0.086,0.597,0
SHOP_0364,2025-01,36,53249,48506,4743,8.91,7.32,3.499,0.219,0.878,0.121,1
SHOP_0365,2025-01,33,202142,129165,72977,36.1,11.25,2.034,0.117,0.067,0.34,0
SHOP_0366,2025-01,30,91924,80479,11445,12.45,7.51,1.925,0.206,0.466,0.514,0
SHOP_0367,2025-01,23,90249,83775,6474,7.17,2.95,2.333,0.358,0.692,0.542,1
SHOP_0368,2025-01,10,113045,100788,12257,10.84,11.99,0.968,0.055,0.386,0.549,0
SHOP_0369,2025-01,5,32952,16160,16792,50.96,10.74,3.207,0.135,0.222,0.16,1
SHOP_0370,2025-01,36,151354,82430,68924,45.54,4.46,1.884,0.023,0.726,0.135,1
SHOP_0371,2025-01,34,69353,54952,14401,20.77,9.31,4.277,0.216,0.749,0.413,1
SHOP_0372,2025-01,31,116931,73949,42982,36.76,16.04,3.807,0.414,0.878,0.519,1
SHOP_0373,2025-01,10,34534,24010,10524,30.48,12.01,3.092,0.012,0.37,0.223,1
SHOP_0374,2025-01,19,24646,15308,9338,37.89,2.39,1.885,0.338,0.491,0.073,1
SHOP_0375,2025-01,32,129641,80142,49499,38.18,11.19,1.129,0.466,0.358,0.502,1
SHOP_0376,2025-01,1,95176,61557,33619,35.32,14.2,3.903,0.118,0.259,0.21,0
SHOP_0377,2025-01,5,38893,32630,6263,16.1,15.96,2.483,0.347,0.718,0.116,1
SHOP_0378,2025-01,4,39785,38167,1618,4.07,12.77,1.201,0.488,0.336,0.103,0
SHOP_0379,2025-01,16,160782,118745,42037,26.15,3.48,1.056,0.481,0.418,0.22,1
SHOP_0380,2025-01,24,31806,16151,15655,49.22,14.35,0.91,0.117,0.395,0.415,0
SHOP_0381,2025-01,16,230930,156609,74321,32.18,13.71,3.908,0.05,0.683,0.251,1
SHOP_0382,2025-01,2,38932,20978,17954,46.12,0.98,1.222,0.074,0.874,0.014,1
SHOP_0383,2025-01,28,114333,51957,62376,54.56,8.53,2.681,0.351,0.64,0.068,1
SHOP_0384,2025-01,32,58103,51902,6201,10.67,6.99,2.313,0.363,0.459,0.203,1
SHOP_0385,2025-01,27,111550,68420,43130,38.66,13.55,2.94,0.337,0.745,0.462,0
SHOP_0386,2025-01,20,49967,31111,18856,37.74,4.71,4.398,0.168,0.616,0.069,1
SHOP_0387,2025-01,24,65254,30058,35196,53.94,12.02,4.352,0.085,0.076,0.392,1
SHOP_0388,2025-01,12,75255,34439,40816,54.24,18.31,2.31,0.29,0.109,0.084,1
SHOP_0389,2025-01,35,36260,22338,13922,38.39,16.06,0.175,0.242,0.055,0.148,1
SHOP_0390,2025-01,33,122833,104517,18316,14.91,18.47,2.19,0.364,0.445,0.121,0
SHOP_0391,2025-01,33,51060,28428,22632,44.32,19.58,3.07,0.221,0.788,0.047,1
SHOP_0392,2025-01,12,62316,57535,4781,7.67,0.71,2.833,0.169,0.311,0.47,0
SHOP_0393,2025-01,3,36459,20644,15815,43.38,12.64,3.292,0.147,0.377,0.324,0
SHOP_0394,2025-01,1,12166,6054,6112,50.24,8.55,0.855,0.106,0.866,0.582,0
SHOP_0395,2025-01,33,63977,49716,14261,22.29,17.27,3.268,0.133,0.798,0.069,1
SHOP_0396,2025-01,10,395866,255636,140230,35.42,5.41,0.995,0.047,0.638,0.101,1
SHOP_0397,2025-01,29,126655,95248,31407,24.8,19.63,3.778,0.173,0.268,0.215,0
SHOP_0398,2025-01,13,72151,53968,18183,25.2,12.47,1.762,0.018,0.129,0.536,0
SHOP_0399,2025-01,12,60838,49614,11224,18.45,15.97,3.578,0.093,0.035,0.214,0
SHOP_0400,2025-01,31,74290,42796,31494,42.39,2.17,0.335,0.373,0.12,0.286,1
SHOP_0401,2025-01,2,107257,51894,55363,51.62,4.08,2.099,0.163,0.292,0.211,1
SHOP_0402,2025-01,35,31998,15404,16594,51.86,15.29,3.555,0.334,0.533,0.056,1
SHOP_0403,2025-01,23,159536,141567,17969,11.26,0.93,1.212,0.358,0.08,0.658,0
SHOP_0404,2025-01,17,120664,62309,58355,48.36,16.43,3.997,0.291,0.147,0.384,1
SHOP_0405,2025-01,26,120901,71230,49671,41.08,0.77,3.191,0.479,0.188,0.551,1
SHOP_0406,2025-01,8,99403,84095,15308,15.4,13.31,2.979,0.011,0.608,0.461,0
SHOP_0407,2025-01,29,74142,70015,4127,5.57,7.62,1.832,0.369,0.593,0.36,0
SHOP_0408,2025-01,26,117126,98147,18979,16.2,12.42,2.464,0.479,0.532,0.063,1
SHOP_0409,2025-01,10,110666,54949,55717,50.35,14.07,3.027,0.431,0.253,0.45,1
SHOP_0410,2025-01,26,57078,36782,20296,35.56,7.18,2.415,0.084,0.365,0.109,1
SHOP_0411,2025-01,34,48946,29262,19684,40.22,2.61,3.522,0.163,0.11,0.29,1
SHOP_0412,2025-01,7,78535,66261,12274,15.63,1.86,2.225,0.086,0.231,0.44,0
SHOP_0413,2025-01,4,216277,129490,86787,40.13,11.98,1.091,0.301,0.855,0.548,1
SHOP_0414,2025-01,11,30719,29647,1072,3.49,10.65,1.148,0.356,0.931,0.48,0
SHOP_0415,2025-01,29,26180,20449,5731,21.89,14.97,0.128,0.159,0.622,0.47,0
SHOP_0416,2025-01,36,82070,53167,28903,35.22,10.44,1.575,0.27,0.873,0.104,1
SHOP_0417,2025-01,25,75782,68398,7384,9.74,8.74,3.77,0.345,0.618,0.242,1
SHOP_0418,2025-01,21,82565,44900,37665,45.62,8.26,3.991,0.211,0.051,0.03,1
SHOP_0419,2025-01,36,86748,74207,12541,14.46,1.02,1.092,0.427,0.947,0.504,0
SHOP_0420,2025-01,10,62552,39676,22876,36.57,7.04,4.799,0.386,0.112,0.667,0
SHOP_0421,2025-01,9,207504,158792,48712,23.48,19.53,2.562,0.032,0.655,0.185,1
SHOP_0422,2025-01,24,23846,15836,8010,33.59,17.53,4.593,0.311,0.255,0.061,1
SHOP_0423,2025-01,35,40948,37797,3151,7.69,6.92,3.563,0.118,0.385,0.333,0
SHOP_0424,2025-01,35,68031,66061,1970,2.9,11.96,3.64,0.279,0.621,0.6,0
SHOP_0425,2025-01,36,23150,11527,11623,50.21,17.02,0.517,0.478,0.426,0.386,1
SHOP_0426,2025-01,18,64660,54127,10533,16.29,9.1,1.178,0.44,0.253,0.033,0
SHOP_0427,2025-01,32,233989,127658,106331,45.44,0.85,0.143,0.202,0.331,0.682,0
SHOP_0428,2025-01,24,74208,33419,40789,54.97,1.95,3.609,0.146,0.338,0.58,1
SHOP_0429,2025-01,23,85947,74597,11350,13.21,10.45,1.788,0.117,0.912,0.092,0
SHOP_0430,2025-01,32,30269,25410,4859,16.05,19.4,3.955,0.266,0.763,0.645,1
SHOP_0431,2025-01,12,47503,29864,17639,37.13,14.02,1.761,0.057,0.446,0.315,0
SHOP_0432,2025-01,13,56239,26337,29902,53.17,1.88,4.115,0.275,0.206,0.26,0
SHOP_0433,2025-01,23,58548,28959,29589,50.54,4.19,0.74,0.001,0.774,0.323,1
SHOP_0434,2025-01,25,179360,127969,51391,28.65,15.54,0.95,0.162,0.166,0.584,0
SHOP_0435,2025-01,35,108054,60358,47696,44.14,16.91,1.77,0.11,0.216,0.462,1
SHOP_0436,2025-01,30,33590,30502,3088,9.19,12.55,2.102,0.486,0.36,0.041,0
SHOP_0437,2025-01,17,86903,40146,46757,53.8,13.07,1.809,0.364,0.839,0.67,1
SHOP_0438,2025-01,20,103648,48600,55048,53.11,1.05,3.842,0.175,0.143,0.103,1
SHOP_0439,2025-01,25,162447,145102,17345,10.68,16.66,0.575,0.046,0.134,0.522,0
SHOP_0440,2025-01,22,221102,181592,39510,17.87,15.87,1.821,0.258,0.479,0.445,0
SHOP_0441,2025-01,13,35934,33308,2626,7.31,5.55,4.202,0.107,0.277,0.131,0
SHOP_0442,2025-01,19,41456,34657,6799,16.4,14.32,0.427,0.268,0.549,0.12,1
SHOP_0443,2025-01,36,30324,16604,13720,45.25,4.69,4.717,0.418,0.44,0.609,1
SHOP_0444,2025-01,12,62080,48391,13689,22.05,1.29,4.933,0.308,0.425,0.294,0
SHOP_0445,2025-01,19,101362,94586,6776,6.69,4.42,0.534,0.317,0.124,0.458,0
SHOP_0446,2025-01,12,145967,116572,29395,20.14,3.98,1.527,0.271,0.151,0.353,0
SHOP_0447,2025-01,9,69344,31889,37455,54.01,7.09,1.925,0.464,0.784,0.509,0
SHOP_0448,2025-01,7,58461,37781,20680,35.37,8.66,3.904,0.466,0.844,0.335,0
SHOP_0449,2025-01,28,81327,61763,19564,24.06,10.42,3.02,0.256,0.238,0.201,0
SHOP_0450,2025-01,14,40758,36345,4413,10.83,9.8,3.257,0.153,0.126,0.254,0
SHOP_0451,2025-01,31,315741,144397,171344,54.27,5.78,3.812,0.23,0.07,0.601,1
SHOP_0452,2025-01,19,23733,12933,10800,45.5,1.07,0.678,0.093,0.586,0.328,1
SHOP_0453,2025-01,16,83226,69146,14080,16.92,12.3,4.183,0.318,0.685,0.149,1
SHOP_0454,2025-01,5,301500,284273,17227,5.71,8.22,3.558,0.25,0.367,0.654,0
SHOP_0455,2025-01,35,73479,69804,3675,5.0,6.32,2.929,0.052,0.652,0.558,0
SHOP_0456,2025-01,12,64021,58656,5365,8.38,17.41,4.46,0.099,0.683,0.039,0
SHOP_0457,2025-01,25,56942,38276,18666,32.78,15.06,3.532,0.24,0.89,0.699,1
SHOP_0458,2025-01,21,64455,31438,33017,51.22,17.23,1.088,0.444,0.08,0.486,1
SHOP_0459,2025-01,36,191184,137027,54157,28.33,10.15,2.206,0.283,0.199,0.112,1
SHOP_0460,2025-01,23,15548,8291,7257,46.68,3.05,2.521,0.341,0.084,0.166,0
SHOP_0461,2025-01,16,213930,159095,54835,25.63,14.08,0.371,0.17,0.827,0.485,1
SHOP_0462,2025-01,14,26990,16314,10676,39.55,4.52,4.778,0.286,0.757,0.546,0
SHOP_0463,2025-01,31,60678,35928,24750,40.79,9.1,0.73,0.224,0.554,0.167,1
SHOP_0464,2025-01,5,54151,48075,6076,11.22,1.77,3.518,0.33,0.098,0.18,0
SHOP_0465,2025-01,35,110413,87067,23346,21.14,16.59,2.581,0.025,0.274,0.215,1
SHOP_0466,2025-01,23,23892,15344,8548,35.78,2.96,0.226,0.247,0.297,0.419,0
SHOP_0467,2025-01,29,101065,95257,5808,5.75,18.11,4.631,0.148,0.541,0.12,1
SHOP_0468,2025-01,11,301648,237814,63834,21.16,17.35,4.274,0.163,0.26,0.073,0
SHOP_0469,2025-01,18,28163,19617,8546,30.34,9.56,2.669,0.48,0.088,0.475,0
SHOP_0470,2025-01,12,83516,37749,45767,54.8,15.02,1.222,0.091,0.7,0.545,0
SHOP_0471,2025-01,9,46010,33518,12492,27.15,12.58,0.696,0.156,0.298,0.351,0
SHOP_0472,2025-01,10,98530,53944,44586,45.25,16.16,1.881,0.255,0.441,0.255,0
SHOP_0473,2025-01,17,74117,55662,18455,24.9,8.92,1.352,0.432,0.139,0.302,0
SHOP_0474,2025-01,7,46675,26041,20634,44.21,15.82,2.583,0.208,0.766,0.272,1
SHOP_0475,2025-01,13,102900,68370,34530,33.56,9.52,4.835,0.372,0.546,0.672,0
SHOP_0476,2025-01,9,258602,131914,126688,48.99,18.85,2.917,0.428,0.858,0.538,1
SHOP_0477,2025-01,27,63983,48768,15215,23.78,9.98,4.461,0.155,0.481,0.146,1
SHOP_0478,2025-01,2,121034,79848,41186,34.03,9.52,3.289,0.196,0.896,0.269,0
SHOP_0479,2025-01,5,29576,19109,10467,35.39,15.81,2.429,0.178,0.849,0.381,0
SHOP_0480,2025-01,29,37440,28409,9031,24.12,16.52,4.288,0.416,0.556,0.429,1
SHOP_0481,2025-01,19,101792,91971,9821,9.65,11.31,2.41,0.022,0.889,0.328,0
SHOP_0482,2025-01,8,206671,192289,14382,6.96,4.01,4.356,0.154,0.32,0.567,0
SHOP_0483,2025-01,1,93801,91096,2705,2.88,9.62,1.529,0.34,0.36,0.537,0
SHOP_0484,2025-01,22,58739,30370,28369,48.3,19.38,0.731,0.283,0.062,0.354,0
SHOP_0485,2025-01,17,73094,62471,10623,14.53,15.18,4.291,0.218,0.568,0.598,0
SHOP_0486,2025-01,7,30477,26451,4026,13.21,16.32,2.978,0.27,0.691,0.526,0
SHOP_0487,2025-01,25,111654,65865,45789,41.01,1.14,4.457,0.099,0.739,0.545,1
SHOP_0488,2025-01,4,135623,109908,25715,18.96,9.62,4.695,0.215,0.159,0.669,0
SHOP_0489,2025-01,36,53292,37933,15359,28.82,13.11,0.363,0.251,0.433,0.187,1
SHOP_0490,2025-01,6,52626,47041,5585,10.61,16.69,2.555,0.451,0.184,0.187,0
SHOP_0491,2025-01,31,88090,41520,46570,52.87,1.46,1.937,0.13,0.636,0.622,1
SHOP_0492,2025-01,19,53868,28478,25390,47.13,17.12,3.167,0.434,0.167,0.541,1
SHOP_0493,2025-01,27,69822,36460,33362,47.78,11.19,3.989,0.322,0.861,0.649,0
SHOP_0494,2025-01,10,318000,243082,74918,23.56,4.35,1.475,0.01,0.234,0.044,0
SHOP_0495,2025-01,26,61518,35431,26087,42.41,6.69,2.828,0.362,0.291,0.439,1
SHOP_0496,2025-01,19,56906,51429,5477,9.63,6.0,3.573,0.018,0.811,0.101,1
SHOP_0497,2025-01,3,46477,45335,1142,2.46,10.85,0.759,0.499,0.446,0.353,0
SHOP_0498,2025-01,13,123122,119356,3766,3.06,1.51,4.089,0.436,0.042,0.109,0
SHOP_0499,2025-01,28,64418,43102,21316,33.09,3.59,3.07,0.149,0.48,0.09,1
SHOP_0500,2025-01,20,46418,34286,12132,26.14,16.35,4.753,0.129,0.099,0.009,1
SHOP_0501,2025-01,28,184409,130092,54317,29.45,3.09,1.764,0.191,0.936,0.441,1
SHOP_0502,2025-01,8,197545,192813,4732,2.4,5.05,0.63,0.178,0.567,0.251,0
SHOP_0503,2025-01,1,48036,36314,11722,24.4,9.34,2.582,0.186,0.259,0.074,0
SHOP_0504,2025-01,3,19800,11869,7931,40.06,10.58,0.52,0.159,0.544,0.226,1
SHOP_0505,2025-01,13,148043,110347,37696,25.46,15.39,4.851,0.311,0.091,0.118,1
SHOP_0506,2025-01,28,45286,26806,18480,40.81,9.22,0.29,0.082,0.764,0.659,0
SHOP_0507,2025-01,25,127190,108938,18252,14.35,15.9,3.792,0.423,0.881,0.224,0
SHOP_0508,2025-01,33,18415,10110,8305,45.1,12.56,2.673,0.406,0.833,0.234,1
SHOP_0509,2025-01,6,136601,91267,45334,33.19,2.71,1.906,0.238,0.338,0.588,0
SHOP_0510,2025-01,32,31325,27199,4126,13.17,3.55,0.423,0.426,0.323,0.453,0
SHOP_0511,2025-01,21,121971,104229,17742,14.55,9.02,3.149,0.124,0.053,0.497,0
SHOP_0512,2025-01,16,73865,47801,26064,35.29,8.24,2.968,0.009,0.626,0.445,1
SHOP_0513,2025-01,21,37505,20258,17247,45.99,15.0,1.476,0.31,0.517,0.662,0
SHOP_0514,2025-01,11,54999,41784,13215,24.03,11.82,4.56,0.229,0.447,0.145,1
SHOP_0515,2025-01,36,118234,99683,18551,15.69,8.07,1.59,0.284,0.864,0.692,1
SHOP_0516,2025-01,35,78757,40992,37765,47.95,3.83,2.304,0.45,0.176,0.582,0
SHOP_0517,2025-01,19,110094,68840,41254,37.47,4.92,2.764,0.485,0.029,0.412,0
SHOP_0518,2025-01,20,291708,216597,75111,25.75,11.72,0.591,0.317,0.088,0.464,0
SHOP_0519,2025-01,18,24466,17650,6816,27.86,8.76,4.668,0.382,0.228,0.454,0
SHOP_0520,2025-01,14,226851,197756,29095,12.83,10.54,1.935,0.042,0.051,0.041,1
SHOP_0521,2025-01,15,78673,50964,27709,35.22,3.83,0.496,0.08,0.488,0.153,1
SHOP_0522,2025-01,31,38982,30791,8191,21.01,13.43,1.998,0.367,0.312,0.673,0
SHOP_0523,2025-01,1,28819,13035,15784,54.77,17.12,3.041,0.216,0.188,0.374,0
SHOP_0524,2025-01,3,64063,46478,17585,27.45,5.53,2.617,0.223,0.718,0.265,0
SHOP_0525,2025-01,16,139407,100719,38688,27.75,10.08,3.503,0.154,0.21,0.533,1
SHOP_0526,2025-01,23,66884,45488,21396,31.99,19.52,0.372,0.304,0.659,0.367,0
SHOP_0527,2025-01,11,210619,104071,106548,50.59,7.0,1.494,0.093,0.345,0.009,1
SHOP_0528,2025-01,12,26481,14712,11769,44.44,12.1,4.114,0.313,0.496,0.515,0
SHOP_0529,2025-01,10,72514,53726,18788,25.91,2.26,0.491,0.087,0.888,0.513,1
SHOP_0530,2025-01,32,30434,18233,12201,40.09,12.32,4.292,0.032,0.055,0.116,1
SHOP_0531,2025-01,16,94329,63134,31195,33.07,2.25,0.55,0.165,0.485,0.67,0
SHOP_0532,2025-01,8,136056,97830,38226,28.1,19.21,4.189,0.116,0.815,0.157,1
SHOP_0533,2025-01,12,54473,47831,6642,12.19,14.46,1.868,0.444,0.567,0.32,0
SHOP_0534,2025-01,24,11814,8673,3141,26.59,15.87,3.1,0.027,0.277,0.08,1
SHOP_0535,2025-01,28,84058,71425,12633,15.03,14.23,0.849,0.088,0.39,0.422,1
SHOP_0536,2025-01,8,99282,49158,50124,50.49,12.0,0.424,0.274,0.653,0.263,0
SHOP_0537,2025-01,28,97052,77858,19194,19.78,9.27,1.158,0.241,0.848,0.247,1
SHOP_0538,2025-01,36,173694,82557,91137,52.47,17.24,0.726,0.023,0.058,0.579,1
SHOP_0539,2025-01,26,34553,24100,10453,30.25,19.16,1.631,0.004,0.087,0.007,1
SHOP_0540,2025-01,8,117730,75969,41761,35.47,10.23,2.62,0.494,0.322,0.559,0
SHOP_0541,2025-01,28,168511,116650,51861,30.78,18.66,2.985,0.329,0.236,0.4,1
SHOP_0542,2025-01,28,21057,19192,1865,8.86,11.87,3.97,0.183,0.266,0.69,0
SHOP_0543,2025-01,36,91469,71420,20049,21.92,11.0,3.316,0.235,0.226,0.413,0
SHOP_0544,2025-01,27,51384,47656,3728,7.25,9.36,3.083,0.133,0.202,0.039,0
SHOP_0545,2025-01,17,69074,44887,24187,35.02,4.58,2.118,0.172,0.141,0.035,0
SHOP_0546,2025-01,9,93281,69322,23959,25.68,0.57,2.422,0.325,0.889,0.618,0
SHOP_0547,2025-01,33,51997,29517,22480,43.23,5.21,2.131,0.441,0.154,0.589,0
SHOP_0548,2025-01,20,45570,39334,6236,13.68,10.44,4.227,0.092,0.21,0.242,0
SHOP_0549,2025-01,13,74900,66869,8031,10.72,7.91,1.227,0.42,0.249,0.433,0
SHOP_0550,2025-01,28,34164,26123,8041,23.54,9.25,0.128,0.061,0.888,0.343,1
SHOP_0551,2025-01,29,34198,16720,17478,51.11,19.62,3.291,0.107,0.723,0.677,0
SHOP_0552,2025-01,13,117661,71006,46655,39.65,7.33,1.092,0.019,0.754,0.665,0
SHOP_0553,2025-01,35,32723,24803,7920,24.2,9.32,4.462,0.07,0.117,0.689,1
SHOP_0554,2025-01,6,116590,82295,34295,29.42,3.1,4.309,0.459,0.798,0.607,0
SHOP_0555,2025-01,18,101095,94561,6534,6.46,1.44,0.476,0.23,0.4,0.637,0
SHOP_0556,2025-01,5,21850,10011,11839,54.18,15.62,0.621,0.039,0.264,0.152,1
SHOP_0557,2025-01,25,45511,28526,16985,37.32,11.63,2.526,0.48,0.555,0.582,0
SHOP_0558,2025-01,2,168700,139808,28892,17.13,15.33,3.085,0.439,0.785,0.496,0
SHOP_0559,2025-01,10,36797,24636,12161,33.05,3.42,1.447,0.377,0.744,0.674,1
SHOP_0560,2025-01,30,52834,48712,4122,7.8,11.65,3.612,0.467,0.848,0.4,0
SHOP_0561,2025-01,5,101057,47305,53752,53.19,5.45,3.015,0.11,0.883,0.06,1
SHOP_0562,2025-01,33,126548,112294,14254,11.26,4.95,1.692,0.418,0.241,0.418,1
SHOP_0563,2025-01,1,61324,39035,22289,36.35,0.72,0.224,0.345,0.414,0.481,0
SHOP_0564,2025-01,18,48134,40910,7224,15.01,3.04,3.776,0.435,0.034,0.154,0
SHOP_0565,2025-01,32,197928,118696,79232,40.03,6.53,1.152,0.398,0.838,0.276,1
SHOP_0566,2025-01,11,247021,140378,106643,43.17,2.78,4.189,0.173,0.164,0.419,0
SHOP_0567,2025-01,21,145103,90412,54691,37.69,19.72,2.159,0.387,0.821,0.262,1
SHOP_0568,2025-01,26,77631,50795,26836,34.57,6.52,2.928,0.131,0.326,0.262,1
SHOP_0569,2025-01,25,41532,21056,20476,49.3,3.04,4.377,0.164,0.362,0.093,1
SHOP_0570,2025-01,22,40892,38370,2522,6.17,4.38,4.332,0.054,0.056,0.659,0
SHOP_0571,2025-01,27,105426,84827,20599,19.54,11.96,1.92,0.468,0.324,0.525,0
SHOP_0572,2025-01,13,98015,83157,14858,15.16,1.75,1.124,0.146,0.846,0.001,1
SHOP_0573,2025-01,33,195071,89021,106050,54.36,17.32,3.898,0.26,0.044,0.536,0
SHOP_0574,2025-01,34,115303,89201,26102,22.64,19.25,2.222,0.196,0.398,0.518,1
SHOP_0575,2025-01,35,25536,15110,10426,40.83,5.31,1.041,0.48,0.049,0.007,1
SHOP_0576,2025-01,1,152720,94243,58477,38.29,9.28,4.532,0.168,0.365,0.259,0
SHOP_0577,2025-01,21,36365,31550,4815,13.24,0.93,1.071,0.389,0.181,0.425,1
SHOP_0578,2025-01,6,55894,47696,8198,14.67,12.99,0.226,0.428,0.255,0.317,1
SHOP_0579,2025-01,28,87129,72397,14732,16.91,8.57,0.199,0.218,0.836,0.545,1
SHOP_0580,2025-01,17,295661,225324,70337,23.79,5.77,3.149,0.189,0.426,0.298,0
SHOP_0581,2025-01,5,600000,513485,86515,14.42,4.53,3.342,0.374,0.275,0.108,0
SHOP_0582,2025-01,31,111827,108426,3401,3.04,13.25,1.624,0.456,0.568,0.683,0
SHOP_0583,2025-01,5,64329,33060,31269,48.61,8.62,1.668,0.377,0.152,0.169,0
SHOP_0584,2025-01,3,106314,49779,56535,53.18,4.0,1.764,0.114,0.261,0.502,0
SHOP_0585,2025-01,23,136129,108763,27366,20.1,13.94,3.433,0.444,0.528,0.1,1
SHOP_0586,2025-01,10,58427,46776,11651,19.94,11.52,0.385,0.194,0.241,0.23,0
SHOP_0587,2025-01,10,256953,250848,6105,2.38,17.24,4.653,0.288,0.652,0.309,0
SHOP_0588,2025-01,19,85909,53218,32691,38.05,2.79,1.19,0.416,0.477,0.135,1
SHOP_0589,2025-01,17,103613,56212,47401,45.75,15.82,4.998,0.094,0.738,0.315,1
SHOP_0590,2025-01,21,116558,105170,11388,9.77,13.63,0.94,0.392,0.902,0.11,0
SHOP_0591,2025-01,14,98234,87956,10278,10.46,2.74,3.881,0.298,0.128,0.391,0
SHOP_0592,2025-01,9,131565,73842,57723,43.87,14.05,1.195,0.447,0.331,0.465,0
SHOP_0593,2025-01,1,47473,31017,16456,34.66,9.11,0.496,0.086,0.317,0.044,0
SHOP_0594,2025-01,13,49473,47307,2166,4.38,18.93,4.387,0.21,0.161,0.61,0
SHOP_0595,2025-01,4,33857,22009,11848,34.99,3.26,4.308,0.416,0.774,0.13,0
SHOP_0596,2025-01,1,99474,81198,18276,18.37,13.04,2.077,0.01,0.727,0.158,0
SHOP_0597,2025-01,32,126154,98977,27177,21.54,7.95,3.542,0.056,0.471,0.463,0
SHOP_0598,2025-01,34,100754,57636,43118,42.8,19.16,2.83,0.495,0.52,0.328,1
SHOP_0599,2025-01,28,236132,129921,106211,44.98,6.93,4.279,0.14,0.075,0.35,1
SHOP_0600,2025-01,31,72845,55931,16914,23.22,19.26,1.644,0.488,0.537,0.09,0
SHOP_0601,2025-01,8,116788,55826,60962,52.2,18.08,2.666,0.091,0.756,0.564,1
SHOP_0602,2025-01,26,34058,26040,8018,23.54,5.77,2.478,0.181,0.554,0.432,0
SHOP_0603,2025-01,34,55772,31842,23930,42.91,16.17,1.834,0.376,0.267,0.095,1
SHOP_0604,2025-01,3,119000,86102,32898,27.65,19.91,4.468,0.329,0.641,0.262,0
SHOP_0605,2025-01,12,132504,66823,65681,49.57,5.43,0.913,0.291,0.356,0.567,1
SHOP_0606,2025-01,1,59529,29698,29831,50.11,9.02,0.833,0.265,0.527,0.398,0
SHOP_0607,2025-01,5,69556,64942,4614,6.63,10.64,2.927,0.422,0.473,0.076,0
SHOP_0608,2025-01,30,25273,12224,13049,51.63,6.25,3.322,0.117,0.374,0.261,1
SHOP_0609,2025-01,30,56959,30898,26061,45.75,0.8,1.054,0.221,0.689,0.17,1
SHOP_0610,2025-01,17,136389,76460,59929,43.94,4.79,2.015,0.078,0.842,0.362,0
SHOP_0611,2025-01,23,109387,95551,13836,12.65,6.0,4.738,0.298,0.025,0.59,0
SHOP_0612,2025-01,15,103825,57445,46380,44.67,9.15,1.308,0.125,0.888,0.305,1
SHOP_0613,2025-01,21,75723,40090,35633,47.06,3.84,3.375,0.167,0.496,0.303,0
SHOP_0614,2025-01,14,73493,60760,12733,17.32,17.53,3.727,0.236,0.672,0.634,0
SHOP_0615,2025-01,2,46063,21894,24169,52.47,14.25,2.296,0.013,0.816,0.403,1
SHOP_0616,2025-01,11,119274,113737,5537,4.64,2.16,4.694,0.046,0.454,0.396,1
SHOP_0617,2025-01,34,98192,88427,9765,9.95,13.18,3.71,0.343,0.797,0.183,0
SHOP_0618,2025-01,34,103199,71732,31467,30.49,13.25,2.344,0.214,0.185,0.425,1
SHOP_0619,2025-01,18,50603,34148,16455,32.52,19.15,2.89,0.432,0.168,0.403,1
SHOP_0620,2025-01,30,16198,10335,5863,36.19,0.56,3.494,0.347,0.631,0.278,0
SHOP_0621,2025-01,15,157630,153060,4570,2.9,5.33,3.002,0.004,0.829,0.693,0
SHOP_0622,2025-01,27,52303,24635,27668,52.9,18.59,4.406,0.308,0.85,0.617,1
SHOP_0623,2025-01,34,39977,38233,1744,4.36,18.68,1.849,0.047,0.619,0.525,0
SHOP_0624,2025-01,33,118828,107442,11386,9.58,14.55,1.569,0.39,0.509,0.376,0
SHOP_0625,2025-01,24,55581,54057,1524,2.74,15.43,1.148,0.496,0.328,0.323,1
SHOP_0626,2025-01,15,153577,104366,49211,32.04,2.28,0.285,0.266,0.931,0.129,1
SHOP_0627,2025-01,30,112635,54729,57906,51.41,10.52,0.311,0.341,0.317,0.214,1
SHOP_0628,2025-01,17,118007,73996,44011,37.3,5.02,4.363,0.119,0.712,0.542,0
SHOP_0629,2025-01,5,28109,15291,12818,45.6,4.03,3.424,0.219,0.515,0.318,0
SHOP_0630,2025-01,29,170819,166200,4619,2.7,16.3,3.337,0.428,0.586,0.618,0
SHOP_0631,2025-01,4,87805,60825,26980,30.73,3.13,3.112,0.084,0.386,0.104,1
SHOP_0632,2025-01,10,56472,41588,14884,26.36,9.64,4.261,0.133,0.917,0.356,0
SHOP_0633,2025-01,17,80852,57853,22999,28.45,18.8,2.453,0.223,0.552,0.453,1
SHOP_0634,2025-01,10,21092,19863,1229,5.83,4.12,4.365,0.356,0.892,0.362,0
SHOP_0635,2025-01,17,97349,60089,37260,38.28,19.57,1.861,0.188,0.027,0.622,1
SHOP_0636,2025-01,20,35576,25376,10200,28.67,19.89,4.641,0.464,0.553,0.693,0
SHOP_0637,2025-01,24,28371,16298,12073,42.55,11.33,3.523,0.047,0.687,0.081,1
SHOP_0638,2025-01,5,25194,18210,6984,27.72,3.82,1.36,0.185,0.713,0.091,1
SHOP_0639,2025-01,34,159354,143551,15803,9.92,6.66,2.864,0.354,0.862,0.091,1
SHOP_0640,2025-01,6,47076,29960,17116,36.36,8.78,2.712,0.113,0.024,0.477,0
SHOP_0641,2025-01,2,213974,190145,23829,11.14,6.53,0.776,0.328,0.02,0.261,0
SHOP_0642,2025-01,13,50259,26016,24243,48.24,5.97,2.997,0.082,0.459,0.513,0
SHOP_0643,2025-01,11,22134,14499,7635,34.5,19.46,1.642,0.028,0.047,0.284,1
SHOP_0644,2025-01,23,33471,30013,3458,10.33,3.49,0.357,0.061,0.926,0.439,1
SHOP_0645,2025-01,16,173697,81631,92066,53.0,14.8,4.748,0.465,0.227,0.539,0
SHOP_0646,2025-01,31,65570,46244,19326,29.47,0.51,3.243,0.276,0.46,0.384,0
SHOP_0647,2025-01,11,49821,46900,2921,5.86,12.13,4.397,0.398,0.077,0.378,0
SHOP_0648,2025-01,16,81798,52987,28811,35.22,18.36,3.413,0.166,0.506,0.062,1
SHOP_0649,2025-01,8,103907,87885,16022,15.42,6.11,1.849,0.296,0.373,0.288,1
SHOP_0650,2025-01,4,159880,88580,71300,44.6,4.12,2.612,0.247,0.062,0.382,0
SHOP_0651,2025-01,4,201582,110176,91406,45.34,13.21,3.411,0.473,0.332,0.323,0
SHOP_0652,2025-01,25,56849,26216,30633,53.88,14.4,4.805,0.374,0.384,0.631,0
SHOP_0653,2025-01,3,28905,20638,8267,28.6,13.92,1.343,0.365,0.941,0.635,1
SHOP_0654,2025-01,32,54752,40455,14297,26.11,6.73,4.387,0.023,0.213,0.575,1
SHOP_0655,2025-01,3,87746,50950,36796,41.93,5.42,4.628,0.275,0.527,0.263,1
SHOP_0656,2025-01,27,37249,33889,3360,9.02,19.14,3.385,0.233,0.938,0.502,0
SHOP_0657,2025-01,29,37421,25826,11595,30.99,18.5,4.663,0.464,0.757,0.277,1
SHOP_0658,2025-01,32,93028,64235,28793,30.95,9.42,2.05,0.129,0.944,0.163,1
SHOP_0659,2025-01,19,70682,65917,4765,6.74,17.0,4.77,0.135,0.921,0.24,0
SHOP_0660,2025-01,21,74829,56755,18074,24.15,9.32,3.544,0.206,0.475,0.05,1
SHOP_0661,2025-01,5,43004,22696,20308,47.22,8.78,0.306,0.122,0.668,0.232,1
SHOP_0662,2025-01,18,62238,32752,29486,47.38,3.56,4.544,0.065,0.123,0.323,1
SHOP_0663,2025-01,28,38294,35514,2780,7.26,8.81,2.474,0.429,0.43,0.669,0
SHOP_0664,2025-01,22,136372,127088,9284,6.81,10.98,2.356,0.279,0.772,0.219,0
SHOP_0665,2025-01,21,150946,126911,24035,15.92,0.94,2.876,0.431,0.49,0.632,0
SHOP_0666,2025-01,6,20084,10371,9713,48.36,9.16,0.832,0.416,0.674,0.16,1
SHOP_0667,2025-01,1,38152,34782,3370,8.83,15.74,2.399,0.141,0.714,0.134,0
SHOP_0668,2025-01,5,25653,15351,10302,40.16,13.76,4.173,0.274,0.256,0.363,0
SHOP_0669,2025-01,12,46397,42981,3416,7.36,12.89,0.176,0.042,0.834,0.471,0
SHOP_0670,2025-01,26,68981,44820,24161,35.03,18.24,1.437,0.458,0.448,0.031,1
SHOP_0671,2025-01,34,26509,20976,5533,20.87,0.85,0.112,0.202,0.215,0.155,0
SHOP_0672,2025-01,14,38357,21552,16805,43.81,11.36,2.137,0.197,0.825,0.319,1
SHOP_0673,2025-01,26,36215,31005,5210,14.39,15.85,3.669,0.151,0.409,0.232,1
SHOP_0674,2025-01,27,84549,54215,30334,35.88,11.06,4.014,0.23,0.718,0.499,1
SHOP_0675,2025-01,9,76768,65643,11125,14.49,6.82,4.731,0.126,0.53,0.358,0
SHOP_0676,2025-01,26,44125,26553,17572,39.82,3.16,3.082,0.187,0.375,0.112,1
SHOP_0677,2025-01,22,82766,42786,39980,48.3,17.81,1.348,0.4,0.773,0.626,1
SHOP_0678,2025-01,30,49877,45527,4350,8.72,9.68,4.628,0.417,0.564,0.205,0
SHOP_0679,2025-01,17,60466,31485,28981,47.93,17.62,3.899,0.152,0.383,0.512,1
SHOP_0680,2025-01,26,235960,157009,78951,33.46,11.92,2.915,0.235,0.122,0.546,0
SHOP_0681,2025-01,36,186899,170570,16329,8.74,13.65,3.509,0.437,0.853,0.674,0
SHOP_0682,2025-01,1,29445,22184,7261,24.66,16.18,4.629,0.026,0.053,0.349,0
SHOP_0683,2025-01,8,130720,116961,13759,10.53,13.35,3.591,0.445,0.823,0.431,0
SHOP_0684,2025-01,35,129053,78569,50484,39.12,8.26,1.905,0.11,0.355,0.234,1
SHOP_0685,2025-01,15,32736,18915,13821,42.22,10.52,3.594,0.339,0.615,0.475,0
SHOP_0686,2025-01,22,129721,119853,9868,7.61,16.16,0.297,0.291,0.878,0.324,1
SHOP_0687,2025-01,14,214605,152744,61861,28.83,7.79,1.993,0.276,0.161,0.306,0
SHOP_0688,2025-01,26,33330,18273,15057,45.18,8.07,2.091,0.43,0.547,0.599,0
SHOP_0689,2025-01,28,38474,18615,19859,51.62,2.37,0.918,0.051,0.731,0.035,1
SHOP_0690,2025-01,23,149099,105538,43561,29.22,18.33,0.213,0.174,0.725,0.617,1
SHOP_0691,2025-01,14,88437,42127,46310,52.36,2.28,0.754,0.269,0.509,0.596,1
SHOP_0692,2025-01,24,107585,74888,32697,30.39,13.14,3.308,0.406,0.601,0.354,1
SHOP_0693,2025-01,2,92820,71572,21248,22.89,8.56,4.031,0.108,0.725,0.343,0
SHOP_0694,2025-01,26,96133,50994,45139,46.95,8.41,4.942,0.401,0.802,0.253,1
SHOP_0695,2025-01,14,28896,20768,8128,28.13,13.75,1.797,0.2,0.728,0.696,0
SHOP_0696,2025-01,7,152226,111108,41118,27.01,1.81,3.037,0.094,0.349,0.078,0
SHOP_0697,2025-01,3,165829,119419,46410,27.99,12.08,4.692,0.379,0.947,0.413,0
SHOP_0698,2025-01,23,62282,33084,29198,46.88,15.55,0.919,0.045,0.424,0.477,0
SHOP_0699,2025-01,18,70938,38241,32697,46.09,16.65,3.616,0.257,0.043,0.654,0
SHOP_0700,2025-01,35,25040,19184,5856,23.39,3.83,3.799,0.032,0.357,0.546,1
SHOP_0701,2025-01,15,104818,84206,20612,19.66,18.0,0.536,0.178,0.139,0.451,0
SHOP_0702,2025-01,25,109146,78506,30640,28.07,13.29,4.32,0.301,0.133,0.082,1
SHOP_0703,2025-01,28,70015,47360,22655,32.36,17.7,4.084,0.278,0.282,0.262,1
SHOP_0704,2025-01,10,160660,137152,23508,14.63,9.96,0.264,0.202,0.07,0.097,0
SHOP_0705,2025-01,17,57881,32367,25514,44.08,11.07,0.546,0.215,0.66,0.617,1
SHOP_0706,2025-01,22,108578,78411,30167,27.78,18.42,0.341,0.113,0.089,0.525,0
SHOP_0707,2025-01,26,35819,28761,7058,19.7,18.05,1.74,0.228,0.209,0.53,0
SHOP_0708,2025-01,25,71935,66424,5511,7.66,9.24,2.596,0.477,0.106,0.457,0
SHOP_0709,2025-01,17,64728,55240,9488,14.66,5.85,2.709,0.425,0.079,0.355,0
SHOP_0710,2025-01,13,85624,40832,44792,52.31,8.17,1.412,0.073,0.269,0.105,1
SHOP_0711,2025-01,20,56462,46203,10259,18.17,8.06,4.567,0.015,0.552,0.231,1
SHOP_0712,2025-01,25,66701,59398,7303,10.95,6.09,1.904,0.467,0.917,0.096,1
SHOP_0713,2025-01,4,130383,95941,34442,26.42,5.74,0.323,0.263,0.834,0.507,1
SHOP_0714,2025-01,10,53867,44022,9845,18.28,17.29,1.571,0.269,0.835,0.112,1
SHOP_0715,2025-01,3,23751,22833,918,3.86,1.86,2.702,0.39,0.184,0.491,0
SHOP_0716,2025-01,18,248876,201274,47602,19.13,13.71,2.1,0.157,0.266,0.485,0
SHOP_0717,2025-01,36,192340,133027,59313,30.84,3.87,1.442,0.241,0.091,0.322,1
SHOP_0718,2025-01,22,29597,20351,9246,31.24,7.22,0.743,0.484,0.744,0.095,1
SHOP_0719,2025-01,34,118515,93748,24767,20.9,1.7,4.114,0.336,0.085,0.22,1
SHOP_0720,2025-01,8,51427,38207,13220,25.71,5.76,4.981,0.077,0.538,0.224,0
SHOP_0721,2025-01,19,87943,41182,46761,53.17,15.48,1.715,0.067,0.251,0.49,0
SHOP_0722,2025-01,6,89855,70087,19768,22.0,17.76,1.97,0.102,0.246,0.08,1
SHOP_0723,2025-01,26,62064,52329,9735,15.69,4.82,3.128,0.383,0.941,0.58,0
SHOP_0724,2025-01,34,42250,35953,6297,14.9,9.54,3.62,0.148,0.724,0.533,1
SHOP_0725,2025-01,6,45099,33255,11844,26.26,9.67,2.021,0.011,0.798,0.13,1
SHOP_0726,2025-01,33,38510,22238,16272,42.25,17.53,4.534,0.472,0.552,0.503,0
SHOP_0727,2025-01,22,40853,35576,5277,12.92,15.37,2.844,0.085,0.83,0.468,0
SHOP_0728,2025-01,21,69771,42147,27624,39.59,10.51,2.307,0.005,0.62,0.524,1
SHOP_0729,2025-01,6,44310,42927,1383,3.12,13.58,3.269,0.119,0.9,0.132,0
SHOP_0730,2025-01,6,117882,89350,28532,24.2,17.02,4.769,0.118,0.282,0.11,0
SHOP_0731,2025-01,4,207124,117810,89314,43.12,0.69,3.993,0.211,0.574,0.166,1
SHOP_0732,2025-01,30,48726,39004,9722,19.95,8.36,0.296,0.46,0.662,0.256,1
SHOP_0733,2025-01,11,86473,58907,27566,31.88,18.19,1.728,0.44,0.385,0.556,0
SHOP_0734,2025-01,30,103754,90407,13347,12.86,14.94,2.406,0.228,0.838,0.517,0
SHOP_0735,2025-01,31,101763,59709,42054,41.33,11.09,1.641,0.205,0.931,0.648,1
SHOP_0736,2025-01,24,77124,73445,3679,4.77,10.83,3.531,0.278,0.479,0.041,0
SHOP_0737,2025-01,9,122992,64959,58033,47.18,7.28,4.149,0.122,0.383,0.008,1
SHOP_0738,2025-01,3,102496,89679,12817,12.5,10.65,3.684,0.026,0.459,0.489,0
SHOP_0739,2025-01,31,30750,15884,14866,48.34,13.28,4.948,0.47,0.813,0.196,1
SHOP_0740,2025-01,36,134378,106583,27795,20.68,8.66,1.435,0.093,0.62,0.234,1
SHOP_0741,2025-01,24,136094,81245,54849,40.3,14.43,4.387,0.099,0.062,0.383,1
SHOP_0742,2025-01,31,42860,34751,8109,18.92,17.29,3.856,0.236,0.524,0.072,1
SHOP_0743,2025-01,6,75099,37539,37560,50.01,3.52,1.875,0.246,0.036,0.45,0
SHOP_0744,2025-01,2,117987,107708,10279,8.71,9.31,3.697,0.009,0.744,0.228,1
SHOP_0745,2025-01,20,63163,55924,7239,11.46,8.46,0.61,0.074,0.325,0.443,1
SHOP_0746,2025-01,28,154985,111387,43598,28.13,13.91,3.968,0.189,0.459,0.584,0
SHOP_0747,2025-01,11,382587,358321,24266,6.34,5.37,2.708,0.342,0.763,0.12,0
SHOP_0748,2025-01,4,42185,36960,5225,12.39,12.98,1.532,0.114,0.063,0.652,0
SHOP_0749,2025-01,15,27813,13345,14468,52.02,17.61,3.313,0.212,0.167,0.371,0
SHOP_0750,2025-01,6,90461,41835,48626,53.75,8.65,3.244,0.279,0.39,0.646,0
SHOP_0751,2025-01,30,121187,94596,26591,21.94,18.26,1.126,0.444,0.234,0.145,1
SHOP_0752,2025-01,2,62218,30528,31690,50.93,19.87,0.249,0.163,0.334,0.423,0
SHOP_0753,2025-01,15,202255,139807,62448,30.88,2.57,2.225,0.067,0.948,0.283,1
SHOP_0754,2025-01,11,28652,23983,4669,16.3,5.04,2.891,0.245,0.788,0.542,1
SHOP_0755,2025-01,8,118782,72187,46595,39.23,19.03,4.395,0.373,0.842,0.424,1
SHOP_0756,2025-01,26,47853,30185,17668,36.92,19.19,4.648,0.055,0.891,0.346,1
SHOP_0757,2025-01,5,243669,111055,132614,54.42,2.41,2.691,0.212,0.337,0.639,0
SHOP_0758,2025-01,6,295009,247667,47342,16.05,0.79,3.794,0.009,0.296,0.264,0
SHOP_0759,2025-01,26,42759,26673,16086,37.62,3.64,2.253,0.017,0.238,0.154,1
SHOP_0760,2025-01,4,49777,47409,2368,4.76,19.92,3.756,0.241,0.792,0.426,0
SHOP_0761,2025-01,19,133481,122771,10710,8.02,4.01,1.104,0.149,0.652,0.437,1
SHOP_0762,2025-01,20,55771,54540,1231,2.21,10.3,1.918,0.423,0.24,0.307,0
SHOP_0763,2025-01,33,70842,31899,38943,54.97,17.04,3.208,0.301,0.371,0.341,1
SHOP_0764,2025-01,20,74442,41300,33142,44.52,0.9,0.189,0.227,0.491,0.672,0
SHOP_0765,2025-01,12,19077,10741,8336,43.7,12.29,3.64,0.204,0.511,0.513,0
SHOP_0766,2025-01,1,72425,51411,21014,29.02,5.9,4.194,0.249,0.847,0.077,1
SHOP_0767,2025-01,26,45125,37046,8079,17.9,17.32,2.056,0.02,0.374,0.148,0
SHOP_0768,2025-01,14,51783,46596,5187,10.02,6.03,2.295,0.446,0.865,0.683,0
SHOP_0769,2025-01,11,200896,166567,34329,17.09,13.89,4.271,0.499,0.43,0.509,0
SHOP_0770,2025-01,36,30347,23693,6654,21.93,13.65,3.901,0.091,0.714,0.641,0
SHOP_0771,2025-01,13,129216,74836,54380,42.08,4.82,1.512,0.06,0.885,0.213,1
SHOP_0772,2025-01,3,60158,41748,18410,30.6,1.18,1.687,0.072,0.864,0.519,0
SHOP_0773,2025-01,33,60124,56452,3672,6.11,8.48,3.427,0.331,0.073,0.5,0
SHOP_0774,2025-01,6,127167,123409,3758,2.96,6.14,2.86,0.331,0.211,0.206,0
SHOP_0775,2025-01,10,92785,85897,6888,7.42,16.28,0.895,0.424,0.464,0.386,0
SHOP_0776,2025-01,5,109036,83133,25903,23.76,16.11,1.619,0.376,0.421,0.439,0
SHOP_0777,2025-01,23,144023,69910,74113,51.46,9.41,4.51,0.225,0.616,0.337,1
SHOP_0778,2025-01,10,57993,37242,20751,35.78,12.33,3.472,0.306,0.899,0.579,1
SHOP_0779,2025-01,2,47640,26442,21198,44.5,12.28,4.931,0.344,0.125,0.583,1
SHOP_0780,2025-01,13,34214,25073,9141,26.72,16.63,3.858,0.256,0.44,0.595,0
SHOP_0781,2025-01,2,41036,32349,8687,21.17,8.79,4.716,0.238,0.199,0.562,0
SHOP_0782,2025-01,20,576290,531655,44635,7.75,5.87,1.159,0.323,0.852,0.342,1
SHOP_0783,2025-01,1,174779,90143,84636,48.42,5.67,3.88,0.279,0.917,0.267,1
SHOP_0784,2025-01,9,28403,16046,12357,43.51,10.96,0.199,0.322,0.465,0.582,0
SHOP_0785,2025-01,17,28978,25816,3162,10.91,9.26,3.387,0.306,0.117,0.343,0
SHOP_0786,2025-01,9,102468,72599,29869,29.15,9.08,2.399,0.36,0.75,0.172,1
SHOP_0787,2025-01,11,107268,77414,29854,27.83,2.28,1.799,0.321,0.668,0.355,0
SHOP_0788,2025-01,15,107390,69664,37726,35.13,14.51,4.326,0.26,0.35,0.099,0
SHOP_0789,2025-01,24,61177,29274,31903,52.15,4.67,4.286,0.341,0.845,0.484,1
SHOP_0790,2025-01,35,66982,45060,21922,32.73,4.34,0.209,0.225,0.928,0.235,1
SHOP_0791,2025-01,30,91997,63817,28180,30.63,8.55,3.087,0.121,0.539,0.182,0
SHOP_0792,2025-01,31,77662,74037,3625,4.67,4.94,1.902,0.001,0.546,0.67,0
SHOP_0793,2025-01,5,15467,14642,825,5.33,11.89,2.137,0.28,0.297,0.544,0
SHOP_0794,2025-01,14,62264,54836,7428,11.93,7.74,4.177,0.295,0.564,0.551,0
SHOP_0795,2025-01,11,40296,38797,1499,3.72,9.25,1.618,0.486,0.429,0.437,0
SHOP_0796,2025-01,9,82673,48448,34225,41.4,10.97,4.721,0.181,0.301,0.587,0
SHOP_0797,2025-01,34,591065,352650,238415,40.34,4.47,0.98,0.197,0.082,0.531,1
SHOP_0798,2025-01,12,94583,85871,8712,9.21,3.54,3.347,0.101,0.255,0.419,0
SHOP_0799,2025-01,35,58720,31525,27195,46.31,17.67,3.393,0.035,0.204,0.673,1
SHOP_0800,2025-01,35,139422,125196,14226,10.2,8.96,1.336,0.386,0.524,0.134,1
SHOP_0801,2025-01,1,102527,84111,18416,17.96,8.54,1.691,0.125,0.58,0.66,0
SHOP_0802,2025-01,22,98132,83220,14912,15.2,1.19,4.191,0.304,0.586,0.281,0
SHOP_0803,2025-01,29,111837,87532,24305,21.73,10.21,3.833,0.344,0.381,0.37,1
SHOP_0804,2025-01,8,308532,260718,47814,15.5,11.31,1.713,0.236,0.412,0.086,0
SHOP_0805,2025-01,11,33136,23886,9250,27.91,11.4,2.716,0.438,0.796,0.378,1
SHOP_0806,2025-01,14,101879,77843,24036,23.59,14.29,0.402,0.222,0.463,0.428,0
SHOP_0807,2025-01,30,38236,17478,20758,54.29,3.96,1.123,0.142,0.939,0.698,1
SHOP_0808,2025-01,35,107889,102533,5356,4.96,5.42,2.481,0.448,0.429,0.683,0
SHOP_0809,2025-01,21,38443,34777,3666,9.54,16.31,0.521,0.431,0.624,0.676,0
SHOP_0810,2025-01,5,54603,51982,2621,4.8,18.97,4.232,0.082,0.067,0.244,0
SHOP_0811,2025-01,19,59482,38562,20920,35.17,3.15,3.618,0.013,0.628,0.694,0
SHOP_0812,2025-01,14,144795,137716,7079,4.89,10.2,4.724,0.045,0.812,0.319,1
SHOP_0813,2025-01,26,139096,74651,64445,46.33,4.68,3.498,0.143,0.896,0.596,1
SHOP_0814,2025-01,4,30577,21669,8908,29.13,1.67,4.708,0.486,0.948,0.151,0
SHOP_0815,2025-01,25,75997,53250,22747,29.93,6.85,2.817,0.279,0.282,0.354,0
SHOP_0816,2025-01,25,44502,30366,14136,31.76,3.3,3.041,0.187,0.555,0.676,1
SHOP_0817,2025-01,18,30304,26954,3350,11.05,14.34,4.887,0.444,0.439,0.663,0
SHOP_0818,2025-01,8,62824,54985,7839,12.48,10.91,3.246,0.227,0.544,0.479,0
SHOP_0819,2025-01,14,58927,47791,11136,18.9,3.3,0.251,0.158,0.166,0.558,0
SHOP_0820,2025-01,32,399793,266041,133752,33.46,0.68,3.647,0.471,0.816,0.123,1
SHOP_0821,2025-01,33,99019,86012,13007,13.14,16.26,4.537,0.425,0.866,0.505,0
SHOP_0822,2025-01,23,27880,25603,2277,8.17,3.94,3.998,0.422,0.438,0.433,1
SHOP_0823,2025-01,15,49250,22943,26307,53.42,12.32,2.961,0.256,0.281,0.064,1
SHOP_0824,2025-01,33,149488,144757,4731,3.17,7.07,3.389,0.395,0.151,0.079,1
SHOP_0825,2025-01,25,315499,174966,140533,44.54,11.92,4.952,0.09,0.656,0.076,1
SHOP_0826,2025-01,17,24096,13550,10546,43.77,6.66,0.544,0.287,0.31,0.507,0
SHOP_0827,2025-01,33,19615,16133,3482,17.75,2.2,3.369,0.492,0.866,0.099,1
SHOP_0828,2025-01,2,270946,246051,24895,9.19,4.85,1.489,0.145,0.644,0.327,0
SHOP_0829,2025-01,14,96060,86725,9335,9.72,4.17,3.236,0.397,0.62,0.25,0
SHOP_0830,2025-01,6,39823,24306,15517,38.96,8.85,3.077,0.245,0.54,0.385,1
SHOP_0831,2025-01,6,106323,67974,38349,36.07,13.34,0.852,0.02,0.063,0.495,0
SHOP_0832,2025-01,3,11556,6531,5025,43.49,5.64,1.113,0.382,0.887,0.479,0
SHOP_0833,2025-01,7,73303,35415,37888,51.69,0.74,3.146,0.084,0.604,0.361,1
SHOP_0834,2025-01,8,91994,56418,35576,38.67,10.62,0.728,0.316,0.944,0.325,0
SHOP_0835,2025-01,15,139663,125333,14330,10.26,12.31,1.399,0.043,0.52,0.278,1
SHOP_0836,2025-01,29,35964,30604,5360,14.9,19.28,4.193,0.473,0.68,0.603,0
SHOP_0837,2025-01,33,77651,41437,36214,46.64,11.99,1.703,0.146,0.072,0.232,1
SHOP_0838,2025-01,30,38262,33252,5010,13.09,9.69,2.491,0.113,0.608,0.182,1
SHOP_0839,2025-01,27,87445,82335,5110,5.84,11.68,4.712,0.065,0.731,0.52,1
SHOP_0840,2025-01,36,39076,23729,15347,39.27,18.59,1.213,0.473,0.744,0.252,1
SHOP_0841,2025-01,29,54958,42134,12824,23.33,16.65,2.009,0.356,0.736,0.593,0
SHOP_0842,2025-01,33,36422,17933,18489,50.76,6.8,3.072,0.371,0.23,0.23,1
SHOP_0843,2025-01,27,115358,73294,42064,36.46,5.13,3.801,0.25,0.927,0.491,1
SHOP_0844,2025-01,33,133374,124315,9059,6.79,5.62,4.518,0.237,0.946,0.032,1
SHOP_0845,2025-01,4,62054,29639,32415,52.24,10.34,4.586,0.055,0.09,0.27,1
SHOP_0846,2025-01,22,75114,63318,11796,15.7,15.01,3.906,0.28,0.891,0.24,0
SHOP_0847,2025-01,2,26529,21257,5272,19.87,10.31,1.219,0.123,0.289,0.572,0
SHOP_0848,2025-01,10,59292,45465,13827,23.32,1.82,0.222,0.489,0.661,0.677,0
SHOP_0849,2025-01,5,70605,67276,3329,4.71,14.61,1.98,0.398,0.334,0.323,1
SHOP_0850,2025-01,10,457968,328293,129675,28.32,16.22,0.794,0.206,0.92,0.577,1
SHOP_0851,2025-01,33,33578,30712,2866,8.54,6.15,3.581,0.076,0.114,0.49,0
SHOP_0852,2025-01,13,203806,156418,47388,23.25,13.45,3.34,0.393,0.483,0.677,0
SHOP_0853,2025-01,31,146943,116691,30252,20.59,8.82,0.315,0.061,0.418,0.568,0
SHOP_0854,2025-01,36,89005,50768,38237,42.96,17.84,4.199,0.095,0.323,0.054,1
SHOP_0855,2025-01,24,250455,138832,111623,44.57,16.98,1.319,0.106,0.62,0.499,1
SHOP_0856,2025-01,15,94890,85277,9613,10.13,10.75,2.218,0.278,0.142,0.375,0
SHOP_0857,2025-01,29,96030,75453,20577,21.43,13.98,3.373,0.394,0.686,0.012,0
SHOP_0858,2025-01,8,70461,55109,15352,21.79,17.73,2.204,0.157,0.932,0.176,0
SHOP_0859,2025-01,5,172215,154951,17264,10.02,10.17,2.262,0.042,0.768,0.645,0
SHOP_0860,2025-01,29,157555,87730,69825,44.32,6.61,0.422,0.232,0.82,0.648,1
SHOP_0861,2025-01,4,47194,28560,18634,39.48,15.2,2.067,0.374,0.354,0.559,0
SHOP_0862,2025-01,12,29043,25532,3511,12.09,4.79,3.848,0.111,0.322,0.687,0
SHOP_0863,2025-01,2,63444,49844,13600,21.44,8.08,4.584,0.11,0.501,0.565,0
SHOP_0864,2025-01,27,41772,38594,3178,7.61,17.38,2.126,0.474,0.063,0.007,1
SHOP_0865,2025-01,31,69950,45261,24689,35.29,14.63,2.176,0.477,0.899,0.201,0
SHOP_0866,2025-01,36,173895,159231,14664,8.43,8.37,3.543,0.495,0.154,0.021,1
SHOP_0867,2025-01,36,53098,24290,28808,54.25,4.69,4.72,0.404,0.86,0.066,1
SHOP_0868,2025-01,26,70971,40187,30784,43.38,7.44,1.409,0.094,0.098,0.153,1
SHOP_0869,2025-01,27,76162,58886,17276,22.68,6.04,2.257,0.106,0.785,0.352,1
SHOP_0870,2025-01,5,132442,89181,43261,32.66,3.93,4.0,0.17,0.161,0.593,0
SHOP_0871,2025-01,20,15172,7540,7632,50.3,14.99,3.087,0.159,0.055,0.603,1
SHOP_0872,2025-01,11,47825,32824,15001,31.37,5.42,0.642,0.478,0.689,0.431,0
SHOP_0873,2025-01,10,84787,75250,9537,11.25,9.36,3.176,0.395,0.281,0.65,0
SHOP_0874,2025-01,6,169406,132016,37390,22.07,8.02,1.015,0.362,0.684,0.35,0
SHOP_0875,2025-01,8,51827,27631,24196,46.69,19.65,2.6,0.093,0.536,0.622,1
SHOP_0876,2025-01,23,19661,12555,7106,36.14,8.13,2.693,0.455,0.121,0.318,0
SHOP_0877,2025-01,26,112848,71672,41176,36.49,2.06,4.393,0.414,0.887,0.194,1
SHOP_0878,2025-01,12,46875,24402,22473,47.94,2.25,2.366,0.082,0.441,0.641,1
SHOP_0879,2025-01,26,31800,16097,15703,49.38,12.02,1.469,0.436,0.703,0.272,1
SHOP_0880,2025-01,13,47238,23265,23973,50.75,12.19,1.232,0.136,0.486,0.352,0
SHOP_0881,2025-01,18,64269,59753,4516,7.03,8.67,4.384,0.04,0.582,0.23,0
SHOP_0882,2025-01,25,47891,33122,14769,30.84,8.92,0.938,0.328,0.302,0.464,1
SHOP_0883,2025-01,33,15617,9175,6442,41.25,1.55,2.187,0.327,0.206,0.697,1
SHOP_0884,2025-01,12,137029,79316,57713,42.12,10.57,1.017,0.047,0.525,0.018,1
SHOP_0885,2025-01,36,178512,117540,60972,34.16,10.34,3.889,0.159,0.429,0.63,0
SHOP_0886,2025-01,4,115389,102881,12508,10.84,3.42,2.424,0.496,0.383,0.003,0
SHOP_0887,2025-01,5,32979,18381,14598,44.26,2.52,1.821,0.339,0.645,0.255,1
SHOP_0888,2025-01,8,63510,38001,25509,40.17,2.91,1.869,0.365,0.662,0.118,1
SHOP_0889,2025-01,28,72797,68018,4779,6.57,2.47,4.276,0.106,0.063,0.53,0
SHOP_0890,2025-01,31,111208,81647,29561,26.58,12.39,2.813,0.039,0.335,0.035,1
SHOP_0891,2025-01,9,116756,103655,13101,11.22,4.33,3.618,0.138,0.403,0.387,1
SHOP_0892,2025-01,29,43743,35044,8699,19.89,5.4,4.495,0.124,0.11,0.206,1
SHOP_0893,2025-01,14,77451,75160,2291,2.96,3.88,4.519,0.117,0.239,0.094,0
SHOP_0894,2025-01,22,100720,77335,23385,23.22,19.18,1.71,0.096,0.068,0.54,1
SHOP_0895,2025-01,11,202618,139516,63102,31.14,17.17,4.767,0.287,0.947,0.152,1
SHOP_0896,2025-01,23,119749,78031,41718,34.84,4.99,0.222,0.164,0.705,0.157,1
SHOP_0897,2025-01,1,127050,79832,47218,37.16,6.89,1.946,0.41,0.101,0.193,0
SHOP_0898,2025-01,21,77550,41626,35924,46.32,4.59,4.489,0.092,0.039,0.411,0
SHOP_0899,2025-01,26,196285,169944,26341,13.42,10.09,1.446,0.232,0.689,0.462,0
SHOP_0900,2025-01,36,97425,89255,8170,8.39,0.88,1.438,0.007,0.428,0.012,1
SHOP_0901,2025-01,23,40024,21160,18864,47.13,13.59,1.583,0.241,0.752,0.169,1
SHOP_0902,2025-01,1,195313,175195,20118,10.3,10.7,3.1,0.028,0.879,0.302,0
SHOP_0903,2025-01,15,119197,55233,63964,53.66,18.02,2.248,0.489,0.577,0.232,0
SHOP_0904,2025-01,21,53630,28609,25021,46.65,3.71,3.661,0.395,0.194,0.619,0
SHOP_0905,2025-01,9,52279,37355,14924,28.55,16.18,4.485,0.245,0.747,0.551,0
SHOP_0906,2025-01,9,90003,41388,48615,54.02,15.94,3.404,0.043,0.909,0.438,1
SHOP_0907,2025-01,10,101137,93895,7242,7.16,2.98,1.102,0.296,0.56,0.237,0
SHOP_0908,2025-01,26,83961,68796,15165,18.06,8.27,4.67,0.379,0.654,0.49,0
SHOP_0909,2025-01,35,90936,58357,32579,35.83,3.82,1.396,0.095,0.334,0.591,1
SHOP_0910,2025-01,25,240379,190980,49399,20.55,5.47,0.834,0.284,0.375,0.416,0
SHOP_0911,2025-01,26,154830,75551,79279,51.2,5.63,0.541,0.407,0.703,0.549,1
SHOP_0912,2025-01,11,83570,78992,4578,5.48,11.35,2.861,0.384,0.883,0.524,0
SHOP_0913,2025-01,2,141339,97356,43983,31.12,8.52,0.657,0.401,0.605,0.4,0
SHOP_0914,2025-01,7,35498,23672,11826,33.32,18.98,0.78,0.44,0.755,0.219,0
SHOP_0915,2025-01,18,96621,61263,35358,36.59,2.96,1.57,0.469,0.18,0.522,1
SHOP_0916,2025-01,27,259501,219148,40353,15.55,19.49,1.48,0.203,0.217,0.145,1
SHOP_0917,2025-01,34,62778,49392,13386,21.32,5.0,3.061,0.284,0.515,0.546,0
SHOP_0918,2025-01,27,40403,21529,18874,46.72,15.57,4.102,0.395,0.184,0.563,1
SHOP_0919,2025-01,17,46330,40617,5713,12.33,7.11,3.831,0.349,0.611,0.576,0
SHOP_0920,2025-01,24,34107,18478,15629,45.82,3.29,1.386,0.498,0.291,0.331,1
SHOP_0921,2025-01,25,42221,28786,13435,31.82,17.23,1.302,0.007,0.756,0.135,1
SHOP_0922,2025-01,7,56424,32503,23921,42.4,6.52,4.832,0.178,0.772,0.07,1
SHOP_0923,2025-01,6,27340,16453,10887,39.82,13.35,0.14,0.141,0.451,0.52,0
SHOP_0924,2025-01,24,73934,64324,9610,13.0,11.55,4.411,0.131,0.188,0.62,0
SHOP_0925,2025-01,33,137530,93318,44212,32.15,9.7,1.079,0.111,0.622,0.456,0
SHOP_0926,2025-01,29,38738,20148,18590,47.99,10.17,4.742,0.355,0.943,0.101,1
SHOP_0927,2025-01,22,211821,159073,52748,24.9,14.78,1.777,0.042,0.599,0.654,1
SHOP_0928,2025-01,26,104564,48905,55659,53.23,2.21,2.258,0.371,0.053,0.692,1
SHOP_0929,2025-01,28,150453,111384,39069,25.97,13.53,3.565,0.347,0.036,0.303,1
SHOP_0930,2025-01,21,46144,41729,4415,9.57,17.97,2.98,0.125,0.318,0.416,0
SHOP_0931,2025-01,7,133008,102895,30113,22.64,1.63,1.658,0.126,0.202,0.544,0
SHOP_0932,2025-01,17,34052,16195,17857,52.44,3.24,2.814,0.314,0.776,0.515,1
SHOP_0933,2025-01,20,136376,110539,25837,18.95,14.47,3.68,0.381,0.806,0.677,1
SHOP_0934,2025-01,20,82478,42881,39597,48.01,9.03,0.307,0.438,0.261,0.08,1
SHOP_0935,2025-01,22,107718,55253,52465,48.71,8.37,0.155,0.426,0.323,0.407,1
SHOP_0936,2025-01,28,32115,25512,6603,20.56,3.17,2.345,0.482,0.24,0.484,0
SHOP_0937,2025-01,7,39083,36577,2506,6.41,10.38,0.746,0.291,0.865,0.623,0
SHOP_0938,2025-01,1,111086,66206,44880,40.4,2.97,3.355,0.454,0.487,0.612,0
SHOP_0939,2025-01,32,37653,30683,6970,18.51,9.79,1.149,0.404,0.63,0.685,1
SHOP_0940,2025-01,13,101138,57148,43990,43.49,15.39,2.221,0.447,0.406,0.358,0
SHOP_0941,2025-01,30,28085,20934,7151,25.46,5.54,1.069,0.006,0.607,0.582,0
SHOP_0942,2025-01,23,132418,95713,36705,27.72,9.88,2.788,0.483,0.379,0.299,0
SHOP_0943,2025-01,19,30861,17520,13341,43.23,19.84,0.669,0.237,0.336,0.296,0
SHOP_0944,2025-01,32,107647,83679,23968,22.27,13.89,0.213,0.399,0.61,0.177,1
SHOP_0945,2025-01,30,113317,84437,28880,25.49,16.91,0.351,0.064,0.57,0.573,0
SHOP_0946,2025-01,29,44903,35052,9851,21.94,8.59,4.776,0.198,0.293,0.69,1
SHOP_0947,2025-01,29,109910,86313,23597,21.47,15.47,0.797,0.136,0.159,0.179,1
SHOP_0948,2025-01,30,87755,61538,26217,29.88,1.29,3.572,0.146,0.363,0.039,0
SHOP_0949,2025-01,16,50152,27651,22501,44.87,2.9,0.433,0.062,0.406,0.571,0
SHOP_0950,2025-01,19,36099,28455,7644,21.17,4.46,0.63,0.403,0.605,0.434,0
SHOP_0951,2025-01,18,18512,12998,5514,29.79,8.34,2.593,0.005,0.871,0.672,0
SHOP_0952,2025-01,1,93410,58336,35074,37.55,16.99,2.378,0.156,0.054,0.177,0
SHOP_0953,2025-01,14,24456,20474,3982,16.28,7.25,4.763,0.087,0.247,0.05,0
SHOP_0954,2025-01,2,78178,65115,13063,16.71,13.27,4.73,0.295,0.2,0.345,0
SHOP_0955,2025-01,28,60815,29513,31302,51.47,14.33,3.92,0.127,0.487,0.06,1
SHOP_0956,2025-01,30,117642,70177,47465,40.35,11.93,3.05,0.129,0.42,0.183,1
SHOP_0957,2025-01,4,59194,39902,19292,32.59,7.47,2.329,0.244,0.698,0.088,1
SHOP_0958,2025-01,1,58069,36973,21096,36.33,11.75,1.845,0.326,0.245,0.157,0
SHOP_0959,2025-01,8,122065,117728,4337,3.55,7.17,4.741,0.061,0.573,0.074,0
SHOP_0960,2025-01,29,92461,60322,32139,34.76,2.14,3.054,0.088,0.842,0.668,1
SHOP_0961,2025-01,3,91246,64781,26465,29.0,19.86,2.937,0.124,0.867,0.195,1
SHOP_0962,2025-01,32,101568,70158,31410,30.92,2.98,1.236,0.487,0.912,0.311,1
SHOP_0963,2025-01,10,24962,19708,5254,21.05,1.91,0.329,0.199,0.739,0.629,0
SHOP_0964,2025-01,10,124213,116365,7848,6.32,17.63,4.731,0.299,0.863,0.474,0
SHOP_0965,2025-01,19,112277,98526,13751,12.25,6.39,1.637,0.121,0.238,0.433,0
SHOP_0966,2025-01,34,35894,17089,18805,52.39,13.18,2.269,0.245,0.204,0.494,0
SHOP_0967,2025-01,33,61645,47059,14586,23.66,6.92,0.662,0.037,0.026,0.58,0
SHOP_0968,2025-01,23,71146,52126,19020,26.73,8.13,4.201,0.017,0.677,0.614,0
SHOP_0969,2025-01,28,66560,63369,3191,4.79,5.61,0.235,0.234,0.892,0.45,0
SHOP_0970,2025-01,32,92383,88696,3687,3.99,7.19,4.187,0.199,0.194,0.623,0
SHOP_0971,2025-01,7,199179,119486,79693,40.01,8.51,0.787,0.068,0.612,0.375,1
SHOP_0972,2025-01,29,155942,108350,47592,30.52,14.55,4.444,0.344,0.714,0.194,1
SHOP_0973,2025-01,8,29186,20733,8453,28.96,10.47,3.676,0.496,0.883,0.616,0
SHOP_0974,2025-01,1,113035,96209,16826,14.89,18.9,0.907,0.198,0.622,0.379,0
SHOP_0975,2025-01,3,185397,108510,76887,41.47,1.32,2.873,0.312,0.922,0.634,0
SHOP_0976,2025-01,24,95872,85406,10466,10.92,10.31,1.632,0.481,0.341,0.028,0
SHOP_0977,2025-01,23,156951,138012,18939,12.07,11.89,0.973,0.416,0.345,0.278,1
SHOP_0978,2025-01,8,299117,220097,79020,26.42,18.44,4.31,0.232,0.525,0.663,1
SHOP_0979,2025-01,3,149731,124018,25713,17.17,1.46,2.077,0.369,0.377,0.175,0
SHOP_0980,2025-01,33,87074,73912,13162,15.12,11.68,2.053,0.064,0.021,0.659,1
SHOP_0981,2025-01,28,151989,96973,55016,36.2,17.15,0.932,0.256,0.701,0.668,1
SHOP_0982,2025-01,8,80937,51394,29543,36.5,5.22,1.977,0.14,0.719,0.617,0
SHOP_0983,2025-01,34,74364,40380,33984,45.7,17.59,4.371,0.081,0.715,0.395,1
SHOP_0984,2025-01,35,57183,43380,13803,24.14,0.87,1.879,0.213,0.341,0.453,1
SHOP_0985,2025-01,32,218467,205635,12832,5.87,14.78,4.763,0.066,0.506,0.609,0
SHOP_0986,2025-01,24,41237,34431,6806,16.5,18.7,4.737,0.349,0.355,0.543,0
SHOP_0987,2025-01,14,213770,98462,115308,53.94,13.32,0.81,0.228,0.035,0.441,0
SHOP_0988,2025-01,32,103767,68900,34867,33.6,9.06,0.969,0.266,0.543,0.688,0
SHOP_0989,2025-01,16,27460,16581,10879,39.62,1.38,4.327,0.073,0.135,0.48,0
SHOP_0990,2025-01,4,94594,92333,2261,2.39,18.44,2.025,0.07,0.094,0.683,0
SHOP_0991,2025-01,21,16814,11860,4954,29.46,9.67,0.121,0.292,0.723,0.04,1
SHOP_0992,2025-01,14,113307,108787,4520,3.99,1.07,1.442,0.493,0.029,0.097,0
SHOP_0993,2025-01,31,135898,92181,43717,32.17,13.95,3.028,0.048,0.912,0.316,1
SHOP_0994,2025-01,18,48308,23767,24541,50.8,9.9,4.016,0.143,0.499,0.269,1
SHOP_0995,2025-01,7,79737,37216,42521,53.33,2.92,0.754,0.435,0.934,0.548,1
SHOP_0996,2025-01,10,287193,199170,88023,30.65,4.68,0.642,0.036,0.074,0.112,0
SHOP_0997,2025-01,7,51327,37836,13491,26.28,1.76,4.618,0.438,0.563,0.683,0
SHOP_0998,2025-01,33,34848,16697,18151,52.09,11.7,3.781,0.262,0.345,0.221,1
SHOP_0999,2025-01,23,206316,128532,77784,37.7,12.63,2.99,0.204,0.804,0.3,0
SHOP_1000,2025-01,21,288893,273178,15715,5.44,10.36,3.869,0.155,0.356,0.192,0
SHOP_1001,2025-01,19,73320,53756,19564,26.68,16.43,2.201,0.149,0.262,0.406,1
SHOP_1002,2025-01,19,148453,126581,21872,14.73,17.29,3.816,0.153,0.818,0.041,1
SHOP_1003,2025-01,36,187032,136721,50311,26.9,12.5,1.922,0.442,0.368,0.105,1
SHOP_1004,2025-01,29,43489,32121,11368,26.14,0.75,1.296,0.362,0.036,0.522,0
SHOP_1005,2025-01,18,52067,34961,17106,32.85,14.06,3.672,0.335,0.383,0.131,1
SHOP_1006,2025-01,2,173098,136905,36193,20.91,8.65,2.156,0.399,0.629,0.165,0
SHOP_1007,2025-01,1,237877,212409,25468,10.71,11.53,4.909,0.129,0.257,0.555,0
SHOP_1008,2025-01,5,108447,77326,31121,28.7,13.16,1.812,0.309,0.422,0.065,0
SHOP_1009,2025-01,20,39503,21331,18172,46.0,7.33,4.616,0.23,0.073,0.306,1
SHOP_1010,2025-01,11,293885,184581,109304,37.19,18.38,4.672,0.391,0.567,0.016,1
SHOP_1011,2025-01,2,50429,40377,10052,19.93,3.11,1.285,0.155,0.723,0.243,0
SHOP_1012,2025-01,3,57838,28004,29834,51.58,13.59,4.011,0.322,0.404,0.489,1
SHOP_1013,2025-01,23,92933,46144,46789,50.35,0.59,2.222,0.441,0.411,0.063,1
SHOP_1014,2025-01,12,217056,188632,28424,13.1,18.53,4.596,0.201,0.102,0.622,0
SHOP_1015,2025-01,20,132957,127520,5437,4.09,2.69,2.306,0.033,0.208,0.637,0
SHOP_1016,2025-01,5,97773,57403,40370,41.29,2.35,3.747,0.258,0.164,0.073,1
SHOP_1017,2025-01,30,101144,54756,46388,45.86,6.99,2.388,0.173,0.468,0.694,0
SHOP_1018,2025-01,9,75392,35210,40182,53.3,7.78,1.216,0.336,0.512,0.208,1
SHOP_1019,2025-01,34,108088,54951,53137,49.16,4.68,1.077,0.476,0.903,0.059,1
SHOP_1020,2025-01,35,12448,8237,4211,33.83,11.91,2.185,0.243,0.088,0.004,1
SHOP_1021,2025-01,22,59419,41538,17881,30.09,9.14,3.802,0.233,0.578,0.286,0
SHOP_1022,2025-01,24,86589,83580,3009,3.48,1.17,3.065,0.327,0.51,0.441,1
SHOP_1023,2025-01,17,32673,27748,4925,15.07,6.73,3.474,0.052,0.5,0.233,0
SHOP_1024,2025-01,10,95839,70576,25263,26.36,16.3,1.483,0.127,0.832,0.586,0
SHOP_1025,2025-01,30,63378,40999,22379,35.31,13.95,2.459,0.459,0.211,0.502,1
SHOP_1026,2025-01,23,249904,171098,78806,31.53,14.63,0.318,0.335,0.058,0.245,0
SHOP_1027,2025-01,32,219941,128974,90967,41.36,14.11,4.106,0.007,0.645,0.514,1
SHOP_1028,2025-01,17,52783,43901,8882,16.83,6.56,4.95,0.102,0.341,0.658,0
SHOP_1029,2025-01,17,65803,44784,21019,31.94,2.44,2.094,0.341,0.036,0.065,1
SHOP_1030,2025-01,14,69441,64808,4633,6.67,5.81,0.154,0.382,0.254,0.214,0
SHOP_1031,2025-01,9,53308,40554,12754,23.92,16.72,0.932,0.42,0.308,0.324,1
SHOP_1032,2025-01,2,83828,48823,35005,41.76,19.62,3.297,0.146,0.594,0.349,0
SHOP_1033,2025-01,25,43011,26344,16667,38.75,10.13,3.099,0.466,0.181,0.38,0
SHOP_1034,2025-01,9,33142,15078,18064,54.5,0.69,3.961,0.276,0.404,0.21,0
SHOP_1035,2025-01,22,113085,94168,18917,16.73,3.23,1.344,0.348,0.469,0.467,1
SHOP_1036,2025-01,4,113626,81352,32274,28.4,6.78,3.842,0.298,0.447,0.452,0
SHOP_1037,2025-01,26,41647,33540,8107,19.47,11.78,3.471,0.061,0.926,0.404,1
SHOP_1038,2025-01,29,136865,102167,34698,25.35,1.96,1.682,0.482,0.062,0.08,0
SHOP_1039,2025-01,34,47000,24713,22287,47.42,18.9,2.773,0.061,0.904,0.334,1
SHOP_1040,2025-01,23,87310,53903,33407,38.26,7.62,0.822,0.127,0.561,0.249,1
SHOP_1041,2025-01,11,129864,66530,63334,48.77,18.3,2.318,0.407,0.76,0.344,0
SHOP_1042,2025-01,6,71430,62297,9133,12.79,15.72,4.418,0.309,0.42,0.645,0
SHOP_1043,2025-01,18,100541,51992,48549,48.29,15.23,2.164,0.419,0.442,0.336,1
SHOP_1044,2025-01,21,50945,48312,2633,5.17,12.33,4.214,0.258,0.838,0.01,1
SHOP_1045,2025-01,36,63734,32443,31291,49.1,12.72,2.992,0.188,0.853,0.307,0
SHOP_1046,2025-01,34,63316,51007,12309,19.44,12.94,1.04,0.461,0.242,0.574,0
SHOP_1047,2025-01,17,43364,35267,8097,18.67,12.76,2.947,0.018,0.205,0.546,0
SHOP_1048,2025-01,25,64619,45789,18830,29.14,11.3,2.579,0.428,0.481,0.359,0
SHOP_1049,2025-01,12,24735,11908,12827,51.86,19.74,2.053,0.115,0.857,0.175,1
SHOP_1050,2025-01,23,51854,49504,2350,4.53,14.78,0.686,0.424,0.32,0.326,0
SHOP_1051,2025-01,22,59909,47527,12382,20.67,15.65,2.142,0.07,0.626,0.395,1
SHOP_1052,2025-01,21,61125,32153,28972,47.4,17.51,0.457,0.29,0.679,0.7,0
SHOP_1053,2025-01,27,61756,47558,14198,22.99,4.7,0.584,0.444,0.744,0.451,0
SHOP_1054,2025-01,31,70036,61243,8793,12.56,2.13,2.138,0.237,0.544,0.486,1
SHOP_1055,2025-01,6,102294,77218,25076,24.51,9.92,1.596,0.373,0.394,0.344,0
SHOP_1056,2025-01,27,134883,104623,30260,22.43,10.52,4.635,0.402,0.919,0.248,1
SHOP_1057,2025-01,34,46405,22963,23442,50.52,16.67,1.941,0.368,0.589,0.569,0
SHOP_1058,2025-01,12,31501,18150,13351,42.38,9.15,3.814,0.463,0.698,0.346,1
SHOP_1059,2025-01,7,35262,25117,10145,28.77,11.63,2.698,0.223,0.341,0.696,0
SHOP_1060,2025-01,10,51998,23720,28278,54.38,10.78,3.55,0.087,0.643,0.32,0
SHOP_1061,2025-01,17,57163,41924,15239,26.66,1.24,1.375,0.024,0.26,0.048,1
SHOP_1062,2025-01,26,42659,40489,2170,5.09,12.5,4.715,0.123,0.248,0.478,0
SHOP_1063,2025-01,21,29517,24824,4693,15.9,16.65,2.697,0.072,0.685,0.033,1
SHOP_1064,2025-01,28,53142,39797,13345,25.11,3.57,4.173,0.279,0.505,0.175,1
SHOP_1065,2025-01,2,83033,74467,8566,10.32,12.09,1.889,0.092,0.655,0.248,0
SHOP_1066,2025-01,1,110915,52994,57921,52.22,12.08,0.591,0.019,0.271,0.518,1
SHOP_1067,2025-01,36,49504,28394,21110,42.64,3.7,3.401,0.018,0.577,0.346,1
SHOP_1068,2025-01,26,54770,45887,8883,16.22,2.91,0.138,0.416,0.433,0.02,1
SHOP_1069,2025-01,29,38228,25493,12735,33.31,19.61,2.429,0.296,0.575,0.432,1
SHOP_1070,2025-01,21,71539,42754,28785,40.24,8.18,1.045,0.179,0.291,0.288,0
SHOP_1071,2025-01,11,40380,19428,20952,51.89,4.93,3.174,0.447,0.685,0.645,0
SHOP_1072,2025-01,11,109228,56005,53223,48.73,3.84,4.899,0.035,0.77,0.35,1
SHOP_1073,2025-01,36,20950,14811,6139,29.31,13.52,2.376,0.49,0.262,0.496,1
SHOP_1074,2025-01,35,56855,32375,24480,43.06,12.38,4.106,0.308,0.3,0.153,1
SHOP_1075,2025-01,34,90289,61583,28706,31.79,13.05,2.588,0.092,0.635,0.533,1
SHOP_1076,2025-01,24,83174,57146,26028,31.29,2.22,2.53,0.34,0.667,0.505,1
SHOP_1077,2025-01,22,481723,442793,38930,8.08,17.92,4.659,0.382,0.675,0.633,0
SHOP_1078,2025-01,5,93420,85306,8114,8.69,8.09,4.461,0.215,0.655,0.024,0
SHOP_1079,2025-01,33,36213,25325,10888,30.07,6.61,3.95,0.431,0.385,0.313,1
SHOP_1080,2025-01,36,68403,57288,11115,16.25,9.52,1.552,0.075,0.387,0.475,1
SHOP_1081,2025-01,20,21092,20435,657,3.11,8.11,2.771,0.139,0.257,0.067,1
SHOP_1082,2025-01,19,69119,41257,27862,40.31,17.34,1.197,0.047,0.166,0.287,0
SHOP_1083,2025-01,35,40817,39298,1519,3.72,18.62,2.275,0.105,0.664,0.66,0
SHOP_1084,2025-01,17,138798,92232,46566,33.55,6.42,2.473,0.119,0.107,0.305,0
SHOP_1085,2025-01,34,49778,34557,15221,30.58,17.35,4.175,0.459,0.892,0.69,1
SHOP_1086,2025-01,9,67391,31440,35951,53.35,15.74,4.491,0.039,0.789,0.04,0
SHOP_1087,2025-01,26,46869,33903,12966,27.66,18.65,2.132,0.214,0.817,0.502,1
SHOP_1088,2025-01,2,247013,233746,13267,5.37,5.29,0.187,0.266,0.863,0.407,0
SHOP_1089,2025-01,9,58403,40158,18245,31.24,11.75,4.323,0.449,0.4,0.35,0
SHOP_1090,2025-01,9,263759,140905,122854,46.58,5.85,0.954,0.499,0.807,0.68,0
SHOP_1091,2025-01,17,129302,58402,70900,54.83,16.57,3.147,0.377,0.167,0.091,1
SHOP_1092,2025-01,1,102482,77058,25424,24.81,0.6,0.222,0.485,0.04,0.627,0
SHOP_1093,2025-01,25,94666,76702,17964,18.98,11.51,2.058,0.394,0.75,0.484,0
SHOP_1094,2025-01,25,96342,48120,48222,50.05,7.11,4.931,0.482,0.09,0.181,1
SHOP_1095,2025-01,35,18970,16668,2302,12.14,6.79,0.593,0.354,0.939,0.631,1
SHOP_1096,2025-01,3,60161,39335,20826,34.62,13.08,2.176,0.04,0.648,0.301,1
SHOP_1097,2025-01,30,132139,101083,31056,23.5,17.1,1.605,0.201,0.721,0.57,1
SHOP_1098,2025-01,34,70670,67718,2952,4.18,12.38,4.535,0.323,0.249,0.272,0
SHOP_1099,2025-01,12,27347,21766,5581,20.41,17.14,4.36,0.175,0.647,0.596,0
SHOP_1100,2025-01,19,70496,59176,11320,16.06,5.66,1.265,0.137,0.06,0.446,0
SHOP_1101,2025-01,17,241078,148594,92484,38.36,10.63,0.498,0.289,0.799,0.099,1
SHOP_1102,2025-01,10,175050,83524,91526,52.29,9.29,3.173,0.467,0.178,0.455,0
SHOP_1103,2025-01,12,70024,58676,11348,16.21,0.73,1.748,0.017,0.669,0.134,1
SHOP_1104,2025-01,16,142346,78279,64067,45.01,11.36,3.393,0.385,0.229,0.288,1
SHOP_1105,2025-01,24,56582,53790,2792,4.93,13.4,0.257,0.361,0.084,0.119,0
SHOP_1106,2025-01,19,22188,15416,6772,30.52,12.04,0.754,0.482,0.468,0.015,1
SHOP_1107,2025-01,8,38287,36090,2197,5.74,14.86,3.463,0.465,0.177,0.148,0
SHOP_1108,2025-01,31,218387,105910,112477,51.5,11.64,1.141,0.381,0.698,0.375,1
SHOP_1109,2025-01,21,60367,34641,25726,42.62,1.8,4.302,0.26,0.241,0.337,1
SHOP_1110,2025-01,17,61675,38935,22740,36.87,2.77,0.387,0.102,0.338,0.351,1
SHOP_1111,2025-01,23,59285,32212,27073,45.67,12.13,1.156,0.273,0.548,0.173,1
SHOP_1112,2025-01,16,277311,176596,100715,36.32,5.86,4.993,0.383,0.285,0.48,0
SHOP_1113,2025-01,6,228244,106467,121777,53.35,2.05,2.222,0.448,0.372,0.493,0
SHOP_1114,2025-01,8,345638,207937,137701,39.84,8.88,3.545,0.395,0.779,0.251,0
SHOP_1115,2025-01,25,65426,32054,33372,51.01,11.31,0.995,0.098,0.187,0.617,1
SHOP_1116,2025-01,18,89944,63493,26451,29.41,6.91,3.088,0.3,0.096,0.451,0
SHOP_1117,2025-01,25,25295,23220,2075,8.2,14.55,3.658,0.166,0.325,0.499,0
SHOP_1118,2025-01,12,205634,143957,61677,29.99,13.05,1.641,0.005,0.415,0.194,1
SHOP_1119,2025-01,15,32291,29474,2817,8.72,6.99,4.162,0.1,0.525,0.0,1
SHOP_1120,2025-01,26,85114,56684,28430,33.4,15.22,3.057,0.057,0.366,0.606,1
SHOP_1121,2025-01,26,33924,24570,9354,27.57,13.15,2.007,0.421,0.755,0.576,1
SHOP_1122,2025-01,32,48426,31479,16947,35.0,12.93,2.832,0.129,0.057,0.086,1
SHOP_1123,2025-01,10,40697,39666,1031,2.53,11.29,2.926,0.142,0.422,0.262,0
SHOP_1124,2025-01,16,47786,41896,5890,12.33,0.72,0.911,0.48,0.375,0.463,0
SHOP_1125,2025-01,7,50142,36082,14060,28.04,14.08,2.073,0.19,0.622,0.456,0
SHOP_1126,2025-01,17,49822,23727,26095,52.38,7.83,1.783,0.005,0.919,0.602,1
SHOP_1127,2025-01,23,131050,101785,29265,22.33,18.88,2.064,0.142,0.495,0.098,1
SHOP_1128,2025-01,26,33745,25480,8265,24.49,16.45,3.829,0.06,0.938,0.301,1
SHOP_1129,2025-01,21,85338,51306,34032,39.88,11.96,2.464,0.051,0.301,0.068,1
SHOP_1130,2025-01,22,171540,113215,58325,34.0,5.42,4.708,0.039,0.049,0.273,0
SHOP_1131,2025-01,7,51060,41949,9111,17.84,4.47,1.539,0.297,0.174,0.011,0
SHOP_1132,2025-01,14,44243,33725,10518,23.77,7.14,2.137,0.095,0.387,0.629,0
SHOP_1133,2025-01,15,62233,53808,8425,13.54,9.79,3.956,0.181,0.314,0.369,0
SHOP_1134,2025-01,7,167010,78162,88848,53.2,6.27,2.776,0.431,0.11,0.595,0
SHOP_1135,2025-01,9,83774,76298,7476,8.92,10.54,2.78,0.212,0.422,0.042,0
SHOP_1136,2025-01,8,50420,39475,10945,21.71,3.72,0.361,0.458,0.334,0.159,1
SHOP_1137,2025-01,23,102612,99155,3457,3.37,19.57,2.053,0.249,0.134,0.182,0
SHOP_1138,2025-01,29,33806,29156,4650,13.75,2.6,1.427,0.199,0.295,0.271,1
SHOP_1139,2025-01,18,117825,66730,51095,43.36,18.67,4.997,0.375,0.844,0.562,0
SHOP_1140,2025-01,31,97346,85020,12326,12.66,18.31,1.611,0.037,0.301,0.271,1
SHOP_1141,2025-01,30,58955,55274,3681,6.24,10.74,4.434,0.045,0.684,0.143,1
SHOP_1142,2025-01,35,40660,29622,11038,27.15,14.64,3.414,0.326,0.589,0.045,1
SHOP_1143,2025-01,18,39314,38320,994,2.53,9.0,1.77,0.243,0.417,0.056,1
SHOP_1144,2025-01,17,106337,99433,6904,6.49,12.79,2.763,0.395,0.242,0.532,0
SHOP_1145,2025-01,14,172868,95416,77452,44.8,7.14,4.219,0.458,0.363,0.311,1
SHOP_1146,2025-01,31,46812,26735,20077,42.89,6.37,4.429,0.194,0.571,0.508,0
SHOP_1147,2025-01,24,100798,49893,50905,50.5,11.78,0.886,0.298,0.346,0.478,1
SHOP_1148,2025-01,35,16968,8944,8024,47.29,10.21,1.764,0.25,0.22,0.095,1
SHOP_1149,2025-01,34,48570,30012,18558,38.21,11.8,1.743,0.491,0.128,0.1,1
SHOP_1150,2025-01,3,71558,68142,3416,4.77,6.09,0.306,0.416,0.838,0.529,1
SHOP_1151,2025-01,26,38686,21861,16825,43.49,7.66,3.031,0.456,0.429,0.505,0
SHOP_1152,2025-01,23,37966,20193,17773,46.81,2.14,4.289,0.127,0.601,0.265,1
SHOP_1153,2025-01,15,45824,25500,20324,44.35,1.52,1.97,0.386,0.476,0.054,1
SHOP_1154,2025-01,4,89728,63752,25976,28.95,5.44,3.726,0.133,0.831,0.008,1
SHOP_1155,2025-01,29,64143,54942,9201,14.34,1.95,3.176,0.104,0.529,0.202,1
SHOP_1156,2025-01,22,15264,8120,7144,46.8,2.52,1.941,0.472,0.467,0.006,1
SHOP_1157,2025-01,25,16573,9854,6719,40.54,16.35,0.791,0.01,0.88,0.161,1
SHOP_1158,2025-01,13,47820,22007,25813,53.98,1.26,3.576,0.483,0.689,0.294,1
SHOP_1159,2025-01,18,100748,90420,10328,10.25,13.35,4.287,0.075,0.124,0.085,0
SHOP_1160,2025-01,33,10687,9195,1492,13.96,5.81,3.461,0.41,0.185,0.073,1
SHOP_1161,2025-01,16,51544,44727,6817,13.23,17.5,0.188,0.138,0.752,0.628,0
SHOP_1162,2025-01,2,50596,28331,22265,44.0,9.96,1.16,0.175,0.797,0.41,1
SHOP_1163,2025-01,35,193269,170258,23011,11.91,6.46,0.44,0.108,0.527,0.654,1
SHOP_1164,2025-01,34,55853,52763,3090,5.53,10.59,2.895,0.293,0.536,0.242,1
SHOP_1165,2025-01,30,95616,43100,52516,54.92,7.95,3.807,0.174,0.608,0.474,1
SHOP_1166,2025-01,13,80731,78055,2676,3.32,11.5,0.642,0.329,0.428,0.143,0
SHOP_1167,2025-01,13,16459,8844,7615,46.27,2.73,4.208,0.008,0.653,0.433,0
SHOP_1168,2025-01,18,125210,98460,26750,21.36,19.94,2.822,0.032,0.121,0.091,1
SHOP_1169,2025-01,32,85032,45402,39630,46.61,8.8,3.481,0.05,0.914,0.001,1
SHOP_1170,2025-01,32,104379,71609,32770,31.39,7.29,4.86,0.209,0.718,0.652,1
SHOP_1171,2025-01,35,600000,301281,298719,49.79,14.35,0.51,0.407,0.607,0.388,1
SHOP_1172,2025-01,29,17003,8316,8687,51.09,7.6,4.516,0.444,0.314,0.649,1
SHOP_1173,2025-01,29,244578,238507,6071,2.48,16.75,0.718,0.122,0.17,0.234,0
SHOP_1174,2025-01,16,59802,56216,3586,6.0,9.36,2.025,0.287,0.401,0.229,1
SHOP_1175,2025-01,10,89423,75769,13654,15.27,14.53,4.272,0.384,0.635,0.28,0
SHOP_1176,2025-01,30,70837,44292,26545,37.47,2.6,4.541,0.144,0.609,0.494,1
SHOP_1177,2025-01,25,54341,27671,26670,49.08,17.0,2.581,0.205,0.376,0.396,1
SHOP_1178,2025-01,20,49076,36131,12945,26.38,14.85,3.011,0.262,0.59,0.648,0
SHOP_1179,2025-01,5,92102,60631,31471,34.17,4.63,3.57,0.067,0.777,0.018,0
SHOP_1180,2025-01,1,25285,22253,3032,11.99,3.33,4.181,0.013,0.044,0.496,0
SHOP_1181,2025-01,30,123674,68437,55237,44.66,6.67,0.695,0.076,0.439,0.231,1
SHOP_1182,2025-01,3,54648,25538,29110,53.27,19.53,4.069,0.313,0.725,0.126,0
SHOP_1183,2025-01,14,33155,27772,5383,16.24,5.51,2.458,0.037,0.528,0.357,1
SHOP_1184,2025-01,30,53369,38305,15064,28.23,9.39,2.308,0.095,0.626,0.354,0
SHOP_1185,2025-01,4,176311,164738,11573,6.56,1.09,2.177,0.169,0.501,0.096,0
SHOP_1186,2025-01,18,50275,34371,15904,31.63,8.25,2.595,0.039,0.942,0.141,1
SHOP_1187,2025-01,25,93988,67063,26925,28.65,11.64,4.731,0.096,0.071,0.286,0
SHOP_1188,2025-01,1,43841,39608,4233,9.66,19.09,2.786,0.456,0.477,0.286,0
SHOP_1189,2025-01,15,124311,92699,31612,25.43,10.58,4.771,0.01,0.105,0.222,0
SHOP_1190,2025-01,9,118167,94879,23288,19.71,16.47,0.983,0.327,0.169,0.104,0
SHOP_1191,2025-01,15,266739,187632,79107,29.66,11.17,3.648,0.192,0.376,0.003,1
SHOP_1192,2025-01,24,64673,43305,21368,33.04,1.3,4.08,0.336,0.165,0.679,0
SHOP_1193,2025-01,4,116781,113920,2861,2.45,6.64,3.428,0.294,0.916,0.66,0
SHOP_1194,2025-01,12,78327,45169,33158,42.33,11.72,3.074,0.112,0.901,0.339,1
SHOP_1195,2025-01,6,181155,109074,72081,39.79,19.04,2.868,0.424,0.333,0.697,0
SHOP_1196,2025-01,24,44215,34747,9468,21.41,17.25,4.319,0.246,0.615,0.472,1
SHOP_1197,2025-01,11,123193,117273,5920,4.81,4.95,4.126,0.411,0.516,0.048,0
SHOP_1198,2025-01,13,63813,37004,26809,42.01,4.79,0.699,0.203,0.778,0.082,1
SHOP_1199,2025-01,34,69917,33124,36793,52.62,4.42,4.258,0.492,0.604,0.641,1
SHOP_1200,2025-01,25,77981,66496,11485,14.73,18.49,2.129,0.385,0.02,0.441,0
SHOP_1201,2025-01,7,87253,70547,16706,19.15,17.13,1.343,0.483,0.73,0.59,0
SHOP_1202,2025-01,4,67416,59500,7916,11.74,15.61,4.362,0.257,0.715,0.629,0
SHOP_1203,2025-01,8,84991,57303,27688,32.58,8.16,2.217,0.237,0.494,0.314,1
SHOP_1204,2025-01,20,220727,198198,22529,10.21,10.34,4.061,0.378,0.86,0.034,1
SHOP_1205,2025-01,29,145774,115339,30435,20.88,9.55,1.391,0.44,0.865,0.132,1
SHOP_1206,2025-01,10,134377,82048,52329,38.94,5.44,0.119,0.482,0.507,0.047,1
SHOP_1207,2025-01,34,53163,36318,16845,31.69,10.35,2.528,0.162,0.585,0.132,1
SHOP_1208,2025-01,26,39243,30420,8823,22.48,1.09,0.591,0.399,0.947,0.287,1
SHOP_1209,2025-01,3,142730,108085,34645,24.27,3.07,3.796,0.105,0.298,0.083,0
SHOP_1210,2025-01,6,135027,92099,42928,31.79,17.79,1.453,0.273,0.322,0.117,1
SHOP_1211,2025-01,5,205021,200283,4738,2.31,15.16,2.274,0.09,0.19,0.312,1
SHOP_1212,2025-01,5,47916,44964,2952,6.16,8.75,0.526,0.174,0.853,0.238,0
SHOP_1213,2025-01,23,62275,31943,30332,48.71,10.58,1.505,0.466,0.712,0.327,1
SHOP_1214,2025-01,9,23211,21789,1422,6.13,7.71,3.929,0.073,0.118,0.3,0
SHOP_1215,2025-01,35,55563,33638,21925,39.46,14.95,0.843,0.316,0.933,0.451,1
SHOP_1216,2025-01,20,146914,72337,74577,50.76,15.79,3.271,0.296,0.7,0.656,1
SHOP_1217,2025-01,35,52757,44133,8624,16.35,15.38,4.595,0.06,0.811,0.076,1
SHOP_1218,2025-01,18,114501,89728,24773,21.64,14.59,3.431,0.163,0.065,0.069,0
SHOP_1219,2025-01,17,64001,43423,20578,32.15,4.49,4.074,0.281,0.49,0.597,1
SHOP_1220,2025-01,24,91752,47041,44711,48.73,7.09,0.634,0.094,0.67,0.354,0
SHOP_1221,2025-01,3,32749,15745,17004,51.92,9.66,1.329,0.4,0.525,0.536,0
SHOP_1222,2025-01,32,77625,45646,31979,41.2,6.95,4.483,0.486,0.64,0.151,1
SHOP_1223,2025-01,35,9011,8417,594,6.59,15.22,3.604,0.107,0.781,0.58,0
SHOP_1224,2025-01,13,64162,40124,24038,37.47,6.92,3.234,0.093,0.368,0.647,1
SHOP_1225,2025-01,25,23357,17811,5546,23.75,3.2,3.352,0.227,0.809,0.445,1
SHOP_1226,2025-01,9,170109,124269,45840,26.95,8.28,2.13,0.374,0.172,0.074,0
SHOP_1227,2025-01,4,126019,120216,5803,4.6,19.61,0.318,0.141,0.272,0.627,0
SHOP_1228,2025-01,14,101384,89090,12294,12.13,4.9,3.944,0.01,0.06,0.555,0
SHOP_1229,2025-01,34,212077,118981,93096,43.9,12.44,3.426,0.271,0.359,0.526,1
SHOP_1230,2025-01,11,37638,27830,9808,26.06,8.94,2.417,0.478,0.373,0.026,0
SHOP_1231,2025-01,3,248489,203791,44698,17.99,1.88,4.509,0.196,0.769,0.559,1
SHOP_1232,2025-01,28,140440,109047,31393,22.35,10.01,1.747,0.21,0.627,0.097,1
SHOP_1233,2025-01,29,61970,32669,29301,47.28,14.19,1.542,0.484,0.426,0.156,1
SHOP_1234,2025-01,9,161932,94411,67521,41.7,10.51,4.377,0.347,0.626,0.404,0
SHOP_1235,2025-01,3,33712,28172,5540,16.43,17.51,4.005,0.36,0.069,0.185,0
SHOP_1236,2025-01,25,41062,37684,3378,8.23,6.13,2.623,0.281,0.188,0.463,0
SHOP_1237,2025-01,34,47762,40428,7334,15.36,2.18,0.741,0.487,0.603,0.426,0
SHOP_1238,2025-01,12,50499,24845,25654,50.8,18.76,1.154,0.344,0.616,0.076,0
SHOP_1239,2025-01,9,34906,23448,11458,32.82,7.87,3.316,0.448,0.74,0.459,0
SHOP_1240,2025-01,15,172156,120037,52119,30.27,11.74,1.987,0.35,0.395,0.647,0
SHOP_1241,2025-01,25,61011,40506,20505,33.61,15.94,4.199,0.368,0.692,0.113,0
SHOP_1242,2025-01,5,93597,73568,20029,21.4,6.82,4.755,0.145,0.656,0.418,0
SHOP_1243,2025-01,11,49058,27091,21967,44.78,14.47,4.048,0.152,0.916,0.239,1
SHOP_1244,2025-01,34,20447,14367,6080,29.73,3.14,1.95,0.391,0.22,0.322,1
SHOP_1245,2025-01,24,88348,81114,7234,8.19,6.18,3.965,0.148,0.533,0.201,0
SHOP_1246,2025-01,15,19176,17481,1695,8.84,3.32,1.822,0.281,0.58,0.248,0
SHOP_1247,2025-01,8,69700,48474,21226,30.45,16.32,0.919,0.125,0.949,0.02,1
SHOP_1248,2025-01,5,28062,13571,14491,51.64,4.84,0.264,0.408,0.207,0.687,0
SHOP_1249,2025-01,26,293929,240015,53914,18.34,14.49,1.99,0.055,0.507,0.437,1
SHOP_1250,2025-01,18,138407,71853,66554,48.09,18.89,4.527,0.415,0.342,0.35,0
SHOP_1251,2025-01,6,78750,45284,33466,42.5,10.79,1.271,0.301,0.509,0.269,0
SHOP_1252,2025-01,13,177122,150316,26806,15.13,11.03,1.112,0.093,0.236,0.378,1
SHOP_1253,2025-01,28,40440,38852,1588,3.93,9.49,4.852,0.271,0.064,0.266,0
SHOP_1254,2025-01,5,106984,99069,7915,7.4,6.85,0.223,0.141,0.552,0.252,0
SHOP_1255,2025-01,13,84109,49952,34157,40.61,9.78,3.95,0.162,0.332,0.325,1
SHOP_1256,2025-01,17,87976,76906,11070,12.58,12.25,1.675,0.176,0.189,0.193,0
SHOP_1257,2025-01,32,178197,139569,38628,21.68,19.73,0.284,0.032,0.321,0.126,1
SHOP_1258,2025-01,29,122118,87204,34914,28.59,18.79,4.597,0.493,0.066,0.39,1
SHOP_1259,2025-01,3,89510,53303,36207,40.45,17.31,0.784,0.016,0.904,0.59,0
SHOP_1260,2025-01,34,22962,21125,1837,8.0,17.84,2.804,0.331,0.56,0.107,1
SHOP_1261,2025-01,27,37345,28555,8790,23.54,9.62,1.443,0.186,0.778,0.023,1
SHOP_1262,2025-01,13,67111,48515,18596,27.71,13.32,0.419,0.323,0.413,0.173,0
SHOP_1263,2025-01,33,78070,54131,23939,30.66,17.95,0.345,0.178,0.86,0.686,1
SHOP_1264,2025-01,6,33152,18110,15042,45.37,8.16,0.666,0.337,0.469,0.58,0
SHOP_1265,2025-01,24,395606,351698,43908,11.1,19.25,0.45,0.365,0.554,0.417,1
SHOP_1266,2025-01,19,211393,116657,94736,44.82,8.61,3.827,0.345,0.477,0.65,0
SHOP_1267,2025-01,16,111467,68304,43163,38.72,12.22,2.479,0.057,0.702,0.312,0
SHOP_1268,2025-01,28,76913,52715,24198,31.46,14.34,1.78,0.328,0.547,0.688,0
SHOP_1269,2025-01,33,63036,38405,24631,39.07,19.04,2.15,0.14,0.273,0.207,0
SHOP_1270,2025-01,13,37559,28606,8953,23.84,5.27,4.652,0.014,0.155,0.168,0
SHOP_1271,2025-01,25,77206,69999,7207,9.34,15.05,4.563,0.207,0.584,0.447,0
SHOP_1272,2025-01,36,87590,54932,32658,37.29,10.66,3.607,0.217,0.475,0.265,1
SHOP_1273,2025-01,27,30662,21522,9140,29.81,5.74,4.435,0.234,0.109,0.438,1
SHOP_1274,2025-01,7,92404,59243,33161,35.89,15.64,1.666,0.352,0.388,0.213,1
SHOP_1275,2025-01,5,65599,52536,13063,19.91,11.27,1.967,0.154,0.499,0.433,1
SHOP_1276,2025-01,31,19236,9606,9630,50.06,13.39,3.107,0.158,0.789,0.193,1
SHOP_1277,2025-01,23,40044,26777,13267,33.13,6.8,3.156,0.03,0.091,0.036,1
SHOP_1278,2025-01,10,54747,51174,3573,6.53,9.88,2.46,0.343,0.344,0.638,0
SHOP_1279,2025-01,32,274136,203300,70836,25.84,12.54,2.063,0.284,0.785,0.618,1
SHOP_1280,2025-01,30,107968,62528,45440,42.09,8.4,4.932,0.175,0.623,0.68,0
SHOP_1281,2025-01,31,28715,16055,12660,44.09,4.37,4.124,0.353,0.29,0.502,1
SHOP_1282,2025-01,18,102768,73773,28995,28.21,19.25,2.231,0.269,0.806,0.478,1
SHOP_1283,2025-01,36,24758,12522,12236,49.42,10.47,3.664,0.235,0.479,0.391,1
SHOP_1284,2025-01,2,156043,130785,25258,16.19,14.81,1.421,0.256,0.483,0.088,1
SHOP_1285,2025-01,14,52586,40091,12495,23.76,8.52,0.591,0.318,0.928,0.132,0
SHOP_1286,2025-01,13,68491,34502,33989,49.63,7.43,1.827,0.33,0.901,0.203,1
SHOP_1287,2025-01,29,184990,93417,91573,49.5,8.44,2.075,0.144,0.353,0.623,1
SHOP_1288,2025-01,12,29702,18313,11389,38.34,8.48,0.181,0.07,0.151,0.121,0
SHOP_1289,2025-01,2,27502,14431,13071,47.53,11.11,4.092,0.078,0.323,0.646,0
SHOP_1290,2025-01,32,48605,45346,3259,6.7,11.1,1.86,0.32,0.048,0.366,1
SHOP_1291,2025-01,13,151277,78899,72378,47.84,10.19,2.944,0.436,0.039,0.501,0
SHOP_1292,2025-01,27,25247,20452,4795,18.99,3.13,0.462,0.205,0.388,0.077,1
SHOP_1293,2025-01,17,10072,8919,1153,11.45,10.17,0.957,0.085,0.895,0.188,1
SHOP_1294,2025-01,31,53327,45495,7832,14.69,3.8,4.459,0.378,0.83,0.671,0
SHOP_1295,2025-01,34,107605,81616,25989,24.15,2.96,3.083,0.416,0.496,0.186,1
SHOP_1296,2025-01,24,169428,143483,25945,15.31,18.69,4.756,0.44,0.546,0.208,0
SHOP_1297,2025-01,35,52880,42838,10042,18.99,12.3,4.994,0.303,0.026,0.138,1
SHOP_1298,2025-01,6,54830,49811,5019,9.15,13.36,1.922,0.43,0.22,0.09,0
SHOP_1299,2025-01,19,164018,134991,29027,17.7,8.33,1.564,0.008,0.043,0.163,0
SHOP_1300,2025-01,30,19755,13368,6387,32.33,18.23,4.306,0.054,0.722,0.45,1
SHOP_1301,2025-01,7,55717,41555,14162,25.42,12.94,4.993,0.046,0.155,0.319,0
SHOP_1302,2025-01,10,83558,66532,17026,20.38,15.5,3.185,0.356,0.828,0.388,1
SHOP_1303,2025-01,32,100153,58527,41626,41.56,7.69,3.996,0.035,0.618,0.086,1
SHOP_1304,2025-01,34,51182,25921,25261,49.36,19.22,3.931,0.248,0.233,0.561,1
SHOP_1305,2025-01,28,74915,43368,31547,42.11,16.5,1.841,0.236,0.167,0.549,0
SHOP_1306,2025-01,15,12812,10301,2511,19.6,17.15,2.914,0.155,0.604,0.015,0
SHOP_1307,2025-01,30,46130,27007,19123,41.46,3.86,4.182,0.435,0.858,0.268,1
SHOP_1308,2025-01,29,100454,90353,10101,10.05,5.78,3.472,0.085,0.688,0.048,1
SHOP_1309,2025-01,22,36768,33493,3275,8.91,6.07,0.204,0.176,0.344,0.554,0
SHOP_1310,2025-01,4,76213,60728,15485,20.32,5.78,1.75,0.387,0.566,0.516,0
SHOP_1311,2025-01,20,99989,55186,44803,44.81,17.18,0.808,0.015,0.309,0.631,0
SHOP_1312,2025-01,32,57539,48876,8663,15.06,1.12,1.242,0.336,0.949,0.165,1
SHOP_1313,2025-01,36,82399,77989,4410,5.35,1.98,4.537,0.408,0.716,0.319,1
SHOP_1314,2025-01,4,37275,33927,3348,8.98,5.84,0.281,0.466,0.591,0.129,0
SHOP_1315,2025-01,27,63283,33215,30068,47.51,4.4,1.177,0.438,0.414,0.26,0
SHOP_1316,2025-01,17,112101,72204,39897,35.59,5.02,1.617,0.16,0.595,0.366,1
SHOP_1317,2025-01,12,81624,69038,12586,15.42,16.06,3.123,0.293,0.338,0.037,0
SHOP_1318,2025-01,22,48505,33260,15245,31.43,11.48,2.717,0.039,0.047,0.5,0
SHOP_1319,2025-01,17,85558,59923,25635,29.96,0.61,1.17,0.129,0.387,0.38,1
SHOP_1320,2025-01,10,120599,76293,44306,36.74,8.87,0.905,0.047,0.885,0.58,0
SHOP_1321,2025-01,1,17414,14914,2500,14.36,8.45,1.26,0.158,0.602,0.19,0
SHOP_1322,2025-01,22,164613,85906,78707,47.81,2.72,2.562,0.438,0.098,0.632,0
SHOP_1323,2025-01,26,57793,47161,10632,18.4,13.68,1.429,0.174,0.843,0.699,1
SHOP_1324,2025-01,18,98503,60295,38208,38.79,14.19,4.743,0.281,0.27,0.644,1
SHOP_1325,2025-01,14,169071,164245,4826,2.85,14.56,2.373,0.217,0.247,0.545,0
SHOP_1326,2025-01,29,27996,21907,6089,21.75,14.71,0.388,0.229,0.296,0.569,1
SHOP_1327,2025-01,12,44507,35320,9187,20.64,0.5,3.673,0.485,0.557,0.402,0
SHOP_1328,2025-01,36,59755,41348,18407,30.8,19.1,1.711,0.148,0.527,0.133,1
SHOP_1329,2025-01,35,42251,39777,2474,5.86,16.38,3.302,0.314,0.477,0.474,1
SHOP_1330,2025-01,12,246337,138252,108085,43.88,18.13,1.47,0.21,0.687,0.499,0
SHOP_1331,2025-01,7,40145,34708,5437,13.54,0.81,2.897,0.031,0.314,0.69,0
SHOP_1332,2025-01,29,49569,30791,18778,37.88,18.71,3.884,0.245,0.747,0.379,1
SHOP_1333,2025-01,11,84379,46771,37608,44.57,16.29,4.647,0.407,0.183,0.19,1
SHOP_1334,2025-01,33,31524,21506,10018,31.78,16.83,1.38,0.049,0.748,0.479,1
SHOP_1335,2025-01,6,55438,32561,22877,41.27,2.32,1.741,0.035,0.637,0.686,0
SHOP_1336,2025-01,15,91328,57465,33863,37.08,14.91,2.375,0.077,0.655,0.124,1
SHOP_1337,2025-01,32,57930,45856,12074,20.84,19.22,4.643,0.382,0.468,0.228,0
SHOP_1338,2025-01,11,68503,37766,30737,44.87,13.73,4.517,0.362,0.64,0.379,1
SHOP_1339,2025-01,23,50487,41592,8895,17.62,11.63,0.54,0.283,0.094,0.119,0
SHOP_1340,2025-01,26,25333,17157,8176,32.27,18.94,0.746,0.234,0.812,0.016,1
SHOP_1341,2025-01,34,91593,53576,38017,41.51,9.14,2.528,0.444,0.072,0.236,0
SHOP_1342,2025-01,34,249809,194640,55169,22.08,12.19,0.622,0.383,0.158,0.606,0
SHOP_1343,2025-01,29,74079,60710,13369,18.05,9.79,1.793,0.406,0.556,0.03,1
SHOP_1344,2025-01,4,85621,63064,22557,26.35,18.69,0.827,0.407,0.708,0.3,0
SHOP_1345,2025-01,17,118765,64903,53862,45.35,1.98,3.217,0.321,0.091,0.534,0
SHOP_1346,2025-01,35,30076,14651,15425,51.29,10.27,4.753,0.229,0.876,0.667,0
SHOP_1347,2025-01,13,240809,166424,74385,30.89,13.9,4.984,0.432,0.925,0.69,0
SHOP_1348,2025-01,15,84257,53033,31224,37.06,15.94,1.939,0.463,0.584,0.295,1
SHOP_1349,2025-01,29,229188,114884,114304,49.87,11.87,3.035,0.012,0.468,0.665,0
SHOP_1350,2025-01,29,43778,40616,3162,7.22,18.22,4.296,0.026,0.709,0.025,1
SHOP_1351,2025-01,11,261096,223759,37337,14.3,18.87,0.676,0.479,0.325,0.522,0
SHOP_1352,2025-01,32,125820,76031,49789,39.57,1.75,3.479,0.139,0.479,0.45,0
SHOP_1353,2025-01,2,107702,58527,49175,45.66,8.35,2.103,0.437,0.872,0.175,1
SHOP_1354,2025-01,14,86148,45294,40854,47.42,0.96,1.11,0.194,0.909,0.355,1
SHOP_1355,2025-01,20,61453,46704,14749,24.0,6.92,2.073,0.06,0.882,0.091,1
SHOP_1356,2025-01,22,169460,158047,11413,6.74,10.97,0.472,0.04,0.264,0.61,0
SHOP_1357,2025-01,11,80680,60347,20333,25.2,18.26,3.507,0.078,0.236,0.251,0
SHOP_1358,2025-01,27,18454,15828,2626,14.23,17.01,1.338,0.125,0.297,0.438,0
SHOP_1359,2025-01,3,33455,27623,5832,17.43,2.99,1.626,0.244,0.43,0.111,0
SHOP_1360,2025-01,17,64210,36645,27565,42.93,2.31,0.693,0.351,0.312,0.144,1
SHOP_1361,2025-01,28,90853,85399,5454,6.0,11.99,4.337,0.493,0.368,0.694,0
SHOP_1362,2025-01,29,70290,38054,32236,45.86,10.88,2.518,0.221,0.597,0.527,1
SHOP_1363,2025-01,21,171661,129318,42343,24.67,5.69,2.904,0.259,0.729,0.673,0
SHOP_1364,2025-01,16,18662,12393,6269,33.59,18.04,2.89,0.261,0.704,0.207,1
SHOP_1365,2025-01,20,80863,75403,5460,6.75,18.58,2.111,0.27,0.777,0.115,1
SHOP_1366,2025-01,6,20484,16412,4072,19.88,8.35,1.043,0.259,0.05,0.352,0
SHOP_1367,2025-01,19,124467,116060,8407,6.75,17.86,3.751,0.004,0.064,0.346,0
SHOP_1368,2025-01,5,68451,32198,36253,52.96,7.99,0.723,0.001,0.754,0.122,1
SHOP_1369,2025-01,3,98098,54165,43933,44.78,14.87,0.609,0.049,0.516,0.513,1
SHOP_1370,2025-01,1,39946,29416,10530,26.36,9.78,3.58,0.051,0.558,0.253,0
SHOP_1371,2025-01,15,179087,154282,24805,13.85,2.89,1.123,0.352,0.069,0.13,0
SHOP_1372,2025-01,34,151631,73582,78049,51.47,18.59,1.603,0.102,0.257,0.232,1
SHOP_1373,2025-01,35,110027,87732,22295,20.26,9.35,2.429,0.447,0.614,0.395,0
SHOP_1374,2025-01,25,66792,59757,7035,10.53,14.82,2.302,0.464,0.819,0.509,0
SHOP_1375,2025-01,24,109743,74792,34951,31.85,7.66,3.572,0.488,0.873,0.337,1
SHOP_1376,2025-01,12,44586,21392,23194,52.02,0.87,3.155,0.47,0.485,0.368,1
SHOP_1377,2025-01,18,133104,130172,2932,2.2,2.46,3.258,0.136,0.527,0.097,0
SHOP_1378,2025-01,15,232033,198108,33925,14.62,10.18,3.599,0.255,0.795,0.64,0
SHOP_1379,2025-01,16,154729,74676,80053,51.74,13.95,1.534,0.088,0.52,0.65,1
SHOP_1380,2025-01,27,43883,39026,4857,11.07,7.03,1.679,0.403,0.501,0.478,1
SHOP_1381,2025-01,8,94183,86647,7536,8.0,14.06,2.246,0.444,0.862,0.012,1
SHOP_1382,2025-01,25,29578,20048,9530,32.22,14.12,1.607,0.426,0.755,0.376,1
SHOP_1383,2025-01,17,109171,57121,52050,47.68,14.23,4.926,0.217,0.865,0.44,1
SHOP_1384,2025-01,29,100250,72895,27355,27.29,10.1,4.089,0.379,0.223,0.696,0
SHOP_1385,2025-01,8,19754,8946,10808,54.71,18.34,0.907,0.049,0.508,0.697,0
SHOP_1386,2025-01,15,32427,20106,12321,38.0,10.04,0.127,0.02,0.803,0.6,1
SHOP_1387,2025-01,27,59982,56427,3555,5.93,9.28,0.31,0.377,0.123,0.045,1
SHOP_1388,2025-01,7,59243,26884,32359,54.62,4.39,1.296,0.213,0.759,0.667,1
SHOP_1389,2025-01,3,31362,23955,7407,23.62,6.5,0.66,0.498,0.19,0.429,0
SHOP_1390,2025-01,29,96017,79471,16546,17.23,1.33,2.713,0.049,0.772,0.561,1
SHOP_1391,2025-01,24,87206,59677,27529,31.57,12.85,4.304,0.428,0.589,0.285,1
SHOP_1392,2025-01,3,63832,52260,11572,18.13,5.35,3.71,0.24,0.2,0.224,0
SHOP_1393,2025-01,20,43086,40250,2836,6.58,6.43,1.156,0.414,0.46,0.324,1
SHOP_1394,2025-01,15,152374,149211,3163,2.08,15.53,2.057,0.409,0.654,0.103,0
SHOP_1395,2025-01,25,232998,172819,60179,25.83,6.88,2.589,0.458,0.609,0.25,1
SHOP_1396,2025-01,30,52131,27966,24165,46.35,5.22,4.07,0.149,0.417,0.6,0
SHOP_1397,2025-01,14,47643,32239,15404,32.33,3.8,4.212,0.475,0.856,0.027,0
SHOP_1398,2025-01,7,103140,46456,56684,54.96,15.61,4.558,0.076,0.503,0.106,1
SHOP_1399,2025-01,17,56919,47127,9792,17.2,3.03,2.595,0.041,0.49,0.088,1
SHOP_1400,2025-01,20,66332,55146,11186,16.86,9.35,3.502,0.216,0.078,0.282,0
SHOP_1401,2025-01,36,122732,109886,12846,10.47,10.39,0.648,0.414,0.878,0.698,1
SHOP_1402,2025-01,9,19215,17160,2055,10.7,13.9,2.87,0.237,0.185,0.121,0
SHOP_1403,2025-01,22,184022,152527,31495,17.11,12.85,1.319,0.415,0.511,0.102,1
SHOP_1404,2025-01,2,76947,43075,33872,44.02,16.31,2.215,0.365,0.767,0.641,0
SHOP_1405,2025-01,24,54828,27411,27417,50.01,1.37,3.207,0.105,0.22,0.617,0
SHOP_1406,2025-01,8,68702,31823,36879,53.68,6.28,1.359,0.474,0.51,0.023,0
SHOP_1407,2025-01,11,71232,61038,10194,14.31,5.96,0.356,0.03,0.244,0.526,0
SHOP_1408,2025-01,13,21767,11165,10602,48.71,3.35,0.15,0.449,0.727,0.459,1
SHOP_1409,2025-01,17,208242,167848,40394,19.4,6.14,0.209,0.152,0.545,0.537,0
SHOP_1410,2025-01,8,75277,69269,6008,7.98,6.54,0.141,0.25,0.816,0.346,0
SHOP_1411,2025-01,21,99718,51742,47976,48.11,10.68,0.641,0.211,0.852,0.694,0
SHOP_1412,2025-01,18,142356,91516,50840,35.71,13.44,1.273,0.086,0.623,0.031,1
SHOP_1413,2025-01,30,35782,31942,3840,10.73,7.93,1.184,0.179,0.695,0.164,1
SHOP_1414,2025-01,18,101868,76624,25244,24.78,14.53,4.935,0.096,0.531,0.278,1
SHOP_1415,2025-01,31,60636,50192,10444,17.22,7.06,1.599,0.102,0.378,0.315,1
SHOP_1416,2025-01,32,132288,77984,54304,41.05,6.16,0.724,0.094,0.623,0.645,0
SHOP_1417,2025-01,11,16497,12203,4294,26.03,11.05,2.773,0.245,0.865,0.392,0
SHOP_1418,2025-01,25,68230,31091,37139,54.43,0.96,4.304,0.399,0.408,0.032,1
SHOP_1419,2025-01,33,47955,45604,2351,4.9,2.06,3.422,0.284,0.312,0.286,1
SHOP_1420,2025-01,8,98971,78369,20602,20.82,8.65,1.551,0.447,0.381,0.292,0
SHOP_1421,2025-01,11,101624,73636,27988,27.54,18.89,2.852,0.318,0.425,0.676,0
SHOP_1422,2025-01,22,44563,31789,12774,28.67,14.57,3.603,0.345,0.088,0.419,0
SHOP_1423,2025-01,24,44421,36094,8327,18.74,2.22,3.668,0.334,0.484,0.445,0
SHOP_1424,2025-01,17,67679,40168,27511,40.65,17.0,3.366,0.225,0.48,0.499,0
SHOP_1425,2025-01,12,39040,20160,18880,48.36,14.78,4.367,0.345,0.567,0.539,0
SHOP_1426,2025-01,32,131846,63613,68233,51.75,12.41,4.364,0.035,0.357,0.445,1
SHOP_1427,2025-01,15,56475,31248,25227,44.67,16.5,2.937,0.43,0.59,0.166,1
SHOP_1428,2025-01,16,9558,5058,4500,47.08,8.38,2.206,0.389,0.837,0.612,0
SHOP_1429,2025-01,22,56254,38715,17539,31.18,4.82,3.244,0.123,0.909,0.512,1
SHOP_1430,2025-01,28,35349,19169,16180,45.77,10.48,4.109,0.384,0.563,0.519,1
SHOP_1431,2025-01,20,23344,19122,4222,18.09,11.2,0.128,0.006,0.06,0.698,1
SHOP_1432,2025-01,33,30755,23645,7110,23.12,11.0,4.961,0.109,0.921,0.562,1
SHOP_1433,2025-01,10,78951,64111,14840,18.8,11.52,0.996,0.033,0.676,0.58,0
SHOP_1434,2025-01,32,185359,135736,49623,26.77,19.0,2.404,0.39,0.332,0.666,0
SHOP_1435,2025-01,33,91056,75453,15603,17.14,18.09,4.373,0.378,0.157,0.106,1
SHOP_1436,2025-01,2,47832,22498,25334,52.97,17.58,1.203,0.407,0.153,0.348,1
SHOP_1437,2025-01,33,100623,81926,18697,18.58,16.13,2.436,0.002,0.176,0.406,0
SHOP_1438,2025-01,33,53031,49215,3816,7.2,18.9,0.75,0.251,0.062,0.23,0
SHOP_1439,2025-01,13,44971,31515,13456,29.92,2.42,2.036,0.352,0.859,0.588,0
SHOP_1440,2025-01,30,32596,30958,1638,5.03,5.67,0.968,0.078,0.523,0.534,0
SHOP_1441,2025-01,33,21455,19769,1686,7.86,10.15,1.882,0.325,0.671,0.505,1
SHOP_1442,2025-01,13,55662,48077,7585,13.63,17.01,1.93,0.042,0.79,0.698,0
SHOP_1443,2025-01,26,81686,59949,21737,26.61,10.35,4.967,0.091,0.756,0.182,0
SHOP_1444,2025-01,22,68348,51287,17061,24.96,15.09,4.975,0.238,0.841,0.515,1
SHOP_1445,2025-01,2,54656,30398,24258,44.38,3.21,0.662,0.327,0.92,0.386,1
SHOP_1446,2025-01,26,37721,22183,15538,41.19,5.42,3.657,0.073,0.428,0.219,1
SHOP_1447,2025-01,15,111946,84413,27533,24.59,14.77,0.354,0.093,0.904,0.112,1
SHOP_1448,2025-01,34,29086,23360,5726,19.69,3.71,0.248,0.102,0.693,0.627,1
SHOP_1449,2025-01,11,125897,102263,23634,18.77,7.35,0.616,0.119,0.086,0.417,0
SHOP_1450,2025-01,3,36259,20660,15599,43.02,5.66,4.831,0.113,0.654,0.577,1
SHOP_1451,2025-01,6,43187,41131,2056,4.76,7.32,4.71,0.198,0.659,0.382,0
SHOP_1452,2025-01,9,26193,25491,702,2.68,14.31,1.05,0.327,0.862,0.154,1
SHOP_1453,2025-01,6,51484,28747,22737,44.16,7.67,0.892,0.219,0.367,0.236,1
SHOP_1454,2025-01,9,144744,105245,39499,27.29,11.33,1.279,0.388,0.564,0.267,0
SHOP_1455,2025-01,31,104919,95543,9376,8.94,2.45,2.626,0.36,0.031,0.681,0
SHOP_1456,2025-01,32,145059,124047,21012,14.48,16.2,2.892,0.063,0.329,0.004,1
SHOP_1457,2025-01,12,105398,51199,54199,51.42,7.71,1.186,0.024,0.078,0.69,0
SHOP_1458,2025-01,8,33773,17713,16060,47.55,13.15,3.807,0.439,0.505,0.686,0
SHOP_1459,2025-01,8,58014,35030,22984,39.62,14.65,1.617,0.04,0.78,0.697,0
SHOP_1460,2025-01,28,42356,30684,11672,27.56,4.59,4.618,0.074,0.212,0.334,1
SHOP_1461,2025-01,20,185610,130712,54898,29.58,17.75,3.318,0.011,0.511,0.675,0
SHOP_1462,2025-01,7,31642,14654,16988,53.69,12.52,2.238,0.314,0.21,0.277,1
SHOP_1463,2025-01,11,136706,63998,72708,53.19,8.86,3.971,0.291,0.132,0.018,1
SHOP_1464,2025-01,20,136635,118313,18322,13.41,4.06,4.108,0.493,0.495,0.157,1
SHOP_1465,2025-01,16,263217,144800,118417,44.99,18.87,1.523,0.443,0.094,0.662,0
SHOP_1466,2025-01,4,54897,48060,6837,12.45,15.22,1.765,0.205,0.566,0.01,0
SHOP_1467,2025-01,6,120406,104371,16035,13.32,4.56,4.686,0.186,0.049,0.382,0
SHOP_1468,2025-01,22,361189,224541,136648,37.83,7.09,0.907,0.148,0.119,0.053,1
SHOP_1469,2025-01,26,47460,36323,11137,23.47,16.29,0.307,0.076,0.531,0.2,1
SHOP_1470,2025-01,3,24971,12143,12828,51.37,14.07,2.325,0.069,0.57,0.062,1
SHOP_1471,2025-01,14,19614,18296,1318,6.72,15.43,4.026,0.066,0.047,0.602,0
SHOP_1472,2025-01,11,120439,85378,35061,29.11,9.1,3.881,0.057,0.553,0.414,0
SHOP_1473,2025-01,18,19571,9652,9919,50.68,14.47,4.606,0.12,0.8,0.631,0
SHOP_1474,2025-01,12,56352,28222,28130,49.92,8.04,2.713,0.153,0.692,0.482,0
SHOP_1475,2025-01,23,99322,89096,10226,10.3,4.62,0.59,0.481,0.142,0.68,0
SHOP_1476,2025-01,12,83252,65410,17842,21.43,12.84,2.985,0.289,0.571,0.357,0
SHOP_1477,2025-01,13,98500,64209,34291,34.81,19.53,3.914,0.494,0.645,0.447,0
SHOP_1478,2025-01,25,85443,76516,8927,10.45,6.56,0.557,0.186,0.055,0.403,0
SHOP_1479,2025-01,19,179012,83589,95423,53.31,9.49,0.946,0.229,0.815,0.339,1
SHOP_1480,2025-01,36,37548,18593,18955,50.48,13.64,0.16,0.162,0.863,0.592,1
SHOP_1481,2025-01,8,45529,40590,4939,10.85,11.06,3.009,0.091,0.811,0.451,0
SHOP_1482,2025-01,29,42580,38994,3586,8.42,16.95,4.445,0.072,0.787,0.561,0
SHOP_1483,2025-01,32,130762,122228,8534,6.53,15.35,3.386,0.473,0.713,0.55,1
SHOP_1484,2025-01,18,137349,68399,68950,50.2,1.64,4.912,0.493,0.609,0.134,1
SHOP_1485,2025-01,6,100294,87996,12298,12.26,19.97,0.409,0.022,0.651,0.455,0
SHOP_1486,2025-01,18,167451,127157,40294,24.06,15.17,4.525,0.075,0.77,0.14,1
SHOP_1487,2025-01,19,32060,23792,8268,25.79,17.35,4.089,0.212,0.636,0.408,0
SHOP_1488,2025-01,22,234933,155649,79284,33.75,13.2,1.64,0.093,0.325,0.474,1
SHOP_1489,2025-01,32,212409,200085,12324,5.8,17.2,4.87,0.182,0.37,0.698,0
SHOP_1490,2025-01,3,122386,105230,17156,14.02,2.69,1.511,0.065,0.854,0.021,1
SHOP_1491,2025-01,28,254552,123791,130761,51.37,7.28,4.458,0.228,0.036,0.064,1
SHOP_1492,2025-01,10,22934,11434,11500,50.15,17.59,4.416,0.136,0.67,0.054,1
SHOP_1493,2025-01,35,50660,28669,21991,43.41,4.43,3.813,0.176,0.908,0.279,1
SHOP_1494,2025-01,29,43708,42384,1324,3.03,2.03,2.861,0.047,0.677,0.575,0
SHOP_1495,2025-01,15,121180,97754,23426,19.33,15.87,0.688,0.214,0.944,0.591,0
SHOP_1496,2025-01,33,35063,22692,12371,35.28,16.79,2.707,0.492,0.659,0.516,1
SHOP_1497,2025-01,7,124274,103663,20611,16.59,3.67,1.848,0.164,0.052,0.628,0
SHOP_1498,2025-01,12,190875,95040,95835,50.21,17.16,3.982,0.438,0.789,0.226,1
SHOP_1499,2025-01,30,118972,76623,42349,35.6,13.89,3.815,0.422,0.285,0.062,1
SHOP_1500,2025-01,21,89199,84016,5183,5.81,10.64,4.562,0.476,0.435,0.041,0
SHOP_1501,2025-01,31,36625,18248,18377,50.18,16.69,0.173,0.395,0.31,0.596,1
SHOP_1502,2025-01,24,40425,19096,21329,52.76,8.68,4.065,0.33,0.27,0.511,1
SHOP_1503,2025-01,20,175384,164653,10731,6.12,4.28,4.698,0.428,0.421,0.489,0
SHOP_1504,2025-01,4,126190,88062,38128,30.22,6.05,3.968,0.038,0.372,0.238,0
SHOP_1505,2025-01,28,71160,58295,12865,18.08,10.35,0.738,0.231,0.609,0.266,0
SHOP_1506,2025-01,20,54582,42126,12456,22.82,10.86,0.498,0.495,0.776,0.671,0
SHOP_1507,2025-01,24,17711,15670,2041,11.52,16.21,0.202,0.385,0.296,0.045,1
SHOP_1508,2025-01,32,34558,23279,11279,32.64,15.93,3.181,0.481,0.219,0.542,0
SHOP_1509,2025-01,36,278728,131635,147093,52.77,11.84,3.185,0.39,0.64,0.217,1
SHOP_1510,2025-01,34,29842,21288,8554,28.66,15.73,4.936,0.437,0.643,0.027,1
SHOP_1511,2025-01,36,83503,78163,5340,6.39,4.24,2.05,0.353,0.858,0.52,0
SHOP_1512,2025-01,2,148036,96431,51605,34.86,1.48,1.726,0.38,0.035,0.232,0
SHOP_1513,2025-01,15,30380,24294,6086,20.03,17.54,3.16,0.262,0.813,0.506,1
SHOP_1514,2025-01,34,83225,43806,39419,47.36,1.97,4.145,0.462,0.505,0.495,1
SHOP_1515,2025-01,36,141004,105700,35304,25.04,5.31,4.69,0.413,0.598,0.374,1
SHOP_1516,2025-01,6,73773,64758,9015,12.22,14.06,4.035,0.422,0.105,0.544,0
SHOP_1517,2025-01,12,544641,478584,66057,12.13,8.48,2.191,0.337,0.422,0.407,0
SHOP_1518,2025-01,3,22742,13021,9721,42.74,17.59,3.211,0.152,0.231,0.201,0
SHOP_1519,2025-01,18,153447,128779,24668,16.08,6.31,4.296,0.018,0.256,0.514,1
SHOP_1520,2025-01,21,64799,37154,27645,42.66,0.73,2.504,0.468,0.489,0.412,1
SHOP_1521,2025-01,15,125536,109327,16209,12.91,6.36,1.162,0.293,0.776,0.009,1
SHOP_1522,2025-01,33,99600,80627,18973,19.05,11.77,0.932,0.149,0.712,0.631,0
SHOP_1523,2025-01,35,43774,32099,11675,26.67,7.83,0.101,0.075,0.57,0.382,1
SHOP_1524,2025-01,26,85845,41215,44630,51.99,10.93,3.619,0.415,0.522,0.608,1
SHOP_1525,2025-01,8,19920,9685,10235,51.38,17.59,0.644,0.418,0.417,0.618,0
SHOP_1526,2025-01,36,111555,97093,14462,12.96,18.29,1.295,0.407,0.925,0.311,1
SHOP_1527,2025-01,30,90103,71194,18909,20.99,5.69,1.56,0.323,0.541,0.355,0
SHOP_1528,2025-01,23,114355,103013,11342,9.92,9.51,2.846,0.183,0.256,0.291,0
SHOP_1529,2025-01,14,153381,108856,44525,29.03,11.21,2.05,0.152,0.234,0.315,1
SHOP_1530,2025-01,14,94593,69610,24983,26.41,19.01,3.406,0.004,0.589,0.627,0
SHOP_1531,2025-01,2,81118,40770,40348,49.74,19.97,0.373,0.417,0.506,0.552,1
SHOP_1532,2025-01,5,39468,19225,20243,51.29,5.09,0.707,0.044,0.027,0.089,0
SHOP_1533,2025-01,14,44420,34501,9919,22.33,14.68,2.546,0.315,0.792,0.427,0
SHOP_1534,2025-01,25,167831,120734,47097,28.06,7.87,1.751,0.252,0.675,0.697,0
SHOP_1535,2025-01,20,199872,100934,98938,49.5,0.66,1.549,0.263,0.636,0.417,1
SHOP_1536,2025-01,2,61903,34198,27705,44.76,0.68,0.428,0.463,0.084,0.55,1
SHOP_1537,2025-01,6,75524,73867,1657,2.19,9.48,4.489,0.016,0.357,0.538,0
SHOP_1538,2025-01,17,38823,31461,7362,18.96,10.02,3.49,0.387,0.89,0.245,1
SHOP_1539,2025-01,25,166197,125721,40476,24.35,0.94,0.696,0.026,0.822,0.26,1
SHOP_1540,2025-01,28,116517,100001,16516,14.17,13.9,0.419,0.019,0.286,0.507,0
SHOP_1541,2025-01,2,284603,248808,35795,12.58,6.23,4.877,0.215,0.166,0.35,0
SHOP_1542,2025-01,35,39544,37961,1583,4.0,11.42,3.438,0.032,0.438,0.399,0
SHOP_1543,2025-01,5,56128,35867,20261,36.1,6.37,2.146,0.395,0.351,0.499,0
SHOP_1544,2025-01,1,85992,72308,13684,15.91,3.76,3.538,0.265,0.654,0.544,0
SHOP_1545,2025-01,12,114983,109493,5490,4.77,8.44,3.806,0.015,0.919,0.19,0
SHOP_1546,2025-01,36,62883,53927,8956,14.24,5.03,3.922,0.02,0.358,0.103,1
SHOP_1547,2025-01,23,39693,22029,17664,44.5,10.93,2.442,0.306,0.078,0.204,1
SHOP_1548,2025-01,31,135535,71659,63876,47.13,4.38,2.206,0.403,0.855,0.355,1
SHOP_1549,2025-01,11,121151,87710,33441,27.6,10.41,0.154,0.219,0.055,0.239,0
SHOP_1550,2025-01,10,38507,29245,9262,24.05,3.57,4.64,0.277,0.906,0.398,0
SHOP_1551,2025-01,3,188869,87208,101661,53.83,13.58,3.056,0.4,0.638,0.037,1
SHOP_1552,2025-01,14,165900,144947,20953,12.63,15.2,1.095,0.305,0.896,0.357,0
SHOP_1553,2025-01,16,80339,69562,10777,13.41,2.65,4.606,0.112,0.206,0.258,1
SHOP_1554,2025-01,10,77321,63814,13507,17.47,9.62,4.583,0.307,0.058,0.374,0
SHOP_1555,2025-01,29,107779,95755,12024,11.16,1.88,4.947,0.314,0.474,0.296,1
SHOP_1556,2025-01,10,40007,31163,8844,22.11,12.16,4.383,0.367,0.439,0.199,0
SHOP_1557,2025-01,12,74684,37137,37547,50.27,5.66,4.989,0.31,0.328,0.633,0
SHOP_1558,2025-01,30,16209,10599,5610,34.61,10.79,1.299,0.485,0.911,0.129,1
SHOP_1559,2025-01,1,135066,102875,32191,23.83,10.59,4.227,0.099,0.785,0.477,0
SHOP_1560,2025-01,5,24513,11883,12630,51.52,18.52,4.133,0.476,0.635,0.647,1
SHOP_1561,2025-01,20,209482,199912,9570,4.57,11.21,1.232,0.269,0.171,0.377,0
SHOP_1562,2025-01,8,58042,50413,7629,13.14,11.87,0.582,0.336,0.703,0.613,0
SHOP_1563,2025-01,12,63059,42885,20174,31.99,8.33,4.899,0.05,0.696,0.087,1
SHOP_1564,2025-01,1,47126,30809,16317,34.62,19.01,1.551,0.19,0.415,0.346,0
SHOP_1565,2025-01,20,59777,57328,2449,4.1,15.66,4.367,0.385,0.88,0.32,1
SHOP_1566,2025-01,28,197397,151283,46114,23.36,6.07,0.12,0.353,0.175,0.006,1
SHOP_1567,2025-01,12,12817,8151,4666,36.41,16.96,0.203,0.02,0.269,0.31,0
SHOP_1568,2025-01,28,178774,109056,69718,39.0,8.93,2.383,0.273,0.079,0.258,1
SHOP_1569,2025-01,15,92653,59463,33190,35.82,16.66,1.27,0.044,0.76,0.469,1
SHOP_1570,2025-01,6,31416,25450,5966,18.99,16.55,3.48,0.498,0.598,0.657,0
SHOP_1571,2025-01,20,34451,32054,2397,6.96,4.18,2.871,0.449,0.313,0.06,0
SHOP_1572,2025-01,14,236446,178193,58253,24.64,14.17,0.48,0.011,0.172,0.229,1
SHOP_1573,2025-01,2,37728,34399,3329,8.82,6.17,0.897,0.429,0.057,0.311,0
SHOP_1574,2025-01,9,32619,15584,17035,52.22,6.3,2.001,0.46,0.175,0.319,0
SHOP_1575,2025-01,20,162125,118053,44072,27.18,6.28,1.009,0.177,0.442,0.542,1
SHOP_1576,2025-01,26,92687,75248,17439,18.81,14.65,3.982,0.36,0.25,0.31,0
SHOP_1577,2025-01,29,37928,21765,16163,42.61,4.98,2.139,0.221,0.261,0.019,1
SHOP_1578,2025-01,1,85105,60943,24162,28.39,0.52,0.558,0.328,0.834,0.497,0
SHOP_1579,2025-01,35,35667,29093,6574,18.43,14.45,2.473,0.17,0.499,0.619,0
SHOP_1580,2025-01,6,158036,86866,71170,45.03,3.84,0.545,0.161,0.698,0.36,1
SHOP_1581,2025-01,5,153731,80003,73728,47.96,2.54,0.732,0.212,0.053,0.407,0
SHOP_1582,2025-01,33,106128,66150,39978,37.67,5.13,1.274,0.073,0.36,0.114,1
SHOP_1583,2025-01,14,94199,89970,4229,4.49,7.91,4.312,0.416,0.466,0.154,0
SHOP_1584,2025-01,12,250906,170578,80328,32.02,9.78,4.631,0.174,0.193,0.165,0
SHOP_1585,2025-01,20,73114,42074,31040,42.45,1.37,4.149,0.2,0.132,0.302,1
SHOP_1586,2025-01,24,31974,29021,2953,9.23,19.43,1.737,0.447,0.829,0.65,0
SHOP_1587,2025-01,34,100171,86027,14144,14.12,14.46,1.435,0.248,0.894,0.365,1
SHOP_1588,2025-01,25,314970,161352,153618,48.77,6.8,2.791,0.272,0.093,0.134,1
SHOP_1589,2025-01,29,35942,34840,1102,3.07,6.71,3.637,0.478,0.345,0.186,0
SHOP_1590,2025-01,31,56782,32993,23789,41.89,9.25,4.968,0.443,0.911,0.269,1
SHOP_1591,2025-01,23,97881,71345,26536,27.11,12.71,0.745,0.085,0.097,0.436,0
SHOP_1592,2025-01,20,70422,52338,18084,25.68,3.35,0.342,0.237,0.619,0.308,1
SHOP_1593,2025-01,23,36768,35894,874,2.38,4.18,3.502,0.486,0.924,0.275,0
SHOP_1594,2025-01,16,160380,87522,72858,45.43,17.26,4.178,0.186,0.93,0.395,1
SHOP_1595,2025-01,8,371026,292848,78178,21.07,5.5,4.247,0.186,0.458,0.169,1
SHOP_1596,2025-01,21,83893,58171,25722,30.66,7.91,3.424,0.098,0.171,0.055,0
SHOP_1597,2025-01,1,38838,24120,14718,37.9,17.49,4.775,0.057,0.208,0.017,0
SHOP_1598,2025-01,8,24729,15025,9704,39.24,13.43,2.604,0.37,0.847,0.176,0
SHOP_1599,2025-01,29,87604,41466,46138,52.67,7.16,4.578,0.385,0.868,0.064,0
SHOP_1600,2025-01,32,158374,110607,47767,30.16,13.83,4.842,0.485,0.585,0.235,1
SHOP_1601,2025-01,5,101989,78343,23646,23.19,0.88,4.251,0.387,0.733,0.541,0
SHOP_1602,2025-01,22,73007,34645,38362,52.55,14.85,1.618,0.122,0.708,0.501,1
SHOP_1603,2025-01,34,48412,30968,17444,36.03,10.0,1.061,0.02,0.635,0.428,1
SHOP_1604,2025-01,1,34047,27986,6061,17.8,16.36,2.786,0.493,0.789,0.597,0
SHOP_1605,2025-01,26,131180,119764,11416,8.7,19.12,2.32,0.17,0.657,0.197,0
SHOP_1606,2025-01,10,138641,73958,64683,46.66,18.55,4.401,0.156,0.517,0.62,0
SHOP_1607,2025-01,30,24785,19532,5253,21.2,18.23,0.59,0.453,0.24,0.279,0
SHOP_1608,2025-01,18,222546,140193,82353,37.0,10.49,1.363,0.293,0.712,0.281,0
SHOP_1609,2025-01,17,109300,79840,29460,26.95,7.52,3.784,0.107,0.46,0.284,0
SHOP_1610,2025-01,26,194798,170364,24434,12.54,9.57,0.565,0.445,0.294,0.069,1
SHOP_1611,2025-01,8,28581,18895,9686,33.89,13.95,1.672,0.497,0.766,0.683,0
SHOP_1612,2025-01,12,28111,26645,1466,5.22,17.74,1.997,0.043,0.668,0.097,0
SHOP_1613,2025-01,27,65889,50137,15752,23.91,4.54,3.151,0.431,0.892,0.239,0
SHOP_1614,2025-01,8,103980,71777,32203,30.97,18.4,0.875,0.195,0.174,0.224,0
SHOP_1615,2025-01,25,257160,192586,64574,25.11,16.4,4.317,0.262,0.624,0.052,0
SHOP_1616,2025-01,4,119881,69915,49966,41.68,19.59,2.293,0.457,0.247,0.107,1
SHOP_1617,2025-01,33,61705,33395,28310,45.88,17.66,4.593,0.487,0.86,0.031,1
SHOP_1618,2025-01,1,35651,20365,15286,42.88,5.96,2.393,0.131,0.113,0.205,0
SHOP_1619,2025-01,19,172992,165974,7018,4.06,2.57,1.448,0.106,0.63,0.607,1
SHOP_1620,2025-01,31,37224,32650,4574,12.29,2.69,0.795,0.04,0.756,0.238,1
SHOP_1621,2025-01,16,228645,159045,69600,30.44,6.18,0.118,0.281,0.35,0.087,1
SHOP_1622,2025-01,14,59930,29039,30891,51.55,12.48,2.708,0.007,0.907,0.452,1
SHOP_1623,2025-01,5,222661,119674,102987,46.25,16.18,0.625,0.206,0.811,0.698,0
SHOP_1624,2025-01,26,117624,62747,54877,46.65,18.04,2.019,0.037,0.294,0.163,1
SHOP_1625,2025-01,28,66443,54437,12006,18.07,12.66,2.987,0.203,0.027,0.196,0
SHOP_1626,2025-01,2,50839,38251,12588,24.76,0.61,1.451,0.02,0.296,0.68,0
SHOP_1627,2025-01,6,57605,42082,15523,26.95,4.13,0.959,0.418,0.282,0.125,0
SHOP_1628,2025-01,9,98698,88492,10206,10.34,2.44,3.896,0.105,0.848,0.358,0
SHOP_1629,2025-01,33,77189,74374,2815,3.65,7.58,4.739,0.164,0.919,0.168,1
SHOP_1630,2025-01,25,48259,23075,25184,52.19,10.28,0.592,0.435,0.086,0.653,0
SHOP_1631,2025-01,13,65125,55514,9611,14.76,1.35,0.862,0.373,0.458,0.687,0
SHOP_1632,2025-01,9,77266,65895,11371,14.72,7.3,4.804,0.11,0.53,0.57,0
SHOP_1633,2025-01,13,16480,15422,1058,6.42,3.99,0.285,0.036,0.106,0.22,0
SHOP_1634,2025-01,31,100782,49171,51611,51.21,13.12,4.89,0.358,0.371,0.282,1
SHOP_1635,2025-01,11,36835,24780,12055,32.73,9.55,0.123,0.195,0.315,0.17,1
SHOP_1636,2025-01,4,32620,20435,12185,37.35,10.16,4.381,0.383,0.519,0.624,0
SHOP_1637,2025-01,34,22446,11153,11293,50.31,8.84,1.606,0.223,0.635,0.64,1
SHOP_1638,2025-01,4,20833,16600,4233,20.32,19.14,4.699,0.173,0.674,0.293,0
SHOP_1639,2025-01,19,28316,18422,9894,34.94,4.69,1.653,0.226,0.147,0.46,1
SHOP_1640,2025-01,6,44520,42714,1806,4.06,10.57,3.306,0.374,0.776,0.116,0
SHOP_1641,2025-01,34,287013,252861,34152,11.9,14.85,0.492,0.451,0.651,0.304,1
SHOP_1642,2025-01,18,50609,27301,23308,46.06,11.36,1.287,0.025,0.847,0.442,1
SHOP_1643,2025-01,13,82820,47507,35313,42.64,18.62,3.891,0.262,0.438,0.27,0
SHOP_1644,2025-01,23,96794,76870,19924,20.58,7.87,2.691,0.016,0.851,0.25,1
SHOP_1645,2025-01,19,80157,62546,17611,21.97,9.54,4.647,0.234,0.825,0.001,1
SHOP_1646,2025-01,11,69272,48298,20974,30.28,2.23,2.201,0.443,0.428,0.563,0
SHOP_1647,2025-01,1,31675,31037,638,2.01,12.38,4.362,0.181,0.374,0.623,0
SHOP_1648,2025-01,24,201925,172068,29857,14.79,6.12,2.3,0.466,0.888,0.679,0
SHOP_1649,2025-01,7,259118,225339,33779,13.04,3.63,4.898,0.315,0.685,0.503,0
SHOP_1650,2025-01,25,22520,19080,3440,15.28,11.12,4.803,0.467,0.883,0.384,0
SHOP_1651,2025-01,21,35710,19743,15967,44.71,10.88,1.713,0.379,0.761,0.188,1
SHOP_1652,2025-01,15,60122,50008,10114,16.82,1.98,4.441,0.052,0.587,0.7,0
SHOP_1653,2025-01,1,37228,32705,4523,12.15,14.12,4.253,0.116,0.128,0.413,0
SHOP_1654,2025-01,12,104211,74275,29936,28.73,12.66,1.132,0.197,0.291,0.477,0
SHOP_1655,2025-01,7,43924,22894,21030,47.88,4.19,3.159,0.085,0.921,0.478,1
SHOP_1656,2025-01,15,332881,283643,49238,14.79,9.65,0.456,0.247,0.317,0.592,0
SHOP_1657,2025-01,21,168280,157910,10370,6.16,14.55,4.2,0.236,0.107,0.007,0
SHOP_1658,2025-01,19,84864,67136,17728,20.89,10.82,0.955,0.478,0.678,0.154,0
SHOP_1659,2025-01,29,150075,87605,62470,41.63,8.21,0.447,0.217,0.703,0.466,1
SHOP_1660,2025-01,25,158598,109137,49461,31.19,6.79,2.061,0.393,0.285,0.627,0
SHOP_1661,2025-01,33,49278,26960,22318,45.29,12.4,2.927,0.471,0.297,0.48,1
SHOP_1662,2025-01,32,41301,19470,21831,52.86,18.81,4.289,0.438,0.456,0.289,1
SHOP_1663,2025-01,35,77242,43247,33995,44.01,13.6,4.874,0.104,0.04,0.253,1
SHOP_1664,2025-01,26,133672,88221,45451,34.0,1.96,2.254,0.248,0.754,0.517,1
SHOP_1665,2025-01,11,80607,57918,22689,28.15,9.48,0.396,0.174,0.315,0.519,1
SHOP_1666,2025-01,35,24248,23248,1000,4.12,17.87,3.771,0.2,0.814,0.425,1
SHOP_1667,2025-01,8,41690,19107,22583,54.17,2.34,2.869,0.18,0.766,0.204,1
SHOP_1668,2025-01,14,69440,53938,15502,22.32,19.78,2.295,0.413,0.635,0.648,0
SHOP_1669,2025-01,10,69358,62375,6983,10.07,19.01,1.615,0.226,0.322,0.386,0
SHOP_1670,2025-01,2,290913,182299,108614,37.34,2.03,2.562,0.262,0.5,0.553,1
SHOP_1671,2025-01,9,27717,22986,4731,17.07,18.7,1.76,0.491,0.434,0.15,0
SHOP_1672,2025-01,3,104184,69755,34429,33.05,7.58,3.809,0.03,0.335,0.241,0
SHOP_1673,2025-01,21,207395,138750,68645,33.1,16.97,2.765,0.244,0.809,0.612,0
SHOP_1674,2025-01,26,358619,266728,91891,25.62,8.66,4.397,0.387,0.47,0.035,0
SHOP_1675,2025-01,8,55101,29581,25520,46.31,9.1,2.763,0.076,0.794,0.359,0
SHOP_1676,2025-01,2,103156,86606,16550,16.04,12.87,1.267,0.306,0.118,0.337,0
SHOP_1677,2025-01,6,108970,80880,28090,25.78,15.6,4.27,0.12,0.151,0.526,0
SHOP_1678,2025-01,28,83854,58280,25574,30.5,1.16,2.83,0.434,0.929,0.197,1
SHOP_1679,2025-01,29,68242,42875,25367,37.17,12.07,1.114,0.164,0.567,0.153,1
SHOP_1680,2025-01,26,99229,56014,43215,43.55,4.14,3.155,0.165,0.494,0.648,0
SHOP_1681,2025-01,25,12425,9577,2848,22.92,7.25,1.853,0.299,0.507,0.4,0
SHOP_1682,2025-01,12,117883,75162,42721,36.24,7.29,4.238,0.092,0.22,0.073,0
SHOP_1683,2025-01,5,79883,71909,7974,9.98,9.65,2.321,0.142,0.688,0.135,0
SHOP_1684,2025-01,34,62584,30397,32187,51.43,7.02,3.66,0.208,0.099,0.699,0
SHOP_1685,2025-01,15,306448,238104,68344,22.3,2.59,0.568,0.177,0.553,0.137,1
SHOP_1686,2025-01,36,45595,27054,18541,40.66,3.34,2.041,0.262,0.551,0.427,1
SHOP_1687,2025-01,15,55152,53454,1698,3.08,1.15,4.918,0.3,0.87,0.294,1
SHOP_1688,2025-01,23,294810,256853,37957,12.87,9.67,4.061,0.283,0.509,0.62,0
SHOP_1689,2025-01,6,40846,29485,11361,27.82,19.11,0.884,0.327,0.147,0.529,1
SHOP_1690,2025-01,21,49758,25602,24156,48.55,2.76,1.461,0.154,0.553,0.418,1
SHOP_1691,2025-01,23,65978,46221,19757,29.94,18.95,1.716,0.063,0.105,0.008,1
SHOP_1692,2025-01,16,131731,64175,67556,51.28,14.8,3.287,0.38,0.21,0.616,0
SHOP_1693,2025-01,15,84581,61202,23379,27.64,12.93,3.809,0.425,0.049,0.311,0
SHOP_1694,2025-01,25,29589,21306,8283,27.99,13.08,3.773,0.129,0.497,0.652,0
SHOP_1695,2025-01,36,50387,46181,4206,8.35,16.62,2.598,0.204,0.099,0.347,1
SHOP_1696,2025-01,11,47803,26511,21292,44.54,2.58,4.073,0.249,0.457,0.486,1
SHOP_1697,2025-01,15,69282,58828,10454,15.09,10.34,2.242,0.267,0.888,0.049,0
SHOP_1698,2025-01,4,98527,49579,48948,49.68,14.09,0.707,0.33,0.689,0.522,1
SHOP_1699,2025-01,21,98002,48733,49269,50.27,11.94,2.866,0.021,0.092,0.237,1
SHOP_1700,2025-01,13,21095,10127,10968,52.0,16.74,4.766,0.361,0.229,0.246,1
SHOP_1701,2025-01,22,154008,108464,45544,29.57,1.91,3.986,0.031,0.647,0.083,1
SHOP_1702,2025-01,19,87273,54209,33064,37.89,13.97,2.936,0.234,0.852,0.103,1
SHOP_1703,2025-01,34,192754,109366,83388,43.26,10.91,3.269,0.414,0.051,0.13,1
SHOP_1704,2025-01,14,99802,90876,8926,8.94,7.89,4.66,0.226,0.776,0.23,0
SHOP_1705,2025-01,4,158091,104576,53515,33.85,7.14,2.199,0.075,0.542,0.624,0
SHOP_1706,2025-01,27,101375,97505,3870,3.82,12.61,1.724,0.493,0.528,0.258,0
SHOP_1707,2025-01,29,187655,134415,53240,28.37,17.87,4.888,0.445,0.911,0.507,0
SHOP_1708,2025-01,28,105406,94648,10758,10.21,10.18,4.331,0.386,0.715,0.058,0
SHOP_1709,2025-01,35,68286,60300,7986,11.69,16.58,1.683,0.206,0.811,0.414,1
SHOP_1710,2025-01,8,358866,282257,76609,21.35,8.34,2.373,0.092,0.349,0.337,0
SHOP_1711,2025-01,16,136261,102306,33955,24.92,2.5,2.134,0.471,0.536,0.685,0
SHOP_1712,2025-01,36,109275,70998,38277,35.03,1.7,0.831,0.266,0.592,0.592,1
SHOP_1713,2025-01,30,29929,28150,1779,5.94,1.5,4.793,0.426,0.319,0.318,1
SHOP_1714,2025-01,18,29679,21162,8517,28.7,7.91,2.081,0.171,0.55,0.543,0
SHOP_1715,2025-01,2,89761,79278,10483,11.68,7.08,4.389,0.168,0.24,0.135,0
SHOP_1716,2025-01,13,80972,54720,26252,32.42,14.5,1.028,0.493,0.153,0.394,0
SHOP_1717,2025-01,4,47577,30553,17024,35.78,14.99,2.785,0.261,0.368,0.052,1
SHOP_1718,2025-01,26,80716,55286,25430,31.51,1.49,0.217,0.07,0.708,0.244,1
SHOP_1719,2025-01,25,222357,130902,91455,41.13,4.81,3.845,0.11,0.872,0.158,1
SHOP_1720,2025-01,30,118988,95443,23545,19.79,5.85,2.946,0.241,0.446,0.503,0
SHOP_1721,2025-01,11,32902,18902,14000,42.55,11.18,3.165,0.021,0.618,0.343,1
SHOP_1722,2025-01,7,67639,50772,16867,24.94,3.32,0.353,0.231,0.116,0.526,0
SHOP_1723,2025-01,31,41628,30113,11515,27.66,3.11,1.134,0.209,0.861,0.361,1
SHOP_1724,2025-01,10,55749,35485,20264,36.35,18.9,0.464,0.39,0.549,0.061,1
SHOP_1725,2025-01,13,54747,53119,1628,2.97,16.18,1.516,0.177,0.746,0.515,0
SHOP_1726,2025-01,31,52347,33156,19191,36.66,4.02,3.174,0.491,0.759,0.583,1
SHOP_1727,2025-01,7,30376,19810,10566,34.79,8.43,2.874,0.09,0.259,0.632,0
SHOP_1728,2025-01,36,66879,54559,12320,18.42,7.43,3.1,0.295,0.512,0.4,1
SHOP_1729,2025-01,20,49394,46160,3234,6.55,15.92,2.791,0.045,0.913,0.528,0
SHOP_1730,2025-01,4,9409,8767,642,6.82,10.45,1.438,0.367,0.103,0.526,0
SHOP_1731,2025-01,7,307762,151016,156746,50.93,2.99,1.298,0.497,0.655,0.109,0
SHOP_1732,2025-01,1,156708,96326,60382,38.53,14.91,0.772,0.41,0.915,0.115,1
SHOP_1733,2025-01,13,56195,51286,4909,8.74,8.24,4.26,0.278,0.3,0.05,0
SHOP_1734,2025-01,22,74100,58608,15492,20.91,5.63,3.121,0.242,0.821,0.224,0
SHOP_1735,2025-01,21,32204,21447,10757,33.4,7.82,1.014,0.418,0.888,0.331,1
SHOP_1736,2025-01,22,239667,128736,110931,46.29,10.21,0.968,0.468,0.715,0.699,0
SHOP_1737,2025-01,28,275985,264079,11906,4.31,7.19,4.378,0.495,0.235,0.302,0
SHOP_1738,2025-01,9,81608,69741,11867,14.54,5.22,3.739,0.198,0.331,0.508,0
SHOP_1739,2025-01,26,149712,76119,73593,49.16,8.27,3.331,0.495,0.053,0.485,1
SHOP_1740,2025-01,9,82677,80622,2055,2.49,0.87,2.094,0.078,0.793,0.143,1
SHOP_1741,2025-01,15,28690,25054,3636,12.67,15.56,1.384,0.127,0.81,0.041,0
SHOP_1742,2025-01,10,54815,25857,28958,52.83,3.83,4.899,0.045,0.608,0.382,1
SHOP_1743,2025-01,24,80206,52527,27679,34.51,1.36,4.006,0.136,0.348,0.49,0
SHOP_1744,2025-01,8,53200,44758,8442,15.87,13.25,1.579,0.384,0.091,0.699,0
SHOP_1745,2025-01,24,62752,59269,3483,5.55,15.59,4.253,0.426,0.72,0.251,1
SHOP_1746,2025-01,16,68598,66201,2397,3.49,16.37,3.819,0.389,0.696,0.627,1
SHOP_1747,2025-01,26,69105,58759,10346,14.97,10.12,1.556,0.316,0.869,0.267,1
SHOP_1748,2025-01,27,75855,38899,36956,48.72,4.5,2.19,0.257,0.699,0.483,1
SHOP_1749,2025-01,4,34807,26438,8369,24.04,14.88,1.011,0.354,0.791,0.419,1
SHOP_1750,2025-01,24,44271,26484,17787,40.18,14.14,0.644,0.195,0.714,0.037,1
SHOP_1751,2025-01,19,29756,14679,15077,50.67,5.3,3.642,0.421,0.607,0.055,0
SHOP_1752,2025-01,36,144997,110740,34257,23.63,18.12,1.411,0.339,0.417,0.015,1
SHOP_1753,2025-01,10,16748,14715,2033,12.14,2.54,4.118,0.349,0.859,0.26,0
SHOP_1754,2025-01,25,163982,115759,48223,29.41,19.66,4.978,0.268,0.625,0.522,0
SHOP_1755,2025-01,18,193000,96252,96748,50.13,17.27,0.475,0.443,0.39,0.121,0
SHOP_1756,2025-01,19,59188,32771,26417,44.63,13.91,2.418,0.126,0.098,0.424,0
SHOP_1757,2025-01,36,11823,11174,649,5.49,18.81,4.03,0.191,0.29,0.202,1
SHOP_1758,2025-01,10,56788,34807,21981,38.71,14.59,3.966,0.389,0.526,0.558,0
SHOP_1759,2025-01,33,69917,47326,22591,32.31,4.21,3.824,0.246,0.276,0.559,0
SHOP_1760,2025-01,5,36047,17989,18058,50.1,9.12,1.81,0.445,0.226,0.543,0
SHOP_1761,2025-01,35,50988,46658,4330,8.49,1.89,2.324,0.173,0.51,0.367,1
SHOP_1762,2025-01,34,213445,148763,64682,30.3,8.1,3.015,0.185,0.178,0.199,0
SHOP_1763,2025-01,33,116477,59856,56621,48.61,14.96,4.872,0.444,0.764,0.567,1
SHOP_1764,2025-01,21,38285,29199,9086,23.73,8.04,1.705,0.232,0.47,0.13,0
SHOP_1765,2025-01,17,23901,17317,6584,27.55,6.94,4.623,0.258,0.554,0.203,1
SHOP_1766,2025-01,22,58168,54832,3336,5.73,12.11,1.42,0.166,0.157,0.129,1
SHOP_1767,2025-01,15,62980,52436,10544,16.74,17.51,4.946,0.138,0.322,0.472,0
SHOP_1768,2025-01,35,103501,83630,19871,19.2,1.43,3.384,0.328,0.401,0.48,1
SHOP_1769,2025-01,28,50276,24086,26190,52.09,8.02,2.371,0.06,0.772,0.457,1
SHOP_1770,2025-01,7,104616,86851,17765,16.98,3.59,3.106,0.44,0.736,0.291,0
SHOP_1771,2025-01,32,283398,208507,74891,26.43,14.06,1.435,0.39,0.227,0.07,1
SHOP_1772,2025-01,11,129424,80788,48636,37.58,2.56,1.443,0.095,0.593,0.638,0
SHOP_1773,2025-01,10,70710,63218,7492,10.6,13.46,0.656,0.347,0.246,0.355,0
SHOP_1774,2025-01,9,64331,46459,17872,27.78,6.08,0.659,0.301,0.939,0.285,1
SHOP_1775,2025-01,14,56973,33533,23440,41.14,4.38,1.804,0.092,0.905,0.412,1
SHOP_1776,2025-01,13,167117,86996,80121,47.94,18.76,3.838,0.137,0.544,0.135,1
SHOP_1777,2025-01,25,47140,30551,16589,35.19,0.86,3.079,0.204,0.67,0.093,1
SHOP_1778,2025-01,2,75482,47207,28275,37.46,9.04,0.603,0.35,0.765,0.284,0
SHOP_1779,2025-01,35,75799,69210,6589,8.69,0.92,4.276,0.319,0.691,0.159,0
SHOP_1780,2025-01,7,51470,24641,26829,52.13,9.93,3.047,0.266,0.671,0.171,1
SHOP_1781,2025-01,21,27981,25455,2526,9.03,10.27,4.808,0.384,0.911,0.625,0
SHOP_1782,2025-01,18,91682,52206,39476,43.06,6.77,3.384,0.379,0.575,0.372,1
SHOP_1783,2025-01,3,70073,58837,11236,16.04,3.08,0.958,0.309,0.612,0.338,0
SHOP_1784,2025-01,11,103795,50361,53434,51.48,7.84,2.422,0.393,0.81,0.483,0
SHOP_1785,2025-01,24,50336,30122,20214,40.16,13.61,3.278,0.167,0.643,0.666,1
SHOP_1786,2025-01,19,171884,99775,72109,41.95,15.76,0.238,0.441,0.702,0.079,1
SHOP_1787,2025-01,4,39587,34199,5388,13.61,10.85,0.173,0.307,0.238,0.583,0
SHOP_1788,2025-01,26,242420,180649,61771,25.48,12.0,0.734,0.411,0.365,0.409,0
SHOP_1789,2025-01,32,21518,14042,7476,34.74,4.41,1.333,0.273,0.157,0.102,1
SHOP_1790,2025-01,36,99145,56702,42443,42.81,6.1,2.205,0.109,0.49,0.208,1
SHOP_1791,2025-01,33,102007,94346,7661,7.51,3.66,2.488,0.271,0.444,0.338,0
SHOP_1792,2025-01,36,41903,19692,22211,53.01,5.36,0.776,0.186,0.947,0.484,1
SHOP_1793,2025-01,3,98428,50019,48409,49.18,4.89,3.4,0.349,0.588,0.17,1
SHOP_1794,2025-01,9,179093,149850,29243,16.33,10.63,3.021,0.238,0.751,0.374,0
SHOP_1795,2025-01,8,15494,8428,7066,45.61,11.47,1.543,0.418,0.331,0.479,0
SHOP_1796,2025-01,33,103977,73334,30643,29.47,18.93,0.167,0.339,0.793,0.314,1
SHOP_1797,2025-01,6,12768,9388,3380,26.48,4.31,0.48,0.342,0.592,0.604,0
SHOP_1798,2025-01,4,37199,30256,6943,18.67,13.01,2.019,0.109,0.668,0.609,0
SHOP_1799,2025-01,13,228757,153745,75012,32.79,16.44,0.854,0.492,0.294,0.329,0
SHOP_1800,2025-01,2,48667,28867,19800,40.68,11.42,1.946,0.421,0.53,0.681,0
SHOP_1801,2025-01,5,32154,24508,7646,23.78,5.47,3.178,0.395,0.61,0.053,1
SHOP_1802,2025-01,27,63668,41162,22506,35.35,5.62,2.781,0.165,0.568,0.002,1
SHOP_1803,2025-01,32,310996,189510,121486,39.06,1.27,1.233,0.268,0.871,0.266,1
SHOP_1804,2025-01,21,20289,12236,8053,39.69,6.46,1.785,0.069,0.855,0.421,1
SHOP_1805,2025-01,8,35034,33368,1666,4.75,15.02,3.109,0.269,0.923,0.44,0
SHOP_1806,2025-01,8,208606,109379,99227,47.57,1.43,4.318,0.073,0.641,0.334,1
SHOP_1807,2025-01,3,268442,197876,70566,26.29,4.78,3.791,0.277,0.924,0.087,1
SHOP_1808,2025-01,3,68023,57202,10821,15.91,14.27,2.812,0.324,0.794,0.119,1
SHOP_1809,2025-01,22,30720,26169,4551,14.81,15.76,1.875,0.195,0.272,0.597,0
SHOP_1810,2025-01,6,317137,229608,87529,27.6,9.38,1.889,0.249,0.418,0.608,0
SHOP_1811,2025-01,2,223264,113860,109404,49.0,14.11,4.409,0.438,0.242,0.472,0
SHOP_1812,2025-01,23,117626,91687,25939,22.05,8.07,0.292,0.054,0.024,0.465,1
SHOP_1813,2025-01,2,41412,24129,17283,41.74,3.62,4.941,0.396,0.195,0.418,1
SHOP_1814,2025-01,17,70663,65624,5039,7.13,8.26,3.355,0.085,0.024,0.142,0
SHOP_1815,2025-01,35,65365,47565,17800,27.23,11.81,3.438,0.018,0.689,0.3,1
SHOP_1816,2025-01,34,92189,41891,50298,54.56,18.99,0.286,0.093,0.416,0.487,1
SHOP_1817,2025-01,23,201935,115440,86495,42.83,1.84,3.067,0.383,0.311,0.376,1
SHOP_1818,2025-01,30,135346,117537,17809,13.16,10.39,2.475,0.203,0.728,0.013,1
SHOP_1819,2025-01,8,34401,24570,9831,28.58,6.91,0.618,0.436,0.794,0.667,1
SHOP_1820,2025-01,22,191673,164106,27567,14.38,10.41,1.462,0.262,0.927,0.591,0
SHOP_1821,2025-01,36,91053,69467,21586,23.71,0.97,4.463,0.011,0.617,0.182,1
SHOP_1822,2025-01,5,118296,67021,51275,43.34,6.6,2.795,0.358,0.449,0.432,0
SHOP_1823,2025-01,13,204144,116617,87527,42.87,16.49,2.126,0.055,0.304,0.646,0
SHOP_1824,2025-01,29,33587,28855,4732,14.09,11.3,0.456,0.395,0.227,0.067,0
SHOP_1825,2025-01,31,71319,35033,36286,50.88,9.29,3.599,0.084,0.218,0.352,1
SHOP_1826,2025-01,16,50412,33571,16841,33.41,6.07,3.544,0.173,0.401,0.319,1
SHOP_1827,2025-01,30,24404,19002,5402,22.14,6.31,3.109,0.381,0.942,0.287,1
SHOP_1828,2025-01,16,93218,66555,26663,28.6,7.97,2.6,0.477,0.021,0.585,0
SHOP_1829,2025-01,12,424255,279717,144538,34.07,16.79,2.226,0.186,0.203,0.266,0
SHOP_1830,2025-01,17,20170,13781,6389,31.67,19.36,3.007,0.415,0.195,0.045,1
SHOP_1831,2025-01,16,71496,51635,19861,27.78,9.05,1.244,0.095,0.687,0.046,1
SHOP_1832,2025-01,12,114506,81572,32934,28.76,8.17,4.712,0.404,0.348,0.03,1
SHOP_1833,2025-01,8,79710,70663,9047,11.35,17.01,2.985,0.329,0.445,0.286,0
SHOP_1834,2025-01,20,67563,37109,30454,45.07,8.82,1.625,0.096,0.158,0.503,1
SHOP_1835,2025-01,3,29453,20407,9046,30.71,11.26,2.303,0.151,0.397,0.143,0
SHOP_1836,2025-01,16,86073,78372,7701,8.95,5.0,4.048,0.066,0.116,0.453,0
SHOP_1837,2025-01,30,43056,24711,18345,42.61,15.0,0.892,0.191,0.516,0.481,1
SHOP_1838,2025-01,23,15789,7670,8119,51.42,10.87,1.535,0.102,0.111,0.179,1
SHOP_1839,2025-01,28,168757,80654,88103,52.21,16.28,3.43,0.322,0.755,0.42,1
SHOP_1840,2025-01,5,143039,112203,30836,21.56,15.72,1.646,0.497,0.547,0.479,1
SHOP_1841,2025-01,20,75823,68861,6962,9.18,4.69,3.983,0.006,0.693,0.327,1
SHOP_1842,2025-01,1,85850,60546,25304,29.48,14.45,0.739,0.27,0.409,0.236,1
SHOP_1843,2025-01,30,155131,142770,12361,7.97,16.1,3.837,0.287,0.375,0.433,0
SHOP_1844,2025-01,21,85566,41498,44068,51.5,7.25,0.435,0.457,0.111,0.684,0
SHOP_1845,2025-01,20,137697,121546,16151,11.73,3.87,0.162,0.253,0.507,0.299,1
SHOP_1846,2025-01,6,59383,50240,9143,15.4,0.55,4.501,0.272,0.498,0.274,0
SHOP_1847,2025-01,22,183210,140061,43149,23.55,9.29,2.949,0.236,0.455,0.325,1
SHOP_1848,2025-01,18,91542,71121,20421,22.31,7.37,1.824,0.134,0.709,0.053,1
SHOP_1849,2025-01,8,83771,46814,36957,44.12,11.32,1.24,0.028,0.794,0.387,1
SHOP_1850,2025-01,32,30060,22189,7871,26.18,4.17,3.123,0.204,0.718,0.23,1
SHOP_1851,2025-01,33,89399,79520,9879,11.05,17.26,2.594,0.026,0.154,0.085,1
SHOP_1852,2025-01,16,40849,34247,6602,16.16,5.53,4.959,0.275,0.599,0.326,1
SHOP_1853,2025-01,12,46780,33222,13558,28.98,4.92,4.918,0.154,0.095,0.002,0
SHOP_1854,2025-01,34,41326,37270,4056,9.82,9.87,3.212,0.267,0.666,0.281,0
SHOP_1855,2025-01,14,34670,22737,11933,34.42,10.23,2.27,0.067,0.375,0.074,0
SHOP_1856,2025-01,36,323625,220115,103510,31.98,4.69,2.507,0.466,0.143,0.017,1
SHOP_1857,2025-01,33,185709,111650,74059,39.88,5.8,3.444,0.447,0.822,0.577,1
SHOP_1858,2025-01,23,280480,135476,145004,51.7,3.81,0.598,0.095,0.591,0.641,1
SHOP_1859,2025-01,2,31069,15426,15643,50.35,14.51,1.709,0.172,0.35,0.145,0
SHOP_1860,2025-01,21,76871,36789,40082,52.14,15.52,0.469,0.307,0.049,0.378,1
SHOP_1861,2025-01,2,29571,25144,4427,14.97,9.52,0.459,0.048,0.52,0.195,0
SHOP_1862,2025-01,27,44937,40905,4032,8.97,14.42,1.06,0.177,0.879,0.346,1
SHOP_1863,2025-01,9,38458,31528,6930,18.02,14.85,2.478,0.126,0.575,0.306,0
SHOP_1864,2025-01,1,174156,88054,86102,49.44,3.2,3.945,0.458,0.924,0.188,1
SHOP_1865,2025-01,11,55417,25758,29659,53.52,19.34,2.479,0.426,0.147,0.49,0
SHOP_1866,2025-01,3,154487,81037,73450,47.54,16.51,1.744,0.29,0.549,0.089,0
SHOP_1867,2025-01,23,111623,102882,8741,7.83,4.49,0.504,0.26,0.762,0.037,1
SHOP_1868,2025-01,26,366791,175276,191515,52.21,4.13,2.796,0.465,0.509,0.537,1
SHOP_1869,2025-01,4,25962,19617,6345,24.44,2.95,1.429,0.466,0.105,0.466,0
SHOP_1870,2025-01,18,176568,172165,4403,2.49,3.2,3.113,0.485,0.562,0.349,0
SHOP_1871,2025-01,6,163164,121644,41520,25.45,15.09,4.888,0.063,0.589,0.327,0
SHOP_1872,2025-01,35,36999,35356,1643,4.44,9.66,0.645,0.08,0.698,0.348,1
SHOP_1873,2025-01,22,148004,102381,45623,30.83,15.77,1.139,0.338,0.728,0.306,0
SHOP_1874,2025-01,15,92531,74077,18454,19.94,15.05,2.418,0.271,0.737,0.275,1
SHOP_1875,2025-01,22,62365,45469,16896,27.09,12.29,4.846,0.009,0.637,0.35,1
SHOP_1876,2025-01,12,41079,26908,14171,34.5,13.88,3.882,0.031,0.221,0.37,0
SHOP_1877,2025-01,18,44206,22967,21239,48.05,0.86,4.501,0.444,0.396,0.484,0
SHOP_1878,2025-01,35,307082,193214,113868,37.08,6.58,1.735,0.434,0.742,0.498,1
SHOP_1879,2025-01,30,73165,54870,18295,25.0,12.94,4.961,0.179,0.907,0.264,1
SHOP_1880,2025-01,24,126436,68997,57439,45.43,0.68,0.604,0.446,0.093,0.289,0
SHOP_1881,2025-01,30,42040,21022,21018,50.0,1.14,0.36,0.297,0.518,0.262,1
SHOP_1882,2025-01,14,42366,38830,3536,8.35,17.11,4.292,0.403,0.311,0.376,0
SHOP_1883,2025-01,6,155965,108875,47090,30.19,13.84,4.644,0.214,0.23,0.317,0
SHOP_1884,2025-01,3,28433,23577,4856,17.08,5.67,0.544,0.057,0.49,0.623,0
SHOP_1885,2025-01,16,54685,52227,2458,4.49,13.92,0.656,0.217,0.584,0.487,1
SHOP_1886,2025-01,7,74893,46858,28035,37.43,15.95,0.263,0.229,0.029,0.629,0
SHOP_1887,2025-01,14,79060,41327,37733,47.73,6.48,0.612,0.275,0.746,0.496,0
SHOP_1888,2025-01,9,64514,57654,6860,10.63,1.2,1.126,0.053,0.782,0.68,0
SHOP_1889,2025-01,15,96478,53007,43471,45.06,18.69,4.853,0.496,0.918,0.445,1
SHOP_1890,2025-01,21,118777,62679,56098,47.23,7.23,3.373,0.122,0.188,0.674,0
SHOP_1891,2025-01,35,122302,60588,61714,50.46,2.58,3.915,0.099,0.573,0.111,1
SHOP_1892,2025-01,2,36678,30787,5891,16.06,10.09,3.903,0.263,0.417,0.037,0
SHOP_1893,2025-01,27,59940,30024,29916,49.91,15.49,2.722,0.269,0.331,0.405,1
SHOP_1894,2025-01,2,168777,136718,32059,19.0,4.82,4.008,0.22,0.546,0.688,0
SHOP_1895,2025-01,35,136797,94015,42782,31.27,5.76,3.019,0.386,0.748,0.292,1
SHOP_1896,2025-01,18,27973,26665,1308,4.68,5.23,1.641,0.258,0.041,0.148,0
SHOP_1897,2025-01,14,93530,89484,4046,4.33,19.84,2.849,0.305,0.922,0.365,0
SHOP_1898,2025-01,20,18311,10954,7357,40.18,4.35,2.714,0.362,0.773,0.454,1
SHOP_1899,2025-01,18,75573,56258,19315,25.56,11.72,4.135,0.013,0.719,0.221,0
SHOP_1900,2025-01,10,276078,233055,43023,15.58,18.54,4.91,0.285,0.727,0.5,0
SHOP_1901,2025-01,25,37665,33111,4554,12.09,3.36,2.114,0.442,0.382,0.683,0
SHOP_1902,2025-01,2,40781,25485,15296,37.51,19.43,3.841,0.009,0.719,0.628,1
SHOP_1903,2025-01,25,124844,122321,2523,2.02,18.98,0.589,0.203,0.38,0.204,1
SHOP_1904,2025-01,33,24836,13731,11105,44.71,17.75,3.906,0.463,0.856,0.229,1
SHOP_1905,2025-01,36,46961,44049,2912,6.2,4.68,1.92,0.177,0.185,0.26,1
SHOP_1906,2025-01,31,111025,97537,13488,12.15,12.86,0.293,0.229,0.292,0.276,0
SHOP_1907,2025-01,14,46911,36370,10541,22.47,15.34,1.88,0.491,0.533,0.07,0
SHOP_1908,2025-01,1,61996,44825,17171,27.7,19.73,3.092,0.1,0.317,0.533,0
SHOP_1909,2025-01,16,123122,97494,25628,20.81,4.02,0.684,0.033,0.415,0.256,1
SHOP_1910,2025-01,3,98232,79570,18662,19.0,15.44,4.628,0.43,0.478,0.616,0
SHOP_1911,2025-01,35,88148,41352,46796,53.09,7.11,0.481,0.434,0.816,0.649,1
SHOP_1912,2025-01,6,57677,36911,20766,36.0,3.92,4.657,0.236,0.507,0.017,0
SHOP_1913,2025-01,25,94754,91682,3072,3.24,8.72,3.565,0.257,0.357,0.692,0
SHOP_1914,2025-01,13,67063,50432,16631,24.8,15.98,1.716,0.418,0.25,0.497,0
SHOP_1915,2025-01,34,100757,52015,48742,48.38,9.56,2.015,0.369,0.4,0.364,1
SHOP_1916,2025-01,8,51645,42361,9284,17.98,10.98,3.73,0.133,0.5,0.273,0
SHOP_1917,2025-01,21,64357,59845,4512,7.01,19.91,3.047,0.008,0.714,0.363,0
SHOP_1918,2025-01,34,36572,21141,15431,42.19,8.28,3.391,0.24,0.133,0.227,1
SHOP_1919,2025-01,4,71360,47013,24347,34.12,12.5,2.007,0.429,0.226,0.436,0
SHOP_1920,2025-01,25,41452,28093,13359,32.23,7.62,2.49,0.448,0.373,0.065,1
SHOP_1921,2025-01,15,33529,31906,1623,4.84,8.16,4.95,0.478,0.355,0.435,0
SHOP_1922,2025-01,4,87646,79367,8279,9.45,14.06,1.148,0.44,0.384,0.193,0
SHOP_1923,2025-01,12,84874,55172,29702,35.0,18.79,2.147,0.29,0.758,0.012,1
SHOP_1924,2025-01,32,126502,110038,16464,13.01,11.08,1.53,0.222,0.321,0.387,0
SHOP_1925,2025-01,32,54080,38551,15529,28.72,15.48,3.849,0.387,0.487,0.405,0
SHOP_1926,2025-01,28,97308,67261,30047,30.88,2.24,3.844,0.37,0.6,0.299,0
SHOP_1927,2025-01,13,107534,89225,18309,17.03,4.62,1.533,0.269,0.236,0.051,0
SHOP_1928,2025-01,31,99842,47658,52184,52.27,10.29,0.499,0.044,0.688,0.625,1
SHOP_1929,2025-01,14,41029,21889,19140,46.65,0.89,0.156,0.463,0.529,0.428,1
SHOP_1930,2025-01,20,81191,48483,32708,40.29,5.43,2.195,0.228,0.436,0.081,1
SHOP_1931,2025-01,18,94362,88574,5788,6.13,10.59,2.111,0.182,0.773,0.358,0
SHOP_1932,2025-01,29,73499,67895,5604,7.62,0.79,4.943,0.315,0.246,0.348,0
SHOP_1933,2025-01,6,16974,12201,4773,28.12,5.66,2.402,0.337,0.841,0.042,1
SHOP_1934,2025-01,32,81825,73219,8606,10.52,10.52,1.356,0.105,0.542,0.425,1
SHOP_1935,2025-01,29,344129,158822,185307,53.85,11.68,4.467,0.418,0.587,0.566,1
SHOP_1936,2025-01,2,56839,50927,5912,10.4,18.55,2.506,0.145,0.834,0.524,0
SHOP_1937,2025-01,23,43930,31702,12228,27.84,13.08,3.036,0.093,0.78,0.142,1
SHOP_1938,2025-01,19,94973,74745,20228,21.3,8.59,0.569,0.203,0.579,0.604,1
SHOP_1939,2025-01,31,91005,58346,32659,35.89,18.64,1.976,0.365,0.72,0.24,1
SHOP_1940,2025-01,5,168538,153641,14897,8.84,15.81,4.727,0.483,0.423,0.663,0
SHOP_1941,2025-01,19,30318,22797,7521,24.81,4.4,2.989,0.405,0.529,0.05,0
SHOP_1942,2025-01,34,122023,101817,20206,16.56,3.05,1.788,0.47,0.078,0.34,0
SHOP_1943,2025-01,10,110558,56328,54230,49.05,13.68,3.166,0.07,0.104,0.418,0
SHOP_1944,2025-01,25,66204,63456,2748,4.15,11.42,4.561,0.036,0.791,0.173,1
SHOP_1945,2025-01,2,92696,45952,46744,50.43,15.9,1.443,0.279,0.075,0.54,0
SHOP_1946,2025-01,11,150335,80957,69378,46.15,14.91,2.575,0.145,0.178,0.439,0
SHOP_1947,2025-01,31,134675,110742,23933,17.77,12.69,4.798,0.414,0.76,0.013,1
SHOP_1948,2025-01,15,32856,18454,14402,43.83,19.73,0.945,0.336,0.021,0.426,0
SHOP_1949,2025-01,9,129847,125102,4745,3.65,10.9,3.626,0.485,0.283,0.344,0
SHOP_1950,2025-01,23,69893,32679,37214,53.24,2.71,3.111,0.127,0.563,0.137,1
SHOP_1951,2025-01,19,76958,53940,23018,29.91,16.65,3.43,0.243,0.574,0.697,0
SHOP_1952,2025-01,9,76975,63063,13912,18.07,5.41,1.821,0.251,0.743,0.628,1
SHOP_1953,2025-01,35,65830,51863,13967,21.22,15.66,1.638,0.12,0.491,0.205,1
SHOP_1954,2025-01,21,168416,159120,9296,5.52,19.16,3.453,0.295,0.494,0.379,0
SHOP_1955,2025-01,9,68968,31425,37543,54.44,14.09,1.156,0.222,0.695,0.222,1
SHOP_1956,2025-01,28,33400,32036,1364,4.08,12.12,2.156,0.223,0.484,0.543,0
SHOP_1957,2025-01,7,55522,35140,20382,36.71,9.48,1.022,0.181,0.586,0.651,0
SHOP_1958,2025-01,16,82875,61771,21104,25.47,7.61,0.141,0.008,0.855,0.251,1
SHOP_1959,2025-01,16,172897,82485,90412,52.29,7.38,4.853,0.261,0.393,0.564,1
SHOP_1960,2025-01,33,111543,94769,16774,15.04,12.91,2.215,0.168,0.378,0.349,1
SHOP_1961,2025-01,4,40321,28144,12177,30.2,15.15,4.85,0.001,0.023,0.278,0
SHOP_1962,2025-01,4,416496,301689,114807,27.56,13.73,0.788,0.154,0.59,0.657,0
SHOP_1963,2025-01,17,88022,53472,34550,39.25,4.37,2.978,0.139,0.048,0.357,0
SHOP_1964,2025-01,29,178577,168569,10008,5.6,10.13,1.085,0.197,0.489,0.327,0
SHOP_1965,2025-01,36,65762,57692,8070,12.27,15.94,3.971,0.066,0.768,0.471,1
SHOP_1966,2025-01,35,106229,92024,14205,13.37,9.78,3.94,0.254,0.531,0.183,1
SHOP_1967,2025-01,7,131614,77492,54122,41.12,10.96,0.652,0.346,0.271,0.227,0
SHOP_1968,2025-01,27,171568,150938,20630,12.02,15.54,4.569,0.315,0.751,0.652,1
SHOP_1969,2025-01,28,153301,103639,49662,32.4,13.39,1.054,0.402,0.271,0.475,0
SHOP_1970,2025-01,22,134664,116608,18056,13.41,8.48,3.104,0.226,0.702,0.579,0
SHOP_1971,2025-01,14,58656,30697,27959,47.67,17.96,4.93,0.26,0.588,0.19,1
SHOP_1972,2025-01,7,49010,23556,25454,51.94,3.67,4.424,0.405,0.178,0.381,0
SHOP_1973,2025-01,22,92302,65091,27211,29.48,19.91,4.787,0.214,0.862,0.68,0
SHOP_1974,2025-01,5,140532,111481,29051,20.67,2.82,1.779,0.351,0.207,0.223,0
SHOP_1975,2025-01,2,62573,53559,9014,14.41,0.79,0.617,0.217,0.94,0.112,0
SHOP_1976,2025-01,27,154141,146991,7150,4.64,17.86,1.023,0.209,0.027,0.358,0
SHOP_1977,2025-01,21,202163,169351,32812,16.23,5.28,2.552,0.38,0.265,0.271,1
SHOP_1978,2025-01,15,38506,24384,14122,36.67,14.73,3.987,0.087,0.206,0.112,0
SHOP_1979,2025-01,21,40707,28380,12327,30.28,16.31,0.836,0.169,0.033,0.622,0
SHOP_1980,2025-01,10,66286,31795,34491,52.03,17.25,3.333,0.112,0.701,0.694,1
SHOP_1981,2025-01,23,90701,69837,20864,23.0,19.84,1.686,0.18,0.665,0.398,1
SHOP_1982,2025-01,5,50655,31014,19641,38.77,6.23,1.772,0.115,0.757,0.542,0
SHOP_1983,2025-01,1,188441,135802,52639,27.93,14.35,3.343,0.29,0.259,0.601,0
SHOP_1984,2025-01,13,98405,69704,28701,29.17,2.75,2.388,0.399,0.433,0.491,0
SHOP_1985,2025-01,21,75178,63005,12173,16.19,8.43,4.079,0.393,0.633,0.031,1
SHOP_1986,2025-01,26,26765,19776,6989,26.11,17.04,0.864,0.182,0.429,0.11,1
SHOP_1987,2025-01,21,29113,21267,7846,26.95,7.67,3.971,0.494,0.669,0.05,1
SHOP_1988,2025-01,18,89028,53905,35123,39.45,12.03,0.415,0.297,0.61,0.007,1
SHOP_1989,2025-01,32,16435,7913,8522,51.85,10.32,1.051,0.2,0.127,0.214,1
SHOP_1990,2025-01,36,148575,119671,28904,19.45,13.1,3.315,0.418,0.746,0.275,1
SHOP_1991,2025-01,17,65466,62692,2774,4.24,19.47,4.289,0.365,0.69,0.169,0
SHOP_1992,2025-01,35,600000,430178,169822,28.3,1.59,1.338,0.375,0.63,0.045,1
SHOP_1993,2025-01,11,367891,254373,113518,30.86,11.69,1.703,0.098,0.164,0.371,0
SHOP_1994,2025-01,21,64408,57370,7038,10.93,17.33,2.732,0.234,0.269,0.191,0
SHOP_1995,2025-01,26,67885,39167,28718,42.3,9.89,1.137,0.431,0.386,0.557,1
SHOP_1996,2025-01,4,146812,67238,79574,54.2,2.03,4.075,0.252,0.28,0.006,1
SHOP_1997,2025-01,34,240920,115338,125582,52.13,11.43,3.891,0.342,0.232,0.59,1
SHOP_1998,2025-01,18,23234,20342,2892,12.45,6.98,0.812,0.294,0.769,0.668,0
SHOP_1999,2025-01,35,20943,10808,10135,48.39,3.52,2.373,0.421,0.614,0.501,1
SHOP_2000,2025-01,29,47315,28702,18613,39.34,17.06,3.897,0.142,0.546,0.514,1
SHOP_2001,2025-01,29,109965,81315,28650,26.05,10.67,1.753,0.288,0.23,0.653,0
SHOP_2002,2025-01,21,103550,71809,31741,30.65,18.7,3.202,0.062,0.874,0.146,0
SHOP_2003,2025-01,13,154638,81914,72724,47.03,16.22,0.346,0.345,0.198,0.696,0
SHOP_2004,2025-01,17,31578,22911,8667,27.45,14.01,3.083,0.366,0.759,0.541,0
SHOP_2005,2025-01,9,14454,11306,3148,21.78,0.6,0.848,0.021,0.919,0.509,0
SHOP_2006,2025-01,1,133334,95811,37523,28.14,8.84,4.17,0.338,0.696,0.253,0
SHOP_2007,2025-01,2,40956,27566,13390,32.69,4.35,1.842,0.207,0.943,0.382,1
SHOP_2008,2025-01,29,17802,15662,2140,12.02,18.26,1.48,0.062,0.625,0.458,0
SHOP_2009,2025-01,33,80947,40677,40270,49.75,3.9,4.22,0.21,0.222,0.434,1
SHOP_2010,2025-01,10,127417,79340,48077,37.73,6.08,0.346,0.097,0.21,0.493,1
SHOP_2011,2025-01,21,67142,43264,23878,35.56,10.58,2.043,0.208,0.322,0.058,0
SHOP_2012,2025-01,28,53077,49217,3860,7.27,5.64,1.913,0.192,0.027,0.249,0
SHOP_2013,2025-01,11,65411,43157,22254,34.02,4.59,1.496,0.369,0.654,0.304,0
SHOP_2014,2025-01,34,56421,51675,4746,8.41,12.18,4.568,0.387,0.27,0.182,0
SHOP_2015,2025-01,8,28463,26707,1756,6.17,2.23,3.78,0.304,0.778,0.121,0
SHOP_2016,2025-01,22,44344,31064,13280,29.95,1.63,0.413,0.011,0.354,0.097,1
SHOP_2017,2025-01,8,105334,80741,24593,23.35,7.76,3.602,0.466,0.466,0.256,0
SHOP_2018,2025-01,15,91599,61182,30417,33.21,14.55,2.684,0.343,0.918,0.345,0
SHOP_2019,2025-01,17,82260,76725,5535,6.73,11.32,4.514,0.017,0.245,0.044,0
SHOP_2020,2025-01,23,36439,27387,9052,24.84,8.75,1.633,0.409,0.691,0.663,0
SHOP_2021,2025-01,24,64405,57151,7254,11.26,11.53,2.913,0.1,0.722,0.536,0
SHOP_2022,2025-01,19,15932,7278,8654,54.32,7.63,2.554,0.29,0.226,0.512,1
SHOP_2023,2025-01,5,82862,56561,26301,31.74,18.75,2.499,0.233,0.486,0.121,0
SHOP_2024,2025-01,32,198829,122411,76418,38.43,1.57,2.335,0.21,0.346,0.423,1
SHOP_2025,2025-01,1,26059,21043,5016,19.25,13.63,1.108,0.445,0.738,0.371,0
SHOP_2026,2025-01,23,48526,45119,3407,7.02,17.88,3.803,0.219,0.599,0.688,0
SHOP_2027,2025-01,8,92076,42612,49464,53.72,16.18,2.312,0.038,0.463,0.523,1
SHOP_2028,2025-01,13,175780,145596,30184,17.17,4.09,4.797,0.473,0.745,0.403,0
SHOP_2029,2025-01,8,53436,40365,13071,24.46,6.27,1.378,0.46,0.239,0.596,1
SHOP_2030,2025-01,23,45045,28629,16416,36.44,14.48,3.445,0.342,0.721,0.109,1
SHOP_2031,2025-01,1,18430,17820,610,3.31,2.14,4.71,0.234,0.825,0.011,0
SHOP_2032,2025-01,24,78622,43286,35336,44.94,16.33,3.351,0.046,0.837,0.483,1
SHOP_2033,2025-01,35,305423,212456,92967,30.44,14.52,4.369,0.395,0.749,0.069,1
SHOP_2034,2025-01,24,88801,73931,14870,16.75,14.73,4.155,0.038,0.399,0.081,1
SHOP_2035,2025-01,17,71999,68208,3791,5.27,2.45,1.865,0.034,0.933,0.521,0
SHOP_2036,2025-01,5,91625,81901,9724,10.61,14.5,3.041,0.269,0.373,0.189,0
SHOP_2037,2025-01,20,72565,36691,35874,49.44,13.76,0.866,0.08,0.614,0.44,1
SHOP_2038,2025-01,21,41394,25516,15878,38.36,16.7,2.724,0.004,0.17,0.642,0
SHOP_2039,2025-01,31,130131,110293,19838,15.24,1.31,1.229,0.212,0.932,0.222,1
SHOP_2040,2025-01,36,85651,80960,4691,5.48,0.95,3.744,0.069,0.675,0.152,1
SHOP_2041,2025-01,11,74038,45457,28581,38.6,7.77,2.687,0.08,0.721,0.075,1
SHOP_2042,2025-01,15,36947,24999,11948,32.34,3.4,2.115,0.038,0.081,0.091,1
SHOP_2043,2025-01,19,182126,139437,42689,23.44,11.39,1.417,0.103,0.73,0.044,1
SHOP_2044,2025-01,7,116459,91687,24772,21.27,18.39,4.994,0.358,0.74,0.061,1
SHOP_2045,2025-01,28,49660,42960,6700,13.49,8.13,0.451,0.404,0.645,0.302,1
SHOP_2046,2025-01,5,147455,92175,55280,37.49,16.98,0.313,0.226,0.291,0.225,0
SHOP_2047,2025-01,5,51622,24032,27590,53.45,0.5,1.165,0.253,0.475,0.495,0
SHOP_2048,2025-01,30,42302,37516,4786,11.31,3.79,4.858,0.016,0.123,0.609,1
SHOP_2049,2025-01,32,42968,28510,14458,33.65,1.09,4.898,0.035,0.459,0.549,1
SHOP_2050,2025-01,8,21168,15986,5182,24.48,6.9,3.309,0.129,0.247,0.371,0
SHOP_2051,2025-01,10,101730,75611,26119,25.67,18.21,4.413,0.272,0.345,0.072,1
SHOP_2052,2025-01,32,20296,17156,3140,15.47,2.39,1.148,0.37,0.171,0.497,0
SHOP_2053,2025-01,28,30949,16795,14154,45.73,12.32,4.863,0.303,0.234,0.254,1
SHOP_2054,2025-01,17,17104,12363,4741,27.72,9.3,0.8,0.196,0.091,0.06,0
SHOP_2055,2025-01,31,68855,47647,21208,30.8,18.8,0.596,0.059,0.876,0.59,1
SHOP_2056,2025-01,8,65826,53877,11949,18.15,2.89,0.65,0.39,0.513,0.237,0
SHOP_2057,2025-01,25,58181,51411,6770,11.64,4.63,2.908,0.182,0.389,0.153,0
SHOP_2058,2025-01,9,35249,32939,2310,6.55,1.08,3.927,0.368,0.518,0.61,0
SHOP_2059,2025-01,2,32191,19363,12828,39.85,8.96,1.897,0.256,0.604,0.631,0
SHOP_2060,2025-01,15,101221,88669,12552,12.4,5.92,4.892,0.369,0.877,0.237,1
SHOP_2061,2025-01,3,49742,30555,19187,38.57,17.46,2.229,0.454,0.186,0.248,0
SHOP_2062,2025-01,36,91258,70552,20706,22.69,12.3,0.837,0.461,0.295,0.406,1
SHOP_2063,2025-01,4,39353,29894,9459,24.04,12.47,2.383,0.268,0.927,0.513,1
SHOP_2064,2025-01,14,83012,60710,22302,26.87,10.87,3.427,0.256,0.365,0.044,1
SHOP_2065,2025-01,25,182097,142967,39130,21.49,2.29,4.178,0.133,0.041,0.415,1
SHOP_2066,2025-01,10,110229,102146,8083,7.33,9.18,2.348,0.468,0.157,0.667,0
SHOP_2067,2025-01,21,54793,44705,10088,18.41,19.99,3.009,0.229,0.044,0.183,0
SHOP_2068,2025-01,36,87556,55004,32552,37.18,16.79,1.41,0.064,0.941,0.636,1
SHOP_2069,2025-01,12,61792,38752,23040,37.29,17.92,3.265,0.216,0.279,0.665,0
SHOP_2070,2025-01,27,73535,60909,12626,17.17,16.55,4.931,0.064,0.879,0.188,1
SHOP_2071,2025-01,2,58225,42862,15363,26.39,2.51,0.34,0.251,0.946,0.528,0
SHOP_2072,2025-01,13,65184,57197,7987,12.25,4.94,4.444,0.281,0.578,0.167,1
SHOP_2073,2025-01,32,84835,73679,11156,13.15,0.56,2.855,0.169,0.051,0.516,1
SHOP_2074,2025-01,31,36485,35310,1175,3.22,6.42,1.335,0.036,0.096,0.558,1
SHOP_2075,2025-01,16,35914,18127,17787,49.53,2.62,4.779,0.472,0.468,0.173,0
SHOP_2076,2025-01,32,27668,24025,3643,13.17,9.72,2.468,0.387,0.398,0.501,0
SHOP_2077,2025-01,32,23856,20502,3354,14.06,13.7,1.725,0.419,0.584,0.568,0
SHOP_2078,2025-01,34,31192,25946,5246,16.82,17.55,0.989,0.183,0.428,0.251,1
SHOP_2079,2025-01,11,81767,74610,7157,8.75,15.11,1.298,0.38,0.889,0.117,0
SHOP_2080,2025-01,10,39146,25100,14046,35.88,18.8,4.181,0.243,0.517,0.064,1
SHOP_2081,2025-01,15,104771,98503,6268,5.98,1.55,3.111,0.101,0.665,0.403,0
SHOP_2082,2025-01,17,74929,68101,6828,9.11,0.74,4.575,0.062,0.854,0.685,0
SHOP_2083,2025-01,18,18436,11767,6669,36.17,13.4,1.237,0.173,0.157,0.576,0
SHOP_2084,2025-01,9,115668,92532,23136,20.0,6.14,0.694,0.069,0.234,0.305,0
SHOP_2085,2025-01,25,128999,78017,50982,39.52,5.44,0.13,0.499,0.12,0.376,1
SHOP_2086,2025-01,14,36472,24967,11505,31.54,6.95,2.589,0.025,0.15,0.196,1
SHOP_2087,2025-01,25,98138,82859,15279,15.57,5.76,4.992,0.221,0.497,0.114,0
SHOP_2088,2025-01,22,40153,25500,14653,36.49,10.47,3.505,0.226,0.319,0.337,0
SHOP_2089,2025-01,30,78305,71913,6392,8.16,9.08,1.611,0.15,0.414,0.324,0
SHOP_2090,2025-01,20,30177,20994,9183,30.43,10.49,4.397,0.286,0.934,0.365,1
SHOP_2091,2025-01,21,20844,15598,5246,25.17,13.62,3.93,0.075,0.166,0.667,0
SHOP_2092,2025-01,32,55940,46879,9061,16.2,8.05,0.176,0.392,0.523,0.423,1
SHOP_2093,2025-01,21,67063,44253,22810,34.01,5.4,4.103,0.166,0.112,0.424,0
SHOP_2094,2025-01,35,55361,28688,26673,48.18,3.74,1.573,0.296,0.316,0.09,1
SHOP_2095,2025-01,32,31926,14385,17541,54.94,7.31,0.833,0.358,0.511,0.698,1
SHOP_2096,2025-01,30,55275,36365,18910,34.21,14.97,1.209,0.445,0.9,0.541,1
SHOP_2097,2025-01,12,88301,67595,20706,23.45,15.26,2.396,0.418,0.384,0.614,0
SHOP_2098,2025-01,18,70868,60992,9876,13.94,13.5,2.182,0.304,0.08,0.29,0
SHOP_2099,2025-01,21,83096,70111,12985,15.63,5.06,1.516,0.194,0.381,0.351,0
SHOP_2100,2025-01,13,45749,33209,12540,27.41,11.97,0.944,0.252,0.156,0.365,0
SHOP_2101,2025-01,21,166076,130427,35649,21.47,11.63,3.835,0.384,0.234,0.136,0
SHOP_2102,2025-01,8,32102,15912,16190,50.43,9.94,4.952,0.439,0.595,0.483,0
SHOP_2103,2025-01,7,102877,80738,22139,21.52,11.22,3.911,0.052,0.083,0.632,0
SHOP_2104,2025-01,23,167263,130812,36451,21.79,10.09,1.55,0.192,0.452,0.115,0
SHOP_2105,2025-01,32,102399,79536,22863,22.33,11.53,1.3,0.388,0.587,0.06,1
SHOP_2106,2025-01,11,63464,34054,29410,46.34,14.45,1.167,0.216,0.412,0.517,0
SHOP_2107,2025-01,22,50523,32086,18437,36.49,2.64,0.77,0.166,0.038,0.191,0
SHOP_2108,2025-01,22,151034,98850,52184,34.55,15.12,2.802,0.206,0.937,0.437,1
SHOP_2109,2025-01,25,27009,21686,5323,19.71,3.15,3.066,0.301,0.361,0.487,0
SHOP_2110,2025-01,22,37083,20266,16817,45.35,1.8,3.557,0.5,0.744,0.225,1
SHOP_2111,2025-01,28,55365,53132,2233,4.03,19.53,3.433,0.246,0.323,0.571,0
SHOP_2112,2025-01,29,173921,90174,83747,48.15,19.16,1.532,0.104,0.462,0.385,1
SHOP_2113,2025-01,13,95400,67566,27834,29.18,1.68,1.719,0.081,0.381,0.608,0
SHOP_2114,2025-01,18,37137,28556,8581,23.11,9.14,3.439,0.021,0.339,0.534,0
SHOP_2115,2025-01,2,58852,42168,16684,28.35,4.13,1.812,0.279,0.04,0.608,0
SHOP_2116,2025-01,29,47571,29792,17779,37.37,9.96,1.142,0.272,0.355,0.014,1
SHOP_2117,2025-01,21,44496,43305,1191,2.68,16.69,1.934,0.103,0.847,0.17,1
SHOP_2118,2025-01,15,145106,75176,69930,48.19,19.04,1.433,0.348,0.662,0.063,1
SHOP_2119,2025-01,27,27995,20807,7188,25.68,12.87,0.533,0.371,0.155,0.309,1
SHOP_2120,2025-01,31,225516,180013,45503,20.18,7.4,4.168,0.13,0.57,0.623,0
SHOP_2121,2025-01,15,130583,118404,12179,9.33,12.26,4.28,0.172,0.85,0.327,0
SHOP_2122,2025-01,23,156938,117246,39692,25.29,6.58,1.177,0.495,0.671,0.595,0
SHOP_2123,2025-01,24,52889,37919,14970,28.31,18.24,0.417,0.187,0.158,0.229,1
SHOP_2124,2025-01,13,65844,50441,15403,23.39,17.47,3.72,0.38,0.827,0.238,0
SHOP_2125,2025-01,22,26817,16635,10182,37.97,11.39,1.136,0.226,0.3,0.627,0
SHOP_2126,2025-01,33,50652,38340,12312,24.31,6.83,2.028,0.397,0.442,0.298,0
SHOP_2127,2025-01,3,103317,48605,54712,52.96,6.22,0.414,0.385,0.509,0.553,0
SHOP_2128,2025-01,19,181180,120011,61169,33.76,1.15,1.209,0.334,0.811,0.166,1
SHOP_2129,2025-01,23,33691,18599,15092,44.8,16.41,3.985,0.427,0.886,0.664,0
SHOP_2130,2025-01,29,56622,52208,4414,7.8,9.28,4.042,0.47,0.885,0.402,0
SHOP_2131,2025-01,30,65781,50614,15167,23.06,6.84,1.115,0.29,0.027,0.532,1
SHOP_2132,2025-01,25,27528,22063,5465,19.85,9.69,1.746,0.119,0.877,0.063,1
SHOP_2133,2025-01,8,110630,75026,35604,32.18,16.47,0.758,0.199,0.071,0.345,0
SHOP_2134,2025-01,16,44056,23068,20988,47.64,2.93,0.463,0.379,0.267,0.631,0
SHOP_2135,2025-01,8,63782,59858,3924,6.15,17.22,4.962,0.325,0.499,0.614,0
SHOP_2136,2025-01,1,53297,50181,3116,5.85,18.0,3.312,0.089,0.466,0.033,0
SHOP_2137,2025-01,5,42086,22277,19809,47.07,18.96,2.756,0.026,0.582,0.213,0
SHOP_2138,2025-01,3,72771,63106,9665,13.28,8.25,3.851,0.341,0.466,0.31,0
SHOP_2139,2025-01,1,62886,39339,23547,37.44,4.73,4.216,0.126,0.889,0.121,1
SHOP_2140,2025-01,4,56370,39024,17346,30.77,7.79,4.053,0.25,0.244,0.511,0
SHOP_2141,2025-01,35,43918,23653,20265,46.14,6.99,0.181,0.373,0.275,0.129,1
SHOP_2142,2025-01,32,91461,83568,7893,8.63,3.94,1.015,0.281,0.876,0.243,1
SHOP_2143,2025-01,34,232706,212045,20661,8.88,12.34,3.309,0.042,0.091,0.464,0
SHOP_2144,2025-01,25,80654,55239,25415,31.51,9.79,1.941,0.093,0.587,0.337,1
SHOP_2145,2025-01,10,146867,70264,76603,52.16,17.38,4.914,0.11,0.654,0.517,0
SHOP_2146,2025-01,21,27635,21004,6631,23.99,1.13,3.36,0.129,0.49,0.673,0
SHOP_2147,2025-01,27,81669,65884,15785,19.33,13.06,4.787,0.283,0.666,0.082,0
SHOP_2148,2025-01,27,33923,22337,11586,34.15,15.38,1.087,0.252,0.181,0.497,1
SHOP_2149,2025-01,2,26008,12662,13346,51.31,15.31,4.333,0.102,0.813,0.161,1
SHOP_2150,2025-01,13,43584,23380,20204,46.36,17.78,1.675,0.034,0.15,0.29,1
SHOP_2151,2025-01,9,168439,76201,92238,54.76,14.72,4.949,0.086,0.393,0.023,1
SHOP_2152,2025-01,36,142203,137658,4545,3.2,18.59,0.873,0.492,0.09,0.095,0
SHOP_2153,2025-01,22,86691,79772,6919,7.98,6.99,2.63,0.234,0.527,0.224,0
SHOP_2154,2025-01,26,25012,16432,8580,34.3,10.31,3.985,0.434,0.643,0.239,1
SHOP_2155,2025-01,12,63742,34745,28997,45.49,0.77,2.22,0.424,0.895,0.63,0
SHOP_2156,2025-01,17,90327,74865,15462,17.12,0.64,2.394,0.256,0.708,0.519,0
SHOP_2157,2025-01,14,82692,70554,12138,14.68,5.18,4.933,0.353,0.523,0.681,0
SHOP_2158,2025-01,14,20117,11324,8793,43.71,2.47,2.184,0.096,0.887,0.419,1
SHOP_2159,2025-01,34,39214,37258,1956,4.99,5.57,3.06,0.344,0.465,0.169,0
SHOP_2160,2025-01,20,69923,54836,15087,21.58,3.95,0.367,0.136,0.542,0.229,1
SHOP_2161,2025-01,11,106447,75782,30665,28.81,1.06,4.227,0.416,0.574,0.224,1
SHOP_2162,2025-01,16,15720,10737,4983,31.7,18.23,3.276,0.042,0.401,0.229,1
SHOP_2163,2025-01,31,65285,38768,26517,40.62,0.66,2.08,0.387,0.8,0.471,1
SHOP_2164,2025-01,6,80832,64013,16819,20.81,14.85,0.179,0.05,0.192,0.372,0
SHOP_2165,2025-01,19,132552,86858,45694,34.47,3.47,2.999,0.441,0.536,0.27,1
SHOP_2166,2025-01,4,118777,79551,39226,33.02,18.29,0.162,0.152,0.692,0.104,1
SHOP_2167,2025-01,4,109952,75841,34111,31.02,17.91,0.106,0.327,0.861,0.015,1
SHOP_2168,2025-01,20,41775,26759,15016,35.95,13.25,3.119,0.244,0.842,0.153,1
SHOP_2169,2025-01,10,19233,16204,3029,15.75,13.61,1.026,0.183,0.493,0.075,0
SHOP_2170,2025-01,24,55540,51937,3603,6.49,0.6,1.04,0.323,0.618,0.55,1
SHOP_2171,2025-01,35,147435,135166,12269,8.32,19.7,3.301,0.474,0.387,0.079,1
SHOP_2172,2025-01,26,193962,166996,26966,13.9,17.62,0.363,0.021,0.455,0.507,0
SHOP_2173,2025-01,21,120257,85971,34286,28.51,17.95,1.636,0.459,0.863,0.27,1
SHOP_2174,2025-01,21,98769,52798,45971,46.54,13.36,0.832,0.305,0.886,0.051,1
SHOP_2175,2025-01,10,95392,58028,37364,39.17,7.22,2.943,0.404,0.853,0.569,0
SHOP_2176,2025-01,4,49549,27837,21712,43.82,17.93,3.343,0.192,0.149,0.406,0
SHOP_2177,2025-01,20,66767,53012,13755,20.6,6.18,3.634,0.236,0.811,0.165,1
SHOP_2178,2025-01,17,235237,180082,55155,23.45,11.47,1.351,0.434,0.902,0.626,0
SHOP_2179,2025-01,7,37805,29161,8644,22.87,2.44,0.537,0.207,0.356,0.032,1
SHOP_2180,2025-01,4,226465,198906,27559,12.17,18.48,0.486,0.267,0.502,0.141,0
SHOP_2181,2025-01,29,58371,55310,3061,5.24,3.25,2.188,0.01,0.745,0.526,1
SHOP_2182,2025-01,14,184943,123323,61620,33.32,4.89,4.735,0.079,0.543,0.497,0
SHOP_2183,2025-01,3,27316,12448,14868,54.43,11.38,1.167,0.321,0.944,0.202,0
SHOP_2184,2025-01,24,110209,98260,11949,10.84,15.4,1.358,0.358,0.444,0.043,0
SHOP_2185,2025-01,16,43663,41709,1954,4.47,12.58,0.594,0.291,0.684,0.601,0
SHOP_2186,2025-01,4,27155,15393,11762,43.32,5.03,3.067,0.072,0.757,0.22,0
SHOP_2187,2025-01,24,85219,72106,13113,15.39,0.52,3.431,0.223,0.48,0.137,1
SHOP_2188,2025-01,34,148246,80096,68150,45.97,15.26,3.25,0.178,0.817,0.361,1
SHOP_2189,2025-01,30,40479,24567,15912,39.31,19.71,4.32,0.248,0.528,0.637,1
SHOP_2190,2025-01,18,25609,12261,13348,52.12,16.29,2.483,0.435,0.403,0.03,1
SHOP_2191,2025-01,19,68577,52343,16234,23.67,9.47,0.759,0.388,0.12,0.536,0
SHOP_2192,2025-01,31,68789,43279,25510,37.08,18.12,1.518,0.042,0.386,0.401,1
SHOP_2193,2025-01,19,107347,78753,28594,26.64,8.49,3.346,0.445,0.703,0.298,1
SHOP_2194,2025-01,19,142161,91806,50355,35.42,10.74,3.104,0.236,0.877,0.521,0
SHOP_2195,2025-01,22,70151,52032,18119,25.83,9.8,2.702,0.372,0.254,0.676,0
SHOP_2196,2025-01,24,268029,235872,32157,12.0,9.23,3.447,0.07,0.35,0.16,1
SHOP_2197,2025-01,12,85559,60817,24742,28.92,15.62,3.223,0.335,0.163,0.101,0
SHOP_2198,2025-01,30,57383,40160,17223,30.01,10.77,4.418,0.118,0.662,0.639,1
SHOP_2199,2025-01,31,23669,13027,10642,44.96,6.68,2.971,0.219,0.913,0.468,1
SHOP_2200,2025-01,36,60848,35911,24937,40.98,5.53,3.915,0.008,0.616,0.307,1
SHOP_2201,2025-01,19,57788,36302,21486,37.18,1.24,1.319,0.076,0.594,0.401,1
SHOP_2202,2025-01,36,143231,131759,11472,8.01,11.87,3.423,0.046,0.535,0.522,0
SHOP_2203,2025-01,30,101087,60457,40630,40.19,4.98,4.521,0.12,0.102,0.541,0
SHOP_2204,2025-01,33,32030,22896,9134,28.52,3.39,1.99,0.05,0.698,0.644,1
SHOP_2205,2025-01,18,82502,41757,40745,49.39,13.25,3.918,0.346,0.58,0.299,0
SHOP_2206,2025-01,28,117017,57627,59390,50.75,13.78,3.651,0.015,0.635,0.205,1
SHOP_2207,2025-01,11,213122,202629,10493,4.92,15.17,0.392,0.309,0.856,0.448,1
SHOP_2208,2025-01,33,136115,74191,61924,45.49,10.32,2.949,0.07,0.749,0.291,1
SHOP_2209,2025-01,17,124566,119586,4980,4.0,17.93,0.738,0.473,0.746,0.416,0
SHOP_2210,2025-01,6,76272,59904,16368,21.46,18.76,4.84,0.467,0.882,0.294,1
SHOP_2211,2025-01,4,95973,66469,29504,30.74,16.24,4.076,0.113,0.941,0.107,0
SHOP_2212,2025-01,20,175370,158097,17273,9.85,12.89,0.638,0.307,0.561,0.329,0
SHOP_2213,2025-01,27,28769,16814,11955,41.55,6.42,0.697,0.014,0.121,0.484,1
SHOP_2214,2025-01,15,57262,55863,1399,2.44,19.67,3.013,0.466,0.447,0.559,0
SHOP_2215,2025-01,6,42583,37926,4657,10.94,5.85,1.79,0.261,0.752,0.345,0
SHOP_2216,2025-01,14,95359,64098,31261,32.78,4.45,0.271,0.022,0.046,0.116,1
SHOP_2217,2025-01,11,173019,104049,68970,39.86,9.12,2.754,0.171,0.073,0.29,0
SHOP_2218,2025-01,9,48152,23796,24356,50.58,1.61,2.0,0.038,0.082,0.55,0
SHOP_2219,2025-01,26,13722,8317,5405,39.39,19.58,0.595,0.196,0.7,0.289,1
SHOP_2220,2025-01,16,54800,34193,20607,37.6,11.97,4.029,0.335,0.486,0.488,0
SHOP_2221,2025-01,5,138612,106870,31742,22.9,11.36,4.584,0.235,0.363,0.355,0
SHOP_2222,2025-01,10,106547,104344,2203,2.07,13.29,3.807,0.192,0.118,0.169,1
SHOP_2223,2025-01,3,98689,90430,8259,8.37,10.19,4.13,0.06,0.701,0.557,0
SHOP_2224,2025-01,13,60114,41881,18233,30.33,1.13,1.161,0.122,0.319,0.059,1
SHOP_2225,2025-01,30,29872,18586,11286,37.78,12.44,1.392,0.05,0.267,0.367,1
SHOP_2226,2025-01,6,104894,79589,25305,24.12,14.47,1.122,0.404,0.627,0.146,1
SHOP_2227,2025-01,17,40782,24173,16609,40.73,8.63,3.849,0.068,0.54,0.047,1
SHOP_2228,2025-01,19,337347,237294,100053,29.66,15.27,4.745,0.298,0.357,0.352,1
SHOP_2229,2025-01,35,109027,102560,6467,5.93,4.93,3.613,0.171,0.617,0.35,0
SHOP_2230,2025-01,26,48705,42774,5931,12.18,4.81,4.419,0.113,0.272,0.495,0
SHOP_2231,2025-01,5,47669,25493,22176,46.52,3.65,3.23,0.32,0.759,0.521,0
SHOP_2232,2025-01,29,68524,40826,27698,40.42,7.75,2.0,0.229,0.233,0.509,1
SHOP_2233,2025-01,20,61843,31279,30564,49.42,17.02,2.186,0.2,0.168,0.287,1
SHOP_2234,2025-01,21,159817,146663,13154,8.23,16.64,0.469,0.296,0.748,0.442,0
SHOP_2235,2025-01,10,83324,37928,45396,54.48,7.97,0.254,0.246,0.678,0.404,1
SHOP_2236,2025-01,5,43821,38081,5740,13.1,11.99,3.508,0.152,0.19,0.295,0
SHOP_2237,2025-01,36,274665,267457,7208,2.62,14.56,2.248,0.28,0.128,0.418,0
SHOP_2238,2025-01,6,75699,34168,41531,54.86,5.2,2.806,0.335,0.8,0.663,0
SHOP_2239,2025-01,26,125265,104099,21166,16.9,3.78,2.833,0.013,0.742,0.135,1
SHOP_2240,2025-01,4,47774,29904,17870,37.41,19.46,1.459,0.233,0.324,0.634,0
SHOP_2241,2025-01,35,94295,83579,10716,11.36,12.54,2.432,0.029,0.632,0.037,0
SHOP_2242,2025-01,1,90924,61144,29780,32.75,19.64,2.407,0.093,0.135,0.216,0
SHOP_2243,2025-01,24,19482,9758,9724,49.91,7.09,2.003,0.28,0.492,0.202,1
SHOP_2244,2025-01,36,299747,242886,56861,18.97,14.21,4.121,0.433,0.037,0.438,0
SHOP_2245,2025-01,6,180494,112766,67728,37.52,4.84,2.311,0.441,0.384,0.092,0
SHOP_2246,2025-01,31,55379,48756,6623,11.96,5.59,3.058,0.035,0.09,0.618,0
SHOP_2247,2025-01,20,33807,21936,11871,35.11,10.48,4.488,0.21,0.462,0.58,0
SHOP_2248,2025-01,24,93274,74776,18498,19.83,6.73,4.345,0.292,0.412,0.456,0
SHOP_2249,2025-01,25,77706,67453,10253,13.19,3.77,4.463,0.074,0.433,0.321,1
SHOP_2250,2025-01,36,93805,76359,17446,18.6,5.63,1.423,0.383,0.062,0.653,0
SHOP_2251,2025-01,21,83626,74027,9599,11.48,1.2,0.271,0.372,0.356,0.582,0
SHOP_2252,2025-01,30,104231,52322,51909,49.8,14.24,1.379,0.452,0.724,0.35,1
SHOP_2253,2025-01,24,201413,154985,46428,23.05,10.1,1.466,0.004,0.363,0.491,1
SHOP_2254,2025-01,30,108844,92518,16326,15.0,2.34,4.556,0.108,0.685,0.397,1
SHOP_2255,2025-01,22,35075,26038,9037,25.77,3.85,3.281,0.414,0.364,0.412,1
SHOP_2256,2025-01,28,189813,153771,36042,18.99,2.5,0.5,0.335,0.414,0.232,0
SHOP_2257,2025-01,7,230598,135005,95593,41.45,12.45,0.763,0.447,0.544,0.323,1
SHOP_2258,2025-01,35,600000,279152,320848,53.47,2.34,0.863,0.029,0.904,0.055,1
SHOP_2259,2025-01,28,33308,24909,8399,25.22,15.21,3.189,0.298,0.121,0.25,1
SHOP_2260,2025-01,14,86683,45392,41291,47.63,0.9,3.704,0.285,0.051,0.487,0
SHOP_2261,2025-01,10,17027,11580,5447,31.99,5.36,4.312,0.018,0.585,0.667,0
SHOP_2262,2025-01,16,107711,96581,11130,10.33,17.87,4.709,0.257,0.903,0.674,0
SHOP_2263,2025-01,16,49824,30590,19234,38.6,14.51,1.088,0.305,0.94,0.389,1
SHOP_2264,2025-01,31,281085,198974,82111,29.21,1.92,1.618,0.096,0.47,0.425,1
SHOP_2265,2025-01,25,42522,27009,15513,36.48,16.51,1.278,0.137,0.455,0.13,1
SHOP_2266,2025-01,13,22417,11398,11019,49.15,10.11,1.858,0.32,0.62,0.487,0
SHOP_2267,2025-01,6,52581,39255,13326,25.34,17.01,4.582,0.234,0.537,0.049,1
SHOP_2268,2025-01,9,18346,9217,9129,49.76,12.21,2.918,0.429,0.61,0.199,0
SHOP_2269,2025-01,36,123719,72022,51697,41.79,13.8,3.717,0.171,0.833,0.468,1
SHOP_2270,2025-01,20,17231,12424,4807,27.9,19.87,2.502,0.133,0.714,0.217,0
SHOP_2271,2025-01,18,74602,49259,25343,33.97,5.03,0.241,0.492,0.482,0.035,0
SHOP_2272,2025-01,21,17078,13789,3289,19.26,12.67,0.415,0.456,0.45,0.582,0
SHOP_2273,2025-01,4,58442,26807,31635,54.13,9.48,2.736,0.014,0.615,0.217,0
SHOP_2274,2025-01,33,231044,144704,86340,37.37,1.27,3.622,0.385,0.444,0.044,1
SHOP_2275,2025-01,27,94132,90062,4070,4.32,0.78,1.155,0.055,0.446,0.052,1
SHOP_2276,2025-01,7,39957,32241,7716,19.31,2.82,3.637,0.014,0.035,0.176,0
SHOP_2277,2025-01,6,71550,46482,25068,35.04,13.16,4.072,0.137,0.182,0.125,1
SHOP_2278,2025-01,15,74059,70367,3692,4.99,11.56,2.118,0.135,0.474,0.542,0
SHOP_2279,2025-01,18,101808,98483,3325,3.27,11.29,3.757,0.41,0.785,0.225,1
SHOP_2280,2025-01,32,28091,20829,7262,25.85,1.12,2.08,0.355,0.279,0.563,1
SHOP_2281,2025-01,11,110724,88986,21738,19.63,9.65,3.424,0.491,0.506,0.122,0
SHOP_2282,2025-01,20,11014,8235,2779,25.23,18.53,3.844,0.356,0.341,0.345,1
SHOP_2283,2025-01,24,47055,39563,7492,15.92,8.25,4.96,0.209,0.117,0.482,1
SHOP_2284,2025-01,15,51959,46384,5575,10.73,12.69,1.792,0.349,0.911,0.456,0
SHOP_2285,2025-01,7,113929,70038,43891,38.52,15.71,2.114,0.5,0.815,0.421,1
SHOP_2286,2025-01,21,74298,52549,21749,29.27,15.79,0.912,0.355,0.093,0.647,0
SHOP_2287,2025-01,26,27340,23893,3447,12.61,10.63,1.1,0.381,0.689,0.16,1
SHOP_2288,2025-01,14,36699,29749,6950,18.94,17.23,3.498,0.469,0.343,0.346,0
SHOP_2289,2025-01,21,84042,56001,28041,33.37,8.13,4.594,0.057,0.945,0.619,1
SHOP_2290,2025-01,18,69193,65160,4033,5.83,17.83,2.034,0.352,0.301,0.055,1
SHOP_2291,2025-01,5,48757,43971,4786,9.82,5.18,0.981,0.425,0.242,0.039,0
SHOP_2292,2025-01,3,52230,49158,3072,5.88,5.96,1.497,0.477,0.548,0.163,0
SHOP_2293,2025-01,23,119052,65416,53636,45.05,1.54,2.33,0.105,0.797,0.443,1
SHOP_2294,2025-01,26,50900,29584,21316,41.88,16.01,1.524,0.252,0.199,0.182,1
SHOP_2295,2025-01,24,68757,39930,28827,41.93,8.63,1.245,0.34,0.68,0.133,1
SHOP_2296,2025-01,19,334020,200528,133492,39.97,4.97,3.706,0.124,0.077,0.321,1
SHOP_2297,2025-01,25,26995,16878,10117,37.48,5.02,0.138,0.3,0.875,0.43,1
SHOP_2298,2025-01,21,20004,14547,5457,27.28,18.08,2.742,0.129,0.095,0.174,1
SHOP_2299,2025-01,12,126565,80950,45615,36.04,16.76,3.989,0.167,0.87,0.21,1
SHOP_2300,2025-01,33,45476,43642,1834,4.03,11.29,1.405,0.221,0.476,0.429,0
SHOP_2301,2025-01,4,58526,38078,20448,34.94,12.51,3.056,0.265,0.437,0.662,0
SHOP_2302,2025-01,7,42327,24030,18297,43.23,9.75,3.378,0.225,0.925,0.472,0
SHOP_2303,2025-01,22,60970,43582,17388,28.52,8.14,3.31,0.247,0.941,0.548,0
SHOP_2304,2025-01,33,223905,177001,46904,20.95,18.35,2.285,0.149,0.625,0.257,1
SHOP_2305,2025-01,17,128218,106801,21417,16.7,2.95,1.798,0.079,0.138,0.191,1
SHOP_2306,2025-01,24,133727,85494,48233,36.07,8.66,4.196,0.024,0.491,0.318,0
SHOP_2307,2025-01,34,27137,16630,10507,38.72,7.22,3.816,0.098,0.512,0.565,0
SHOP_2308,2025-01,28,32669,16935,15734,48.16,10.21,1.674,0.291,0.498,0.319,1
SHOP_2309,2025-01,22,10023,8004,2019,20.14,9.42,0.605,0.393,0.55,0.593,0
SHOP_2310,2025-01,17,41499,23738,17761,42.8,10.62,0.452,0.085,0.037,0.692,0
SHOP_2311,2025-01,34,142870,97506,45364,31.75,3.23,0.562,0.054,0.681,0.05,1
SHOP_2312,2025-01,6,105015,53778,51237,48.79,10.51,2.956,0.375,0.683,0.032,1
SHOP_2313,2025-01,6,62626,43854,18772,29.97,5.23,0.353,0.153,0.127,0.105,0
SHOP_2314,2025-01,34,71998,50806,21192,29.43,4.09,1.751,0.476,0.55,0.269,1
SHOP_2315,2025-01,1,45152,30420,14732,32.63,1.76,3.791,0.357,0.549,0.092,0
SHOP_2316,2025-01,10,84401,49194,35207,41.71,15.37,1.542,0.163,0.655,0.609,1
SHOP_2317,2025-01,21,125006,58592,66414,53.13,8.84,3.84,0.145,0.099,0.016,1
SHOP_2318,2025-01,5,23597,22205,1392,5.9,12.72,3.753,0.262,0.603,0.221,0
SHOP_2319,2025-01,2,90197,85839,4358,4.83,14.69,1.305,0.04,0.281,0.129,0
SHOP_2320,2025-01,22,140464,67858,72606,51.69,13.75,3.671,0.059,0.492,0.652,0
SHOP_2321,2025-01,2,54690,38237,16453,30.08,9.67,3.764,0.088,0.739,0.469,1
SHOP_2322,2025-01,10,119431,78120,41311,34.59,8.06,2.048,0.387,0.676,0.638,0
SHOP_2323,2025-01,34,524530,379925,144605,27.57,7.83,1.131,0.257,0.131,0.681,1
SHOP_2324,2025-01,16,67979,63245,4734,6.96,12.98,2.654,0.005,0.57,0.348,0
SHOP_2325,2025-01,22,96309,55177,41132,42.71,10.15,4.615,0.337,0.921,0.164,0
SHOP_2326,2025-01,12,43624,25475,18149,41.6,17.06,3.234,0.212,0.166,0.136,1
SHOP_2327,2025-01,24,83023,67647,15376,18.52,17.56,0.947,0.255,0.813,0.156,1
SHOP_2328,2025-01,10,100931,82531,18400,18.23,3.83,3.446,0.107,0.673,0.496,1
SHOP_2329,2025-01,35,83817,44921,38896,46.41,3.16,2.193,0.276,0.74,0.028,1
SHOP_2330,2025-01,32,35818,33728,2090,5.83,12.79,2.998,0.49,0.282,0.036,0
SHOP_2331,2025-01,7,84495,43347,41148,48.7,6.37,3.697,0.037,0.288,0.426,0
SHOP_2332,2025-01,21,203524,171768,31756,15.6,0.86,2.623,0.142,0.863,0.449,0
SHOP_2333,2025-01,20,100112,66646,33466,33.43,17.83,4.089,0.121,0.355,0.466,0
SHOP_2334,2025-01,26,143400,69395,74005,51.61,4.92,3.639,0.124,0.079,0.26,1
SHOP_2335,2025-01,4,61951,38446,23505,37.94,18.62,3.114,0.189,0.579,0.564,0
SHOP_2336,2025-01,22,123615,93991,29624,23.96,14.49,0.839,0.409,0.136,0.374,1
SHOP_2337,2025-01,15,88920,54646,34274,38.55,15.37,4.196,0.456,0.761,0.074,0
SHOP_2338,2025-01,21,37585,29981,7604,20.23,4.43,4.686,0.101,0.617,0.558,0
SHOP_2339,2025-01,15,91397,76139,15258,16.69,5.07,0.771,0.271,0.833,0.667,0
SHOP_2340,2025-01,22,36527,16501,20026,54.82,10.66,2.492,0.318,0.75,0.042,1
SHOP_2341,2025-01,28,46957,27333,19624,41.79,3.86,1.369,0.261,0.124,0.274,1
SHOP_2342,2025-01,14,83494,53294,30200,36.17,6.46,3.797,0.217,0.374,0.341,0
SHOP_2343,2025-01,27,90046,71289,18757,20.83,6.77,3.636,0.096,0.74,0.103,0
SHOP_2344,2025-01,28,31810,30345,1465,4.61,3.61,0.79,0.244,0.408,0.607,0
SHOP_2345,2025-01,26,152938,147362,5576,3.65,4.5,4.397,0.201,0.924,0.199,1
SHOP_2346,2025-01,2,109142,74902,34240,31.37,15.88,0.987,0.398,0.704,0.548,0
SHOP_2347,2025-01,25,44654,25726,18928,42.39,3.76,4.007,0.382,0.034,0.47,1
SHOP_2348,2025-01,3,24927,17329,7598,30.48,1.05,2.339,0.067,0.838,0.419,1
SHOP_2349,2025-01,8,66076,35310,30766,46.56,12.77,1.709,0.044,0.114,0.134,1
SHOP_2350,2025-01,33,53522,51503,2019,3.77,19.53,0.875,0.454,0.151,0.154,1
SHOP_2351,2025-01,35,79158,62188,16970,21.44,6.96,0.921,0.268,0.703,0.033,1
SHOP_2352,2025-01,6,56716,48455,8261,14.56,2.81,3.343,0.429,0.824,0.168,0
SHOP_2353,2025-01,23,17940,13328,4612,25.71,11.62,2.797,0.029,0.519,0.242,0
SHOP_2354,2025-01,25,55723,52471,3252,5.84,18.17,0.698,0.263,0.289,0.583,1
SHOP_2355,2025-01,19,59046,28006,31040,52.57,15.79,0.652,0.27,0.347,0.256,1
SHOP_2356,2025-01,5,113955,98192,15763,13.83,12.64,0.454,0.43,0.339,0.528,0
SHOP_2357,2025-01,11,44858,22033,22825,50.88,6.64,3.744,0.049,0.324,0.308,1
SHOP_2358,2025-01,12,236824,178631,58193,24.57,11.07,3.588,0.12,0.246,0.549,1
SHOP_2359,2025-01,10,19184,8780,10404,54.23,2.28,0.386,0.203,0.586,0.683,1
SHOP_2360,2025-01,8,183105,125674,57431,31.37,13.74,2.845,0.433,0.857,0.168,0
SHOP_2361,2025-01,24,62503,30418,32085,51.33,14.64,0.515,0.469,0.306,0.604,1
SHOP_2362,2025-01,28,133480,130432,3048,2.28,19.32,4.528,0.496,0.194,0.435,0
SHOP_2363,2025-01,36,77332,45118,32214,41.66,5.58,4.545,0.48,0.8,0.572,1
SHOP_2364,2025-01,21,162379,81414,80965,49.86,0.86,3.521,0.003,0.71,0.456,1
SHOP_2365,2025-01,8,55762,50517,5245,9.41,11.14,4.638,0.024,0.886,0.297,0
SHOP_2366,2025-01,9,33893,31488,2405,7.09,14.28,4.076,0.074,0.174,0.16,0
SHOP_2367,2025-01,15,197670,149236,48434,24.5,15.91,4.16,0.174,0.154,0.049,1
SHOP_2368,2025-01,18,67546,32770,34776,51.48,4.28,2.892,0.415,0.524,0.375,1
SHOP_2369,2025-01,20,85399,59142,26257,30.75,5.6,1.6,0.446,0.591,0.693,1
SHOP_2370,2025-01,6,173568,121575,51993,29.96,10.5,1.167,0.093,0.467,0.517,0
SHOP_2371,2025-01,12,35512,32146,3366,9.48,6.95,1.703,0.31,0.577,0.229,1
SHOP_2372,2025-01,2,110951,108686,2265,2.04,17.28,3.18,0.459,0.188,0.579,0
SHOP_2373,2025-01,7,48391,26645,21746,44.94,9.74,0.946,0.232,0.466,0.538,1
SHOP_2374,2025-01,16,66668,62240,4428,6.64,16.09,1.367,0.052,0.632,0.197,0
SHOP_2375,2025-01,3,76926,49545,27381,35.59,11.82,2.393,0.229,0.422,0.01,1
SHOP_2376,2025-01,3,25587,12672,12915,50.47,15.58,1.242,0.188,0.652,0.083,1
SHOP_2377,2025-01,27,42396,36860,5536,13.06,6.99,2.984,0.289,0.44,0.614,1
SHOP_2378,2025-01,33,188292,118135,70157,37.26,16.71,4.624,0.219,0.33,0.586,1
SHOP_2379,2025-01,28,135990,127598,8392,6.17,5.85,3.766,0.009,0.302,0.207,0
SHOP_2380,2025-01,1,69993,46196,23797,34.0,11.15,3.365,0.497,0.402,0.2,0
SHOP_2381,2025-01,8,86698,77431,9267,10.69,4.67,2.955,0.272,0.041,0.555,0
SHOP_2382,2025-01,32,59518,35112,24406,41.01,9.77,2.491,0.237,0.642,0.656,1
SHOP_2383,2025-01,4,189020,155062,33958,17.97,6.7,1.014,0.477,0.806,0.545,0
SHOP_2384,2025-01,30,63561,46679,16882,26.56,5.7,4.484,0.078,0.35,0.424,1
SHOP_2385,2025-01,6,86016,56969,29047,33.77,19.36,1.318,0.095,0.063,0.17,0
SHOP_2386,2025-01,19,163117,145048,18069,11.08,3.62,0.547,0.404,0.938,0.368,0
SHOP_2387,2025-01,32,42440,24909,17531,41.31,15.85,3.775,0.13,0.265,0.163,1
SHOP_2388,2025-01,9,217761,178477,39284,18.04,19.69,0.961,0.4,0.138,0.566,0
SHOP_2389,2025-01,12,25051,15756,9295,37.11,0.89,1.922,0.136,0.364,0.271,1
SHOP_2390,2025-01,11,228833,205060,23773,10.39,14.13,0.239,0.017,0.707,0.584,0
SHOP_2391,2025-01,16,56338,34665,21673,38.47,5.43,0.772,0.259,0.293,0.267,0
SHOP_2392,2025-01,1,61704,56278,5426,8.79,1.29,0.949,0.098,0.554,0.577,0
SHOP_2393,2025-01,21,19477,14697,4780,24.54,8.36,0.367,0.379,0.406,0.233,0
SHOP_2394,2025-01,30,53191,45158,8033,15.1,18.74,3.318,0.321,0.13,0.308,0
SHOP_2395,2025-01,13,35318,20603,14715,41.66,0.73,4.201,0.462,0.327,0.431,0
SHOP_2396,2025-01,34,47794,40201,7593,15.89,11.96,1.929,0.391,0.694,0.049,1
SHOP_2397,2025-01,4,66429,34057,32372,48.73,10.28,4.385,0.09,0.589,0.664,0
SHOP_2398,2025-01,28,142979,72538,70441,49.27,17.53,1.145,0.4,0.131,0.402,1
SHOP_2399,2025-01,31,84569,74073,10496,12.41,2.14,1.694,0.321,0.172,0.355,0
SHOP_2400,2025-01,27,90706,59382,31324,34.53,13.79,0.839,0.334,0.616,0.588,0
SHOP_2401,2025-01,5,33967,31709,2258,6.65,13.76,3.141,0.416,0.776,0.606,0
SHOP_2402,2025-01,25,39477,30495,8982,22.75,13.55,2.157,0.287,0.345,0.366,0
SHOP_2403,2025-01,3,257586,155051,102535,39.81,18.88,3.105,0.233,0.574,0.649,0
SHOP_2404,2025-01,33,43711,27560,16151,36.95,16.55,3.832,0.318,0.179,0.045,0
SHOP_2405,2025-01,4,233129,151279,81850,35.11,1.32,2.774,0.149,0.31,0.079,0
SHOP_2406,2025-01,25,61689,51217,10472,16.97,9.69,3.175,0.091,0.039,0.418,1
SHOP_2407,2025-01,20,73248,57108,16140,22.04,8.26,4.683,0.308,0.734,0.248,1
SHOP_2408,2025-01,34,154702,143167,11535,7.46,6.55,1.565,0.117,0.393,0.325,1
SHOP_2409,2025-01,26,178140,106691,71449,40.11,9.3,1.86,0.04,0.779,0.23,1
SHOP_2410,2025-01,5,67672,48246,19426,28.71,7.99,3.617,0.0,0.679,0.283,0
SHOP_2411,2025-01,35,55728,33679,22049,39.56,8.93,3.095,0.304,0.791,0.576,1
SHOP_2412,2025-01,28,70323,59638,10685,15.19,19.6,0.975,0.181,0.286,0.415,0
SHOP_2413,2025-01,29,92649,74865,17784,19.2,2.23,1.943,0.376,0.192,0.698,0
SHOP_2414,2025-01,9,136477,109573,26904,19.71,18.48,2.392,0.188,0.924,0.551,0
SHOP_2415,2025-01,6,73347,70879,2468,3.36,9.86,2.155,0.243,0.687,0.192,0
SHOP_2416,2025-01,19,112783,90141,22642,20.08,12.66,0.974,0.204,0.796,0.185,1
SHOP_2417,2025-01,11,230234,127607,102627,44.58,16.69,4.63,0.325,0.032,0.235,0
SHOP_2418,2025-01,2,95503,48175,47328,49.56,7.53,3.835,0.178,0.35,0.59,0
SHOP_2419,2025-01,9,90958,64157,26801,29.47,8.89,2.459,0.482,0.711,0.019,0
SHOP_2420,2025-01,21,25255,18653,6602,26.14,8.49,3.432,0.468,0.093,0.161,1
SHOP_2421,2025-01,24,11597,11176,421,3.63,7.81,4.497,0.424,0.548,0.633,1
SHOP_2422,2025-01,34,95977,49334,46643,48.6,18.55,0.767,0.46,0.419,0.448,1
SHOP_2423,2025-01,22,68434,66593,1841,2.69,16.66,1.327,0.225,0.036,0.159,1
SHOP_2424,2025-01,3,51004,24445,26559,52.07,2.63,2.759,0.268,0.239,0.153,1
SHOP_2425,2025-01,12,86723,62503,24220,27.93,2.61,4.015,0.371,0.285,0.604,0
SHOP_2426,2025-01,28,70103,55997,14106,20.12,8.84,0.278,0.348,0.124,0.626,0
SHOP_2427,2025-01,30,161046,78939,82107,50.98,2.42,4.922,0.445,0.607,0.179,0
SHOP_2428,2025-01,26,77674,75116,2558,3.29,12.57,2.329,0.358,0.245,0.294,0
SHOP_2429,2025-01,21,43354,29127,14227,32.82,3.3,1.86,0.499,0.278,0.584,0
SHOP_2430,2025-01,28,146256,100780,45476,31.09,10.69,1.534,0.174,0.855,0.54,1
SHOP_2431,2025-01,26,62819,54261,8558,13.62,0.64,0.954,0.416,0.454,0.57,0
SHOP_2432,2025-01,33,105723,79577,26146,24.73,6.67,3.979,0.349,0.385,0.363,1
SHOP_2433,2025-01,21,52356,33209,19147,36.57,13.71,4.782,0.346,0.693,0.638,1
SHOP_2434,2025-01,35,46403,27592,18811,40.54,9.94,2.127,0.163,0.866,0.228,1
SHOP_2435,2025-01,34,77569,75988,1581,2.04,19.58,4.767,0.393,0.043,0.11,0
SHOP_2436,2025-01,18,73790,35675,38115,51.65,17.55,4.137,0.45,0.437,0.496,1
SHOP_2437,2025-01,11,102322,91353,10969,10.72,7.5,2.457,0.109,0.588,0.378,1
SHOP_2438,2025-01,23,60594,51881,8713,14.38,1.39,3.403,0.313,0.316,0.598,0
SHOP_2439,2025-01,22,20222,16994,3228,15.96,16.99,2.231,0.196,0.738,0.057,1
SHOP_2440,2025-01,17,54017,51854,2163,4.0,18.27,2.838,0.495,0.923,0.591,1
SHOP_2441,2025-01,5,127475,116612,10863,8.52,16.5,0.384,0.239,0.897,0.205,0
SHOP_2442,2025-01,11,59387,27154,32233,54.28,3.0,3.512,0.114,0.267,0.458,0
SHOP_2443,2025-01,30,61545,50032,11513,18.71,19.96,0.359,0.191,0.23,0.028,1
SHOP_2444,2025-01,15,145869,134038,11831,8.11,5.54,4.104,0.327,0.91,0.427,0
SHOP_2445,2025-01,27,44428,41020,3408,7.67,14.62,4.142,0.038,0.447,0.502,0
SHOP_2446,2025-01,35,24836,14869,9967,40.13,18.21,1.262,0.302,0.214,0.258,1
SHOP_2447,2025-01,33,65353,34446,30907,47.29,5.1,1.686,0.466,0.678,0.151,1
SHOP_2448,2025-01,20,52108,43970,8138,15.62,18.21,2.458,0.425,0.285,0.376,0
SHOP_2449,2025-01,16,37184,36028,1156,3.11,6.53,3.024,0.034,0.269,0.583,0
SHOP_2450,2025-01,34,64682,55741,8941,13.82,19.54,1.508,0.497,0.838,0.226,1
SHOP_2451,2025-01,2,103162,98009,5153,5.0,5.98,3.003,0.349,0.171,0.177,0
SHOP_2452,2025-01,35,72656,67221,5435,7.48,19.09,1.559,0.081,0.08,0.195,1
SHOP_2453,2025-01,28,90661,68114,22547,24.87,1.54,0.372,0.006,0.27,0.664,0
SHOP_2454,2025-01,6,260247,223329,36918,14.19,14.33,0.112,0.086,0.584,0.251,0
SHOP_2455,2025-01,9,57526,40645,16881,29.35,10.88,0.596,0.419,0.134,0.003,0
SHOP_2456,2025-01,20,88862,75146,13716,15.44,9.82,3.982,0.011,0.459,0.547,0
SHOP_2457,2025-01,1,51203,24655,26548,51.85,4.86,4.811,0.117,0.603,0.489,1
SHOP_2458,2025-01,8,40439,20213,20226,50.02,14.26,2.192,0.379,0.809,0.09,1
SHOP_2459,2025-01,23,48560,33001,15559,32.04,4.22,2.612,0.293,0.234,0.689,0
SHOP_2460,2025-01,3,52306,41434,10872,20.78,11.28,0.82,0.391,0.78,0.426,1
SHOP_2461,2025-01,4,94055,73174,20881,22.2,5.44,2.8,0.373,0.238,0.351,0
SHOP_2462,2025-01,25,378645,288421,90224,23.83,19.13,0.809,0.025,0.649,0.268,1
SHOP_2463,2025-01,15,44301,26332,17969,40.56,1.06,3.095,0.446,0.421,0.629,0
SHOP_2464,2025-01,21,54631,40461,14170,25.94,4.39,4.673,0.114,0.127,0.171,1
SHOP_2465,2025-01,35,69969,36799,33170,47.41,5.23,1.059,0.277,0.684,0.2,1
SHOP_2466,2025-01,14,96477,46273,50204,52.04,8.57,3.846,0.322,0.223,0.086,1
SHOP_2467,2025-01,36,87947,70529,17418,19.81,5.04,0.215,0.084,0.184,0.531,0
SHOP_2468,2025-01,12,179668,122683,56985,31.72,10.08,1.94,0.488,0.353,0.417,0
SHOP_2469,2025-01,17,13380,12438,942,7.04,17.51,0.643,0.244,0.628,0.426,0
SHOP_2470,2025-01,9,13755,12018,1737,12.62,14.39,1.827,0.029,0.238,0.153,0
SHOP_2471,2025-01,35,51683,39324,12359,23.91,11.81,0.95,0.469,0.191,0.456,1
SHOP_2472,2025-01,13,157646,137264,20382,12.93,2.24,1.929,0.293,0.029,0.536,0
SHOP_2473,2025-01,15,24442,12598,11844,48.46,14.03,2.146,0.35,0.459,0.251,1
SHOP_2474,2025-01,18,8908,7983,925,10.39,3.75,1.573,0.263,0.419,0.561,1
SHOP_2475,2025-01,33,109079,80555,28524,26.15,15.83,3.317,0.417,0.237,0.244,0
SHOP_2476,2025-01,6,86730,57153,29577,34.1,5.38,4.602,0.017,0.07,0.531,1
SHOP_2477,2025-01,27,34093,20910,13183,38.67,8.63,2.063,0.134,0.419,0.024,1
SHOP_2478,2025-01,23,36685,28503,8182,22.3,7.33,1.042,0.235,0.753,0.386,1
SHOP_2479,2025-01,27,37093,19265,17828,48.06,17.25,1.427,0.038,0.685,0.679,1
SHOP_2480,2025-01,34,79014,53634,25380,32.12,2.97,4.285,0.353,0.821,0.687,0
SHOP_2481,2025-01,14,47173,35241,11932,25.29,11.53,2.901,0.197,0.029,0.197,0
SHOP_2482,2025-01,36,103347,97597,5750,5.56,3.27,2.33,0.136,0.919,0.309,1
SHOP_2483,2025-01,8,9915,7275,2640,26.63,14.24,0.833,0.002,0.338,0.044,0
SHOP_2484,2025-01,35,40143,21878,18265,45.5,18.15,2.304,0.36,0.941,0.611,1
SHOP_2485,2025-01,19,33248,21754,11494,34.57,8.97,1.465,0.417,0.255,0.398,1
SHOP_2486,2025-01,30,61118,32940,28178,46.1,10.02,4.721,0.198,0.459,0.27,1
SHOP_2487,2025-01,14,50180,36038,14142,28.18,18.58,4.432,0.282,0.349,0.079,1
SHOP_2488,2025-01,20,127834,117251,10583,8.28,10.66,0.511,0.114,0.351,0.663,0
SHOP_2489,2025-01,25,19900,19358,542,2.72,10.01,2.632,0.311,0.803,0.371,0
SHOP_2490,2025-01,24,75497,61854,13643,18.07,11.78,1.203,0.006,0.714,0.198,1
SHOP_2491,2025-01,14,108103,65950,42153,38.99,13.94,2.113,0.244,0.943,0.245,1
SHOP_2492,2025-01,26,268244,150528,117716,43.88,2.58,4.397,0.322,0.591,0.189,1
SHOP_2493,2025-01,23,52196,42970,9226,17.67,16.51,2.685,0.459,0.451,0.421,0
SHOP_2494,2025-01,22,91777,65832,25945,28.27,8.99,1.738,0.191,0.104,0.651,0
SHOP_2495,2025-01,19,20688,15657,5031,24.32,1.91,1.119,0.383,0.947,0.6,0
SHOP_2496,2025-01,3,13707,10451,3256,23.76,15.83,4.022,0.299,0.533,0.322,0
SHOP_2497,2025-01,19,132104,113264,18840,14.26,7.85,3.16,0.464,0.671,0.579,0
SHOP_2498,2025-01,9,72846,66124,6722,9.23,2.46,2.394,0.199,0.398,0.296,1
SHOP_2499,2025-01,28,166868,146135,20733,12.42,12.86,1.166,0.16,0.529,0.177,1
